GEM location ID,bus_id
L100000103499,way/58928252-400
L100000103515,way/124121964-220
L100000103513,way/104370242-220
L100000103500,way/58928252-400
L100000103495,way/1262731213-220
L100000103503,way/58928252-400
L100000200229,way/58928252-400
L100000200230,way/104370242-220
L100000200239,way/58928252-400
L100000200300,way/124121964-220
L100000201204,way/170424446-400
L100000201205,way/171560239-220
L100000201207,way/156435509
L100000201208,ES37-400
L100000201209,way/104370242-220
L100000201211,way/202891403-220
L100000400644,way/28308003-220
L100000400645,way/28308003-220
L100000400646,way/28308003-220
L100000103493,way/1262731213-220
L100000400648,way/202891403-220
L100000400649,way/1262731213-220
L100000400652,ES37-400
L100000400655,way/202891403-220
L100000400656,way/124121964-220
L100000400657,way/124121964-220
L100000400658,way/124121964-220
L100000400659,way/124121964-220
L100000400660,way/1262731213-220
L100000400662,way/171251565-400
L100000400665,way/171251565-400
L100000400666,ES37-400
L100000400670,way/156435509
L100000400672,way/127787669-400
L100000400673,way/127787669-400
L100000400674,way/170424446-400
L100000400675,way/85817084-400
L100000400676,way/171251565-400
L100000400679,way/202891403-220
L100000400680,way/127787669-400
L100000400682,way/171251565-400
L100000400683,way/127787669-400
L100000400684,way/28308003-220
L100000400685,way/202891403-220
L100000400686,relation/17148268-400
L100000400687,way/28308003-220
L100000400688,way/1262731213-220
L100000400689,way/124121964-220
L100000400690,way/48304858-220
L100000400691,way/85817084-400
L100000400692,way/171560239-220
L100000400693,way/58928252-400
L100000400694,way/202891403-220
L100000400695,way/170424446-400
L100000400698,way/28308003-220
L100000400700,way/124121964-220
L100000400701,way/124121964-220
L100000400703,way/1262731213-220
L100000400705,way/170424446-400
L100000400706,way/127787669-400
L100000400707,way/104370242-220
L100000400708,way/156435509
L100000400711,way/1262731213-220
L100000400712,way/1262731213-220
L100000400713,way/202891403-220
L100000400714,way/171560239-220
L100000400715,way/48304858-220
L100000400718,way/127787669-400
L100000400719,way/28308003-220
L100000401440,way/256334221
L100000401419,way/124121964-220
L100000401420,way/124121964-220
L100000407619,way/127787669-400
L100000407613,ES37-400
L100000407614,way/170424446-400
L100000407783,way/171251565-400
L100000407784,way/1262731213-220
L100000407785,way/170424446-400
L100000407786,way/28308003-220
L100000407787,way/127787669-400
L100000407780,way/156435509
L100000407781,way/171251565-400
L100000407782,way/104370242-220
L100000407939,way/156435509
L100000408746,way/124121964-220
L100000408747,way/171560239-220
L100000408890,way/171251565-400
L100000408749,way/124121964-220
L100000408750,way/170424446-400
L100000408751,way/1262731213-220
L100000408752,way/104370242-220
L100000408753,way/170424446-400
L100000408754,way/170424446-400
L100000408755,way/202891403-220
L100000408756,way/124121964-220
L100000408757,way/1262731213-220
L100000408758,way/170424446-400
L100000408759,way/170424446-400
L100000500081,way/156435509
L100000500105,way/28308003-220
L100000500113,relation/17148268-400
L100000500114,way/28308003-220
L100000500115,way/127787669-400
L100000603341,way/48304858-220
L100000603342,way/48304858-220
L100000603343,relation/17294958-220
L100000603344,relation/17294958-220
L100000603345,relation/17148268-400
L100000603346,way/202891403-220
L100000603347,way/104370242-220
L100000603349,way/28308003-220
L100000603350,way/1154224087-225
L100000603351,way/28308003-220
L100000603352,way/135457230-400
L100000603353,relation/17294958-220
L100000603354,way/170424446-400
L100000603355,relation/17148268-400
L100000603356,way/156435509
L100000603357,way/156435509
L100000603358,way/58928252-400
L100000603359,way/58928252-400
L100000603360,way/156435509
L100000603361,way/156435509
L100000603362,way/1154224087-225
L100000603363,way/1154224087-225
L100000603364,way/135457230-400
L100000603365,relation/17148268-400
L100000603366,way/170424447-400
L100000603367,ES37-400
L100000603368,way/1262731213-220
L100000603369,way/84526032-400
L100000603370,way/156435509
L100000603371,way/58928252-400
L100000603372,way/58928252-400
L100000603373,way/135457230-400
L100000603375,way/127787669-400
L100000603376,way/1154224087-225
L100000603377,way/1154224087-225
L100000603378,way/58928252-400
L100000603379,way/104370242-220
L100000603380,way/58928252-400
L100000603381,way/127787669-400
L100000603382,relation/17294958-220
L100000603383,relation/17294958-220
L100000603384,way/58928252-400
L100000603385,way/58928252-400
L100000603386,way/58928252-400
L100000603388,way/58928252-400
L100000603389,way/256334221
L100000603390,way/1262731213-220
L100000603391,way/104370242-220
L100000603392,way/85817084-400
L100000603393,way/1154224087-225
L100000603394,relation/17148268-400
L100000603395,relation/17148268-400
L100000603396,way/171560239-220
L100000603397,way/135457230-400
L100000603398,relation/17294958-220
L100000603399,relation/17294958-220
L100000604104,way/84526032-400
L100000604105,relation/17294958-220
L100000604106,relation/17294958-220
L100000603348,way/104370242-220
L100000604224,way/127787669-400
L100000603374,way/135457230-400
L100000604329,way/127787669-400
L100000603387,way/58928252-400
L100000805692,way/171251565-400
L100000805698,way/170424446-400
L100000805699,way/170424447-400
L100000805700,way/127787669-400
L100000805701,way/144767090-400
L100000805702,way/170424447-400
L100000805709,way/28308003-220
L100000805711,relation/17148268-400
L100000805713,relation/17148268-400
L100000805715,way/170424447-400
L100000805740,way/171251565-400
L100000805764,way/171251565-400
L100000805765,way/171251565-400
L100000805766,way/171251565-400
L100000805767,way/171251565-400
L100000805768,way/171251565-400
L100000805769,way/171251565-400
L100000805770,relation/17148268-400
L100000805771,way/171251565-400
L100000805776,way/170424447-400
L100000805777,way/127787669-400
L100000805779,relation/17148268-400
L100000805780,way/144767090-400
L100000805781,way/144767090-400
L100000805782,way/144767090-400
L100000805783,way/144767090-400
L100000805784,way/144767090-400
L100000805785,way/144767090-400
L100000805786,way/144767090-400
L100000805787,way/144767090-400
L100000805788,way/170424447-400
L100000805792,way/144767090-400
L100000805793,way/170424447-400
L100000805794,way/1262731213-220
L100000805795,way/170424447-400
L100000805796,way/170424447-400
L100000805797,way/171251565-400
L100000805815,relation/17148268-400
L100000805818,way/28308003-220
L100000805828,way/170424447-400
L100000805829,relation/17148268-400
L100000805835,relation/17148268-400
L100000805836,way/144767090-400
L100000805847,way/28308003-220
L100000805850,way/170424447-400
L100000805851,way/171560239-220
L100000805852,way/170424446-400
L100000805856,way/144767090-400
L100000805860,way/156435509
L100000805862,way/144767090-400
L100000805863,way/127787669-400
L100000805864,relation/17148268-400
L100000805865,way/84526032-400
L100000805866,relation/17294958-220
L100000805867,relation/17148268-400
L100000805868,way/171251565-400
L100000805869,way/156435509
L100000805870,way/156435509
L100000805871,way/28308003-220
L100000805872,way/85817084-400
L100000805873,relation/17294958-220
L100000805874,way/171251565-400
L100000805875,way/171560239-220
L100000805876,way/170424446-400
L100000805877,relation/17148268-400
L100000805878,way/28308003-220
L100000805879,way/28308003-220
L100000805901,relation/17148268-400
L100000805902,relation/17148268-400
L100000805905,way/28308003-220
L100000805906,way/171560239-220
L100000805907,way/171560239-220
L100000805915,way/144767090-400
L100000805916,way/127787669-400
L100000805917,way/1262731213-220
L100000805918,way/127787669-400
L100000805919,way/170424447-400
L100000805935,way/127787669-400
L100000805936,way/171560239-220
L100000805937,way/171560239-220
L100000805938,way/1262731213-220
L100000805939,way/144767090-400
L100000805940,way/171560239-220
L100000805943,way/170424446-400
L100000805944,way/171251565-400
L100000805945,way/171560239-220
L100000805954,way/144767090-400
L100000805956,way/170424447-400
L100000805957,way/170424447-400
L100000805958,way/170424447-400
L100000805959,way/170424447-400
L100000805960,relation/17148268-400
L100000805961,way/28308003-220
L100000805962,way/85817084-400
L100000805963,relation/17294958-220
L100000805964,way/85817084-400
L100000805965,relation/17148268-400
L100000805966,way/127787669-400
L100000805967,way/85817084-400
L100000805968,way/85817084-400
L100000805969,relation/17148268-400
L100000805971,way/85817084-400
L100000805977,way/85817084-400
L100000805988,relation/17148268-400
L100000805991,way/28308003-220
L100000805992,way/144767090-400
L100000805993,way/170424447-400
L100000805994,way/170424447-400
L100000805998,way/171560239-220
L100000806004,way/171560239-220
L100000806007,ES37-400
L100000806033,way/171251565-400
L100000806034,way/28308003-220
L100000806036,way/144767090-400
L100000806037,way/170424447-400
L100000806182,way/171251565-400
L100000806340,way/156435509
L100000806417,way/28308003-220
L100000806566,way/127787669-400
L100000806603,way/1262731213-220
L100000806724,way/171251565-400
L100000806930,relation/17148268-400
L100000824285,way/85817084-400
L100000824286,way/28308003-220
L100000824287,way/127787669-400
L100000824288,way/28308003-220
L100000824289,way/127787669-400
L100000824291,way/28308003-220
L100000824292,way/28308003-220
L100000824293,way/170424447-400
L100000824294,way/1262731213-220
L100000824295,way/144767090-400
L100000824296,way/1262731213-220
L100000824297,way/144767090-400
L100000824298,way/28308003-220
L100000824299,way/28308003-220
L100000824300,way/171251565-400
L100000824301,way/28308003-220
L100000824302,way/1262731213-220
L100000824303,relation/17148268-400
L100000824304,way/28308003-220
L100000824305,way/171560239-220
L100000824306,way/28308003-220
L100000824307,way/170424447-400
L100000824308,way/85817084-400
L100000824310,way/202891403-220
L100000824311,way/127787669-400
L100000824312,way/127787669-400
L100000824313,way/85817084-400
L100000824314,way/171560239-220
L100000824315,way/1262731213-220
L100000824316,way/170424447-400
L100000824317,way/170424447-400
L100000824318,way/171560239-220
L100000824319,way/171251565-400
L100000824320,relation/17148268-400
L100000824321,way/124121964-220
L100000824322,way/171251565-400
L100000824323,way/28308003-220
L100000824324,way/28308003-220
L100000824325,way/28308003-220
L100000824326,way/127787669-400
L100000824327,way/127787669-400
L100000824328,relation/17148268-400
L100000824329,way/28308003-220
L100000824330,way/1262731213-220
L100000824331,way/28308003-220
L100000824332,way/1262731213-220
L100000824333,way/28308003-220
L100000824334,way/85817084-400
L100000824335,way/170424447-400
L100000824338,way/28308003-220
L100000824339,way/85817084-400
L100000824340,way/28308003-220
L100000824341,way/85817084-400
L100000824342,way/28308003-220
L100000824343,way/1262731213-220
L100000824344,way/1262731213-220
L100000824345,way/171560239-220
L100000824346,way/171560239-220
L100000824347,way/171560239-220
L100000824348,way/171251565-400
L100000824349,way/1262731213-220
L100000824350,way/28308003-220
L100000824351,way/85817084-400
L100000824352,way/58928252-400
L100000824353,way/156435509
L100000824354,way/1262731213-220
L100000824355,way/1262731213-220
L100000824356,way/1262731213-220
L100000824357,relation/17148268-400
L100000824358,way/170424447-400
L100000824359,way/1262731213-220
L100000824360,relation/17294958-220
L100000824361,way/85817084-400
L100000824362,relation/17148268-400
L100000824363,way/85817084-400
L100000824364,way/171560239-220
L100000824365,way/144767090-400
L100000824366,way/28308003-220
L100000824367,way/127787669-400
L100000824368,way/28308003-220
L100000824369,way/170424446-400
L100000824370,way/171251565-400
L100000824371,way/171251565-400
L100000824372,way/1262731213-220
L100000824373,way/28308003-220
L100000824374,way/171560239-220
L100000824375,way/170424447-400
L100000824376,relation/17148268-400
L100000824377,way/48304858-220
L100000824379,way/28308003-220
L100000824380,way/1154224087-225
L100000824381,way/127787669-400
L100000824382,way/156435509
L100000824383,relation/17148268-400
L100000824384,way/127787669-400
L100000824385,way/171251565-400
L100000824386,way/171251565-400
L100000824387,way/28308003-220
L100000824388,way/124121964-220
L100000824389,way/1262731213-220
L100000824390,way/28308003-220
L100000824391,way/28308003-220
L100000824392,way/171251565-400
L100000824393,way/127787669-400
L100000824394,way/28308003-220
L100000824395,way/28308003-220
L100000824396,way/28308003-220
L100000824397,way/28308003-220
L100000824398,relation/17148268-400
L100000824399,relation/17148268-400
L100000824400,way/1262731213-220
L100000824401,way/1262731213-220
L100000824402,way/171560239-220
L100000824403,relation/17148268-400
L100000824404,way/127787669-400
L100000824405,way/28308003-220
L100000824406,way/171251565-400
L100000824407,way/1262731213-220
L100000824408,relation/17148268-400
L100000824409,way/144767090-400
L100000824410,way/171251565-400
L100000824411,ES37-400
L100000824412,way/170424446-400
L100000824413,way/156435509
L100000824414,relation/17148268-400
L100000824415,relation/17148268-400
L100000824416,way/127787669-400
L100000824417,way/127787669-400
L100000824418,way/28308003-220
L100000824419,way/171251565-400
L100000824420,way/28308003-220
L100000824421,way/28308003-220
L100000824422,way/171251565-400
L100000824423,way/28308003-220
L100000824424,way/170424447-400
L100000824425,way/144767090-400
L100000824426,way/144767090-400
L100000824427,way/144767090-400
L100000824429,way/127787669-400
L100000824430,way/85817084-400
L100000824431,way/170424447-400
L100000824432,way/1262731213-220
L100000824434,relation/17148268-400
L100000824435,way/28308003-220
L100000824436,relation/17148268-400
L100000824437,way/171560239-220
L100000824438,relation/17148268-400
L100000824439,way/28308003-220
L100000824440,way/171560239-220
L100000824441,way/85817084-400
L100000824442,way/127787669-400
L100000824443,way/85817084-400
L100000824444,way/1262731213-220
L100000824445,way/84526032-400
L100000824446,way/28308003-220
L100000824447,way/127787669-400
L100000824448,way/144767090-400
L100000824449,way/127787669-400
L100000824450,way/127787669-400
L100000824451,way/28308003-220
L100000824452,way/28308003-220
L100000824453,way/171251565-400
L100000824454,way/1262731213-220
L100000824455,way/171560239-220
L100000824456,way/28308003-220
L100000824457,way/1262731213-220
L100000824458,way/28308003-220
L100000824459,way/28308003-220
L100000824460,way/28308003-220
L100000824461,way/28308003-220
L100000824462,way/28308003-220
L100000824463,way/28308003-220
L100000824464,way/170424446-400
L100000824465,way/127787669-400
L100000824467,ES37-400
L100000824468,way/124121964-220
L100000824471,ES37-400
L100000824472,way/28308003-220
L100000824473,way/171251565-400
L100000824474,way/156435509
L100000824475,way/1154224087-225
L100000824476,way/1262731213-220
L100000824477,way/1262731213-220
L100000824478,way/28308003-220
L100000824479,way/28308003-220
L100000824480,way/28308003-220
L100000824481,way/144767090-400
L100000824482,way/28308003-220
L100000824483,way/1262731213-220
L100000824484,way/171560239-220
L100000824485,way/28308003-220
L100000824486,way/85817084-400
L100000824487,way/85817084-400
L100000824488,way/85817084-400
L100000824489,way/1154224087-225
L100000824490,way/28308003-220
L100000824491,way/85817084-400
L100000824492,way/28308003-220
L100000824493,way/170424447-400
L100000824494,way/28308003-220
L100000824495,way/171251565-400
L100000824496,way/202891403-220
L100000824497,way/202891403-220
L100000824498,way/127787669-400
L100000824500,way/171560239-220
L100000824501,way/171560239-220
L100000824502,way/28308003-220
L100000824503,way/127787669-400
L100000824504,way/170424447-400
L100000824505,way/144767090-400
L100000824506,way/85817084-400
L100000824507,way/1262731213-220
L100000824508,way/127787669-400
L100000824509,way/28308003-220
L100000824510,way/28308003-220
L100000824511,way/127787669-400
L100000824512,ES37-400
L100000824513,way/171251565-400
L100000824514,way/28308003-220
L100000824515,way/1262731213-220
L100000824516,way/85817084-400
L100000824517,way/85817084-400
L100000824518,way/171251565-400
L100000824519,way/144767090-400
L100000824520,way/1262731213-220
L100000824521,way/127787669-400
L100000824522,way/171560239-220
L100000824523,way/171251565-400
L100000824524,way/1154224087-225
L100000824525,way/28308003-220
L100000824526,way/28308003-220
L100000824527,way/127787669-400
L100000824528,way/1154224087-225
L100000824529,way/127787669-400
L100000824530,way/127787669-400
L100000824531,way/127787669-400
L100000824532,way/127787669-400
L100000824533,relation/17148268-400
L100000824534,way/170424447-400
L100000824535,relation/17148268-400
L100000824536,way/28308003-220
L100000824537,way/171560239-220
L100000824538,ES37-400
L100000824539,way/144767090-400
L100000824540,way/144767090-400
L100000824541,way/1262731213-220
L100000824542,way/171560239-220
L100000824543,way/171251565-400
L100000824544,way/28308003-220
L100000824545,way/28308003-220
L100000824546,way/171560239-220
L100000824547,relation/17148268-400
L100000824548,way/84526032-400
L100000824549,way/127787669-400
L100000824550,way/127787669-400
L100000824551,way/156435509
L100000824552,way/144767090-400
L100000824553,way/144767090-400
L100000824554,relation/17148268-400
L100000824555,way/28308003-220
L100000824556,way/85817084-400
L100000824557,way/127787669-400
L100000824558,way/28308003-220
L100000824559,way/85817084-400
L100000824560,way/202891403-220
L100000824561,way/28308003-220
L100000824562,way/1262731213-220
L100000824563,way/171251565-400
L100000824564,way/170424447-400
L100000824565,way/144767090-400
L100000824566,way/127787669-400
L100000824567,way/256334221
L100000824568,relation/17148268-400
L100000824569,way/28308003-220
L100000824570,way/127787669-400
L100000824571,way/28308003-220
L100000824572,way/171560239-220
L100000824573,way/171560239-220
L100000824574,way/28308003-220
L100000824575,way/1262731213-220
L100000824576,way/170424447-400
L100000824577,way/28308003-220
L100000824578,way/171560239-220
L100000824579,way/171560239-220
L100000824580,way/28308003-220
L100000824581,relation/17148268-400
L100000824582,way/170424447-400
L100000824583,way/170424447-400
L100000824584,way/28308003-220
L100000824585,way/28308003-220
L100000824586,way/28308003-220
L100000824587,way/156435509
L100000824588,way/170424447-400
L100000824589,way/28308003-220
L100000824590,way/1262731213-220
L100000824591,way/1262731213-220
L100000824592,way/171560239-220
L100000824593,way/171560239-220
L100000824594,way/28308003-220
L100000824595,way/1262731213-220
L100000824596,way/85817084-400
L100000824597,way/85817084-400
L100000824598,way/1262731213-220
L100000824599,way/1154224087-225
L100000824600,way/127787669-400
L100000824601,way/127787669-400
L100000824602,way/127787669-400
L100000824603,way/144767090-400
L100000824604,way/28308003-220
L100000824605,way/144767090-400
L100000824606,way/28308003-220
L100000824607,relation/17148268-400
L100000824608,way/171560239-220
L100000824609,way/48304858-220
L100000824610,way/171560239-220
L100000824611,way/84526032-400
L100000824612,way/171560239-220
L100000824613,way/171560239-220
L100000824614,relation/17148268-400
L100000824615,way/127787669-400
L100000824616,way/171560239-220
L100000824617,way/28308003-220
L100000824618,way/58928252-400
L100000824619,way/85817084-400
L100000824620,way/171251565-400
L100000824621,way/28308003-220
L100000824622,way/171560239-220
L100000824623,way/127787669-400
L100000824624,way/1262731213-220
L100000824625,way/1262731213-220
L100000824626,way/28308003-220
L100000824627,way/171251565-400
L100000824628,way/171560239-220
L100000824629,way/1262731213-220
L100000824630,way/28308003-220
L100000824631,way/171251565-400
L100000824632,way/171251565-400
L100000824633,way/171251565-400
L100000824634,way/28308003-220
L100000824635,way/171251565-400
L100000824636,way/28308003-220
L100000824637,way/1262731213-220
L100000824638,way/127787669-400
L100000824639,way/144767090-400
L100000824640,relation/17148268-400
L100000824641,way/144767090-400
L100000824642,way/171251565-400
L100000824643,way/1262731213-220
L100000824644,way/170424447-400
L100000824645,way/28308003-220
L100000824646,way/28308003-220
L100000824647,relation/17148268-400
L100000824648,way/171251565-400
L100000824649,way/58928252-400
L100000824650,way/171251565-400
L100000824651,way/171560239-220
L100000824652,way/144767090-400
L100000824653,way/58928252-400
L100000824654,relation/17148268-400
L100000824655,way/1262731213-220
L100000824656,way/58928252-400
L100000824657,way/171560239-220
L100000824658,relation/17148268-400
L100000824659,way/171560239-220
L100000824660,way/28308003-220
L100000824661,way/28308003-220
L100000824662,relation/17148268-400
L100000824663,way/127787669-400
L100000824664,way/127787669-400
L100000824665,way/1262731213-220
L100000824666,relation/17148268-400
L100000824667,way/28308003-220
L100000824668,way/85817084-400
L100000824669,way/127787669-400
L100000824670,way/144767090-400
L100000824671,way/28308003-220
L100000824672,way/1262731213-220
L100000824673,way/1262731213-220
L100000824674,way/144767090-400
L100000824675,way/170424447-400
L100000824676,way/58928252-400
L100000824677,way/127787669-400
L100000824678,way/127787669-400
L100000824679,way/156435509
L100000824680,way/1262731213-220
L100000824681,way/127787669-400
L100000824682,way/127787669-400
L100000824683,way/127787669-400
L100000824684,way/171251565-400
L100000824685,way/85817084-400
L100000824686,way/156435509
L100000824687,way/144767090-400
L100000824688,way/28308003-220
L100000824689,way/28308003-220
L100000824690,way/28308003-220
L100000824691,way/156435509
L100000824692,way/85817084-400
L100000824693,way/85817084-400
L100000824694,way/127787669-400
L100000824695,way/28308003-220
L100000824696,way/1262731213-220
L100000824697,way/171251565-400
L100000824698,way/171251565-400
L100000824699,way/1154224087-225
L100000824700,way/156435509
L100000824701,way/202891403-220
L100000824702,way/202891403-220
L100000824703,way/202891403-220
L100000824704,way/84526032-400
L100000824705,relation/17148268-400
L100000824706,way/28308003-220
L100000824707,way/1262731213-220
L100000824708,way/1262731213-220
L100000824709,way/28308003-220
L100000824710,way/171560239-220
L100000824711,way/28308003-220
L100000824713,way/127787669-400
L100000824714,way/171560239-220
L100000824715,way/28308003-220
L100000824716,way/58928252-400
L100000824717,way/58928252-400
L100000824718,way/1262731213-220
L100000824719,way/171560239-220
L100000824720,way/28308003-220
L100000824721,way/28308003-220
L100000824722,way/28308003-220
L100000824724,way/28308003-220
L100000824725,way/28308003-220
L100000824726,way/127787669-400
L100000824727,way/124121964-220
L100000824728,way/156435509
L100000824729,relation/17148268-400
L100000824730,relation/17148268-400
L100000824731,way/28308003-220
L100000824732,way/127787669-400
L100000824734,way/171251565-400
L100000824735,way/28308003-220
L100000824736,way/28308003-220
L100000824738,relation/17148268-400
L100000824739,way/28308003-220
L100000824740,way/28308003-220
L100000824741,way/28308003-220
L100000824742,way/28308003-220
L100000824743,way/28308003-220
L100000824744,way/170424447-400
L100000824745,way/28308003-220
L100000824746,way/28308003-220
L100000824747,way/171251565-400
L100000824748,way/85817084-400
L100000824749,way/85817084-400
L100000824750,way/85817084-400
L100000824751,way/28308003-220
L100000824752,way/28308003-220
L100000824753,way/171251565-400
L100000824754,way/144767090-400
L100000824755,way/1262731213-220
L100000824756,way/85817084-400
L100000824757,way/28308003-220
L100000824759,ES37-400
L100000824760,way/170424446-400
L100000824761,way/171560239-220
L100000824762,way/144767090-400
L100000824763,way/28308003-220
L100000824764,way/28308003-220
L100000824765,way/85817084-400
L100000824766,way/1262731213-220
L100000824767,way/28308003-220
L100000824768,way/28308003-220
L100000824769,way/28308003-220
L100000824770,way/28308003-220
L100000824772,way/28308003-220
L100000824773,way/171560239-220
L100000824774,way/144767090-400
L100000824775,way/28308003-220
L100000824776,way/85817084-400
L100000824777,relation/17148268-400
L100000824778,way/84526032-400
L100000824779,relation/17148268-400
L100000824780,way/1262731213-220
L100000824781,relation/17148268-400
L100000824783,way/127787669-400
L100000824784,way/85817084-400
L100000824785,way/170424447-400
L100000824786,way/170424447-400
L100000824787,way/170424447-400
L100000824788,way/28308003-220
L100000824789,way/28308003-220
L100000824790,way/1262731213-220
L100000824791,way/170424447-400
L100000824792,way/85817084-400
L100000824793,way/127787669-400
L100000824794,way/127787669-400
L100000824795,way/127787669-400
L100000824796,way/48304858-220
L100000824797,way/1262731213-220
L100000824798,ES37-400
L100000824799,way/28308003-220
L100000824800,way/28308003-220
L100000824801,way/28308003-220
L100000824802,way/1262731213-220
L100000824803,way/171251565-400
L100000824804,way/28308003-220
L100000824805,way/28308003-220
L100000824806,way/171560239-220
L100000824807,way/28308003-220
L100000824808,ES37-400
L100000824809,way/170424447-400
L100000824810,way/1262731213-220
L100000824811,way/28308003-220
L100000824812,way/28308003-220
L100000824813,way/170424447-400
L100000824814,way/170424447-400
L100000824815,relation/17148268-400
L100000824816,way/28308003-220
L100000824817,way/171251565-400
L100000824818,way/171251565-400
L100000824819,way/1262731213-220
L100000824820,way/144767090-400
L100000824821,way/28308003-220
L100000824822,way/171251565-400
L100000824823,way/28308003-220
L100000824824,way/28308003-220
L100000824825,way/28308003-220
L100000824826,way/28308003-220
L100000824827,way/1262731213-220
L100000824828,way/28308003-220
L100000824829,way/28308003-220
L100000824830,way/1262731213-220
L100000824831,way/48304858-220
L100000824832,way/170424447-400
L100000824833,way/127787669-400
L100000824834,way/170424447-400
L100000824835,way/170424446-400
L100000824836,way/171560239-220
L100000824837,way/1262731213-220
L100000824838,way/85817084-400
L100000824839,way/28308003-220
L100000824840,way/28308003-220
L100000824841,way/1262731213-220
L100000824842,way/124121964-220
L100000824843,way/171251565-400
L100000824844,way/28308003-220
L100000824845,way/28308003-220
L100000824846,way/171251565-400
L100000824847,way/170424446-400
L100000824848,way/84526032-400
L100000824849,way/28308003-220
L100000824850,way/28308003-220
L100000824851,way/28308003-220
L100000824852,way/1262731213-220
L100000824853,way/85817084-400
L100000824854,way/156435509
L100000824855,way/85817084-400
L100000824856,way/85817084-400
L100000824857,way/127787669-400
L100000824858,way/28308003-220
L100000824859,way/171560239-220
L100000824860,way/170424447-400
L100000824861,way/28308003-220
L100000824862,way/127787669-400
L100000824863,way/28308003-220
L100000824864,relation/17148268-400
L100000824865,relation/17148268-400
L100000824866,relation/17148268-400
L100000824867,relation/17148268-400
L100000824868,ES37-400
L100000824869,way/170424447-400
L100000824870,way/170424447-400
L100000824871,way/58928252-400
L100000824872,way/124121964-220
L100000824873,ES37-400
L100000824874,way/28308003-220
L100000824875,way/28308003-220
L100000824876,way/135457230-400
L100000824877,way/127787669-400
L100000824878,way/1262731213-220
L100000824879,way/171560239-220
L100000824880,way/171251565-400
L100000824881,way/171251565-400
L100000824882,way/171251565-400
L100000824883,way/171251565-400
L100000824884,way/84526032-400
L100000824885,relation/17148268-400
L100000824886,way/28308003-220
L100000824887,relation/17148268-400
L100000824888,way/28308003-220
L100000824890,way/127787669-400
L100000824891,way/144767090-400
L100000824892,way/1154224087-225
L100000824893,way/1154224087-225
L100000824894,way/124121964-220
L100000824895,way/1262731213-220
L100000824896,way/1154224087-225
L100000824897,way/1154224087-225
L100000824898,relation/17148268-400
L100000824899,relation/17148268-400
L100000824900,way/127787669-400
L100000824901,way/127787669-400
L100000824902,way/144767090-400
L100000824903,way/171251565-400
L100000824904,way/1154224087-225
L100000824905,way/28308003-220
L100000824906,way/171251565-400
L100000824907,relation/17148268-400
L100000824908,way/28308003-220
L100000824909,way/28308003-220
L100000824910,way/127787669-400
L100000824911,way/28308003-220
L100000824912,way/171251565-400
L100000824913,ES37-400
L100000824914,way/28308003-220
L100000824915,way/85817084-400
L100000824916,way/171251565-400
L100000824917,way/1154224087-225
L100000824918,way/127787669-400
L100000824919,way/1154224087-225
L100000824920,way/28308003-220
L100000824921,way/58928252-400
L100000824922,way/28308003-220
L100000824923,way/85817084-400
L100000824924,way/171560239-220
L100000824925,way/127787669-400
L100000824926,way/127787669-400
L100000824927,way/127787669-400
L100000824928,way/171560239-220
L100000824929,way/127787669-400
L100000824930,way/85817084-400
L100000824931,way/85817084-400
L100000824932,way/1262731213-220
L100000824933,way/1262731213-220
L100000824934,way/85817084-400
L100000824935,way/170424446-400
L100000824936,ES37-400
L100000824937,way/156435509
L100000824938,way/127787669-400
L100000824939,way/171251565-400
L100000824940,way/28308003-220
L100000824941,way/1262731213-220
L100000824942,way/171251565-400
L100000824943,way/85817084-400
L100000824944,way/58928252-400
L100000824945,way/58928252-400
L100000824946,way/58928252-400
L100000824948,way/1262731213-220
L100000824949,way/28308003-220
L100000824950,way/171251565-400
L100000824951,way/171251565-400
L100000824953,way/85817084-400
L100000824954,way/170424446-400
L100000824955,way/1262731213-220
L100000824956,way/1154224087-225
L100000824957,way/1262731213-220
L100000824958,way/28308003-220
L100000824960,way/58928252-400
L100000824961,way/1262731213-220
L100000824962,relation/17294958-220
L100000824963,way/85817084-400
L100000824964,way/85817084-400
L100000824965,way/127787669-400
L100000824966,way/85817084-400
L100000824967,way/48304858-220
L100000824968,way/28308003-220
L100000824969,way/1154224087-225
L100000824970,way/28308003-220
L100000824971,way/171560239-220
L100000824972,way/28308003-220
L100000824973,relation/17148268-400
L100000907766,way/1154224087-225
L100000907767,way/1262731213-220
L100000907771,way/85817084-400
L100000907776,way/28308003-220
L100000907798,way/104370242-220
L100000907826,way/202891403-220
L100000907827,way/48304858-220
L100000907828,way/127787669-400
L100000907841,way/170424446-400
L100000907855,way/48304858-220
L100000907874,way/170424446-400
L100000907967,way/85817084-400
L100000908006,way/1262731213-220
L100000908007,way/1262731213-220
L100000908014,way/170424446-400
L100000908039,way/104370242-220
L100000908046,ES37-400
L100000908081,way/104370242-220
L100000908090,way/1262731213-220
L100000908093,way/58928252-400
L100000908115,way/48304858-220
L100000908140,way/1154224087-225
L100000908147,way/104370242-220
L100000908165,way/171251565-400
L100000908215,way/85817084-400
L100000908224,way/171251565-400
L100000908463,way/171560239-220
L100000908472,way/48304858-220
L100000908473,way/1262731213-220
L100000908476,way/1154224087-225
L100000908484,way/104370242-220
L100000908485,way/104370242-220
L100000908487,way/28308003-220
L100000908507,way/104370242-220
L100000908517,ES37-400
L100000908526,way/28308003-220
L100000908539,way/58928252-400
L100000908543,way/170424446-400
L100000908559,way/104370242-220
L100000908707,way/171251565-400
L100000908708,way/127787669-400
L100000908714,way/127787669-400
L100000908735,way/28308003-220
L100000908797,way/202891403-220
L100000908805,way/1262731213-220
L100000908819,way/58928252-400
L100000908861,way/58928252-400
L100000908862,way/171560239-220
L100000908863,way/171251565-400
L100000908872,way/58928252-400
L100000908880,ES37-400
L100000909023,way/48304858-220
L100000909025,way/171251565-400
L100000909026,way/1262731213-220
L100000909028,way/1262731213-220
L100000909037,way/171560239-220
L100000909050,way/124121964-220
L100000909060,way/1262731213-220
L100000909064,relation/17148268-400
L100000909078,way/28308003-220
L100000909156,way/104370242-220
L100000909192,way/1262731213-220
L100000909193,way/170424446-400
L100000909195,way/1154224087-225
L100000909240,way/127787669-400
L100000909256,way/58928252-400
L100000909260,way/58928252-400
L100000909279,way/127787669-400
L100000909370,way/28308003-220
L100000909444,way/127787669-400
L100000909498,ES37-400
L100000909506,way/170424446-400
L100000909508,way/1154224087-225
L100000909519,way/28308003-220
L100000909522,ES37-400
L100000909523,way/28308003-220
L100000909527,way/171560239-220
L100000909529,way/171251565-400
L100000909554,way/28308003-220
L100000909572,way/127787669-400
L100000909575,way/171560239-220
L100000909578,way/1262731213-220
L100000909585,way/104370242-220
L100000909586,way/104370242-220
L100000909587,way/171251565-400
L100000909588,way/127787669-400
L100000909599,way/48304858-220
L100000909615,way/1262731213-220
L100000909620,way/104370242-220
L100000909622,way/85817084-400
L100000909630,way/1262731213-220
L100000909633,way/104370242-220
L100000909646,ES37-400
L100000909652,way/48304858-220
L100000909653,way/104370242-220
L100000909806,way/104370242-220
L100000909811,way/171251565-400
L100000909829,way/127787669-400
L100000909831,way/202891403-220
L100000909832,way/1262731213-220
L100000909837,way/171560239-220
L100000909838,way/104370242-220
L100000909839,way/171560239-220
L100000909849,way/28308003-220
L100000909850,way/171251565-400
L100000909890,way/58928252-400
L100000909894,way/1262731213-220
L100000909920,way/156435509
L100000909922,way/48304858-220
L100000909931,way/104370242-220
L100000909955,way/124121964-220
L100000909956,way/104370242-220
L100000909957,way/48304858-220
L100000909970,way/104370242-220
L100000909971,way/104370242-220
L100000909973,way/127787669-400
L100000909985,way/1262731213-220
L100000909996,way/58928252-400
L100000910003,way/171251565-400
L100000910011,way/104370242-220
L100000910013,way/127787669-400
L100000910014,way/28308003-220
L100000910015,ES37-400
L100000910016,way/127787669-400
L100000910053,way/127787669-400
L100000910145,way/104370242-220
L100000910150,way/28308003-220
L100000910156,ES37-400
L100000910184,way/48304858-220
L100000910186,way/28308003-220
L100000910187,way/171251565-400
L100000910206,way/127787669-400
L100000910217,way/28308003-220
L100000910218,way/127787669-400
L100000910219,way/1262731213-220
L100000910220,way/127787669-400
L100000910230,way/127787669-400
L100000910235,way/171251565-400
L100000910276,way/127787669-400
L100000910277,way/48304858-220
L100000910278,way/28308003-220
L100000910279,way/1154224087-225
L100000910280,way/127787669-400
L100000910281,ES37-400
L100000910283,way/104370242-220
L100000910287,way/171560239-220
L100000910294,way/1154224087-225
L100000910300,way/104370242-220
L100000910312,way/104370242-220
L100000910330,way/28308003-220
L100000910340,way/1262731213-220
L100000910341,ES37-400
L100000910346,way/85817084-400
L100000910359,way/1154224087-225
L100000910369,ES37-400
L100000910370,way/127787669-400
L100000910373,way/127787669-400
L100000910375,way/1154224087-225
L100000910389,way/171560239-220
L100000910390,way/1154224087-225
L100000910421,way/28308003-220
L100000910497,way/1154224087-225
L100000910524,way/28308003-220
L100000910525,ES37-400
L100000910526,way/1262731213-220
L100000910529,way/58928252-400
L100000910537,way/127787669-400
L100000910553,way/170424446-400
L100000910569,way/1262731213-220
L100000910570,way/127787669-400
L100000910582,way/1262731213-220
L100000910584,way/1262731213-220
L100000910592,way/85817084-400
L100000910603,way/127787669-400
L100000910617,way/58928252-400
L100000910618,way/127787669-400
L100000910622,way/170424446-400
L100000910642,way/58928252-400
L100000910644,way/127787669-400
L100000910655,way/124121964-220
L100000910663,way/170424446-400
L100000910672,way/171560239-220
L100000910673,way/28308003-220
L100000910676,way/48304858-220
L100000910687,way/1262731213-220
L100000910785,way/170424446-400
L100000910797,way/104370242-220
L100000910803,way/104370242-220
L100000910806,way/104370242-220
L100000910811,ES37-400
L100000910813,way/170424446-400
L100000910819,ES37-400
L100000910845,way/1154224087-225
L100000910846,way/170424446-400
L100000910847,way/1154224087-225
L100000910852,way/171560239-220
L100000910854,way/104370242-220
L100000910858,way/28308003-220
L100000910874,way/104370242-220
L100000910875,way/104370242-220
L100000910896,way/104370242-220
L100000910901,way/1262731213-220
L100000910904,ES37-400
L100000910973,way/127787669-400
L100000910977,ES37-400
L100000910982,way/170424446-400
L100000910994,way/28308003-220
L100000911004,way/104370242-220
L100000911006,way/127787669-400
L100000911008,way/28308003-220
L100000911009,way/104370242-220
L100000911017,way/170424446-400
L100000911020,way/104370242-220
L100000911022,way/104370242-220
L100000911038,way/58928252-400
L100000911039,way/28308003-220
L100000911040,way/48304858-220
L100000911041,way/1154224087-225
L100000911061,way/1262731213-220
L100000911119,way/1262731213-220
L100000911120,way/48304858-220
L100000911121,way/170424446-400
L100000911127,way/48304858-220
L100000911143,way/48304858-220
L100000911148,way/1262731213-220
L100000911155,way/28308003-220
L100000911170,way/104370242-220
L100000911172,way/1262731213-220
L100000911180,way/48304858-220
L100000911186,way/58928252-400
L100000911187,way/171560239-220
L100000911188,way/48304858-220
L100000911190,way/127787669-400
L100000911220,way/58928252-400
L100000911221,way/124121964-220
L100000911229,way/104370242-220
L100000911231,way/58928252-400
L100000911232,way/127787669-400
L100000911233,way/1154224087-225
L100000911239,way/104370242-220
L100000911264,way/58928252-400
L100000911265,way/48304858-220
L100000911272,way/48304858-220
L100000911273,way/156435509
L100000911354,way/104370242-220
L100000911360,way/156435509
L100000911363,ES37-400
L100000911367,way/127787669-400
L100000911376,way/127787669-400
L100000911377,way/104370242-220
L100000911378,ES37-400
L100000911380,way/127787669-400
L100000911381,way/171560239-220
L100000911386,way/104370242-220
L100000911387,way/104370242-220
L100000911390,way/104370242-220
L100000911394,ES37-400
L100000911396,way/124121964-220
L100000911397,way/1154224087-225
L100000911403,way/104370242-220
L100000911471,way/171251565-400
L100000911472,way/48304858-220
L100000911473,way/127787669-400
L100000911480,way/171251565-400
L100000911491,way/202891403-220
L100000911502,way/104370242-220
L100000911505,way/104370242-220
L100000911519,way/256334221
L100000911521,way/1262731213-220
L100000911533,way/28308003-220
L100000911534,way/127787669-400
L100000911535,way/1154224087-225
L100000911536,way/127787669-400
L100000911538,way/1262731213-220
L100000911539,way/28308003-220
L100000911540,ES37-400
L100000911541,way/48304858-220
L100000911542,way/1154224087-225
L100000911549,way/104370242-220
L100000911559,way/104370242-220
L100000911572,way/127787669-400
L100000911577,way/104370242-220
L100000911603,way/58928252-400
L100000911604,way/1262731213-220
L100000911611,way/127787669-400
L100000911612,way/1262731213-220
L100000911618,way/170424446-400
L100000911619,way/170424446-400
L100000911620,way/171560239-220
L100000911623,way/1262731213-220
L100000911624,way/48304858-220
L100000911628,way/1154224087-225
L100000911646,way/104370242-220
L100000911660,way/58928252-400
L100000911663,way/1262731213-220
L100000911667,way/127787669-400
L100000908500,way/170424446-400
L100000911692,way/104370242-220
L100000911694,way/171251565-400
L100000911695,way/58928252-400
L100000911696,way/28308003-220
L100000911699,way/144767090-400
L100000911722,way/127787669-400
L100000911724,way/135457230-400
L100000911726,ES37-400
L100000911739,way/85817084-400
L100000911802,way/104370242-220
L100000911805,way/1262731213-220
L100000911807,way/28308003-220
L100000911832,way/127787669-400
L100000911836,way/1262731213-220
L100000911845,way/1262731213-220
L100000911848,way/104370242-220
L100000911849,way/135457230-400
L100000911851,way/104370242-220
L100000911865,way/170424446-400
L100000911886,way/28308003-220
L100000911887,way/28308003-220
L100000911889,way/104370242-220
L100000911894,ES37-400
L100000911895,way/127787669-400
L100000911898,way/171560239-220
L100000911903,way/104370242-220
L100000911917,way/58928252-400
L100000911918,way/127787669-400
L100000911919,way/58928252-400
L100000911930,way/104370242-220
L100000911931,way/104370242-220
L100000911942,way/28308003-220
L100000911948,way/1154224087-225
L100000911957,way/28308003-220
L100000912014,way/104370242-220
L100000912018,way/58928252-400
L100000912032,way/156435509
L100000912033,way/1154224087-225
L100000912034,way/127787669-400
L100000912038,way/104370242-220
L100000912039,way/127787669-400
L100000912046,way/85817084-400
L100000912047,way/58928252-400
L100000912050,way/104370242-220
L100000912076,way/171251565-400
L100000912079,way/1262731213-220
L100000912081,way/202891403-220
L100000912082,way/1262731213-220
L100000912083,way/127787669-400
L100000912095,way/1154224087-225
L100000912096,way/85817084-400
L100000912099,way/104370242-220
L100000912105,way/104370242-220
L100000912106,way/104370242-220
L100000912107,way/48304858-220
L100000909255,way/28308003-220
L100000912124,way/1262731213-220
L100000912125,way/171251565-400
L100000912196,way/127787669-400
L100000912200,way/1154224087-225
L100000912202,way/104370242-220
L100000912203,way/104370242-220
L100000912208,way/1262731213-220
L100000912209,ES37-400
L100000912210,way/1154224087-225
L100000912211,way/85817084-400
L100000912234,way/48304858-220
L100000912236,way/1262731213-220
L100000912242,way/104370242-220
L100000912250,way/127787669-400
L100000912257,way/104370242-220
L100000912260,way/28308003-220
L100000912262,way/28308003-220
L100000912269,way/1154224087-225
L100000912273,way/171251565-400
L100000912289,way/104370242-220
L100000912290,way/171251565-400
L100000912327,ES37-400
L100000912328,way/1262731213-220
L100000912332,way/1154224087-225
L100000912352,way/28308003-220
L100000912353,way/127787669-400
L100000912355,way/171251565-400
L100000912356,way/135457230-400
L100000912358,way/104370242-220
L100000912361,way/171251565-400
L100000912365,way/104370242-220
L100000912367,way/104370242-220
L100000912375,ES37-400
L100000912376,way/1262731213-220
L100000912377,way/1262731213-220
L100000912378,way/48304858-220
L100000912379,way/48304858-220
L100000912380,way/1262731213-220
L100000912382,way/202891403-220
L100000912386,way/104370242-220
L100000912387,way/104370242-220
L100000912388,way/104370242-220
L100000912390,way/1154224087-225
L100000912435,way/1262731213-220
L100000912436,way/1154224087-225
L100000912437,way/48304858-220
L100000912439,way/127787669-400
L100000912442,way/171560239-220
L100000912453,way/127787669-400
L100000912454,way/1262731213-220
L100000912455,way/1262731213-220
L100000912456,way/127787669-400
L100000912457,way/171251565-400
L100000912463,way/156435509
L100000912469,way/104370242-220
L100000912473,way/127787669-400
L100000912475,way/104370242-220
L100000912479,way/104370242-220
L100000912481,way/171560239-220
L100000912484,way/104370242-220
L100000912489,way/104370242-220
L100000912492,way/58928252-400
L100000912493,way/170424447-400
L100000912494,way/127787669-400
L100000912495,way/127787669-400
L100000912496,way/127787669-400
L100000912499,way/58928252-400
L100000912500,way/171251565-400
L100000912501,way/127787669-400
L100000912503,way/28308003-220
L100000912508,way/127787669-400
L100000912515,way/1154224087-225
L100000912516,way/48304858-220
L100000912521,way/104370242-220
L100000912524,way/28308003-220
L100000912525,way/104370242-220
L100000912534,way/171251565-400
L100000908540,way/58928252-400
L100000912542,way/171560239-220
L100000912544,way/127787669-400
L100000912550,ES37-400
L100000912551,way/104370242-220
L100000912580,way/104370242-220
L100000912582,way/127787669-400
L100000912583,way/127787669-400
L100000912594,way/104370242-220
L100000912596,ES37-400
L100000912599,way/104370242-220
L100000912610,way/127787669-400
L100000912611,ES37-400
L100000912612,way/127787669-400
L100000912618,way/104370242-220
L100000912621,way/104370242-220
L100000912638,ES37-400
L100000912640,ES37-400
L100000912641,ES37-400
L100000912643,way/1262731213-220
L100000912646,ES37-400
L100000912652,way/171251565-400
L100000912654,way/171560239-220
L100000912656,way/127787669-400
L100000912660,ES37-400
L100000912663,way/104370242-220
L100000912665,way/58928252-400
L100000912671,way/58928252-400
L100000912683,way/104370242-220
L100000912684,way/135457230-400
L100000912685,way/58928252-400
L100000912688,ES37-400
L100000912689,way/58928252-400
L100000912691,way/104370242-220
L100000912692,way/104370242-220
L100000912697,way/171560239-220
L100000912748,ES37-400
L100000912761,relation/17148268-400
L100000912762,way/28308003-220
L100000912763,way/85817084-400
L100000912764,way/171251565-400
L100000912769,way/156435509
L100000912777,way/1262731213-220
L100000912778,way/171560239-220
L100000912779,way/1262731213-220
L100000912780,way/156435509
L100000912785,way/28308003-220
L100000912789,way/85817084-400
L100000912795,way/1262731213-220
L100000912797,way/171251565-400
L100000912803,way/85817084-400
L100000912806,way/127787669-400
L100000912808,way/156435509
L100000912813,way/111558550-400
L100000912817,way/85817084-400
L100000912832,way/124121964-220
L100000912835,way/171251565-400
L100000912842,way/171560239-220
L100000912878,way/104370242-220
L100000912880,way/170424446-400
L100000912888,way/171251565-400
L100000912896,way/85817084-400
L100000912899,way/156435509
L100000912909,way/58928252-400
L100000912910,way/1262731213-220
L100000912913,way/48304858-220
L100000912918,way/104370242-220
L100000912937,way/104370242-220
L100000912944,way/104370242-220
L100000912992,way/104370242-220
L100000912994,way/1262731213-220
L100000912995,way/124121964-220
L100000912996,way/156435509
L100000912997,way/85817084-400
L100000913000,way/28308003-220
L100000913008,way/28308003-220
L100000913009,ES37-400
L100000913010,way/58928252-400
L100000913012,way/124121964-220
L100000913013,way/171251565-400
L100000913020,way/171251565-400
L100000913021,way/48304858-220
L100000913022,way/156435509
L100000913023,way/48304858-220
L100000913038,ES37-400
L100000913039,ES37-400
L100000913043,way/48304858-220
L100000913051,way/156435509
L100000913061,way/1262731213-220
L100000913062,way/1262731213-220
L100000913063,way/85817084-400
L100000913075,way/124121964-220
L100000913076,way/170424446-400
L100000913114,way/104370242-220
L100000913120,way/1262731213-220
L100000913124,way/104370242-220
L100000913128,way/28308003-220
L100000913133,way/171251565-400
L100000913134,way/171251565-400
L100000913135,way/1154224087-225
L100000913136,way/1262731213-220
L100000913138,way/1154224087-225
L100000913140,ES37-400
L100000913141,way/171251565-400
L100000913143,way/124121964-220
L100000913144,way/156435509
L100000913145,way/1262731213-220
L100000913148,way/127787669-400
L100000913149,way/127787669-400
L100000913154,way/124121964-220
L100000913210,way/156435509
L100000913211,way/104370242-220
L100000913217,way/127787669-400
L100000913227,way/171251565-400
L100000913228,way/135457230-400
L100000913229,way/124121964-220
L100000913231,way/104370242-220
L100000913233,way/171251565-400
L100000913239,way/171251565-400
L100000913243,way/1154224087-225
L100000913244,way/127787669-400
L100000913245,ES37-400
L100000913246,way/48304858-220
L100000913247,way/1262731213-220
L100000913248,way/170424446-400
L100000913253,way/85817084-400
L100000913256,way/28308003-220
L100000913258,way/171251565-400
L100000913259,way/127787669-400
L100000913260,way/58928252-400
L100000913292,way/1262731213-220
L100000913294,ES37-400
L100000913296,way/48304858-220
L100000913297,way/28308003-220
L100000913299,way/127787669-400
L100000913300,way/171251565-400
L100000913301,way/127787669-400
L100000913302,way/1154224087-225
L100000913303,way/202891403-220
L100000913304,way/127787669-400
L100000913308,way/124121964-220
L100000913311,way/171560239-220
L100000913314,way/171251565-400
L100000913318,way/85817084-400
L100000913329,way/127787669-400
L100000913331,way/156435509
L100000913344,way/1262731213-220
L100000913345,way/156435509
L100000913352,ES37-400
L100000913354,way/127787669-400
L100000913366,way/171251565-400
L100000913377,way/104370242-220
L100000913379,way/1262731213-220
L100000913381,way/28308003-220
L100000913384,way/28308003-220
L100000913386,way/127787669-400
L100000913387,way/104370242-220
L100000913388,way/28308003-220
L100000913393,ES37-400
L100000913396,way/48304858-220
L100000913397,way/85817084-400
L100000913426,way/104370242-220
L100000913427,way/58928252-400
L100000913430,way/28308003-220
L100000913431,way/58928252-400
L100000913435,ES37-400
L100000913439,way/171251565-400
L100000913443,way/104370242-220
L100000913444,way/202891403-220
L100000913445,way/171251565-400
L100000913446,way/127787669-400
L100000913449,way/104370242-220
L100000913450,way/1154224087-225
L100000913453,relation/17294958-220
L100000913455,way/48304858-220
L100000913491,way/48304858-220
L100000913492,ES37-400
L100000913493,way/58928252-400
L100000913494,way/156435509
L100000913497,way/28308003-220
L100000913498,way/104370242-220
L100000913500,way/1262731213-220
L100000913501,way/1262731213-220
L100000913502,way/202891403-220
L100000913507,way/48304858-220
L100000913510,way/48304858-220
L100000913519,way/48304858-220
L100000913524,ES37-400
L100000913534,way/1154224087-225
L100000913549,way/1262731213-220
L100000913552,way/127787669-400
L100000913557,way/1262731213-220
L100000913591,way/85817084-400
L100000913596,way/104370242-220
L100000913606,ES37-400
L100000913613,relation/17294958-220
L100000913614,way/135457230-400
L100000913616,ES37-400
L100000913628,way/127787669-400
L100000913639,way/85817084-400
L100000913644,way/104370242-220
L100000913679,way/171560239-220
L100000913685,way/58928252-400
L100000913706,way/171251565-400
L100000913709,way/28308003-220
L100000913710,way/1262731213-220
L100000913715,way/104370242-220
L100000913719,way/104370242-220
L100000913721,way/104370242-220
L100000913722,way/28308003-220
L100000913726,way/171251565-400
L100000913727,way/85817084-400
L100000913735,way/58928252-400
L100000913736,way/58928252-400
L100000913737,way/28308003-220
L100000913738,ES37-400
L100000913765,way/58928252-400
L100000913769,way/104370242-220
L100000913773,way/127787669-400
L100000913774,way/127787669-400
L100000913776,way/58928252-400
L100000913778,way/156435509
L100000913780,way/48304858-220
L100000913789,way/127787669-400
L100000913790,ES37-400
L100000913797,way/1262731213-220
L100000913800,way/104370242-220
L100000913808,way/104370242-220
L100000913812,way/85817084-400
L100000913814,way/127787669-400
L100000913817,way/127787669-400
L100000913819,way/127787669-400
L100000913820,way/104370242-220
L100000913823,way/58928252-400
L100000913833,way/104370242-220
L100000913847,way/85817084-400
L100000913848,ES37-400
L100000913854,way/171251565-400
L100000913860,way/127787669-400
L100000913861,way/28308003-220
L100000913872,way/1262731213-220
L100000913873,way/28308003-220
L100000913874,way/58928252-400
L100000913875,way/127787669-400
L100000913877,way/104370242-220
L100000913900,way/127787669-400
L100000913902,way/1262731213-220
L100000913908,way/171251565-400
L100000913909,way/171560239-220
L100000913912,way/1262731213-220
L100000913917,ES37-400
L100000913924,way/1154224087-225
L100000913932,way/127787669-400
L100000913934,way/127787669-400
L100000913935,way/127787669-400
L100000913936,way/127787669-400
L100000913946,way/85817084-400
L100000913947,way/171251565-400
L100000913953,way/58928252-400
L100000913981,ES37-400
L100000913989,way/58928252-400
L100000913991,way/171251565-400
L100000913993,way/256334221
L100000913999,way/85817084-400
L100000914000,way/171251565-400
L100000914001,way/1262731213-220
L100000914002,way/171251565-400
L100000914006,ES37-400
L100000914009,way/104370242-220
L100000914048,way/28308003-220
L100000914049,way/127787669-400
L100000914050,way/48304858-220
L100000914052,way/127787669-400
L100000914053,way/104370242-220
L100000914054,way/156435509
L100000914055,ES37-400
L100000914059,way/58928252-400
L100000914061,way/171251565-400
L100000914062,way/127787669-400
L100000914067,way/171251565-400
L100000914072,way/170424446-400
L100000914074,way/48304858-220
L100000914075,way/1262731213-220
L100000914076,way/1262731213-220
L100000914077,way/127787669-400
L100000914078,way/28308003-220
L100000914081,way/104370242-220
L100000914082,way/104370242-220
L100000914090,way/104370242-220
L100000914092,way/127787669-400
L100000914094,way/171251565-400
L100000914095,way/156435509
L100000914096,way/171251565-400
L100000914135,way/127787669-400
L100000914136,way/85817084-400
L100000914138,way/1262731213-220
L100000914141,way/104370242-220
L100000914146,way/124121964-220
L100000914150,ES37-400
L100000914152,way/58928252-400
L100000914180,ES37-400
L100000914182,way/104370242-220
L100000914184,way/202891403-220
L100000914186,way/171251565-400
L100000914188,way/135457230-400
L100000914192,way/48304858-220
L100000914193,way/104370242-220
L100000914195,way/104370242-220
L100000914196,way/85817084-400
L100000914199,way/28308003-220
L100000914201,way/85817084-400
L100000914202,way/135457230-400
L100000914205,way/1262731213-220
L100000914206,way/171560239-220
L100000914207,way/171251565-400
L100000914214,way/104370242-220
L100000914226,way/170424446-400
L100000914227,ES37-400
L100000914230,relation/17148268-400
L100000914233,way/104370242-220
L100000914234,way/135457230-400
L100000914236,way/58928252-400
L100000914243,way/104370242-220
L100000914248,way/171251565-400
L100000914250,way/127787669-400
L100000914251,way/1154224087-225
L100000914254,way/104370242-220
L100000914256,way/58928252-400
L100000914257,way/127787669-400
L100000914269,ES37-400
L100000914290,way/127787669-400
L100000914296,way/171251565-400
L100000914297,ES37-400
L100000914298,way/104370242-220
L100000914299,way/171251565-400
L100000914303,way/127787669-400
L100000914328,way/171560239-220
L100000914329,way/48304858-220
L100000914337,way/202891403-220
L100000914338,way/1262731213-220
L100000914340,way/28308003-220
L100000914363,way/171560239-220
L100000914365,way/1262731213-220
L100000914376,way/104370242-220
L100000914379,way/85817084-400
L100000914384,way/104370242-220
L100000914389,way/124121964-220
L100000914392,way/58928252-400
L100000914397,way/104370242-220
L100000914399,way/135457230-400
L100000914401,way/28308003-220
L100000914407,way/1262731213-220
L100000914419,way/127787669-400
L100000914420,way/48304858-220
L100000914421,way/156435509
L100000914422,way/104370242-220
L100000914423,way/58928252-400
L100000914424,way/85817084-400
L100000914427,way/1262731213-220
L100000914436,way/127787669-400
L100000914438,way/48304858-220
L100000914456,way/1262731213-220
L100000914459,way/170424446-400
L100000914471,way/171251565-400
L100000914476,way/127787669-400
L100000914484,way/58928252-400
L100000914487,way/127787669-400
L100000914491,way/28308003-220
L100000914506,way/127787669-400
L100000914508,ES37-400
L100000914516,way/104370242-220
L100000914517,way/28308003-220
L100000914520,way/1262731213-220
L100000914536,way/1262731213-220
L100000914537,way/58928252-400
L100000914539,way/1154224087-225
L100000914540,way/127787669-400
L100000914541,way/85817084-400
L100000914544,way/127787669-400
L100000914558,way/104370242-220
L100000914559,way/85817084-400
L100000914560,way/171251565-400
L100000914564,way/127787669-400
L100000914566,ES37-400
L100000914567,way/1154224087-225
L100000914574,way/48304858-220
L100000914585,way/58928252-400
L100000914599,way/58928252-400
L100000914600,way/127787669-400
L100000914601,way/48304858-220
L100000914609,way/1154224087-225
L100000914619,way/85817084-400
L100000914633,ES37-400
L100000914634,way/28308003-220
L100000914636,way/48304858-220
L100000914638,way/85817084-400
L100000914639,way/124121964-220
L100000914640,way/85817084-400
L100000914644,way/127787669-400
L100000914645,way/48304858-220
L100000914669,way/124121964-220
L100000914670,way/85817084-400
L100000914671,way/171251565-400
L100000914673,way/127787669-400
L100000914679,way/28308003-220
L100000914680,way/127787669-400
L100000914682,way/85817084-400
L100000914683,way/127787669-400
L100000914693,way/127787669-400
L100000914695,way/171251565-400
L100000914709,way/1154224087-225
L100000914713,way/170424446-400
L100000914716,ES37-400
L100000914718,way/170424446-400
L100000914738,way/58928252-400
L100000914739,way/171251565-400
L100000914741,way/171251565-400
L100000914745,way/135457230-400
L100000914747,way/127787669-400
L100000914753,way/1154224087-225
L100000914754,way/127787669-400
L100000914773,way/127787669-400
L100000914774,way/1262731213-220
L100000914776,way/127787669-400
L100000914777,way/156435509
L100000914778,way/48304858-220
L100000914779,way/127787669-400
L100000914780,way/127787669-400
L100000914782,way/127787669-400
L100000914783,way/127787669-400
L100000914784,way/48304858-220
L100000914785,way/85817084-400
L100000914786,way/1154224087-225
L100000914787,way/48304858-220
L100000914788,way/48304858-220
L100000914791,way/256334221
L100000914792,way/28308003-220
L100000914793,way/127787669-400
L100000914794,way/127787669-400
L100000914795,way/58928252-400
L100000914796,way/124121964-220
L100000914797,ES37-400
L100000914799,way/124121964-220
L100000914800,way/48304858-220
L100000914802,way/127787669-400
L100000914803,way/127787669-400
L100000914804,way/48304858-220
L100000914805,way/104370242-220
L100000914807,way/28308003-220
L100000914809,way/104370242-220
L100000914812,way/1154224087-225
L100000914813,way/127787669-400
L100000914814,way/58928252-400
L100000914815,way/124121964-220
L100000914816,way/104370242-220
L100000914818,way/127787669-400
L100000914834,way/127787669-400
L100000914836,way/170424446-400
L100000914837,way/48304858-220
L100000914840,way/104370242-220
L100000914841,way/28308003-220
L100000914843,way/127787669-400
L100000914844,way/124121964-220
L100000914847,way/127787669-400
L100000914848,way/1262731213-220
L100000914852,way/48304858-220
L100000914853,way/202891403-220
L100000914859,ES37-400
L100000914860,way/127787669-400
L100000914861,way/127787669-400
L100000914862,way/127787669-400
L100000914864,way/127787669-400
L100000914865,way/127787669-400
L100000914866,way/202891403-220
L100000914868,ES37-400
L100000914869,way/28308003-220
L100000914870,way/171560239-220
L100000914871,way/28308003-220
L100000914872,way/127787669-400
L100000914873,way/170424446-400
L100000914874,ES37-400
L100000914876,way/156435509
L100000914877,ES37-400
L100000914879,way/28308003-220
L100000914880,way/156435509
L100000914881,way/170424446-400
L100000914882,way/58928252-400
L100000914883,way/171251565-400
L100000914885,way/171251565-400
L100000914887,way/171251565-400
L100000914890,way/104370242-220
L100000914891,way/156435509
L100000914893,way/156435509
L100000914894,way/48304858-220
L100000914897,way/170424446-400
L100000913687,way/124121964-220
L100000914901,way/104370242-220
L100000914903,way/171251565-400
L100000914904,way/85817084-400
L100000914905,way/171251565-400
L100000914906,way/127787669-400
L100000914907,way/171560239-220
L100000914908,way/170424446-400
L100000914910,way/1154224087-225
L100000914911,way/127787669-400
L100000914913,way/85817084-400
L100000914914,way/127787669-400
L100000914916,way/127787669-400
L100000914917,way/58928252-400
L100000914918,way/48304858-220
L100000914919,way/127787669-400
L100000914920,way/127787669-400
L100000914922,way/127787669-400
L100000914923,way/124121964-220
L100000914924,way/127787669-400
L100000914925,ES37-400
L100000914926,way/127787669-400
L100000914927,way/171560239-220
L100000914928,way/135457230-400
L100000914929,way/127787669-400
L100000914932,way/171251565-400
L100000914933,way/171251565-400
L100000914934,way/127787669-400
L100000914935,way/104370242-220
L100000914938,way/124121964-220
L100000914939,ES37-400
L100000914942,way/28308003-220
L100000914944,way/127787669-400
L100000914946,way/28308003-220
L100000914947,way/171251565-400
L100000914948,way/127787669-400
L100000914949,way/171560239-220
L100000914950,way/28308003-220
L100000914957,way/127787669-400
L100000914958,way/171251565-400
L100000914959,way/48304858-220
L100000914960,ES37-400
L100000914961,way/124121964-220
L100000914962,way/171251565-400
L100000914965,way/48304858-220
L100000914966,way/127787669-400
L100000914967,way/85817084-400
L100000914968,way/171560239-220
L100000914969,way/28308003-220
L100000914970,way/127787669-400
L100000914972,way/127787669-400
L100000914973,way/171251565-400
L100000914975,way/48304858-220
L100000914976,way/28308003-220
L100000914977,way/171251565-400
L100000914978,ES37-400
L100000914980,way/171251565-400
L100000914982,way/58928252-400
L100000914986,way/170424446-400
L100000914987,way/171251565-400
L100000914988,way/171251565-400
L100000914989,way/127787669-400
L100000914990,way/48304858-220
L100000914992,way/104370242-220
L100000914993,way/156435509
L100000914997,way/127787669-400
L100000915001,way/171251565-400
L100000915003,way/104370242-220
L100000915004,way/104370242-220
L100000915005,way/28308003-220
L100000915006,way/171251565-400
L100000915007,way/156435509
L100000915011,way/127787669-400
L100000915017,way/28308003-220
L100000915019,way/58928252-400
L100000915021,ES37-400
L100000915023,way/127787669-400
L100000915026,way/28308003-220
L100000915028,way/127787669-400
L100000915037,way/127787669-400
L100000915039,way/170424446-400
L100000915040,way/127787669-400
L100000915041,way/28308003-220
L100000915042,way/127787669-400
L100000915043,way/127787669-400
L100000915048,way/124121964-220
L100000915053,way/127787669-400
L100000915054,way/127787669-400
L100000915058,way/127787669-400
L100000915059,way/48304858-220
L100000915060,way/85817084-400
L100000915061,way/124121964-220
L100000915062,way/127787669-400
L100000915071,way/48304858-220
L100000915073,way/127787669-400
L100000915074,way/48304858-220
L100000915075,ES37-400
L100000915082,way/127787669-400
L100000915083,way/48304858-220
L100000915107,way/28308003-220
L100000915131,ES37-400
L100000915212,way/104370242-220
L100000915266,way/48304858-220
L100000915290,way/58928252-400
L100000915352,way/124121964-220
L100000915377,way/104370242-220
L100000915440,way/124121964-220
L100000915449,ES37-400
L100000915458,way/124121964-220
L100000915462,way/127787669-400
L100000915467,way/104370242-220
L100000915486,way/156435509
L100000915536,way/48304858-220
L100000915561,way/104370242-220
L100000915605,way/170424446-400
L100000915616,way/48304858-220
L100000915628,way/104370242-220
L100000915644,way/48304858-220
L100000915659,way/127787669-400
L100000915680,way/85817084-400
L100000915684,relation/17294958-220
L100000915699,way/28308003-220
L100000915706,ES37-400
L100000915707,ES37-400
L100000915712,ES37-400
L100000915713,way/28308003-220
L100000915727,way/48304858-220
L100000915733,way/28308003-220
L100000915739,way/104370242-220
L100000915766,way/48304858-220
L100000915768,way/127787669-400
L100000915809,way/58928252-400
L100000915862,way/170424446-400
L100000915866,way/58928252-400
L100000915895,way/58928252-400
L100000915896,way/48304858-220
L100000915897,way/48304858-220
L100000915906,way/28308003-220
L100000915944,way/135457230-400
L100000915955,way/127787669-400
L100000915973,way/85817084-400
L100000915997,ES37-400
L100000916012,way/170424446-400
L100000916025,way/170424446-400
L100000916090,way/171251565-400
L100000916092,way/170424446-400
L100000916096,way/170424446-400
L100000916107,relation/17294958-220
L100000916219,way/256334221
L100000920726,way/58928252-400
L100000920727,way/58928252-400
L100000920728,way/104370242-220
L100000920729,way/127787669-400
L100000920730,way/127787669-400
L100000920731,way/127787669-400
L100000920732,way/1262731213-220
L100000920735,way/202891403-220
L100000920737,way/104370242-220
L100000920738,way/170424446-400
L100000920739,way/127787669-400
L100000920741,way/104370242-220
L100000920743,way/171251565-400
L100000920744,way/256334221
L100000920745,way/202891403-220
L100000920746,way/170424446-400
L100000920748,way/28308003-220
L100000920749,way/48304858-220
L100000920751,way/202891403-220
L100000920752,way/1262731213-220
L100000920753,way/171251565-400
L100000920754,way/171251565-400
L100000920755,way/127787669-400
L100000920756,way/1262731213-220
L100000920758,way/127787669-400
L100000920759,ES37-400
L100000920762,way/170424446-400
L100000920763,way/256334221
L100000920764,way/104370242-220
L100000920765,way/170424446-400
L100000920767,way/1262731213-220
L100000920768,way/104370242-220
L100000920769,way/85817084-400
L100000920770,way/171251565-400
L100000920771,way/104370242-220
L100000920773,ES37-400
L100000920774,way/127787669-400
L100000920775,way/104370242-220
L100000920776,way/28308003-220
L100000920777,way/202891403-220
L100000920778,way/58928252-400
L100000920780,way/28308003-220
L100000920781,way/170424446-400
L100000920782,way/170424446-400
L100000920783,way/104370242-220
L100000920784,way/104370242-220
L100000920785,way/104370242-220
L100000920787,way/127787669-400
L100000920788,way/1262731213-220
L100000920789,ES37-400
L100000920791,way/58928252-400
L100000920793,way/202891403-220
L100000920795,way/85817084-400
L100000920797,way/58928252-400
L100000920798,way/104370242-220
L100001000175,way/104370242-220
L100001000182,way/104370242-220
L100001000183,way/104370242-220
L100001000184,way/104370242-220
L100001000185,way/104370242-220
L100001000191,way/104370242-220
L100001000196,way/135457230-400
L100001000198,way/104370242-220
L100001000199,way/104370242-220
L100001000200,way/104370242-220
L100001000206,way/104370242-220
L100001000208,way/104370242-220
L100001000209,way/104370242-220
L100001000211,way/58928252-400
L100001000213,way/58928252-400
L100001000216,way/58928252-400
L100001000217,way/104370242-220
L100001000219,way/104370242-220
L100001000224,way/104370242-220
L100001000227,way/104370242-220
L100001000228,way/104370242-220
L100001000229,way/104370242-220
L100001000230,way/104370242-220
L100001000232,way/104370242-220
L100001000233,way/58928252-400
L100001000234,way/58928252-400
L100001000254,way/135457230-400
L100001000263,way/104370242-220
L100001000264,way/104370242-220
L100001000265,way/104370242-220
L100001000266,way/104370242-220
L100001000268,way/104370242-220
L100001000302,way/135457230-400
L100001000307,way/104370242-220
L100001000308,way/104370242-220
L100001000310,way/104370242-220
L100001000313,way/104370242-220
L100001000314,way/135457230-400
L100001000295,way/104370242-220
L100001000323,way/104370242-220
L100001000324,way/104370242-220
L100001000325,way/104370242-220
L100001000327,way/135457230-400
L100001000328,way/104370242-220
L100001000329,way/104370242-220
L100001000330,way/104370242-220
L100001000331,way/104370242-220
L100001000332,way/104370242-220
L100001000333,way/135457230-400
L100001000334,way/104370242-220
L100001000335,way/104370242-220
L100001000337,way/135457230-400
L100001000340,way/104370242-220
L100001000368,way/202891403-220
L100001000369,way/202891403-220
L100001000370,way/202891403-220
L100001000371,way/202891403-220
L100001000372,way/202891403-220
L100001000373,ES37-400
L100001000374,ES37-400
L100001000377,way/202891403-220
L100001000379,way/202891403-220
L100001000386,way/202891403-220
L100001000388,way/202891403-220
L100001000389,way/202891403-220
L100001000390,way/202891403-220
L100001000391,way/202891403-220
L100001000392,ES37-400
L100001000393,ES37-400
L100001000398,ES37-400
L100001000399,ES37-400
L100001000400,ES37-400
L100001000401,ES37-400
L100001000408,way/48304858-220
L100001000410,way/127787669-400
L100001000411,way/28308003-220
L100001000412,way/127787669-400
L100001000413,way/28308003-220
L100001000414,way/28308003-220
L100001000415,way/127787669-400
L100001000416,way/28308003-220
L100001000512,way/127787669-400
L100001000513,way/127787669-400
L100001000514,way/127787669-400
L100001000515,way/127787669-400
L100001000516,way/127787669-400
L100001000517,way/127787669-400
L100001000518,way/127787669-400
L100001000519,way/127787669-400
L100001000520,way/127787669-400
L100001000521,way/127787669-400
L100001000522,way/127787669-400
L100001000523,way/127787669-400
L100001000524,way/127787669-400
L100001000525,way/127787669-400
L100001000526,way/127787669-400
L100001000528,way/127787669-400
L100001000529,way/127787669-400
L100001000530,way/127787669-400
L100001000531,way/127787669-400
L100001000532,way/127787669-400
L100001000542,way/127787669-400
L100001000545,way/127787669-400
L100001000546,way/127787669-400
L100001000548,way/127787669-400
L100001000549,way/127787669-400
L100001000550,way/202891403-220
L100001000554,way/202891403-220
L100001000557,way/202891403-220
L100001000560,way/1154224087-225
L100001000582,way/127787669-400
L100001000584,way/28308003-220
L100001000585,way/28308003-220
L100001000586,way/127787669-400
L100001000604,way/127787669-400
L100001000609,way/127787669-400
L100001000627,way/127787669-400
L100001000642,way/1154224087-225
L100001000643,way/1154224087-225
L100001000644,way/127787669-400
L100001000645,way/127787669-400
L100000915065,way/127787669-400
L100001000652,way/124121964-220
L100001000699,way/127787669-400
L100001000722,way/127787669-400
L100001000724,way/127787669-400
L100001000727,way/127787669-400
L100001000728,way/127787669-400
L100001000730,way/127787669-400
L100001000731,way/127787669-400
L100001000732,way/127787669-400
L100001000842,way/127787669-400
L100001000843,way/127787669-400
L100001000844,way/127787669-400
L100001000845,way/127787669-400
L100001000846,way/127787669-400
L100001000847,way/124121964-220
L100001000848,way/124121964-220
L100001000849,way/124121964-220
L100001000850,way/124121964-220
L100001000851,way/256334221
L100001000852,way/127787669-400
L100001000853,way/127787669-400
L100001000854,way/1154224087-225
L100001000855,way/124121964-220
L100001000856,way/124121964-220
L100001000859,way/1154224087-225
L100001000860,way/1154224087-225
L100001000861,way/127787669-400
L100001000862,way/127787669-400
L100001000863,way/127787669-400
L100001000896,way/124121964-220
L100001000897,way/124121964-220
L100001000898,way/124121964-220
L100001000899,way/127787669-400
L100001000900,way/124121964-220
L100001000918,way/124121964-220
L100001000919,way/1154224087-225
L100001000920,way/1154224087-225
L100001000921,way/124121964-220
L100001000922,way/1154224087-225
L100001000923,way/127787669-400
L100001000924,way/127787669-400
L100001000925,way/127787669-400
L100001000926,way/127787669-400
L100001000928,way/124121964-220
L100001000930,way/124121964-220
L100001000932,way/1154224087-225
L100001000934,way/124121964-220
L100001000935,way/124121964-220
L100001000936,way/124121964-220
L100001000937,way/124121964-220
L100001000940,way/124121964-220
L100001000943,way/124121964-220
L100001000944,way/1154224087-225
L100001000952,way/124121964-220
L100001000955,way/127787669-400
L100001000956,way/127787669-400
L100001000959,way/124121964-220
L100001000960,way/127787669-400
L100001000963,way/127787669-400
L100001000966,way/178294745-400
L100001000967,way/124121964-220
L100001000983,way/171251565-400
L100001001017,way/171251565-400
L100001001018,way/171251565-400
L100001001142,ES37-400
L100001001144,way/127787669-400
L100001001149,way/85817084-400
L100001001155,way/85817084-400
L100001001163,way/1262731213-220
L100001001169,way/85817084-400
L100001001170,way/85817084-400
L100001001171,way/85817084-400
L100001001172,way/85817084-400
L100001001173,way/85817084-400
L100001001218,way/202891403-220
L100001003178,relation/17148268-400
L100001003179,relation/17148268-400
L100001003180,relation/17148268-400
L100001003181,relation/17148268-400
L100001003182,way/171251565-400
L100001003186,way/170424447-400
L100001003190,way/170424447-400
L100001003201,way/156435509
L100001003205,way/171251565-400
L100001003207,way/171251565-400
L100001003212,way/171251565-400
L100001003292,way/85817084-400
L100001003298,way/127787669-400
L100001003299,way/127787669-400
L100001003300,way/58928252-400
L100001003301,way/127787669-400
L100001003302,way/127787669-400
L100001003304,way/127787669-400
L100001003307,way/170424446-400
L100001003309,ES37-400
L100001003332,way/58928252-400
L100001003334,way/48304858-220
L100001003333,way/48304858-220
L100001003362,way/85817084-400
L100001003364,way/85817084-400
L100001003371,way/85817084-400
L100001003372,way/85817084-400
L100001003374,way/28308003-220
L100001003378,way/85817084-400
L100001003380,way/85817084-400
L100001003384,way/85817084-400
L100001003393,way/85817084-400
L100001003397,way/85817084-400
L100001003401,way/85817084-400
L100001003678,way/85817084-400
L100001003679,way/85817084-400
L100001003681,way/85817084-400
L100001003682,way/85817084-400
L100001003704,ES37-400
L100001003705,way/58928252-400
L100001003735,way/202891403-220
L100001003749,way/28308003-220
L100001003750,way/170424446-400
L100001003751,way/170424446-400
L100001003770,way/144767090-400
L100001003772,way/28308003-220
L100001003860,way/28308003-220
L100001003859,way/28308003-220
L100001003916,way/28308003-220
L100001003964,way/156435509
L100001003966,way/156435509
L100001003972,relation/17294958-220
L100001003917,way/171251565-400
L100001003974,way/171251565-400
L100001003973,way/171251565-400
L100001003976,way/28308003-220
L100001004041,way/85817084-400
L100001004042,ES37-400
L100001004043,way/127787669-400
L100001004044,way/127787669-400
L100001004045,way/127787669-400
L100001004046,way/127787669-400
L100001004047,way/127787669-400
L100001004048,way/127787669-400
L100001004049,way/127787669-400
L100001004050,way/127787669-400
L100001004051,way/127787669-400
L100001004052,way/127787669-400
L100001004070,way/127787669-400
L100001004084,way/1154224087-225
L100001004091,way/1154224087-225
L100001004092,way/1154224087-225
L100001004093,way/1154224087-225
L100001004095,way/1154224087-225
L100001004096,way/1154224087-225
L100001004094,way/1154224087-225
L100001004097,way/1154224087-225
L100001004098,way/1154224087-225
L100001004099,way/1154224087-225
L100001004100,way/1154224087-225
L100001004101,way/1154224087-225
L100001004121,way/1154224087-225
L100001004122,way/1154224087-225
L100001004124,way/1154224087-225
L100001004125,way/1154224087-225
L100001004126,way/1154224087-225
L100001004127,way/1154224087-225
L100001004129,way/1154224087-225
L100001004130,way/1154224087-225
L100001004128,way/1154224087-225
L100001004140,way/1154224087-225
L100001004141,way/1154224087-225
L100001004142,way/1154224087-225
L100001004143,way/1154224087-225
L100001004144,way/1154224087-225
L100001004145,way/28308003-220
L100001004146,way/85817084-400
L100001004147,way/28308003-220
L100001004148,way/28308003-220
L100001004149,way/28308003-220
L100001004159,way/1262731213-220
L100001004176,way/28308003-220
L100001004178,way/28308003-220
L100001004191,way/28308003-220
L100001004288,way/28308003-220
L100001004289,way/28308003-220
L100001004295,way/28308003-220
L100001004297,way/156435509
L100001004298,way/127787669-400
L100001004302,way/171251565-400
L100001004498,way/48304858-220
L100001004511,way/170424447-400
L100001004513,way/170424447-400
L100001004514,way/85817084-400
L100001004515,way/85817084-400
L100001004516,way/58928252-400
L100001004517,way/58928252-400
L100001004518,way/48304858-220
L100001004519,way/85817084-400
L100001004522,way/58928252-400
L100001004523,way/58928252-400
L100001004529,way/58928252-400
L100001004530,way/58928252-400
L100001004569,way/85817084-400
L100001004574,way/85817084-400
L100001004575,way/85817084-400
L100001004577,way/85817084-400
L100001004578,way/85817084-400
L100001004579,way/85817084-400
L100001004580,way/85817084-400
L100001004581,way/85817084-400
L100001004582,way/85817084-400
L100001004583,way/58928252-400
L100001004584,way/85817084-400
L100001004585,way/85817084-400
L100001004586,way/85817084-400
L100001004587,way/85817084-400
L100001004588,way/85817084-400
L100001004589,way/85817084-400
L100001004590,way/85817084-400
L100001004591,way/85817084-400
L100001004593,relation/17294958-220
L100001004595,way/58928252-400
L100001004597,way/58928252-400
L100001004599,way/58928252-400
L100001004600,way/58928252-400
L100001004601,way/58928252-400
L100001004602,way/58928252-400
L100001004603,ES37-400
L100001004604,ES37-400
L100001004618,way/202891403-220
L100001004620,way/48304858-220
L100001004622,way/58928252-400
L100001004623,way/58928252-400
L100001004626,way/58928252-400
L100001004627,way/58928252-400
L100001004628,way/58928252-400
L100001004629,way/58928252-400
L100001004630,way/58928252-400
L100001004631,way/85817084-400
L100001004632,way/58928252-400
L100001004635,way/58928252-400
L100001004639,way/85817084-400
L100001004641,way/85817084-400
L100001004642,way/85817084-400
L100001004643,way/85817084-400
L100001004644,way/85817084-400
L100001004658,way/85817084-400
L100001004659,way/85817084-400
L100001004660,way/85817084-400
L100001004661,way/58928252-400
L100001004662,way/85817084-400
L100001004663,way/85817084-400
L100001004664,way/85817084-400
L100001004665,way/85817084-400
L100001004666,way/85817084-400
L100001004667,way/58928252-400
L100001004668,way/58928252-400
L100001004669,way/58928252-400
L100001004670,way/58928252-400
L100001004671,way/85817084-400
L100001005059,way/171251565-400
L100001005060,way/171251565-400
L100001005063,way/127787669-400
L100001005064,way/28308003-220
L100001005065,way/127787669-400
L100001005067,way/127787669-400
L100001005069,way/1154224087-225
L100001005071,way/1154224087-225
L100001005073,way/127787669-400
L100001005074,way/127787669-400
L100001005077,way/127787669-400
L100001005080,way/1154224087-225
L100001005081,way/1154224087-225
L100001005082,way/1154224087-225
L100001005091,way/1154224087-225
L100001005092,way/1154224087-225
L100001005093,way/1154224087-225
L100001005094,way/1154224087-225
L100001005095,way/1154224087-225
L100001005096,way/1154224087-225
L100001005097,way/170424446-400
L100001005098,way/1154224087-225
L100001005101,way/1154224087-225
L100001005104,way/1154224087-225
L100001005108,way/1154224087-225
L100001005115,way/48304858-220
L100001005139,way/28308003-220
L100001005146,way/1154224087-225
L100001005147,way/127787669-400
L100001005148,way/127787669-400
L100001005149,way/1154224087-225
L100001005150,way/1154224087-225
L100001005151,way/1154224087-225
L100001005153,way/1154224087-225
L100001005152,way/1154224087-225
L100001005154,way/48304858-220
L100001005155,way/171251565-400
L100001005192,way/127787669-400
L100001005195,way/127787669-400
L100001005197,way/171560239-220
L100001005199,way/170424446-400
L100001005201,way/171560239-220
L100001005202,way/170424447-400
L100001005205,way/144767090-400
L100001005210,way/170424446-400
L100001005212,way/144767090-400
L100001005226,way/170424447-400
L100001005227,way/156435509
L100001005352,way/171251565-400
L100001005353,way/171560239-220
L100001005354,way/171560239-220
L100001005355,way/171560239-220
L100001005357,way/28308003-220
L100001005359,way/28308003-220
L100001005360,relation/17148268-400
L100001005361,relation/17148268-400
L100001005363,way/28308003-220
L100001005365,way/28308003-220
L100001005367,way/28308003-220
L100001005369,way/28308003-220
L100001005370,way/171560239-220
L100001005371,way/171560239-220
L100001005372,way/171560239-220
L100001005373,way/156435509
L100001005376,way/171560239-220
L100001005377,way/28308003-220
L100001005378,way/28308003-220
L100001005379,way/28308003-220
L100001005380,relation/17148268-400
L100001005461,way/28308003-220
L100001005462,way/28308003-220
L100001005463,way/28308003-220
L100001005464,way/28308003-220
L100001005465,relation/17148268-400
L100001005467,way/28308003-220
L100001005469,relation/17148268-400
L100001005470,way/28308003-220
L100001005471,way/171560239-220
L100001005472,way/28308003-220
L100001005473,way/156435509
L100001005475,way/171560239-220
L100001005477,way/171560239-220
L100001005478,way/28308003-220
L100001005479,way/28308003-220
L100001005480,way/28308003-220
L100001005481,way/156435509
L100001005482,way/171251565-400
L100001005484,way/202891403-220
L100001005485,way/104370242-220
L100001005487,way/85817084-400
L100001005488,way/58928252-400
L100001005489,way/104370242-220
L100001005509,ES37-400
L100001005510,way/1262731213-220
L100001005511,way/170424446-400
L100001005512,way/156435509
L100001005513,way/58928252-400
L100001005514,way/28308003-220
L100001005515,way/156435509
L100001005518,way/104370242-220
L100001005519,way/48304858-220
L100001005520,way/170424446-400
L100001005521,way/170424446-400
L100001005534,way/85817084-400
L100001005535,way/104370242-220
L100001005540,way/171251565-400
L100001005541,way/28308003-220
L100001005542,way/1262731213-220
L100001005587,way/58928252-400
L100001005588,way/171560239-220
L100001005589,way/156435509
L100001005590,way/171251565-400
L100001005593,way/127787669-400
L100001005594,way/1262731213-220
L100001005595,way/85817084-400
L100001005596,way/171251565-400
L100001005599,way/85817084-400
L100001005600,way/28308003-220
L100001005603,way/28308003-220
L100001005604,way/28308003-220
L100001005605,way/171560239-220
L100001005606,way/171251565-400
L100001005607,way/28308003-220
L100001005609,way/171251565-400
L100001005611,way/48304858-220
L100001005612,way/28308003-220
L100001005613,way/127787669-400
L100001005614,way/171251565-400
L100001005615,way/171560239-220
L100001005616,way/1262731213-220
L100001005617,way/1262731213-220
L100001005618,way/171251565-400
L100001005619,way/171251565-400
L100001005620,way/28308003-220
L100001005621,way/156435509
L100001005622,way/171251565-400
L100001005623,way/85817084-400
L100001005624,way/85817084-400
L100001005625,way/85817084-400
L100001005626,way/85817084-400
L100001005627,way/85817084-400
L100001005628,way/85817084-400
L100001005629,way/48304858-220
L100001005630,way/28308003-220
L100001005649,way/171560239-220
L100001005650,way/171560239-220
L100001005651,way/28308003-220
L100001005652,way/28308003-220
L100001005653,way/85817084-400
L100001005654,way/85817084-400
L100001005655,way/28308003-220
L100001005656,way/28308003-220
L100001005657,way/171560239-220
L100001005659,way/171251565-400
L100001005660,way/127787669-400
L100001005673,way/127787669-400
L100001005676,way/170424447-400
L100001005677,way/28308003-220
L100001005685,way/28308003-220
L100001005687,way/171560239-220
L100001005688,relation/17148268-400
L100001005690,way/171560239-220
L100001005691,way/171251565-400
L100001005692,way/156435509
L100001005694,way/171560239-220
L100001005695,way/85817084-400
L100001005696,way/170424447-400
L100001005697,way/1262731213-220
L100001005698,way/28308003-220
L100001005700,way/171560239-220
L100001007555,relation/17148268-400
L100001007556,way/170424446-400
L100001007557,way/170424447-400
L100001007559,way/1262731213-220
L100001007560,way/144767090-400
L100001007561,way/58928252-400
L100001007562,way/28308003-220
L100001007563,way/28308003-220
L100001007564,way/171251565-400
L100001007565,way/124121964-220
L100001007567,way/170424446-400
L100001007570,way/170424446-400
L100001007577,way/171251565-400
L100001007578,way/170424447-400
L100001007579,way/85817084-400
L100001007580,way/127787669-400
L100001007583,way/171560239-220
L100001007585,relation/17148268-400
L100001007587,relation/17148268-400
L100001007589,way/171251565-400
L100001007590,way/171560239-220
L100001007591,way/1262731213-220
L100001007592,way/124121964-220
L100001007593,way/144767090-400
L100001007594,way/28308003-220
L100001007595,way/124121964-220
L100001007596,way/171251565-400
L100001007597,way/127787669-400
L100001007599,way/85817084-400
L100001007600,way/170424447-400
L100001007601,way/171251565-400
L100001007602,way/85817084-400
L100001007603,way/58928252-400
L100001007605,way/171560239-220
L100001007622,way/144767090-400
L100001007624,way/1262731213-220
L100001007625,way/127787669-400
L100001007657,way/85817084-400
L100001007658,way/127787669-400
L100001007661,way/85817084-400
L100001007662,way/85817084-400
L100001007665,way/144767090-400
L100001007666,way/48304858-220
L100001007668,way/28308003-220
L100001007669,way/171251565-400
L100001007670,way/144767090-400
L100001007671,way/171560239-220
L100001007672,way/171251565-400
L100001007673,way/171251565-400
L100001007674,way/171251565-400
L100001007677,way/171251565-400
L100001007678,way/127787669-400
L100001007680,way/1262731213-220
L100001007681,ES37-400
L100001007683,way/1262731213-220
L100001007685,way/144767090-400
L100001007692,way/171251565-400
L100001007696,way/85817084-400
L100001009090,relation/17148268-400
L100001009091,way/171251565-400
L100001009092,way/171251565-400
L100001009093,way/171251565-400
L100001009094,way/171251565-400
L100001009095,way/171251565-400
L100001009096,way/156435509
L100001009097,way/171251565-400
L100001009098,way/171251565-400
L100001009099,way/171251565-400
L100001009100,way/171251565-400
L100001009101,way/171251565-400
L100001009102,way/171251565-400
L100001009103,way/171251565-400
L100001009104,way/171251565-400
L100001009105,way/171251565-400
L100001009106,way/171251565-400
L100001009107,way/171251565-400
L100001009108,way/171251565-400
L100001009109,way/171251565-400
L100001009110,way/171251565-400
L100001009111,way/85817084-400
L100001009112,way/85817084-400
L100001009113,way/144767090-400
L100001009114,way/144767090-400
L100001009115,way/144767090-400
L100001009116,way/144767090-400
L100001009117,way/144767090-400
L100001009118,way/144767090-400
L100001009119,relation/17148268-400
L100001009120,relation/17148268-400
L100001009121,way/144767090-400
L100001009122,way/144767090-400
L100001009123,way/144767090-400
L100001009124,relation/17148268-400
L100001009125,relation/17148268-400
L100001009126,relation/17148268-400
L100001009127,relation/17148268-400
L100001009128,relation/17148268-400
L100001009129,way/144767090-400
L100001009130,way/124121964-220
L100001009131,way/124121964-220
L100001009132,way/124121964-220
L100001009133,way/124121964-220
L100001009134,way/48304858-220
L100001009135,relation/17148268-400
L100001009136,way/156435509
L100001009137,relation/17148268-400
L100001009138,relation/17148268-400
L100001009139,way/156435509
L100001009140,relation/17148268-400
L100001009141,relation/17148268-400
L100001009142,relation/17148268-400
L100001009143,relation/17148268-400
L100001009144,relation/17148268-400
L100001009145,way/84526032-400
L100001009146,way/1262731213-220
L100001009147,way/1262731213-220
L100001009148,way/1262731213-220
L100001009149,way/156435509
L100001009150,way/171560239-220
L100001009151,way/171560239-220
L100001009152,way/171560239-220
L100001009153,way/171560239-220
L100001009154,way/171560239-220
L100001009155,way/171560239-220
L100001009156,way/171560239-220
L100001009157,way/171560239-220
L100001009158,way/171560239-220
L100001009159,way/1262731213-220
L100001009160,way/1262731213-220
L100001009161,way/144767090-400
L100001009162,way/1262731213-220
L100001009163,way/1262731213-220
L100001009164,way/1262731213-220
L100001009165,way/1262731213-220
L100001009166,way/171560239-220
L100001009167,way/1262731213-220
L100001009168,way/1262731213-220
L100001009169,way/156435509
L100001009170,way/28308003-220
L100001009171,way/156435509
L100001009172,way/171251565-400
L100001009173,way/171251565-400
L100001009174,way/28308003-220
L100001009175,way/171560239-220
L100001009176,way/171560239-220
L100001009177,way/171560239-220
L100001009178,way/171560239-220
L100001009179,way/171560239-220
L100001009180,way/171560239-220
L100001009181,way/28308003-220
L100001009182,way/28308003-220
L100001009183,way/170424446-400
L100001009184,way/170424446-400
L100001009185,way/170424446-400
L100001009186,way/1154224087-225
L100001009187,way/1262731213-220
L100001009188,way/171560239-220
L100001009189,ES37-400
L100001009190,ES37-400
L100001009191,way/171251565-400
L100001009192,way/170424446-400
L100001009193,way/58928252-400
L100001009194,way/1262731213-220
L100001009195,way/1262731213-220
L100001009196,way/1262731213-220
L100001009197,way/171251565-400
L100001009198,way/171251565-400
L100001009199,way/171251565-400
L100001009200,way/171251565-400
L100001009201,way/171251565-400
L100001009202,way/171251565-400
L100001009203,way/171251565-400
L100001009204,way/171251565-400
L100001009205,way/171251565-400
L100001009206,way/171251565-400
L100001009207,way/171251565-400
L100001009208,way/171251565-400
L100001009209,way/171251565-400
L100001009210,way/171251565-400
L100001009211,way/171251565-400
L100001009212,way/171251565-400
L100001009213,way/171251565-400
L100001009214,way/171251565-400
L100001009215,way/171251565-400
L100001009216,way/171251565-400
L100001009217,way/171251565-400
L100001009218,way/171251565-400
L100001009219,ES37-400
L100001009220,ES37-400
L100001009221,ES37-400
L100001009222,ES37-400
L100001009223,ES37-400
L100001009224,ES37-400
L100001009225,ES37-400
L100001009226,ES37-400
L100001009227,ES37-400
L100001009228,ES37-400
L100001009229,ES37-400
L100001009230,ES37-400
L100001009231,ES37-400
L100001009232,way/85817084-400
L100001009233,relation/17294958-220
L100001009234,way/85817084-400
L100001009235,way/170424446-400
L100001009236,way/170424446-400
L100001009237,way/170424446-400
L100001009238,way/170424446-400
L100001009239,way/170424446-400
L100001009240,way/170424446-400
L100001009241,way/170424446-400
L100001009242,way/1262731213-220
L100001009243,way/170424447-400
L100001009244,way/170424447-400
L100001009245,way/170424447-400
L100001009246,way/170424447-400
L100001009247,way/170424447-400
L100001009248,way/170424447-400
L100001009249,way/170424447-400
L100001009250,way/170424447-400
L100001009251,way/28308003-220
L100001009252,way/127787669-400
L100001009253,way/127787669-400
L100001009254,way/127787669-400
L100001009255,way/127787669-400
L100001009256,way/127787669-400
L100001009257,way/28308003-220
L100001009258,relation/17148268-400
L100001009259,way/28308003-220
L100001009260,way/28308003-220
L100001009261,way/28308003-220
L100001009262,relation/17148268-400
L100001009263,way/171560239-220
L100001009264,way/28308003-220
L100001009265,way/28308003-220
L100001009266,way/28308003-220
L100001009267,way/28308003-220
L100001009268,way/28308003-220
L100001009269,way/171251565-400
L100001009270,way/171251565-400
L100001009271,way/171251565-400
L100001009272,way/156435509
L100001009273,way/156435509
L100001009274,way/85817084-400
L100001009275,way/85817084-400
L100001009276,way/85817084-400
L100001009277,way/85817084-400
L100001009278,way/85817084-400
L100001009279,way/85817084-400
L100001009280,way/85817084-400
L100001009281,way/85817084-400
L100001009282,way/85817084-400
L100001009283,way/127787669-400
L100001009284,way/127787669-400
L100001009285,way/1154224087-225
L100001009286,way/127787669-400
L100001009287,way/127787669-400
L100001009288,way/85817084-400
L100001009289,way/171560239-220
L100001009290,way/171560239-220
L100001009291,way/85817084-400
L100001009292,way/127787669-400
L100001009293,way/85817084-400
L100001009294,way/28308003-220
L100001009295,way/171251565-400
L100001009296,way/28308003-220
L100001009297,way/156435509
L100001009298,way/28308003-220
L100001009299,way/171560239-220
L100001009300,way/28308003-220
L100001009301,way/171251565-400
L100001009302,way/156435509
L100001009303,ES37-400
L100001009304,relation/17148268-400
L100001009305,way/28308003-220
L100001009306,way/171251565-400
L100001009307,way/28308003-220
L100001009308,way/127787669-400
L100001009309,way/1262731213-220
L100001009310,way/171251565-400
L100001009311,way/1154224087-225
L100001009312,way/171251565-400
L100001009313,way/28308003-220
L100001009314,way/28308003-220
L100001009315,way/28308003-220
L100001009316,way/144767090-400
L100001009317,relation/17148268-400
L100001009318,way/84526032-400
L100001009319,way/84526032-400
L100001009320,way/84526032-400
L100001009321,way/1262731213-220
L100001009322,way/1262731213-220
L100001009323,way/1262731213-220
L100001009324,way/1262731213-220
L100001009325,way/170424447-400
L100001009326,way/1262731213-220
L100001009327,way/170424447-400
L100001009328,way/170424447-400
L100001009329,way/144767090-400
L100001009330,way/170424447-400
L100001009331,relation/17148268-400
L100001009332,way/85817084-400
L100001009333,way/85817084-400
L100001009334,way/85817084-400
L100001009335,way/85817084-400
L100001009336,way/171560239-220
L100001009337,way/171560239-220
L100001009338,way/171560239-220
L100001009339,way/171560239-220
L100001009340,way/171560239-220
L100001009341,way/171560239-220
L100001009342,way/1262731213-220
L100001009343,way/171560239-220
L100001009344,way/171560239-220
L100001009345,way/171560239-220
L100001009346,way/28308003-220
L100001009347,way/28308003-220
L100001009348,way/156435509
L100001009349,way/28308003-220
L100001009350,way/28308003-220
L100001009351,way/28308003-220
L100001009352,way/156435509
L100001009353,way/28308003-220
L100001009354,way/171251565-400
L100001009355,way/171251565-400
L100001009356,way/171251565-400
L100001009357,way/171251565-400
L100001009358,way/171251565-400
L100001009359,way/171251565-400
L100001009360,way/1154224087-225
L100001009361,way/171251565-400
L100001009362,way/171251565-400
L100001009363,way/171251565-400
L100001009364,way/171251565-400
L100001009365,way/127787669-400
L100001009366,way/127787669-400
L100001009367,way/124121964-220
L100001009368,way/171251565-400
L100001009369,way/171251565-400
L100001009370,way/171251565-400
L100001009371,way/170424447-400
L100001009372,way/85817084-400
L100001009373,way/171251565-400
L100001009374,way/144767090-400
L100001009375,way/28308003-220
L100001009376,way/144767090-400
L100001009377,way/85817084-400
L100001009378,way/84526032-400
L100001009379,relation/17148268-400
L100001009380,way/171251565-400
L100001009381,way/171560239-220
L100001009382,way/171560239-220
L100001009383,way/85817084-400
L100001009384,way/1262731213-220
L100001009385,way/171560239-220
L100001009386,way/28308003-220
L100001009387,way/171251565-400
L100001009388,way/171251565-400
L100001009389,way/28308003-220
L100001009390,way/124121964-220
L100001009391,way/28308003-220
L100001009392,way/171251565-400
L100001009393,way/171560239-220
L100001009394,way/171251565-400
L100001009395,way/156435509
L100001009396,way/85817084-400
L100001009397,relation/17148268-400
L100001009398,way/171251565-400
L100001009399,way/127787669-400
L100001009400,way/1262731213-220
L100001009401,way/28308003-220
L100001009402,way/28308003-220
L100001009403,way/170424447-400
L100001009404,way/171251565-400
L100001009405,way/1262731213-220
L100001009406,way/85817084-400
L100001009407,way/171560239-220
L100001009408,way/124121964-220
L100001009409,way/171251565-400
L100001009410,way/28308003-220
L100001009411,way/171560239-220
L100001009412,way/124121964-220
L100001009413,way/171251565-400
L100001009414,way/156435509
L100001009415,way/85817084-400
L100001009416,way/171560239-220
L100001009417,way/171560239-220
L100001009418,way/1262731213-220
L100001009419,way/170424447-400
L100001009420,way/156435509
L100001009421,way/124121964-220
L100001009422,way/171251565-400
L100001009423,way/127787669-400
L100001009424,way/170424447-400
L100001009425,way/144767090-400
L100001009426,way/144767090-400
L100001009427,way/171251565-400
L100001009428,way/28308003-220
L100001009429,way/171251565-400
L100001009430,relation/17148268-400
L100001009431,ES37-400
L100001009432,way/28308003-220
L100001009433,way/28308003-220
L100001009434,way/256334221
L100001009435,way/144767090-400
L100001009436,way/124121964-220
L100001009437,way/1262731213-220
L100001009438,way/85817084-400
L100001009439,way/58928252-400
L100001009440,way/85817084-400
L100001009441,way/127787669-400
L100001009442,way/124121964-220
L100001009443,way/170424447-400
L100001009444,way/171251565-400
L100001009445,way/171251565-400
L100001009446,way/127787669-400
L100001009447,way/28308003-220
L100001009448,way/124121964-220
L100001009449,way/28308003-220
L100001009450,way/1262731213-220
L100001009451,way/171560239-220
L100001009452,ES37-400
L100001009453,way/171560239-220
L100001009454,way/170424446-400
L100001009455,way/171251565-400
L100001009456,way/144767090-400
L100001009457,way/127787669-400
L100001009458,way/1262731213-220
L100001009459,way/124121964-220
L100001009460,way/85817084-400
L100001009461,way/85817084-400
L100001009462,way/127787669-400
L100001009463,way/171251565-400
L100001009464,way/170424447-400
L100001009465,way/28308003-220
L100001009466,way/144767090-400
L100001009467,relation/17148268-400
L100001009468,ES37-400
L100001009469,ES37-400
L100001009470,way/171560239-220
L100001009471,way/124121964-220
L100001009472,way/171560239-220
L100001009473,way/156435509
L100001009474,way/48304858-220
L100001009475,way/156435509
L100001009476,way/28308003-220
L100001009477,way/170424446-400
L100001009478,way/171251565-400
L100001009479,way/28308003-220
L100001009480,way/171251565-400
L100001009481,way/124121964-220
L100001009482,way/144767090-400
L100001009483,way/85817084-400
L100001009484,way/171251565-400
L100001009485,way/171560239-220
L100001009486,way/171251565-400
L100001009487,way/124121964-220
L100001009488,way/28308003-220
L100001009489,way/144767090-400
L100001009490,way/171251565-400
L100001009491,way/171251565-400
L100001009492,way/85817084-400
L100001009493,relation/17148268-400
L100001009494,way/171251565-400
L100001009495,way/28308003-220
L100001009496,way/156435509
L100001009497,relation/17148268-400
L100001009498,way/171560239-220
L100001009499,way/124121964-220
L100001009500,way/144767090-400
L100001009501,way/156435509
L100001009502,way/171251565-400
L100001009503,way/124121964-220
L100001009504,way/171251565-400
L100001009505,way/1262731213-220
L100001009506,way/171251565-400
L100001009507,way/144767090-400
L100001009508,way/85817084-400
L100001009509,way/170424447-400
L100001009510,way/1262731213-220
L100001009511,way/156435509
L100001009512,way/124121964-220
L100001009513,way/144767090-400
L100001009514,way/84526032-400
L100001009515,way/1262731213-220
L100001009516,way/170424447-400
L100001009517,way/28308003-220
L100001009518,relation/17294958-220
L100001009519,way/124121964-220
L100001009520,way/127787669-400
L100001009521,way/170424447-400
L100001009522,way/124121964-220
L100001009523,way/170424447-400
L100001009524,way/127787669-400
L100001009525,way/127787669-400
L100001009526,way/124121964-220
L100001009527,way/171251565-400
L100001009528,way/171251565-400
L100001009529,way/170424447-400
L100001009530,way/144767090-400
L100001009531,way/171251565-400
L100001009532,way/28308003-220
L100001009533,way/171560239-220
L100001009534,way/171251565-400
L100001009535,relation/17148268-400
L100001009536,way/171251565-400
L100001009537,way/171251565-400
L100001009538,way/85817084-400
L100001009539,relation/17294958-220
L100001009540,way/171251565-400
L100001009541,way/171251565-400
L100001009542,way/85817084-400
L100001009543,way/85817084-400
L100001009544,way/28308003-220
L100001009545,way/124121964-220
L100001009546,way/170424446-400
L100001009547,way/28308003-220
L100001009548,way/171251565-400
L100001009549,way/171251565-400
L100001009550,relation/17148268-400
L100001009551,relation/17148268-400
L100001009552,way/144767090-400
L100001009553,way/171251565-400
L100001009554,way/1262731213-220
L100001009555,way/171251565-400
L100001009556,way/171560239-220
L100001009557,ES37-400
L100001009558,way/171251565-400
L100001009559,way/124121964-220
L100001009560,way/170424447-400
L100001009561,way/156435509
L100001009562,relation/17148268-400
L100001009563,way/85817084-400
L100001009564,way/28308003-220
L100001009565,way/171560239-220
L100001009566,way/1262731213-220
L100001009567,way/171251565-400
L100001009568,way/171251565-400
L100001009569,way/1262731213-220
L100001009570,way/127787669-400
L100001009571,way/85817084-400
L100001009572,way/171251565-400
L100001009573,way/171251565-400
L100001009574,way/171251565-400
L100001009575,way/1262731213-220
L100001009576,way/171251565-400
L100001009577,way/85817084-400
L100001009578,way/1262731213-220
L100001009579,way/171560239-220
L100001009580,way/171251565-400
L100001009581,relation/17148268-400
L100001009582,way/171251565-400
L100001009583,way/1262731213-220
L100001009584,way/124121964-220
L100001009585,way/171560239-220
L100001009586,way/171560239-220
L100001009587,way/85817084-400
L100001009588,way/124121964-220
L100001009589,way/171560239-220
L100001009590,way/171251565-400
L100001009591,way/1154224087-225
L100001009592,way/1262731213-220
L100001009593,way/1262731213-220
L100001009594,way/170424446-400
L100001009595,way/124121964-220
L100001009596,way/171251565-400
L100001009597,way/28308003-220
L100001009598,way/171251565-400
L100001009599,way/144767090-400
L100001009600,way/171251565-400
L100001009601,way/85817084-400
L100001009602,way/171560239-220
L100001009603,way/171560239-220
L100001009604,ES37-400
L100001009605,way/28308003-220
L100001009606,way/171251565-400
L100001009607,way/171251565-400
L100001009608,way/28308003-220
L100001009609,way/85817084-400
L100001009610,way/124121964-220
L100001009611,way/171251565-400
L100001009612,way/171560239-220
L100001009613,way/85817084-400
L100001009614,way/171560239-220
L100001009615,way/124121964-220
L100001009616,way/124121964-220
L100001009617,way/28308003-220
L100001009618,way/124121964-220
L100001009619,way/85817084-400
L100001009620,way/171560239-220
L100001009621,way/170424447-400
L100001009622,way/171251565-400
L100001009623,way/171560239-220
L100001009624,way/1262731213-220
L100001009625,way/171251565-400
L100001009626,way/144767090-400
L100001009627,way/1262731213-220
L100001009628,way/28308003-220
L100001009629,way/1262731213-220
L100001009630,way/1154224087-225
L100001009631,relation/17148268-400
L100001009632,way/85817084-400
L100001009633,relation/17148268-400
L100001009634,relation/17148268-400
L100001009635,relation/17148268-400
L100001009636,way/171251565-400
L100001009637,way/85817084-400
L100001009638,way/171251565-400
L100001009639,way/48304858-220
L100001009640,way/144767090-400
L100001009641,way/170424447-400
L100001009642,way/171251565-400
L100001009643,way/171560239-220
L100001009644,way/127787669-400
L100001009645,way/171251565-400
L100001009646,way/171251565-400
L100001009647,way/85817084-400
L100001009648,way/171560239-220
L100001009649,way/144767090-400
L100001009650,way/85817084-400
L100001009651,way/156435509
L100001009652,way/48304858-220
L100001009653,way/28308003-220
L100001009654,way/156435509
L100001009655,relation/17148268-400
L100001009656,way/28308003-220
L100001009657,way/28308003-220
L100001009658,way/171251565-400
L100001009659,way/156435509
L100001009660,way/127787669-400
L100001009661,way/171251565-400
L100001009662,way/171251565-400
L100001009663,way/85817084-400
L100001009664,ES37-400
L100001009665,way/1262731213-220
L100001009666,way/170424447-400
L100001009667,way/170424447-400
L100001009668,way/124121964-220
L100001009669,way/171560239-220
L100001009670,way/170424446-400
L100001009671,way/171251565-400
L100001009672,way/85817084-400
L100001009673,way/171251565-400
L100001009674,way/127787669-400
L100001009675,way/124121964-220
L100001009676,way/85817084-400
L100001009677,relation/17148268-400
L100001009678,way/127787669-400
L100001009679,way/171251565-400
L100001009680,way/28308003-220
L100001009681,ES37-400
L100001009682,way/170424447-400
L100001009683,way/171251565-400
L100001009684,way/58928252-400
L100001009685,way/1262731213-220
L100001009686,way/171251565-400
L100001009687,way/156435509
L100001009688,way/85817084-400
L100001009689,way/171560239-220
L100001009690,way/170424446-400
L100001009691,way/256334221
L100001009692,way/171251565-400
L100001009693,way/170424446-400
L100001009694,way/28308003-220
L100001009695,way/85817084-400
L100001009696,way/171251565-400
L100001009697,way/127787669-400
L100001009698,way/1154224087-225
L100001009699,way/124121964-220
L100001009700,way/85817084-400
L100001009701,way/144767090-400
L100001009702,way/124121964-220
L100001009703,way/85817084-400
L100001009704,ES37-400
L100001009705,way/85817084-400
L100001009706,way/171560239-220
L100001009707,way/171560239-220
L100001009708,way/171251565-400
L100001009709,way/170424447-400
L100001009710,way/124121964-220
L100001009711,ES37-400
L100001009712,way/171251565-400
L100001009713,relation/17148268-400
L100001009714,way/156435509
L100001009715,way/28308003-220
L100001009716,way/28308003-220
L100001009717,way/85817084-400
L100001009718,ES37-400
L100001009719,way/170424447-400
L100001009720,way/171251565-400
L100001009721,ES37-400
L100001009722,way/127787669-400
L100001009723,way/1262731213-220
L100001009724,way/171251565-400
L100001009725,way/156435509
L100001009726,way/171251565-400
L100001009727,way/156435509
L100001009728,way/171251565-400
L100001009729,way/171251565-400
L100001009730,way/156435509
L100001009731,way/171560239-220
L100001009732,way/124121964-220
L100001009733,way/28308003-220
L100001009734,way/124121964-220
L100001009735,way/144767090-400
L100001009736,way/127787669-400
L100001009737,way/171560239-220
L100001009738,way/1154224087-225
L100001009739,way/170424446-400
L100001009740,way/85817084-400
L100001009741,way/170424447-400
L100001009742,relation/17294958-220
L100001009743,way/124121964-220
L100001009744,way/85817084-400
L100001009745,way/1262731213-220
L100001009746,way/85817084-400
L100001009747,way/28308003-220
L100001009748,relation/17294958-220
L100001009749,way/171251565-400
L100001009750,way/28308003-220
L100001009751,way/170424446-400
L100001009752,way/171251565-400
L100001009753,way/171251565-400
L100001009754,way/171560239-220
L100001009755,way/28308003-220
L100001009756,ES37-400
L100001009757,relation/17148268-400
L100001009758,way/171251565-400
L100001009759,way/85817084-400
L100001009760,way/170424447-400
L100001009761,way/28308003-220
L100001009762,way/171560239-220
L100001009763,way/28308003-220
L100001009764,way/171560239-220
L100001009765,way/156435509
L100001009766,relation/17148268-400
L100001009767,relation/17148268-400
L100001009768,way/124121964-220
L100001009769,way/171251565-400
L100001009770,relation/17148268-400
L100001009771,way/171251565-400
L100001009772,way/170424446-400
L100001009773,way/85817084-400
L100001009774,way/127787669-400
L100001009775,relation/17148268-400
L100001009776,way/1262731213-220
L100001009777,way/127787669-400
L100001009778,way/127787669-400
L100001009779,way/124121964-220
L100001009780,way/171251565-400
L100001009781,way/170424447-400
L100001009782,way/124121964-220
L100001009783,way/85817084-400
L100001009784,way/85817084-400
L100001009785,relation/17148268-400
L100001009786,way/171251565-400
L100001009787,way/171560239-220
L100001009788,way/85817084-400
L100001009789,way/171560239-220
L100001009790,way/171560239-220
L100001009791,way/124121964-220
L100001009792,way/85817084-400
L100001009793,way/124121964-220
L100001009794,way/85817084-400
L100001009795,way/127787669-400
L100001009796,way/202891403-220
L100001009797,way/144767090-400
L100001009798,way/28308003-220
L100001009799,way/28308003-220
L100001009800,way/1262731213-220
L100001009801,relation/17148268-400
L100001009802,way/28308003-220
L100001009803,way/28308003-220
L100001009804,way/124121964-220
L100001009805,way/171251565-400
L100001009806,way/170424447-400
L100001009807,way/85817084-400
L100001009808,way/171560239-220
L100001009809,way/171251565-400
L100001009810,way/171560239-220
L100001009811,way/171251565-400
L100001009812,relation/17294958-220
L100001009813,way/1262731213-220
L100001009814,way/171251565-400
L100001009815,way/84526032-400
L100001009816,way/170424446-400
L100001009817,way/85817084-400
L100001009818,way/171251565-400
L100001009819,way/171251565-400
L100001009820,way/1262731213-220
L100001009821,way/124121964-220
L100001009822,way/28308003-220
L100001009823,way/144767090-400
L100001009824,way/1262731213-220
L100001009825,way/28308003-220
L100001009826,way/171251565-400
L100001009827,way/171251565-400
L100001009828,relation/17148268-400
L100001009829,way/124121964-220
L100001009830,way/171251565-400
L100001009831,way/170424446-400
L100001009832,relation/17148268-400
L100001009833,way/171251565-400
L100001009834,way/171560239-220
L100001009835,way/28308003-220
L100001009836,way/171251565-400
L100001009837,way/170424447-400
L100001009838,way/170424447-400
L100001009839,way/85817084-400
L100001009840,way/28308003-220
L100001009841,way/256334221
L100001009842,way/85817084-400
L100001009843,way/171251565-400
L100001009844,way/85817084-400
L100001009845,way/171251565-400
L100001009846,way/28308003-220
L100001009847,way/144767090-400
L100001009848,way/171251565-400
L100001009849,way/127787669-400
L100001009850,way/171251565-400
L100001009851,way/28308003-220
L100001009852,way/85817084-400
L100001009853,way/171251565-400
L100001009854,way/28308003-220
L100001009855,ES37-400
L100001009856,way/124121964-220
L100001009857,way/171251565-400
L100001009858,way/171560239-220
L100001009859,way/85817084-400
L100001009860,way/127787669-400
L100001009861,ES37-400
L100001009862,way/85817084-400
L100001009863,way/171560239-220
L100001009864,relation/17148268-400
L100001009865,way/127787669-400
L100001009866,way/127787669-400
L100001009867,way/85817084-400
L100001009868,way/124121964-220
L100001009869,way/28308003-220
L100001009870,way/1154224087-225
L100001009871,way/171251565-400
L100001009872,way/171560239-220
L100001009873,way/28308003-220
L100001009874,way/28308003-220
L100001009875,way/144767090-400
L100001009876,way/127787669-400
L100001009877,way/171251565-400
L100001009878,way/170424447-400
L100001009879,relation/17148268-400
L100001009880,way/170424447-400
L100001009881,way/171251565-400
L100001009882,way/104370242-220
L100001009883,way/124121964-220
L100001009884,way/171251565-400
L100001009885,way/85817084-400
L100001009886,way/171560239-220
L100001009887,way/171251565-400
L100001009888,way/171251565-400
L100001009889,way/85817084-400
L100001009890,way/156435509
L100001009891,way/124121964-220
L100001009892,ES37-400
L100001009893,way/171251565-400
L100001009894,way/1262731213-220
L100001009895,way/85817084-400
L100001009896,way/171560239-220
L100001009897,way/171251565-400
L100001009898,ES37-400
L100001009899,way/127787669-400
L100001009900,way/1262731213-220
L100001009901,way/171251565-400
L100001009902,way/1262731213-220
L100001009903,way/171251565-400
L100001009904,way/85817084-400
L100001009905,way/171251565-400
L100001009906,way/171251565-400
L100001009907,relation/17148268-400
L100001009908,way/171560239-220
L100001009909,way/171560239-220
L100001009910,way/1154224087-225
L100001009911,way/171251565-400
L100001009912,way/171251565-400
L100001009913,way/28308003-220
L100001009914,way/85817084-400
L100001009915,way/85817084-400
L100001009916,way/127787669-400
L100001009917,way/144767090-400
L100001009918,way/171251565-400
L100001009919,way/171251565-400
L100001009920,way/156435509
L100001009921,way/156435509
L100001009922,way/171251565-400
L100001009923,way/85817084-400
L100001009924,way/28308003-220
L100001009925,way/28308003-220
L100001009926,ES37-400
L100001009927,way/171251565-400
L100001009928,way/85817084-400
L100001009929,way/171560239-220
L100001009930,way/85817084-400
L100001009931,way/1262731213-220
L100001009932,way/170424447-400
L100001009933,way/171251565-400
L100001009934,way/85817084-400
L100001009935,way/58928252-400
L100001009936,way/104370242-220
L100001009937,way/1262731213-220
L100001009938,way/156435509
L100001009939,way/156435509
L100001009940,way/171251565-400
L100001009941,way/85817084-400
L100001009942,way/171251565-400
L100001009943,way/124121964-220
L100001009944,way/171560239-220
L100001009945,way/28308003-220
L100001009946,way/1154224087-225
L100001009947,way/171251565-400
L100001009948,way/127787669-400
L100001009949,way/85817084-400
L100001009950,way/170424447-400
L100001009951,way/85817084-400
L100001009952,way/28308003-220
L100001009953,way/171560239-220
L100001009954,way/170424447-400
L100001009955,way/1262731213-220
L100001009956,way/28308003-220
L100001009957,way/1262731213-220
L100001009958,way/171251565-400
L100001009959,way/1262731213-220
L100001009960,way/171251565-400
L100001009961,way/1262731213-220
L100001009962,way/1262731213-220
L100001009963,relation/17148268-400
L100001009964,ES37-400
L100001009965,way/1262731213-220
L100001009966,way/171251565-400
L100001009967,way/170424446-400
L100001009968,way/171251565-400
L100001009969,way/171251565-400
L100001009970,way/28308003-220
L100001009971,ES37-400
L100001009972,way/84526032-400
L100001009973,relation/17148268-400
L100001009974,way/1262731213-220
L100001009975,way/85817084-400
L100001009976,way/1262731213-220
L100001009977,way/1262731213-220
L100001009978,way/171560239-220
L100001009979,way/156435509
L100001009980,relation/17148268-400
L100001009981,way/156435509
L100001009982,way/85817084-400
L100001009983,relation/17148268-400
L100001009984,way/170424447-400
L100001009985,way/171251565-400
L100001009986,way/144767090-400
L100001009987,way/1262731213-220
L100001009988,way/1262731213-220
L100001009989,way/124121964-220
L100001009990,way/1262731213-220
L100001009991,way/171251565-400
L100001009992,way/124121964-220
L100001009993,way/171251565-400
L100001009994,relation/17148268-400
L100001009995,way/127787669-400
L100001009996,way/127787669-400
L100001009997,way/58928252-400
L100001009998,way/171251565-400
L100001009999,way/1262731213-220
L100001010000,relation/17148268-400
L100001010001,way/170424447-400
L100001010002,way/171560239-220
L100001010003,way/171251565-400
L100001010004,way/144767090-400
L100001010005,way/171560239-220
L100001010006,relation/17148268-400
L100001010007,way/170424446-400
L100001010008,way/170424447-400
L100001010009,way/85817084-400
L100001010010,way/171251565-400
L100001010011,way/156435509
L100001010012,way/127787669-400
L100001010013,way/85817084-400
L100001010014,relation/17294958-220
L100001010015,relation/17148268-400
L100001010016,way/28308003-220
L100001010017,way/127787669-400
L100001010018,way/202891403-220
L100001010019,way/170424447-400
L100001010020,relation/17148268-400
L100001010021,ES37-400
L100001010022,way/144767090-400
L100001010023,way/171560239-220
L100001010024,way/85817084-400
L100001010025,way/1262731213-220
L100001010026,way/171251565-400
L100001010027,way/85817084-400
L100001010028,ES37-400
L100001010029,way/156435509
L100001010030,way/124121964-220
L100001010031,way/170424446-400
L100001010032,way/156435509
L100001010033,way/85817084-400
L100001010034,relation/17148268-400
L100001010035,way/85817084-400
L100001010036,way/171251565-400
L100001010037,way/28308003-220
L100001010038,ES37-400
L100001010039,way/127787669-400
L100001010040,way/171560239-220
L100001010041,way/28308003-220
L100001010042,way/28308003-220
L100001010043,relation/17294958-220
L100001010044,ES37-400
L100001010045,way/171251565-400
L100001010046,way/28308003-220
L100001010047,way/124121964-220
L100001010048,way/171251565-400
L100001010049,relation/17148268-400
L100001010050,way/171251565-400
L100001010051,way/171251565-400
L100001010052,way/171560239-220
L100001010053,way/171251565-400
L100001010054,way/28308003-220
L100001010055,way/170424447-400
L100001010056,way/170424446-400
L100001010057,way/170424446-400
L100001010058,way/1262731213-220
L100001010059,way/1262731213-220
L100001010060,way/1262731213-220
L100001010061,way/144767090-400
L100001010062,way/144767090-400
L100001010063,way/144767090-400
L100001010064,way/144767090-400
L100001010065,way/170424446-400
L100001010066,way/170424446-400
L100001010067,way/170424446-400
L100001010068,way/170424446-400
L100001010069,way/170424446-400
L100001010070,way/170424446-400
L100001010071,way/170424446-400
L100001010072,way/170424446-400
L100001010073,way/170424446-400
L100001010074,way/170424446-400
L100001010075,way/170424446-400
L100001010076,way/170424446-400
L100001010077,way/170424446-400
L100001010078,way/144767090-400
L100001010079,way/144767090-400
L100001010080,way/144767090-400
L100001010081,way/144767090-400
L100001010082,way/144767090-400
L100001010083,way/144767090-400
L100001010084,way/144767090-400
L100001010085,way/144767090-400
L100001010086,way/84526032-400
L100001010087,relation/17148268-400
L100001010088,relation/17148268-400
L100001010089,way/84526032-400
L100001010090,way/84526032-400
L100001010091,way/170424446-400
L100001010092,way/170424446-400
L100001010093,way/170424446-400
L100001010094,way/170424446-400
L100001010095,way/170424446-400
L100001010096,way/170424446-400
L100001010097,way/144767090-400
L100001010098,way/144767090-400
L100001010099,way/144767090-400
L100001010100,way/144767090-400
L100001010101,way/144767090-400
L100001010102,way/144767090-400
L100001010103,way/144767090-400
L100001010104,way/144767090-400
L100001010105,way/144767090-400
L100001010106,way/144767090-400
L100001010107,way/144767090-400
L100001010108,way/144767090-400
L100001010109,way/144767090-400
L100001010110,way/144767090-400
L100001010111,way/1262731213-220
L100001010112,way/1262731213-220
L100001010113,way/1262731213-220
L100001010114,way/1262731213-220
L100001010115,way/1262731213-220
L100001010116,way/1262731213-220
L100001010117,way/1262731213-220
L100001010118,way/1262731213-220
L100001010119,way/1262731213-220
L100001010120,way/1262731213-220
L100001010121,way/1262731213-220
L100001010122,way/1262731213-220
L100001010123,way/1262731213-220
L100001010124,way/1262731213-220
L100001010125,way/1262731213-220
L100001010126,way/170424447-400
L100001010127,way/170424447-400
L100001010128,way/170424447-400
L100001010129,way/170424447-400
L100001010130,way/170424447-400
L100001010131,way/170424447-400
L100001010132,way/170424447-400
L100001010133,relation/17148268-400
L100001010134,relation/17148268-400
L100001010135,relation/17148268-400
L100001010136,relation/17294958-220
L100001010137,way/85817084-400
L100001010138,way/58928252-400
L100001010139,way/170424447-400
L100001010140,way/170424447-400
L100001010141,way/144767090-400
L100001010142,way/144767090-400
L100001010143,way/144767090-400
L100001010144,way/144767090-400
L100001010145,relation/17148268-400
L100001010146,way/1262731213-220
L100001010147,way/1262731213-220
L100001010148,way/170424447-400
L100001010149,way/1262731213-220
L100001010150,relation/17148268-400
L100001010151,way/85817084-400
L100001010152,way/85817084-400
L100001010153,way/85817084-400
L100001010154,way/85817084-400
L100001010155,way/85817084-400
L100001010156,way/85817084-400
L100001010157,way/170424447-400
L100001010158,way/1262731213-220
L100001010159,way/170424447-400
L100001010160,way/170424447-400
L100001010161,way/1262731213-220
L100001010162,way/170424447-400
L100001010163,way/170424447-400
L100001010164,way/170424447-400
L100001010165,way/156435509
L100001010166,way/85817084-400
L100001010167,way/85817084-400
L100001010168,way/85817084-400
L100001010169,way/85817084-400
L100001010170,way/85817084-400
L100001010171,way/85817084-400
L100001010172,way/85817084-400
L100001010173,way/85817084-400
L100001010174,way/85817084-400
L100001010175,way/85817084-400
L100001010176,way/85817084-400
L100001010177,way/85817084-400
L100001010178,way/85817084-400
L100001010179,way/171560239-220
L100001010180,way/171560239-220
L100001010181,way/1262731213-220
L100001010182,way/1262731213-220
L100001010183,way/1262731213-220
L100001010184,way/1262731213-220
L100001010185,way/171560239-220
L100001010186,way/171560239-220
L100001010187,relation/17148268-400
L100001010188,relation/17148268-400
L100001010189,relation/17148268-400
L100001010190,way/171560239-220
L100001010191,way/28308003-220
L100001010192,way/28308003-220
L100001010193,way/28308003-220
L100001010194,way/28308003-220
L100001010195,way/28308003-220
L100001010196,way/28308003-220
L100001010197,way/28308003-220
L100001010198,way/28308003-220
L100001010199,way/28308003-220
L100001010200,way/28308003-220
L100001010201,way/28308003-220
L100001010202,way/171560239-220
L100001010203,way/171560239-220
L100001010204,way/171560239-220
L100001010205,way/171560239-220
L100001010206,way/171560239-220
L100001010207,way/28308003-220
L100001010208,way/28308003-220
L100001010209,way/28308003-220
L100001010210,way/85817084-400
L100001010211,way/85817084-400
L100001010212,way/85817084-400
L100001010213,way/85817084-400
L100001010214,way/85817084-400
L100001010215,way/85817084-400
L100001010216,way/48304858-220
L100001010217,way/171560239-220
L100001010218,way/171560239-220
L100001010219,way/171560239-220
L100001010220,way/171560239-220
L100001010221,way/28308003-220
L100001010222,way/28308003-220
L100001010223,way/28308003-220
L100001010224,way/156435509
L100001010225,way/156435509
L100001010226,way/28308003-220
L100001010227,way/28308003-220
L100001010228,way/28308003-220
L100001010229,way/28308003-220
L100001010230,way/156435509
L100001010231,way/28308003-220
L100001010232,way/28308003-220
L100001010233,way/156435509
L100001010234,way/156435509
L100001010235,way/156435509
L100001010236,way/156435509
L100001010237,way/156435509
L100001010238,way/28308003-220
L100001010239,way/28308003-220
L100001010240,way/28308003-220
L100001010241,way/171560239-220
L100001010242,way/171560239-220
L100001010243,way/28308003-220
L100001010244,way/156435509
L100001010245,way/156435509
L100001010246,way/28308003-220
L100001010247,way/28308003-220
L100001010248,way/28308003-220
L100001010249,way/28308003-220
L100001010250,way/28308003-220
L100001010251,relation/17148268-400
L100001010252,way/171251565-400
L100001010253,way/171251565-400
L100001010254,way/171251565-400
L100001010255,way/171251565-400
L100001010256,way/171251565-400
L100001010257,way/171251565-400
L100001010258,way/171251565-400
L100001010259,way/171251565-400
L100001010260,way/171251565-400
L100001010261,way/171251565-400
L100001010262,way/171251565-400
L100001010263,way/171251565-400
L100001010264,ES37-400
L100001010265,ES37-400
L100001010266,ES37-400
L100001010267,way/171251565-400
L100001010268,way/171251565-400
L100001010269,way/171251565-400
L100001010270,way/171251565-400
L100001010271,way/171251565-400
L100001010272,way/127787669-400
L100001010273,way/127787669-400
L100001010274,way/127787669-400
L100001010275,way/127787669-400
L100001010276,way/127787669-400
L100001010277,way/127787669-400
L100001010278,way/127787669-400
L100001010279,way/127787669-400
L100001010280,way/127787669-400
L100001010281,way/127787669-400
L100001010282,way/171251565-400
L100001010283,way/171251565-400
L100001010284,way/171251565-400
L100001010285,way/171251565-400
L100001010286,way/171251565-400
L100001010287,way/171251565-400
L100001010288,way/171251565-400
L100001010289,way/171251565-400
L100001010290,way/171251565-400
L100001010291,way/1154224087-225
L100001010292,way/127787669-400
L100001010293,way/1154224087-225
L100001010294,way/1154224087-225
L100001010295,way/171251565-400
L100001010296,way/171251565-400
L100001010297,way/171251565-400
L100001010298,way/171251565-400
L100001010299,way/171251565-400
L100001010300,way/171251565-400
L100001010301,way/171251565-400
L100001010302,way/171251565-400
L100001010303,way/171251565-400
L100001010304,way/171251565-400
L100001010305,way/156435509
L100001010306,way/127787669-400
L100001010307,way/127787669-400
L100001010308,way/127787669-400
L100001010309,way/127787669-400
L100001010310,way/171251565-400
L100001010311,way/156435509
L100001010312,way/156435509
L100001010313,way/156435509
L100001010314,way/156435509
L100001010315,way/156435509
L100001010316,way/28308003-220
L100001010317,way/156435509
L100001010318,way/156435509
L100001010319,way/127787669-400
L100001010320,way/127787669-400
L100001010321,way/127787669-400
L100001010322,way/127787669-400
L100001010323,way/127787669-400
L100001010324,way/1154224087-225
L100001010325,way/127787669-400
L100001010326,way/1154224087-225
L100001010327,way/127787669-400
L100001010328,way/1154224087-225
L100001010329,way/1154224087-225
L100001010330,way/1154224087-225
L100001010331,way/1154224087-225
L100001010332,way/124121964-220
L100001010333,way/124121964-220
L100001010334,way/124121964-220
L100001010335,way/124121964-220
L100001010336,way/124121964-220
L100001010337,way/124121964-220
L100001010338,way/124121964-220
L100001010339,way/124121964-220
L100001010340,way/124121964-220
L100001010341,way/124121964-220
L100001010342,way/124121964-220
L100001010343,way/256334221
L100001010344,way/124121964-220
L100001010345,way/124121964-220
L100001010346,way/144767090-400
L100001010347,relation/17148268-400
L100001010348,way/171251565-400
L100001010349,way/171560239-220
L100001010350,way/171251565-400
L100001010351,way/171251565-400
L100001010352,way/171251565-400
L100001010353,way/171251565-400
L100001010354,way/171560239-220
L100001010355,way/170424446-400
L100001010356,way/170424446-400
L100001010357,way/170424446-400
L100001010358,way/170424446-400
L100001010359,way/170424446-400
L100001010360,way/144767090-400
L100001010361,relation/17148268-400
L100001010362,way/1262731213-220
L100001010363,way/170424447-400
L100001010364,way/170424447-400
L100001010365,way/28308003-220
L100001010366,way/28308003-220
L100001010367,relation/17148268-400
L100001010368,relation/17148268-400
L100001010369,way/1262731213-220
L100001010370,way/28308003-220
L100001010371,way/256334221
L100001010372,way/124121964-220
L100001010373,relation/17148268-400
L100001010374,way/85817084-400
L100001010375,relation/17148268-400
L100001010376,way/171251565-400
L100001010377,way/171251565-400
L100001010378,way/171251565-400
L100001010379,way/28308003-220
L100001010380,way/85817084-400
L100001010381,way/170424447-400
L100001010382,way/171251565-400
L100001010383,way/171251565-400
L100001010384,way/171251565-400
L100001010385,relation/17148268-400
L100001010386,ES37-400
L100001010387,way/171251565-400
L100001010388,way/156435509
L100001010389,way/127787669-400
L100001010390,way/127787669-400
L100001010391,way/1154224087-225
L100001010392,way/171560239-220
L100001010393,way/171251565-400
L100001010394,relation/17148268-400
L100001010395,way/156435509
L100001010396,way/171251565-400
L100001010397,way/127787669-400
L100001010398,ES37-400
L100001010399,way/171560239-220
L100001010400,way/28308003-220
L100001010401,way/144767090-400
L100001010402,way/156435509
L100001010403,way/171251565-400
L100001010404,way/171251565-400
L100001010405,way/171251565-400
L100001010406,way/171251565-400
L100001010407,way/127787669-400
L100001010408,way/1154224087-225
L100001010409,way/85817084-400
L100001010410,way/85817084-400
L100001010411,way/85817084-400
L100001010412,way/124121964-220
L100001010413,way/178294745-400
L100001010414,way/156435509
L100001010415,way/171560239-220
L100001010416,way/127787669-400
L100001010417,way/171251565-400
L100001010418,way/28308003-220
L100001010419,way/1154224087-225
L100001010420,way/127787669-400
L100001010421,way/85817084-400
L100001010422,way/28308003-220
L100001010423,way/127787669-400
L100001010424,way/127787669-400
L100001010425,way/127787669-400
L100001010426,way/1154224087-225
L100001010427,way/171251565-400
L100001010428,way/58928252-400
L100001010429,way/171251565-400
L100001010430,way/1154224087-225
L100001010431,way/171251565-400
L100001010432,way/171560239-220
L100001010433,way/170424447-400
L100001010434,way/156435509
L100001010435,way/85817084-400
L100001010436,way/1154224087-225
L100001010437,way/85817084-400
L100001010438,way/171251565-400
L100001010439,way/170424447-400
L100001010440,way/1262731213-220
L100001010441,way/28308003-220
L100001010442,way/144767090-400
L100001010443,way/28308003-220
L100001010444,way/171251565-400
L100001010445,way/156435509
L100001010446,way/28308003-220
L100001010447,way/170424447-400
L100001010448,way/171251565-400
L100001010449,way/144767090-400
L100001010450,way/85817084-400
L100001010451,way/144767090-400
L100001010452,way/144767090-400
L100001010453,way/144767090-400
L100001010454,way/1262731213-220
L100001010455,way/171560239-220
L100001010456,way/170424447-400
L100001010457,way/170424446-400
L100001010458,way/1262731213-220
L100001010459,way/1262731213-220
L100001010460,way/170424447-400
L100001010461,way/170424447-400
L100001010462,way/170424446-400
L100001010463,relation/17148268-400
L100001010464,way/85817084-400
L100001010465,relation/17148268-400
L100001010466,way/84526032-400
L100001010467,way/144767090-400
L100001010468,way/144767090-400
L100001010469,way/127787669-400
L100001010470,way/127787669-400
L100001010471,way/170424447-400
L100001010472,way/85817084-400
L100001010473,way/202891403-220
L100001010474,way/170424447-400
L100001010475,way/28308003-220
L100001010476,way/127787669-400
L100001010477,way/28308003-220
L100001010478,way/156435509
L100001010479,way/170424446-400
L100001010480,way/171560239-220
L100001010481,way/58928252-400
L100001010482,way/170424447-400
L100001010483,relation/17148268-400
L100001010484,way/171560239-220
L100001010485,way/171560239-220
L100001010486,way/85817084-400
L100001010487,way/171251565-400
L100001010488,way/156435509
L100001010489,way/156435509
L100001010490,way/156435509
L100001010491,way/156435509
L100001010492,way/28308003-220
L100001010493,way/1154224087-225
L100001010494,way/1262731213-220
L100001010495,way/127787669-400
L100001010496,way/171560239-220
L100001010497,way/171560239-220
L100001010498,way/28308003-220
L100001010499,way/28308003-220
L100001010500,way/28308003-220
L100001010501,way/84526032-400
L100001010502,way/84526032-400
L100001010503,relation/17294958-220
L100001010504,way/171251565-400
L100001010505,way/171251565-400
L100001010506,way/171251565-400
L100001010507,way/1262731213-220
L100001010508,way/1262731213-220
L100001010509,way/171560239-220
L100001010510,way/171560239-220
L100001010511,way/156435509
L100001010512,way/171251565-400
L100001010513,way/127787669-400
L100001010514,ES37-400
L100001010515,way/171251565-400
L100001010516,way/171251565-400
L100001010517,way/171251565-400
L100001010518,way/171251565-400
L100001010519,way/170424447-400
L100001010520,ES37-400
L100001010521,way/127787669-400
L100001010522,relation/17148268-400
L100001010523,way/85817084-400
L100001010524,way/85817084-400
L100001010525,way/85817084-400
L100001010526,way/171560239-220
L100001010527,way/1262731213-220
L100001010528,way/171560239-220
L100001010529,way/171560239-220
L100001010530,way/144767090-400
L100001010531,way/28308003-220
L100001010532,way/171560239-220
L100001010533,way/28308003-220
L100001010534,way/170424447-400
L100001010535,way/170424447-400
L100001010536,way/1262731213-220
L100001010537,way/1262731213-220
L100001010538,way/171560239-220
L100001010539,way/171251565-400
L100001010540,way/28308003-220
L100001010541,way/127787669-400
L100001010542,way/58928252-400
L100001010543,way/85817084-400
L100001010544,way/144767090-400
L100001010545,way/171251565-400
L100001010546,way/28308003-220
L100001010547,way/144767090-400
L100001010548,way/28308003-220
L100001010549,way/144767090-400
L100001010550,way/85817084-400
L100001010551,way/127787669-400
L100001010552,way/171560239-220
L100001010553,way/85817084-400
L100001010554,way/144767090-400
L100001010555,way/171560239-220
L100001010556,way/144767090-400
L100001010557,way/171560239-220
L100001010558,way/170424446-400
L100001010559,way/85817084-400
L100001010560,way/1262731213-220
L100001010561,way/144767090-400
L100001010562,relation/17294958-220
L100001010563,way/124121964-220
L100001010564,way/171560239-220
L100001010565,way/124121964-220
L100001010566,way/156435509
L100001010567,way/124121964-220
L100001020808,way/127787669-400
L100001020809,way/28308003-220
L100001023215,way/135457230-400
L100001023216,way/58928252-400
L100001023217,way/124121964-220
L100001023218,way/48304858-220
L100001023219,way/1154224087-225
L100001023220,way/28308003-220
L100001023221,way/28308003-220
L100001023222,way/156435509
L100001023223,way/1154224087-225
L100001023224,relation/17148268-400
L100001023225,relation/17148268-400
L100001023226,way/58928252-400
L100001023227,way/104370242-220
L100001023228,way/127787669-400
L100001023229,relation/17148268-400
L100001023230,way/1262731213-220
L100001023231,way/1154224087-225
L100001023232,way/135457230-400
L100001023233,way/1154224087-225
L100001023234,way/1154224087-225
L100001023235,way/1154224087-225
L100001023236,way/202891403-220
L100001023237,relation/17148268-400
L100001023238,way/135457230-400
L100001023239,way/58928252-400
L100001023240,way/104370242-220
L100001023241,way/178294745-400
L100001023242,way/104370242-220
L100001023243,way/58928252-400
L100001025584,way/84526032-400
L100001025586,way/84526032-400
L100001025628,way/127787669-400
L100001045974,way/58928252-400
L100001046224,way/1154224087-225
L100001046225,way/58928252-400
L100001046231,way/58928252-400
L100001047098,way/28308003-220
L100001047102,way/124121964-220
L100001047122,ES37-400
L100001047126,way/1262731213-220
L100001047132,way/124121964-220
L100001047133,way/144767090-400
L100001047136,way/144767090-400
L100001047156,way/1262731213-220
L100001047163,way/104370242-220
