GEM location ID,bus_id,bus_name
L100000200198,way/132128807-380,Kocaeli
L100000200728,way/52613323-380,Esenyurt
L100000500093,way/172934497-380,Konya
L100000500339,way/169679398-380,Amasya
L100000500362,way/173348127-380,Corlu
L100001048283,way/177818606-380,Osmaniye
L100001048284,way/177818606-380,Osmaniye
L100001048286,TR44-380,Istanbul
L100001048288,TR44-380,Istanbul
L100001048309,way/176009144-380,Etimesgut
L100001048310,way/52613323-380,Esenyurt
L100001048315,way/173348127-380,Corlu
L100001048316,way/176009144-380,Etimesgut
L100001048319,TR136-380,Antalya
L100001048321,way/172934516-380,Beysehir
L100001048322,way/132128807-380,Kocaeli
L100001048324,way/130740157-380,Afyonkarahisar
L100001048326,way/169679398-380,Amasya
L100001048327,way/172934497-380,Konya
L100001048329,way/130740157-380,Afyonkarahisar
L100001048330,way/172934497-380,Konya
L100001048340,way/468958964-380,Canakkale
L100001048341,way/127986151-380,Akhisar
L100001048342,way/130569382-380,Izmir
L100001048343,way/127986151-380,Akhisar
L100001048345,way/127886746-380,Milas
L100001048346,TR44-380,Istanbul
L100001048372,TR123-380,Denizli
L100001048373,way/169679398-380,Amasya
L100001048374,way/174078394-380,Duzce
L100001048375,way/173348127-380,Corlu
L100001048379,way/177818606-380,Osmaniye
L100001048382,way/52613323-380,Esenyurt
L100001048411,way/239316403-380,Zonguldak
L100001048412,way/172934497-380,Konya
L100001048447,way/130569382-380,Izmir
L100001048449,TR44-380,Istanbul
L100001048450,way/177818606-380,Osmaniye
L100001048461,TR123-380,Denizli
L100001048463,way/176009144-380,Etimesgut
L100001048464,way/177818606-380,Osmaniye
L100001048467,way/130569382-380,Izmir
L100001048468,way/468958964-380,Canakkale
L100001048470,way/177818606-380,Osmaniye
L100001048471,way/229782457-380,Adyaman
L100001048473,way/172934497-380,Konya
L100001048474,TR123-380,Denizli
L100001048476,way/177818606-380,Osmaniye
L100001048477,way/130569382-380,Izmir
L100001048478,way/52613323-380,Esenyurt
L100001048479,way/173348127-380,Corlu
L100001048480,way/173348127-380,Corlu
L100001048482,way/172934497-380,Konya
L100001048483,way/176009144-380,Etimesgut
L100001048493,way/177818606-380,Osmaniye
L100001048495,way/128190689-380,Elbistan
L100001048496,way/172934497-380,Konya
L100001048497,way/130569382-380,Izmir
L100001048498,way/173348127-380,Corlu
L100001048499,TR44-380,Istanbul
L100001048500,way/177818606-380,Osmaniye
L100000405888,way/177818606-380,Osmaniye
L100000103717,TR44-380,Istanbul
L100000405889,TR136-380,Antalya
L100000408823,way/130569382-380,Izmir
L100000405890,way/130569382-380,Izmir
L100000408835,way/130569382-380,Izmir
L100000405891,way/130569382-380,Izmir
L100000405892,way/52613323-380,Esenyurt
L100000405893,way/52613323-380,Esenyurt
L100000405895,way/173348127-380,Corlu
L100000405896,way/176009144-380,Etimesgut
L100000408834,way/130740157-380,Afyonkarahisar
L100000405927,way/621764967-380,Ordu
L100000408833,way/176009144-380,Etimesgut
L100000405897,TR44-380,Istanbul
L100000407677,TR44-380,Istanbul
L100000405898,TR44-380,Istanbul
L100000405899,TR44-380,Istanbul
L100000408832,TR44-380,Istanbul
L100000408831,way/130740157-380,Afyonkarahisar
L100001016887,way/127986151-380,Akhisar
L100000405900,way/169679398-380,Amasya
L100000405901,way/173348127-380,Corlu
L100000405902,way/130569382-380,Izmir
L100000405903,way/127886746-380,Milas
L100001016312,TR44-380,Istanbul
L100000408830,way/173348127-380,Corlu
L100000405904,way/173348127-380,Corlu
L100000405905,TR123-380,Denizli
L100000405906,TR123-380,Denizli
L100000405907,way/132128807-380,Kocaeli
L100000405908,way/132128807-380,Kocaeli
L100000405909,way/130569382-380,Izmir
L100000405910,way/177818606-380,Osmaniye
L100000405911,way/52613323-380,Esenyurt
L100000405912,way/132128807-380,Kocaeli
L100000407791,way/229782457-380,Adyaman
L100000405913,TR44-380,Istanbul
L100000405914,TR44-380,Istanbul
L100000408829,TR44-380,Istanbul
L100000405915,way/173348127-380,Corlu
L100000408828,TR44-380,Istanbul
L100000405933,way/176009144-380,Etimesgut
L100000408837,way/130569382-380,Izmir
L100000408836,way/966899330-380,Sakarya
L100000405920,way/966899330-380,Sakarya
L100000407676,way/174078394-380,Duzce
L100000408840,way/128190689-380,Elbistan
L100000405918,way/176009144-380,Etimesgut
L100000405919,way/966899330-380,Sakarya
L100000408839,way/173348127-380,Corlu
L100000408838,way/173348127-380,Corlu
L100000405921,way/173348127-380,Corlu
L100000405922,way/173348127-380,Corlu
L100000405924,way/130569382-380,Izmir
L100000405925,way/52613323-380,Esenyurt
L100000408851,way/127986151-380,Akhisar
L100000405926,way/177818606-380,Osmaniye
L100000408850,way/177818606-380,Osmaniye
L100000408848,way/229782457-380,Adyaman
L100000408847,way/176009144-380,Etimesgut
L100000408846,way/130569382-380,Izmir
L100000103671,way/130569382-380,Izmir
L100000407673,way/229782457-380,Adyaman
L100000408845,way/693406206-380,Siirt
L100000407678,way/129553303-380,Diyarbakr
L100000408844,way/173348127-380,Corlu
L100000405930,way/173348127-380,Corlu
L100000408843,way/130569382-380,Izmir
L100000408849,way/229782457-380,Adyaman
L100000405929,TR123-380,Denizli
L100000408842,TR123-380,Denizli
L100000405931,way/902347576-380,Van
L100000405932,way/176009144-380,Etimesgut
L100000408841,way/169679398-380,Amasya
L100001079013,way/191530942-380,Agr
L100001077562,way/176009144-380,Etimesgut
L100001077517,way/176009144-380,Etimesgut
L100000831199,way/172934497-380,Konya
L100000831200,way/172934497-380,Konya
L100000831201,TR123-380,Denizli
L100000831202,way/172934497-380,Konya
L100001077648,way/621764967-380,Ordu
L100001077825,way/177818606-380,Osmaniye
L100001077962,way/177818606-380,Osmaniye
L100001078007,way/177818606-380,Osmaniye
L100001078032,way/177818606-380,Osmaniye
L100001078485,way/177818606-380,Osmaniye
L100001078120,way/177818606-380,Osmaniye
L100001078121,way/177818606-380,Osmaniye
L100001078207,way/177818606-380,Osmaniye
L100001078409,way/177818606-380,Osmaniye
L100001078572,way/177818606-380,Osmaniye
L100001078625,way/177818606-380,Osmaniye
L100001078758,way/177818606-380,Osmaniye
L100001078810,way/177818606-380,Osmaniye
L100001078833,way/177818606-380,Osmaniye
L100001079307,way/177818606-380,Osmaniye
L100001078897,way/177818606-380,Osmaniye
L100001078988,way/177818606-380,Osmaniye
L100001079135,way/177818606-380,Osmaniye
L100001079225,way/177818606-380,Osmaniye
L100001079316,way/177818606-380,Osmaniye
L100001079346,way/177818606-380,Osmaniye
L100001079387,way/177818606-380,Osmaniye
L100001079495,way/177818606-380,Osmaniye
L100001079507,way/177818606-380,Osmaniye
L100001079856,way/177818606-380,Osmaniye
L100001079523,way/177818606-380,Osmaniye
L100001079624,way/177818606-380,Osmaniye
L100001079636,way/128190689-380,Elbistan
L100001079664,way/177818606-380,Osmaniye
L100001079867,way/128190689-380,Elbistan
L100001079894,way/177818606-380,Osmaniye
L100001079926,way/177818606-380,Osmaniye
L100001079930,way/177818606-380,Osmaniye
L100001079992,way/177818606-380,Osmaniye
L100001080064,way/177818606-380,Osmaniye
L100001080081,way/177818606-380,Osmaniye
L100001049800,TR123-380,Denizli
L100001077815,way/128190689-380,Elbistan
L100001077957,way/229782457-380,Adyaman
L100001077969,way/229782457-380,Adyaman
L100001078030,way/229782457-380,Adyaman
L100001078235,way/229782457-380,Adyaman
L100001078033,way/229782457-380,Adyaman
L100001078070,way/229782457-380,Adyaman
L100001078138,way/229782457-380,Adyaman
L100001078142,way/229782457-380,Adyaman
L100001078238,way/229782457-380,Adyaman
L100001078239,way/229782457-380,Adyaman
L100001078298,way/229782457-380,Adyaman
L100001078376,way/229782457-380,Adyaman
L100001078464,way/229782457-380,Adyaman
L100001078640,way/194508537-380,Cermik
L100001079661,way/229782457-380,Adyaman
L100001079812,way/128190689-380,Elbistan
L100001079879,way/229782457-380,Adyaman
L100001079977,way/229782457-380,Adyaman
L100001079988,way/229782457-380,Adyaman
L100001078525,way/229782457-380,Adyaman
L100001078573,way/229782457-380,Adyaman
L100001078583,way/194508537-380,Cermik
L100001078596,way/229782457-380,Adyaman
L100001078688,way/229782457-380,Adyaman
L100001078749,way/229782457-380,Adyaman
L100001078764,way/229782457-380,Adyaman
L100001078794,way/128190689-380,Elbistan
L100001078831,way/229782457-380,Adyaman
L100001079122,way/229782457-380,Adyaman
L100001078866,way/194508537-380,Cermik
L100001078960,way/229782457-380,Adyaman
L100001078980,way/229782457-380,Adyaman
L100001079093,way/194508537-380,Cermik
L100001079139,way/229782457-380,Adyaman
L100001079150,way/229782457-380,Adyaman
L100001079186,way/194508537-380,Cermik
L100001079267,way/128190689-380,Elbistan
L100001079278,way/229782457-380,Adyaman
L100001079585,way/229782457-380,Adyaman
L100001079284,way/229782457-380,Adyaman
L100001079313,way/194508537-380,Cermik
L100001079394,way/194508537-380,Cermik
L100001079471,way/229782457-380,Adyaman
L100000831203,way/172934497-380,Konya
L100000831205,way/130740157-380,Afyonkarahisar
L100001077778,way/130740157-380,Afyonkarahisar
L100001077794,TR123-380,Denizli
L100001077834,way/130740157-380,Afyonkarahisar
L100001077835,way/130740157-380,Afyonkarahisar
L100001077928,way/130740157-380,Afyonkarahisar
L100001078965,way/130740157-380,Afyonkarahisar
L100001079001,way/130740157-380,Afyonkarahisar
L100001079002,way/130740157-380,Afyonkarahisar
L100001079049,way/130740157-380,Afyonkarahisar
L100001079071,way/130740157-380,Afyonkarahisar
L100001079157,TR123-380,Denizli
L100001079084,TR123-380,Denizli
L100001079112,way/130740157-380,Afyonkarahisar
L100001079141,way/130740157-380,Afyonkarahisar
L100001079151,way/130740157-380,Afyonkarahisar
L100001079176,way/130740157-380,Afyonkarahisar
L100001079177,TR123-380,Denizli
L100001079238,way/130740157-380,Afyonkarahisar
L100001079252,way/130740157-380,Afyonkarahisar
L100001079268,way/130740157-380,Afyonkarahisar
L100001079401,way/130740157-380,Afyonkarahisar
L100001079294,way/130740157-380,Afyonkarahisar
L100001079298,way/130740157-380,Afyonkarahisar
L100001079362,way/130740157-380,Afyonkarahisar
L100001079363,way/130740157-380,Afyonkarahisar
L100001079408,way/130740157-380,Afyonkarahisar
L100001079434,TR123-380,Denizli
L100001079443,way/130740157-380,Afyonkarahisar
L100001079461,way/130740157-380,Afyonkarahisar
L100001079483,way/130740157-380,Afyonkarahisar
L100001079620,way/130740157-380,Afyonkarahisar
L100001079514,way/130740157-380,Afyonkarahisar
L100001079515,way/130740157-380,Afyonkarahisar
L100001079573,way/130740157-380,Afyonkarahisar
L100001079591,way/130740157-380,Afyonkarahisar
L100001079626,way/130740157-380,Afyonkarahisar
L100001079652,way/130740157-380,Afyonkarahisar
L100001079697,way/130740157-380,Afyonkarahisar
L100001079754,way/130740157-380,Afyonkarahisar
L100001079769,way/130740157-380,Afyonkarahisar
L100001079840,way/130740157-380,Afyonkarahisar
L100001079791,way/130740157-380,Afyonkarahisar
L100001079794,way/130740157-380,Afyonkarahisar
L100001079823,way/130740157-380,Afyonkarahisar
L100001079829,way/130740157-380,Afyonkarahisar
L100001077886,way/130740157-380,Afyonkarahisar
L100001077905,way/130740157-380,Afyonkarahisar
L100001077906,way/130740157-380,Afyonkarahisar
L100001077916,way/130740157-380,Afyonkarahisar
L100001077939,TR123-380,Denizli
L100001079848,way/130740157-380,Afyonkarahisar
L100001079905,way/130740157-380,Afyonkarahisar
L100001079923,way/130740157-380,Afyonkarahisar
L100001079924,way/130740157-380,Afyonkarahisar
L100001079960,way/130740157-380,Afyonkarahisar
L100001079961,TR123-380,Denizli
L100001079976,TR123-380,Denizli
L100001080041,way/130740157-380,Afyonkarahisar
L100001077996,way/130740157-380,Afyonkarahisar
L100001077997,way/130740157-380,Afyonkarahisar
L100001078018,way/130740157-380,Afyonkarahisar
L100001078050,way/130740157-380,Afyonkarahisar
L100001078231,way/130740157-380,Afyonkarahisar
L100001078795,way/130740157-380,Afyonkarahisar
L100001078819,TR123-380,Denizli
L100001078864,way/130740157-380,Afyonkarahisar
L100001078881,way/130740157-380,Afyonkarahisar
L100001078882,way/130740157-380,Afyonkarahisar
L100001078961,way/130740157-380,Afyonkarahisar
L100001078902,way/130740157-380,Afyonkarahisar
L100001078913,TR123-380,Denizli
L100001078942,way/130740157-380,Afyonkarahisar
L100001078947,way/130740157-380,Afyonkarahisar
L100001078079,way/130740157-380,Afyonkarahisar
L100001078090,way/130740157-380,Afyonkarahisar
L100001078100,TR123-380,Denizli
L100001078217,TR123-380,Denizli
L100001078296,way/130740157-380,Afyonkarahisar
L100001078322,way/130740157-380,Afyonkarahisar
L100001078346,way/130740157-380,Afyonkarahisar
L100001078438,TR123-380,Denizli
L100001078467,way/130740157-380,Afyonkarahisar
L100001078548,way/130740157-380,Afyonkarahisar
L100001078482,way/130740157-380,Afyonkarahisar
L100001078512,way/130740157-380,Afyonkarahisar
L100001078523,way/130740157-380,Afyonkarahisar
L100001078539,way/130740157-380,Afyonkarahisar
L100001078576,way/130740157-380,Afyonkarahisar
L100001078636,way/130740157-380,Afyonkarahisar
L100001078666,way/130740157-380,Afyonkarahisar
L100001078681,way/130740157-380,Afyonkarahisar
L100001078694,way/130740157-380,Afyonkarahisar
L100001078769,TR123-380,Denizli
L100001078700,TR123-380,Denizli
L100001078714,TR123-380,Denizli
L100001078727,way/130740157-380,Afyonkarahisar
L100001078762,way/130740157-380,Afyonkarahisar
L100001077683,way/191530942-380,Agr
L100001077636,way/169679398-380,Amasya
L100001077637,way/176009144-380,Etimesgut
L100001077635,way/176009144-380,Etimesgut
L100001077634,way/176009144-380,Etimesgut
L100001077726,way/129553303-380,Diyarbakr
L100000831206,way/172934516-380,Beysehir
L100000831207,way/127986151-380,Akhisar
L100001077561,way/621764967-380,Ordu
L100000831208,way/129553303-380,Diyarbakr
L100000831209,way/172934497-380,Konya
L100001077730,way/172934497-380,Konya
L100001077675,way/172934497-380,Konya
L100001077674,way/172934497-380,Konya
L100001077676,way/172934497-380,Konya
L100000831211,way/172934497-380,Konya
L100001077826,way/172934497-380,Konya
L100001077884,way/172934497-380,Konya
L100001077930,way/172934497-380,Konya
L100001077983,way/172934497-380,Konya
L100001078354,way/172934497-380,Konya
L100001078042,way/172934497-380,Konya
L100001078123,way/172934497-380,Konya
L100001078267,way/172934497-380,Konya
L100001078301,way/172934497-380,Konya
L100001078426,way/172934497-380,Konya
L100001078475,way/172934497-380,Konya
L100001078580,way/172934497-380,Konya
L100001078601,way/172934497-380,Konya
L100001078604,way/172934497-380,Konya
L100001079070,way/172934497-380,Konya
L100001078661,way/172934497-380,Konya
L100001078775,way/172934497-380,Konya
L100001078787,way/172934497-380,Konya
L100001078892,way/172934497-380,Konya
L100001079072,way/172934497-380,Konya
L100001079223,way/172934497-380,Konya
L100001079248,way/172934497-380,Konya
L100001079366,way/172934497-380,Konya
L100001079499,way/172934497-380,Konya
L100001079512,way/172934497-380,Konya
L100001079539,way/172934497-380,Konya
L100001079628,way/172934497-380,Konya
L100001079986,way/172934497-380,Konya
L100000831212,way/169679398-380,Amasya
L100001077632,way/174078394-380,Duzce
L100001077642,way/176009144-380,Etimesgut
L100001077643,way/233873985-380,Arapgir
L100000831449,way/172934497-380,Konya
L100000831450,way/172934497-380,Konya
L100001024005,way/169679398-380,Amasya
L100001077663,way/169679398-380,Amasya
L100001024001,way/130569382-380,Izmir
L100000831213,way/693406206-380,Siirt
L100001077551,way/130569382-380,Izmir
L100000831248,way/127986151-380,Akhisar
L100000831214,way/172934497-380,Konya
L100000831215,way/172934497-380,Konya
L100001077735,way/129553303-380,Diyarbakr
L100001077755,way/128190689-380,Elbistan
L100000831216,way/169679398-380,Amasya
L100001077999,way/169679398-380,Amasya
L100001078283,way/169679398-380,Amasya
L100001078397,way/169679398-380,Amasya
L100001078447,way/169679398-380,Amasya
L100001078705,way/169679398-380,Amasya
L100001078448,way/169679398-380,Amasya
L100001078481,way/169679398-380,Amasya
L100001078589,way/169679398-380,Amasya
L100001078630,way/169679398-380,Amasya
L100001078888,way/169679398-380,Amasya
L100001078925,way/169679398-380,Amasya
L100001078968,way/169679398-380,Amasya
L100001078996,way/169679398-380,Amasya
L100001079338,way/169679398-380,Amasya
L100001079778,way/169679398-380,Amasya
L100001079389,way/169679398-380,Amasya
L100001079527,way/169679398-380,Amasya
L100001079538,way/169679398-380,Amasya
L100001079625,way/169679398-380,Amasya
L100001079927,way/169679398-380,Amasya
L100001077550,way/173348127-380,Corlu
L100001077653,way/176009144-380,Etimesgut
L100001077717,way/176009144-380,Etimesgut
L100001077841,way/172934516-380,Beysehir
L100001077880,TR136-380,Antalya
L100001077980,TR136-380,Antalya
L100001078005,way/172934516-380,Beysehir
L100001078103,way/172934516-380,Beysehir
L100001079662,TR136-380,Antalya
L100001079707,TR136-380,Antalya
L100001079724,TR136-380,Antalya
L100001079758,way/172934516-380,Beysehir
L100001079765,TR136-380,Antalya
L100001079865,TR136-380,Antalya
L100001079775,TR136-380,Antalya
L100001079784,way/172934516-380,Beysehir
L100001079824,TR136-380,Antalya
L100001079834,TR136-380,Antalya
L100001079870,way/172934516-380,Beysehir
L100001079950,TR136-380,Antalya
L100001080005,way/172934516-380,Beysehir
L100001080019,TR136-380,Antalya
L100001080047,way/172934516-380,Beysehir
L100001080054,way/172934516-380,Beysehir
L100001078025,way/172934516-380,Beysehir
L100001078047,TR136-380,Antalya
L100001078048,TR136-380,Antalya
L100001078066,TR136-380,Antalya
L100001078210,TR136-380,Antalya
L100001078220,way/172934516-380,Beysehir
L100001078289,TR136-380,Antalya
L100001078309,way/172934516-380,Beysehir
L100001078319,TR136-380,Antalya
L100001078413,TR136-380,Antalya
L100001079194,TR136-380,Antalya
L100001079201,way/172934516-380,Beysehir
L100001079228,TR136-380,Antalya
L100001079353,TR136-380,Antalya
L100001079356,TR136-380,Antalya
L100001079635,TR136-380,Antalya
L100001079436,TR136-380,Antalya
L100001079572,TR136-380,Antalya
L100001079604,TR136-380,Antalya
L100001079623,TR136-380,Antalya
L100001078351,way/172934516-380,Beysehir
L100001078387,TR136-380,Antalya
L100001078406,way/172934516-380,Beysehir
L100001078408,way/172934516-380,Beysehir
L100001078419,TR136-380,Antalya
L100001078441,TR136-380,Antalya
L100001078443,way/172934516-380,Beysehir
L100001078451,way/172934516-380,Beysehir
L100001078616,TR136-380,Antalya
L100001078814,way/172934516-380,Beysehir
L100001078632,TR136-380,Antalya
L100001078735,TR136-380,Antalya
L100001078743,TR136-380,Antalya
L100001078763,TR136-380,Antalya
L100001078847,TR136-380,Antalya
L100001078875,way/172934516-380,Beysehir
L100001078898,TR136-380,Antalya
L100001078910,way/172934516-380,Beysehir
L100001079021,way/172934516-380,Beysehir
L100001079183,TR136-380,Antalya
L100001079046,TR136-380,Antalya
L100001079108,TR136-380,Antalya
L100001079124,way/172934516-380,Beysehir
L100001079144,TR136-380,Antalya
L100000831217,way/172934497-380,Konya
L100001017974,way/177818606-380,Osmaniye
L100001077572,way/176009144-380,Etimesgut
L100001079467,way/96580455-380,Artvin
L100001079703,way/96580455-380,Artvin
L100001077556,way/132128807-380,Kocaeli
L100001077758,way/128190689-380,Elbistan
L100001049956,way/129553303-380,Diyarbakr
L100000831220,way/172934497-380,Konya
L100001077593,way/176009144-380,Etimesgut
L100000831224,way/176009144-380,Etimesgut
L100000831225,way/229782457-380,Adyaman
L100001077542,way/177818606-380,Osmaniye
L100001077728,way/129553303-380,Diyarbakr
L100000831227,way/176009144-380,Etimesgut
L100001078198,TR123-380,Denizli
L100001078365,way/130569382-380,Izmir
L100001078383,way/130569382-380,Izmir
L100001078564,way/130569382-380,Izmir
L100001078803,way/127886746-380,Milas
L100001078578,way/127886746-380,Milas
L100001078639,TR123-380,Denizli
L100001078728,TR123-380,Denizli
L100001078783,way/127886746-380,Milas
L100001078895,way/130569382-380,Izmir
L100001078992,way/130569382-380,Izmir
L100001079010,way/127886746-380,Milas
L100001079047,way/127886746-380,Milas
L100001079095,way/127886746-380,Milas
L100001079308,way/130569382-380,Izmir
L100001079099,way/130569382-380,Izmir
L100001079110,way/130569382-380,Izmir
L100001079117,TR123-380,Denizli
L100001079205,way/130569382-380,Izmir
L100001079374,way/127886746-380,Milas
L100001079400,way/130569382-380,Izmir
L100001079532,way/127886746-380,Milas
L100001079581,way/130569382-380,Izmir
L100001079587,TR123-380,Denizli
L100001079989,way/130569382-380,Izmir
L100001079663,way/127886746-380,Milas
L100001079793,way/127886746-380,Milas
L100001079948,way/127886746-380,Milas
L100001079951,way/130569382-380,Izmir
L100000831228,way/130740157-380,Afyonkarahisar
L100000831229,way/130740157-380,Afyonkarahisar
L100000831230,way/130740157-380,Afyonkarahisar
L100001079996,way/191530942-380,Agr
L100001077992,way/191530942-380,Agr
L100001079244,way/191530942-380,Agr
L100001079810,way/191530942-380,Agr
L100001079816,way/191530942-380,Agr
L100000831434,way/129553303-380,Diyarbakr
L100000831231,way/229782457-380,Adyaman
L100000831232,way/172934497-380,Konya
L100000831436,way/130569382-380,Izmir
L100001077590,way/96580455-380,Artvin
L100000831233,way/902347576-380,Van
L100000831234,way/172934497-380,Konya
L100001078278,way/176009144-380,Etimesgut
L100001077723,way/902347576-380,Van
L100000831235,way/176009144-380,Etimesgut
L100001077527,way/172934497-380,Konya
L100000831239,way/176009144-380,Etimesgut
L100001077644,way/129553303-380,Diyarbakr
L100001077852,way/127986151-380,Akhisar
L100001078056,way/127986151-380,Akhisar
L100001078092,way/127986151-380,Akhisar
L100001078101,way/127986151-380,Akhisar
L100001078605,way/127986151-380,Akhisar
L100001078329,way/127986151-380,Akhisar
L100001078360,way/127986151-380,Akhisar
L100001078427,way/173348127-380,Corlu
L100001078515,way/127986151-380,Akhisar
L100001078678,way/173348127-380,Corlu
L100001078782,way/127986151-380,Akhisar
L100001078832,way/127986151-380,Akhisar
L100001078943,way/127986151-380,Akhisar
L100001079173,way/173348127-380,Corlu
L100001079350,way/127986151-380,Akhisar
L100001079253,way/173348127-380,Corlu
L100001079276,way/127986151-380,Akhisar
L100001079283,way/127986151-380,Akhisar
L100001079314,way/173348127-380,Corlu
L100001079421,way/127986151-380,Akhisar
L100001079704,way/468958964-380,Canakkale
L100001077533,way/173348127-380,Corlu
L100001078971,way/239316403-380,Zonguldak
L100001077698,way/902347576-380,Van
L100000831240,way/128190689-380,Elbistan
L100000831242,way/177818606-380,Osmaniye
L100000831243,way/693406206-380,Siirt
L100001077796,way/693406206-380,Siirt
L100001077995,way/693406206-380,Siirt
L100001078076,way/693406206-380,Siirt
L100001078526,way/693406206-380,Siirt
L100001079959,way/693406206-380,Siirt
L100001078565,way/693406206-380,Siirt
L100001079234,way/693406206-380,Siirt
L100001079411,way/693406206-380,Siirt
L100001079583,way/693406206-380,Siirt
L100001079967,way/693406206-380,Siirt
L100000831244,way/194082258-380,Erzurum
L100001077953,way/194082258-380,Erzurum
L100001078424,way/194082258-380,Erzurum
L100001078716,way/194082258-380,Erzurum
L100001079397,way/194082258-380,Erzurum
L100001079999,way/194082258-380,Erzurum
L100001077582,way/191530942-380,Agr
L100001017978,way/127886746-380,Milas
L100000831246,way/172934497-380,Konya
L100000831247,way/176009144-380,Etimesgut
L100000831250,way/172934497-380,Konya
L100001077762,way/129553303-380,Diyarbakr
L100001077738,way/693406206-380,Siirt
L100000831251,way/174078394-380,Duzce
L100001077685,way/96580455-380,Artvin
L100001077567,way/172934497-380,Konya
L100000831252,way/172934497-380,Konya
L100000831253,way/172934497-380,Konya
L100001077652,way/176009144-380,Etimesgut
L100001077779,way/132128807-380,Kocaeli
L100001077814,way/132128807-380,Kocaeli
L100001077824,way/132128807-380,Kocaeli
L100001077831,way/132128807-380,Kocaeli
L100001078093,way/132128807-380,Kocaeli
L100001077838,way/132128807-380,Kocaeli
L100001077844,way/132128807-380,Kocaeli
L100001077867,TR44-380,Istanbul
L100001077869,way/132128807-380,Kocaeli
L100001078172,way/132128807-380,Kocaeli
L100001078356,TR44-380,Istanbul
L100001078543,way/132128807-380,Kocaeli
L100001078622,way/132128807-380,Kocaeli
L100001078695,TR44-380,Istanbul
L100001079005,way/132128807-380,Kocaeli
L100001078726,TR44-380,Istanbul
L100001078736,TR44-380,Istanbul
L100001078876,way/132128807-380,Kocaeli
L100001078951,way/132128807-380,Kocaeli
L100001079019,TR44-380,Istanbul
L100001079025,way/132128807-380,Kocaeli
L100001079127,TR44-380,Istanbul
L100001079380,way/132128807-380,Kocaeli
L100001079388,way/132128807-380,Kocaeli
L100001079462,TR44-380,Istanbul
L100001079984,way/132128807-380,Kocaeli
L100001080013,way/966899330-380,Sakarya
L100001080051,way/132128807-380,Kocaeli
L100000831254,way/129553303-380,Diyarbakr
L100001077858,way/194082258-380,Erzurum
L100001078133,way/129553303-380,Diyarbakr
L100001079906,way/129553303-380,Diyarbakr
L100001077750,way/173348127-380,Corlu
L100001077749,way/468958964-380,Canakkale
L100001077693,way/194082258-380,Erzurum
L100001077578,way/172934497-380,Konya
L100001077645,way/693406206-380,Siirt
L100001077877,way/902347576-380,Van
L100001077956,way/693406206-380,Siirt
L100001078085,way/902347576-380,Van
L100001078140,way/693406206-380,Siirt
L100001079407,way/693406206-380,Siirt
L100001078183,way/902347576-380,Van
L100001078212,way/693406206-380,Siirt
L100001078871,way/693406206-380,Siirt
L100001078944,way/693406206-380,Siirt
L100001079496,way/693406206-380,Siirt
L100001079535,way/693406206-380,Siirt
L100001079717,way/693406206-380,Siirt
L100001079852,way/693406206-380,Siirt
L100001080002,way/693406206-380,Siirt
L100001080053,way/693406206-380,Siirt
L100000831256,way/172934497-380,Konya
L100001077658,way/127886746-380,Milas
L100001078152,way/239316403-380,Zonguldak
L100001078433,way/174078394-380,Duzce
L100001078619,way/132128807-380,Kocaeli
L100001078796,way/132128807-380,Kocaeli
L100001078853,way/132128807-380,Kocaeli
L100001079031,way/176009144-380,Etimesgut
L100000831407,way/132128807-380,Kocaeli
L100000831257,way/130740157-380,Afyonkarahisar
L100000831258,way/130740157-380,Afyonkarahisar
L100000831259,way/172934497-380,Konya
L100001077570,way/172934497-380,Konya
L100001077695,TR123-380,Denizli
L100000831260,way/172934516-380,Beysehir
L100001077657,way/177818606-380,Osmaniye
L100001017971,way/128190689-380,Elbistan
L100000831261,way/128190689-380,Elbistan
L100000831262,way/177818606-380,Osmaniye
L100000831263,TR123-380,Denizli
L100000831264,way/132128807-380,Kocaeli
L100001077788,TR136-380,Antalya
L100001077913,TR123-380,Denizli
L100001078051,TR136-380,Antalya
L100001078157,TR136-380,Antalya
L100001079373,TR136-380,Antalya
L100001078598,TR136-380,Antalya
L100001078662,TR123-380,Denizli
L100001078739,TR136-380,Antalya
L100001079003,TR136-380,Antalya
L100001079520,TR136-380,Antalya
L100001079619,TR136-380,Antalya
L100001079828,TR136-380,Antalya
L100001079842,TR136-380,Antalya
L100001079886,TR136-380,Antalya
L100001079982,TR136-380,Antalya
L100000831265,TR123-380,Denizli
L100001077799,TR136-380,Antalya
L100001077976,TR136-380,Antalya
L100001078117,TR123-380,Denizli
L100001078182,TR136-380,Antalya
L100001078353,TR136-380,Antalya
L100001078197,TR136-380,Antalya
L100001078243,TR123-380,Denizli
L100001078253,TR123-380,Denizli
L100001078332,TR123-380,Denizli
L100001078420,TR123-380,Denizli
L100001078649,TR123-380,Denizli
L100001078664,TR136-380,Antalya
L100001078874,TR136-380,Antalya
L100001079097,TR136-380,Antalya
L100001079236,TR136-380,Antalya
L100001079202,TR136-380,Antalya
L100001079212,TR136-380,Antalya
L100001079222,TR136-380,Antalya
L100001079227,TR136-380,Antalya
L100001079271,TR136-380,Antalya
L100001079469,TR123-380,Denizli
L100001079470,TR136-380,Antalya
L100001079476,TR136-380,Antalya
L100001079651,TR136-380,Antalya
L100001079747,TR123-380,Denizli
L100001080042,TR136-380,Antalya
L100001077808,TR44-380,Istanbul
L100001077830,TR44-380,Istanbul
L100001077883,TR44-380,Istanbul
L100001077951,TR44-380,Istanbul
L100001078280,TR44-380,Istanbul
L100001077978,TR44-380,Istanbul
L100001078078,TR44-380,Istanbul
L100001078145,TR44-380,Istanbul
L100001078252,TR44-380,Istanbul
L100001078418,TR44-380,Istanbul
L100001078490,TR44-380,Istanbul
L100001078491,TR44-380,Istanbul
L100001078567,TR44-380,Istanbul
L100001078579,TR44-380,Istanbul
L100001078712,TR44-380,Istanbul
L100001078638,TR44-380,Istanbul
L100001078674,TR44-380,Istanbul
L100001078677,TR44-380,Istanbul
L100001078709,TR44-380,Istanbul
L100001078723,TR44-380,Istanbul
L100001078740,TR44-380,Istanbul
L100001079132,way/127986151-380,Akhisar
L100001079134,way/127986151-380,Akhisar
L100001079168,TR44-380,Istanbul
L100001079466,TR44-380,Istanbul
L100001079196,TR44-380,Istanbul
L100001079232,TR44-380,Istanbul
L100001079348,TR44-380,Istanbul
L100001079429,TR44-380,Istanbul
L100001079601,TR44-380,Istanbul
L100001079659,TR44-380,Istanbul
L100001079817,TR44-380,Istanbul
L100001079877,TR44-380,Istanbul
L100001079909,TR44-380,Istanbul
L100001079945,TR44-380,Istanbul
L100001079997,way/127986151-380,Akhisar
L100001079998,TR44-380,Istanbul
L100001077589,way/194082258-380,Erzurum
L100000831266,way/172934516-380,Beysehir
L100000831267,TR123-380,Denizli
L100001077548,way/229782457-380,Adyaman
L100000831268,way/172934497-380,Konya
L100000831269,way/194082258-380,Erzurum
L100000831270,TR136-380,Antalya
L100000831271,way/172934497-380,Konya
L100001077580,way/177818606-380,Osmaniye
L100001077540,way/468958964-380,Canakkale
L100001077610,way/177818606-380,Osmaniye
L100001077902,way/468958964-380,Canakkale
L100001077933,way/468958964-380,Canakkale
L100001077960,way/468958964-380,Canakkale
L100001078019,way/468958964-380,Canakkale
L100001079022,way/468958964-380,Canakkale
L100001078153,way/468958964-380,Canakkale
L100001078251,way/468958964-380,Canakkale
L100001078816,way/468958964-380,Canakkale
L100001078938,way/468958964-380,Canakkale
L100001079342,way/468958964-380,Canakkale
L100001079361,way/468958964-380,Canakkale
L100001079404,way/468958964-380,Canakkale
L100001079627,way/468958964-380,Canakkale
L100001079808,way/468958964-380,Canakkale
L100001079918,way/468958964-380,Canakkale
L100001079815,way/468958964-380,Canakkale
L100001079854,way/468958964-380,Canakkale
L100001079883,way/468958964-380,Canakkale
L100001079913,way/468958964-380,Canakkale
L100001079966,way/468958964-380,Canakkale
L100001080021,way/468958964-380,Canakkale
L100001077607,way/129553303-380,Diyarbakr
L100000831273,way/239316403-380,Zonguldak
L100001077609,way/174078394-380,Duzce
L100000831274,TR136-380,Antalya
L100000831446,way/128190689-380,Elbistan
L100001077722,way/129553303-380,Diyarbakr
L100001077529,way/177818606-380,Osmaniye
L100000831276,way/172934497-380,Konya
L100000831277,way/129553303-380,Diyarbakr
L100000831278,way/132128807-380,Kocaeli
L100000831279,way/128190689-380,Elbistan
L100000831280,way/172934497-380,Konya
L100000831281,way/127886746-380,Milas
L100000831282,way/127886746-380,Milas
L100000831283,way/172934497-380,Konya
L100001077689,way/130569382-380,Izmir
L100001077553,way/173348127-380,Corlu
L100000831284,way/169679398-380,Amasya
L100000831285,way/169679398-380,Amasya
L100001077646,way/169679398-380,Amasya
L100001077727,way/194508537-380,Cermik
L100001077627,way/129553303-380,Diyarbakr
L100001077530,way/127886746-380,Milas
L100001077736,way/129553303-380,Diyarbakr
L100000831288,TR123-380,Denizli
L100001077641,way/128190689-380,Elbistan
L100000831290,way/132128807-380,Kocaeli
L100000831291,way/177818606-380,Osmaniye
L100000831294,TR123-380,Denizli
L100000831293,TR123-380,Denizli
L100001077776,TR123-380,Denizli
L100001077842,TR123-380,Denizli
L100001077875,TR123-380,Denizli
L100001077882,TR123-380,Denizli
L100001077954,TR123-380,Denizli
L100001079077,TR123-380,Denizli
L100001079118,TR123-380,Denizli
L100001079129,TR123-380,Denizli
L100001079169,TR123-380,Denizli
L100001079203,TR123-380,Denizli
L100001079478,TR123-380,Denizli
L100001079265,TR123-380,Denizli
L100001079305,TR123-380,Denizli
L100001079377,TR123-380,Denizli
L100001079410,TR123-380,Denizli
L100001079517,TR123-380,Denizli
L100001079525,TR123-380,Denizli
L100001079528,TR123-380,Denizli
L100001079545,TR123-380,Denizli
L100001079609,TR123-380,Denizli
L100001079622,TR123-380,Denizli
L100001079670,TR123-380,Denizli
L100001080062,TR123-380,Denizli
L100001077885,TR123-380,Denizli
L100001077892,TR123-380,Denizli
L100001077932,TR123-380,Denizli
L100001077941,TR123-380,Denizli
L100001077961,TR123-380,Denizli
L100001078043,TR123-380,Denizli
L100001078044,TR123-380,Denizli
L100001078111,TR123-380,Denizli
L100001078155,TR123-380,Denizli
L100001078343,TR123-380,Denizli
L100001078780,TR123-380,Denizli
L100001078815,TR123-380,Denizli
L100001078835,TR123-380,Denizli
L100001078836,TR123-380,Denizli
L100001078870,TR123-380,Denizli
L100001079060,TR123-380,Denizli
L100001078890,TR123-380,Denizli
L100001078914,TR123-380,Denizli
L100001078945,TR123-380,Denizli
L100001079054,TR123-380,Denizli
L100001078205,TR123-380,Denizli
L100001078246,TR123-380,Denizli
L100001078265,TR123-380,Denizli
L100001078292,TR123-380,Denizli
L100001078373,TR123-380,Denizli
L100001078374,TR123-380,Denizli
L100001078380,TR123-380,Denizli
L100001078385,TR123-380,Denizli
L100001078456,TR123-380,Denizli
L100001078570,TR123-380,Denizli
L100001078496,TR123-380,Denizli
L100001078534,TR123-380,Denizli
L100001078540,TR123-380,Denizli
L100001078557,TR123-380,Denizli
L100001078587,TR123-380,Denizli
L100001078590,TR123-380,Denizli
L100001078634,TR123-380,Denizli
L100001078635,TR123-380,Denizli
L100001078669,TR123-380,Denizli
L100001078745,TR123-380,Denizli
L100001078683,TR123-380,Denizli
L100001078693,TR123-380,Denizli
L100001078699,TR123-380,Denizli
L100001078734,TR123-380,Denizli
L100001017990,way/177818606-380,Osmaniye
L100001077696,way/194508537-380,Cermik
L100001077588,way/177818606-380,Osmaniye
L100001078170,way/177818606-380,Osmaniye
L100001078613,way/177818606-380,Osmaniye
L100001079081,way/177818606-380,Osmaniye
L100000831297,way/176009144-380,Etimesgut
L100001077694,way/130569382-380,Izmir
L100000831298,way/130569382-380,Izmir
L100001077545,way/177818606-380,Osmaniye
L100001078000,way/176009144-380,Etimesgut
L100001077809,way/129553303-380,Diyarbakr
L100001077818,way/129553303-380,Diyarbakr
L100001077828,way/129553303-380,Diyarbakr
L100001077879,way/129553303-380,Diyarbakr
L100001078188,way/194508537-380,Cermik
L100001077940,way/194082258-380,Erzurum
L100001078064,way/129553303-380,Diyarbakr
L100001078106,way/129553303-380,Diyarbakr
L100001078180,way/129553303-380,Diyarbakr
L100001078218,way/194508537-380,Cermik
L100001078444,way/129553303-380,Diyarbakr
L100001078457,way/693406206-380,Siirt
L100001078670,way/129553303-380,Diyarbakr
L100001078849,way/129553303-380,Diyarbakr
L100001079260,way/129553303-380,Diyarbakr
L100001078953,way/129553303-380,Diyarbakr
L100001079029,way/129553303-380,Diyarbakr
L100001079174,way/693406206-380,Siirt
L100001079221,way/129553303-380,Diyarbakr
L100001079364,way/129553303-380,Diyarbakr
L100001079425,way/194508537-380,Cermik
L100001079446,way/194508537-380,Cermik
L100001079450,way/129553303-380,Diyarbakr
L100001079481,way/129553303-380,Diyarbakr
L100001079820,way/129553303-380,Diyarbakr
L100001079541,way/194508537-380,Cermik
L100001079579,way/129553303-380,Diyarbakr
L100001079614,way/693406206-380,Siirt
L100001079673,way/129553303-380,Diyarbakr
L100001079847,way/129553303-380,Diyarbakr
L100001079954,way/129553303-380,Diyarbakr
L100001080023,way/129553303-380,Diyarbakr
L100000831300,TR123-380,Denizli
L100000831301,way/130740157-380,Afyonkarahisar
L100001077633,way/233873985-380,Arapgir
L100000831302,way/194082258-380,Erzurum
L100001017994,TR136-380,Antalya
L100001077950,way/176009144-380,Etimesgut
L100001079766,way/176009144-380,Etimesgut
L100001077566,way/177818606-380,Osmaniye
L100000831303,way/966899330-380,Sakarya
L100001077574,way/169679398-380,Amasya
L100000831304,way/177818606-380,Osmaniye
L100000831305,way/174078394-380,Duzce
L100001077710,way/693406206-380,Siirt
L100001078663,way/174078394-380,Duzce
L100001079121,way/174078394-380,Duzce
L100001079279,way/174078394-380,Duzce
L100001079445,way/174078394-380,Duzce
L100001079890,way/174078394-380,Duzce
L100001080083,way/174078394-380,Duzce
L100001077577,way/130740157-380,Afyonkarahisar
L100000831306,way/177818606-380,Osmaniye
L100001079142,way/468958964-380,Canakkale
L100001077857,way/468958964-380,Canakkale
L100001078026,way/173348127-380,Corlu
L100001078313,way/468958964-380,Canakkale
L100001079761,way/468958964-380,Canakkale
L100001079805,way/173348127-380,Corlu
L100001079929,way/173348127-380,Corlu
L100001080016,way/173348127-380,Corlu
L100000831308,TR123-380,Denizli
L100001077547,way/177818606-380,Osmaniye
L100000831309,way/172934497-380,Konya
L100000831310,way/173348127-380,Corlu
L100000831311,way/233873985-380,Arapgir
L100001077522,way/194508537-380,Cermik
L100001077523,way/194508537-380,Cermik
L100001077984,way/233873985-380,Arapgir
L100001078179,way/194508537-380,Cermik
L100001078193,way/129553303-380,Diyarbakr
L100001078279,way/129553303-380,Diyarbakr
L100001078742,way/129553303-380,Diyarbakr
L100001078295,way/233873985-380,Arapgir
L100001078477,way/129553303-380,Diyarbakr
L100001078489,way/233873985-380,Arapgir
L100001078518,way/129553303-380,Diyarbakr
L100001078929,way/233873985-380,Arapgir
L100001078962,way/129553303-380,Diyarbakr
L100001079355,way/233873985-380,Arapgir
L100001079711,way/129553303-380,Diyarbakr
L100001079774,way/233873985-380,Arapgir
L100001080038,way/129553303-380,Diyarbakr
L100001077684,way/191530942-380,Agr
L100001077686,way/191530942-380,Agr
L100001024010,way/172934497-380,Konya
L100001077546,way/172934497-380,Konya
L100001077787,way/233873985-380,Arapgir
L100001077967,way/194508537-380,Cermik
L100001078166,way/194508537-380,Cermik
L100001078186,way/194508537-380,Cermik
L100001078650,way/233873985-380,Arapgir
L100001078382,way/194508537-380,Cermik
L100001078417,way/194508537-380,Cermik
L100001078479,way/233873985-380,Arapgir
L100001078648,way/194508537-380,Cermik
L100001078785,way/194508537-380,Cermik
L100001078850,way/233873985-380,Arapgir
L100001078908,way/194508537-380,Cermik
L100001078946,way/194508537-380,Cermik
L100001078993,way/233873985-380,Arapgir
L100001079479,way/194508537-380,Cermik
L100001079023,way/194508537-380,Cermik
L100001079026,way/194508537-380,Cermik
L100001079073,way/129553303-380,Diyarbakr
L100001079435,way/194508537-380,Cermik
L100001079519,way/233873985-380,Arapgir
L100001079551,way/194508537-380,Cermik
L100001079757,way/233873985-380,Arapgir
L100001079783,way/233873985-380,Arapgir
L100001079908,way/194508537-380,Cermik
L100001079916,way/194508537-380,Cermik
L100001080025,way/194508537-380,Cermik
L100000831312,TR44-380,Istanbul
L100000831313,way/130740157-380,Afyonkarahisar
L100000831314,TR123-380,Denizli
L100000831316,way/194082258-380,Erzurum
L100000831317,way/194082258-380,Erzurum
L100001077672,way/172934497-380,Konya
L100001077579,way/172934497-380,Konya
L100000831318,way/172934497-380,Konya
L100000831319,way/172934497-380,Konya
L100001077747,way/129553303-380,Diyarbakr
L100001077557,way/177818606-380,Osmaniye
L100001020842,way/190391204-380,Hatay
L100001077845,way/194082258-380,Erzurum
L100001078011,way/194082258-380,Erzurum
L100001078068,way/194082258-380,Erzurum
L100001078146,way/129553303-380,Diyarbakr
L100001079052,way/194082258-380,Erzurum
L100001078260,way/233873985-380,Arapgir
L100001078623,way/194082258-380,Erzurum
L100001078784,way/233873985-380,Arapgir
L100001078856,way/194082258-380,Erzurum
L100001079165,way/194082258-380,Erzurum
L100001079326,way/194082258-380,Erzurum
L100001079687,way/194082258-380,Erzurum
L100001079899,way/194082258-380,Erzurum
L100000831321,way/194082258-380,Erzurum
L100001077783,way/194082258-380,Erzurum
L100001077819,way/194082258-380,Erzurum
L100001077925,way/96580455-380,Artvin
L100001077974,way/194082258-380,Erzurum
L100001078412,way/194082258-380,Erzurum
L100001078045,way/96580455-380,Artvin
L100001078234,way/194082258-380,Erzurum
L100001078274,way/194082258-380,Erzurum
L100001078344,way/194082258-380,Erzurum
L100001078437,way/194082258-380,Erzurum
L100001078520,way/194082258-380,Erzurum
L100001078530,way/194082258-380,Erzurum
L100001078673,way/96580455-380,Artvin
L100001078725,way/194082258-380,Erzurum
L100001078967,way/194082258-380,Erzurum
L100001078793,way/194082258-380,Erzurum
L100001078827,way/194082258-380,Erzurum
L100001078828,way/194082258-380,Erzurum
L100001078842,way/194082258-380,Erzurum
L100001078998,way/194082258-380,Erzurum
L100001079086,way/194082258-380,Erzurum
L100001079153,way/194082258-380,Erzurum
L100001079230,way/194082258-380,Erzurum
L100001079297,way/194082258-380,Erzurum
L100001079862,way/194082258-380,Erzurum
L100001079457,way/194082258-380,Erzurum
L100001079489,way/194082258-380,Erzurum
L100001079564,way/191530942-380,Agr
L100001079790,way/96580455-380,Artvin
L100001079875,way/194082258-380,Erzurum
L100001080003,way/194082258-380,Erzurum
L100001080027,way/96580455-380,Artvin
L100001080028,way/194082258-380,Erzurum
L100001077667,way/132128807-380,Kocaeli
L100001077678,way/176009144-380,Etimesgut
L100001077700,way/194082258-380,Erzurum
L100001017977,way/127886746-380,Milas
L100000831322,way/176009144-380,Etimesgut
L100001077565,way/132128807-380,Kocaeli
L100001077822,way/132128807-380,Kocaeli
L100001077878,way/174078394-380,Duzce
L100001077887,way/174078394-380,Duzce
L100001077900,way/176009144-380,Etimesgut
L100001078097,way/132128807-380,Kocaeli
L100001079631,way/132128807-380,Kocaeli
L100001079728,way/174078394-380,Duzce
L100001079730,way/176009144-380,Etimesgut
L100001079750,way/176009144-380,Etimesgut
L100001079763,way/176009144-380,Etimesgut
L100001079971,way/132128807-380,Kocaeli
L100001079780,way/132128807-380,Kocaeli
L100001079837,way/130740157-380,Afyonkarahisar
L100001079915,way/132128807-380,Kocaeli
L100001079944,way/132128807-380,Kocaeli
L100001079973,way/132128807-380,Kocaeli
L100001080065,way/132128807-380,Kocaeli
L100001080068,way/132128807-380,Kocaeli
L100001077937,way/132128807-380,Kocaeli
L100001077946,way/132128807-380,Kocaeli
L100001077987,way/132128807-380,Kocaeli
L100001078022,way/132128807-380,Kocaeli
L100001078159,way/132128807-380,Kocaeli
L100001078177,way/176009144-380,Etimesgut
L100001078232,way/132128807-380,Kocaeli
L100001078281,way/174078394-380,Duzce
L100001078381,way/132128807-380,Kocaeli
L100001078499,way/132128807-380,Kocaeli
L100001079264,way/132128807-380,Kocaeli
L100001079280,way/132128807-380,Kocaeli
L100001079319,way/176009144-380,Etimesgut
L100001079330,way/132128807-380,Kocaeli
L100001079403,way/132128807-380,Kocaeli
L100001079617,way/174078394-380,Duzce
L100001079415,way/132128807-380,Kocaeli
L100001079453,way/132128807-380,Kocaeli
L100001079485,way/132128807-380,Kocaeli
L100001079560,way/174078394-380,Duzce
L100001078390,way/176009144-380,Etimesgut
L100001078391,way/132128807-380,Kocaeli
L100001078446,way/132128807-380,Kocaeli
L100001078487,way/174078394-380,Duzce
L100001078659,way/132128807-380,Kocaeli
L100001078667,way/132128807-380,Kocaeli
L100001078671,way/132128807-380,Kocaeli
L100001078708,way/132128807-380,Kocaeli
L100001078719,way/176009144-380,Etimesgut
L100001078855,way/176009144-380,Etimesgut
L100001078747,way/176009144-380,Etimesgut
L100001078765,way/176009144-380,Etimesgut
L100001078770,way/132128807-380,Kocaeli
L100001078822,way/174078394-380,Duzce
L100001078863,way/132128807-380,Kocaeli
L100001078901,way/132128807-380,Kocaeli
L100001078921,way/132128807-380,Kocaeli
L100001078982,way/132128807-380,Kocaeli
L100001079057,way/176009144-380,Etimesgut
L100001079233,way/132128807-380,Kocaeli
L100001079066,way/132128807-380,Kocaeli
L100001079109,way/132128807-380,Kocaeli
L100001079152,way/132128807-380,Kocaeli
L100001079170,way/132128807-380,Kocaeli
L100000831323,way/172934516-380,Beysehir
L100001077691,way/169679398-380,Amasya
L100001016883,way/129553303-380,Diyarbakr
L100001079344,way/176009144-380,Etimesgut
L100001077670,way/128190689-380,Elbistan
L100000831324,TR136-380,Antalya
L100001077743,way/128190689-380,Elbistan
L100001077619,TR136-380,Antalya
L100000831325,TR44-380,Istanbul
L100001078440,way/191530942-380,Agr
L100000831327,way/468958964-380,Canakkale
L100001050156,way/172934497-380,Konya
L100001050154,way/229782457-380,Adyaman
L100001077766,way/172934497-380,Konya
L100001077767,way/172934516-380,Beysehir
L100001077768,way/172934516-380,Beysehir
L100001077620,way/693406206-380,Siirt
L100001077597,way/132128807-380,Kocaeli
L100001077594,way/132128807-380,Kocaeli
L100001077595,way/176009144-380,Etimesgut
L100001077596,way/169679398-380,Amasya
L100001077513,way/229782457-380,Adyaman
L100001077622,way/902347576-380,Van
L100001077624,way/902347576-380,Van
L100001077618,way/229782457-380,Adyaman
L100001077626,way/693406206-380,Siirt
L100001077625,way/902347576-380,Van
L100001049839,way/177818606-380,Osmaniye
L100000831470,way/172934497-380,Konya
L100000831471,way/172934497-380,Konya
L100001050153,way/129553303-380,Diyarbakr
L100001049905,way/129553303-380,Diyarbakr
L100001049918,way/129553303-380,Diyarbakr
L100001049913,way/129553303-380,Diyarbakr
L100001049912,way/129553303-380,Diyarbakr
L100001077514,way/229782457-380,Adyaman
L100000831328,way/229782457-380,Adyaman
L100001077802,way/229782457-380,Adyaman
L100001077873,way/229782457-380,Adyaman
L100001077901,way/229782457-380,Adyaman
L100001077904,way/177818606-380,Osmaniye
L100001078168,way/229782457-380,Adyaman
L100001079580,way/229782457-380,Adyaman
L100001079602,way/229782457-380,Adyaman
L100001079629,way/229782457-380,Adyaman
L100001079686,way/229782457-380,Adyaman
L100001079694,way/229782457-380,Adyaman
L100001079838,way/229782457-380,Adyaman
L100001079708,way/229782457-380,Adyaman
L100001079718,way/177818606-380,Osmaniye
L100001079734,way/229782457-380,Adyaman
L100001079806,way/229782457-380,Adyaman
L100001079857,way/229782457-380,Adyaman
L100001079859,way/229782457-380,Adyaman
L100001079885,way/229782457-380,Adyaman
L100001079907,way/229782457-380,Adyaman
L100001079914,way/229782457-380,Adyaman
L100001080049,way/229782457-380,Adyaman
L100001079963,way/177818606-380,Osmaniye
L100001079968,way/229782457-380,Adyaman
L100001079974,way/229782457-380,Adyaman
L100001080008,way/229782457-380,Adyaman
L100001077907,way/229782457-380,Adyaman
L100001077914,way/229782457-380,Adyaman
L100001078003,way/229782457-380,Adyaman
L100001078119,way/229782457-380,Adyaman
L100001078203,way/229782457-380,Adyaman
L100001078204,way/229782457-380,Adyaman
L100001078247,way/229782457-380,Adyaman
L100001078259,way/229782457-380,Adyaman
L100001078291,way/229782457-380,Adyaman
L100001078423,way/229782457-380,Adyaman
L100001079133,way/229782457-380,Adyaman
L100001079187,way/229782457-380,Adyaman
L100001079208,way/229782457-380,Adyaman
L100001079220,way/229782457-380,Adyaman
L100001079237,way/229782457-380,Adyaman
L100001079548,way/229782457-380,Adyaman
L100001079242,way/229782457-380,Adyaman
L100001079262,way/128190689-380,Elbistan
L100001079379,way/229782457-380,Adyaman
L100001079502,way/229782457-380,Adyaman
L100001078335,way/229782457-380,Adyaman
L100001078336,way/229782457-380,Adyaman
L100001078355,way/177818606-380,Osmaniye
L100001078411,way/229782457-380,Adyaman
L100001078428,way/229782457-380,Adyaman
L100001078478,way/229782457-380,Adyaman
L100001078494,way/229782457-380,Adyaman
L100001078555,way/229782457-380,Adyaman
L100001078615,way/229782457-380,Adyaman
L100001078936,way/229782457-380,Adyaman
L100001078702,way/229782457-380,Adyaman
L100001078757,way/229782457-380,Adyaman
L100001078774,way/229782457-380,Adyaman
L100001078896,way/229782457-380,Adyaman
L100001078957,way/229782457-380,Adyaman
L100001078959,way/229782457-380,Adyaman
L100001078974,way/229782457-380,Adyaman
L100001078991,way/229782457-380,Adyaman
L100001078999,way/229782457-380,Adyaman
L100001079123,way/229782457-380,Adyaman
L100001079068,way/229782457-380,Adyaman
L100001079075,way/229782457-380,Adyaman
L100001079076,way/229782457-380,Adyaman
L100001079103,way/229782457-380,Adyaman
L100000831329,way/468958964-380,Canakkale
L100000831330,TR123-380,Denizli
L100001077612,way/177818606-380,Osmaniye
L100001077585,way/127886746-380,Milas
L100001077586,way/132128807-380,Kocaeli
L100001078104,way/194082258-380,Erzurum
L100001078372,way/621764967-380,Ordu
L100001079423,way/621764967-380,Ordu
L100001079855,way/621764967-380,Ordu
L100001079932,way/621764967-380,Ordu
L100000831331,way/129553303-380,Diyarbakr
L100000831332,way/172934497-380,Konya
L100000831333,TR136-380,Antalya
L100000831334,TR136-380,Antalya
L100001077526,way/177818606-380,Osmaniye
L100001024011,way/172934516-380,Beysehir
L100001077763,way/129553303-380,Diyarbakr
L100001077630,way/176009144-380,Etimesgut
L100000831335,TR136-380,Antalya
L100001077576,way/172934516-380,Beysehir
L100001077654,way/128190689-380,Elbistan
L100000831427,TR123-380,Denizli
L100000831338,way/177818606-380,Osmaniye
L100001077587,way/127986151-380,Akhisar
L100000831339,way/177818606-380,Osmaniye
L100001024009,TR44-380,Istanbul
L100000831341,TR123-380,Denizli
L100001077662,way/693406206-380,Siirt
L100001077569,way/176009144-380,Etimesgut
L100001077853,way/172934497-380,Konya
L100001078041,way/172934497-380,Konya
L100001078465,way/172934497-380,Konya
L100001078808,way/172934497-380,Konya
L100001079985,way/172934497-380,Konya
L100001079185,way/194082258-380,Erzurum
L100001079422,way/194082258-380,Erzurum
L100001080067,way/194082258-380,Erzurum
L100001049796,way/127986151-380,Akhisar
L100000831342,way/128190689-380,Elbistan
L100000831343,way/172934516-380,Beysehir
L100000831345,way/128190689-380,Elbistan
L100001077534,way/173348127-380,Corlu
L100001016901,way/169679398-380,Amasya
L100001077712,way/129553303-380,Diyarbakr
L100001078110,way/190391204-380,Hatay
L100001078421,way/177818606-380,Osmaniye
L100001078442,way/190391204-380,Hatay
L100001078720,way/190391204-380,Hatay
L100001079995,way/177818606-380,Osmaniye
L100001078979,way/190391204-380,Hatay
L100001079206,way/190391204-380,Hatay
L100001079395,way/190391204-380,Hatay
L100001079521,way/190391204-380,Hatay
L100001077702,way/177818606-380,Osmaniye
L100000831346,way/169679398-380,Amasya
L100001077559,way/172934497-380,Konya
L100000831347,way/194508537-380,Cermik
L100000831348,way/177818606-380,Osmaniye
L100001077741,way/902347576-380,Van
L100001077666,way/176009144-380,Etimesgut
L100001077668,way/132128807-380,Kocaeli
L100001077704,way/693406206-380,Siirt
L100001077614,way/693406206-380,Siirt
L100001077613,way/693406206-380,Siirt
L100001077568,way/52613323-380,Esenyurt
L100000831352,way/468958964-380,Canakkale
L100001077756,way/194082258-380,Erzurum
L100001077757,way/229782457-380,Adyaman
L100001077661,way/693406206-380,Siirt
L100000831353,way/194082258-380,Erzurum
L100000831354,way/194082258-380,Erzurum
L100000831355,way/194082258-380,Erzurum
L100001077521,way/176009144-380,Etimesgut
L100000831356,way/229782457-380,Adyaman
L100000831357,way/177818606-380,Osmaniye
L100000831358,way/128190689-380,Elbistan
L100001077616,way/129553303-380,Diyarbakr
L100000831359,way/177818606-380,Osmaniye
L100000831360,way/172934497-380,Konya
L100000831364,way/177818606-380,Osmaniye
L100001077807,TR136-380,Antalya
L100001077847,way/130740157-380,Afyonkarahisar
L100001077866,way/130740157-380,Afyonkarahisar
L100001077923,TR136-380,Antalya
L100001078083,TR136-380,Antalya
L100001079562,TR136-380,Antalya
L100001079584,way/130740157-380,Afyonkarahisar
L100001079592,TR136-380,Antalya
L100001079641,way/130740157-380,Afyonkarahisar
L100001079653,way/172934516-380,Beysehir
L100001079764,TR136-380,Antalya
L100001079706,TR136-380,Antalya
L100001079722,TR136-380,Antalya
L100001079735,way/172934516-380,Beysehir
L100001079743,TR123-380,Denizli
L100001079786,way/130740157-380,Afyonkarahisar
L100001079787,TR136-380,Antalya
L100001079844,TR123-380,Denizli
L100001079868,way/130740157-380,Afyonkarahisar
L100001079871,TR136-380,Antalya
L100001079939,TR136-380,Antalya
L100001079956,TR136-380,Antalya
L100001080046,TR123-380,Denizli
L100001080078,TR136-380,Antalya
L100001077955,TR123-380,Denizli
L100001078049,TR136-380,Antalya
L100001078059,way/130740157-380,Afyonkarahisar
L100001078082,way/130740157-380,Afyonkarahisar
L100001078096,TR136-380,Antalya
L100001078176,way/130740157-380,Afyonkarahisar
L100001078181,TR136-380,Antalya
L100001078184,way/130740157-380,Afyonkarahisar
L100001078211,TR136-380,Antalya
L100001078368,TR136-380,Antalya
L100001079282,TR136-380,Antalya
L100001079292,TR136-380,Antalya
L100001079303,TR136-380,Antalya
L100001079399,TR136-380,Antalya
L100001079427,TR136-380,Antalya
L100001079549,TR136-380,Antalya
L100001079444,TR136-380,Antalya
L100001079447,TR136-380,Antalya
L100001079465,TR123-380,Denizli
L100001079526,way/130740157-380,Afyonkarahisar
L100001078216,TR123-380,Denizli
L100001078224,TR123-380,Denizli
L100001078314,way/130740157-380,Afyonkarahisar
L100001078352,TR136-380,Antalya
L100001078470,TR136-380,Antalya
L100001078483,TR136-380,Antalya
L100001078507,way/172934516-380,Beysehir
L100001078628,TR136-380,Antalya
L100001078687,TR136-380,Antalya
L100001078905,way/130740157-380,Afyonkarahisar
L100001078697,TR136-380,Antalya
L100001078698,TR123-380,Denizli
L100001078829,TR136-380,Antalya
L100001078843,way/172934516-380,Beysehir
L100001078924,TR123-380,Denizli
L100001079009,TR123-380,Denizli
L100001079018,TR123-380,Denizli
L100001079044,TR136-380,Antalya
L100001079083,TR136-380,Antalya
L100001079211,TR136-380,Antalya
L100001079131,way/130740157-380,Afyonkarahisar
L100001079149,way/130740157-380,Afyonkarahisar
L100001079172,TR136-380,Antalya
L100001079192,way/130740157-380,Afyonkarahisar
L100000831365,way/194082258-380,Erzurum
L100001078610,TR44-380,Istanbul
L100001078660,way/52613323-380,Esenyurt
L100001079270,TR44-380,Istanbul
L100001079725,way/52613323-380,Esenyurt
L100001079843,way/52613323-380,Esenyurt
L100001079946,way/52613323-380,Esenyurt
L100001079979,TR44-380,Istanbul
L100001080024,TR44-380,Istanbul
L100001077734,way/129553303-380,Diyarbakr
L100000831366,way/127986151-380,Akhisar
L100001078461,way/130569382-380,Izmir
L100001078585,way/127986151-380,Akhisar
L100001079484,way/130569382-380,Izmir
L100001079719,way/130569382-380,Izmir
L100001079767,way/130569382-380,Izmir
L100001077552,way/966899330-380,Sakarya
L100001055934,way/172934497-380,Konya
L100001078039,way/177818606-380,Osmaniye
L100001078128,way/177818606-380,Osmaniye
L100001078171,way/177818606-380,Osmaniye
L100001078473,way/177818606-380,Osmaniye
L100001079432,way/177818606-380,Osmaniye
L100001078731,way/177818606-380,Osmaniye
L100001079051,way/177818606-380,Osmaniye
L100001079055,way/177818606-380,Osmaniye
L100001079216,way/177818606-380,Osmaniye
L100001079497,way/177818606-380,Osmaniye
L100001079770,way/177818606-380,Osmaniye
L100001077770,way/128190689-380,Elbistan
L100001077800,way/128190689-380,Elbistan
L100001077806,way/128190689-380,Elbistan
L100001077823,way/128190689-380,Elbistan
L100001077908,way/128190689-380,Elbistan
L100001079594,way/177818606-380,Osmaniye
L100001079610,way/128190689-380,Elbistan
L100001079633,way/128190689-380,Elbistan
L100001079634,way/128190689-380,Elbistan
L100001079677,way/128190689-380,Elbistan
L100001079952,way/128190689-380,Elbistan
L100001079739,way/177818606-380,Osmaniye
L100001079789,way/128190689-380,Elbistan
L100001079802,way/128190689-380,Elbistan
L100001079888,way/128190689-380,Elbistan
L100001079978,way/177818606-380,Osmaniye
L100001080040,way/128190689-380,Elbistan
L100001077854,way/128190689-380,Elbistan
L100001077861,way/128190689-380,Elbistan
L100001077888,way/128190689-380,Elbistan
L100001077903,way/128190689-380,Elbistan
L100001077952,way/229782457-380,Adyaman
L100001077991,way/128190689-380,Elbistan
L100001078055,way/128190689-380,Elbistan
L100001078067,way/128190689-380,Elbistan
L100001078102,way/128190689-380,Elbistan
L100001078209,way/128190689-380,Elbistan
L100001079166,way/229782457-380,Adyaman
L100001079193,way/128190689-380,Elbistan
L100001079219,way/128190689-380,Elbistan
L100001079277,way/128190689-380,Elbistan
L100001079285,way/128190689-380,Elbistan
L100001079555,way/128190689-380,Elbistan
L100001079300,way/128190689-380,Elbistan
L100001079360,way/128190689-380,Elbistan
L100001079413,way/128190689-380,Elbistan
L100001079513,way/128190689-380,Elbistan
L100001078148,way/128190689-380,Elbistan
L100001078149,way/128190689-380,Elbistan
L100001078169,way/128190689-380,Elbistan
L100001078192,way/128190689-380,Elbistan
L100001078311,way/128190689-380,Elbistan
L100001078337,way/177818606-380,Osmaniye
L100001078395,way/177818606-380,Osmaniye
L100001078425,way/128190689-380,Elbistan
L100001078472,way/128190689-380,Elbistan
L100001078651,way/128190689-380,Elbistan
L100001078591,way/128190689-380,Elbistan
L100001078617,way/128190689-380,Elbistan
L100001078641,way/128190689-380,Elbistan
L100001078642,way/128190689-380,Elbistan
L100001078756,way/128190689-380,Elbistan
L100001078773,way/128190689-380,Elbistan
L100001078789,way/128190689-380,Elbistan
L100001078862,way/128190689-380,Elbistan
L100001078883,way/128190689-380,Elbistan
L100001079120,way/128190689-380,Elbistan
L100001078911,way/128190689-380,Elbistan
L100001078987,way/128190689-380,Elbistan
L100001079033,way/128190689-380,Elbistan
L100001079067,way/128190689-380,Elbistan
L100001077528,way/194508537-380,Cermik
L100001077531,way/966899330-380,Sakarya
L100001077555,way/191530942-380,Agr
L100001023998,way/194082258-380,Erzurum
L100000831368,way/176009144-380,Etimesgut
L100000831369,way/128190689-380,Elbistan
L100000831370,way/128190689-380,Elbistan
L100001077606,way/130569382-380,Izmir
L100000831371,way/128190689-380,Elbistan
L100000831373,way/132128807-380,Kocaeli
L100001078312,way/176009144-380,Etimesgut
L100001078331,way/239316403-380,Zonguldak
L100001079204,way/239316403-380,Zonguldak
L100001079473,way/239316403-380,Zonguldak
L100001077718,way/693406206-380,Siirt
L100001077692,way/130740157-380,Afyonkarahisar
L100000831374,way/172934497-380,Konya
L100001077621,TR123-380,Denizli
L100001078293,way/176009144-380,Etimesgut
L100001078389,way/176009144-380,Etimesgut
L100000831375,way/194508537-380,Cermik
L100001077532,way/177818606-380,Osmaniye
L100001077631,way/172934497-380,Konya
L100000831376,way/172934497-380,Konya
L100001077571,way/172934497-380,Konya
L100001077909,way/172934497-380,Konya
L100001077958,way/172934497-380,Konya
L100001078020,way/172934497-380,Konya
L100001078098,way/172934497-380,Konya
L100001078334,way/172934497-380,Konya
L100001078099,way/172934497-380,Konya
L100001078144,way/172934497-380,Konya
L100001078147,way/172934497-380,Konya
L100001078333,way/172934497-380,Konya
L100001078415,way/172934497-380,Konya
L100001078532,way/172934497-380,Konya
L100001078668,way/172934497-380,Konya
L100001078729,way/172934497-380,Konya
L100001078737,way/172934497-380,Konya
L100001079226,way/172934497-380,Konya
L100001078839,way/172934497-380,Konya
L100001078857,way/172934497-380,Konya
L100001078922,way/172934497-380,Konya
L100001079143,way/172934497-380,Konya
L100001079281,way/172934497-380,Konya
L100001079312,way/172934497-380,Konya
L100001079464,way/172934497-380,Konya
L100001079536,way/172934497-380,Konya
L100001079615,way/172934497-380,Konya
L100001079752,way/172934497-380,Konya
L100001079618,way/172934497-380,Konya
L100001079639,way/172934497-380,Konya
L100001079685,way/172934497-380,Konya
L100001079689,way/172934497-380,Konya
L100001080022,way/172934497-380,Konya
L100001080036,way/172934497-380,Konya
L100001080039,way/172934497-380,Konya
L100001080080,way/172934497-380,Konya
L100000831378,way/172934497-380,Konya
L100001077744,way/902347576-380,Van
L100001078245,way/191530942-380,Agr
L100001078754,way/191530942-380,Agr
L100001079171,way/191530942-380,Agr
L100001079600,way/191530942-380,Agr
L100001079650,way/191530942-380,Agr
L100001080009,way/191530942-380,Agr
L100000831411,way/132128807-380,Kocaeli
L100001077629,way/194508537-380,Cermik
L100001078918,way/130569382-380,Izmir
L100000831379,way/173348127-380,Corlu
L100000831380,way/176009144-380,Etimesgut
L100001077846,way/176009144-380,Etimesgut
L100001078618,way/176009144-380,Etimesgut
L100001079575,way/176009144-380,Etimesgut
L100001079599,way/169679398-380,Amasya
L100001079608,way/176009144-380,Etimesgut
L100001077699,way/129553303-380,Diyarbakr
L100001077573,way/169679398-380,Amasya
L100000831381,way/128190689-380,Elbistan
L100001077784,way/128190689-380,Elbistan
L100001077829,way/128190689-380,Elbistan
L100001077839,way/177818606-380,Osmaniye
L100001077860,way/128190689-380,Elbistan
L100001077929,way/177818606-380,Osmaniye
L100001078724,way/177818606-380,Osmaniye
L100001078751,way/128190689-380,Elbistan
L100001078790,way/128190689-380,Elbistan
L100001078791,way/128190689-380,Elbistan
L100001078811,way/128190689-380,Elbistan
L100001078978,way/128190689-380,Elbistan
L100001078817,way/177818606-380,Osmaniye
L100001078821,way/128190689-380,Elbistan
L100001078825,way/128190689-380,Elbistan
L100001078893,way/128190689-380,Elbistan
L100001079012,way/128190689-380,Elbistan
L100001079014,way/177818606-380,Osmaniye
L100001079032,way/128190689-380,Elbistan
L100001079035,way/177818606-380,Osmaniye
L100001079091,way/177818606-380,Osmaniye
L100001079241,way/128190689-380,Elbistan
L100001079102,way/128190689-380,Elbistan
L100001079111,way/128190689-380,Elbistan
L100001079184,way/128190689-380,Elbistan
L100001079239,way/177818606-380,Osmaniye
L100001079250,way/128190689-380,Elbistan
L100001079255,way/128190689-380,Elbistan
L100001079349,way/128190689-380,Elbistan
L100001079378,way/128190689-380,Elbistan
L100001079381,way/128190689-380,Elbistan
L100001079491,way/128190689-380,Elbistan
L100001079420,way/177818606-380,Osmaniye
L100001079424,way/128190689-380,Elbistan
L100001079452,way/177818606-380,Osmaniye
L100001079480,way/128190689-380,Elbistan
L100001079540,way/128190689-380,Elbistan
L100001079559,way/177818606-380,Osmaniye
L100001079586,way/128190689-380,Elbistan
L100001079595,way/128190689-380,Elbistan
L100001079643,way/128190689-380,Elbistan
L100001079800,way/128190689-380,Elbistan
L100001079644,way/128190689-380,Elbistan
L100001079672,way/128190689-380,Elbistan
L100001079695,way/177818606-380,Osmaniye
L100001079749,way/177818606-380,Osmaniye
L100001077890,way/128190689-380,Elbistan
L100001077897,way/128190689-380,Elbistan
L100001077911,way/128190689-380,Elbistan
L100001077918,way/128190689-380,Elbistan
L100001077943,way/177818606-380,Osmaniye
L100001079831,way/128190689-380,Elbistan
L100001079833,way/177818606-380,Osmaniye
L100001079839,way/128190689-380,Elbistan
L100001079910,way/177818606-380,Osmaniye
L100001079935,way/128190689-380,Elbistan
L100001080074,way/128190689-380,Elbistan
L100001079957,way/128190689-380,Elbistan
L100001079981,way/128190689-380,Elbistan
L100001079991,way/128190689-380,Elbistan
L100001080052,way/128190689-380,Elbistan
L100001077944,way/128190689-380,Elbistan
L100001077965,way/128190689-380,Elbistan
L100001077998,way/128190689-380,Elbistan
L100001078008,way/128190689-380,Elbistan
L100001078057,way/128190689-380,Elbistan
L100001078486,way/177818606-380,Osmaniye
L100001078495,way/177818606-380,Osmaniye
L100001078535,way/128190689-380,Elbistan
L100001078597,way/128190689-380,Elbistan
L100001078620,way/177818606-380,Osmaniye
L100001078703,way/128190689-380,Elbistan
L100001078646,way/177818606-380,Osmaniye
L100001078682,way/177818606-380,Osmaniye
L100001078686,way/128190689-380,Elbistan
L100001078696,way/128190689-380,Elbistan
L100001078009,way/128190689-380,Elbistan
L100001078012,way/128190689-380,Elbistan
L100001078038,way/177818606-380,Osmaniye
L100001078040,way/128190689-380,Elbistan
L100001078071,way/128190689-380,Elbistan
L100001078072,way/128190689-380,Elbistan
L100001078073,way/128190689-380,Elbistan
L100001078074,way/128190689-380,Elbistan
L100001078075,way/128190689-380,Elbistan
L100001078185,way/128190689-380,Elbistan
L100001078113,way/128190689-380,Elbistan
L100001078125,way/128190689-380,Elbistan
L100001078126,way/128190689-380,Elbistan
L100001078158,way/128190689-380,Elbistan
L100001078213,way/177818606-380,Osmaniye
L100001078222,way/128190689-380,Elbistan
L100001078248,way/128190689-380,Elbistan
L100001078256,way/128190689-380,Elbistan
L100001078271,way/128190689-380,Elbistan
L100001078439,way/177818606-380,Osmaniye
L100001078272,way/128190689-380,Elbistan
L100001078307,way/177818606-380,Osmaniye
L100001078340,way/177818606-380,Osmaniye
L100001078377,way/177818606-380,Osmaniye
L100000831382,way/176009144-380,Etimesgut
L100001077541,way/127986151-380,Akhisar
L100001077535,way/966899330-380,Sakarya
L100001078403,way/229782457-380,Adyaman
L100001078631,way/229782457-380,Adyaman
L100001078781,way/229782457-380,Adyaman
L100001079188,way/229782457-380,Adyaman
L100001079850,way/229782457-380,Adyaman
L100001079324,way/229782457-380,Adyaman
L100001079431,way/229782457-380,Adyaman
L100001079533,way/229782457-380,Adyaman
L100001079748,way/229782457-380,Adyaman
L100000831384,way/127986151-380,Akhisar
L100000831385,way/176009144-380,Etimesgut
L100001077764,way/194508537-380,Cermik
L100000831386,way/130569382-380,Izmir
L100001077690,way/130740157-380,Afyonkarahisar
L100001077740,way/194508537-380,Cermik
L100000831387,way/172934497-380,Konya
L100001077742,way/129553303-380,Diyarbakr
L100000831389,TR123-380,Denizli
L100001077549,TR123-380,Denizli
L100000831390,way/169679398-380,Amasya
L100001077592,way/130740157-380,Afyonkarahisar
L100001077772,way/966899330-380,Sakarya
L100001078001,way/966899330-380,Sakarya
L100001078095,TR44-380,Istanbul
L100001078364,way/966899330-380,Sakarya
L100001079566,TR44-380,Istanbul
L100001078378,TR44-380,Istanbul
L100001078399,TR44-380,Istanbul
L100001078474,TR44-380,Istanbul
L100001079140,TR44-380,Istanbul
L100001079729,way/966899330-380,Sakarya
L100001079799,way/966899330-380,Sakarya
L100001079881,way/966899330-380,Sakarya
L100001079962,TR44-380,Istanbul
L100001080035,way/966899330-380,Sakarya
L100001080063,way/966899330-380,Sakarya
L100000831433,way/468958964-380,Canakkale
L100000831395,way/130740157-380,Afyonkarahisar
L100001077721,way/172934516-380,Beysehir
L100001079160,way/172934497-380,Konya
L100001079180,way/172934497-380,Konya
L100001079189,way/172934497-380,Konya
L100001079190,way/172934497-380,Konya
L100001079207,way/172934497-380,Konya
L100001079286,way/172934497-380,Konya
L100001079969,way/172934497-380,Konya
L100001079983,way/172934516-380,Beysehir
L100001080011,way/172934497-380,Konya
L100001080015,way/172934497-380,Konya
L100001080055,way/172934497-380,Konya
L100001080076,way/172934497-380,Konya
L100001079256,way/172934516-380,Beysehir
L100001079259,way/172934497-380,Konya
L100001079261,way/172934497-380,Konya
L100001079266,way/172934516-380,Beysehir
L100001079309,way/172934497-380,Konya
L100001079335,way/172934497-380,Konya
L100001079367,way/172934497-380,Konya
L100001079375,way/172934516-380,Beysehir
L100001079386,way/172934497-380,Konya
L100001079492,way/130740157-380,Afyonkarahisar
L100001079860,way/172934497-380,Konya
L100001079863,way/172934497-380,Konya
L100001079887,way/172934497-380,Konya
L100001079889,way/172934497-380,Konya
L100001079891,way/172934497-380,Konya
L100001079922,way/172934497-380,Konya
L100001079892,way/172934497-380,Konya
L100001079893,way/172934497-380,Konya
L100001079897,way/172934516-380,Beysehir
L100001079903,way/172934497-380,Konya
L100001079433,way/172934497-380,Konya
L100001079438,way/172934516-380,Beysehir
L100001079458,way/130740157-380,Afyonkarahisar
L100001079482,way/172934497-380,Konya
L100001079508,way/172934497-380,Konya
L100001079531,way/172934497-380,Konya
L100001079550,way/172934497-380,Konya
L100001079554,way/172934497-380,Konya
L100001079570,way/172934497-380,Konya
L100001079669,way/172934497-380,Konya
L100001079574,way/172934516-380,Beysehir
L100001079588,way/172934516-380,Beysehir
L100001079606,way/130740157-380,Afyonkarahisar
L100001079642,way/172934497-380,Konya
L100001079715,way/172934516-380,Beysehir
L100001079745,way/172934497-380,Konya
L100001079755,way/172934497-380,Konya
L100001079795,way/172934516-380,Beysehir
L100001079798,way/172934516-380,Beysehir
L100001079835,way/172934497-380,Konya
L100001079809,way/172934497-380,Konya
L100001079819,way/172934516-380,Beysehir
L100001079822,way/172934497-380,Konya
L100001079827,way/172934497-380,Konya
L100001077782,way/172934497-380,Konya
L100001077793,way/172934497-380,Konya
L100001077803,way/172934497-380,Konya
L100001077804,way/172934497-380,Konya
L100001077870,way/172934497-380,Konya
L100001078542,way/172934497-380,Konya
L100001078544,way/172934497-380,Konya
L100001078554,way/172934497-380,Konya
L100001078559,way/172934497-380,Konya
L100001078566,way/172934497-380,Konya
L100001078730,way/172934497-380,Konya
L100001078571,way/172934497-380,Konya
L100001078600,way/172934497-380,Konya
L100001078657,way/172934497-380,Konya
L100001078679,way/172934497-380,Konya
L100001078733,way/172934497-380,Konya
L100001078753,way/172934497-380,Konya
L100001078760,way/172934497-380,Konya
L100001078772,way/172934497-380,Konya
L100001078802,way/172934497-380,Konya
L100001078884,way/172934497-380,Konya
L100001078806,way/172934497-380,Konya
L100001078818,way/172934497-380,Konya
L100001078826,way/172934497-380,Konya
L100001078877,way/172934497-380,Konya
L100001078912,way/172934497-380,Konya
L100001078916,way/172934497-380,Konya
L100001078920,way/172934497-380,Konya
L100001078928,way/172934516-380,Beysehir
L100001078930,way/172934516-380,Beysehir
L100001078976,way/172934497-380,Konya
L100001078933,way/172934497-380,Konya
L100001078934,way/172934497-380,Konya
L100001078956,way/172934497-380,Konya
L100001078975,way/172934516-380,Beysehir
L100001078995,way/172934497-380,Konya
L100001079034,way/172934497-380,Konya
L100001079040,way/172934497-380,Konya
L100001079050,way/172934497-380,Konya
L100001079056,way/172934516-380,Beysehir
L100001079089,way/172934497-380,Konya
L100001079064,way/172934497-380,Konya
L100001079069,way/172934497-380,Konya
L100001079078,way/172934497-380,Konya
L100001079087,way/172934497-380,Konya
L100001077810,way/172934516-380,Beysehir
L100001077827,way/172934497-380,Konya
L100001077832,way/172934497-380,Konya
L100001077855,way/172934497-380,Konya
L100001077871,way/172934497-380,Konya
L100001079092,way/172934497-380,Konya
L100001079104,way/172934497-380,Konya
L100001079107,way/172934497-380,Konya
L100001079119,way/172934497-380,Konya
L100001079125,way/172934497-380,Konya
L100001079158,way/172934497-380,Konya
L100001079128,way/172934497-380,Konya
L100001079137,way/172934497-380,Konya
L100001079147,way/172934516-380,Beysehir
L100001079156,way/172934497-380,Konya
L100001077935,way/172934497-380,Konya
L100001077959,way/172934497-380,Konya
L100001077966,way/172934497-380,Konya
L100001077968,way/172934497-380,Konya
L100001077993,way/172934497-380,Konya
L100001078402,way/172934497-380,Konya
L100001078405,way/172934497-380,Konya
L100001078445,way/172934497-380,Konya
L100001078454,way/172934516-380,Beysehir
L100001078455,way/172934497-380,Konya
L100001078538,way/172934497-380,Konya
L100001078460,way/172934497-380,Konya
L100001078471,way/172934497-380,Konya
L100001078502,way/172934497-380,Konya
L100001078519,way/172934497-380,Konya
L100001077970,way/172934497-380,Konya
L100001077973,way/172934497-380,Konya
L100001077975,way/172934497-380,Konya
L100001077985,way/172934497-380,Konya
L100001078014,way/172934497-380,Konya
L100001078108,way/172934516-380,Beysehir
L100001078156,way/172934497-380,Konya
L100001078163,way/172934497-380,Konya
L100001078200,way/172934497-380,Konya
L100001078270,way/172934516-380,Beysehir
L100001078201,way/172934516-380,Beysehir
L100001078223,way/172934497-380,Konya
L100001078230,way/172934497-380,Konya
L100001078233,way/172934516-380,Beysehir
L100001078276,way/172934516-380,Beysehir
L100001078303,way/172934497-380,Konya
L100001078308,way/172934497-380,Konya
L100001078317,way/172934516-380,Beysehir
L100001078323,way/172934516-380,Beysehir
L100001078394,way/172934497-380,Konya
L100001078345,way/172934497-380,Konya
L100001078362,way/172934497-380,Konya
L100001078366,way/130740157-380,Afyonkarahisar
L100001078371,way/172934497-380,Konya
L100001077583,way/194082258-380,Erzurum
L100001077751,way/129553303-380,Diyarbakr
L100000831396,way/129553303-380,Diyarbakr
L100001077910,way/128190689-380,Elbistan
L100001078611,way/169679398-380,Amasya
L100001079468,way/128190689-380,Elbistan
L100001079598,way/128190689-380,Elbistan
L100001077769,way/169679398-380,Amasya
L100001079864,way/130740157-380,Afyonkarahisar
L100000831398,way/176009144-380,Etimesgut
L100001077611,way/176009144-380,Etimesgut
L100001077640,way/128190689-380,Elbistan
L100000831399,way/173348127-380,Corlu
L100000831400,way/172934497-380,Konya
L100001077664,way/130740157-380,Afyonkarahisar
L100001077759,way/176009144-380,Etimesgut
L100000831401,way/169679398-380,Amasya
L100000831403,way/172934497-380,Konya
L100000831404,way/172934497-380,Konya
L100001077731,way/172934497-380,Konya
L100001077812,way/130740157-380,Afyonkarahisar
L100001077850,way/130740157-380,Afyonkarahisar
L100001077942,way/130740157-380,Afyonkarahisar
L100001078139,way/130740157-380,Afyonkarahisar
L100001079352,way/130740157-380,Afyonkarahisar
L100001078273,way/130740157-380,Afyonkarahisar
L100001078363,way/130740157-380,Afyonkarahisar
L100001078414,way/130740157-380,Afyonkarahisar
L100001079101,way/130740157-380,Afyonkarahisar
L100001079391,way/130740157-380,Afyonkarahisar
L100001079563,way/130740157-380,Afyonkarahisar
L100001079721,way/130740157-380,Afyonkarahisar
L100001079955,way/130740157-380,Afyonkarahisar
L100001077895,TR44-380,Istanbul
L100001078062,TR44-380,Istanbul
L100001078080,TR44-380,Istanbul
L100001078254,TR44-380,Istanbul
L100001079311,way/130740157-380,Afyonkarahisar
L100001078290,TR44-380,Istanbul
L100001078546,TR44-380,Istanbul
L100001078577,TR44-380,Istanbul
L100001078851,TR44-380,Istanbul
L100001079393,TR44-380,Istanbul
L100001079920,TR44-380,Istanbul
L100001079970,TR44-380,Istanbul
L100000831397,TR136-380,Antalya
L100001077989,way/173348127-380,Corlu
L100001078118,way/173348127-380,Corlu
L100001078285,way/173348127-380,Corlu
L100001079080,way/173348127-380,Corlu
L100001079430,way/173348127-380,Corlu
L100001079803,way/173348127-380,Corlu
L100001078029,way/176009144-380,Etimesgut
L100001078084,way/176009144-380,Etimesgut
L100001078091,way/176009144-380,Etimesgut
L100001078131,way/176009144-380,Etimesgut
L100001078511,way/176009144-380,Etimesgut
L100001078174,way/176009144-380,Etimesgut
L100001078257,way/176009144-380,Etimesgut
L100001078361,way/176009144-380,Etimesgut
L100001078398,way/176009144-380,Etimesgut
L100001078711,way/176009144-380,Etimesgut
L100001078840,way/176009144-380,Etimesgut
L100001078949,way/176009144-380,Etimesgut
L100001079106,way/176009144-380,Etimesgut
L100001079197,way/176009144-380,Etimesgut
L100001079645,way/176009144-380,Etimesgut
L100001079258,way/176009144-380,Etimesgut
L100001079358,way/176009144-380,Etimesgut
L100001079439,way/176009144-380,Etimesgut
L100001079547,way/176009144-380,Etimesgut
L100001079814,way/176009144-380,Etimesgut
L100001080012,way/176009144-380,Etimesgut
L100001080058,way/176009144-380,Etimesgut
L100001077874,way/172934497-380,Konya
L100001077986,way/172934497-380,Konya
L100001078164,way/172934497-380,Konya
L100001078165,way/172934497-380,Konya
L100001078656,way/172934497-380,Konya
L100001078275,way/169679398-380,Amasya
L100001078304,way/169679398-380,Amasya
L100001078315,way/172934497-380,Konya
L100001078513,way/172934497-380,Konya
L100001078759,way/172934497-380,Konya
L100001078954,way/172934497-380,Konya
L100001079148,way/172934497-380,Konya
L100001079243,way/172934497-380,Konya
L100001079306,way/176009144-380,Etimesgut
L100001079733,way/176009144-380,Etimesgut
L100001079321,way/172934497-380,Konya
L100001079372,way/172934497-380,Konya
L100001079426,way/176009144-380,Etimesgut
L100001079518,way/172934497-380,Konya
L100001079777,way/172934497-380,Konya
L100001079931,way/172934497-380,Konya
L100000831392,way/172934497-380,Konya
L100000831391,TR123-380,Denizli
L100000831405,way/172934497-380,Konya
L100000831406,way/172934497-380,Konya
L100000831408,way/468958964-380,Canakkale
L100000831415,way/127986151-380,Akhisar
L100000831416,way/173348127-380,Corlu
L100000831417,way/177818606-380,Osmaniye
L100000831418,way/127986151-380,Akhisar
L100000831419,way/468958964-380,Canakkale
L100000831420,way/130740157-380,Afyonkarahisar
L100000831422,way/132128807-380,Kocaeli
L100000831424,TR123-380,Denizli
L100000831425,TR123-380,Denizli
L100000831426,TR123-380,Denizli
L100000831429,way/177818606-380,Osmaniye
L100000831431,way/128190689-380,Elbistan
L100000831432,way/128190689-380,Elbistan
L100000831430,way/468958964-380,Canakkale
L100000831437,TR123-380,Denizli
L100000831438,way/468958964-380,Canakkale
L100000831439,TR123-380,Denizli
L100000831442,way/130740157-380,Afyonkarahisar
L100000831444,way/176009144-380,Etimesgut
L100000831445,way/127986151-380,Akhisar
L100000831447,way/169679398-380,Amasya
L100000831452,way/233873985-380,Arapgir
L100000831454,TR123-380,Denizli
L100001077720,way/174078394-380,Duzce
L100001077656,way/177818606-380,Osmaniye
L100000831467,way/172934497-380,Konya
L100001077714,way/130740157-380,Afyonkarahisar
L100001077713,way/128190689-380,Elbistan
L100000831456,way/233873985-380,Arapgir
L100001077795,way/233873985-380,Arapgir
L100001078741,way/233873985-380,Arapgir
L100001078900,way/233873985-380,Arapgir
L100001079290,way/233873985-380,Arapgir
L100001079475,way/233873985-380,Arapgir
L100001077601,way/172934516-380,Beysehir
L100001078035,way/127986151-380,Akhisar
L100001078081,way/130569382-380,Izmir
L100001078122,way/130569382-380,Izmir
L100001078330,TR123-380,Denizli
L100001079680,way/130569382-380,Izmir
L100001078594,way/127986151-380,Akhisar
L100001078932,way/127986151-380,Akhisar
L100001079582,way/127986151-380,Akhisar
L100001079646,way/127986151-380,Akhisar
L100001079872,TR123-380,Denizli
L100001079994,way/130569382-380,Izmir
L100001080075,way/127986151-380,Akhisar
L100000831459,way/128190689-380,Elbistan
L100001077519,way/129553303-380,Diyarbakr
L100001077833,way/693406206-380,Siirt
L100001077856,way/693406206-380,Siirt
L100001078063,way/693406206-380,Siirt
L100001078506,way/693406206-380,Siirt
L100001079254,way/693406206-380,Siirt
L100001078746,way/129553303-380,Diyarbakr
L100001078939,way/693406206-380,Siirt
L100001078952,way/693406206-380,Siirt
L100001079138,way/693406206-380,Siirt
L100001079398,way/693406206-380,Siirt
L100001079713,way/693406206-380,Siirt
L100001079727,way/129553303-380,Diyarbakr
L100001079832,way/129553303-380,Diyarbakr
L100001080060,way/129553303-380,Diyarbakr
L100001077558,way/172934516-380,Beysehir
L100000831461,way/129553303-380,Diyarbakr
L100000831462,way/172934497-380,Konya
L100001077659,way/129553303-380,Diyarbakr
L100000831463,way/172934497-380,Konya
L100001077605,way/229782457-380,Adyaman
L100001077591,way/96580455-380,Artvin
L100001077746,way/172934497-380,Konya
L100001077780,way/172934497-380,Konya
L100001077805,way/177818606-380,Osmaniye
L100001077840,way/177818606-380,Osmaniye
L100001077926,way/177818606-380,Osmaniye
L100001078160,way/177818606-380,Osmaniye
L100001079873,way/177818606-380,Osmaniye
L100001079941,way/172934497-380,Konya
L100001080030,way/177818606-380,Osmaniye
L100001080043,way/177818606-380,Osmaniye
L100001080069,way/177818606-380,Osmaniye
L100001078052,way/172934497-380,Konya
L100001078053,way/172934497-380,Konya
L100001078127,way/172934497-380,Konya
L100001078134,way/177818606-380,Osmaniye
L100001078189,way/172934497-380,Konya
L100001078191,way/172934497-380,Konya
L100001078264,way/172934497-380,Konya
L100001078369,way/177818606-380,Osmaniye
L100001078432,way/172934497-380,Konya
L100001078627,way/177818606-380,Osmaniye
L100001079657,way/177818606-380,Osmaniye
L100001079660,way/172934497-380,Konya
L100001079675,way/177818606-380,Osmaniye
L100001079688,way/177818606-380,Osmaniye
L100001079701,way/172934497-380,Konya
L100001079811,way/172934497-380,Konya
L100001079726,way/172934497-380,Konya
L100001079731,way/172934497-380,Konya
L100001079741,way/172934497-380,Konya
L100001079759,way/177818606-380,Osmaniye
L100001078547,way/172934497-380,Konya
L100001078563,way/172934497-380,Konya
L100001078595,way/172934497-380,Konya
L100001078606,way/177818606-380,Osmaniye
L100001078755,way/177818606-380,Osmaniye
L100001078854,way/172934497-380,Konya
L100001078867,way/172934497-380,Konya
L100001078872,way/177818606-380,Osmaniye
L100001078899,way/172934497-380,Konya
L100001079043,way/172934497-380,Konya
L100001078948,way/172934497-380,Konya
L100001078970,way/177818606-380,Osmaniye
L100001078973,way/172934497-380,Konya
L100001078984,way/177818606-380,Osmaniye
L100001079074,way/177818606-380,Osmaniye
L100001079247,way/177818606-380,Osmaniye
L100001079332,way/177818606-380,Osmaniye
L100001079343,way/172934497-380,Konya
L100001079442,way/177818606-380,Osmaniye
L100001079611,way/172934497-380,Konya
L100001079454,way/172934497-380,Konya
L100001079455,way/177818606-380,Osmaniye
L100001079494,way/172934497-380,Konya
L100001079556,way/172934497-380,Konya
L100000831465,TR136-380,Antalya
L100001017981,way/128190689-380,Elbistan
L100001077739,way/129553303-380,Diyarbakr
L100001077537,way/169679398-380,Amasya
L100001077724,way/902347576-380,Van
L100000831441,way/172934497-380,Konya
L100001016884,way/194082258-380,Erzurum
L100001077849,way/127886746-380,Milas
L100001077881,way/127886746-380,Milas
L100001077898,way/127886746-380,Milas
L100001077963,way/127886746-380,Milas
L100001078305,way/127886746-380,Milas
L100001078088,way/127886746-380,Milas
L100001078237,way/127886746-380,Milas
L100001078244,way/127886746-380,Milas
L100001078261,way/127886746-380,Milas
L100001078379,way/127886746-380,Milas
L100001078422,way/127886746-380,Milas
L100001078436,way/127886746-380,Milas
L100001078500,way/127886746-380,Milas
L100001078536,TR136-380,Antalya
L100001078834,way/127886746-380,Milas
L100001079993,way/127886746-380,Milas
L100001080072,TR136-380,Antalya
L100001078690,way/127886746-380,Milas
L100001078767,TR136-380,Antalya
L100001078768,TR136-380,Antalya
L100001078799,way/127886746-380,Milas
L100001078844,way/127886746-380,Milas
L100001078848,way/127886746-380,Milas
L100001078878,way/127886746-380,Milas
L100001078931,way/127886746-380,Milas
L100001078997,TR136-380,Antalya
L100001079310,way/127886746-380,Milas
L100001079030,way/127886746-380,Milas
L100001079065,way/127886746-380,Milas
L100001079146,way/127886746-380,Milas
L100001079167,way/127886746-380,Milas
L100001079327,way/127886746-380,Milas
L100001079385,way/127886746-380,Milas
L100001079509,way/127886746-380,Milas
L100001079565,way/127886746-380,Milas
L100001079593,way/127886746-380,Milas
L100001079972,way/127886746-380,Milas
L100001079649,way/127886746-380,Milas
L100001079737,way/127886746-380,Milas
L100001079818,way/127886746-380,Milas
L100001079938,way/127886746-380,Milas
L100001078891,way/693406206-380,Siirt
L100001079371,way/693406206-380,Siirt
L100001079488,way/693406206-380,Siirt
L100001079874,way/693406206-380,Siirt
L100001079947,way/693406206-380,Siirt
L100000831468,way/177818606-380,Osmaniye
L100001077599,way/52613323-380,Esenyurt
L100001077765,way/229782457-380,Adyaman
L100001077564,way/130740157-380,Afyonkarahisar
L100000831469,TR123-380,Denizli
L100001077602,way/176009144-380,Etimesgut
L100001049958,way/172934516-380,Beysehir
L100001077604,way/172934497-380,Konya
L100001077603,way/172934497-380,Konya
L100001077651,way/177818606-380,Osmaniye
L100001077650,way/177818606-380,Osmaniye
L100001077836,way/177818606-380,Osmaniye
L100001077837,way/177818606-380,Osmaniye
L100001077843,way/177818606-380,Osmaniye
L100001077893,way/172934497-380,Konya
L100001078046,way/177818606-380,Osmaniye
L100001077934,way/177818606-380,Osmaniye
L100001077990,way/177818606-380,Osmaniye
L100001078017,way/177818606-380,Osmaniye
L100001078024,way/177818606-380,Osmaniye
L100001078124,way/177818606-380,Osmaniye
L100001078187,way/177818606-380,Osmaniye
L100001078199,way/177818606-380,Osmaniye
L100001078219,way/177818606-380,Osmaniye
L100001078318,way/177818606-380,Osmaniye
L100001078626,way/172934497-380,Konya
L100001078348,way/177818606-380,Osmaniye
L100001078416,way/172934497-380,Konya
L100001078468,way/177818606-380,Osmaniye
L100001078493,way/177818606-380,Osmaniye
L100001078644,way/177818606-380,Osmaniye
L100001078707,way/172934497-380,Konya
L100001078722,way/177818606-380,Osmaniye
L100001078798,way/177818606-380,Osmaniye
L100001078805,way/172934497-380,Konya
L100001079155,way/177818606-380,Osmaniye
L100001078841,way/172934497-380,Konya
L100001078869,way/128190689-380,Elbistan
L100001079024,way/177818606-380,Osmaniye
L100001079038,way/128190689-380,Elbistan
L100001079214,way/128190689-380,Elbistan
L100001079451,way/177818606-380,Osmaniye
L100001079500,way/177818606-380,Osmaniye
L100001079714,way/177818606-380,Osmaniye
L100001079738,way/177818606-380,Osmaniye
L100001079804,way/177818606-380,Osmaniye
L100001080079,way/128190689-380,Elbistan
L100001024012,way/173348127-380,Corlu
L100001049902,way/172934497-380,Konya
L100001077915,way/177818606-380,Osmaniye
L100001078175,way/172934497-380,Konya
L100001078325,way/172934497-380,Konya
L100001078347,way/172934497-380,Konya
L100001078800,way/172934497-380,Konya
L100001078396,way/177818606-380,Osmaniye
L100001078527,way/172934497-380,Konya
L100001078551,way/177818606-380,Osmaniye
L100001078624,way/177818606-380,Osmaniye
L100001078804,way/172934497-380,Konya
L100001078915,way/177818606-380,Osmaniye
L100001078972,way/177818606-380,Osmaniye
L100001078986,way/177818606-380,Osmaniye
L100001079062,way/177818606-380,Osmaniye
L100001079251,way/177818606-380,Osmaniye
L100001079113,way/177818606-380,Osmaniye
L100001079116,way/177818606-380,Osmaniye
L100001079195,way/172934497-380,Konya
L100001079198,way/177818606-380,Osmaniye
L100001079269,way/177818606-380,Osmaniye
L100001079295,way/177818606-380,Osmaniye
L100001079318,way/172934497-380,Konya
L100001079396,way/177818606-380,Osmaniye
L100001079414,way/172934497-380,Konya
L100001079792,way/177818606-380,Osmaniye
L100001079486,way/177818606-380,Osmaniye
L100001079501,way/177818606-380,Osmaniye
L100001079616,way/177818606-380,Osmaniye
L100001079705,way/177818606-380,Osmaniye
L100001079807,way/177818606-380,Osmaniye
L100001079953,way/172934497-380,Konya
L100001080029,way/172934497-380,Konya
L100001080061,way/172934497-380,Konya
L100001077760,way/693406206-380,Siirt
L100000831472,way/172934497-380,Konya
L100000831473,way/172934497-380,Konya
L100001077711,way/693406206-380,Siirt
L100000831474,way/902347576-380,Van
L100000831475,way/902347576-380,Van
L100001077543,way/621764967-380,Ordu
L100001078935,way/621764967-380,Ordu
L100001077628,way/194508537-380,Cermik
L100001077688,TR123-380,Denizli
L100001017996,way/129553303-380,Diyarbakr
L100000831476,way/966899330-380,Sakarya
L100001078023,way/177818606-380,Osmaniye
L100001078054,way/177818606-380,Osmaniye
L100001078087,way/177818606-380,Osmaniye
L100001078388,way/177818606-380,Osmaniye
L100001078969,way/177818606-380,Osmaniye
L100001078614,way/177818606-380,Osmaniye
L100001078647,way/177818606-380,Osmaniye
L100001078766,way/177818606-380,Osmaniye
L100001078909,way/177818606-380,Osmaniye
L100001079016,way/177818606-380,Osmaniye
L100001079534,way/177818606-380,Osmaniye
L100001079710,way/177818606-380,Osmaniye
L100001079788,way/177818606-380,Osmaniye
L100000831477,way/132128807-380,Kocaeli
L100001077525,way/127986151-380,Akhisar
L100001049929,way/130740157-380,Afyonkarahisar
L100001077709,way/693406206-380,Siirt
L100000831482,way/169679398-380,Amasya
L100001077600,way/176009144-380,Etimesgut
L100000831483,way/132128807-380,Kocaeli
L100000831484,TR123-380,Denizli
L100000831485,way/130569382-380,Izmir
L100001077669,way/176009144-380,Etimesgut
L100001055935,way/176009144-380,Etimesgut
L100000831487,way/902347576-380,Van
L100000831488,way/129553303-380,Diyarbakr
L100001077598,way/172934497-380,Konya
L100000831489,TR123-380,Denizli
L100001077761,way/172934497-380,Konya
L100001077748,way/128190689-380,Elbistan
L100000831490,way/172934497-380,Konya
L100000831491,way/132128807-380,Kocaeli
L100001078503,way/132128807-380,Kocaeli
L100001078504,way/132128807-380,Kocaeli
L100001079036,way/132128807-380,Kocaeli
L100001079490,way/132128807-380,Kocaeli
L100001079671,way/132128807-380,Kocaeli
L100001079679,way/132128807-380,Kocaeli
L100001080056,way/132128807-380,Kocaeli
L100000831493,way/130569382-380,Izmir
L100001077752,way/902347576-380,Van
L100001020841,way/169679398-380,Amasya
L100001078021,way/169679398-380,Amasya
L100001078215,way/169679398-380,Amasya
L100001078268,way/169679398-380,Amasya
L100001078300,way/169679398-380,Amasya
L100001079428,way/621764967-380,Ordu
L100001078588,way/169679398-380,Amasya
L100001078748,way/169679398-380,Amasya
L100001079145,way/169679398-380,Amasya
L100001079409,way/169679398-380,Amasya
L100001079503,way/169679398-380,Amasya
L100001079543,way/169679398-380,Amasya
L100001079676,way/169679398-380,Amasya
L100001079681,way/169679398-380,Amasya
L100000831494,way/172934497-380,Konya
L100001077753,way/176009144-380,Etimesgut
L100000831495,TR123-380,Denizli
L100000831496,way/128190689-380,Elbistan
L100001077584,way/176009144-380,Etimesgut
L100001077544,way/191530942-380,Agr
L100000831497,TR136-380,Antalya
L100000831499,way/172934516-380,Beysehir
L100000831500,way/172934497-380,Konya
L100000831501,way/172934516-380,Beysehir
L100001077732,way/172934516-380,Beysehir
L100001077518,way/173348127-380,Corlu
L100001077608,way/172934497-380,Konya
L100001079841,way/693406206-380,Siirt
L100001080001,way/693406206-380,Siirt
L100001077679,way/693406206-380,Siirt
L100001077680,way/693406206-380,Siirt
L100001077681,way/693406206-380,Siirt
L100001077682,way/693406206-380,Siirt
L100001023997,way/693406206-380,Siirt
L100001077655,way/176009144-380,Etimesgut
L100001077673,way/176009144-380,Etimesgut
L100001077554,way/194508537-380,Cermik
L100001079477,way/169679398-380,Amasya
L100001079736,way/169679398-380,Amasya
L100000831503,way/169679398-380,Amasya
L100001077539,way/194508537-380,Cermik
L100001077647,way/693406206-380,Siirt
L100001078561,way/128190689-380,Elbistan
L100001078637,way/128190689-380,Elbistan
L100001078675,way/128190689-380,Elbistan
L100001079088,way/128190689-380,Elbistan
L100000831504,way/128190689-380,Elbistan
L100001077921,way/128190689-380,Elbistan
L100001077945,way/128190689-380,Elbistan
L100001078013,way/621764967-380,Ordu
L100001078086,way/128190689-380,Elbistan
L100001078516,way/128190689-380,Elbistan
L100001078190,way/233873985-380,Arapgir
L100001078400,way/128190689-380,Elbistan
L100001078404,way/128190689-380,Elbistan
L100001078484,way/128190689-380,Elbistan
L100001078522,way/128190689-380,Elbistan
L100001078592,way/128190689-380,Elbistan
L100001078645,way/621764967-380,Ordu
L100001078680,way/128190689-380,Elbistan
L100001078823,way/128190689-380,Elbistan
L100001079053,way/621764967-380,Ordu
L100001078837,way/128190689-380,Elbistan
L100001078838,way/128190689-380,Elbistan
L100001079020,way/128190689-380,Elbistan
L100001079041,way/128190689-380,Elbistan
L100001079181,way/169679398-380,Amasya
L100001079217,way/128190689-380,Elbistan
L100001079274,way/233873985-380,Arapgir
L100001079296,way/128190689-380,Elbistan
L100001079317,way/128190689-380,Elbistan
L100001079472,way/128190689-380,Elbistan
L100001079331,way/128190689-380,Elbistan
L100001079337,way/128190689-380,Elbistan
L100001079419,way/128190689-380,Elbistan
L100001079441,way/128190689-380,Elbistan
L100001079630,way/128190689-380,Elbistan
L100001079655,way/128190689-380,Elbistan
L100001079674,way/233873985-380,Arapgir
L100001079693,way/621764967-380,Ordu
L100001079785,way/128190689-380,Elbistan
L100001079900,way/128190689-380,Elbistan
L100001079901,way/621764967-380,Ordu
L100001080059,way/128190689-380,Elbistan
L100001080073,way/128190689-380,Elbistan
L100000831505,way/194508537-380,Cermik
L100001077733,way/693406206-380,Siirt
L100001055930,way/132128807-380,Kocaeli
L100001077705,way/172934497-380,Konya
L100001077707,way/172934516-380,Beysehir
L100001077706,way/172934497-380,Konya
L100000831506,way/128190689-380,Elbistan
L100000831507,TR44-380,Istanbul
L100000831508,TR44-380,Istanbul
L100000831509,way/132128807-380,Kocaeli
L100001077560,way/172934497-380,Konya
L100000831510,way/172934497-380,Konya
L100000831511,way/233873985-380,Arapgir
L100001077687,way/128190689-380,Elbistan
L100000831512,way/127986151-380,Akhisar
L100000831513,way/128190689-380,Elbistan
L100001077729,way/128190689-380,Elbistan
L100000831514,way/130569382-380,Izmir
L100001077524,way/127986151-380,Akhisar
L100000831516,way/128190689-380,Elbistan
L100000831517,way/177818606-380,Osmaniye
L100000831423,TR44-380,Istanbul
L100001077617,way/693406206-380,Siirt
L100000831519,way/172934497-380,Konya
L100000831518,TR136-380,Antalya
L100001077774,way/173348127-380,Corlu
L100001077797,way/173348127-380,Corlu
L100001077813,way/173348127-380,Corlu
L100001077848,way/173348127-380,Corlu
L100001079392,way/173348127-380,Corlu
L100001077938,way/173348127-380,Corlu
L100001078288,way/173348127-380,Corlu
L100001079289,way/173348127-380,Corlu
L100001079301,way/173348127-380,Corlu
L100001079448,way/173348127-380,Corlu
L100001079542,way/468958964-380,Canakkale
L100001079590,way/173348127-380,Corlu
L100001079762,way/173348127-380,Corlu
L100001079949,way/173348127-380,Corlu
L100001080032,way/173348127-380,Corlu
L100001080033,way/173348127-380,Corlu
L100001080082,way/173348127-380,Corlu
L100000831520,way/172934497-380,Konya
L100001077639,way/176009144-380,Etimesgut
L100001077638,way/176009144-380,Etimesgut
L100001077563,way/169679398-380,Amasya
L100000831521,way/194082258-380,Erzurum
L100000831522,way/177818606-380,Osmaniye
L100001077520,way/128190689-380,Elbistan
L100001077863,way/169679398-380,Amasya
L100001078517,way/169679398-380,Amasya
L100001079039,way/169679398-380,Amasya
L100001079115,way/169679398-380,Amasya
L100001079723,way/169679398-380,Amasya
L100001079154,way/169679398-380,Amasya
L100001079249,way/169679398-380,Amasya
L100001079505,way/169679398-380,Amasya
L100001079692,way/169679398-380,Amasya
L100001079853,way/169679398-380,Amasya
L100001079925,way/169679398-380,Amasya
L100001079958,way/621764967-380,Ordu
L100001077660,way/128190689-380,Elbistan
L100000831523,way/177818606-380,Osmaniye
L100001077581,way/96580455-380,Artvin
L100001077671,way/191530942-380,Agr
L100001078652,way/621764967-380,Ordu
L100001077745,way/129553303-380,Diyarbakr
L100001078568,way/129553303-380,Diyarbakr
L100001078983,way/129553303-380,Diyarbakr
L100000831525,way/169679398-380,Amasya
L100001077575,way/468958964-380,Canakkale
L100000831526,way/172934497-380,Konya
L100000831527,way/172934497-380,Konya
L100001078466,way/130569382-380,Izmir
L100001079163,way/127986151-380,Akhisar
L100001079882,way/128190689-380,Elbistan
L100001079884,way/176009144-380,Etimesgut
L100001079896,way/172934497-380,Konya
L100001079898,way/127986151-380,Akhisar
L100001079902,way/127986151-380,Akhisar
L100001079928,way/127986151-380,Akhisar
L100001079911,way/130569382-380,Izmir
L100001079912,way/172934497-380,Konya
L100001079919,way/127986151-380,Akhisar
L100001079921,way/130569382-380,Izmir
L100001079933,way/130569382-380,Izmir
L100001079934,way/176009144-380,Etimesgut
L100001079942,way/128190689-380,Elbistan
L100001079965,TR123-380,Denizli
L100001079975,TR123-380,Denizli
L100001080044,way/127986151-380,Akhisar
L100001080007,way/176009144-380,Etimesgut
L100001080014,way/130569382-380,Izmir
L100001080026,way/176009144-380,Etimesgut
L100001080037,way/176009144-380,Etimesgut
L100001080045,way/128190689-380,Elbistan
L100001080048,way/176009144-380,Etimesgut
L100001080057,way/130569382-380,Izmir
L100001080066,TR123-380,Denizli
L100001080070,way/128190689-380,Elbistan
L100001079182,way/128190689-380,Elbistan
L100001079191,way/128190689-380,Elbistan
L100001079199,way/176009144-380,Etimesgut
L100001079200,way/130569382-380,Izmir
L100001079240,way/127986151-380,Akhisar
L100001079529,way/176009144-380,Etimesgut
L100001079537,way/128190689-380,Elbistan
L100001079546,way/127986151-380,Akhisar
L100001079557,way/174078394-380,Duzce
L100001079558,way/130569382-380,Izmir
L100001079577,way/127986151-380,Akhisar
L100001079561,way/127986151-380,Akhisar
L100001079567,way/176009144-380,Etimesgut
L100001079568,TR44-380,Istanbul
L100001079569,way/130569382-380,Izmir
L100001079578,way/130569382-380,Izmir
L100001079596,way/130569382-380,Izmir
L100001079597,way/176009144-380,Etimesgut
L100001079603,way/127986151-380,Akhisar
L100001079613,way/176009144-380,Etimesgut
L100001079647,way/176009144-380,Etimesgut
L100001079632,TR123-380,Denizli
L100001079637,way/176009144-380,Etimesgut
L100001079638,TR123-380,Denizli
L100001079640,way/176009144-380,Etimesgut
L100001079648,way/176009144-380,Etimesgut
L100001079654,way/176009144-380,Etimesgut
L100001079656,way/194508537-380,Cermik
L100001079683,way/127986151-380,Akhisar
L100001079684,TR44-380,Istanbul
L100001079720,way/130569382-380,Izmir
L100001079696,way/130569382-380,Izmir
L100001079698,way/176009144-380,Etimesgut
L100001079712,way/176009144-380,Etimesgut
L100001079716,way/176009144-380,Etimesgut
L100001079732,way/176009144-380,Etimesgut
L100001079742,way/130569382-380,Izmir
L100001079751,TR123-380,Denizli
L100001079756,way/127986151-380,Akhisar
L100001079760,way/233873985-380,Arapgir
L100001079782,way/130569382-380,Izmir
L100001079772,way/176009144-380,Etimesgut
L100001079773,way/127986151-380,Akhisar
L100001079779,way/233873985-380,Arapgir
L100001079781,way/130569382-380,Izmir
L100001079210,way/176009144-380,Etimesgut
L100001079215,way/176009144-380,Etimesgut
L100001079231,way/172934497-380,Konya
L100001079235,way/128190689-380,Elbistan
L100001079257,way/176009144-380,Etimesgut
L100001079797,way/233873985-380,Arapgir
L100001079813,way/130569382-380,Izmir
L100001079825,TR123-380,Denizli
L100001079826,way/127986151-380,Akhisar
L100001079830,way/127986151-380,Akhisar
L100001079880,way/172934497-380,Konya
L100001079836,way/176009144-380,Etimesgut
L100001079846,TR44-380,Istanbul
L100001079851,way/176009144-380,Etimesgut
L100001079876,TR44-380,Istanbul
L100001079272,way/130569382-380,Izmir
L100001079273,way/130569382-380,Izmir
L100001079275,way/127986151-380,Akhisar
L100001079288,way/176009144-380,Etimesgut
L100001079322,way/176009144-380,Etimesgut
L100001079463,way/176009144-380,Etimesgut
L100001079474,way/130569382-380,Izmir
L100001079487,way/130569382-380,Izmir
L100001079493,way/176009144-380,Etimesgut
L100001079504,way/176009144-380,Etimesgut
L100001079524,TR123-380,Denizli
L100001079506,way/176009144-380,Etimesgut
L100001079510,way/128190689-380,Elbistan
L100001079511,way/176009144-380,Etimesgut
L100001079522,TR123-380,Denizli
L100001079293,way/176009144-380,Etimesgut
L100001079304,way/176009144-380,Etimesgut
L100001079315,way/176009144-380,Etimesgut
L100001079320,way/176009144-380,Etimesgut
L100001079334,TR123-380,Denizli
L100001079336,way/176009144-380,Etimesgut
L100001079340,way/176009144-380,Etimesgut
L100001079347,way/127986151-380,Akhisar
L100001079354,way/130569382-380,Izmir
L100001079376,way/172934497-380,Konya
L100001079357,TR44-380,Istanbul
L100001079359,way/127986151-380,Akhisar
L100001079368,TR123-380,Denizli
L100001079370,way/176009144-380,Etimesgut
L100001079384,way/176009144-380,Etimesgut
L100001079390,way/176009144-380,Etimesgut
L100001079402,way/176009144-380,Etimesgut
L100001079412,TR123-380,Denizli
L100001079416,way/176009144-380,Etimesgut
L100001079460,way/127986151-380,Akhisar
L100001079417,way/172934497-380,Konya
L100001079418,way/130569382-380,Izmir
L100001079437,way/128190689-380,Elbistan
L100001079449,TR44-380,Istanbul
L100001078469,way/176009144-380,Etimesgut
L100001078480,way/176009144-380,Etimesgut
L100001078498,way/176009144-380,Etimesgut
L100001078505,way/127986151-380,Akhisar
L100001078529,way/176009144-380,Etimesgut
L100001078824,way/130569382-380,Izmir
L100001078845,TR44-380,Istanbul
L100001078846,TR44-380,Istanbul
L100001078852,way/130569382-380,Izmir
L100001078859,way/176009144-380,Etimesgut
L100001078885,way/176009144-380,Etimesgut
L100001078861,way/130569382-380,Izmir
L100001078865,way/176009144-380,Etimesgut
L100001078879,way/176009144-380,Etimesgut
L100001078880,way/127986151-380,Akhisar
L100001078886,way/176009144-380,Etimesgut
L100001078887,way/128190689-380,Elbistan
L100001078889,way/127986151-380,Akhisar
L100001078894,way/127986151-380,Akhisar
L100001078903,way/128190689-380,Elbistan
L100001078923,way/176009144-380,Etimesgut
L100001078904,way/176009144-380,Etimesgut
L100001078906,way/130569382-380,Izmir
L100001078917,way/130569382-380,Izmir
L100001078919,way/173348127-380,Corlu
L100001078937,way/176009144-380,Etimesgut
L100001078940,way/128190689-380,Elbistan
L100001078941,way/176009144-380,Etimesgut
L100001078950,way/127986151-380,Akhisar
L100001078958,way/176009144-380,Etimesgut
L100001078989,way/130569382-380,Izmir
L100001078964,TR44-380,Istanbul
L100001078966,way/128190689-380,Elbistan
L100001078977,way/130569382-380,Izmir
L100001078981,way/173348127-380,Corlu
L100001078990,way/176009144-380,Etimesgut
L100001079000,way/176009144-380,Etimesgut
L100001079004,way/127986151-380,Akhisar
L100001079006,way/176009144-380,Etimesgut
L100001079007,way/176009144-380,Etimesgut
L100001079058,way/128190689-380,Elbistan
L100001079011,way/176009144-380,Etimesgut
L100001079015,way/127986151-380,Akhisar
L100001079027,way/176009144-380,Etimesgut
L100001079042,way/130569382-380,Izmir
L100001078508,way/176009144-380,Etimesgut
L100001078509,way/176009144-380,Etimesgut
L100001078510,TR44-380,Istanbul
L100001078524,way/174078394-380,Duzce
L100001078537,TR44-380,Istanbul
L100001079059,way/176009144-380,Etimesgut
L100001079061,way/176009144-380,Etimesgut
L100001079079,way/128190689-380,Elbistan
L100001079082,way/130569382-380,Izmir
L100001079090,way/233873985-380,Arapgir
L100001079162,way/127986151-380,Akhisar
L100001079098,way/176009144-380,Etimesgut
L100001079100,way/130569382-380,Izmir
L100001079105,way/127986151-380,Akhisar
L100001079126,way/127986151-380,Akhisar
L100001078541,way/176009144-380,Etimesgut
L100001078556,way/127986151-380,Akhisar
L100001078558,way/130569382-380,Izmir
L100001078562,way/176009144-380,Etimesgut
L100001078593,way/176009144-380,Etimesgut
L100001078738,way/130569382-380,Izmir
L100001078744,way/176009144-380,Etimesgut
L100001078752,way/176009144-380,Etimesgut
L100001078761,way/176009144-380,Etimesgut
L100001078771,way/130569382-380,Izmir
L100001078807,way/233873985-380,Arapgir
L100001078779,way/176009144-380,Etimesgut
L100001078788,way/130740157-380,Afyonkarahisar
L100001078797,way/127986151-380,Akhisar
L100001078801,way/127986151-380,Akhisar
L100001078574,way/127986151-380,Akhisar
L100001078581,TR44-380,Istanbul
L100001078584,way/176009144-380,Etimesgut
L100001078586,way/176009144-380,Etimesgut
L100001078599,way/176009144-380,Etimesgut
L100001078602,way/127986151-380,Akhisar
L100001078607,way/173348127-380,Corlu
L100001078608,TR44-380,Istanbul
L100001078609,way/176009144-380,Etimesgut
L100001078654,way/127986151-380,Akhisar
L100001078612,way/130569382-380,Izmir
L100001078629,way/176009144-380,Etimesgut
L100001078633,way/128190689-380,Elbistan
L100001078653,way/176009144-380,Etimesgut
L100001078655,way/127986151-380,Akhisar
L100001078658,way/176009144-380,Etimesgut
L100001078672,way/130569382-380,Izmir
L100001078691,way/127986151-380,Akhisar
L100001078701,way/176009144-380,Etimesgut
L100001078732,way/130569382-380,Izmir
L100001078713,way/127986151-380,Akhisar
L100001078715,way/127986151-380,Akhisar
L100001078718,TR44-380,Istanbul
L100001078721,way/130740157-380,Afyonkarahisar
L100001077771,way/176009144-380,Etimesgut
L100001077789,way/173348127-380,Corlu
L100001077792,way/176009144-380,Etimesgut
L100001077811,way/127986151-380,Akhisar
L100001077862,way/128190689-380,Elbistan
L100001078143,way/130569382-380,Izmir
L100001078151,TR44-380,Istanbul
L100001078154,way/176009144-380,Etimesgut
L100001078167,way/127986151-380,Akhisar
L100001078173,TR123-380,Denizli
L100001078226,way/176009144-380,Etimesgut
L100001078178,way/130569382-380,Izmir
L100001078202,way/127986151-380,Akhisar
L100001078208,way/130569382-380,Izmir
L100001078214,way/176009144-380,Etimesgut
L100001078227,way/130569382-380,Izmir
L100001078228,way/127986151-380,Akhisar
L100001078240,way/176009144-380,Etimesgut
L100001078241,way/176009144-380,Etimesgut
L100001078242,way/176009144-380,Etimesgut
L100001078266,way/176009144-380,Etimesgut
L100001078249,TR123-380,Denizli
L100001078250,way/176009144-380,Etimesgut
L100001078262,way/176009144-380,Etimesgut
L100001078263,way/176009144-380,Etimesgut
L100001078269,TR44-380,Istanbul
L100001078286,way/176009144-380,Etimesgut
L100001078287,way/176009144-380,Etimesgut
L100001078299,way/176009144-380,Etimesgut
L100001078302,way/176009144-380,Etimesgut
L100001078327,way/176009144-380,Etimesgut
L100001078306,TR44-380,Istanbul
L100001078316,TR123-380,Denizli
L100001078320,way/172934497-380,Konya
L100001078321,way/176009144-380,Etimesgut
L100001078328,way/176009144-380,Etimesgut
L100001078338,way/130569382-380,Izmir
L100001078339,way/127986151-380,Akhisar
L100001078341,way/130569382-380,Izmir
L100001078342,way/130569382-380,Izmir
L100001078401,TR44-380,Istanbul
L100001078349,way/127986151-380,Akhisar
L100001078350,way/127986151-380,Akhisar
L100001078359,way/233873985-380,Arapgir
L100001078367,way/233873985-380,Arapgir
L100001077816,way/127986151-380,Akhisar
L100001077820,way/176009144-380,Etimesgut
L100001077821,TR123-380,Denizli
L100001077851,way/127986151-380,Akhisar
L100001077864,TR44-380,Istanbul
L100001078410,way/130569382-380,Izmir
L100001078429,way/176009144-380,Etimesgut
L100001078430,way/233873985-380,Arapgir
L100001078431,way/176009144-380,Etimesgut
L100001078434,way/127986151-380,Akhisar
L100001078463,way/176009144-380,Etimesgut
L100001078435,way/127986151-380,Akhisar
L100001078450,way/176009144-380,Etimesgut
L100001078452,way/128190689-380,Elbistan
L100001078459,way/127986151-380,Akhisar
L100001077865,way/128190689-380,Elbistan
L100001077868,way/176009144-380,Etimesgut
L100001077891,way/128190689-380,Elbistan
L100001077912,way/130569382-380,Izmir
L100001077936,TR44-380,Istanbul
L100001078094,TR44-380,Istanbul
L100001078105,way/127986151-380,Akhisar
L100001078115,way/130569382-380,Izmir
L100001078116,way/176009144-380,Etimesgut
L100001078129,way/176009144-380,Etimesgut
L100001078141,way/127986151-380,Akhisar
L100001078132,way/194508537-380,Cermik
L100001078135,way/130569382-380,Izmir
L100001078136,TR44-380,Istanbul
L100001078137,way/130569382-380,Izmir
L100001077917,way/130569382-380,Izmir
L100001077920,way/176009144-380,Etimesgut
L100001077924,way/176009144-380,Etimesgut
L100001077927,way/127986151-380,Akhisar
L100001077949,way/176009144-380,Etimesgut
L100001077964,way/130569382-380,Izmir
L100001077971,way/172934497-380,Konya
L100001077977,way/176009144-380,Etimesgut
L100001077979,way/173348127-380,Corlu
L100001078006,way/130569382-380,Izmir
L100001077981,TR44-380,Istanbul
L100001077982,way/127986151-380,Akhisar
L100001078002,way/127986151-380,Akhisar
L100001078004,way/176009144-380,Etimesgut
L100001078010,way/130740157-380,Afyonkarahisar
L100001078015,way/176009144-380,Etimesgut
L100001078027,TR123-380,Denizli
L100001078031,way/130569382-380,Izmir
L100001078034,way/176009144-380,Etimesgut
L100001078089,way/130740157-380,Afyonkarahisar
L100001078036,way/176009144-380,Etimesgut
L100001078060,way/130569382-380,Izmir
L100001078065,TR123-380,Denizli
L100001078069,way/127986151-380,Akhisar
L100000831413,way/468958964-380,Canakkale
L100001077615,way/172934516-380,Beysehir
L100001049799,way/130740157-380,Afyonkarahisar
L100000831529,way/128190689-380,Elbistan
L100000831530,way/176009144-380,Etimesgut
L100001077701,way/129553303-380,Diyarbakr
L100000831533,way/194082258-380,Erzurum
L100000831409,way/130740157-380,Afyonkarahisar
L100001077773,TR123-380,Denizli
L100001077785,TR123-380,Denizli
L100001077786,TR123-380,Denizli
L100001077801,TR123-380,Denizli
L100001078194,way/130740157-380,Afyonkarahisar
L100001077894,TR123-380,Denizli
L100001077931,TR123-380,Denizli
L100001077947,way/130740157-380,Afyonkarahisar
L100001078107,TR44-380,Istanbul
L100001078196,TR123-380,Denizli
L100001078206,TR123-380,Denizli
L100001078225,TR123-380,Denizli
L100001078282,way/130740157-380,Afyonkarahisar
L100001078294,way/130740157-380,Afyonkarahisar
L100001078514,TR123-380,Denizli
L100001079771,TR123-380,Denizli
L100001079858,TR123-380,Denizli
L100001079917,way/130740157-380,Afyonkarahisar
L100001079936,way/130740157-380,Afyonkarahisar
L100001079987,TR123-380,Denizli
L100001080006,TR123-380,Denizli
L100001078297,TR123-380,Denizli
L100001078375,TR123-380,Denizli
L100001078392,TR123-380,Denizli
L100001078458,way/130740157-380,Afyonkarahisar
L100001078531,TR123-380,Denizli
L100001078549,TR123-380,Denizli
L100001078665,TR123-380,Denizli
L100001078717,TR123-380,Denizli
L100001078792,TR123-380,Denizli
L100001079136,way/130740157-380,Afyonkarahisar
L100001078858,TR123-380,Denizli
L100001078926,TR123-380,Denizli
L100001078985,TR123-380,Denizli
L100001079114,way/130740157-380,Afyonkarahisar
L100001079178,TR123-380,Denizli
L100001079179,TR123-380,Denizli
L100001079263,TR123-380,Denizli
L100001079456,TR123-380,Denizli
L100001079544,TR123-380,Denizli
L100001079746,TR123-380,Denizli
L100001079658,TR123-380,Denizli
L100001079666,TR123-380,Denizli
L100001079668,TR123-380,Denizli
L100001079691,TR123-380,Denizli
L100000831534,way/902347576-380,Van
L100001077790,way/902347576-380,Van
L100001077798,way/902347576-380,Van
L100001077948,way/902347576-380,Van
L100001077994,way/902347576-380,Van
L100001078750,way/902347576-380,Van
L100001078357,way/902347576-380,Van
L100001078358,way/902347576-380,Van
L100001078449,way/902347576-380,Van
L100001078689,way/902347576-380,Van
L100001079175,way/902347576-380,Van
L100001079333,way/902347576-380,Van
L100001079516,way/902347576-380,Van
L100001079571,way/902347576-380,Van
L100001079699,way/902347576-380,Van
L100001079878,way/902347576-380,Van
L100001077703,way/902347576-380,Van
L100001018086,way/129553303-380,Diyarbakr
L100001077697,way/233873985-380,Arapgir
L100001077623,way/194508537-380,Cermik
L100000831535,way/177818606-380,Osmaniye
L100001077515,way/177818606-380,Osmaniye
L100000831410,way/177818606-380,Osmaniye
L100000831536,way/194082258-380,Erzurum
L100001055932,way/172934497-380,Konya
L100001077516,TR44-380,Istanbul
L100000831537,way/172934497-380,Konya
L100001077536,way/966899330-380,Sakarya
L100001077754,way/129553303-380,Diyarbakr
L100000831538,way/229782457-380,Adyaman
L100000831539,way/172934497-380,Konya
L100000831540,way/172934497-380,Konya
L100001077777,way/176009144-380,Etimesgut
L100001078393,way/176009144-380,Etimesgut
L100000831541,way/129553303-380,Diyarbakr
L100001077725,way/693406206-380,Siirt
L100001077665,way/693406206-380,Siirt
L100000831542,way/130569382-380,Izmir
L100000831543,way/130569382-380,Izmir
L100000831544,way/177818606-380,Osmaniye
L100001077719,way/693406206-380,Siirt
L100001077737,way/693406206-380,Siirt
L100001077781,way/169679398-380,Amasya
L100001077872,way/169679398-380,Amasya
L100001077876,way/128190689-380,Elbistan
L100001077896,way/169679398-380,Amasya
L100001078061,way/128190689-380,Elbistan
L100001077899,way/169679398-380,Amasya
L100001077972,way/169679398-380,Amasya
L100001078028,way/128190689-380,Elbistan
L100001078058,way/169679398-380,Amasya
L100001078077,way/169679398-380,Amasya
L100001078112,way/128190689-380,Elbistan
L100001078258,way/169679398-380,Amasya
L100001078277,way/169679398-380,Amasya
L100001078407,way/169679398-380,Amasya
L100001078685,way/169679398-380,Amasya
L100001078488,way/169679398-380,Amasya
L100001078569,way/169679398-380,Amasya
L100001078621,way/169679398-380,Amasya
L100001078643,way/128190689-380,Elbistan
L100001078706,way/169679398-380,Amasya
L100001078809,way/128190689-380,Elbistan
L100001078812,way/128190689-380,Elbistan
L100001078830,way/128190689-380,Elbistan
L100001078868,way/169679398-380,Amasya
L100001079161,way/169679398-380,Amasya
L100001078907,way/169679398-380,Amasya
L100001078955,way/169679398-380,Amasya
L100001079017,way/169679398-380,Amasya
L100001079028,way/169679398-380,Amasya
L100001079224,way/169679398-380,Amasya
L100001079245,way/169679398-380,Amasya
L100001079323,way/169679398-380,Amasya
L100001079329,way/128190689-380,Elbistan
L100001079339,way/128190689-380,Elbistan
L100001079383,way/169679398-380,Amasya
L100001079405,way/169679398-380,Amasya
L100001079690,way/169679398-380,Amasya
L100001077538,way/127986151-380,Akhisar
L100001077715,TR123-380,Denizli
L100001077716,way/129553303-380,Diyarbakr
L100001077649,way/169679398-380,Amasya
L100000831546,way/177818606-380,Osmaniye
L100001078462,way/174078394-380,Duzce
L100001079302,way/239316403-380,Zonguldak
L100001079576,way/174078394-380,Duzce
L100001079667,way/239316403-380,Zonguldak
L100001079801,way/174078394-380,Duzce
L100001077708,way/693406206-380,Siirt
L100001077677,way/176009144-380,Etimesgut
L100001078704,way/468958964-380,Canakkale
L100001079008,way/468958964-380,Canakkale
L100001079904,way/468958964-380,Canakkale
L100001080034,way/468958964-380,Canakkale
L100001077922,way/176009144-380,Etimesgut
L100001078284,way/176009144-380,Etimesgut
L100001078326,way/176009144-380,Etimesgut
L100001078370,way/176009144-380,Etimesgut
L100001078582,way/176009144-380,Etimesgut
L100001078453,way/176009144-380,Etimesgut
L100001078476,way/176009144-380,Etimesgut
L100001078533,way/176009144-380,Etimesgut
L100001078575,way/176009144-380,Etimesgut
L100001078603,way/176009144-380,Etimesgut
L100001078692,way/176009144-380,Etimesgut
L100001078873,way/176009144-380,Etimesgut
L100001079045,way/176009144-380,Etimesgut
L100001079048,way/176009144-380,Etimesgut
L100001079246,way/176009144-380,Etimesgut
L100001079063,way/176009144-380,Etimesgut
L100001079096,way/176009144-380,Etimesgut
L100001079164,way/176009144-380,Etimesgut
L100001079229,way/176009144-380,Etimesgut
L100001079287,way/176009144-380,Etimesgut
L100001079325,way/176009144-380,Etimesgut
L100001079341,way/176009144-380,Etimesgut
L100001079351,way/176009144-380,Etimesgut
L100001079369,way/176009144-380,Etimesgut
L100001080077,way/176009144-380,Etimesgut
L100001079682,way/176009144-380,Etimesgut
L100001079849,way/176009144-380,Etimesgut
L100001079895,way/176009144-380,Etimesgut
L100001079940,way/176009144-380,Etimesgut
L100001017983,TR123-380,Denizli
L100001017972,way/128190689-380,Elbistan
L100001077889,way/169679398-380,Amasya
L100001078114,way/169679398-380,Amasya
L100001078130,way/169679398-380,Amasya
L100001078150,way/169679398-380,Amasya
L100001078384,way/169679398-380,Amasya
L100001078161,way/169679398-380,Amasya
L100001078162,way/169679398-380,Amasya
L100001078229,way/169679398-380,Amasya
L100001078255,way/176009144-380,Etimesgut
L100001078501,way/169679398-380,Amasya
L100001078552,way/169679398-380,Amasya
L100001078553,way/169679398-380,Amasya
L100001078676,way/169679398-380,Amasya
L100001078684,way/169679398-380,Amasya
L100001078813,way/169679398-380,Amasya
L100001078710,way/169679398-380,Amasya
L100001078776,way/169679398-380,Amasya
L100001078777,way/169679398-380,Amasya
L100001078786,way/169679398-380,Amasya
L100001078820,way/176009144-380,Etimesgut
L100001078860,way/169679398-380,Amasya
L100001078963,way/169679398-380,Amasya
L100001079213,way/169679398-380,Amasya
L100001079218,way/169679398-380,Amasya
L100001079709,way/169679398-380,Amasya
L100001079345,way/169679398-380,Amasya
L100001079665,way/176009144-380,Etimesgut
L100001079678,way/169679398-380,Amasya
L100001079702,way/169679398-380,Amasya
L100001079744,way/169679398-380,Amasya
L100001079776,way/176009144-380,Etimesgut
L100001079845,way/169679398-380,Amasya
L100001079861,way/169679398-380,Amasya
L100001079869,way/169679398-380,Amasya
L100001080010,way/169679398-380,Amasya
L100001080017,way/169679398-380,Amasya
L100001080020,way/169679398-380,Amasya
L100000831478,way/229782457-380,Adyaman
L100001078497,way/128190689-380,Elbistan
L100000831479,way/127986151-380,Akhisar
L100000831480,way/127886746-380,Milas
L100000831362,way/233873985-380,Arapgir
L100000831363,way/177818606-380,Osmaniye
L100001049961,way/129553303-380,Diyarbakr
L100001077775,way/229782457-380,Adyaman
L100001077791,way/229782457-380,Adyaman
L100001077859,way/229782457-380,Adyaman
L100001077919,way/194508537-380,Cermik
L100001078195,way/229782457-380,Adyaman
L100001079964,way/229782457-380,Adyaman
L100001079980,way/229782457-380,Adyaman
L100001079990,way/229782457-380,Adyaman
L100001080000,way/194508537-380,Cermik
L100001080004,way/229782457-380,Adyaman
L100001080018,way/194508537-380,Cermik
L100001080031,way/229782457-380,Adyaman
L100001080050,way/229782457-380,Adyaman
L100001080071,way/194508537-380,Cermik
L100001077988,way/194508537-380,Cermik
L100001078016,way/129553303-380,Diyarbakr
L100001078037,way/229782457-380,Adyaman
L100001078109,way/229782457-380,Adyaman
L100001078221,way/129553303-380,Diyarbakr
L100001078236,way/194508537-380,Cermik
L100001078310,way/194508537-380,Cermik
L100001078324,way/194508537-380,Cermik
L100001078386,way/229782457-380,Adyaman
L100001078550,way/129553303-380,Diyarbakr
L100001079607,way/194508537-380,Cermik
L100001079612,way/194508537-380,Cermik
L100001079621,way/229782457-380,Adyaman
L100001079700,way/194508537-380,Cermik
L100001079740,way/229782457-380,Adyaman
L100001079943,way/229782457-380,Adyaman
L100001079768,way/229782457-380,Adyaman
L100001079796,way/129553303-380,Diyarbakr
L100001079866,way/229782457-380,Adyaman
L100001079937,way/129553303-380,Diyarbakr
L100001078492,way/129553303-380,Diyarbakr
L100001078521,way/229782457-380,Adyaman
L100001078528,way/129553303-380,Diyarbakr
L100001078545,way/194508537-380,Cermik
L100001078560,way/194508537-380,Cermik
L100001078778,way/229782457-380,Adyaman
L100001078927,way/229782457-380,Adyaman
L100001078994,way/229782457-380,Adyaman
L100001079037,way/229782457-380,Adyaman
L100001079299,way/194508537-380,Cermik
L100001079085,way/194508537-380,Cermik
L100001079159,way/229782457-380,Adyaman
L100001079209,way/194508537-380,Cermik
L100001079291,way/229782457-380,Adyaman
L100001079382,way/194508537-380,Cermik
L100001079406,way/129553303-380,Diyarbakr
L100001079440,way/229782457-380,Adyaman
L100001079459,way/129553303-380,Diyarbakr
L100001079498,way/229782457-380,Adyaman
L100001079605,way/229782457-380,Adyaman
L100001079530,way/129553303-380,Diyarbakr
L100001079552,way/194508537-380,Cermik
L100001079553,way/194508537-380,Cermik
L100001079589,way/229782457-380,Adyaman
L100001079130,way/130569382-380,Izmir
L100001017979,way/169679398-380,Amasya
L100001017997,way/693406206-380,Siirt
L100001077817,way/693406206-380,Siirt
L100001079094,way/693406206-380,Siirt
L100001079328,way/693406206-380,Siirt
L100001079365,way/693406206-380,Siirt
L100001079753,way/693406206-380,Siirt
L100000921424,way/130569382-380,Izmir
L100000921425,way/132128807-380,Kocaeli
L100000921426,way/169679398-380,Amasya
L100000921428,way/173348127-380,Corlu
L100000921429,way/127986151-380,Akhisar
L100000921430,way/130569382-380,Izmir
L100000921431,way/130569382-380,Izmir
L100000921432,way/130569382-380,Izmir
L100000921433,way/172934516-380,Beysehir
L100001050118,way/172934497-380,Konya
L100001049776,way/130569382-380,Izmir
L100000921434,way/169679398-380,Amasya
L100000921435,way/177818606-380,Osmaniye
L100000921436,way/172934497-380,Konya
L100000921437,way/128190689-380,Elbistan
L100000921439,way/130569382-380,Izmir
L100000921441,TR44-380,Istanbul
L100000921442,TR123-380,Denizli
L100000921444,way/127986151-380,Akhisar
L100000921446,way/169679398-380,Amasya
L100000921447,way/169679398-380,Amasya
L100000921448,way/177818606-380,Osmaniye
L100000921449,way/233873985-380,Arapgir
L100000921450,way/172934497-380,Konya
L100000921452,way/127886746-380,Milas
L100000921453,way/127886746-380,Milas
L100000921454,way/169679398-380,Amasya
L100000921455,way/176009144-380,Etimesgut
L100000921456,way/173348127-380,Corlu
L100000921457,TR44-380,Istanbul
L100000921459,way/177818606-380,Osmaniye
L100000921461,way/173348127-380,Corlu
L100000921462,way/173348127-380,Corlu
L100000921463,way/130569382-380,Izmir
L100000921464,way/127886746-380,Milas
L100000921465,way/902347576-380,Van
L100000921466,way/172934497-380,Konya
L100000921467,way/173348127-380,Corlu
L100000921468,way/127986151-380,Akhisar
L100000921469,way/173348127-380,Corlu
L100000921470,way/173348127-380,Corlu
L100000921471,way/173348127-380,Corlu
L100000921472,way/173348127-380,Corlu
L100000921473,way/468958964-380,Canakkale
L100000921474,way/621764967-380,Ordu
L100000921475,way/177818606-380,Osmaniye
L100000921477,way/621764967-380,Ordu
L100000921478,way/127986151-380,Akhisar
L100000921479,way/127986151-380,Akhisar
L100000921480,way/127986151-380,Akhisar
L100000921483,way/468958964-380,Canakkale
L100000921484,way/468958964-380,Canakkale
L100000921485,way/130740157-380,Afyonkarahisar
L100000921486,way/130569382-380,Izmir
L100000921487,way/468958964-380,Canakkale
L100000921488,TR44-380,Istanbul
L100000921489,way/468958964-380,Canakkale
L100000921490,way/172934497-380,Konya
L100000921491,way/468958964-380,Canakkale
L100000921492,way/130569382-380,Izmir
L100000921493,way/173348127-380,Corlu
L100000921494,way/52613323-380,Esenyurt
L100000921495,way/127986151-380,Akhisar
L100000921496,TR44-380,Istanbul
L100000921497,way/190391204-380,Hatay
L100000921498,way/128190689-380,Elbistan
L100000921499,way/130569382-380,Izmir
L100000921502,way/172934497-380,Konya
L100001049780,way/130569382-380,Izmir
L100000921503,way/127886746-380,Milas
L100000921504,way/128190689-380,Elbistan
L100000921505,way/130569382-380,Izmir
L100000921508,TR123-380,Denizli
L100000921509,way/129553303-380,Diyarbakr
L100000921510,way/177818606-380,Osmaniye
L100000921511,TR123-380,Denizli
L100000921512,way/52613323-380,Esenyurt
L100001050089,way/172934516-380,Beysehir
L100000921514,way/127986151-380,Akhisar
L100000921515,way/130740157-380,Afyonkarahisar
L100000921516,way/173348127-380,Corlu
L100000921517,way/468958964-380,Canakkale
L100000921518,way/173348127-380,Corlu
L100000921519,way/172934497-380,Konya
L100000921520,way/172934497-380,Konya
L100000921522,way/468958964-380,Canakkale
L100000921526,TR44-380,Istanbul
L100000921528,way/173348127-380,Corlu
L100001050104,way/130569382-380,Izmir
L100000921529,way/127886746-380,Milas
L100000921531,way/130569382-380,Izmir
L100001050099,way/127886746-380,Milas
L100000921532,way/468958964-380,Canakkale
L100000921533,way/173348127-380,Corlu
L100000921534,way/127986151-380,Akhisar
L100000921536,way/468958964-380,Canakkale
L100000921537,way/468958964-380,Canakkale
L100000921538,way/127986151-380,Akhisar
L100000921539,way/127886746-380,Milas
L100000921540,way/130569382-380,Izmir
L100000921541,way/172934497-380,Konya
L100000921542,way/132128807-380,Kocaeli
L100000921543,way/129553303-380,Diyarbakr
L100000921545,way/128190689-380,Elbistan
L100001050095,way/177818606-380,Osmaniye
L100000921546,way/966899330-380,Sakarya
L100000921547,TR44-380,Istanbul
L100000921548,way/130569382-380,Izmir
L100000921552,way/468958964-380,Canakkale
L100000921556,TR44-380,Istanbul
L100000921560,way/127986151-380,Akhisar
L100001049783,TR123-380,Denizli
L100000921561,way/173348127-380,Corlu
L100000921562,way/169679398-380,Amasya
L100000921563,way/468958964-380,Canakkale
L100001049786,way/468958964-380,Canakkale
L100000921564,TR44-380,Istanbul
L100000921565,way/177818606-380,Osmaniye
L100000921566,way/468958964-380,Canakkale
L100000921567,way/127986151-380,Akhisar
L100000921568,way/169679398-380,Amasya
L100000921569,way/468958964-380,Canakkale
L100001049788,way/173348127-380,Corlu
L100000921570,way/468958964-380,Canakkale
L100000921571,way/130740157-380,Afyonkarahisar
L100000921572,way/468958964-380,Canakkale
L100000921573,way/191530942-380,Agr
L100000921574,TR44-380,Istanbul
L100000921575,way/52613323-380,Esenyurt
L100000921557,way/173348127-380,Corlu
L100000921576,way/173348127-380,Corlu
L100000921577,way/966899330-380,Sakarya
L100000921578,way/128190689-380,Elbistan
L100000921579,way/173348127-380,Corlu
L100000921580,way/173348127-380,Corlu
L100000921581,way/130569382-380,Izmir
L100000921582,way/173348127-380,Corlu
L100000921583,way/128190689-380,Elbistan
L100000921584,way/130569382-380,Izmir
L100000921585,way/130569382-380,Izmir
L100000921586,way/173348127-380,Corlu
L100000921587,way/127986151-380,Akhisar
L100000921588,way/172934497-380,Konya
L100000921589,TR44-380,Istanbul
L100000921591,way/468958964-380,Canakkale
L100000921592,TR136-380,Antalya
L100000921593,way/127886746-380,Milas
L100000921594,way/132128807-380,Kocaeli
L100000921595,way/229782457-380,Adyaman
L100000921596,way/127986151-380,Akhisar
L100000921597,way/169679398-380,Amasya
L100000921598,way/127986151-380,Akhisar
L100000921599,way/52613323-380,Esenyurt
L100001050075,way/127986151-380,Akhisar
L100001049789,way/127886746-380,Milas
L100000921600,way/127986151-380,Akhisar
L100000921601,TR123-380,Denizli
L100000921602,TR123-380,Denizli
L100000921603,way/127986151-380,Akhisar
L100000921604,way/173348127-380,Corlu
L100000921605,way/173348127-380,Corlu
L100000921606,way/468958964-380,Canakkale
L100000921607,way/169679398-380,Amasya
L100000921608,way/130569382-380,Izmir
L100000921609,way/468958964-380,Canakkale
L100000921610,way/130740157-380,Afyonkarahisar
L100000921611,way/128190689-380,Elbistan
L100000921612,way/130569382-380,Izmir
L100000921613,way/130569382-380,Izmir
L100000921614,way/468958964-380,Canakkale
L100000921615,way/468958964-380,Canakkale
L100000921616,way/468958964-380,Canakkale
L100000921617,way/130569382-380,Izmir
L100000921618,way/52613323-380,Esenyurt
L100000921619,TR44-380,Istanbul
L100000921620,way/172934497-380,Konya
L100000921621,way/177818606-380,Osmaniye
L100000921622,way/130569382-380,Izmir
L100000921623,way/127986151-380,Akhisar
L100000921624,way/172934497-380,Konya
L100000921625,way/127886746-380,Milas
L100000921626,way/127886746-380,Milas
L100000921627,TR44-380,Istanbul
L100000921629,way/130569382-380,Izmir
L100000921630,way/468958964-380,Canakkale
L100000921631,way/130569382-380,Izmir
L100000921632,way/169679398-380,Amasya
L100000921633,way/172934497-380,Konya
L100001050092,way/172934497-380,Konya
L100000921634,way/130569382-380,Izmir
L100000921635,way/132128807-380,Kocaeli
L100000921636,way/132128807-380,Kocaeli
L100000921638,way/194082258-380,Erzurum
L100000921639,way/132128807-380,Kocaeli
L100000921640,way/693406206-380,Siirt
L100000921641,way/130569382-380,Izmir
L100000921642,way/130569382-380,Izmir
L100000921643,way/172934497-380,Konya
L100000921644,way/172934497-380,Konya
L100000921645,way/194082258-380,Erzurum
L100000921646,way/130569382-380,Izmir
L100000921648,way/173348127-380,Corlu
L100001042903,way/621764967-380,Ordu
L100000921650,way/190391204-380,Hatay
L100000921651,way/127986151-380,Akhisar
L100000921652,way/127986151-380,Akhisar
L100000921653,way/127886746-380,Milas
L100000921654,way/127986151-380,Akhisar
L100000921655,way/130569382-380,Izmir
L100001049790,way/468958964-380,Canakkale
L100000921656,way/190391204-380,Hatay
L100000921657,way/132128807-380,Kocaeli
L100000921658,way/468958964-380,Canakkale
L100000921660,way/130569382-380,Izmir
L100000921661,way/127986151-380,Akhisar
L100000921662,way/127986151-380,Akhisar
L100000921663,way/127986151-380,Akhisar
L100000921664,way/127986151-380,Akhisar
L100001050073,way/132128807-380,Kocaeli
L100001050158,way/194082258-380,Erzurum
L100001050069,way/172934497-380,Konya
L100001050093,way/194082258-380,Erzurum
L100001050116,way/169679398-380,Amasya
L100001050061,way/194508537-380,Cermik
L100001050063,way/172934497-380,Konya
L100001050074,way/128190689-380,Elbistan
L100001050088,way/169679398-380,Amasya
L100000921666,way/468958964-380,Canakkale
L100000921667,way/468958964-380,Canakkale
L100000921668,way/173348127-380,Corlu
L100000921669,way/130569382-380,Izmir
L100000921670,way/127986151-380,Akhisar
L100000921671,way/130569382-380,Izmir
L100000921672,way/468958964-380,Canakkale
L100000921673,way/468958964-380,Canakkale
L100000921674,way/128190689-380,Elbistan
L100000921675,way/177818606-380,Osmaniye
L100000921676,way/468958964-380,Canakkale
L100000921677,way/127886746-380,Milas
L100000921678,way/130569382-380,Izmir
L100000921679,way/127986151-380,Akhisar
L100000921680,way/190391204-380,Hatay
L100000921681,way/130569382-380,Izmir
L100000921682,way/130569382-380,Izmir
L100000921728,TR44-380,Istanbul
L100000921683,way/468958964-380,Canakkale
L100000921684,way/177818606-380,Osmaniye
L100000921685,way/177818606-380,Osmaniye
L100000921686,way/190391204-380,Hatay
L100000921688,way/172934497-380,Konya
L100000921689,way/127986151-380,Akhisar
L100000921690,way/130569382-380,Izmir
L100000921691,way/966899330-380,Sakarya
L100000921692,way/173348127-380,Corlu
L100000921693,way/194508537-380,Cermik
L100000921694,way/194082258-380,Erzurum
L100000921695,way/130569382-380,Izmir
L100000921696,way/130569382-380,Izmir
L100000921697,way/130569382-380,Izmir
L100000921698,way/127986151-380,Akhisar
L100000921699,way/127986151-380,Akhisar
L100000921701,way/468958964-380,Canakkale
L100000921703,way/127986151-380,Akhisar
L100000921705,TR44-380,Istanbul
L100000921706,way/127986151-380,Akhisar
L100000921707,way/173348127-380,Corlu
L100000921709,way/130569382-380,Izmir
L100000921710,way/169679398-380,Amasya
L100000921712,way/127886746-380,Milas
L100000921714,way/468958964-380,Canakkale
L100000921715,TR44-380,Istanbul
L100000921716,way/130740157-380,Afyonkarahisar
L100000921717,way/127986151-380,Akhisar
L100000921718,way/130569382-380,Izmir
L100000921719,way/130569382-380,Izmir
L100000921720,way/130740157-380,Afyonkarahisar
L100000921721,way/127986151-380,Akhisar
L100000922246,way/130740157-380,Afyonkarahisar
L100000921722,way/173348127-380,Corlu
L100000921723,way/130569382-380,Izmir
L100000921724,way/177818606-380,Osmaniye
L100000921725,way/177818606-380,Osmaniye
L100000921727,TR44-380,Istanbul
L100000921729,way/173348127-380,Corlu
L100000921731,way/130569382-380,Izmir
L100000921735,way/130569382-380,Izmir
L100000921736,way/468958964-380,Canakkale
L100000921737,way/468958964-380,Canakkale
L100000921738,way/130569382-380,Izmir
L100000921739,way/127986151-380,Akhisar
L100000921740,way/173348127-380,Corlu
L100000921741,way/130569382-380,Izmir
L100000921742,way/177818606-380,Osmaniye
L100000921743,way/190391204-380,Hatay
L100000921745,way/132128807-380,Kocaeli
L100000921440,way/127886746-380,Milas
L100000921443,way/130569382-380,Izmir
L100000921445,way/172934497-380,Konya
L100000921521,way/130569382-380,Izmir
L100000921525,way/173348127-380,Corlu
L100000921530,way/169679398-380,Amasya
L100000921550,way/169679398-380,Amasya
L100000921555,TR44-380,Istanbul
L100000921702,way/52613323-380,Esenyurt
L100000921708,way/52613323-380,Esenyurt
L100000921713,way/127986151-380,Akhisar
L100000103674,way/128190689-380,Elbistan
L100000104734,way/127986151-380,Akhisar
L100000103657,way/177818606-380,Osmaniye
L100000103627,way/132128807-380,Kocaeli
L100000103634,way/468958964-380,Canakkale
L100000103635,way/468958964-380,Canakkale
L100000103718,way/239316403-380,Zonguldak
L100000103617,way/176009144-380,Etimesgut
L100000103636,way/468958964-380,Canakkale
L100000104627,way/172934497-380,Konya
L100000103596,way/177818606-380,Osmaniye
L100000104736,way/173348127-380,Corlu
L100000103679,TR44-380,Istanbul
L100000103641,way/468958964-380,Canakkale
L100000103640,way/468958964-380,Canakkale
L100000103601,way/177818606-380,Osmaniye
L100000103669,way/130569382-380,Izmir
L100000103708,way/128190689-380,Elbistan
L100000104454,way/239316403-380,Zonguldak
L100000103698,way/127886746-380,Milas
L100000104735,way/130569382-380,Izmir
L100000103630,TR44-380,Istanbul
L100000103684,TR44-380,Istanbul
L100000103685,way/130740157-380,Afyonkarahisar
L100000103710,way/693406206-380,Siirt
L100000103687,way/127986151-380,Akhisar
L100000103688,way/127986151-380,Akhisar
L100000103610,way/128190689-380,Elbistan
L100000103686,TR44-380,Istanbul
L100000103700,way/127886746-380,Milas
L100000103701,way/127886746-380,Milas
L100000103655,way/176009144-380,Etimesgut
L100000103725,way/239316403-380,Zonguldak
L100001061754,way/127886746-380,Milas
L100001044957,way/130740157-380,Afyonkarahisar
L100001026021,way/191530942-380,Agr
L100000700003,TR123-380,Denizli
L100000700243,TR123-380,Denizli
L100001044958,way/468958964-380,Canakkale
L100001044982,TR123-380,Denizli
L100001044991,TR123-380,Denizli
L100000700244,way/127886746-380,Milas
L100000700043,way/127886746-380,Milas
L100000700046,way/130569382-380,Izmir
L100000700047,way/130569382-380,Izmir
L100001026018,way/127886746-380,Milas
L100001044990,TR123-380,Denizli
L100001061762,way/130569382-380,Izmir
L100000700245,way/130569382-380,Izmir
L100001025880,TR123-380,Denizli
L100000700057,TR123-380,Denizli
L100001026024,way/130569382-380,Izmir
L100001061796,way/172934497-380,Konya
L100001044960,way/468958964-380,Canakkale
L100001044977,TR123-380,Denizli
L100001045001,way/127886746-380,Milas
L100001044995,TR123-380,Denizli
L100000700246,TR123-380,Denizli
L100000700079,TR123-380,Denizli
L100000700080,TR123-380,Denizli
L100001045041,TR123-380,Denizli
L100001026023,way/130569382-380,Izmir
L100001044992,TR123-380,Denizli
L100000700097,TR123-380,Denizli
L100001045039,way/130569382-380,Izmir
L100000700102,way/130569382-380,Izmir
L100001044978,TR123-380,Denizli
L100000700108,TR123-380,Denizli
L100001061795,way/130569382-380,Izmir
L100001026020,way/127886746-380,Milas
L100001025881,TR123-380,Denizli
L100001044981,TR123-380,Denizli
L100000700137,TR123-380,Denizli
L100000700152,way/130569382-380,Izmir
L100001044962,way/130569382-380,Izmir
L100001044989,TR123-380,Denizli
L100001026022,way/468958964-380,Canakkale
L100001044961,way/468958964-380,Canakkale
L100000700250,TR123-380,Denizli
L100000700251,TR123-380,Denizli
L100000700184,TR123-380,Denizli
L100001044959,way/468958964-380,Canakkale
L100001045022,way/127886746-380,Milas
L100001045901,TR123-380,Denizli
L100001064192,TR123-380,Denizli
L100000603577,way/96580455-380,Artvin
L100000603578,way/621764967-380,Ordu
L100000603612,way/127886746-380,Milas
L100000603579,way/621764967-380,Ordu
L100000603580,way/621764967-380,Ordu
L100000603581,way/621764967-380,Ordu
L100000603582,way/194082258-380,Erzurum
L100001064227,way/693406206-380,Siirt
L100000603583,way/194082258-380,Erzurum
L100001045947,way/174078394-380,Duzce
L100001064252,way/172934497-380,Konya
L100000603584,way/172934516-380,Beysehir
L100000603585,way/693406206-380,Siirt
L100000603586,way/194082258-380,Erzurum
L100000603587,way/194082258-380,Erzurum
L100000603588,way/169679398-380,Amasya
L100001064464,way/177818606-380,Osmaniye
L100000603589,way/96580455-380,Artvin
L100001064472,way/96580455-380,Artvin
L100000603590,way/96580455-380,Artvin
L100000603591,way/129553303-380,Diyarbakr
L100000603592,way/621764967-380,Ordu
L100000603593,way/177818606-380,Osmaniye
L100000603594,way/229782457-380,Adyaman
L100001064068,way/621764967-380,Ordu
L100001064082,way/693406206-380,Siirt
L100000603595,way/128190689-380,Elbistan
L100000603596,way/233873985-380,Arapgir
L100001045905,way/233873985-380,Arapgir
L100000603597,way/693406206-380,Siirt
L100000603598,way/96580455-380,Artvin
L100001045909,way/177818606-380,Osmaniye
L100000603599,way/177818606-380,Osmaniye
L100001064162,way/177818606-380,Osmaniye
L100000603600,way/129553303-380,Diyarbakr
L100000603601,way/129553303-380,Diyarbakr
L100000603602,way/229782457-380,Adyaman
L100001045953,way/172934497-380,Konya
L100000603603,way/96580455-380,Artvin
L100000603604,way/169679398-380,Amasya
L100001064470,way/172934497-380,Konya
L100001064467,way/621764967-380,Ordu
L100001045911,way/621764967-380,Ordu
L100001064134,way/194082258-380,Erzurum
L100000603605,way/177818606-380,Osmaniye
L100001064465,way/621764967-380,Ordu
L100000603606,way/177818606-380,Osmaniye
L100000603607,way/693406206-380,Siirt
L100000603608,way/693406206-380,Siirt
L100000603609,way/194082258-380,Erzurum
L100001045912,way/127886746-380,Milas
L100000603610,way/693406206-380,Siirt
L100001045913,way/621764967-380,Ordu
L100000603611,way/693406206-380,Siirt
L100001045916,way/172934516-380,Beysehir
L100000603613,way/621764967-380,Ordu
L100001045917,way/621764967-380,Ordu
L100001064463,way/177818606-380,Osmaniye
L100001045956,way/130569382-380,Izmir
L100001045957,way/169679398-380,Amasya
L100001045944,way/621764967-380,Ordu
L100000603614,way/96580455-380,Artvin
L100000603615,way/129553303-380,Diyarbakr
L100000603616,way/96580455-380,Artvin
L100001064088,way/902347576-380,Van
L100001064453,way/172934516-380,Beysehir
L100001045954,way/132128807-380,Kocaeli
L100001045919,way/621764967-380,Ordu
L100000603617,way/902347576-380,Van
L100001045879,way/902347576-380,Van
L100000603618,way/902347576-380,Van
L100001064092,way/169679398-380,Amasya
L100000603619,TR136-380,Antalya
L100001064173,way/177818606-380,Osmaniye
L100001064450,way/176009144-380,Etimesgut
L100001045941,way/96580455-380,Artvin
L100000603620,way/172934497-380,Konya
L100001064052,way/693406206-380,Siirt
L100001045906,TR136-380,Antalya
L100001045907,TR136-380,Antalya
L100001064061,way/177818606-380,Osmaniye
L100001045942,way/177818606-380,Osmaniye
L100001064178,way/693406206-380,Siirt
L100000603621,way/172934497-380,Konya
L100000603622,way/174078394-380,Duzce
L100000603623,way/177818606-380,Osmaniye
L100000603624,way/177818606-380,Osmaniye
L100000603625,way/194082258-380,Erzurum
L100001064448,way/176009144-380,Etimesgut
L100000603626,way/128190689-380,Elbistan
L100000603627,way/169679398-380,Amasya
L100000603628,way/176009144-380,Etimesgut
L100001064097,way/621764967-380,Ordu
L100000603629,way/693406206-380,Siirt
L100000603630,way/693406206-380,Siirt
L100001064120,way/177818606-380,Osmaniye
L100001064446,way/177818606-380,Osmaniye
L100001064186,way/621764967-380,Ordu
L100000603631,way/128190689-380,Elbistan
L100001045958,way/176009144-380,Etimesgut
L100001064046,TR136-380,Antalya
L100001045940,TR136-380,Antalya
L100000603632,way/194508537-380,Cermik
L100000603633,way/191530942-380,Agr
L100000603634,way/177818606-380,Osmaniye
L100000603635,way/176009144-380,Etimesgut
L100000603636,way/169679398-380,Amasya
L100000603637,way/229782457-380,Adyaman
L100000603638,way/177818606-380,Osmaniye
L100001064405,way/621764967-380,Ordu
L100000603639,way/172934497-380,Konya
L100000603640,way/233873985-380,Arapgir
L100001045949,way/127886746-380,Milas
L100000603641,way/176009144-380,Etimesgut
L100000603642,way/129553303-380,Diyarbakr
L100000603643,way/621764967-380,Ordu
L100001045938,way/693406206-380,Siirt
L100001045939,way/128190689-380,Elbistan
L100001064380,way/621764967-380,Ordu
L100000603644,way/621764967-380,Ordu
L100000603645,way/177818606-380,Osmaniye
L100000603646,way/239316403-380,Zonguldak
L100000603647,way/96580455-380,Artvin
L100001045937,way/96580455-380,Artvin
L100001045936,TR136-380,Antalya
L100001045945,way/621764967-380,Ordu
L100000603648,way/621764967-380,Ordu
L100000603649,way/129553303-380,Diyarbakr
L100001064116,way/194082258-380,Erzurum
L100000603650,way/621764967-380,Ordu
L100000603651,way/194082258-380,Erzurum
L100001045935,way/172934516-380,Beysehir
L100000603652,way/177818606-380,Osmaniye
L100001045948,way/177818606-380,Osmaniye
L100000603653,way/128190689-380,Elbistan
L100001064374,way/169679398-380,Amasya
L100000603654,way/96580455-380,Artvin
L100001064370,way/233873985-380,Arapgir
L100001064282,way/191530942-380,Agr
L100001064187,way/621764967-380,Ordu
L100000603655,way/169679398-380,Amasya
L100001064188,way/621764967-380,Ordu
L100001064190,way/172934497-380,Konya
L100000603656,way/172934516-380,Beysehir
L100000603657,way/129553303-380,Diyarbakr
L100001064075,way/194082258-380,Erzurum
L100000603658,way/129553303-380,Diyarbakr
L100001064122,way/96580455-380,Artvin
L100000603659,way/129553303-380,Diyarbakr
L100000603660,way/693406206-380,Siirt
L100001064263,way/229782457-380,Adyaman
L100000603661,TR123-380,Denizli
L100000603662,way/177818606-380,Osmaniye
L100001045928,way/229782457-380,Adyaman
L100000604342,way/129553303-380,Diyarbakr
L100000603663,way/176009144-380,Etimesgut
L100000603664,way/128190689-380,Elbistan
L100001064260,way/191530942-380,Agr
L100001064129,way/621764967-380,Ordu
L100001045959,way/177818606-380,Osmaniye
L100001045927,way/129553303-380,Diyarbakr
L100000603665,way/693406206-380,Siirt
L100001064132,way/172934516-380,Beysehir
L100000603666,way/177818606-380,Osmaniye
L100001064245,way/693406206-380,Siirt
L100001045960,way/169679398-380,Amasya
L100000603667,way/129553303-380,Diyarbakr
L100001064257,way/239316403-380,Zonguldak
L100001045924,way/169679398-380,Amasya
L100001045961,way/621764967-380,Ordu
L100001045946,way/177818606-380,Osmaniye
L100000603668,way/621764967-380,Ordu
L100001064255,way/621764967-380,Ordu
L100000603669,TR44-380,Istanbul
L100000603670,way/129553303-380,Diyarbakr
L100001045922,way/194082258-380,Erzurum
L100001045955,way/128190689-380,Elbistan
L100000603671,way/128190689-380,Elbistan
L100001064241,way/174078394-380,Duzce
L100001064236,way/194082258-380,Erzurum
L100000603672,way/194082258-380,Erzurum
L100000603673,way/96580455-380,Artvin
L100001064136,way/194082258-380,Erzurum
L100001064454,TR44-380,Istanbul
L100001064449,way/177818606-380,Osmaniye
L100001064181,way/172934516-380,Beysehir
L100001064381,TR136-380,Antalya
