bus0,bus1,voltage,s_nom,length,type,geometry
IE3-220,way/254158424-220,220.0,983.1120383760948,9144.05,Al/St 240/40 2-bundle 220.0,"LINESTRING (-6.569719535516883 53.474590443711506, -6.559050482798007 53.47327807058387, -6.5562719 53.4728616, -6.5507245 53.4720158, -6.5485423 53.4688859, -6.5462152 53.4655316, -6.5439042 53.4622438, -6.5415734 53.4589006, -6.5393434 53.4557415, -6.5372116 53.452659, -6.5351739 53.4497476, -6.5330144 53.4466607, -6.5309497 53.4436876, -6.5288795 53.4407187, -6.5272126 53.438326, -6.5255281 53.4359221, -6.5242085 53.4340125, -6.5201844 53.4312884, -6.5159406 53.4284488, -6.5124789 53.4261337, -6.5085369 53.4234582, -6.504759 53.4208993, -6.5015543 53.4187285, -6.4982565 53.4165316, -6.496640593451532 53.41544184742618, -6.493913099999989 53.41127349528821)"
way/88462768-220,way/942416227-220,220.0,983.1120383760948,9976.65,Al/St 240/40 2-bundle 220.0,"LINESTRING (-6.601984978174334 53.34857593005784, -6.594473172757746 53.34567535171179, -6.5912492 53.344518, -6.588052 53.343333, -6.584533 53.3420712, -6.5800698 53.3404377, -6.5761618 53.3400069, -6.5716744 53.3395105, -6.5669113 53.33899, -6.562695 53.3384839, -6.5610374 53.3357076, -6.5594823 53.3331526, -6.5577436 53.3303991, -6.5565401 53.3283452, -6.5538675 53.3267414, -6.5487105 53.3265633, -6.5447776 53.3264539, -6.5415457 53.3263428, -6.5364752 53.3261959, -6.5317948 53.3260596, -6.5273386 53.325934, -6.5244861 53.3266067, -6.5210341 53.3274559, -6.5171771 53.3267497, -6.5138946 53.3277214, -6.5100577 53.3288159, -6.5059611 53.3300169, -6.5016566 53.3312605, -6.500579 53.3315775, -6.4967134 53.3326844, -6.493502 53.3336335, -6.4910781 53.3343114, -6.4860021 53.3357769, -6.4815534 53.3357052, -6.481116655741058 53.3356961359511, -6.473226059213352 53.335529728348895)"
way/197846408-220,IE7-220,220.0,491.5560191880474,104673.31,Al/St 240/40 2-bundle 220.0,"LINESTRING (-8.037758529323822 53.27107816229611, -8.029189327266623 53.271511472723176, -8.0264994 53.2714046, -8.0230241 53.2712635, -8.0189632 53.2711319, -8.0143016 53.2705322, -8.0094682 53.2698779, -8.0047046 53.2692362, -7.9996535 53.2685772, -7.9945679 53.2679001, -7.9891513 53.267098, -7.9830729 53.2663376, -7.9779349 53.2656397, -7.9729886 53.2649938, -7.9669624 53.2641396, -7.9606924 53.2633062, -7.9547359 53.2624832, -7.9502598 53.2618894, -7.9443904 53.2618686, -7.9400537 53.2618373, -7.9338185 53.2617644, -7.9275137 53.261754, -7.9216268 53.261681, -7.9148517 53.2616394, -7.9106717 53.2616081, -7.9045237 53.2615664, -7.8986717 53.2614831, -7.8939866 53.2615039, -7.8891796 53.2614623, -7.8849125 53.2614414, -7.8808047 53.261387, -7.8778737 53.2640904, -7.8748194 53.2669779, -7.87211 53.2694527, -7.8691913 53.2721483, -7.8669991 53.2741589, -7.8637725 53.2771487, -7.8605212 53.2801826, -7.85736 53.2832165, -7.8542773 53.2859758, -7.8511423 53.2889119, -7.8481118 53.2917541, -7.8460044 53.2937321, -7.8434441 53.2960535, -7.8407445 53.2987079, -7.8375189 53.3003941, -7.8337503 53.3025431, -7.8285286 53.3051483, -7.8242921 53.3073854, -7.8204497 53.3094164, -7.8164595 53.311462, -7.8116072 53.3139637, -7.8079864 53.315906, -7.8042425 53.3179072, -7.7997351 53.3202466, -7.7956217 53.3224241, -7.791262 53.3246456, -7.7875674 53.3266169, -7.7832816 53.3288676, -7.7786757 53.33128, -7.7723209 53.3327067, -7.7674686 53.3328538, -7.7620744 53.3329715, -7.7565817 53.333148, -7.7501138 53.3333392, -7.7450057 53.3335081, -7.739316 53.3336864, -7.733532 53.333846, -7.7270721 53.3340337, -7.7219168 53.3341745, -7.7165572 53.3343341, -7.7107418 53.334503, -7.7055707 53.3346719, -7.7011541 53.3359014, -7.6970519 53.337159, -7.692431 53.338501, -7.6866627 53.3401902, -7.6813031 53.341748, -7.675802 53.3433714, -7.6708196 53.3447977, -7.6669531 53.3459612, -7.6631495 53.3470684, -7.6579313 53.3476782, -7.6527917 53.3482599, -7.6481551 53.3488604, -7.6429369 53.3494703, -7.6373258 53.3501458, -7.6317933 53.3507462, -7.6261193 53.3514311, -7.6200209 53.3520878, -7.6159973 53.3525569, -7.6110306 53.3531386, -7.6070226 53.3535983, -7.6005942 53.3543206, -7.5946059 53.3550617, -7.5909437 53.3554276, -7.5861028 53.3560279, -7.5811204 53.3566283, -7.5751792 53.357285, -7.5694738 53.3578947, -7.5635483 53.3586357, -7.5577329 53.3592736, -7.5527505 53.3607744, -7.5477366 53.3623783, -7.5428485 53.3638977, -7.5374889 53.3655578, -7.5332923 53.3668239, -7.5298188 53.3678836, -7.5276183 53.3685401, -7.5229188 53.3700499, -7.518738 53.3712784, -7.5143698 53.3725617, -7.5103308 53.3738127, -7.506227 53.3751229, -7.5014174 53.3765763, -7.4967494 53.3780296, -7.493323 53.3790984, -7.4883877 53.3791172, -7.4825261 53.3791511, -7.4766033 53.3791854, -7.4698556 53.3792335, -7.4644859 53.37931, -7.4597205 53.3793779, -7.4547896 53.3794246, -7.450607 53.3794581, -7.4457157 53.3794822, -7.4427301 53.3794901, -7.4359017 53.3795382, -7.4304175 53.3795543, -7.4256279 53.3796125, -7.4198523 53.3796826, -7.414947 53.379714, -7.4083488 53.3797563, -7.4023851 53.3797945, -7.3974046 53.3798625, -7.3917398 53.3799419, -7.3870064 53.3799646, -7.382121 53.3813253, -7.3756768 53.3831395, -7.3712285 53.3843753, -7.366229 53.3857812, -7.3624462 53.386881, -7.3597658 53.3876066, -7.3550895 53.3889103, -7.3525232 53.3896926, -7.3483601 53.3908942, -7.3431515 53.3923679, -7.3383991 53.3937396, -7.3335137 53.3950545, -7.3289685 53.3963573, -7.3246553 53.3975935, -7.3194086 53.3990443, -7.3143901 53.400495, -7.3092576 53.4019118, -7.3042961 53.4033397, -7.2997528 53.4046317, -7.2984852 53.4086677, -7.2954377 53.4115554, -7.2922251 53.4143654, -7.2892596 53.4171298, -7.286161 53.4199847, -7.2834237 53.4225902, -7.2802111 53.4254561, -7.2778539 53.4276762, -7.2730445 53.4288994, -7.2675887 53.4303152, -7.262076 53.4316856, -7.256126 53.4331692, -7.2504422 53.4346754, -7.2448534 53.4360683, -7.2402424 53.4372152, -7.2357478 53.4383331, -7.231333 53.4394345, -7.2268514 53.4405525, -7.222156 53.4417754, -7.2174417 53.4429756, -7.2129935 53.4440739, -7.2087734 53.4451495, -7.2043515 53.4462446, -7.199991 53.4473459, -7.1946142 53.4469841, -7.1897258 53.4466552, -7.1855247 53.4464288, -7.1802591 53.4460326, -7.1752406 53.4456929, -7.1700875 53.4453759, -7.1643101 53.444991, -7.1638971 53.4449639, -7.1589685 53.44464, -7.153309 53.4431837, -7.1497389 53.4422651, -7.1455996 53.4412008, -7.1409566 53.4399864, -7.1358719 53.4386728, -7.1316143 53.4363627, -7.1278119 53.4341998, -7.1238959 53.4320706, -7.1196948 53.4297489, -7.1157028 53.4275969, -7.112072 53.425592, -7.1077212 53.4231838, -7.1038177 53.4210231, -7.0998793 53.4189003, -7.0947462 53.4183204, -7.0898114 53.4177628, -7.085416 53.4172821, -7.0796226 53.4166252, -7.073762 53.4160244, -7.067982 53.4153434, -7.0626591 53.4147986, -7.0570808 53.4141417, -7.0519998 53.4135889, -7.0475587 53.4131463, -7.0432781 53.4126433, -7.0386127 53.4112951, -7.0319286 53.4093131, -7.0273881 53.4079547, -7.0226113 53.4065863, -7.0183916 53.4053486, -7.0136316 53.4040103, -7.0088042 53.4025411, -7.0036876 53.4010731, -7.0008204 53.4002466, -6.995523 53.3986717, -6.9895793 53.3991707, -6.9855881 53.399535, -6.9799813 53.4000259, -6.9754108 53.4003969, -6.9704326 53.4008767, -6.9653106 53.4013516, -6.9593454 53.4019017, -6.9534016 53.4023943, -6.9481166 53.4028532, -6.9421042 53.4034049, -6.93639 53.4038894, -6.9308818 53.4043899, -6.9251354 53.4048872, -6.919138 53.4054373, -6.9128466 53.4059633, -6.9080015 53.4063903, -6.9025577 53.4068584, -6.8979121 53.4058674, -6.8935605 53.4048565, -6.8884106 53.4037429, -6.8837831 53.4026775, -6.8793822 53.4017113, -6.8737747 53.4004483, -6.867662 53.3990663, -6.8628952 53.3979913, -6.8578591 53.3968516, -6.8523884 53.3956316, -6.8472198 53.3944849, -6.8424337 53.3934021, -6.8365393 53.3920854, -6.8313288 53.3909078, -6.825466 53.3895901, -6.8194182 53.3893505, -6.8138027 53.3891326, -6.8083697 53.3889283, -6.8025321 53.3887036, -6.7964719 53.3884646, -6.790174 53.3882077, -6.7852918 53.3880215, -6.7789946 53.3877735, -6.7730498 53.387523, -6.7681799 53.3873376, -6.7639517 53.3871775, -6.7588244 53.3869727, -6.7537764 53.3862179, -6.7486427 53.3854501, -6.7421089 53.3844724, -6.7370116 53.3837192, -6.7316579 53.3829257, -6.7271518 53.3822419, -6.7229783 53.381633, -6.7185795 53.3809812, -6.7138373 53.3802644, -6.7086671 53.379499, -6.7031836 53.3786833, -6.6977548 53.3778724, -6.6923367 53.3770506, -6.6868441 53.3762282, -6.6818133 53.3754937, -6.6774607 53.37483, -6.6728526 53.3741285, -6.6677747 53.3733841, -6.6628818 53.3726547, -6.6568243 53.3717349, -6.6508617 53.3708471, -6.6451465 53.370004, -6.6393486 53.3691312, -6.6345571 53.3669764, -6.6297635 53.3648466, -6.6252982 53.3628443, -6.6213875 53.361108, -6.6182027 53.3596536, -6.615630681747514 53.35934528154664, -6.608234499999992 53.35849689526893)"
way/88144450-220,IE9-220,220.0,983.1120383760948,19218.21,Al/St 240/40 2-bundle 220.0,"LINESTRING (-6.688169253209786 53.15427860487501, -6.676114454581295 53.159195213340666, -6.6735766 53.1603019, -6.6698172 53.1596638, -6.665133 53.1588803, -6.661571 53.1582498, -6.6564062 53.1573801, -6.6524472 53.156711, -6.6466322 53.1557331, -6.6409245 53.1547745, -6.6356287 53.1538751, -6.6299703 53.155984, -6.62608 53.1574135, -6.6225395 53.1586937, -6.6190591 53.1616001, -6.6167245 53.1635568, -6.6136131 53.1661489, -6.6107228 53.1685721, -6.6081586 53.1706944, -6.6045043 53.1738279, -6.6008196 53.1768685, -6.5970768 53.1799627, -6.597161 53.1831312, -6.5973343 53.1871699, -6.5974614 53.190055, -6.5976117 53.1939247, -6.5976991 53.1963942, -6.5977726 53.198636, -6.5953264 53.2006476, -6.5918288 53.2035652, -6.588299 53.2064955, -6.5846528 53.2095361, -6.5817437 53.21197, -6.579083 53.2141994, -6.5762291 53.2166022, -6.5724863 53.2197256, -6.568794 53.2227884, -6.5643952 53.225409, -6.5596959 53.2282158, -6.5558765 53.23056, -6.551939 53.2328848, -6.5476906 53.2354308, -6.5428949 53.2382947, -6.5388233 53.2407218, -6.5346144 53.2432547, -6.5313718 53.2452458, -6.5280366 53.247146, -6.5255191 53.248627, -6.5227591 53.2502988, -6.5216952 53.2526069, -6.520466 53.2552245, -6.5187928 53.2587999, -6.517850868180068 53.26080403423783, -6.515813499999992 53.265108695234524)"
IE11-220,way/104388595-220,220.0,491.5560191880474,13488.95,Al/St 240/40 2-bundle 220.0,"LINESTRING (-8.319298979591615 51.95419524504926, -8.302232443686894 51.95722351521959, -8.302156 51.9570471, -8.3010187 51.9543428, -8.3001175 51.9522335, -8.2991733 51.9499522, -8.2979073 51.9468507, -8.2965984 51.9439607, -8.2952681 51.9408522, -8.2940664 51.937975, -8.293133 51.9359178, -8.29177 51.9325847, -8.2905147 51.9297, -8.2893457 51.9270267, -8.2885299 51.9250824, -8.2869206 51.9212629, -8.2855585 51.9181272, -8.2839261 51.9164086, -8.2817831 51.9141673, -8.2794323 51.9116615, -8.2772543 51.9094641, -8.2748027 51.9068861, -8.2742341 51.9030569, -8.2737674 51.8997072, -8.2734723 51.897496, -8.2731314 51.8952713, -8.2728608 51.8932455, -8.2724531 51.8904778, -8.2721688 51.8886535, -8.2714929 51.8840346, -8.2712432 51.8823027, -8.2710447 51.8807265, -8.2754113 51.8793191, -8.2799711 51.8779017, -8.2829751 51.8769545, -8.2860811 51.8759676, -8.2896324 51.8748482, -8.2944121 51.8733347, -8.2987465 51.87198, -8.3014717 51.8699894, -8.303655 51.868277, -8.305424921426518 51.866930494299126, -8.309662199999995 51.863287394674956)"
way/104388599-220,way/104388595-220,220.0,983.1120383760948,25740.23,Al/St 240/40 2-bundle 220.0,"LINESTRING (-8.319298979591615 51.95419524504926, -8.319275277009037 51.94869230350283, -8.3192685 51.946897, -8.3158352 51.9454818, -8.311018 51.9436234, -8.3058896 51.941712, -8.3027235 51.9404494, -8.3001625 51.9394824, -8.2956972 51.9376178, -8.2923852 51.9363313, -8.2894316 51.9351902, -8.2854619 51.9336555, -8.2809021 51.9317371, -8.2770339 51.9302592, -8.2731988 51.9286675, -8.2697012 51.9272781, -8.2654955 51.9255447, -8.2622983 51.9242346, -8.2579424 51.922382, -8.2550886 51.9212306, -8.2510331 51.9195565, -8.2469784 51.9178882, -8.2427719 51.9161823, -8.2393494 51.9147389, -8.2351437 51.9130182, -8.2312491 51.9113835, -8.2279124 51.909987, -8.2231703 51.9080808, -8.2194688 51.9065518, -8.2150142 51.9046634, -8.2120445 51.9034672, -8.2080748 51.9029244, -8.2032254 51.9021962, -8.1987836 51.9015872, -8.1956099 51.9011047, -8.1918293 51.9005569, -8.1873038 51.8998793, -8.1855208 51.8972873, -8.1842003 51.8965521, -8.1810596 51.8947948, -8.1768632 51.8924331, -8.1734688 51.8905781, -8.1696656 51.8884251, -8.166396 51.8863407, -8.1629279 51.8840412, -8.159559 51.8818823, -8.1569197 51.8801338, -8.1538513 51.8781734, -8.1505468 51.8760406, -8.1475642 51.8740402, -8.1439443 51.8717794, -8.1415989 51.8702459, -8.1392815 51.8686613, -8.1397107 51.8655873, -8.1403329 51.8624204, -8.1408265 51.8595713, -8.14132 51.8568678, -8.1417277 51.8539653, -8.1422212 51.8515266, -8.1427147 51.8484912, -8.1432297 51.8458136, -8.1436745 51.8431464, -8.1472966 51.8418559, -8.1512422 51.8404886, -8.1552246 51.8390922, -8.159786 51.8375135, -8.1634483 51.8362341, -8.1675521 51.8348163, -8.171468 51.8334704, -8.1741587 51.832495, -8.1769849 51.8315083, -8.1815468 51.82993, -8.1858383 51.8284448, -8.1905574 51.826807, -8.194004 51.8256157, -8.1979807 51.8242147, -8.2019686 51.825588, -8.205375 51.8267717, -8.2091477 51.8280999, -8.2133748 51.8295719, -8.2166793 51.8306593, -8.2196619 51.8316936, -8.22127900272361 51.83227735375052, -8.22723162381624 51.83567296492519)"
way/516752881-220,IE3-220,220.0,491.5560191880474,4556.16,Al/St 240/40 2-bundle 220.0,"LINESTRING (-6.493913099999989 53.41127349528821, -6.48662725007447 53.41010254597783, -6.4865279 53.4101098, -6.4812008 53.4104848, -6.4768726 53.4108021, -6.4727939 53.4110796, -6.4688197 53.4113703, -6.4640082 53.4117223, -6.4599014 53.4120194, -6.4561196 53.4122893, -6.4513626 53.4126019, -6.4493302 53.4128656, -6.444612 53.4134587, -6.4423315 53.4137512, -6.4402432 53.4140605, -6.4371195 53.4144145, -6.435259757938569 53.414656014849534, -6.426750343141175 53.416789933665505)"
way/79803767-220,IE11-220,220.0,983.1120383760948,6741.84,Al/St 240/40 2-bundle 220.0,"LINESTRING (-8.369570091759948 51.82680750460372, -8.369516657775387 51.83192250305117, -8.3663668 51.8345981, -8.3639067 51.8376321, -8.3618773 51.8401099, -8.3595223 51.8431062, -8.3578808 51.8451608, -8.3552517 51.8483924, -8.3532347 51.8509768, -8.3513035 51.8533629, -8.3499517 51.8550657, -8.3449306 51.8548142, -8.3413654 51.8541687, -8.3366919 51.8533165, -8.3335757 51.8535472, -8.3259971 51.8541323, -8.3218933 51.854447, -8.3186857 51.8564341, -8.3154936 51.8588505, -8.314235525066065 51.85980427180986, -8.309662199999995 51.863287394674956)"
way/88462768-220,IE7-220,220.0,983.1120383760948,1183.27,Al/St 240/40 2-bundle 220.0,"LINESTRING (-6.608234499999992 53.35849689526893, -6.6056668358665895 53.35429203444072, -6.605539200257915 53.35408252170805, -6.601984978174334 53.34857593005784)"
way/208124159-220,way/516651650-220,220.0,983.1120383760948,2277.79,Al/St 240/40 2-bundle 220.0,"LINESTRING (-9.396376812418657 52.58018536321414, -9.383270855088323 52.58155271828049, -9.382855 52.5817452, -9.3793306 52.5832574, -9.3756238 52.584936, -9.373822991921982 52.58570371545236, -9.366318764319763 52.58848138868712)"
way/266025855-220,way/88462768-220,220.0,491.5560191880474,51345.57,Al/St 240/40 2-bundle 220.0,"LINESTRING (-6.601984978174334 53.34857593005784, -6.61695421528582 53.34357471579314, -6.6203249 53.3438567, -6.6245711 53.3429121, -6.6281327 53.3410274, -6.6311854 53.3394039, -6.6343685 53.3377126, -6.6378696 53.3358594, -6.6415086 53.3339299, -6.6453318 53.3318928, -6.6488759 53.3300162, -6.6525017 53.3280804, -6.6557311 53.3263489, -6.6591687 53.32453, -6.6629826 53.3224914, -6.6666899 53.3205321, -6.6700706 53.3187469, -6.6713174 53.3162824, -6.6727615 53.3134098, -6.6742506 53.3104674, -6.6755394 53.3078818, -6.6789329 53.3066215, -6.6818379 53.3055465, -6.6853204 53.3042481, -6.6896608 53.3026393, -6.6936639 53.3011584, -6.6967924 53.2999892, -6.6968166 53.2980746, -6.6968583 53.2954612, -6.696886 53.2932428, -6.696936 53.2905899, -6.6994115 53.2887424, -6.7025404 53.2864719, -6.7056197 53.2841771, -6.704563 53.2824853, -6.7033741 53.2805487, -6.7021613 53.2785467, -6.7038383 53.2760391, -6.7053125 53.2738713, -6.7073628 53.2707072, -6.7093279 53.2677263, -6.7105792 53.2658525, -6.7124121 53.2631009, -6.7143501 53.2601919, -6.7157675 53.2580782, -6.7173523 53.2556779, -6.7191083 53.2530407, -6.7207528 53.2505686, -6.7208527 53.2480763, -6.7209775 53.2455155, -6.7210812 53.242877, -6.7211967 53.2402084, -6.7213196 53.2374724, -6.7189974 53.2352265, -6.7163187 53.2325747, -6.7137955 53.2300847, -6.7113637 53.227715, -6.7090784 53.2254698, -6.7067274 53.2231479, -6.703955 53.2204238, -6.7028137 53.2175028, -6.7016309 53.2144374, -6.7004189 53.2113961, -6.6992764 53.208537, -6.6982245 53.20589, -6.6972088 53.2033186, -6.6961452 53.2006201, -6.6950851 53.1979202, -6.6941691 53.195596, -6.6932554 53.1932875, -6.692154 53.1904765, -6.6903857 53.1880462, -6.6883408 53.185247, -6.6866224 53.1828696, -6.6846013 53.1801198, -6.6827876 53.1776464, -6.6806147 53.1746543, -6.6785308 53.1717996, -6.6767166 53.1693013, -6.6753121 53.167393, -6.6738958 53.1654409, -6.6723276 53.1633054, -6.6684033 53.1625856, -6.6637942 53.1617406, -6.6595892 53.1609626, -6.6559983 53.160297, -6.6520211 53.1595614, -6.6474083 53.1587165, -6.6432279 53.1579526, -6.6384246 53.1570648, -6.6332753 53.1561323, -6.6286865 53.1552886, -6.6264147 53.1532893, -6.6236344 53.1508204, -6.6211743 53.1486502, -6.6187801 53.1465259, -6.615842 53.143916, -6.6128581 53.1413179, -6.6104671 53.139172, -6.6087643 53.1376706, -6.6056177 53.1348735, -6.6036739 53.1331329, -6.6049417 53.1315246, -6.6064377 53.129621, -6.6077359 53.1280421, -6.6103795 53.1247642, -6.6123108 53.1223498, -6.6117853 53.1197264, -6.6112611 53.1172391, -6.6108149 53.1149569, -6.610226 53.1120383, -6.6095813 53.1088251, -6.6089573 53.1056496, -6.60833 53.1024514, -6.607743 53.0995949, -6.604028 53.0982117, -6.6002085 53.0968073, -6.5954481 53.0950734, -6.5925374 53.0940177, -6.5899749 53.0930715, -6.5883549 53.0915869, -6.5859454 53.0893916, -6.5834471 53.0871041, -6.5809101 53.0847837, -6.5774328 53.0816008, -6.5757345 53.0800311, -6.5704038 53.0784879, -6.5661772 53.0772904, -6.5625117 53.0762076, -6.5578485 53.0748503, -6.5535799 53.0735778, -6.5498433 53.0724978, -6.5457797 53.0713222, -6.543056 53.0705276, -6.5409562 53.0680782, -6.5392043 53.0660088, -6.5371443 53.0635783, -6.535345 53.0614756, -6.5335487 53.0593597, -6.5313401 53.0567713, -6.5288509 53.0538418, -6.5252031 53.0535581, -6.51927 53.0531131, -6.515806 53.0528468, -6.5098442 53.0524009, -6.5040888 53.0519587, -6.4993606 53.0515957, -6.4958812 53.0513332, -6.4923514 53.0510752, -6.4889611 53.0507979, -6.4847232 53.0518556, -6.4803566 53.0529261, -6.4764545 53.0538915, -6.4723302 53.054916, -6.4682362 53.0559357, -6.4638234 53.0557764, -6.4582123 53.0555958, -6.4537169 53.0554604, -6.450089 53.0553499, -6.4442895 53.0551812, -6.4399978 53.0550459, -6.4359269 53.0549238, -6.4329244 53.0538557, -6.4289195 53.0524424, -6.4251737 53.0511047, -6.4217282 53.0498776, -6.4181186 53.0485858, -6.4145292 53.0473061, -6.412426519024674 53.046564751585926, -6.406139434602815 53.043936066066564)"
way/516752881-220,IE2-220,220.0,491.5560191880474,3108.41,Al/St 240/40 2-bundle 220.0,"LINESTRING (-6.426750343141175 53.416789933665505, -6.417595763711365 53.41557594866296, -6.4175651 53.4155691, -6.41325 53.4146416, -6.4105694 53.4140568, -6.4086476 53.4143476, -6.407167 53.4160075, -6.4050328 53.4183853, -6.4032362 53.418608, -6.3982505 53.419229, -6.3984823 53.4199953, -6.3978501 53.4205691, -6.3958381 53.4208342, -6.395640958425941 53.42164082261381, -6.388879500000005 53.42361799529273)"
IE10-220,way/547590959-220,220.0,983.1120383760948,1534.63,Al/St 240/40 2-bundle 220.0,"LINESTRING (-9.079780646718234 52.00600683265695, -9.072352996432533 52.008829694252995, -9.0697778 52.0095881, -9.066549610217804 52.010498009387575, -9.059683200000002 52.01205229473821)"
way/285823895-220,way/1231460605-220,220.0,983.1120383760948,6234.56,Al/St 240/40 2-bundle 220.0,"LINESTRING (-6.429256155575184 53.33733677988563, -6.4214143803789066 53.33766199891296, -6.4184793 53.3377697, -6.4141566 53.3379433, -6.4101709 53.3380897, -6.4051777 53.3382726, -6.3995748 53.3384678, -6.3948772 53.3368307, -6.3918275 53.335732, -6.3901116 53.335141, -6.3869684 53.333996, -6.3837163 53.3328463, -6.3800148 53.3315189, -6.3744159 53.3317773, -6.3699294 53.3319811, -6.3654102 53.3322059, -6.3618412 53.3323679, -6.3578957 53.3325569, -6.3532941 53.3327592, -6.3507057 53.332191, -6.348198371333466 53.332486196319394, -6.339155981433424 53.33377632408643)"
way/266025855-220,way/288283900-220,220.0,491.5560191880474,1638.89,Al/St 240/40 2-bundle 220.0,"LINESTRING (-6.406139434602815 53.043936066066564, -6.399459160575842 53.04166925247716, -6.3988618 53.0414834, -6.3984908 53.0413454, -6.3976203 53.0409366, -6.3965591 53.0402125, -6.395714 53.039846, -6.3947305 53.0391953, -6.3949341 53.0387477, -6.3950321 53.0384839, -6.3950793 53.0383215, -6.395091284685018 53.038235339832035, -6.396499757471561 53.03300129813359)"
way/255668124-220,way/35150701-220,220.0,491.5560191880474,1248.34,Al/St 240/40 2-bundle 220.0,"LINESTRING (-6.21247702776404 53.250217924651956, -6.205899900927367 53.252578097718235, -6.2051095 53.2528518, -6.204638393494067 53.25302973908035, -6.196615495066113 53.256186057904344)"
way/887405637-220,IE5-220,220.0,983.1120383760948,1956.61,Al/St 240/40 2-bundle 220.0,"LINESTRING (-6.524348599999992 53.398012995283366, -6.522685062387962 53.39364890377252, -6.5221701 53.3933414, -6.5217705 53.3926617, -6.5221159 53.3917171, -6.5221128 53.3915449, -6.5211316 53.3910009, -6.520865 53.3906207, -6.5224497 53.3895287, -6.5230629 53.3886603, -6.5239182 53.3881787, -6.5257399 53.387244, -6.525718579941475 53.38719857157579, -6.524264704035136 53.38229389323707)"
way/27144164-220,way/714018181-220,220.0,491.5560191880474,9146.55,Al/St 240/40 2-bundle 220.0,"LINESTRING (-6.314633292765662 53.405574384290084, -6.305365239391574 53.4063347169136, -6.3049081 53.4064409, -6.3037386 53.4066871, -6.3024887 53.4069366, -6.3003752 53.407266, -6.3000372 53.4067351, -6.2998494 53.4065976, -6.2996885 53.4065496, -6.2988839 53.406847, -6.2984493 53.4069814, -6.297988 53.4070901, -6.2976769 53.407138, -6.2973013 53.4071796, -6.2968561 53.4071924, -6.296384 53.4071732, -6.2959763 53.4071349, -6.295633 53.4070709, -6.2951127 53.4069782, -6.294013 53.4067287, -6.2934068 53.4066264, -6.29316 53.4066072, -6.2928489 53.4066168, -6.2925217 53.4066264, -6.2918243 53.406668, -6.2915507 53.4066871, -6.2911001 53.4066935, -6.2907353 53.4066903, -6.2904134 53.4066552, -6.2903402 53.4066439, -6.2900435 53.4065979, -6.2900004 53.4065912, -6.2889919 53.4064326, -6.288628 53.4063753, -6.2885573 53.4063642, -6.2882622 53.4063345, -6.28785 53.4062931, -6.287582 53.4062662, -6.2875703 53.406265, -6.2867978 53.4062107, -6.2864366 53.4062148, -6.2862399 53.4062171, -6.2858781 53.4062356, -6.2855533 53.4062522, -6.284931 53.4062043, -6.2841263 53.4060795, -6.2829354 53.4059101, -6.2824258 53.4059005, -6.2817821 53.4059164, -6.2811062 53.4059612, -6.2801835 53.4060348, -6.2792018 53.4060955, -6.2783006 53.4061435, -6.27417 53.4063098, -6.2733117 53.406329, -6.2693474 53.4065273, -6.2692025 53.4065017, -6.269106 53.4064473, -6.2690523 53.4063738, -6.2689343 53.4053888, -6.2689236 53.4052769, -6.2688377 53.4051681, -6.26865 53.4051106, -6.2652221 53.4052801, -6.2651453 53.4039303, -6.263536 53.4038983, -6.2631604 53.4038279, -6.2627581 53.4037959, -6.2623826 53.4037224, -6.2614385 53.4035081, -6.2608537 53.4033482, -6.2603817 53.4032491, -6.2595877 53.4031211, -6.2591103 53.4030987, -6.2583164 53.4030668, -6.2553123 53.4033514, -6.2547866 53.4034345, -6.2544379 53.4035401, -6.2540678 53.4037224, -6.2537995 53.4039303, -6.2535099 53.4042277, -6.2531934 53.4044675, -6.2527374 53.404733, -6.2522546 53.4049217, -6.2515679 53.4050816, -6.2510154 53.4051935, -6.2504682 53.4053406, -6.2500552 53.4054237, -6.249685 53.4054589, -6.2491861 53.4054525, -6.2487784 53.4053918, -6.2484297 53.4052958, -6.2480489 53.4051295, -6.2477163 53.4049344, -6.2472067 53.4045987, -6.2468419 53.4044132, -6.2462089 53.4041893, -6.2456563 53.4040678, -6.2449214 53.4040326, -6.2441007 53.4040646, -6.2435213 53.4040806, -6.2430278 53.4040326, -6.2411878 53.4037831, -6.2406728 53.4036808, -6.238704 53.4036808, -6.2371591 53.4034889, -6.2347343 53.402926, -6.2322131 53.4029548, -6.2314441 53.4025699, -6.2306643 53.4022097, -6.2290052 53.4017235, -6.227487 53.4012981, -6.2261084 53.4006873, -6.225425 53.4004194, -6.2232149 53.3998005, -6.2205058 53.3990761, -6.2199828 53.3989577, -6.2194383 53.398857, -6.2194115 53.3988474, -6.2192854 53.3988858, -6.219205 53.3989305, -6.2189716 53.3997254, -6.2187275 53.4008128, -6.2185934 53.4013501, -6.2182501 53.4027797, -6.2179551 53.4037712, -6.2177995 53.4044124, -6.21766 53.4048761, -6.2175447 53.4051975, -6.2173274 53.4056404, -6.2169224 53.4065406, -6.2162411 53.4064495, -6.216166 53.4066606, -6.2159622 53.4069228, -6.215415 53.4074121, -6.2148356 53.4079045, -6.2146908 53.4080996, -6.214605 53.4083266, -6.2144494 53.4091325, -6.2142724 53.4100022, -6.2117136 53.4094363, -6.210811660713031 53.40924234559143, -6.202528662481485 53.40976599047238)"
way/27144164-220,IE6-220,220.0,491.5560191880474,6718.45,Al/St 240/40 2-bundle 220.0,"LINESTRING (-6.314633292765662 53.405574384290084, -6.308813747767111 53.40097860294563, -6.3084271 53.4005012, -6.3069733 53.3986973, -6.3057637 53.3971796, -6.3054793 53.3967286, -6.3053505 53.3963535, -6.3051332 53.3958704, -6.3050984 53.395613, -6.3050528 53.3946629, -6.3050098 53.3942647, -6.3048972 53.3937832, -6.3047309 53.393329, -6.3044761 53.392846, -6.3041006 53.3923053, -6.3036982 53.3918383, -6.3031242 53.3912881, -6.3016222 53.3900644, -6.2993557 53.3882232, -6.2983097 53.387361, -6.2975882 53.3868395, -6.2956685 53.3853806, -6.2919456 53.3824753, -6.2909693 53.3829297, -6.2902183 53.3827249, -6.2886733 53.3818226, -6.2878365 53.3814834, -6.286553 53.3813486, -6.2860916 53.3812266, -6.2856578 53.3808162, -6.2856606 53.3802114, -6.2855998 53.380129, -6.2844946 53.3801207, -6.2825936 53.3800087, -6.2822768 53.3799724, -6.2820696 53.3799246, -6.2811854 53.379857, -6.2761706 53.3795356, -6.2707717 53.379178, -6.2684839 53.3790297, -6.2671715 53.3788994, -6.2669781 53.3788582, -6.2658517 53.3786901, -6.2650532 53.3785748, -6.2627213 53.3781611, -6.2610717 53.3778677, -6.2588724 53.3774705, -6.2567698 53.3770979, -6.2543273 53.3766595, -6.2503348 53.3757744, -6.24781143585162 53.37507742145182, -6.240963599999979 53.37321119527435)"
IE2-220,IE4-220,220.0,491.5560191880474,3593.97,Al/St 240/40 2-bundle 220.0,"LINESTRING (-6.388879500000005 53.42361799529273, -6.381839436773647 53.42200208040379, -6.380588 53.4209905, -6.3716232 53.4189969, -6.3683188 53.4181958, -6.3638503 53.4172458, -6.3641331 53.414642, -6.3633968 53.4142856, -6.3595549 53.4152253, -6.3578683 53.4150798, -6.3568559 53.4147759, -6.356465 53.4146235, -6.355697 53.4145097, -6.354548 53.4143962, -6.3533839 53.4141283, -6.350453087175354 53.41343689007925, -6.3458122999999995 53.409911895287735)"
way/710981639-220,way/1231460605-220,220.0,983.1120383760948,3553.9,Al/St 240/40 2-bundle 220.0,"LINESTRING (-6.449719378257968 53.316694335784085, -6.441440025969438 53.3163929192931, -6.4411856 53.3165545, -6.4408824 53.3167552, -6.4405921 53.3169922, -6.4403166 53.3172467, -6.4401396 53.3174742, -6.4400269 53.3177306, -6.4399733 53.3179197, -6.439877 53.3179637, -6.4397635 53.3179592, -6.4396562 53.3179599, -6.4395391 53.3179569, -6.4388682 53.317968, -6.4378909 53.3180409, -6.4364145 53.3181786, -6.4348777 53.3183224, -6.4341855 53.3183769, -6.4330449 53.3184887, -6.43253 53.3185501, -6.4319208 53.318672, -6.4312566 53.3188496, -6.4304622 53.3191246, -6.4296414 53.319413, -6.4295448 53.3194642, -6.4295395 53.3195187, -6.429695 53.3197206, -6.4300545 53.3203967, -6.4304729 53.3211626, -6.4309771 53.3221815, -6.4312346 53.3227391, -6.4315672 53.3236426, -6.4317925 53.3243379, -6.4319535 53.3250749, -6.4320661 53.3256452, -6.4321198 53.3260425, -6.4321573 53.3265455, -6.4321841 53.3269972, -6.4321949 53.3274202, -6.4322861 53.3275836, -6.4324474 53.3277278, -6.4327056 53.3278336, -6.4327373 53.3279827, -6.4326855 53.3280677, -6.4323719 53.328314, -6.43227 53.3285992, -6.4319106 53.3298326, -6.4313044 53.331806, -6.4312829 53.331963, -6.4313573 53.3321056, -6.4315078 53.3322558, -6.4316817 53.3324127, -6.4316837 53.3325569, -6.431613536992186 53.332630767099275, -6.429256155575184 53.33733677988563)"
way/942416227-220,way/710981639-220,220.0,983.1120383760948,3301.13,Al/St 240/40 2-bundle 220.0,"LINESTRING (-6.473226059213352 53.335529728348895, -6.455195435186087 53.3312806650985, -6.4551833 53.3312105, -6.4550404 53.3308208, -6.4548934 53.3302754, -6.4549601 53.3298293, -6.4552009 53.3293876, -6.4555209 53.3290396, -6.4558772 53.3286511, -6.4560771 53.3283781, -6.4565349 53.3275188, -6.456894 53.326879, -6.4571564 53.326471, -6.4574069 53.3261322, -6.4578942 53.3255686, -6.4582639 53.3251737, -6.4585122 53.3248846, -6.4587099 53.3245579, -6.45889 53.3241198, -6.4589606 53.3237204, -6.4589518 53.3231848, -6.4589587 53.3226047, -6.4590118 53.3217203, -6.4591026 53.3214303, -6.459141 53.3213359, -6.4590948 53.3212677, -6.4577986 53.3210987, -6.4568872 53.3209796, -6.4568273 53.3209718, -6.4567468 53.3209616, -6.4562051 53.3208668, -6.455923 53.3207951, -6.4556977 53.320751, -6.45525644251519 53.32061103632635, -6.449719378257968 53.316694335784085)"
way/185902319-220,way/194575030-220,220.0,491.5560191880474,56198.18,Al/St 240/40 2-bundle 220.0,"LINESTRING (-8.38398401667991 54.17775954924994, -8.387078560843523 54.172767952919216, -8.3867818 54.1719128, -8.3856905 54.168835, -8.3852342 54.1675806, -8.384014 54.1642063, -8.3851548 54.1614996, -8.390244 54.1598035, -8.3962062 54.1578053, -8.4014342 54.1560568, -8.4032993 54.1554294, -8.4067615 54.1542733, -8.4108388 54.1529023, -8.4142216 54.1502472, -8.4171085 54.1479638, -8.4186759 54.1451922, -8.4195985 54.1436639, -8.4208584 54.1415777, -8.4222472 54.1392474, -8.4229318 54.1380792, -8.4244873 54.1354559, -8.4260508 54.1328182, -8.427644 54.1302094, -8.4296876 54.126832, -8.4303522 54.1256577, -8.4334573 54.1237393, -8.4374949 54.1212683, -8.4380556 54.1197438, -8.4387052 54.1179775, -8.4396946 54.1151447, -8.4407466 54.1124379, -8.4415722 54.1104179, -8.4427131 54.1072134, -8.4438043 54.1044797, -8.4449832 54.1009665, -8.4463613 54.0974177, -8.4513637 54.09544, -8.4567405 54.0931303, -8.4613634 54.0912045, -8.4659169 54.0893892, -8.469647 54.0878705, -8.470887 54.0865438, -8.4727341 54.084687, -8.4752448 54.0820285, -8.4770037 54.0801384, -8.4793873 54.0776292, -8.4796747 54.074637, -8.4798154 54.0722442, -8.4800532 54.0709833, -8.4803908 54.0670328, -8.4806686 54.063768, -8.4807678 54.0625628, -8.480986 54.0602455, -8.4854587 54.0570932, -8.4882281 54.0552036, -8.4908553 54.0533949, -8.494796 54.0506093, -8.4986044 54.0478607, -8.5009895 54.0462133, -8.5028975 54.0448541, -8.5077798 54.0414931, -8.5090004 54.0406034, -8.5123534 54.0382307, -8.5101648 54.0360308, -8.5082007 54.033971, -8.5054228 54.0310705, -8.5024064 54.0279968, -8.5007089 54.0262992, -8.4973277 54.0228048, -8.4957564 54.0211481, -8.4931189 54.0184363, -8.4906356 54.0158645, -8.4880822 54.0132349, -8.4858936 54.0110337, -8.4843223 54.0093601, -8.4813901 54.0063013, -8.4785 54.0033412, -8.4770129 54.0016508, -8.4744735 53.9990697, -8.4719623 53.9964472, -8.4669677 53.9963977, -8.4625624 53.9963482, -8.4555897 53.9962905, -8.4503988 53.996241, -8.4458672 53.9962245, -8.4411673 53.9961833, -8.4381369 53.9950204, -8.4350785 53.993841, -8.4299717 53.9918615, -8.4255384 53.9901212, -8.4204946 53.988158, -8.4145111 53.9858566, -8.4102742 53.9841984, -8.4070614 53.982928, -8.4028666 53.981245, -8.3992955 53.979901, -8.3962102 53.9786963, -8.392753 53.9773253, -8.386895 53.9750936, -8.3823415 53.9733141, -8.3787751 53.973139, -8.3723629 53.9727802, -8.3672632 53.972512, -8.3627527 53.9722603, -8.3558431 53.9719138, -8.3499507 53.9716291, -8.3490871 53.9701108, -8.3472869 53.9666398, -8.3459129 53.9640197, -8.3446616 53.9616158, -8.3434817 53.9594101, -8.3413688 53.9554145, -8.3353518 53.9548322, -8.3323035 53.954541, -8.328876 53.9542095, -8.3260978 53.9517182, -8.3232834 53.9492415, -8.3178029 53.948502, -8.3110608 53.9476062, -8.3074956 53.9471463, -8.3038232 53.9466473, -8.2975918 53.9458296, -8.2938888 53.9453246, -8.2928621 53.9427693, -8.2913145 53.9390894, -8.2900171 53.9359744, -8.2885717 53.9324202, -8.2870343 53.9287033, -8.2857471 53.9256326, -8.2840054 53.9213947, -8.2832852 53.919605, -8.2819623 53.9164796, -8.2781367 53.9163081, -8.2745256 53.9161246, -8.2676608 53.9157576, -8.2623335 53.9155079, -8.256189 53.915183, -8.2508974 53.9149183, -8.2457234 53.9146716, -8.2432615 53.9122919, -8.2402888 53.9095209, -8.2363814 53.9058471, -8.2332555 53.9029584, -8.2299713 53.8997414, -8.227208 53.8971953, -8.2219318 53.8968011, -8.2170284 53.8964218, -8.2117982 53.8960065, -8.2068182 53.8956484, -8.2021804 53.8930749, -8.1991056 53.8913894, -8.1945598 53.8888548, -8.1900957 53.8863984, -8.1873631 53.8848932, -8.1844313 53.8853899, -8.1804319 53.8860492, -8.1744253 53.8870667, -8.1685719 53.8880601, -8.1629382 53.8890053, -8.1582136 53.889788, -8.1543777 53.8904472, -8.148652 53.8914104, -8.1436107 53.8922623, -8.1379157 53.8932525, -8.1314238 53.8943572, -8.1266788 53.8951517, -8.1207232 53.896145, -8.1166217 53.8968282, -8.1156717 53.8987934, -8.1144203 53.9012973, -8.1128625 53.9040567, -8.1171836 53.9067739, -8.118141906608745 53.907383648514994, -8.123854677688673 53.911673032838166)"
way/194575030-220,way/42998577-220,220.0,491.5560191880474,88377.97,Al/St 240/40 2-bundle 220.0,"LINESTRING (-8.853454733032747 53.308128050008584, -8.845824190647559 53.31155324369037, -8.8432165 53.3127008, -8.8421763 53.3151253, -8.8408678 53.318057, -8.839723 53.320686, -8.8382662 53.3239403, -8.8368558 53.3271046, -8.8353296 53.3305504, -8.8339822 53.3336098, -8.8324142 53.3371303, -8.8309215 53.3404707, -8.8293599 53.3439847, -8.8279762 53.3471672, -8.8263796 53.3506723, -8.8248717 53.3540608, -8.823488 53.3571048, -8.8223172 53.359704, -8.8209423 53.3627688, -8.8195852 53.3658916, -8.8181927 53.3689295, -8.8146979 53.3709247, -8.8104847 53.3733484, -8.8064311 53.3756767, -8.8027235 53.3778356, -8.7981643 53.3804071, -8.7942438 53.3827033, -8.7900833 53.3850644, -8.7858323 53.3875118, -8.7814831 53.3901056, -8.7772568 53.3924501, -8.773135 53.3948676, -8.769243 53.3971003, -8.7663414 53.3989391, -8.7622931 53.401301, -8.7577408 53.4038493, -8.7536577 53.4062368, -8.7498874 53.4083912, -8.745396 53.4109442, -8.7427116 53.4125132, -8.7387762 53.4147553, -8.7348929 53.4170179, -8.7316785 53.4188404, -8.7284902 53.4206783, -8.7237903 53.4233756, -8.7199679 53.4255498, -8.7201764 53.4292043, -8.7203762 53.4326514, -8.7204544 53.4346802, -8.7206455 53.4378682, -8.7193834 53.4405036, -8.7176327 53.444071, -8.7173646 53.4463013, -8.7170243 53.4490089, -8.7165447 53.4523737, -8.716062 53.4560358, -8.7156417 53.4592619, -8.7152836 53.4618296, -8.7149021 53.464907, -8.7144428 53.4680536, -8.7139446 53.4718441, -8.7134931 53.4751338, -8.7131194 53.4782055, -8.7127613 53.4807026, -8.7100678 53.4837091, -8.707421 53.4865903, -8.7053502 53.4888785, -8.7026956 53.4917686, -8.6998464 53.494904, -8.6978146 53.497187, -8.6949887 53.5001924, -8.6923419 53.5031558, -8.6901155 53.5055912, -8.6867291 53.5093089, -8.684814 53.5114569, -8.6821517 53.5143918, -8.6790611 53.5177153, -8.676858 53.5204877, -8.6745537 53.5230008, -8.6724363 53.5253518, -8.6697194 53.5283042, -8.6677067 53.5297336, -8.663958 53.5322732, -8.660001 53.5350024, -8.6562507 53.5375604, -8.6538514 53.5392539, -8.6506779 53.5414025, -8.6469879 53.5439422, -8.6433135 53.5464539, -8.639707 53.5489357, -8.6354942 53.5518281, -8.6318729 53.5542929, -8.6298424 53.557465, -8.6280517 53.5602001, -8.626325 53.5629588, -8.6244864 53.5657078, -8.6224182 53.5689186, -8.6205529 53.5718591, -8.6188797 53.5742959, -8.6172743 53.5768803, -8.6150811 53.5802296, -8.6134984 53.5826391, -8.6117235 53.585431, -8.609892 53.5881959, -8.6080266 53.5910948, -8.6056412 53.5947785, -8.6037007 53.5977724, -8.6012545 53.6015136, -8.5994403 53.6042706, -8.5975194 53.6072904, -8.5921212 53.6086021, -8.5871873 53.6098419, -8.5822766 53.6111711, -8.5780161 53.6122042, -8.5728384 53.6135678, -8.5674285 53.6149177, -8.5627384 53.6160677, -8.557851 53.6173004, -8.5538806 53.6183058, -8.5493763 53.6194144, -8.5471241 53.6219621, -8.5446978 53.6246405, -8.5427707 53.6267679, -8.5397528 53.6301805, -8.5371284 53.6331195, -8.5314396 53.633397, -8.5255948 53.6337134, -8.5205135 53.6339762, -8.5154568 53.6342244, -8.5112621 53.6344337, -8.5061972 53.6346966, -8.5008874 53.6349784, -8.4944303 53.6353033, -8.4891028 53.6355982, -8.4873073 53.6373724, -8.4838259 53.6408408, -8.4810739 53.6435463, -8.4778074 53.6467758, -8.4749811 53.6495665, -8.4720639 53.6524726, -8.4694174 53.6551292, -8.4664013 53.6581176, -8.4631862 53.6613372, -8.4603383 53.6641377, -8.4576635 53.6667379, -8.4544954 53.6699124, -8.4517427 53.6725995, -8.4487996 53.675507, -8.4462114 53.6780399, -8.4428961 53.6813263, -8.4402992 53.6839307, -8.4376158 53.6865759, -8.4349853 53.6891687, -8.4330384 53.6911291, -8.4296452 53.6935893, -8.4258278 53.6964082, -8.4229861 53.6985105, -8.4190216 53.7013239, -8.41536 53.7040551, -8.4128671 53.7061661, -8.4098028 53.7084257, -8.406323 53.7109874, -8.4036482 53.7128778, -8.4007657 53.7150909, -8.3970003 53.7178007, -8.393408 53.7204079, -8.3896252 53.7231891, -8.3868639 53.7251917, -8.3827003 53.7280494, -8.379108 53.730487, -8.3763986 53.7323561, -8.372763 53.7348497, -8.3700277 53.7367186, -8.3659247 53.7395397, -8.3629989 53.741521, -8.3604366 53.7432667, -8.356879 53.7457034, -8.3530789 53.7483038, -8.3495731 53.7506788, -8.3465348 53.7527824, -8.3436783 53.7547375, -8.3399302 53.7573219, -8.3367447 53.7594866, -8.3329966 53.7620606, -8.3293783 53.7645474, -8.325535 53.7671363, -8.3222242 53.7694909, -8.3179287 53.7724528, -8.3145081 53.7748078, -8.3103319 53.7776765, -8.3066456 53.7802229, -8.3036767 53.78235, -8.2991256 53.7853751, -8.2964056 53.7872078, -8.2938634 53.7889828, -8.2904767 53.7912827, -8.2867079 53.7938609, -8.2832856 53.7961921, -8.2792946 53.7989064, -8.2759435 53.8011743, -8.2720324 53.8038463, -8.2688057 53.8060667, -8.2649213 53.8087016, -8.2624324 53.8109375, -8.2587346 53.8141442, -8.2557568 53.8167786, -8.2524502 53.8197068, -8.2505736 53.821366, -8.2476831 53.823908, -8.2445915 53.8266452, -8.2418853 53.8290188, -8.2379852 53.832438, -8.2351366 53.8349571, -8.2327446 53.8370756, -8.2291895 53.8402077, -8.2260839 53.8429559, -8.222942 53.8457413, -8.2193352 53.8489071, -8.2162311 53.8516081, -8.2129343 53.8545186, -8.2094691 53.8575644, -8.2065129 53.86015, -8.2028675 53.8633967, -8.1998253 53.8660579, -8.1944742 53.8672353, -8.1893027 53.8682934, -8.1843071 53.8693731, -8.1783605 53.8706467, -8.1740849 53.8715586, -8.1690983 53.8726487, -8.1630272 53.8739431, -8.1579072 53.8750174, -8.153685 53.875924, -8.1481472 53.8770978, -8.1436673 53.8780672, -8.1387251 53.8791309, -8.1340495 53.8802051, -8.1291251 53.8812688, -8.1230895 53.8825682, -8.1202896 53.8831602, -8.1195813 53.8851708, -8.1184129 53.8884148, -8.1172081 53.8917554, -8.1161492 53.8947354, -8.1148075 53.8985326, -8.1136391 53.9017917, -8.1128625 53.9040567, -8.1171836 53.9067739, -8.118141906608745 53.907383648514994, -8.123854677688673 53.911673032838166)"
way/254158424-220,IE2-220,220.0,491.5560191880474,16423.85,Al/St 240/40 2-bundle 220.0,"LINESTRING (-6.569719535516883 53.474590443711506, -6.559875177886096 53.475023941397716, -6.5581625 53.4749317, -6.5539637 53.4764699, -6.5502919 53.477829, -6.5455736 53.4795597, -6.541034 53.481226, -6.5354161 53.4818486, -6.5298712 53.4824455, -6.524415 53.483029, -6.5193832 53.4835835, -6.5145981 53.484092, -6.5088941 53.484725, -6.5037872 53.485281, -6.4980301 53.4859057, -6.4929962 53.4864457, -6.486771 53.4871247, -6.4830573 53.4859734, -6.4823227 53.4832648, -6.4816079 53.4806737, -6.4810181 53.4783848, -6.4802546 53.4755471, -6.4793621 53.4723679, -6.4786198 53.4695947, -6.4777388 53.4663345, -6.4759666 53.4636951, -6.4743096 53.461232, -6.472726 53.4588634, -6.4708998 53.4562196, -6.4693028 53.4538914, -6.4678895 53.4518029, -6.4661729 53.4492472, -6.4646365 53.4470032, -6.4628073 53.4442837, -6.4608369 53.4413866, -6.4572787 53.4406755, -6.4529506 53.4397844, -6.4482515 53.4388031, -6.4433127 53.4378242, -6.4376685 53.4366966, -6.4331689 53.435768, -6.4293687 53.4349837, -6.4244678 53.4339968, -6.4201419 53.4331224, -6.4165027 53.4320179, -6.4121167 53.4306525, -6.4074733 53.4292411, -6.4032637 53.4279909, -6.3987262 53.4266102, -6.395599206376235 53.42565638813706, -6.388879500000005 53.42361799529273)"
IE2-220,way/183749097-220,220.0,491.5560191880474,1699.62,Al/St 240/40 2-bundle 220.0,"LINESTRING (-6.388879500000005 53.42361799529273, -6.381776060120071 53.422107349089316, -6.3803796 53.421047, -6.3779441 53.4204855, -6.375102213537735 53.4198448614166, -6.364935020332861 53.41937072230031)"
way/254158424-220,way/264275258-220,220.0,491.5560191880474,62252.66,Al/St 240/40 2-bundle 220.0,"LINESTRING (-6.569719535516883 53.474590443711506, -6.559875177886096 53.475023941397716, -6.5581625 53.4749317, -6.5539637 53.4764699, -6.5502919 53.477829, -6.5455736 53.4795597, -6.541034 53.481226, -6.5354161 53.4818486, -6.5298712 53.4824455, -6.524415 53.483029, -6.5193832 53.4835835, -6.5145981 53.484092, -6.5088941 53.484725, -6.5037872 53.485281, -6.4980301 53.4859057, -6.4929962 53.4864457, -6.486771 53.4871247, -6.48388 53.4890883, -6.4847731 53.4922479, -6.484351 53.4954106, -6.4840304 53.4978377, -6.4836223 53.5006022, -6.4831845 53.5035581, -6.4828638 53.5067239, -6.4824037 53.5099156, -6.4820366 53.5128744, -6.4818433 53.5143844, -6.4814175 53.5175683, -6.4809894 53.5206334, -6.4829614 53.5233556, -6.4849355 53.5260293, -6.4863694 53.5279404, -6.4866347 53.5299543, -6.4871431 53.5330636, -6.4876649 53.5365948, -6.4881312 53.5397184, -6.488549 53.5425166, -6.4889867 53.5454237, -6.4894244 53.5483816, -6.489948 53.5515279, -6.4903171 53.5540621, -6.4907462 53.5569072, -6.491244 53.5598846, -6.4917017 53.5624722, -6.4921109 53.5657319, -6.4926431 53.5689381, -6.4971149 53.5709259, -6.5009515 53.5726027, -6.5034835 53.5737036, -6.5058009 53.5746974, -6.5096678 53.5763977, -6.51458 53.5785601, -6.5172848 53.5797608, -6.5206107 53.5812194, -6.521076 53.5837654, -6.521587 53.5868179, -6.522219 53.5901454, -6.522735 53.5929823, -6.5232393 53.5957649, -6.5238186 53.598853, -6.5243969 53.6019949, -6.5249441 53.6049424, -6.5253947 53.6075778, -6.5259 53.6102799, -6.526253 53.6122117, -6.5267691 53.6150853, -6.5270791 53.616966, -6.5275308 53.6193684, -6.5280458 53.6222765, -6.5285275 53.6248886, -6.5290543 53.6277041, -6.5295682 53.630494, -6.5300725 53.6333632, -6.5306314 53.6364008, -6.5311357 53.6392505, -6.5316603 53.642135, -6.5322397 53.6453087, -6.5326914 53.6477604, -6.5331527 53.6503995, -6.5320485 53.6530772, -6.5307718 53.6560593, -6.5294951 53.6590854, -6.5284007 53.6617047, -6.527212 53.6645255, -6.5266514 53.6658718, -6.5255463 53.6684746, -6.5243447 53.6713354, -6.5232503 53.673865, -6.5221882 53.6763753, -6.5210295 53.6791331, -6.5197313 53.6821388, -6.5185833 53.6849219, -6.5182829 53.68726, -6.5179932 53.6891664, -6.5176928 53.6914087, -6.5173066 53.6940009, -6.5170276 53.6960333, -6.5167165 53.6981934, -6.5161908 53.7017754, -6.5159333 53.7036934, -6.5154827 53.707066, -6.5166736 53.7097328, -6.5176284 53.7118858, -6.5191305 53.7151368, -6.5203536 53.7179748, -6.521759 53.7210854, -6.5227354 53.7231933, -6.5237868 53.7254592, -6.5231538 53.7276939, -6.5225959 53.7298837, -6.5218985 53.7326062, -6.52089 53.7364902, -6.5203214 53.7386418, -6.5197635 53.7408116, -6.5189803 53.7437749, -6.519388 53.745856, -6.5199137 53.7488826, -6.520375 53.7512045, -6.5209866 53.7544331, -6.5214893 53.7570497, -6.5218341 53.7588986, -6.5223169 53.7613716, -6.5226495 53.7632365, -6.5231109 53.765551, -6.5236259 53.7683539, -6.524334 53.7719556, -6.5249884 53.7754876, -6.5255034 53.778055, -6.5258789 53.7803436, -6.5263188 53.7823912, -6.5265656 53.7837227, -6.5268981 53.7854466, -6.5275633 53.7890028, -6.527735 53.7898838, -6.5280032 53.7910686, -6.5281749 53.7922918, -6.5284436 53.7936737, -6.5291732 53.7974887, -6.5296453 53.8001118, -6.5302139 53.8028111, -6.5291196 53.8050033, -6.5278316 53.8078416, -6.5268338 53.8099959, -6.5253317 53.8131946, -6.5242803 53.81545, -6.5229714 53.8182559, -6.5223491 53.8196427, -6.5205145 53.8236199, -6.5196884 53.8253678, -6.5189803 53.8268559, -6.5182292 53.828414, -6.5171242 53.8308515, -6.5159655 53.8333652, -6.5151823 53.8350113, -6.5138841 53.8378603, -6.5124464 53.8409119, -6.5111911 53.8436211, -6.5101933 53.8457794, -6.5085733 53.8492352, -6.5075433 53.851444, -6.5065885 53.8535261, -6.5067279 53.8558549, -6.5069103 53.8584999, -6.5070927 53.8615374, -6.5072 53.8640679, -6.5074039 53.8674656, -6.5076077 53.8707485, -6.5077794 53.8734432, -6.507951 53.8759893, -6.5081012 53.8787121, -6.5082943 53.8818615, -6.5085411 53.8853459, -6.508702 53.8881349, -6.5088201 53.8905246, -6.5089595 53.8926367, -6.5090454 53.8944699, -6.5092707 53.8975297, -6.5094531 53.9005704, -6.5096676 53.9038513, -6.5098715 53.9073842, -6.5100431 53.9104241, -6.5102148 53.9131103, -6.5103543 53.9152143, -6.5131652 53.9169267, -6.5166414 53.918955, -6.5193987 53.9205915, -6.5231431 53.9228344, -6.5269303 53.9250709, -6.5299564 53.9268524, -6.5335184 53.9289939, -6.5375417 53.9314322, -6.5412107 53.933141, -6.5467792 53.9357715, -6.548528 53.9387399, -6.5499657 53.9411461, -6.5516716 53.9443418, -6.5531414 53.9467918, -6.5540748 53.9484205, -6.5557485 53.9512113, -6.5573364 53.954027, -6.5592461 53.9572656, -6.5600079 53.9585786, -6.5612524 53.9609019, -6.562118245006207 53.96232737962948, -6.565873230637978 53.96725467084371)"
way/194575030-220,way/264275258-220,220.0,491.5560191880474,109995.73,Al/St 240/40 2-bundle 220.0,"LINESTRING (-8.123854677688673 53.911673032838166, -8.116086179226315 53.90907495424241, -8.115388 53.9087609, -8.1123363 53.9073182, -8.106557 53.907116, -8.1015941 53.9069407, -8.0967646 53.9067609, -8.0910159 53.9065474, -8.0853739 53.9063541, -8.0789652 53.9061069, -8.0738917 53.9059272, -8.0681467 53.9057182, -8.0618067 53.9054777, -8.0560922 53.9052754, -8.0511446 53.9050979, -8.0466508 53.9036776, -8.0411615 53.9020122, -8.0378503 53.9009963, -8.0342569 53.8998972, -8.0300912 53.8986341, -8.0263833 53.8974945, -8.021592 53.8960289, -8.0165566 53.8945071, -8.0130128 53.8934281, -8.0079316 53.891859, -8.0031937 53.8919152, -7.9963544 53.891988, -7.99121 53.892066, -7.9883862 53.8920764, -7.9829594 53.8921493, -7.9790679 53.8921857, -7.9722468 53.8922689, -7.9668906 53.8923209, -7.9613225 53.8923833, -7.9566546 53.8924405, -7.9510865 53.8924873, -7.9462244 53.8925445, -7.9405505 53.8926121, -7.9359795 53.8926381, -7.933812 53.893758, -7.9319204 53.8947076, -7.9289136 53.8962163, -7.9275613 53.8968915, -7.9230786 53.8991636, -7.9183489 53.9015867, -7.9142749 53.9036443, -7.9101158 53.9057449, -7.9064538 53.9075852, -7.9027829 53.9094617, -7.8982385 53.9117487, -7.8954986 53.9131287, -7.8903188 53.9129468, -7.8861979 53.9128064, -7.8813887 53.9126349, -7.876306 53.9124842, -7.8698909 53.9122555, -7.86592 53.9121048, -7.8601137 53.911902, -7.8538221 53.9116733, -7.8494012 53.9115434, -7.8430919 53.9112731, -7.8380886 53.9111328, -7.8330765 53.9109405, -7.825823 53.9106806, -7.8211992 53.9105142, -7.8157546 53.9103271, -7.8094013 53.9101088, -7.804045 53.9099061, -7.7991388 53.9097502, -7.7931472 53.909511, -7.7896528 53.9094123, -7.7833259 53.9091784, -7.7776343 53.9089705, -7.7715986 53.9087729, -7.7656599 53.9085442, -7.7594212 53.9083155, -7.7541091 53.9081388, -7.7491764 53.907936, -7.7430083 53.9077229, -7.7385697 53.907541, -7.7341312 53.9076293, -7.7291102 53.9077385, -7.7239746 53.9078321, -7.7210891 53.9078892, -7.7170211 53.9084195, -7.7123532 53.9090744, -7.7059204 53.9099425, -7.7007229 53.910639, -7.6960373 53.9112679, -7.6895604 53.9121463, -7.6846188 53.9128116, -7.680295 53.913399, -7.6760241 53.9139707, -7.6716297 53.9145736, -7.6673235 53.9140278, -7.6611201 53.9132066, -7.6555344 53.9124842, -7.6492604 53.9116682, -7.6441865 53.9110028, -7.6393156 53.9103895, -7.6324504 53.9100049, -7.6272795 53.9097502, -7.6216849 53.9094435, -7.6156227 53.9091472, -7.6096833 53.9088316, -7.6035484 53.9085218, -7.5975044 53.9081853, -7.5919148 53.9079061, -7.589318 53.9077722, -7.5816575 53.9073592, -7.578405 53.9071871, -7.5733542 53.9069309, -7.5681801 53.906667, -7.5626749 53.9063763, -7.5566179 53.9060512, -7.55171 53.9057759, -7.5462762 53.9054699, -7.5417578 53.9052481, -7.5368044 53.9049765, -7.534766 53.905229, -7.5317083 53.9056038, -7.5274041 53.9061277, -7.521438 53.9068582, -7.5158094 53.9075695, -7.5116026 53.9080438, -7.5066428 53.9086442, -7.4997093 53.9095123, -7.4967036 53.9098679, -7.4934316 53.9102847, -7.4903674 53.910648, -7.4851933 53.9112675, -7.4785455 53.912082, -7.4738399 53.9126371, -7.4685559 53.9132837, -7.4644275 53.9137941, -7.4615018 53.9136859, -7.4553081 53.9134486, -7.4504673 53.913257, -7.4441923 53.9130184, -7.4400089 53.9128502, -7.4341721 53.9126194, -7.42799 53.9123809, -7.4222461 53.9121657, -7.4163031 53.9119545, -7.4102272 53.9117159, -7.4041182 53.9114852, -7.4002137 53.9113248, -7.3948151 53.9111175, -7.3879823 53.9108633, -7.3838852 53.9106951, -7.3783473 53.9087041, -7.3739381 53.9071238, -7.369177 53.9054026, -7.3644359 53.9037204, -7.3592498 53.9018582, -7.3555777 53.9005554, -7.3504979 53.8987322, -7.3455775 53.8991939, -7.3388177 53.8998277, -7.3338441 53.9002776, -7.3292889 53.9007002, -7.3245278 53.9011423, -7.3179406 53.9017448, -7.3137108 53.902136, -7.3062405 53.9028324, -7.303166 53.9030984, -7.2984979 53.9035287, -7.2965855 53.9037126, -7.2914592 53.9037204, -7.2856755 53.9037361, -7.2797922 53.9037361, -7.2745464 53.9037439, -7.2701107 53.9037556, -7.2636298 53.9037674, -7.2580852 53.903783, -7.2514313 53.9037808, -7.2461781 53.9037751, -7.2414915 53.9037808, -7.2360078 53.9037921, -7.2294196 53.9038034, -7.2243873 53.9038148, -7.2213525 53.9038148, -7.2137367 53.9038261, -7.2093862 53.9038317, -7.2034703 53.9038317, -7.1990526 53.9038317, -7.192839 53.9038374, -7.1893433 53.9038487, -7.1849832 53.9022588, -7.1807767 53.900748, -7.1763494 53.8991693, -7.1719989 53.8976075, -7.1686617 53.8963626, -7.1625476 53.8971413, -7.1573362 53.8977981, -7.1532355 53.8983159, -7.1497253 53.8987544, -7.1438478 53.8984545, -7.1388251 53.8981999, -7.1320304 53.8978434, -7.1284723 53.8976595, -7.1231182 53.8973879, -7.1162659 53.8970314, -7.1132696 53.8968729, -7.1061148 53.8965107, -7.1023324 53.8963075, -7.0967146 53.8960124, -7.0911359 53.895723, -7.0848649 53.895396, -7.0805386 53.895179, -7.074572 53.8948607, -7.070555 53.894661, -7.0647456 53.8943571, -7.0586219 53.8940273, -7.0529696 53.8937292, -7.0473665 53.8934311, -7.0439879 53.8932604, -7.0406191 53.8924038, -7.0360759 53.8912632, -7.0295914 53.8896601, -7.0261397 53.8887978, -7.0220345 53.8877848, -7.0182987 53.8868513, -7.0129293 53.8873495, -7.0078201 53.8878283, -7.0011022 53.8884336, -6.9957921 53.8889067, -6.9904598 53.8894063, -6.9845268 53.8899371, -6.9783899 53.8905124, -6.9731006 53.8909803, -6.967704 53.8915181, -6.9612091 53.8921146, -6.9557622 53.8925929, -6.9492391 53.8931553, -6.9450978 53.8935852, -6.939905 53.8940151, -6.9336394 53.8945908, -6.9284144 53.8950649, -6.9228891 53.8955644, -6.9172564 53.8961397, -6.9132331 53.8964874, -6.9103471 53.896734, -6.9056371 53.8971825, -6.9005624 53.897625, -6.8947473 53.8981437, -6.8898764 53.8965946, -6.8845979 53.8948816, -6.8796841 53.8933323, -6.8751452 53.8919036, -6.8701885 53.8903166, -6.8659399 53.8889382, -6.8613479 53.8874712, -6.8574641 53.8862192, -6.8513594 53.8842652, -6.8476687 53.8831016, -6.8414138 53.8810842, -6.837487 53.879813, -6.8303094 53.8797434, -6.8266402 53.8796991, -6.8205676 53.8796485, -6.8147955 53.8795727, -6.8104825 53.8795474, -6.8063412 53.8794904, -6.8009446 53.8794398, -6.7942927 53.8793576, -6.790999 53.879307, -6.7860852 53.8792501, -6.7801843 53.8791805, -6.7750988 53.8791236, -6.7685238 53.8791346, -6.762868 53.8789971, -6.7562697 53.8789212, -6.7499504 53.8779978, -6.7446826 53.8772705, -6.740391 53.8766443, -6.7364321 53.8761067, -6.7318187 53.8754552, -6.7257784 53.8745823, -6.7210684 53.8758094, -6.716337 53.8770238, -6.7112837 53.8783267, -6.7067669 53.8794715, -6.7026792 53.8805403, -6.6983555 53.8816723, -6.6927979 53.8830952, -6.6879485 53.884341, -6.6843865 53.885258, -6.6789363 53.8876988, -6.6751919 53.8893239, -6.6700206 53.8916317, -6.6655789 53.8936043, -6.6608796 53.8956717, -6.6578863 53.8969361, -6.6535518 53.8989211, -6.6507945 53.9001664, -6.6464172 53.9021007, -6.6420505 53.9040412, -6.6366432 53.9063925, -6.6321907 53.9083771, -6.6274806 53.9104627, -6.6221162 53.9128263, -6.6193375 53.9140649, -6.6152627 53.9158421, -6.6126663 53.9182686, -6.6094669 53.9213314, -6.6063878 53.9242313, -6.6038343 53.9266762, -6.6007337 53.9296074, -6.5982446 53.9318435, -6.5952512 53.9348185, -6.5922579 53.9375975, -6.5893203 53.9403905, -6.5861859 53.9433318, -6.5830531 53.946287, -6.5796628 53.9494693, -6.5766694 53.9523294, -6.574438 53.9544444, -6.5714447 53.9572978, -6.5688484 53.9596142, -6.5673786 53.96087, -6.567201165805846 53.961962194387205, -6.565873230637978 53.96725467084371)"
way/264852019-220,way/264275258-220,220.0,491.5560191880474,32355.82,Al/St 240/40 2-bundle 220.0,"LINESTRING (-6.644208043451297 53.700933987627394, -6.646789437601465 53.706093900146996, -6.6471433 53.7083294, -6.6476344 53.7113751, -6.647986 53.7135082, -6.6484505 53.7163159, -6.6486806 53.7177853, -6.6492324 53.7212296, -6.6497262 53.7242265, -6.6500626 53.7262378, -6.6469 53.729461, -6.6450011 53.731394, -6.6432415 53.7331647, -6.6399907 53.7364775, -6.6384565 53.7380323, -6.6368901 53.739606, -6.6341542 53.742398, -6.6329311 53.7436861, -6.630839 53.7457545, -6.6280817 53.7485397, -6.6266456 53.7499941, -6.6242638 53.7524048, -6.6216766 53.7550167, -6.6200243 53.7567294, -6.6181468 53.7586069, -6.6151872 53.7616275, -6.613469 53.7633383, -6.6141251 53.764881, -6.6151749 53.7674034, -6.6164194 53.7705106, -6.6174939 53.7730675, -6.6183952 53.7752676, -6.6196381 53.7783346, -6.6206466 53.7808007, -6.6214727 53.78288, -6.6227618 53.7859306, -6.6239082 53.7888193, -6.6250685 53.7916286, -6.6259145 53.7936741, -6.6270839 53.7965892, -6.6283714 53.7996816, -6.6295746 53.8026296, -6.6306673 53.8053524, -6.6316329 53.8077409, -6.6328024 53.810522, -6.6341344 53.8137163, -6.6349696 53.8158177, -6.6353666 53.8176482, -6.6355597 53.8187819, -6.6362785 53.8221893, -6.6366111 53.8238992, -6.6370081 53.826008, -6.6372886 53.8273394, -6.6380273 53.8307572, -6.6384672 53.8329796, -6.6391233 53.8362988, -6.6394129 53.8377676, -6.6399494 53.8403378, -6.6406344 53.8438178, -6.6412154 53.8466298, -6.6415893 53.8484194, -6.6422024 53.8517373, -6.6426745 53.8536739, -6.6431251 53.8560469, -6.6434255 53.8574328, -6.6438869 53.8598563, -6.6441749 53.8612657, -6.6448847 53.8644434, -6.6454962 53.8676383, -6.6457843 53.8690538, -6.6461061 53.8706037, -6.6463636 53.8717866, -6.6467606 53.8738044, -6.6470395 53.8753098, -6.6439496 53.8773654, -6.6404322 53.8797324, -6.6375123 53.8816218, -6.6348301 53.8834368, -6.63159 53.885315, -6.6278564 53.8874776, -6.6243802 53.8895136, -6.6207324 53.8915685, -6.6171812 53.8936297, -6.6138767 53.8955643, -6.6096512 53.8980377, -6.6060033 53.9001238, -6.602472 53.9021703, -6.6003171 53.9045928, -6.5978602 53.9072095, -6.5955519 53.9097233, -6.5931824 53.9122212, -6.5909385 53.9146462, -6.5880433 53.9177694, -6.5856615 53.920322, -6.5832781 53.9229362, -6.5809714 53.9253622, -6.5782586 53.9283139, -6.5762834 53.9304222, -6.5742675 53.9326473, -6.5734521 53.9358559, -6.5728073 53.938589, -6.5719071 53.9421587, -6.5712312 53.9449688, -6.5704694 53.948025, -6.5701368 53.949332, -6.5697077 53.9511188, -6.5692238 53.9530744, -6.5683553 53.9566164, -6.5676146 53.959456, -6.5673786 53.96087, -6.567201165805846 53.961962194387205, -6.565873230637978 53.96725467084371)"
way/207339053-400,way/88144450-400,400.0,1787.4764334110816,208103.89,Al/St 240/40 4-bundle 380.0,"LINESTRING (-9.421494022845236 52.61054389443043, -9.419076900929578 52.615225569978854, -9.4177185 52.6158719, -9.4129531 52.6181521, -9.4086075 52.6202729, -9.4039974 52.6224777, -9.3994671 52.6246569, -9.3950417 52.6267621, -9.3903308 52.6290176, -9.3861741 52.6309977, -9.3816858 52.6331459, -9.3771009 52.6353424, -9.3732507 52.6371847, -9.3691906 52.6391109, -9.3656596 52.6404256, -9.3616592 52.6419023, -9.357426 52.643465, -9.3532316 52.6450139, -9.3485039 52.6467437, -9.3436167 52.6485549, -9.3386371 52.6503915, -9.3333174 52.6523222, -9.3289928 52.6539269, -9.3242525 52.6556766, -9.3192309 52.6575155, -9.3151456 52.6590868, -9.3110561 52.6613228, -9.3060723 52.6640985, -9.3023985 52.666133, -9.2983174 52.6684017, -9.2940684 52.6707543, -9.2897606 52.6731322, -9.285944 52.6752555, -9.2817958 52.6775593, -9.2775971 52.6798783, -9.2730752 52.6823805, -9.2695105 52.6843531, -9.2646191 52.6854756, -9.2603575 52.6864809, -9.2541141 52.6878552, -9.2489203 52.6890692, -9.2435503 52.6903137, -9.2390325 52.6913596, -9.2342671 52.6924488, -9.2293672 52.6935787, -9.2261595 52.6953777, -9.2224773 52.6974006, -9.2186775 52.699482, -9.2150079 52.7014843, -9.2114222 52.7034256, -9.2073369 52.7056491, -9.2034868 52.7077351, -9.1993217 52.7100144, -9.1950391 52.7123393, -9.1911595 52.7144352, -9.1863605 52.7147353, -9.1817504 52.7150176, -9.1764517 52.7153432, -9.1709515 52.7156764, -9.1654218 52.7160248, -9.1600056 52.7163504, -9.1546271 52.716681, -9.1491899 52.7170091, -9.143719 52.7173423, -9.1385967 52.7176602, -9.1342553 52.7193947, -9.1298803 52.7211418, -9.1254003 52.7229652, -9.1200345 52.7251419, -9.1154579 52.7270084, -9.1106582 52.728936, -9.1059593 52.7308402, -9.102079 52.7324133, -9.0978224 52.7341517, -9.0933898 52.735917, -9.090031 52.738266, -9.0870086 52.7403403, -9.0823831 52.7435217, -9.0789511 52.7458905, -9.0755309 52.7482555, -9.071612 52.7509655, -9.067883 52.7535172, -9.0643144 52.7559502, -9.0607399 52.7584369, -9.0566784 52.7612109, -9.0530623 52.763762, -9.0491256 52.766471, -9.0458004 52.7688062, -9.0425643 52.7710551, -9.0387582 52.7736738, -9.0355043 52.7759189, -9.0320841 52.7783182, -9.0256119 52.7787062, -9.020547 52.7789971, -9.0147577 52.7797118, -9.0097521 52.7803476, -9.0052632 52.7816621, -8.9997232 52.783289, -8.994397 52.7848943, -8.9890569 52.7864831, -8.9836585 52.7880694, -8.9786444 52.7895302, -8.9734229 52.7910795, -8.9683539 52.792555, -8.9630271 52.7941414, -8.9585568 52.7954247, -8.9532663 52.7969757, -8.9488419 52.79829, -8.9439337 52.7998428, -8.9392008 52.8011918, -8.9349093 52.802502, -8.930344 52.8038052, -8.9273899 52.8046805, -8.9258112 52.8051483, -8.9206088 52.8047806, -8.9136136 52.8043006, -8.9084091 52.8039419, -8.9037999 52.8036231, -8.8990321 52.8032933, -8.8941826 52.8029431, -8.8877239 52.802502, -8.8831319 52.8021647, -8.8765021 52.8017042, -8.8709123 52.8013085, -8.8650544 52.8008999, -8.8597441 52.8005386, -8.8541973 52.8001169, -8.8487256 52.7997258, -8.8444341 52.7994144, -8.8379217 52.7989604, -8.8322032 52.7986036, -8.8278151 52.7989344, -8.8222469 52.799369, -8.8170756 52.7997971, -8.8123334 52.8001863, -8.8080104 52.7992067, -8.802603 52.7980391, -8.7987192 52.7971828, -8.7934406 52.796054, -8.7883122 52.7949252, -8.7819178 52.7935239, -8.779256 52.7929219, -8.7735912 52.7916503, -8.7679972 52.7904681, -8.7628205 52.7892808, -8.7571343 52.7880951, -8.752863 52.7871669, -8.7479391 52.7860755, -8.7422855 52.7848426, -8.7373503 52.7837395, -8.7317606 52.7825406, -8.7272679 52.7815607, -8.7231667 52.7806506, -8.7180008 52.7815607, -8.7132962 52.7824011, -8.7080605 52.7833631, -8.7027819 52.7843105, -8.6975677 52.7852449, -8.6916669 52.7863091, -8.6869237 52.7871474, -8.6820753 52.788061, -8.6760886 52.7891121, -8.6713035 52.7899686, -8.6648228 52.7911559, -8.6606391 52.7919279, -8.6569054 52.7926027, -8.6512192 52.7936147, -8.6452968 52.7946138, -8.6402114 52.795535, -8.6339447 52.795426, -8.6288603 52.7953404, -8.6224004 52.7952055, -8.6165007 52.7951458, -8.6105998 52.7950679, -8.6048706 52.7949641, -8.5993549 52.7948162, -8.5945709 52.7947436, -8.5901292 52.7946657, -8.586932 52.7946008, -8.5812886 52.794497, -8.5755165 52.7944062, -8.5708387 52.7935628, -8.5644658 52.792408, -8.5598309 52.7915646, -8.5539719 52.7905213, -8.548394 52.7896312, -8.5426863 52.7885411, -8.5405394 52.7881077, -8.5369141 52.7885671, -8.5302183 52.7893535, -8.5250255 52.7898855, -8.5210998 52.7903708, -8.5170229 52.7908639, -8.5112079 52.7915257, -8.505307 52.7922394, -8.5013373 52.7926935, -8.4961017 52.7933163, -8.4924109 52.7937056, -8.4887417 52.7940818, -8.4849651 52.7944322, -8.4806521 52.7955869, -8.4765526 52.7966846, -8.4725186 52.7977874, -8.4672186 52.7992145, -8.4629925 52.8003613, -8.4589708 52.799226, -8.4544094 52.7979353, -8.4511049 52.7969882, -8.4463199 52.7956518, -8.4413191 52.7942324, -8.436342 52.7928492, -8.4303435 52.7911182, -8.4263524 52.7920266, -8.4225979 52.7929141, -8.4187886 52.7937523, -8.4151837 52.7950238, -8.4108503 52.7966898, -8.4059569 52.7983582, -8.4014722 52.799928, -8.3967526 52.8016327, -8.3912595 52.8035396, -8.3873102 52.8049484, -8.3830197 52.8064583, -8.3787711 52.807924, -8.3738562 52.8096699, -8.3694359 52.8112004, -8.3646509 52.8129383, -8.3596952 52.8146295, -8.35476 52.8164062, -8.3499095 52.8181258, -8.3451888 52.8197338, -8.3397396 52.821684, -8.3345254 52.8235642, -8.3298036 52.8251797, -8.324848 52.8269223, -8.319741 52.8288022, -8.3145268 52.8306432, -8.3108147 52.8319525, -8.3067795 52.8333733, -8.3026822 52.8320044, -8.2990558 52.8308506, -8.2943352 52.8293338, -8.2892497 52.8277391, -8.2853004 52.8264244, -8.280452 52.8248867, -8.2753022 52.82324, -8.2701738 52.8215673, -8.265216 52.8199801, -8.2604003 52.8184573, -8.2559903 52.8184292, -8.2504971 52.8184162, -8.2453473 52.8184162, -8.2400258 52.8184162, -8.2334812 52.8184551, -8.2278378 52.8184292, -8.2220657 52.8184033, -8.216873 52.8183903, -8.2101138 52.8183903, -8.2046206 52.8184033, -8.1989773 52.8184162, -8.1941064 52.8183903, -8.1877978 52.8183644, -8.1818755 52.8183644, -8.1762321 52.8183903, -8.1714471 52.818922, -8.1650312 52.8196741, -8.1600101 52.8202965, -8.1540664 52.8210227, -8.1486161 52.8216451, -8.1428011 52.8223064, -8.1371148 52.8230585, -8.1317504 52.8236808, -8.1259772 52.8243499, -8.1216867 52.8248478, -8.116966 52.8254183, -8.1127818 52.8259499, -8.1082102 52.8264763, -8.102804 52.8270908, -8.0969664 52.8277598, -8.0909808 52.8284781, -8.0858739 52.8290874, -8.081474 52.8296138, -8.0753596 52.830319, -8.069566 52.8310191, -8.0638154 52.8316414, -8.0593082 52.8321418, -8.0529578 52.8327692, -8.0494806 52.8331918, -8.0450828 52.8336637, -8.0401465 52.8341641, -8.035856 52.834597, -8.0295689 52.8352452, -8.0261357 52.8367229, -8.0228742 52.838058, -8.0171664 52.84043, -8.0144842 52.8415446, -8.0086252 52.8440408, -8.0050418 52.8455053, -8.0022162 52.8467307, -7.9978251 52.8485945, -7.9929666 52.85065, -7.9889634 52.8523006, -7.9843342 52.8542281, -7.9788937 52.8565442, -7.9750492 52.8581361, -7.9694148 52.8604892, -7.9661082 52.8618894, -7.9610645 52.8640027, -7.9574052 52.8655677, -7.9534109 52.8672445, -7.9472209 52.8698473, -7.9440202 52.8712258, -7.9396466 52.8730194, -7.9355464 52.8747491, -7.9305557 52.8748874, -7.9255649 52.8749885, -7.9201421 52.8751269, -7.9148868 52.875228, -7.9089085 52.875377, -7.9030184 52.8755261, -7.8979835 52.8756325, -7.8927988 52.8757655, -7.8863531 52.8759039, -7.881089 52.8760103, -7.874952 52.8761806, -7.8691059 52.876303, -7.8640094 52.8764201, -7.8575549 52.8765638, -7.8519028 52.8766383, -7.8477409 52.8784476, -7.842856 52.8805336, -7.8382091 52.882529, -7.8342853 52.8841732, -7.8296825 52.8861525, -7.8250356 52.8880944, -7.8205827 52.8900257, -7.8166766 52.8916695, -7.8120914 52.8936059, -7.8079824 52.8953879, -7.8017131 52.894723, -7.7963167 52.8941432, -7.7907795 52.8935529, -7.7844395 52.8928771, -7.7786904 52.8922281, -7.7737261 52.8916855, -7.768268 52.8911003, -7.7641326 52.8906481, -7.7578721 52.8899778, -7.7519731 52.8893394, -7.7472028 52.8888127, -7.7418152 52.8882487, -7.7358722 52.8876156, -7.7314193 52.8871474, -7.7265344 52.8866207, -7.721138 52.8860035, -7.7154066 52.8853863, -7.7100278 52.884801, -7.705619 52.8860035, -7.6998347 52.8874932, -7.6950556 52.8887701, -7.689236 52.8903289, -7.6849771 52.8914354, -7.6799334 52.8927707, -7.6740256 52.8943294, -7.6687263 52.8957337, -7.6646437 52.8968029, -7.6591327 52.8982391, -7.6532867 52.8997496, -7.6480666 52.9011485, -7.6433228 52.9023877, -7.6383761 52.9036801, -7.6329092 52.9051426, -7.6276628 52.9064828, -7.6223105 52.9071476, -7.616773 52.9078229, -7.6116676 52.9084292, -7.6070825 52.9089822, -7.6016332 52.9096363, -7.5959283 52.9103276, -7.5906642 52.9109604, -7.5847035 52.9116782, -7.579263 52.9123057, -7.5745721 52.9128693, -7.5698635 52.9134382, -7.5645906 52.9140391, -7.5586475 52.9147675, -7.5527926 52.9154587, -7.5469201 52.9161659, -7.5413994 52.9168336, -7.5360628 52.9174687, -7.5322317 52.9181722, -7.5291695 52.9187216, -7.5254757 52.919409, -7.5207881 52.9184972, -7.5166229 52.9176599, -7.5118644 52.9167213, -7.5067147 52.9156949, -7.5005915 52.9144751, -7.4946318 52.9132681, -7.4929155 52.9127112, -7.4860082 52.9115719, -7.4806295 52.9105084, -7.4748275 52.9093491, -7.470066 52.9083973, -7.4639378 52.9094342, -7.4590264 52.9103116, -7.4544148 52.9111358, -7.4499884 52.9118803, -7.4439219 52.9129278, -7.4389311 52.9137732, -7.4342842 52.9145867, -7.4301488 52.9152992, -7.4244262 52.9162775, -7.4196559 52.9171176, -7.413607 52.9181384, -7.4091806 52.9188987, -7.4039606 52.9197971, -7.3982379 52.9207753, -7.3933001 52.9216313, -7.3879919 52.9225616, -7.3821018 52.9235663, -7.3767936 52.924486, -7.3716617 52.9253631, -7.3653748 52.9264421, -7.3603223 52.9273192, -7.3544586 52.9283291, -7.3484098 52.9293497, -7.3430222 52.9302958, -7.3373261 52.9312737, -7.3322912 52.9321188, -7.3267185 52.9330861, -7.3244876 52.9361314, -7.3218512 52.9397663, -7.3196027 52.9427686, -7.3173101 52.9459725, -7.31485 52.9493091, -7.3125398 52.952486, -7.3104412 52.9553652, -7.3080693 52.9585683, -7.3058737 52.961633, -7.3038809 52.9643151, -7.3015619 52.9674591, -7.29919 52.9707356, -7.2944814 52.9720684, -7.2907339 52.9732047, -7.2854257 52.9747074, -7.2805055 52.9761197, -7.2755677 52.9775214, -7.2697745 52.9791779, -7.2647926 52.980606, -7.259696 52.98205, -7.2541674 52.9836426, -7.2489738 52.9851077, -7.2437185 52.9866153, -7.2406236 52.9874805, -7.235818 52.9888606, -7.2301924 52.9904477, -7.2255808 52.9917905, -7.2201844 52.9932978, -7.2154582 52.9946512, -7.2106261 52.9960257, -7.2053003 52.9975647, -7.2014118 53.0001438, -7.1972058 53.0029349, -7.1932996 53.0055296, -7.1899313 53.0077951, -7.1870038 53.0096786, -7.1828596 53.0124691, -7.1790327 53.0149995, -7.1759642 53.0170259, -7.1721991 53.0195826, -7.168822 53.0218262, -7.1648188 53.0244462, -7.1610272 53.0270077, -7.1579058 53.0291237, -7.1534882 53.0320402, -7.1498289 53.0345059, -7.1460197 53.037088, -7.1416991 53.039898, -7.1373255 53.0404706, -7.1329167 53.0410537, -7.1282082 53.0416846, -7.1229176 53.0423844, -7.1177769 53.0430524, -7.111587 53.0438899, -7.105785 53.0446374, -7.1009794 53.0452788, -7.094816 53.0460899, -7.0890404 53.0468585, -7.084323 53.0474575, -7.080602 53.0489947, -7.076202 53.050818, -7.0713083 53.0528533, -7.0662911 53.0548725, -7.061071 53.0570507, -7.0569444 53.0587677, -7.0520683 53.0607708, -7.0472715 53.0627579, -7.0426511 53.0646814, -7.0388066 53.0662762, -7.0353413 53.067675, -7.0296363 53.070022, -7.0255273 53.0717279, -7.0199194 53.0740165, -7.0160044 53.0756481, -7.0113134 53.0775762, -7.0060669 53.0797056, -7.001182 53.0817236, -6.9964036 53.0837344, -6.9914254 53.0857511, -6.9861468 53.087845, -6.9822845 53.0894491, -6.9766196 53.0893976, -6.9709333 53.0893847, -6.9664702 53.0893463, -6.9605371 53.0893074, -6.9540676 53.0892494, -6.9480702 53.0891914, -6.9416758 53.0891402, -6.9359359 53.0891208, -6.9307002 53.089069, -6.9258937 53.0890174, -6.9210979 53.0889468, -6.9151219 53.0889017, -6.9094571 53.0888695, -6.9038454 53.0888244, -6.8980196 53.0887854, -6.8931595 53.0887339, -6.8875805 53.0886952, -6.8814114 53.0886311, -6.8756715 53.0892239, -6.8700818 53.0897716, -6.8675712 53.0900612, -6.8614236 53.0907123, -6.8562737 53.0911952, -6.8509308 53.0917365, -6.8453732 53.0923163, -6.8409208 53.0927802, -6.8350628 53.0933858, -6.8299623 53.0954001, -6.8258253 53.0971483, -6.8227783 53.0984045, -6.8178109 53.1004337, -6.8125215 53.1026045, -6.8084982 53.1043955, -6.8039921 53.1062115, -6.7997757 53.1079895, -6.7961815 53.1094576, -6.796154 53.111991, -6.7960984 53.114666, -6.7960313 53.1182543, -6.7959562 53.1207977, -6.7958919 53.1239013, -6.7958597 53.1272552, -6.7916325 53.1292898, -6.7877916 53.1311434, -6.7829057 53.1334195, -6.778479 53.135598, -6.7748961 53.1372904, -6.7713775 53.1386864, -6.7686095 53.1399736, -6.7650535 53.1418584, -6.7610483 53.1438977, -6.7560875 53.1465258, -6.7526021 53.1482371, -6.7468729 53.1481849, -6.7403599 53.1480958, -6.7346522 53.1479925, -6.728054 53.1480122, -6.7221917 53.1479321, -6.719402 53.1478967, -6.7154149 53.1478479, -6.7107907 53.1477709, -6.7057809 53.1477287, -6.7015645 53.1477226, -6.6964683 53.1496784, -6.6947519257799195 53.15033549011118, -6.687932504490725 53.154506933719475)"
way/179121616-400,way/254158424-400,400.0,1787.4764334110816,126241.57,Al/St 240/40 4-bundle 380.0,"LINESTRING (-8.268768819692534 53.13443562381872, -8.261924564394167 53.13799269041765, -8.2594997 53.1388523, -8.2544882 53.1406239, -8.2494441 53.1424031, -8.2444444 53.1441664, -8.2405405 53.1455435, -8.2366204 53.1468482, -8.2311702 53.1471571, -8.2250118 53.1475689, -8.2190466 53.1477748, -8.2132316 53.1481094, -8.2068801 53.1484955, -8.2008928 53.1487936, -8.1954318 53.1490702, -8.1896597 53.149392, -8.1849819 53.1496172, -8.1798106 53.1499196, -8.1754655 53.1501577, -8.1712598 53.1503442, -8.1665396 53.1494434, -8.1614157 53.148434, -8.1556107 53.1472274, -8.149749 53.1460456, -8.1441265 53.1449584, -8.1385847 53.1436979, -8.1326624 53.142591, -8.1269976 53.1414584, -8.1218048 53.14039, -8.117523 53.1395116, -8.1124493 53.1385365, -8.107514 53.1375325, -8.1029103 53.136576, -8.0982228 53.1357046, -8.0927941 53.1352154, -8.0864855 53.1346361, -8.0809065 53.1342499, -8.076167 53.1337929, -8.0703922 53.1333101, -8.0653068 53.1328595, -8.0606075 53.1324862, -8.0559941 53.1320485, -8.0513046 53.1317099, -8.0461236 53.1312503, -8.0401155 53.1307611, -8.0346534 53.1302429, -8.0285069 53.129744, -8.0227766 53.1292805, -8.0164477 53.1287784, -8.0104384 53.1282762, -8.005986 53.1278604, -8.0006119 53.1274007, -7.9953 53.1269274, -7.9888353 53.1263802, -7.9853055 53.126084, -7.9807458 53.1269467, -7.9753384 53.1279188, -7.9694054 53.1290067, -7.9651997 53.1298178, -7.9594276 53.1308864, -7.9535053 53.1319679, -7.9474971 53.133075, -7.9426005 53.1340148, -7.9373262 53.1339633, -7.9315801 53.1338822, -7.9266139 53.1338129, -7.9230954 53.1337573, -7.9170873 53.1336543, -7.911577 53.1336028, -7.9069206 53.1335513, -7.9013846 53.1334998, -7.8950503 53.133384, -7.8900935 53.1333325, -7.8852484 53.1332424, -7.8788283 53.1331651, -7.8735926 53.1331265, -7.866945 53.1330235, -7.8628423 53.1330106, -7.8580358 53.1331522, -7.8526499 53.1334483, -7.8465602 53.1336929, -7.8405907 53.1340019, -7.8357198 53.1341435, -7.8308317 53.1344396, -7.8251455 53.1346327, -7.8198025 53.1348773, -7.8151676 53.1350961, -7.8106572 53.1352892, -7.8059194 53.1362804, -7.8016064 53.1372459, -7.7960446 53.1384688, -7.7900793 53.1397431, -7.7845194 53.1409798, -7.779611 53.1420527, -7.7743955 53.1431654, -7.7698003 53.1441877, -7.7647595 53.1452714, -7.759008 53.1465248, -7.7537382 53.1476807, -7.7480951 53.1489123, -7.743253 53.150014, -7.7371582 53.1513395, -7.7318825 53.1524736, -7.72642 53.1536618, -7.7219754 53.1546369, -7.7178982 53.1555, -7.7128151 53.1566304, -7.706624 53.1579774, -7.701276 53.1591365, -7.6970903 53.1600357, -7.6946331 53.1629172, -7.6918688 53.1661017, -7.6897368 53.1685568, -7.6874181 53.1712572, -7.6822168 53.1731066, -7.6771549 53.1748996, -7.6717048 53.1768178, -7.6668021 53.1785331, -7.6613122 53.1804958, -7.6565091 53.1821841, -7.6521091 53.1837471, -7.6486151 53.1849938, -7.6442599 53.1865477, -7.6404374 53.1879196, -7.6357388 53.1895628, -7.6311497 53.1911822, -7.6274516 53.1918203, -7.6236091 53.1925151, -7.6170739 53.1936513, -7.6117134 53.1946055, -7.6061836 53.1955657, -7.5998774 53.1966749, -7.5947508 53.1975843, -7.5893355 53.1985414, -7.5835618 53.1995522, -7.578903 53.2003632, -7.5743488 53.2011801, -7.5691426 53.2020834, -7.5634485 53.2030882, -7.557212 53.2041763, -7.5515528 53.2051631, -7.5479492 53.2058219, -7.5443954 53.206445, -7.5408317 53.207074, -7.5369544 53.2075241, -7.5323155 53.2081084, -7.5259844 53.2088745, -7.5203899 53.2095571, -7.5148751 53.2102337, -7.5095942 53.2108716, -7.5041689 53.2115393, -7.4985744 53.2122279, -7.4933234 53.2128657, -7.4878782 53.2135304, -7.4824828 53.2141951, -7.4765897 53.2149014, -7.4709853 53.215575, -7.4670233 53.2160668, -7.4627329 53.2165794, -7.4579447 53.2171546, -7.4554611 53.219065, -7.4521761 53.2216547, -7.4491947 53.2238837, -7.4462431 53.2261751, -7.4424355 53.2290355, -7.4397638 53.2311457, -7.4369754 53.2332007, -7.4327098 53.235444, -7.4281158 53.2378659, -7.4239548 53.2400493, -7.4195598 53.2423697, -7.4153341 53.2446095, -7.4105609 53.2470905, -7.406584 53.2491811, -7.4025922 53.2512687, -7.3981126 53.2536302, -7.3944245 53.2555538, -7.38992 53.257921, -7.3854056 53.2603029, -7.3809808 53.2626073, -7.3761727 53.2651556, -7.3716434 53.2675372, -7.3671489 53.2698977, -7.3639236 53.2715795, -7.3587522 53.2743089, -7.3546061 53.2764756, -7.3503156 53.2787524, -7.3465429 53.2807522, -7.3427054 53.2827549, -7.338614 53.2848974, -7.3354385 53.2865697, -7.3310883 53.2888459, -7.3261359 53.2914403, -7.3218156 53.2937014, -7.3185555 53.295409, -7.3140311 53.298467, -7.3106516 53.3007307, -7.3077846 53.3026581, -7.3042856 53.3050346, -7.3004232 53.3076518, -7.2967151 53.3101499, -7.2924197 53.3130315, -7.288418 53.3157374, -7.2848094 53.3181726, -7.2809172 53.3190795, -7.2750589 53.3204917, -7.2692554 53.3218623, -7.2642432 53.3230575, -7.258584 53.3243923, -7.2534126 53.3256557, -7.2480272 53.3269073, -7.2419947 53.3283311, -7.2374753 53.3294132, -7.2329111 53.3304773, -7.2280284 53.3316365, -7.2221652 53.3330127, -7.2169838 53.3336339, -7.2120612 53.3342105, -7.205974 53.334906, -7.1999166 53.3356134, -7.1940235 53.336288, -7.1881304 53.3369805, -7.1818988 53.3377205, -7.1768568 53.3382971, -7.1709736 53.3389806, -7.1656678 53.3395928, -7.1620842 53.3400118, -7.15862 53.3404041, -7.1537422 53.3409806, -7.1482423 53.3416314, -7.1451116 53.3444841, -7.1426727 53.346775, -7.1394624 53.3497878, -7.1359733 53.3530381, -7.1319815 53.3539947, -7.1271336 53.3551533, -7.1217531 53.3564366, -7.1160492 53.3578031, -7.1103601 53.3591606, -7.1052633 53.3603992, -7.1001616 53.3615873, -7.0948807 53.3628527, -7.089769 53.3640823, -7.0847867 53.3652763, -7.0803619 53.3663306, -7.0767434 53.3672008, -7.0722887 53.367578, -7.0667839 53.3680709, -7.0613835 53.3685253, -7.0554207 53.3690569, -7.0496918 53.3695529, -7.0444905 53.3700013, -7.0387368 53.3704972, -7.0322613 53.3710614, -7.0269704 53.3715336, -7.022018 53.3719464, -7.019405 53.3749188, -7.0166326 53.3780632, -7.0138403 53.3812193, -7.0115508 53.3837932, -7.0087834 53.3868924, -7.0061205 53.3899113, -7.0033382 53.3930338, -6.9988935 53.3935087, -6.9935061 53.3940639, -6.987337 53.3947043, -6.9815757 53.3953124, -6.9759752 53.3958914, -6.9701709 53.3964703, -6.9647528 53.3970621, -6.9583155 53.3977244, -6.9531764 53.3982584, -6.9484182 53.3987511, -6.9428875 53.3993203, -6.9375123 53.3998768, -6.9326468 53.4003725, -6.9267513 53.40099, -6.9202711 53.4016488, -6.9146438 53.4022819, -6.9104381 53.4026627, -6.9045587 53.4033085, -6.8997093 53.4057392, -6.8964316 53.4074213, -6.8928911 53.4092559, -6.8895458 53.4110119, -6.8850274 53.4132789, -6.8803389 53.4157024, -6.8755002 53.4182093, -6.8708975 53.4205875, -6.8669708 53.4226974, -6.862175 53.4251143, -6.8577976 53.4273835, -6.8543 53.4291673, -6.8505878 53.4311106, -6.8463499 53.4332135, -6.8418653 53.4323375, -6.8381102 53.4306184, -6.8331535 53.4305861, -6.8287654 53.4305225, -6.8233366 53.4304646, -6.8194635 53.4304007, -6.8151612 53.4303368, -6.8095393 53.4308421, -6.803338 53.4314238, -6.7981345 53.4318965, -6.7935641 53.4323631, -6.7876847 53.4329131, -6.7812259 53.43352, -6.7758615 53.4340633, -6.7699606 53.4346261, -6.764564 53.4351246, -6.7587914 53.4357571, -6.7536737 53.4365943, -6.7482342 53.4374635, -6.7424728 53.4384094, -6.7363466 53.4393872, -6.7308106 53.4403142, -6.7244806 53.4413303, -6.7197169 53.4420397, -6.7150714 53.4427746, -6.7093744 53.4437136, -6.7044927 53.4445188, -6.7005874 53.4451773, -6.6952445 53.4460208, -6.6898157 53.446909, -6.6849448 53.4476946, -6.679454 53.4485846, -6.6743876 53.449375, -6.6698171 53.4501226, -6.6658475 53.4519693, -6.6610409 53.454154, -6.6564061 53.4562753, -6.6517069 53.458492, -6.6468467 53.4608524, -6.642995 53.4626248, -6.639756 53.4641255, -6.6345847 53.466488, -6.6306365 53.4683657, -6.6262591 53.47041, -6.6223538 53.472147, -6.6172898 53.4745225, -6.613921 53.474573, -6.6093573 53.4746998, -6.6029974 53.4748359, -6.5971824 53.4749764, -6.5919038 53.4750914, -6.5867325 53.4752318, -6.5815505 53.4753596, -6.579345140394877 53.47540795669581, -6.569480676714955 53.47481857516463)"
way/207339053-220,way/207331199-220,220.0,491.5560191880474,12791.65,Al/St 240/40 2-bundle 220.0,"LINESTRING (-9.42182674037119 52.61042625146599, -9.419076900929578 52.615225569978854, -9.4177185 52.6158719, -9.4129531 52.6181521, -9.4086075 52.6202729, -9.4039974 52.6224777, -9.3994671 52.6246569, -9.3950417 52.6267621, -9.3903308 52.6290176, -9.3861741 52.6309977, -9.3816858 52.6331459, -9.3771009 52.6353424, -9.3732507 52.6371847, -9.3691906 52.6391109, -9.3648664 52.6395431, -9.3601545 52.639879, -9.3541679 52.6403126, -9.34878 52.6406954, -9.3439843 52.6410235, -9.3379527 52.641461, -9.3322687 52.6418516, -9.3258444 52.6423047, -9.3213771 52.6426328, -9.3184803 52.6426562, -9.3125904 52.6426875, -9.3069128 52.6427383, -9.3019176 52.6427773, -9.298184 52.6427968, -9.2914765 52.6428437, -9.2862367 52.6428789, -9.2801729 52.6429218, -9.2747592 52.6429609, -9.26894 52.642996, -9.2634685 52.6430312, -9.260619636866235 52.64214468528653, -9.253379307015576 52.639426103254934)"
way/207331199-220,way/42998577-220,220.0,491.5560191880474,88803.91,Al/St 240/40 2-bundle 220.0,"LINESTRING (-9.253379307015576 52.639426103254934, -9.247870310360584 52.643228569391475, -9.2468727 52.6443557, -9.2448658 52.6465934, -9.2421466 52.6497551, -9.2393298 52.6529332, -9.2365413 52.6560943, -9.2339224 52.6590378, -9.231413 52.6621073, -9.2289443 52.6649854, -9.2259842 52.6683668, -9.2240304 52.6705288, -9.2217141 52.6731812, -9.218945 52.6763057, -9.216178 52.6794781, -9.2138606 52.6820408, -9.2109198 52.6853598, -9.2084736 52.6881953, -9.2061358 52.6908076, -9.2037959 52.6934887, -9.2015439 52.6959837, -9.1993552 52.6985064, -9.196394 52.7018482, -9.1937537 52.7048536, -9.1917796 52.7070639, -9.1890544 52.710158, -9.1864795 52.7130179, -9.1845923 52.7151608, -9.1817374 52.7183863, -9.1793137 52.7211787, -9.1767603 52.7240509, -9.1747647 52.7263381, -9.1720181 52.7294309, -9.1691846 52.7326163, -9.1671462 52.7349291, -9.1646796 52.7377205, -9.1616101 52.7411781, -9.1574269 52.7420725, -9.1527266 52.7431657, -9.1474807 52.7443588, -9.1424377 52.7455039, -9.1380716 52.7465735, -9.1332221 52.7476776, -9.1294665 52.7485173, -9.1242206 52.7497103, -9.1233623 52.7524443, -9.1222358 52.755665, -9.1211736 52.7587947, -9.12009 52.7620085, -9.1190279 52.7650728, -9.1177941 52.768747, -9.116829 52.7715771, -9.1159063 52.7742902, -9.1152411 52.7762113, -9.1122585 52.778405, -9.1096407 52.7803908, -9.1057343 52.783313, -9.102108 52.7859864, -9.0994687 52.78792, -9.095779 52.790708, -9.0935463 52.7923579, -9.0903062 52.7947843, -9.0867443 52.7974181, -9.0832907 52.7999979, -9.0806288 52.8019847, -9.0771956 52.8045403, -9.0732914 52.807418, -9.0705008 52.8095342, -9.0667253 52.8123467, -9.0630979 52.8150203, -9.0592575 52.8177938, -9.0563066 52.8199968, -9.0527666 52.8226563, -9.0490544 52.8255413, -9.04723 52.8270018, -9.0429497 52.8301114, -9.0398592 52.8325441, -9.0359003 52.8354219, -9.0323169 52.8380533, -9.0318132 52.841039, -9.0313625 52.8431516, -9.0308583 52.846074, -9.0301609 52.8499358, -9.0295601 52.8528838, -9.0288842 52.856583, -9.0282512 52.8598155, -9.0277791 52.8625036, -9.0273285 52.8648095, -9.0237553 52.8663465, -9.0202362 52.8678814, -9.0162022 52.8696559, -9.0126729 52.8712148, -9.0080595 52.8732417, -9.0033812 52.8752834, -8.9991975 52.877127, -8.9945943 52.8791426, -8.990571 52.8809232, -8.9858508 52.882993, -8.9819128 52.8847171, -8.9766455 52.8869875, -8.9723856 52.8888473, -8.9676435 52.8909641, -8.9635343 52.8927571, -8.9593721 52.8945739, -8.9557237 52.896181, -8.9543188 52.898865, -8.9526875 52.9021481, -8.9509767 52.9056435, -8.9497479 52.9085593, -8.9478596 52.9122018, -8.9463415 52.9152363, -8.9446517 52.9184353, -8.9430375 52.9218023, -8.9412622 52.9253887, -8.9402054 52.9272935, -8.9386863 52.9304447, -8.9372386 52.9332141, -8.9358121 52.9361335, -8.93402 52.9396027, -8.9326467 52.9422828, -8.9312359 52.9450853, -8.9295246 52.9484728, -8.9278724 52.9517825, -8.926247 52.955037, -8.9245733 52.9582591, -8.9228699 52.9616552, -8.9212981 52.9648024, -8.9196995 52.9679557, -8.9178971 52.971482, -8.9168564 52.973572, -8.9151103 52.977043, -8.9135333 52.9800855, -8.9116611 52.9838774, -8.91032 52.9864965, -8.9081256 52.9896436, -8.9058377 52.9929146, -8.9037696 52.9958707, -8.9017203 52.9988409, -8.9003953 53.0007103, -8.8982978 53.0037093, -8.8962701 53.0066403, -8.8943498 53.0093966, -8.8921343 53.0125871, -8.8897873 53.0159128, -8.8877775 53.0187983, -8.8855253 53.0220054, -8.8827251 53.0250965, -8.8802413 53.0278566, -8.8777844 53.030507, -8.874783 53.033741, -8.8723181 53.036433, -8.8699738 53.0390521, -8.8677691 53.0414244, -8.8655965 53.0438707, -8.8631852 53.0465523, -8.8648678 53.0488109, -8.8678814 53.0529239, -8.8696402 53.0553412, -8.8716663 53.0582506, -8.873112 53.060156, -8.8754026 53.0632767, -8.8775672 53.0662488, -8.8799517 53.0695639, -8.8819204 53.0722326, -8.8839026 53.0748835, -8.8853241 53.0767768, -8.8853402 53.0795691, -8.8854287 53.0830411, -8.885477 53.0865241, -8.8855566 53.0900943, -8.8856317 53.0931351, -8.8856746 53.0958736, -8.8856961 53.099391, -8.8857927 53.1026695, -8.885857 53.1057873, -8.8859429 53.1091558, -8.8860072 53.1124532, -8.8860609 53.1160014, -8.8861682 53.11906, -8.8862218 53.1225624, -8.8862969 53.1261037, -8.886372 53.129477, -8.8865163 53.1331944, -8.8865115 53.1366091, -8.886608 53.1398268, -8.8866622 53.142935, -8.8867212 53.1465614, -8.8867856 53.1491254, -8.8868393 53.151445, -8.8868983 53.1542759, -8.8869304 53.1568366, -8.8870085 53.1599474, -8.8870592 53.1630312, -8.8871558 53.166524, -8.8872094 53.1698781, -8.8872738 53.1735052, -8.8873918 53.1768909, -8.8874342 53.1799037, -8.8875307 53.1835682, -8.8876013 53.1869096, -8.8832588 53.1887756, -8.8783906 53.1908262, -8.8740105 53.1927063, -8.8695876 53.1945849, -8.8662989 53.195962, -8.8620988 53.1977473, -8.8584508 53.1993783, -8.8539285 53.2013383, -8.8499803 53.2028937, -8.8453726 53.2049354, -8.8404317 53.207048, -8.835583 53.2090818, -8.8310394 53.2109805, -8.8278905 53.212333, -8.8263348 53.2146748, -8.8241515 53.2179963, -8.8220325 53.2213624, -8.8199565 53.2245227, -8.817859 53.2277275, -8.8159171 53.2307398, -8.8137391 53.2341146, -8.8115665 53.2374088, -8.8094691 53.2406546, -8.8073716 53.2439098, -8.805655 53.2464873, -8.8042334 53.2487118, -8.8029781 53.2516743, -8.8016418 53.2549256, -8.8006255 53.2573874, -8.7994156 53.260127, -8.7981764 53.2632332, -8.7966851 53.2665732, -8.7954942 53.2694703, -8.7941155 53.2726689, -8.7931606 53.2750041, -8.7916798 53.2785259, -8.7904302 53.2815155, -8.7931604 53.2831317, -8.7970659 53.2855148, -8.8009551 53.2878269, -8.8047585 53.2901006, -8.8069526 53.2914182, -8.8088838 53.2925823, -8.8128534 53.2949584, -8.8166729 53.2972924, -8.8208089 53.2997578, -8.82421 53.3017999, -8.828044 53.3041321, -8.8327103 53.3048206, -8.8373899 53.3054885, -8.8424929 53.3062213, -8.844485753608623 53.30650401370106, -8.853454733032747 53.308128050008584)"
way/208124159-220,way/207331199-220,220.0,491.5560191880474,10085.39,Al/St 240/40 2-bundle 220.0,"LINESTRING (-9.366318764319763 52.58848138868712, -9.358332347957939 52.59112534217298, -9.3354828 52.5978226, -9.3337384 52.598399, -9.3334646 52.5984666, -9.3313841 52.5983809, -9.3274564 52.598232, -9.3251283 52.5981342, -9.3229825 52.5980691, -9.3181009 52.5998481, -9.313348 52.6015032, -9.3084449 52.6032316, -9.3033273 52.6050039, -9.2985529 52.6066719, -9.2940361 52.608247, -9.2901737 52.6095891, -9.2861933 52.6109849, -9.2815692 52.6125924, -9.2765159 52.6143578, -9.2717738 52.6160255, -9.2694885 52.618644, -9.2668385 52.6216467, -9.2638666 52.6250074, -9.2613239 52.627868, -9.2585344 52.631098, -9.256217 52.6336896, -9.255549392691396 52.63445537611997, -9.253379307015576 52.639426103254934)"
way/42998577-220,way/194614470-220,220.0,491.5560191880474,39881.41,Al/St 240/40 2-bundle 220.0,"LINESTRING (-8.853454733032747 53.308128050008584, -8.844485753608623 53.30650401370106, -8.8424929 53.3062213, -8.8373899 53.3054885, -8.8327103 53.3048206, -8.828044 53.3041321, -8.8225543 53.3036503, -8.8184758 53.3021543, -8.813251 53.3002591, -8.8090792 53.2987033, -8.807296 53.2994787, -8.8051827 53.2987892, -8.8028855 53.2964504, -8.7979747 53.2946598, -8.7939032 53.2931761, -8.7909919 53.2903011, -8.7873072 53.2866103, -8.7846561 53.2839408, -8.7801306 53.2816171, -8.7758066 53.2794503, -8.7718107 53.2774459, -8.7664693 53.2746247, -8.7627785 53.2726878, -8.7578388 53.272621, -8.7528067 53.2725623, -8.7481767 53.2724955, -8.7470699 53.2697023, -8.746217 53.2673826, -8.7414143 53.2672065, -8.7348551 53.2669818, -8.7290574 53.2667632, -8.7237572 53.266581, -8.7177564 53.2663563, -8.7114069 53.2661147, -8.7060116 53.265913, -8.7012467 53.2657464, -8.6965185 53.2639312, -8.6921789 53.2623177, -8.6880444 53.2607654, -8.6846724 53.2594675, -8.681359 53.2582133, -8.675993 53.2560996, -8.6723131 53.2547489, -8.6683732 53.2532464, -8.6637806 53.2514911, -8.6585239 53.2516935, -8.6530554 53.2518513, -8.6473712 53.2520525, -8.6421463 53.2522324, -8.6366725 53.2524185, -8.6310329 53.2525983, -8.6254244 53.2527968, -8.6197951 53.2529581, -8.6150263 53.2531255, -8.6102013 53.2532732, -8.6056828 53.2534443, -8.6033436 53.2508732, -8.600962 53.248378, -8.5984568 53.2458399, -8.5952523 53.2422903, -8.5922354 53.23918, -8.5899173 53.2367094, -8.5873876 53.2336938, -8.5854717 53.2315523, -8.5828679 53.2288912, -8.5806028 53.2265024, -8.5785176 53.2242845, -8.5732814 53.2242778, -8.5676397 53.2242461, -8.5635751 53.2242461, -8.5595847 53.2242144, -8.5555501 53.2223051, -8.5508505 53.220049, -8.5472623 53.2183251, -8.5436211 53.2165885, -8.5405475 53.2151063, -8.5371164 53.2134818, -8.5332395 53.2116074, -8.5290941 53.2096007, -8.5247057 53.2075304, -8.5207798 53.2057013, -8.5179676 53.2043557, -8.5151249 53.2033944, -8.5114874 53.2022318, -8.5068106 53.2006938, -8.5063521 53.198762, -8.5058255 53.1966941, -8.5051393 53.1936673, -8.5007495 53.1925478, -8.4974002 53.1916838, -8.4936727 53.1907403, -8.4888095 53.1895295, -8.4830277 53.188079, -8.4776782 53.1867256, -8.4713884 53.1851714, -8.466564 53.1854113, -8.4606639 53.1857236, -8.4559981 53.1859854, -8.4502866 53.1862903, -8.4456081 53.1865415, -8.4408855 53.186806, -8.4352912 53.1870837, -8.4303116 53.1873684, -8.4233519 53.1877424, -8.4180619 53.1880229, -8.4126003 53.1883221, -8.4067173 53.188668, -8.4007564 53.1889953, -8.3954029 53.1863037, -8.3910346 53.1841512, -8.3858461 53.1815656, -8.3813988 53.1793539, -8.3771933 53.1773011, -8.3739989 53.1769699, -8.3732587 53.1764275, -8.3762764 53.1747494, -8.3795221 53.1729906, -8.380141185884836 53.172085948641815, -8.382673811314804 53.16716201280876)"
way/207339053-400,way/179121616-400,400.0,1787.4764334110816,102644.07,Al/St 240/40 4-bundle 380.0,"LINESTRING (-9.421494022845236 52.61054389443043, -9.421389456181286 52.61551126428422, -9.420453 52.6163561, -9.4178066 52.6187887, -9.4154881 52.6209191, -9.4117221 52.6243046, -9.4092549 52.6265312, -9.4063777 52.6292026, -9.4026118 52.6326369, -9.4004249 52.6345917, -9.3981753 52.6366908, -9.3941461 52.6403185, -9.3914454 52.6427482, -9.3896783 52.6443945, -9.3860188 52.6476908, -9.3835625 52.6499452, -9.3796336 52.6534692, -9.3779104 52.6550429, -9.374583 52.6580685, -9.3722207 52.6602197, -9.3694698 52.6626863, -9.3665873 52.665301, -9.3637738 52.6678623, -9.3601951 52.6710992, -9.3575813 52.6734586, -9.3549189 52.675903, -9.3530934 52.6786701, -9.3508646 52.6821004, -9.3488176 52.685227, -9.3465667 52.688681, -9.3447281 52.6914896, -9.3428608 52.6943721, -9.3404859 52.6980026, -9.3386875 52.7007747, -9.3374029 52.7027453, -9.3363 52.7054867, -9.3346646 52.709439, -9.3338813 52.7114928, -9.3322771 52.7153154, -9.3310615 52.7183976, -9.3285801 52.7212215, -9.3259295 52.7243867, -9.3233854 52.7273924, -9.3205593 52.7306862, -9.3182784 52.7335548, -9.3154273 52.7368861, -9.3128143 52.7399933, -9.3100822 52.7431989, -9.3073564 52.7464346, -9.3051507 52.7490215, -9.3021743 52.7525261, -9.2996302 52.7555146, -9.2970047 52.7585598, -9.2949118 52.7610322, -9.2924993 52.763933, -9.2913783 52.7652419, -9.2894727 52.7674667, -9.2869137 52.7704625, -9.2843261 52.7734915, -9.2821956 52.775963, -9.2798575 52.7788038, -9.2778902 52.781098, -9.2753646 52.7840781, -9.2728124 52.7870312, -9.2697418 52.7906567, -9.2678761 52.7928564, -9.2649373 52.7962816, -9.2620235 52.7987746, -9.2589217 52.801438, -9.2559641 52.8039648, -9.2527996 52.8066657, -9.2495537 52.809446, -9.2461449 52.8123056, -9.2429491 52.8150704, -9.2404991 52.8171912, -9.2371842 52.8199859, -9.2338819 52.8227615, -9.2304982 52.825696, -9.2269703 52.8286644, -9.2238372 52.8315076, -9.221055 52.8338812, -9.2170697 52.8372314, -9.214275 52.8395782, -9.2104848 52.8428438, -9.2076525 52.8452925, -9.2049831 52.8475443, -9.2018563 52.8501819, -9.1986229 52.8529254, -9.1955399 52.8555438, -9.1935285 52.8572426, -9.1898064 52.8604093, -9.1875004 52.8623652, -9.1834086 52.8658682, -9.1791789 52.8687015, -9.1752688 52.8713114, -9.1716908 52.8737093, -9.16706 52.8768256, -9.1636575 52.8791098, -9.1602361 52.8814014, -9.1558561 52.8843395, -9.1525412 52.8865666, -9.1489319 52.8889712, -9.1450406 52.891527, -9.1411743 52.8941393, -9.1373457 52.8967438, -9.1340121 52.8989854, -9.1301019 52.9016237, -9.1268185 52.9038499, -9.1227078 52.906503, -9.1186599 52.909292, -9.1144928 52.9120203, -9.1112093 52.9142346, -9.1069922 52.9170836, -9.1037463 52.9192561, -9.0991314 52.920273, -9.0928243 52.9216627, -9.0881936 52.9226525, -9.0830553 52.9237783, -9.0771525 52.9250854, -9.0719578 52.92623, -9.0659861 52.9275483, -9.0605972 52.9287155, -9.055202 52.9298865, -9.0498381 52.9310385, -9.0456836 52.9320206, -9.0408649 52.933063, -9.0353381 52.9342678, -9.0304568 52.9353367, -9.0256318 52.9364017, -9.0203807 52.9375384, -9.0152675 52.9386827, -9.0098221 52.9398798, -9.0051476 52.9420625, -9.0009053 52.9440903, -8.9965065 52.9462123, -8.9916503 52.9485256, -8.9875651 52.9504638, -8.9836748 52.9523058, -8.980006 52.9540676, -8.975903 52.9560216, -8.9711088 52.9582851, -8.9662791 52.9606072, -8.96199 52.9626356, -8.9576389 52.9647119, -8.9534385 52.9666867, -8.9493443 52.9686295, -8.9452856 52.9706468, -8.9410231 52.9726534, -8.9365923 52.9747399, -8.9322323 52.9768026, -8.9277754 52.9789524, -8.9218745 52.9787651, -8.9153892 52.9785595, -8.9119669 52.9784512, -8.9075841 52.9783123, -8.9018986 52.9793462, -8.8956973 52.9804695, -8.8907084 52.9814517, -8.8859985 52.9823041, -8.8807628 52.983273, -8.876203 52.9840933, -8.8704465 52.9851724, -8.8656137 52.9860765, -8.8604531 52.9870192, -8.8552174 52.9880464, -8.8510761 52.9888082, -8.8454971 52.9898868, -8.8406477 52.9907654, -8.8337383 52.9920373, -8.828803 52.9929353, -8.8230846 52.9939747, -8.8175592 52.9950079, -8.8124308 52.9959377, -8.8087616 52.9966225, -8.8036654 52.9975714, -8.7982258 52.9985852, -8.7924966 52.9996444, -8.7865529 53.0007289, -8.7813065 53.0022332, -8.7758991 53.003744, -8.7707922 53.0052163, -8.7657491 53.0067173, -8.7613986 53.0079537, -8.7559591 53.0095061, -8.7506161 53.0109876, -8.7451765 53.0125372, -8.7393936 53.0141638, -8.7340882 53.0156613, -8.7283429 53.0172715, -8.7240031 53.0185011, -8.7182042 53.0201372, -8.7137785 53.021386, -8.7091866 53.022696, -8.7034469 53.024303, -8.6998206 53.0253094, -8.6966985 53.0261935, -8.6905187 53.0279228, -8.6852828 53.0293973, -8.679575 53.0310201, -8.67479 53.032449, -8.6696938 53.0338783, -8.6661479 53.0348718, -8.6596087 53.0367265, -8.6552313 53.0379425, -8.6502105 53.0393685, -8.6466056 53.0403942, -8.641745 53.0417355, -8.6388858 53.0425319, -8.6352112 53.0435674, -8.6325298 53.0442963, -8.6290689 53.0453184, -8.6241551 53.0460539, -8.6184956 53.0468858, -8.6123909 53.0477565, -8.6065249 53.0486742, -8.6011097 53.049466, -8.5946588 53.0505349, -8.5894312 53.0512295, -8.5830743 53.0522196, -8.5781768 53.0529419, -8.571879 53.0539093, -8.5666271 53.0547089, -8.5607316 53.0555617, -8.5555549 53.056313, -8.5488601 53.0572849, -8.543523 53.0580968, -8.5401383 53.0586194, -8.5345104 53.0594417, -8.5301384 53.0600961, -8.5253265 53.0608118, -8.5208902 53.0614534, -8.5147424 53.0623852, -8.5095176 53.063175, -8.5040137 53.0641065, -8.4988156 53.0647608, -8.4937569 53.0655119, -8.4879526 53.0659858, -8.4819338 53.0664564, -8.4773846 53.0668207, -8.4714679 53.0672975, -8.465331 53.0677877, -8.4594661 53.0683098, -8.4533473 53.068774, -8.4489914 53.0691218, -8.4434875 53.0695089, -8.4392062 53.0699469, -8.4347108 53.0703272, -8.4296841 53.0720391, -8.424266 53.0739115, -8.4193369 53.0755872, -8.4140905 53.0774306, -8.4091016 53.0792352, -8.4048208 53.0807884, -8.3988449 53.0828571, -8.394446 53.0843844, -8.3893284 53.0861632, -8.3842322 53.0879027, -8.3791253 53.0896682, -8.3747908 53.0912146, -8.370113 53.0927806, -8.365446 53.0944038, -8.3604249 53.0961691, -8.3558115 53.0977606, -8.3514878 53.0992742, -8.3454904 53.1013098, -8.3411344 53.1028174, -8.3377549 53.104479, -8.3330336 53.1068172, -8.3287743 53.1089329, -8.3246973 53.1109488, -8.3205667 53.1131546, -8.3157709 53.1155178, -8.3120165 53.1174172, -8.30721 53.1198129, -8.3033256 53.1216735, -8.2986371 53.1239754, -8.294963 53.1257571, -8.2912383 53.1275878, -8.287628 53.1288656, -8.2832747 53.1304364, -8.2779801 53.1323224, -8.27733786736442 53.132546970107555, -8.268768819692534 53.13443562381872)"
way/150124101-220,way/1154822210-220,220.0,491.5560191880474,23234.68,Al/St 240/40 2-bundle 220.0,"LINESTRING (-7.279885995443132 52.249265651619986, -7.271390720347608 52.25018414052627, -7.2707397 52.2503207, -7.2663957 52.2512433, -7.2613742 52.2523327, -7.258284 52.2530072, -7.2558207 52.2535344, -7.249995 52.2547748, -7.2463982 52.2555656, -7.242625 52.2563782, -7.2379358 52.2573887, -7.2335658 52.2583257, -7.2303518 52.259022, -7.2265875 52.2598315, -7.2222914 52.2607769, -7.2186427 52.261544, -7.2153898 52.263728, -7.2131335 52.2653851, -7.2103802 52.2671861, -7.2074975 52.2691464, -7.2041148 52.2714742, -7.2004729 52.2739367, -7.197168 52.2761214, -7.1939278 52.2783021, -7.1910795 52.2802087, -7.1884112 52.282009, -7.1852409 52.2841454, -7.1827432 52.2858631, -7.1799784 52.2877091, -7.1762823 52.2902129, -7.1737932 52.2918797, -7.1700166 52.2944389, -7.1665512 52.2955938, -7.162088 52.2971161, -7.1569167 52.298861, -7.1542667 52.2997993, -7.1492993 52.3000486, -7.1436666 52.3003701, -7.1383558 52.3006522, -7.133442 52.3009277, -7.1277665 52.3012361, -7.122681 52.3014985, -7.116866 52.3018266, -7.1133362 52.3020234, -7.1100317 52.302194, -7.1069096 52.3023645, -7.1026717 52.3026073, -7.0979403 52.3028631, -7.0944105 52.301984, -7.0902907 52.3010196, -7.0854841 52.2998714, -7.0800875 52.2985723, -7.076547 52.2977263, -7.0723955 52.296742, -7.0678894 52.2956725, -7.0645313 52.2948523, -7.0611195 52.2940649, -7.0569594 52.2930553, -7.051839 52.2917747, -7.047945 52.290836, -7.0434922 52.2897999, -7.0406752 52.2902211, -7.036305 52.29089, -7.0324179 52.291502, -7.0272038 52.2922937, -7.0234007 52.2928573, -7.0203226 52.2933518, -7.0136937 52.2943488, -7.0091651 52.2950065, -7.0048497 52.2956702, -7.0004894 52.2939246, -6.9969785 52.2925188, -6.9934708 52.2911438, -6.9931866 52.288135, -6.993043705803096 52.2866049597632, -6.9859878738583205 52.28179064948532)"
way/180637986-220,way/104388595-220,220.0,491.5560191880474,82720.68,Al/St 240/40 2-bundle 220.0,"LINESTRING (-8.545611318931646 52.640117777764075, -8.545614391807296 52.63473598847723, -8.545453 52.6334469, -8.5452062 52.6311479, -8.5448951 52.629084, -8.5446134 52.6266252, -8.5425776 52.6252022, -8.5387367 52.622643, -8.5347134 52.6199074, -8.5305184 52.6170085, -8.5283297 52.6155627, -8.5252184 52.6135104, -8.5209161 52.6106114, -8.5177833 52.6084227, -8.5148972 52.6065137, -8.5118073 52.6043893, -8.5123652 52.6017698, -8.5130841 52.5984009, -8.5137922 52.5951489, -8.5146722 52.5909945, -8.5151443 52.5885927, -8.5158306 52.5856068, -8.5166685 52.5815914, -8.5171718 52.5791793, -8.5179657 52.5757561, -8.5186662 52.5722831, -8.5193926 52.5690076, -8.519972 52.5660666, -8.5204977 52.5636076, -8.5211951 52.5606009, -8.5217959 52.5573396, -8.5225147 52.5543521, -8.5232872 52.5505101, -8.5238665 52.5478548, -8.5245317 52.5449058, -8.525154 52.5419174, -8.5258407 52.5387069, -8.5225254 52.53656, -8.5189098 52.5342364, -8.5148221 52.5316131, -8.5105628 52.5289368, -8.5075694 52.5269786, -8.5036641 52.5244655, -8.500188 52.522233, -8.4969908 52.5200787, -8.4938151 52.5180419, -8.4900171 52.5156001, -8.4866697 52.5134585, -8.4836871 52.5115, -8.4802002 52.5092668, -8.4760481 52.506596, -8.4735268 52.5049892, -8.470394 52.5029516, -8.4671646 52.5008816, -8.4631843 52.4983341, -8.4595472 52.4959826, -8.4561998 52.4938205, -8.4532815 52.4919392, -8.4516722 52.4886859, -8.4499556 52.4852233, -8.448239 52.4817673, -8.4466297 52.4785129, -8.4452886 52.4757618, -8.4438723 52.4730366, -8.4424776 52.4702659, -8.4409112 52.467076, -8.4393555 52.4639581, -8.4379608 52.4611538, -8.4361154 52.4574344, -8.4344524 52.454139, -8.4332615 52.4517136, -8.431856 52.4489543, -8.4303647 52.4459002, -8.4287018 52.4425192, -8.4269422 52.4390334, -8.4252636 52.435672, -8.423745 52.4326041, -8.4223932 52.431335, -8.4193033 52.4284632, -8.416428 52.4256759, -8.4130591 52.4224504, -8.4101948 52.4194999, -8.4073621 52.4167778, -8.4045082 52.4140294, -8.4014291 52.4110844, -8.3981748 52.4079577, -8.3950669 52.4049714, -8.3922025 52.4022326, -8.3894613 52.3995586, -8.3863017 52.3965603, -8.3835928 52.3939413, -8.3812707 52.3917353, -8.379104 52.3896201, -8.3764003 52.3870141, -8.3736108 52.3843358, -8.3733104 52.3819721, -8.3728383 52.3786059, -8.3723877 52.3752787, -8.3719478 52.371964, -8.3713685 52.3681388, -8.370875 52.3644174, -8.3703707 52.360775, -8.369963 52.3577672, -8.3695768 52.3548644, -8.3690725 52.3514044, -8.3686326 52.3482, -8.3681606 52.3448836, -8.3676885 52.3418223, -8.3672272 52.3382371, -8.3667658 52.3348741, -8.3664225 52.3324156, -8.3660041 52.3292157, -8.3655856 52.3263572, -8.3652638 52.3240225, -8.3647595 52.3205998, -8.3620666 52.3172154, -8.3600817 52.3146448, -8.3577107 52.3116732, -8.3553611 52.3086759, -8.3531187 52.3058613, -8.3508272 52.3029737, -8.3490632 52.3007507, -8.3465175 52.2975513, -8.3439992 52.2943862, -8.3419227 52.291755, -8.3404265 52.2898456, -8.340684 52.2871283, -8.3409737 52.2838795, -8.3412205 52.2808737, -8.3415209 52.2775458, -8.3417891 52.2744407, -8.3420144 52.2715846, -8.3422397 52.2691555, -8.3424865 52.2665029, -8.3426796 52.2639359, -8.3430229 52.2598774, -8.3452974 52.2567386, -8.3476792 52.2534482, -8.3497713 52.2504795, -8.3519201 52.24751, -8.3536123 52.2450997, -8.3553289 52.2426556, -8.3576023 52.2395153, -8.3596311 52.2366901, -8.3617125 52.2338257, -8.3638583 52.2308293, -8.3662723 52.2274056, -8.3685146 52.2243033, -8.3706067 52.2213851, -8.3726881 52.218454, -8.3736966 52.2162516, -8.3752738 52.2127219, -8.3768635 52.2091985, -8.3782993 52.206016, -8.3799081 52.2022748, -8.3814209 52.1989406, -8.3827073 52.1960668, -8.3842951 52.1925286, -8.3853358 52.1902006, -8.3868915 52.1866751, -8.3881253 52.1839584, -8.3894557 52.1809517, -8.3907431 52.1780508, -8.3918375 52.175478, -8.3932537 52.1723727, -8.3915156 52.1690297, -8.3898419 52.1657924, -8.3882111 52.1626795, -8.3866599 52.1597098, -8.3850569 52.156598, -8.3834583 52.1535368, -8.3818811 52.1504366, -8.3813887 52.1475202, -8.3809595 52.1447419, -8.3805626 52.1421211, -8.3798545 52.1376962, -8.3793829 52.1345682, -8.3789752 52.1320001, -8.3786104 52.1295238, -8.3781276 52.1266057, -8.377559 52.123141, -8.3770011 52.1191358, -8.3764539 52.1157759, -8.3758424 52.1119088, -8.3754562 52.109286, -8.3749197 52.1060444, -8.3745442 52.1035662, -8.374158 52.1010883, -8.3736859 52.0980764, -8.372377 52.0952093, -8.370875 52.0919729, -8.3693622 52.0887629, -8.3679674 52.0856908, -8.3663796 52.082249, -8.3647166 52.0786292, -8.3637295 52.0764997, -8.3624099 52.0736177, -8.3611439 52.0709402, -8.3598994 52.0682168, -8.3584188 52.0649781, -8.3569489 52.0617596, -8.3554517 52.0585634, -8.3542453 52.0558754, -8.3539234 52.0517652, -8.3536659 52.0482547, -8.3534621 52.0456157, -8.3532904 52.04322, -8.3530544 52.0405609, -8.3527754 52.0369176, -8.3525501 52.0341786, -8.3523355 52.0315252, -8.3520458 52.0283171, -8.3518205 52.0251752, -8.3514987 52.0211348, -8.3512519 52.0179917, -8.3509837 52.0146312, -8.3507155 52.0110851, -8.3504674 52.0085221, -8.3502957 52.0057681, -8.350006 52.0026375, -8.3498558 52.0002134, -8.3483538 51.9969172, -8.3468839 51.9934887, -8.345575 51.9906215, -8.3442447 51.9876814, -8.3428719 51.9845693, -8.3416703 51.9818997, -8.3402004 51.9785295, -8.3387091 51.9752053, -8.3372178 51.9718082, -8.3357479 51.9684835, -8.334321 51.9653638, -8.3332589 51.9628584, -8.331156 51.9615031, -8.3287206 51.9599165, -8.3259633 51.9581446, -8.32595372317782 51.9581383618721, -8.319298979591615 51.95419524504926)"
way/194614470-220,way/179121616-220,220.0,491.5560191880474,10186.44,Al/St 240/40 2-bundle 220.0,"LINESTRING (-8.382673811314804 53.16716201280876, -8.380141185884836 53.172085948641815, -8.3795221 53.1729906, -8.3762764 53.1747494, -8.3732587 53.1764275, -8.372345 53.1768023, -8.3672766 53.1762742, -8.3625484 53.1757878, -8.3576876 53.1752687, -8.3533601 53.1748135, -8.3500541 53.1731232, -8.3455054 53.1706927, -8.3430677 53.1694082, -8.3383278 53.1679708, -8.3344483 53.1667912, -8.3298039 53.1653632, -8.3278124 53.1622015, -8.3261591 53.1592675, -8.3241138 53.1558582, -8.3221325 53.1525048, -8.3190256 53.1508949, -8.3155603 53.1490842, -8.3107726 53.146724, -8.3081399 53.1453777, -8.3051207 53.1438201, -8.3015299 53.142009, -8.2971847 53.1410308, -8.2930863 53.140207, -8.287797 53.1390743, -8.2845247 53.1383599, -8.2794499 53.1372657, -8.277012242950532 53.13674454370364, -8.268997224241016 53.13420439020486)"
way/180637986-220,way/197846408-220,220.0,491.5560191880474,89933.24,Al/St 240/40 2-bundle 220.0,"LINESTRING (-8.545611318931646 52.640117777764075, -8.53798752616111 52.643028852188124, -8.5377508 52.6431089, -8.5347413 52.6441244, -8.5314797 52.6452608, -8.5272954 52.6470998, -8.5243986 52.6483558, -8.5202428 52.6502227, -8.5154792 52.6522665, -8.5136124 52.6530866, -8.5098359 52.6548178, -8.5061237 52.6564058, -8.501918 52.6582801, -8.4982572 52.6599669, -8.4941481 52.6618021, -8.4902106 52.6635265, -8.4859094 52.6654284, -8.4815739 52.6673199, -8.4773575 52.6691612, -8.4735487 52.6708527, -8.4690855 52.6728305, -8.464676 52.6747626, -8.4600315 52.6768202, -8.455653 52.6787176, -8.4517703 52.6804303, -8.447306 52.6823797, -8.4429715 52.6843244, -8.438444 52.686295, -8.4362982 52.6884346, -8.4330259 52.691465, -8.4299145 52.6944822, -8.4268568 52.6974407, -8.4240244 52.7001714, -8.4215246 52.7025639, -8.4185205 52.7054827, -8.4156988 52.7081871, -8.4151087 52.7106311, -8.4143695 52.7135775, -8.4136174 52.7164903, -8.4128986 52.7195123, -8.4121369 52.722625, -8.411226 52.7259053, -8.4073518 52.728353, -8.4025667 52.7311597, -8.3990048 52.7332387, -8.3954642 52.7353175, -8.3915064 52.7376386, -8.3876537 52.7398907, -8.3835982 52.74232, -8.3797047 52.7446017, -8.3763669 52.7465677, -8.3732459 52.7484205, -8.3697912 52.7504727, -8.3655952 52.7529449, -8.3619152 52.7551007, -8.3581064 52.7573474, -8.3545016 52.759477, -8.3504031 52.7618728, -8.3469495 52.7639197, -8.3438489 52.765731, -8.3393632 52.7683581, -8.3360158 52.7703314, -8.3336136 52.7717679, -8.3300827 52.77383, -8.3286451 52.7763547, -8.327304 52.778769, -8.3255455 52.7819054, -8.3242784 52.7841747, -8.3223472 52.788029, -8.3204375 52.7913704, -8.3188394 52.794251, -8.3172087 52.7970924, -8.3153102 52.8004805, -8.3137111 52.803339, -8.3119193 52.8064976, -8.3102462 52.8095283, -8.3083144 52.8129763, -8.3062545 52.8166336, -8.3045062 52.8197737, -8.3030149 52.8223542, -8.3012769 52.8255114, -8.299313 52.8289777, -8.2976285 52.8320048, -8.2958795 52.8350057, -8.2942058 52.8379352, -8.2920868 52.8417513, -8.2902737 52.8449202, -8.2890828 52.8470326, -8.2869531 52.8508366, -8.2850809 52.8542114, -8.2837773 52.8565054, -8.2820715 52.8584683, -8.2790996 52.8619468, -8.2770933 52.8642332, -8.2742823 52.8674263, -8.2720936 52.8700363, -8.2699693 52.8724324, -8.2675612 52.8751709, -8.2648039 52.8783822, -8.2619715 52.8816714, -8.2591283 52.8849214, -8.2570684 52.8872067, -8.2539999 52.8890451, -8.2510066 52.8908706, -8.2474017 52.8929743, -8.2439899 52.8950326, -8.2405031 52.8970584, -8.2360184 52.8996537, -8.2319736 52.9022099, -8.2277679 52.9045849, -8.2241738 52.906662, -8.2200432 52.9091661, -8.2172 52.9107513, -8.2144427 52.9134493, -8.2115889 52.9161924, -8.2095933 52.9182043, -8.2064068 52.9211281, -8.2031023 52.9243364, -8.2010639 52.9264191, -8.1981778 52.9291161, -8.194294 52.932867, -8.1915152 52.9354536, -8.1893802 52.9376263, -8.1857065 52.9411254, -8.1827176 52.9440273, -8.1794453 52.9470787, -8.1763232 52.9501299, -8.1736302 52.9527091, -8.1716883 52.954687, -8.1694782 52.9566971, -8.1662595 52.95978, -8.1640816 52.9619449, -8.1605411 52.9652601, -8.1589961 52.9669337, -8.1564051 52.9694182, -8.1562243 52.972742, -8.1559706 52.9756949, -8.1559062 52.9790994, -8.155638 52.9822969, -8.1556058 52.9854684, -8.1552839 52.9886202, -8.1553268 52.9917331, -8.155123 52.9955109, -8.154844 52.9979711, -8.1546831 53.0014061, -8.1545436 53.0045245, -8.1544363 53.0078105, -8.1542904 53.0110005, -8.1540608 53.0144335, -8.1529129 53.0164086, -8.1510246 53.0197195, -8.1493509 53.0226882, -8.1477523 53.0255405, -8.1458747 53.0287668, -8.1445122 53.0310638, -8.1427741 53.0341801, -8.1412292 53.03698, -8.1391478 53.0405152, -8.1372273 53.043863, -8.135221 53.0472621, -8.1333005 53.0505707, -8.1315732 53.0535823, -8.1302643 53.0559167, -8.1283803 53.0592062, -8.1271851 53.061275, -8.125329 53.064402, -8.1239557 53.0667874, -8.1223357 53.0695465, -8.1203723 53.0728469, -8.1186557 53.075915, -8.1168103 53.0792085, -8.1150615 53.0822246, -8.1108494 53.0836498, -8.1062746 53.0852277, -8.1023479 53.0865873, -8.0981851 53.0880565, -8.0928314 53.0899315, -8.0875635 53.0917743, -8.0833149 53.0932755, -8.0781007 53.0951245, -8.0731761 53.0968382, -8.0688739 53.0983199, -8.0640781 53.0999819, -8.0591536 53.1016954, -8.0544865 53.1034088, -8.0502272 53.1049096, -8.0466861 53.1061528, -8.0415685 53.1079372, -8.0369878 53.1095019, -8.0323787 53.1111197, -8.0276537 53.1126576, -8.0229223 53.1141001, -8.0182338 53.1155812, -8.0134594 53.1170977, -8.0092752 53.1184467, -8.0040824 53.1201208, -7.9996022 53.1215064, -7.9955038 53.1227812, -7.991223 53.1241397, -7.9866311 53.1255819, -7.9849359 53.1273651, -7.9814925 53.1308929, -7.9785099 53.1339375, -7.9750659 53.1374905, -7.9721048 53.1405669, -7.9698946 53.1428579, -7.9675021 53.1452776, -7.9647555 53.148141, -7.9623952 53.1505025, -7.9601528 53.1528638, -7.957535 53.1555402, -7.9570307 53.1583837, -7.9564943 53.1612077, -7.9559149 53.1645783, -7.9553785 53.1675048, -7.954724 53.1711321, -7.9540696 53.1749521, -7.9535868 53.1777557, -7.9529109 53.1810221, -7.952471 53.1838639, -7.9519238 53.1866734, -7.9512586 53.1904148, -7.9507329 53.1932432, -7.9501428 53.1963349, -7.94966 53.1993363, -7.9492416 53.2022862, -7.9488125 53.2055443, -7.948394 53.2089821, -7.9478898 53.2126059, -7.9474177 53.2162037, -7.9470207 53.219268, -7.9466672 53.2225511, -7.9462161 53.2257108, -7.9458084 53.2285303, -7.9480936 53.2314075, -7.95069 53.2345543, -7.9528894 53.2373091, -7.9555824 53.2404939, -7.9577281 53.2432033, -7.9599275 53.2458741, -7.961848 53.2482623, -7.9642191 53.2511638, -7.9666116 53.254078, -7.9688754 53.2568829, -7.9711499 53.2596555, -7.9766967 53.2604706, -7.9824366 53.2613177, -7.9875752 53.262075, -7.9928323 53.2628451, -7.998304 53.2636534, -8.0037109 53.2644851, -8.0077036 53.2650466, -8.0123442 53.2657429, -8.0159926 53.2665966, -8.0188518 53.2672668, -8.0210845 53.267774, -8.024243 53.2685112, -8.0279486 53.2693783, -8.02917193810904 53.269660156011554, -8.037758529323822 53.27107816229611)"
way/183749097-220,way/27144164-220,220.0,491.5560191880474,3868.87,Al/St 240/40 2-bundle 220.0,"LINESTRING (-6.364935020332861 53.41937072230031, -6.356508837120031 53.415586427578695, -6.3555435 53.4153699, -6.3528742 53.4147765, -6.3503838 53.4142136, -6.3467328 53.4133905, -6.3446088 53.41169, -6.341933 53.409572, -6.3391328 53.4073528, -6.3339336 53.4069249, -6.3289468 53.4065255, -6.326374008920141 53.40630781028626, -6.314633292765662 53.405574384290084)"
way/183749097-220,way/27144164-220,220.0,491.5560191880474,3868.87,Al/St 240/40 2-bundle 220.0,"LINESTRING (-6.364935020332861 53.41937072230031, -6.356508837120031 53.415586427578695, -6.3555435 53.4153699, -6.3528742 53.4147765, -6.3503838 53.4142136, -6.3467328 53.4133905, -6.3446088 53.41169, -6.341933 53.409572, -6.3391328 53.4073528, -6.3339336 53.4069249, -6.3289468 53.4065255, -6.326374008920141 53.40630781028626, -6.314633292765662 53.405574384290084)"
way/264275258-275,IE1-275,275.0,921.6675359775888,48326.6,Al/St 240/40 3-bundle 300.0,"LINESTRING (-6.56563199544333 53.9674828373156, -6.565424835172431 53.97299470424087, -6.5653829 53.9733477, -6.5649645 53.9765342, -6.5646855 53.9786921, -6.5644924 53.9800739, -6.5640965 53.982795, -6.5637521 53.9856194, -6.5634517 53.987985, -6.5628831 53.9905081, -6.5622823 53.9934222, -6.5617351 53.9959198, -6.5610139 53.9992575, -6.5605057 54.001391, -6.5626134 54.0033611, -6.5655609 54.0061356, -6.5679797 54.00843, -6.566152 54.0117845, -6.5648688 54.0142386, -6.5632978 54.0170489, -6.5621934 54.0191462, -6.5631267 54.0218283, -6.5639588 54.0245056, -6.5648377 54.0272832, -6.5656854 54.0299876, -6.5668364 54.0335414, -6.5676997 54.0365559, -6.568664 54.0394606, -6.5695273 54.0421322, -6.5703238 54.0446643, -6.5734891 54.0468881, -6.5775722 54.0497373, -6.5806986 54.0519608, -6.584245 54.0544627, -6.587317 54.0566221, -6.5872836 54.0573367, -6.5872082 54.0589685, -6.5869748 54.0619081, -6.5867726 54.0646833, -6.586656 54.0667052, -6.5864382 54.0695485, -6.5862671 54.0720402, -6.5860182 54.075563, -6.5858316 54.0778536, -6.5856061 54.0808421, -6.5854038 54.0839672, -6.5851239 54.0877536, -6.5849139 54.090299, -6.5847817 54.0923835, -6.5839106 54.0953892, -6.5827829 54.0991608, -6.5821063 54.1015048, -6.5812353 54.104332, -6.5802505 54.1077128, -6.5794105 54.1107037, -6.5785939 54.1133525, -6.5777307 54.116147, -6.5770074 54.1187408, -6.5769685 54.1207783, -6.5768441 54.124976, -6.576813 54.12787, -6.5767663 54.1303172, -6.5766574 54.1339763, -6.5766341 54.136373, -6.5765874 54.1395669, -6.5765096 54.1431341, -6.5764396 54.1465324, -6.5765019 54.1500216, -6.5766185 54.1534695, -6.5766496 54.155865, -6.5767119 54.1592851, -6.5767974 54.162541, -6.5769218 54.1660834, -6.5769918 54.1686786, -6.5770929 54.1730809, -6.5749853 54.1767863, -6.5739276 54.1787572, -6.571802 54.1826459, -6.5701479 54.1855432, -6.5671925 54.1878824, -6.5632262 54.1911769, -6.5625262 54.1940572, -6.5616785 54.1972329, -6.5609941 54.1999626, -6.5601464 54.203047, -6.5593998 54.2063085, -6.5586454 54.2090421, -6.5560789 54.2114845, -6.5536368 54.2137903, -6.5508293 54.2164143, -6.5482472 54.2187745, -6.5460385 54.2210253, -6.5430287 54.2239171, -6.5398789 54.2268269, -6.5370403 54.2294683, -6.5345049 54.231914, -6.5322028 54.2340823, -6.5291153 54.2370232, -6.5275909 54.2384004, -6.5243867 54.2414273, -6.5220458 54.2436178, -6.5194171 54.2461082, -6.5175039 54.2478622, -6.514743 54.2504795, -6.5124954 54.2520108, -6.5105433 54.2533375, -6.5051148 54.2570311, -6.5023616 54.2588938, -6.4996318 54.2607245, -6.4944522 54.2642222, -6.4924768 54.2655939, -6.4901825 54.2670474, -6.4865894 54.2692456, -6.4835952 54.2711031, -6.4801499 54.2732149, -6.476759 54.275381, -6.4738193 54.2771475, -6.4721783 54.2800853, -6.4704595 54.2832908, -6.4686163 54.2864688, -6.4672864 54.2889338, -6.4663609 54.2907133, -6.4640355 54.2947985, -6.4625967 54.2973583, -6.461399 54.299496, -6.4594547 54.3029858, -6.4576504 54.3063348, -6.4573316 54.3095291, -6.4571838 54.3118249, -6.4569427 54.3142113, -6.4566083 54.3182897, -6.4564372 54.3205169, -6.4561494 54.3241003, -6.4558461 54.3271481, -6.455465 54.3306084, -6.4535207 54.3328441, -6.4513587 54.3356419, -6.4497877 54.337442, -6.4475012 54.3400582, -6.4459146 54.3418445, -6.4442969 54.3442564, -6.4424615 54.3468585, -6.4401672 54.3500815, -6.4387829 54.3520622, -6.436092 54.3558105, -6.4342099 54.3584753, -6.4319623 54.3616611, -6.4295436 54.3650189, -6.429019217299332 54.365686888537425, -6.425427150427644 54.36979599578601)"
way/264275258-275,IE1-275,275.0,921.6675359775888,48326.6,Al/St 240/40 3-bundle 300.0,"LINESTRING (-6.56563199544333 53.9674828373156, -6.565424835172431 53.97299470424087, -6.5653829 53.9733477, -6.5649645 53.9765342, -6.5646855 53.9786921, -6.5644924 53.9800739, -6.5640965 53.982795, -6.5637521 53.9856194, -6.5634517 53.987985, -6.5628831 53.9905081, -6.5622823 53.9934222, -6.5617351 53.9959198, -6.5610139 53.9992575, -6.5605057 54.001391, -6.5626134 54.0033611, -6.5655609 54.0061356, -6.5679797 54.00843, -6.566152 54.0117845, -6.5648688 54.0142386, -6.5632978 54.0170489, -6.5621934 54.0191462, -6.5631267 54.0218283, -6.5639588 54.0245056, -6.5648377 54.0272832, -6.5656854 54.0299876, -6.5668364 54.0335414, -6.5676997 54.0365559, -6.568664 54.0394606, -6.5695273 54.0421322, -6.5703238 54.0446643, -6.5734891 54.0468881, -6.5775722 54.0497373, -6.5806986 54.0519608, -6.584245 54.0544627, -6.587317 54.0566221, -6.5872836 54.0573367, -6.5872082 54.0589685, -6.5869748 54.0619081, -6.5867726 54.0646833, -6.586656 54.0667052, -6.5864382 54.0695485, -6.5862671 54.0720402, -6.5860182 54.075563, -6.5858316 54.0778536, -6.5856061 54.0808421, -6.5854038 54.0839672, -6.5851239 54.0877536, -6.5849139 54.090299, -6.5847817 54.0923835, -6.5839106 54.0953892, -6.5827829 54.0991608, -6.5821063 54.1015048, -6.5812353 54.104332, -6.5802505 54.1077128, -6.5794105 54.1107037, -6.5785939 54.1133525, -6.5777307 54.116147, -6.5770074 54.1187408, -6.5769685 54.1207783, -6.5768441 54.124976, -6.576813 54.12787, -6.5767663 54.1303172, -6.5766574 54.1339763, -6.5766341 54.136373, -6.5765874 54.1395669, -6.5765096 54.1431341, -6.5764396 54.1465324, -6.5765019 54.1500216, -6.5766185 54.1534695, -6.5766496 54.155865, -6.5767119 54.1592851, -6.5767974 54.162541, -6.5769218 54.1660834, -6.5769918 54.1686786, -6.5770929 54.1730809, -6.5749853 54.1767863, -6.5739276 54.1787572, -6.571802 54.1826459, -6.5701479 54.1855432, -6.5671925 54.1878824, -6.5632262 54.1911769, -6.5625262 54.1940572, -6.5616785 54.1972329, -6.5609941 54.1999626, -6.5601464 54.203047, -6.5593998 54.2063085, -6.5586454 54.2090421, -6.5560789 54.2114845, -6.5536368 54.2137903, -6.5508293 54.2164143, -6.5482472 54.2187745, -6.5460385 54.2210253, -6.5430287 54.2239171, -6.5398789 54.2268269, -6.5370403 54.2294683, -6.5345049 54.231914, -6.5322028 54.2340823, -6.5291153 54.2370232, -6.5275909 54.2384004, -6.5243867 54.2414273, -6.5220458 54.2436178, -6.5194171 54.2461082, -6.5175039 54.2478622, -6.514743 54.2504795, -6.5124954 54.2520108, -6.5105433 54.2533375, -6.5051148 54.2570311, -6.5023616 54.2588938, -6.4996318 54.2607245, -6.4944522 54.2642222, -6.4924768 54.2655939, -6.4901825 54.2670474, -6.4865894 54.2692456, -6.4835952 54.2711031, -6.4801499 54.2732149, -6.476759 54.275381, -6.4738193 54.2771475, -6.4721783 54.2800853, -6.4704595 54.2832908, -6.4686163 54.2864688, -6.4672864 54.2889338, -6.4663609 54.2907133, -6.4640355 54.2947985, -6.4625967 54.2973583, -6.461399 54.299496, -6.4594547 54.3029858, -6.4576504 54.3063348, -6.4573316 54.3095291, -6.4571838 54.3118249, -6.4569427 54.3142113, -6.4566083 54.3182897, -6.4564372 54.3205169, -6.4561494 54.3241003, -6.4558461 54.3271481, -6.455465 54.3306084, -6.4535207 54.3328441, -6.4513587 54.3356419, -6.4497877 54.337442, -6.4475012 54.3400582, -6.4459146 54.3418445, -6.4442969 54.3442564, -6.4424615 54.3468585, -6.4401672 54.3500815, -6.4387829 54.3520622, -6.436092 54.3558105, -6.4342099 54.3584753, -6.4319623 54.3616611, -6.4295436 54.3650189, -6.429019217299332 54.365686888537425, -6.425427150427644 54.36979599578601)"
way/264852019-220,way/88462768-220,220.0,491.5560191880474,42189.27,Al/St 240/40 2-bundle 220.0,"LINESTRING (-6.644208043451297 53.700933987627394, -6.645084099263061 53.69538863279433, -6.6447846 53.6936689, -6.6443597 53.6909054, -6.6438425 53.6875836, -6.6438173 53.686375, -6.6434473 53.6853602, -6.6430057 53.6826594, -6.6411072 53.6817352, -6.6379095 53.6801367, -6.6343582 53.6783573, -6.6311074 53.6767304, -6.6264296 53.6744298, -6.6227625 53.6725858, -6.6231488 53.6697383, -6.6235221 53.6669742, -6.6239105 53.664297, -6.6243075 53.6613791, -6.6247474 53.6581494, -6.6250156 53.6561847, -6.6253997 53.653318, -6.6257323 53.6507363, -6.6260863 53.6483135, -6.6264404 53.6458078, -6.626936 53.6422134, -6.6260327 53.6398292, -6.6253782 53.6379909, -6.6243718 53.635261, -6.6232775 53.6322647, -6.6221295 53.6291282, -6.6210674 53.6262078, -6.6199709 53.6231672, -6.6189645 53.6204046, -6.6179131 53.6174899, -6.6169024 53.6147988, -6.615821 53.6118192, -6.6149391 53.6093505, -6.6137991 53.6064013, -6.6127718 53.6034622, -6.6147674 53.6010939, -6.6168187 53.5986927, -6.6190289 53.5961458, -6.6210245 53.5937135, -6.6233397 53.5910654, -6.6256357 53.5883907, -6.6277278 53.5859388, -6.6295753 53.5837851, -6.6314507 53.5815441, -6.6339742 53.578594, -6.6358388 53.57641, -6.6375254 53.5744661, -6.6393472 53.5723456, -6.6417847 53.5694522, -6.6438104 53.5670766, -6.6457651 53.5647881, -6.647868 53.5623603, -6.6500138 53.5598177, -6.6522346 53.5572111, -6.654603 53.5543441, -6.6569017 53.5516343, -6.6591762 53.5489953, -6.6614266 53.5463509, -6.6601606 53.5441579, -6.6585727 53.5414356, -6.6569848 53.5387132, -6.6557188 53.5364114, -6.6544636 53.5342434, -6.6530259 53.531731, -6.6519637 53.5297732, -6.6506441 53.5274072, -6.6495927 53.5256596, -6.6481014 53.5231403, -6.6467388 53.5207484, -6.6466127 53.5188976, -6.6464062 53.5161874, -6.6461621 53.5137941, -6.6460441 53.5118036, -6.6458268 53.5091249, -6.6456471 53.5068142, -6.6454111 53.5040576, -6.6451643 53.5011222, -6.6449176 53.4981036, -6.6446279 53.4951359, -6.644467 53.4924807, -6.6443811 53.491536, -6.6441531 53.4891369, -6.6439412 53.4864165, -6.6437696 53.4846801, -6.643585 53.4820698, -6.6433512 53.4789659, -6.6430915 53.4760042, -6.6428576 53.4732255, -6.6426731 53.4707487, -6.6424049 53.4676449, -6.6421903 53.4649752, -6.6419113 53.462101, -6.6416775 53.459117, -6.6414822 53.4567671, -6.6412912 53.4543194, -6.6411088 53.452243, -6.6409135 53.449861, -6.6398298 53.4476055, -6.638478 53.4448962, -6.6372978 53.4425191, -6.6359675 53.4397967, -6.63454 53.4368654, -6.6332102 53.4340637, -6.6318261 53.4313024, -6.630485 53.4285985, -6.629101 53.425741, -6.6275775 53.4225891, -6.6261291 53.4196033, -6.6248202 53.416905, -6.6239088 53.4151338, -6.6249656 53.4126692, -6.6259671 53.4103312, -6.627003 53.4079006, -6.6278908 53.4058636, -6.6287335 53.4038984, -6.6299647 53.4011137, -6.6297276 53.3986797, -6.6295709 53.3968175, -6.6293252 53.3939636, -6.6289894 53.3912208, -6.6287738 53.3882692, -6.6286186 53.3854976, -6.628316 53.3831114, -6.6280829 53.3807523, -6.6278501 53.3779312, -6.6275829 53.3749774, -6.6273317 53.3721645, -6.6270929 53.3697628, -6.6268596 53.3665972, -6.6265819 53.3638159, -6.6264574 53.3621977, -6.624302 53.359717, -6.6221739 53.3573517, -6.6198238 53.3545899, -6.617905 53.3524587, -6.6158727 53.3502014, -6.61116017297722 53.34956970722608, -6.601984978174334 53.34857593005784)"
way/35150701-220,way/147525695-220,220.0,491.5560191880474,53777.24,Al/St 240/40 2-bundle 220.0,"LINESTRING (-6.196615495066113 53.256186057904344, -6.194785134350309 53.25065027691512, -6.19457 53.2500215, -6.1936448 53.2473423, -6.1925119 53.2439988, -6.1914989 53.2410825, -6.1904863 53.2380866, -6.1897225 53.235894, -6.1855253 53.2343417, -6.1803411 53.2325024, -6.1766132 53.2312111, -6.175215 53.2290958, -6.1733888 53.226229, -6.1718992 53.2239925, -6.1715216 53.220899, -6.1713928 53.2197427, -6.1708864 53.2155541, -6.1705593 53.2129452, -6.1701724 53.2095679, -6.1700002 53.2083966, -6.169803 53.2066582, -6.1694071 53.2032678, -6.1690458 53.2003982, -6.1686457 53.1972542, -6.16553 53.1949918, -6.1641482 53.1939685, -6.1600025 53.1909653, -6.1578224 53.1893763, -6.1538742 53.1865014, -6.1515896 53.1848244, -6.1512902 53.1827915, -6.1508424 53.1802621, -6.1504238 53.1780402, -6.1500208 53.1755343, -6.1479229 53.1738516, -6.1451404 53.1715633, -6.1425979 53.1694719, -6.1393047 53.1667591, -6.138146 53.1636254, -6.1370817 53.1606716, -6.1367996 53.1596032, -6.1362406 53.158191, -6.1360221 53.1575713, -6.1353222 53.1555868, -6.1347246 53.153696, -6.1346699 53.1535229, -6.1333137 53.1500022, -6.1325327 53.1478248, -6.1314684 53.1449317, -6.1303612 53.1417552, -6.129108 53.1382335, -6.1268421 53.136246, -6.1249624 53.134521, -6.1231857 53.1329402, -6.120333 53.1304296, -6.1177526 53.1281766, -6.117272 53.1259311, -6.1168514 53.1240924, -6.1162764 53.1215119, -6.1156326 53.1187303, -6.1150318 53.1160722, -6.1144997 53.1136613, -6.1139761 53.111348, -6.1133753 53.1085813, -6.1125256 53.1050878, -6.111797 53.1041635, -6.1101738 53.1021042, -6.1095386 53.1013312, -6.1067636 53.0977616, -6.1046549 53.0950489, -6.1029554 53.0929408, -6.1004063 53.0896832, -6.0981747 53.0868326, -6.0957314 53.0837643, -6.0936286 53.0811195, -6.0913884 53.0782786, -6.0891826 53.0754994, -6.0869166 53.0726324, -6.0844121 53.0693897, -6.0846773 53.066092, -6.0849563 53.0633327, -6.0851387 53.0609987, -6.0853962 53.0580972, -6.0857073 53.0552535, -6.0859326 53.0527062, -6.0861686 53.0503007, -6.0864154 53.0477338, -6.0867051 53.0451023, -6.0868016 53.0437671, -6.0869518 53.0419481, -6.0871557 53.0399291, -6.0864047 53.0364455, -6.0856322 53.0330455, -6.0849885 53.0301163, -6.0842804 53.026761, -6.0837439 53.024296, -6.0833791 53.0224503, -6.0825423 53.0187523, -6.0818068 53.0153761, -6.08295 53.0128466, -6.0842053 53.0099999, -6.085364 53.0074048, -6.0867158 53.0044418, -6.0880476 53.0015523, -6.0890207 52.9994076, -6.0905882 52.9959709, -6.0943037 52.9944137, -6.0965131 52.9934777, -6.0967971 52.9910218, -6.098623 52.9892312, -6.1020418 52.9857868, -6.1048365 52.9829626, -6.1076368 52.980159, -6.1108191 52.9769727, -6.1133486 52.97444, -6.1162635 52.9715211, -6.1187096 52.9690714, -6.1204973 52.9673156, -6.1231487 52.9646347, -6.1254523 52.9623656, -6.1255125 52.9585781, -6.1257642 52.954842, -6.1259202 52.9521171, -6.1259922 52.9496883, -6.1261601 52.9468617, -6.1262561 52.9435434, -6.1262831 52.9411718, -6.1264961 52.9380557, -6.1294114 52.9353661, -6.1320228 52.9330805, -6.1353354 52.9301503, -6.1386916 52.9270493, -6.1415851 52.924445, -6.1448789 52.9215155, -6.1471577 52.9194562, -6.1493611 52.9175052, -6.152987 52.9141363, -6.1561958 52.9113051, -6.1588904 52.9088769, -6.1622998 52.9058065, -6.1648915 52.9034555, -6.1675501 52.9010982, -6.1700133 52.8988556, -6.1734123 52.8958031, -6.1761738 52.8932747, -6.1786228 52.8911154, -6.1799214 52.8871547, -6.1807464 52.8844404, -6.1819589 52.8807389, -6.1831641 52.876998, -6.1840466 52.8741922, -6.1850438 52.8711133, -6.185876 52.8684543, -6.1839892 52.8661416, -6.1812917 52.8628587, -6.1795914 52.8607363, -6.177891 52.8586701, -6.1754948 52.8557504, -6.1728762 52.8525749, -6.1701523 52.8492437, -6.1681332 52.8467499, -6.1662207 52.844359, -6.1642636 52.8419158, -6.1615739 52.8386292, -6.15932 52.8358196, -6.1564329 52.8322893, -6.1554598 52.8293467, -6.1544939 52.8264013, -6.1535439 52.8236893, -6.1525061 52.8206719, -6.152120526367287 52.819507225632655, -6.147666672058022 52.81517232542352)"
way/89760546-220,way/1154822210-220,220.0,491.5560191880474,70280.77,Al/St 240/40 2-bundle 220.0,"LINESTRING (-6.9859878738583205 52.28179064948532, -6.9854696997158525 52.28744930343488, -6.9833939 52.2892681, -6.980822 52.2915486, -6.9782611 52.2934215, -6.9757923 52.2950867, -6.9733135 52.2967975, -6.9691872 52.297245, -6.963936 52.2977838, -6.9593717 52.2982708, -6.9571135 52.2985077, -6.953568 52.2988796, -6.9493023 52.2993301, -6.9431149 52.2999783, -6.9398899 52.3003041, -6.9363061 52.3018656, -6.932792 52.3033418, -6.929039 52.3049579, -6.9256992 52.3063305, -6.9220606 52.3078583, -6.9182877 52.3094773, -6.9139972 52.3112606, -6.9103377 52.3127968, -6.9056101 52.3147813, -6.9019019 52.3163513, -6.8975566 52.3181648, -6.8955905 52.320827, -6.8936351 52.3233663, -6.8916559 52.3260461, -6.8893194 52.3291804, -6.8874773 52.3316827, -6.8853878 52.3344671, -6.8835361 52.3369346, -6.8815931 52.339561, -6.8798673 52.3419381, -6.8780404 52.3443084, -6.8754081 52.3478569, -6.8731943 52.3508342, -6.8710224 52.3536948, -6.8685157 52.3571005, -6.8662694 52.3600488, -6.8645486 52.3624401, -6.8626743 52.3649535, -6.8610001 52.3671459, -6.857912 52.3696277, -6.8552238 52.3717772, -6.8523124 52.3741254, -6.849136 52.3766977, -6.8462153 52.3790172, -6.8432016 52.3814644, -6.8432016 52.3846381, -6.8432295 52.3878342, -6.8432249 52.3905051, -6.8432342 52.3940272, -6.843397 52.3970383, -6.8433132 52.4004946, -6.8433458 52.4034257, -6.8433086 52.4066234, -6.8433365 52.4093754, -6.8450294 52.4112676, -6.8476291 52.4140307, -6.850308 52.4169751, -6.8531449 52.4200357, -6.8552006 52.4222706, -6.8573306 52.4245764, -6.8596374 52.4270409, -6.8620697 52.4297179, -6.8650651 52.4329701, -6.8672719 52.4353561, -6.8695654 52.4378557, -6.8720856 52.440591, -6.8741057 52.4427571, -6.8764792 52.4453295, -6.8786793 52.447727, -6.8808394 52.4500675, -6.8833262 52.4527817, -6.8838463 52.4558167, -6.8843663 52.4589611, -6.884913 52.4621744, -6.8854264 52.4651396, -6.8858864 52.467991, -6.8864664 52.4713985, -6.8869331 52.4741439, -6.8874398 52.4771408, -6.8878998 52.4799305, -6.8885399 52.4836619, -6.8890998 52.4870013, -6.8895968 52.4899548, -6.8900126 52.4925212, -6.889678 52.4953987, -6.8893913 52.4980695, -6.8890473 52.5011503, -6.8886489 52.5045308, -6.8883147 52.507404, -6.887997 52.5102689, -6.8876388 52.5132509, -6.8873314 52.5159859, -6.8869765 52.5191566, -6.8866589 52.5217165, -6.8864359 52.5238773, -6.8861689 52.5262251, -6.8857364 52.5299707, -6.8853478 52.5332597, -6.8849626 52.536758, -6.8846179 52.5396457, -6.8842868 52.5424592, -6.8839725 52.5452191, -6.8829265 52.5478405, -6.8815048 52.5513153, -6.8804738 52.5538541, -6.8795935 52.5560138, -6.8782302 52.5594019, -6.878881 52.562542, -6.8793777 52.5649844, -6.8800148 52.5680762, -6.8805628 52.5707202, -6.8812821 52.5742613, -6.8818625 52.5770508, -6.88255 52.5804709, -6.8832722 52.5840406, -6.8838312 52.5866987, -6.8842444 52.5888082, -6.8841333 52.5913563, -6.8839979 52.5949398, -6.8838416 52.5978187, -6.8837209 52.6010041, -6.8835555 52.6039347, -6.8834464 52.6070832, -6.8833091 52.6099557, -6.8821582 52.6121527, -6.8803386 52.6157216, -6.879061 52.6182089, -6.8773962 52.6213393, -6.875918 52.6242215, -6.8744221 52.6271357, -6.8727398 52.6286589, -6.8693575 52.6317223, -6.8670873 52.6337815, -6.8653416 52.6353814, -6.8617974 52.6357808, -6.8581644 52.6362469, -6.8532835 52.6368231, -6.8494521 52.6372929, -6.8447373 52.6378869, -6.8433123 52.6406018, -6.8411681 52.644321, -6.839766 52.6468212, -6.8386243 52.648778, -6.837183 52.6513407, -6.8359057 52.6536003, -6.8341932 52.6565956, -6.8325592 52.6594565, -6.8309181 52.6623648, -6.8295623 52.66468, -6.8282708 52.6662898, -6.8258305 52.6691717, -6.8234687 52.6719323, -6.8209927 52.6748917, -6.818638 52.6776432, -6.81669 52.679988, -6.8139215 52.6832496, -6.8117238 52.6858493, -6.8093834 52.6885828, -6.8072784 52.6911302, -6.804517 52.6943824, -6.8020838 52.6972452, -6.7998433 52.699844, -6.7980309 52.7020189, -6.7930425 52.702718, -6.7881976 52.7033795, -6.7837736 52.7040064, -6.7781795 52.7047587, -6.7736556 52.705377, -6.7712045 52.7077629, -6.7681873 52.7107678, -6.7654073 52.7135279, -6.7631529 52.7158203, -6.7608054 52.7181198, -6.7582491 52.7206642, -6.7560241 52.7228787, -6.7533239 52.7255342, -6.7507155 52.7280988, -6.7474729 52.7313509, -6.7453468 52.7333983, -6.7413662 52.7351787, -6.7364768 52.7372535, -6.7327841 52.7388018, -6.7294597 52.7402386, -6.725583 52.7418487, -6.7232814 52.7428272, -6.7225013 52.7442182, -6.7244894 52.7463032, -6.7270331 52.7490157, -6.7309957 52.7492145, -6.7359216 52.749612, -6.7416137 52.7498903, -6.7468023 52.7502613, -6.7519909 52.7513347, -6.7559316 52.7521828, -6.760709 52.7531604, -6.7658928 52.7542101, -6.7692424 52.7564626, -6.7729423 52.7590197, -6.7763794 52.7613382, -6.7803639 52.764001, -6.7845892 52.766902, -6.7883872 52.7694935, -6.7922517 52.7721076, -6.7956731 52.7744185, -6.7984474 52.776306, -6.8014905 52.7783454, -6.8055818 52.7811211, -6.809785 52.7840498, -6.810739011220004 52.78466520967348, -6.816316759130855 52.788706116883716)"
way/185693432-220,way/147525695-220,220.0,491.5560191880474,39399.69,Al/St 240/40 2-bundle 220.0,"LINESTRING (-6.5375101011848855 52.57916027184355, -6.539947241817948 52.584445812625844, -6.5404798 52.5860922, -6.5388977 52.5886629, -6.5370599 52.5916251, -6.5355074 52.594065, -6.534029 52.596516, -6.5321431 52.5994822, -6.5303906 52.6022862, -6.5281749 52.6058866, -6.5268175 52.6080501, -6.5249256 52.6110604, -6.5231215 52.614014, -6.5211003 52.61714, -6.5167168 52.6193243, -6.5120541 52.6215838, -6.5074897 52.6238494, -6.5028839 52.6261307, -6.4983608 52.6283679, -6.4947165 52.6301438, -6.4892836 52.6328482, -6.4868902 52.6340121, -6.4832201 52.6358474, -6.4798084 52.6375038, -6.4766499 52.6390848, -6.4719046 52.6414154, -6.4687617 52.6429681, -6.4646831 52.6449409, -6.4598137 52.6473842, -6.4558385 52.6493725, -6.4512948 52.6515646, -6.4483276 52.6530291, -6.4447697 52.6547513, -6.4399511 52.657222, -6.4359721 52.6588084, -6.4323685 52.6602714, -6.427333 52.6622472, -6.4229751 52.6639899, -6.4174033 52.666212, -6.4134112 52.6677882, -6.4089808 52.669556, -6.4041088 52.6714926, -6.3993507 52.673368, -6.39485 52.6751588, -6.3901308 52.6770323, -6.3850157 52.6790023, -6.3807744 52.6806908, -6.3757412 52.6827379, -6.3715226 52.6844015, -6.366899 52.6862442, -6.36233 52.6880594, -6.3577498 52.689893, -6.3546037 52.6923563, -6.3512816 52.6949953, -6.3477376 52.6978993, -6.3443061 52.700552, -6.3407115 52.703335, -6.3373341 52.7059581, -6.3349634 52.7077951, -6.3309063 52.7110004, -6.3278214 52.7134242, -6.324343 52.7161623, -6.3214309 52.718429, -6.3186423 52.7206155, -6.3155788 52.723013, -6.3126403 52.7253448, -6.3083224 52.7286845, -6.3040122 52.7296324, -6.3001611 52.7305011, -6.2946107 52.7317757, -6.2896234 52.7329062, -6.2840312 52.734165, -6.2816336 52.7347178, -6.2789189 52.73532, -6.2740661 52.7364168, -6.2696841 52.7373972, -6.2639231 52.7387121, -6.2587919 52.7398771, -6.2539506 52.7409917, -6.2528424 52.7442515, -6.2517507 52.7473412, -6.2505397 52.750994, -6.2496046 52.7536854, -6.2483626 52.7571623, -6.247462 52.759992, -6.2466151 52.76266, -6.2457702 52.7652245, -6.2427435 52.7678289, -6.240216 52.770032, -6.236327 52.773426, -6.2335935 52.7758167, -6.2305812 52.7784746, -6.2274283 52.7811718, -6.2245457 52.7836902, -6.2214829 52.7863326, -6.2188655 52.7886449, -6.2158578 52.7912689, -6.2120893 52.7945403, -6.2091417 52.7971154, -6.2048077 52.7987676, -6.2005688 52.8003833, -6.1955993 52.8022592, -6.1906948 52.804129, -6.1869014 52.8055812, -6.1824223 52.8072875, -6.1781734 52.8088939, -6.1725633 52.8110265, -6.1692352 52.812291, -6.164546 52.8140787, -6.1608226 52.8155214, -6.1563866114267105 52.81533060906654, -6.147666672058022 52.81517232542352)"
way/185693432-220,way/1154822210-220,220.0,491.5560191880474,48053.2,Al/St 240/40 2-bundle 220.0,"LINESTRING (-6.9859878738583205 52.28179064948532, -6.9854696997158525 52.28744930343488, -6.9833939 52.2892681, -6.980822 52.2915486, -6.9753944 52.2920483, -6.9702054 52.2925682, -6.9636113 52.2932256, -6.9595588 52.2936109, -6.9541452 52.2938938, -6.9489122 52.2941497, -6.9434766 52.2944164, -6.9385916 52.29464, -6.9329974 52.294931, -6.9282753 52.2951519, -6.92528 52.2970753, -6.920906 52.2998796, -6.9172015 52.3022392, -6.9143603 52.3040412, -6.9111932 52.3060504, -6.9079384 52.3080649, -6.903683 52.3107811, -6.9010468 52.3124638, -6.8981905 52.3147005, -6.894814 52.3173445, -6.8916326 52.3198403, -6.8883151 52.3224412, -6.8845843 52.3254028, -6.8815023 52.3278297, -6.877676 52.330818, -6.874246 52.3334726, -6.8709776 52.3360511, -6.8677709 52.3385596, -6.8650839 52.3406857, -6.861419 52.3422412, -6.8567126 52.3441739, -6.8520195 52.346149, -6.8472068 52.3481704, -6.8425246 52.3501599, -6.8378011 52.3521931, -6.8333904 52.3540219, -6.8289059 52.355901, -6.8245213 52.3577322, -6.8200194 52.359635, -6.8152307 52.3616359, -6.8109851 52.3633979, -6.8074957 52.36486, -6.8050536 52.3665582, -6.8011252 52.3692725, -6.7977836 52.3715622, -6.7946244 52.3737509, -6.7908743 52.3763242, -6.787311 52.3788098, -6.7834739 52.3814491, -6.7797115 52.3840583, -6.7758172 52.3867034, -6.772406 52.389085, -6.7689687 52.3914399, -6.7648014 52.3932829, -6.7607775 52.395049, -6.7558584 52.3971952, -6.7518303 52.3989627, -6.7473776 52.4008901, -6.7435232 52.4026532, -6.7401396 52.4041309, -6.7360737 52.4059285, -6.7314649 52.4079361, -6.7286757 52.4105124, -6.7257778 52.4131821, -6.7232844 52.4155045, -6.7203716 52.4176076, -6.7174213 52.4197448, -6.7136924 52.4224574, -6.7100532 52.4250647, -6.7067698 52.4274344, -6.7045197 52.4290713, -6.702015 52.4312879, -6.6994054 52.4336253, -6.6964514 52.4362365, -6.6932841 52.4390485, -6.6907906 52.4412509, -6.6878591 52.4438959, -6.6847928 52.4466001, -6.6819586 52.4491215, -6.6784355 52.4522475, -6.6755976 52.454739, -6.6731116 52.4570022, -6.670079 52.4596782, -6.6664089 52.4629464, -6.6636418 52.4653937, -6.6626758 52.4684826, -6.6616607 52.4718041, -6.6605691 52.4750222, -6.6594855 52.4788528, -6.6583354 52.4820916, -6.657518 52.4850348, -6.6565138 52.4882819, -6.6555859 52.4912097, -6.6545599 52.4943832, -6.6534915 52.4979613, -6.6523716 52.5013701, -6.6514025 52.5046639, -6.6502557 52.5082852, -6.6493404 52.5112312, -6.6482581 52.5145996, -6.647682 52.5165459, -6.6463521 52.5205724, -6.6454315 52.5236617, -6.6444035 52.5272891, -6.6434098 52.5304529, -6.6399003 52.5323702, -6.6367664 52.5340374, -6.6329581 52.5361181, -6.6280024 52.538806, -6.6242259 52.5408445, -6.6210602 52.5425405, -6.6170181 52.5447176, -6.6128963 52.5469141, -6.6093004 52.5488521, -6.6053167 52.5510193, -6.6012534 52.5532187, -6.5976044 52.5551886, -6.5928187 52.5577463, -6.5896795 52.5594609, -6.5853453 52.5617987, -6.5811279 52.5640977, -6.5770221 52.5662738, -6.5723054 52.5688243, -6.5687659 52.5707273, -6.5647291 52.5729096, -6.5602621 52.5753371, -6.5567011 52.5772409, -6.5522845 52.5795994, -6.5482681 52.5817202, -6.5468267 52.5825194, -6.544920543642458 52.58176007551432, -6.5375101011848855 52.57916027184355)"
way/79803767-220,way/361261945-220,220.0,491.5560191880474,11144.46,Al/St 240/40 2-bundle 220.0,"LINESTRING (-8.369570091759948 51.82680750460372, -8.369736091317376 51.83193456361624, -8.3696988 51.8322009, -8.3684133 51.8338819, -8.3667127 51.8333253, -8.365405 51.8328967, -8.3640867 51.8324614, -8.3631063 51.8321662, -8.3623896 51.8319989, -8.361503 51.8318392, -8.3606076 51.8317167, -8.3596998 51.8316435, -8.3587495 51.8316227, -8.3578984 51.8316763, -8.3571357 51.8317397, -8.3562969 51.8318512, -8.3552068 51.8319857, -8.3543963 51.8320568, -8.3539327 51.8320798, -8.3536513 51.8320579, -8.3534726 51.832024, -8.3533116 51.8320032, -8.3532019 51.8320076, -8.3530992 51.8320404, -8.352993 51.8321104, -8.352924 51.8321454, -8.3527435 51.8321771, -8.3523507 51.8322088, -8.3515331 51.8322799, -8.350482 51.8323827, -8.3488115 51.83255, -8.3466172 51.8327315, -8.3450281 51.8328814, -8.3435027 51.8330246, -8.3423294 51.8331438, -8.3415491 51.8332532, -8.3412535 51.8332717, -8.3410098 51.8332812, -8.3408417 51.8332998, -8.3406966 51.8333621, -8.3405019 51.8334496, -8.3401392 51.8335425, -8.339403 51.8337405, -8.338336 51.8340259, -8.3377113 51.8341735, -8.3373839 51.8342249, -8.336945 51.8342577, -8.3365327 51.8342664, -8.3361416 51.8342457, -8.3357382 51.8341976, -8.3352268 51.8340915, -8.3348728 51.8339909, -8.3344924 51.8338487, -8.3341977 51.8337033, -8.3338359 51.8334834, -8.3333704 51.8331443, -8.3329862 51.8327863, -8.3326223 51.8325237, -8.3322097 51.8322738, -8.3315348 51.8319786, -8.3304778 51.831549, -8.3290488 51.830995, -8.3281991 51.8307098, -8.3265424 51.830441, -8.3246012 51.8304347, -8.3233368 51.8304498, -8.3220582 51.8304171, -8.3209585 51.8303493, -8.319501 51.8302626, -8.3182916 51.8302274, -8.3176269 51.830235, -8.3167081 51.8303091, -8.3151002 51.8305252, -8.313413 51.8308003, -8.3118783 51.8310678, -8.3110591 51.8311633, -8.3102196 51.8312399, -8.3090406 51.8313141, -8.3080954 51.8313517, -8.3072477 51.8313492, -8.3062781 51.8313141, -8.305589 51.8312525, -8.3042616 51.8311206, -8.30304 51.8309887, -8.3009202 51.8307698, -8.2965705 51.8302517, -8.2948675 51.8297876, -8.2928244 51.8289258, -8.2834076 51.8240504, -8.2813729 51.8232444, -8.279122 51.8228975, -8.2760344 51.8231647, -8.2716101 51.8245581, -8.2659668 51.8257384, -8.2580658 51.8268774, -8.2557857 51.8269813, -8.2537679 51.8268858, -8.251397 51.82668, -8.2493371 51.823444, -8.2486106 51.8223275, -8.2492351 51.8221879, -8.2497418 51.8220019, -8.2512002 51.8213284, -8.2519457 51.8209933, -8.2526518 51.8207021, -8.2533373 51.820284, -8.2550543 51.8188916, -8.254745124995596 51.81859428719646, -8.249636258933048 51.81508011486791)"
way/79803767-220,way/104388599-220,220.0,491.5560191880474,14559.0,Al/St 240/40 2-bundle 220.0,"LINESTRING (-8.369570091759948 51.82680750460372, -8.369736091317376 51.83193456361624, -8.3696988 51.8322009, -8.3684133 51.8338819, -8.3667127 51.8333253, -8.365405 51.8328967, -8.3640867 51.8324614, -8.3631063 51.8321662, -8.3623896 51.8319989, -8.361503 51.8318392, -8.3606076 51.8317167, -8.3596998 51.8316435, -8.3587495 51.8316227, -8.3578984 51.8316763, -8.3571357 51.8317397, -8.3562969 51.8318512, -8.3552068 51.8319857, -8.3543963 51.8320568, -8.3539327 51.8320798, -8.3536513 51.8320579, -8.3534726 51.832024, -8.3533116 51.8320032, -8.3532019 51.8320076, -8.3530992 51.8320404, -8.352993 51.8321104, -8.352924 51.8321454, -8.3527435 51.8321771, -8.3523507 51.8322088, -8.3515331 51.8322799, -8.350482 51.8323827, -8.3488115 51.83255, -8.3466172 51.8327315, -8.3450281 51.8328814, -8.3435027 51.8330246, -8.3423294 51.8331438, -8.3415491 51.8332532, -8.3412535 51.8332717, -8.3410098 51.8332812, -8.3408417 51.8332998, -8.3406966 51.8333621, -8.3405019 51.8334496, -8.3401392 51.8335425, -8.339403 51.8337405, -8.338336 51.8340259, -8.3377113 51.8341735, -8.3373839 51.8342249, -8.336945 51.8342577, -8.3365327 51.8342664, -8.3361416 51.8342457, -8.3357382 51.8341976, -8.3352268 51.8340915, -8.3348728 51.8339909, -8.3344924 51.8338487, -8.3341977 51.8337033, -8.3338359 51.8334834, -8.3333704 51.8331443, -8.3329862 51.8327863, -8.3326223 51.8325237, -8.3322097 51.8322738, -8.3315348 51.8319786, -8.3304778 51.831549, -8.3290488 51.830995, -8.3281991 51.8307098, -8.3265424 51.830441, -8.3246012 51.8304347, -8.3233368 51.8304498, -8.3220582 51.8304171, -8.3209585 51.8303493, -8.319501 51.8302626, -8.3182916 51.8302274, -8.3176269 51.830235, -8.3167081 51.8303091, -8.3151002 51.8305252, -8.313413 51.8308003, -8.3118783 51.8310678, -8.3110591 51.8311633, -8.3102196 51.8312399, -8.3090406 51.8313141, -8.3080954 51.8313517, -8.3072477 51.8313492, -8.3062781 51.8313141, -8.305589 51.8312525, -8.3042616 51.8311206, -8.30304 51.8309887, -8.3009202 51.8307698, -8.2965705 51.8302517, -8.2948675 51.8297876, -8.2928244 51.8289258, -8.2834076 51.8240504, -8.2813729 51.8232444, -8.279122 51.8228975, -8.2760344 51.8231647, -8.2716101 51.8245581, -8.2659668 51.8257384, -8.2580658 51.8268774, -8.2557857 51.8269813, -8.2537679 51.8268858, -8.251397 51.82668, -8.2493371 51.823444, -8.2486106 51.8223275, -8.2492351 51.8221879, -8.2497418 51.8220019, -8.2512002 51.8213284, -8.2519457 51.8209933, -8.2526518 51.8207021, -8.2533373 51.820284, -8.2550543 51.8188916, -8.2529327 51.8168514, -8.2527135 51.8167622, -8.2519914 51.8166372, -8.2517615 51.8164905, -8.2503974 51.815279, -8.2498285 51.8154268, -8.2496003 51.8152177, -8.2494987 51.8151296, -8.2493937 51.8150387, -8.249552 51.8145945, -8.2464694 51.8135533, -8.2462529 51.8134802, -8.2453409 51.81417, -8.241956 51.8154003, -8.240985 51.8159608, -8.2379005 51.815994, -8.2359813 51.8173613, -8.2360345 51.8177763, -8.2356893 51.8184551, -8.2354868 51.819099, -8.2353989 51.8196931, -8.2354451 51.8202871, -8.2356309 51.8207118, -8.2356554 51.8208432, -8.2356039 51.8210625, -8.2351192 51.821753, -8.2341522 51.8237898, -8.2339225 51.8242533, -8.2335342 51.8247393, -8.2320854 51.8262797, -8.2322786 51.8274865, -8.232223853898825 51.82843311681114, -8.22723162381624 51.83567296492519)"
IE9-220,way/88462768-220,220.0,491.5560191880474,17590.39,Al/St 240/40 2-bundle 220.0,"LINESTRING (-6.601984978174334 53.34857593005784, -6.614519179000919 53.3395773501017, -6.6150565 53.3392206, -6.6185117 53.3369551, -6.6218302 53.3347564, -6.6252117 53.3325419, -6.6283807 53.3305091, -6.6313233 53.328584, -6.6346311 53.3262709, -6.637378 53.3246049, -6.6403734 53.3226811, -6.6427052 53.3209377, -6.6462565 53.3185906, -6.6496684 53.3163113, -6.6522897 53.3145461, -6.6557754 53.3123753, -6.6576161 53.3111048, -6.6578411 53.3084511, -6.6581352 53.3063657, -6.6583452 53.3039784, -6.6586704 53.301502, -6.6589858 53.2988602, -6.6560345 53.296565, -6.6529339 53.2942472, -6.6503515 53.2922978, -6.6476798 53.2902735, -6.6448562 53.2881316, -6.6424369 53.2863508, -6.6398508 53.2843964, -6.6363827 53.2838137, -6.6317696 53.2829988, -6.6265852 53.2820729, -6.6214996 53.2811907, -6.6176534 53.2804849, -6.6135528 53.2797475, -6.6100241 53.2791129, -6.605318 53.2782794, -6.601098 53.2775677, -6.5965534 53.2767854, -6.5923826 53.2760325, -6.5884381 53.2753443, -6.5836279 53.274462, -6.5790144 53.2736443, -6.5738402 53.2727325, -6.569863 53.2720137, -6.5659814 53.2713122, -6.5612302 53.270481, -6.5568045 53.2697016, -6.5525613 53.2689091, -6.5473004 53.2679834, -6.5426816 53.2671813, -6.537686 53.2674173, -6.5332982 53.2676301, -6.5288829 53.2673774, -6.5253935 53.2672333, -6.5228049 53.2671015, -6.522560678952368 53.26708987666776, -6.515813499999992 53.265108695234524)"
IE9-220,way/255668124-220,220.0,491.5560191880474,21866.68,Al/St 240/40 2-bundle 220.0,"LINESTRING (-6.515813499999992 53.265108695234524, -6.508610688194595 53.266379972257546, -6.5039351 53.2658156, -6.4993237 53.2652977, -6.4952393 53.2648249, -6.4906266 53.2642649, -6.487258 53.2638624, -6.4842472 53.2637273, -6.4792518 53.2635393, -6.4760386 53.2634283, -6.4728194 53.2632403, -6.4705035 53.2631334, -6.4673798 53.2644316, -6.4622272 53.2665189, -6.4582668 53.2681193, -6.4536642 53.2699737, -6.4501558 53.2713856, -6.4456874 53.2722883, -6.4406651 53.2732737, -6.4366526 53.2722508, -6.4321066 53.2711184, -6.4284241 53.2701838, -6.4264464 53.2696649, -6.4218094 53.2699871, -6.4172402 53.2703813, -6.4128968 53.2706675, -6.408761 53.2710185, -6.4038315 53.2713593, -6.3990587 53.2717024, -6.39495 53.2720696, -6.3903141 53.271381, -6.3857599 53.270658, -6.381642 53.2700066, -6.3775426 53.2693704, -6.3738402 53.2688321, -6.3705939 53.2683403, -6.364758 53.2682446, -6.3589998 53.2681829, -6.3540291 53.2680868, -6.3496397 53.2679566, -6.345053 53.2679076, -6.3422227 53.2663292, -6.3407007 53.2655082, -6.3392856 53.2648112, -6.3355234 53.2627607, -6.3329219 53.2613071, -6.330318 53.2598773, -6.3272118 53.258185, -6.3235565 53.2583318, -6.3187078 53.2585132, -6.3150066 53.258665, -6.3111957 53.2587526, -6.3063418 53.2589473, -6.3021847 53.259166, -6.3000453 53.2584608, -6.294832 53.2567944, -6.2909323 53.2555371, -6.2863352 53.2565452, -6.2822593 53.2574091, -6.2773105 53.2585221, -6.2720566 53.259643, -6.2684021 53.2604609, -6.2662737 53.2598967, -6.262359 53.2588903, -6.257657 53.257669, -6.2553486 53.2583552, -6.2524541 53.2592117, -6.2502897 53.2593014, -6.2456072 53.2595064, -6.2419419 53.2596714, -6.2368926 53.2598915, -6.2338542 53.2599942, -6.2325717 53.2592153, -6.2286384 53.2566738, -6.225103 53.254394, -6.2234179 53.25327, -6.2211602 53.251788, -6.220094226311285 53.25110396727532, -6.21247702776404 53.250217924651956)"
way/186889669-220,way/104388595-220,220.0,491.5560191880474,42852.27,Al/St 240/40 2-bundle 220.0,"LINESTRING (-8.914108169763496 51.938204508458945, -8.911081721427175 51.943197828712655, -8.9079277 51.9439804, -8.9035825 51.9450385, -8.8997217 51.9459684, -8.8943986 51.9472407, -8.8908152 51.9481203, -8.8869651 51.9490368, -8.8817922 51.9503224, -8.8772754 51.95142, -8.8709454 51.9514134, -8.866119 51.9513909, -8.8596173 51.9513976, -8.8564292 51.9514002, -8.8507537 51.9514002, -8.8451532 51.9513936, -8.8397244 51.951387, -8.8347677 51.951387, -8.8315062 51.951387, -8.8257877 51.9513605, -8.8198654 51.9513539, -8.8146297 51.9513539, -8.80904 51.9513407, -8.802946 51.9513407, -8.7974008 51.9513116, -8.7926141 51.9513142, -8.7892453 51.9513142, -8.7844495 51.952035, -8.7780015 51.9530202, -8.7730125 51.953774, -8.7693878 51.9543599, -8.7650319 51.9550211, -8.7620369 51.9554865, -8.7554494 51.9564849, -8.751115 51.9571527, -8.7465338 51.9578403, -8.7410621 51.9586866, -8.7357191 51.9595064, -8.7308284 51.960231, -8.7257091 51.9610137, -8.7198512 51.9619128, -8.7149052 51.9626599, -8.7091331 51.9635457, -8.7039204 51.964343, -8.6987813 51.965123, -8.6935993 51.965903, -8.6886211 51.9666566, -8.6832336 51.9674855, -8.6781053 51.9683052, -8.6737279 51.9689794, -8.66829 51.9697831, -8.6639448 51.9704507, -8.6583427 51.971306, -8.6531071 51.9720992, -8.647174 51.9730046, -8.643376 51.973269, -8.6389235 51.973573, -8.6320356 51.9740291, -8.6271806 51.9743736, -8.6221502 51.9747017, -8.6170749 51.975051, -8.6116783 51.9754439, -8.6060937 51.975835, -8.6005522 51.9762079, -8.5956633 51.9765373, -8.5907935 51.976894, -8.5854989 51.9772542, -8.5792278 51.977697, -8.5742228 51.978034, -8.5683756 51.9784405, -8.5630112 51.9788205, -8.5569494 51.9792302, -8.5521214 51.9795606, -8.5475134 51.9798778, -8.5426747 51.9802115, -8.536629 51.9792566, -8.5325574 51.9786189, -8.527885 51.9778853, -8.5235076 51.9771815, -8.5187816 51.976438, -8.5147368 51.9757937, -8.5095333 51.9749841, -8.5035091 51.9740225, -8.4985363 51.973236, -8.4927156 51.9723126, -8.4878021 51.9715406, -8.482443 51.9706814, -8.4788167 51.9701197, -8.4736451 51.9692735, -8.4706727 51.9708193, -8.4678296 51.9723691, -8.4644291 51.9742009, -8.4606203 51.9763092, -8.4568116 51.9784041, -8.4528312 51.9805056, -8.4478208 51.9801818, -8.4440567 51.9799691, -8.4424672 51.978913, -8.43824 51.9782653, -8.4331867 51.9774393, -8.4272379 51.9766034, -8.4227733 51.9758254, -8.4168681 51.9748948, -8.41189 51.9741414, -8.4058389 51.9730839, -8.4007105 51.9721718, -8.3956358 51.9715901, -8.391194 51.9708829, -8.3860227 51.9700897, -8.3809658 51.9693092, -8.3754012 51.9684504, -8.3704337 51.9676311, -8.3661315 51.9669966, -8.3610782 51.9661967, -8.356336 51.965377, -8.3514008 51.9646433, -8.3452102 51.9636913, -8.3402004 51.9628914, -8.337486 51.9625741, -8.3321538 51.9616816, -8.3286562 51.9593743, -8.3264997 51.958019, -8.32639758302657 51.957952949326746, -8.319298979591615 51.95419524504926)"
way/104388595-220,way/150124101-220,220.0,491.5560191880474,85841.24,Al/St 240/40 2-bundle 220.0,"LINESTRING (-8.319298979591615 51.95419524504926, -8.300229646104762 51.95990539513322, -8.299849 51.9598839, -8.295021 51.9596062, -8.2908368 51.959355, -8.2874035 51.9591963, -8.2828974 51.9589186, -8.2778334 51.9586409, -8.2733702 51.9583765, -8.2690358 51.9581517, -8.2653021 51.9579137, -8.2615685 51.9577153, -8.2568478 51.9574244, -8.2542943 51.956274, -8.2507195 51.954625, -8.2480931 51.9534573, -8.244853 51.9536027, -8.2419562 51.9537482, -8.23848 51.9539069, -8.2336735 51.9541185, -8.2296609 51.9543301, -8.2259273 51.954502, -8.2201123 51.9547665, -8.2161641 51.9549384, -8.2134389 51.9550706, -8.2066583 51.9553748, -8.2044696 51.9554938, -8.2011866 51.955626, -8.1973457 51.9558244, -8.1943845 51.9559434, -8.19108 51.9558508, -8.1877756 51.955745, -8.1838274 51.9555996, -8.1813597 51.9555599, -8.1758451 51.9554012, -8.1715965 51.9552425, -8.1663393 51.9550839, -8.1622624 51.9549516, -8.1580138 51.9548326, -8.1531858 51.9546871, -8.1491518 51.9545549, -8.14574 51.9544359, -8.1414699 51.9543169, -8.1379508 51.9542111, -8.1353631 51.9541225, -8.1321787 51.9540259, -8.1288743 51.9547797, -8.1253552 51.9556128, -8.1218361 51.9564327, -8.1175446 51.9574244, -8.1133174 51.9583897, -8.108983 51.9593946, -8.1052494 51.9602673, -8.1011939 51.9611797, -8.0978894 51.9617879, -8.0925464 51.9627398, -8.0884051 51.9634803, -8.0845642 51.964181, -8.078792 51.9652122, -8.074758 51.9659262, -8.0704021 51.9667062, -8.067162 51.9672746, -8.0624842 51.968134, -8.0590295 51.9687289, -8.0540041 51.9696304, -8.0500162 51.9703714, -8.0465626 51.9710026, -8.0427115 51.9729785, -8.0396967 51.9745449, -8.0356627 51.9766465, -8.0328919 51.9780651, -8.0294399 51.9798649, -8.0252852 51.9820036, -8.0228819 51.9832525, -8.0205457 51.9844773, -8.0163481 51.9849771, -8.0117588 51.9855411, -8.0068423 51.9861334, -8.0042567 51.986444, -8.0002504 51.9869425, -7.9960676 51.9874243, -7.9925963 51.9878624, -7.9876595 51.9884757, -7.9833488 51.9889751, -7.9777007 51.9891415, -7.973205 51.9892992, -7.9694064 51.9893868, -7.9648254 51.9895358, -7.9607707 51.9896497, -7.9558909 51.9897811, -7.9505985 51.9899475, -7.9464727 51.990079, -7.9415836 51.9901943, -7.9367414 51.9903593, -7.9324307 51.9904732, -7.9277123 51.9905973, -7.9239225 51.9907138, -7.9222545 51.9927659, -7.9200775 51.9953539, -7.9182587 51.9974368, -7.9164399 51.9995868, -7.9146908 52.0016182, -7.9129031 52.0037797, -7.9100223 52.0072235, -7.9079774 52.0096697, -7.9056368 52.0123453, -7.9035276 52.0148941, -7.9012663 52.0175695, -7.899219 52.0199093, -7.8953823 52.0202252, -7.890796 52.0206318, -7.8841498 52.0211819, -7.8791165 52.0216244, -7.8756574 52.0219234, -7.8696331 52.0224256, -7.8650273 52.0228322, -7.8616265 52.0231551, -7.8589253 52.0233823, -7.8556799 52.0236334, -7.8492723 52.0241889, -7.845735 52.0244944, -7.8424508 52.0248053, -7.8391907 52.0250524, -7.8361491 52.0253165, -7.834175 52.0277691, -7.8323833 52.0299936, -7.8298674 52.0331157, -7.8276572 52.0358679, -7.8255598 52.0384385, -7.8232101 52.0413721, -7.8209946 52.0441041, -7.8190205 52.0465323, -7.8179906 52.0478191, -7.8153781 52.0510289, -7.8133772 52.0535131, -7.8114621 52.0559211, -7.8090159 52.0588765, -7.808973 52.0604398, -7.8087423 52.0636553, -7.8086139 52.0668788, -7.8084419 52.0695055, -7.808281 52.0724336, -7.8081147 52.0756022, -7.803571 52.0771914, -7.7983943 52.0790245, -7.7939526 52.0805873, -7.7906857 52.0817543, -7.7870647 52.0830004, -7.7845112 52.0839134, -7.7803321 52.0853871, -7.7762873 52.0868538, -7.7717115 52.0884526, -7.7663578 52.0903213, -7.7617444 52.0919595, -7.759663 52.0926943, -7.7553285 52.0942038, -7.7534778 52.096346, -7.7513642 52.0988143, -7.7471156 52.09947, -7.7418585 52.1002708, -7.7369983 52.1010223, -7.7325834 52.1016976, -7.7283026 52.1023535, -7.7228363 52.1032002, -7.7176113 52.1039745, -7.7126331 52.1047587, -7.7069683 52.105622, -7.7020813 52.1063831, -7.6971139 52.1071541, -7.6914008 52.1080339, -7.686444 52.1087948, -7.680232 52.1097405, -7.6757045 52.1104324, -7.6725931 52.1109134, -7.6680441 52.1116149, -7.6639188 52.1122409, -7.6597346 52.1128866, -7.655851 52.1134763, -7.6523266 52.1140099, -7.6489363 52.1153704, -7.6446287 52.1171066, -7.6403961 52.1188259, -7.6366357 52.1203443, -7.6321618 52.1208878, -7.6288787 52.1212699, -7.6240454 52.1218563, -7.6181284 52.122561, -7.6126514 52.1232001, -7.6088856 52.1236546, -7.6045726 52.1241682, -7.6007853 52.1246163, -7.597867 52.1249654, -7.59423 52.1254132, -7.5905071 52.1262367, -7.5854323 52.1273793, -7.5803629 52.1285418, -7.5761733 52.1294902, -7.5725363 52.1303299, -7.5680892 52.1313411, -7.5648222 52.1313639, -7.561786 52.1313705, -7.5566308 52.131374, -7.5521405 52.1313937, -7.5476397 52.1314133, -7.5429405 52.1314397, -7.5382144 52.131453, -7.532496 52.1314794, -7.5286604 52.1315022, -7.5238163 52.1315187, -7.5216652 52.132961, -7.5189562 52.1347393, -7.5140477 52.137956, -7.5106735 52.1401851, -7.5071813 52.1424599, -7.5030131 52.1451824, -7.4994297 52.147536, -7.4962164 52.1496526, -7.4928368 52.1518711, -7.489409 52.1540994, -7.4868931 52.1557616, -7.4835725 52.1579534, -7.4811424 52.1595463, -7.4783314 52.1613891, -7.4759872 52.1629356, -7.4727685 52.1650746, -7.4689652 52.1656206, -7.4640889 52.1662986, -7.4602641 52.1668185, -7.4571366 52.1672594, -7.4529846 52.167868, -7.448221 52.168536, -7.4433823 52.1692072, -7.4381251 52.1699377, -7.4331148 52.1706483, -7.4299229 52.1711023, -7.4264897 52.1715891, -7.4232123 52.1720464, -7.417687 52.1728065, -7.4155841 52.1739054, -7.4121402 52.1757014, -7.4096403 52.1770108, -7.4063627 52.1787016, -7.4029563 52.1804876, -7.3998235 52.1821257, -7.3964814 52.1838525, -7.3928555 52.1857478, -7.3893471 52.1875764, -7.3855277 52.1881749, -7.3817297 52.1887537, -7.3767622 52.1895167, -7.3739834 52.1899574, -7.3696275 52.1906414, -7.3656793 52.1912465, -7.3604109 52.1920486, -7.3542848 52.1930026, -7.3504009 52.1935945, -7.3462811 52.1942124, -7.3403802 52.1951397, -7.3370006 52.1956526, -7.3332241 52.1962317, -7.3292544 52.1968367, -7.324877 52.1975075, -7.3220661 52.1995921, -7.3192122 52.2016828, -7.3156395 52.204333, -7.3128822 52.206338, -7.3104253 52.2081526, -7.3077002 52.2101509, -7.3053076 52.2132539, -7.3027112 52.2166919, -7.3009624 52.2190513, -7.2988933 52.2216158, -7.2973925 52.2238967, -7.2953979 52.226515, -7.2934475 52.2291409, -7.2915668 52.2316658, -7.290446 52.2338996, -7.2885779 52.237797, -7.2874661 52.239943, -7.2867568 52.2414475, -7.2856197 52.2439165, -7.285089345620135 52.244950316648946, -7.279885995443132 52.249265651619986)"
way/180637986-220,way/516651650-220,220.0,491.5560191880474,68401.64,Al/St 240/40 2-bundle 220.0,"LINESTRING (-9.396376812418657 52.58018536321414, -9.398139389804818 52.57308389791463, -9.3980948 52.5711017, -9.3980026 52.5691991, -9.3978177 52.5653823, -9.3976246 52.5625586, -9.3974744 52.5594019, -9.3972705 52.5559641, -9.3970774 52.5525133, -9.396895 52.5491539, -9.3967233 52.5471249, -9.3918524 52.5453567, -9.3873678 52.5436992, -9.3818746 52.5417028, -9.3777011 52.5401759, -9.3731843 52.5385443, -9.3682597 52.5367301, -9.3638716 52.535125, -9.3591402 52.533363, -9.3536471 52.533702, -9.3477146 52.5340414, -9.3420068 52.5343161, -9.3368355 52.5346287, -9.3317924 52.5349028, -9.3265353 52.5351903, -9.3212674 52.5354905, -9.3171905 52.5357515, -9.3121565 52.5359786, -9.3066011 52.5362932, -9.3008397 52.5366126, -9.2981039 52.5381269, -9.294102 52.540326, -9.2894564 52.5429031, -9.2862592 52.5446064, -9.281796 52.5470727, -9.2781161 52.5490691, -9.2734168 52.5488665, -9.2683743 52.5486316, -9.2627631 52.548384, -9.2572699 52.5481032, -9.2523025 52.5478944, -9.2464445 52.5476207, -9.2413161 52.5473725, -9.2352114 52.5470792, -9.2298256 52.5468244, -9.2247508 52.5465765, -9.2210279 52.5463808, -9.2153202 52.5461332, -9.2098592 52.5458722, -9.2036472 52.5455916, -9.1985725 52.5453372, -9.1941093 52.5451153, -9.1885946 52.544854, -9.1824578 52.5445673, -9.1768466 52.5442932, -9.1714494 52.5440518, -9.1651409 52.5437514, -9.1597765 52.5434972, -9.1557531 52.5428056, -9.1518157 52.5421465, -9.1477923 52.5414611, -9.141988 52.5404826, -9.1366987 52.5395688, -9.1318493 52.5387465, -9.1265278 52.5378594, -9.1220753 52.5371024, -9.1159921 52.5360909, -9.1107671 52.5351903, -9.108278 52.5361105, -9.1029029 52.5380682, -9.0990512 52.5394709, -9.0947275 52.541037, -9.0897279 52.5428382, -9.0847068 52.5446717, -9.0797823 52.546479, -9.0749972 52.548188, -9.0698044 52.5500473, -9.0650516 52.5518025, -9.060642 52.5534005, -9.0558784 52.555103, -9.0501492 52.5555078, -9.044699 52.5559249, -9.0390119 52.5563195, -9.0332827 52.5567335, -9.0274999 52.5571153, -9.0222588 52.5574869, -9.0171734 52.5578426, -9.0122864 52.5581849, -9.006595 52.5585729, -9.0011392 52.5589579, -8.9954314 52.5593623, -8.9895949 52.5597601, -8.9845846 52.5601322, -8.9796279 52.560458, -8.9738987 52.5608562, -8.9687488 52.5612081, -8.9651439 52.5634386, -8.9609811 52.5661159, -8.9576123 52.5682388, -8.9543293 52.570332, -8.9510355 52.5724314, -8.9477417 52.5744853, -8.9448879 52.5763177, -8.9414976 52.5785408, -8.9371738 52.5797632, -8.9320562 52.5812723, -8.9282153 52.5823938, -8.924079 52.5836063, -8.9193208 52.5849687, -8.915158 52.5869471, -8.9110596 52.5889252, -8.9070416 52.590796, -8.902487 52.5930053, -8.8984532 52.5949211, -8.8934214 52.597326, -8.8891835 52.5993234, -8.8847522 52.5994565, -8.8789375 52.5996458, -8.8734309 52.5998073, -8.8688658 52.5999571, -8.8642604 52.6000955, -8.859529 52.6002551, -8.8539339 52.6004376, -8.8493041 52.6005643, -8.844562 52.6007077, -8.8391978 52.6008841, -8.8341124 52.6010338, -8.8292519 52.6011967, -8.8245313 52.6013466, -8.8189472 52.6015127, -8.8135449 52.6016786, -8.8072793 52.6018744, -8.8018612 52.6020435, -8.7957458 52.6022194, -8.7904299 52.6023761, -8.7848617 52.6025586, -8.7791483 52.6027277, -8.773462 52.6029101, -8.7679581 52.6030864, -8.7630765 52.6032294, -8.7570683 52.6033923, -8.752058 52.6035487, -8.7466506 52.6037116, -8.7416939 52.6038748, -8.736587 52.6040309, -8.7308793 52.6041941, -8.7250323 52.6043798, -8.7195874 52.6045394, -8.7148131 52.6046666, -8.7097169 52.6048326, -8.7044327 52.604989, -8.7004094 52.6032099, -8.6973838 52.6018545, -8.695002 52.6007989, -8.6919446 52.5994471, -8.6875036 52.5974825, -8.683196 52.5955402, -8.6783573 52.5934189, -8.6754498 52.5920538, -8.6706706 52.5899163, -8.6660143 52.5878305, -8.6633208 52.5866538, -8.6600794 52.5852035, -8.6549832 52.58536, -8.6495652 52.5855555, -8.6442437 52.5857182, -8.640414 52.5858322, -8.6356933 52.5859986, -8.631037 52.5861583, -8.6250342 52.5863439, -8.6197825 52.5865069, -8.6152603 52.5866439, -8.609869 52.5868167, -8.6070039 52.5881759, -8.6021759 52.5905159, -8.5979166 52.5925494, -8.5949232 52.5940155, -8.5915656 52.5956187, -8.5867269 52.5980204, -8.5825529 52.6000113, -8.5790445 52.6016926, -8.5767057 52.6042465, -8.5739113 52.6072341, -8.5717548 52.6095698, -8.5691799 52.6123384, -8.5674204 52.6143678, -8.5650126 52.6170516, -8.5625396 52.6197874, -8.5607049 52.6218195, -8.5586235 52.624138, -8.5564286 52.6265894, -8.5542935 52.6289208, -8.5520032 52.6314414, -8.5497394 52.6339482, -8.548928383508814 52.635233160524834, -8.545611318931646 52.640117777764075)"
way/819997192-220,IE10-220,220.0,491.5560191880474,26131.71,Al/St 240/40 2-bundle 220.0,"LINESTRING (-9.26114440111024 52.1738657889324, -9.25578424126288 52.17014503961153, -9.2549521 52.1700103, -9.2496091 52.1691749, -9.2444486 52.1682994, -9.2394811 52.1675163, -9.2344919 52.1667431, -9.2288596 52.1658053, -9.2232806 52.1649235, -9.21812 52.1640943, -9.2124445 52.1631864, -9.2082066 52.1625082, -9.2028636 52.162087, -9.1987115 52.1617911, -9.1939587 52.1614157, -9.1894955 52.1610471, -9.1839379 52.1606131, -9.1793031 52.1602511, -9.1752154 52.1599286, -9.1693569 52.1594547, -9.163617 52.1590463, -9.1578449 52.1585921, -9.1529203 52.1581972, -9.147969 52.1578053, -9.1459937 52.1550933, -9.1435432 52.1516479, -9.141567 52.1485855, -9.1391104 52.1452225, -9.1376877 52.1431703, -9.1358615 52.140638, -9.133762 52.1377397, -9.1311905 52.1341894, -9.1291202 52.1313381, -9.1268874 52.1281012, -9.1248624 52.1253329, -9.1224558 52.1218812, -9.1204114 52.1191006, -9.1189752 52.1161291, -9.1172478 52.1125655, -9.1157533 52.1095101, -9.1143947 52.106689, -9.1132238 52.1043207, -9.1119753 52.1017611, -9.1102931 52.098312, -9.1089668 52.095518, -9.1070434 52.0916023, -9.1055871 52.0886785, -9.1040924 52.0856289, -9.1026326 52.0825471, -9.1009242 52.0789402, -9.0993593 52.0757407, -9.0977752 52.0724193, -9.0961017 52.0690466, -9.0944437 52.0655874, -9.0932569 52.0631111, -9.088284 52.0617424, -9.0833649 52.0604464, -9.0785959 52.0591205, -9.0755167 52.0582727, -9.072105 52.0573163, -9.0700558 52.0542683, -9.0681353 52.0513622, -9.0668156 52.0495909, -9.0649864 52.0468627, -9.0651634 52.0445695, -9.0652385 52.0416727, -9.0653565 52.0378185, -9.0655765 52.0346538, -9.0643802 52.0319544, -9.0626046 52.0279542, -9.0612855 52.0251022, -9.0601646 52.0223164, -9.0585499 52.018388, -9.057673056383408 52.016348296273, -9.059683200000002 52.01205229473821)"
IE11-220,way/104388599-220,220.0,491.5560191880474,7168.39,Al/St 240/40 2-bundle 220.0,"LINESTRING (-8.309662199999995 51.863287394674956, -8.302664787753699 51.86454033968535, -8.3009775 51.8646554, -8.3007164 51.8646726, -8.3002525 51.864848, -8.2998799 51.8652879, -8.2997177 51.8653134, -8.2981486 51.8647441, -8.297931 51.8646542, -8.2959583 51.8638393, -8.2950396 51.8635623, -8.294549 51.8634657, -8.2939646 51.8633998, -8.2931006 51.8634916, -8.2914862 51.8638126, -8.2889244 51.8645674, -8.2872639 51.8649677, -8.2853142 51.8651272, -8.2844398 51.8650378, -8.2801536 51.8644216, -8.2763663 51.8638717, -8.2759747 51.8638353, -8.2733379 51.8630199, -8.2718465 51.8624501, -8.2709346 51.8622513, -8.2702938 51.8620596, -8.2681612 51.8610255, -8.2675902 51.8605953, -8.2662516 51.8588125, -8.2661094 51.8587562, -8.2651316 51.8587558, -8.2650802 51.8585287, -8.2650519 51.8584349, -8.2649216 51.8580035, -8.2644163 51.8570991, -8.2628936 51.8554587, -8.2481602 51.8474967, -8.2344676 51.8397087, -8.234045845503994 51.839599834244574, -8.22723162381624 51.83567296492519)"
IE7-220,IE5-220,220.0,491.5560191880474,9972.45,Al/St 240/40 2-bundle 220.0,"LINESTRING (-6.608234499999992 53.35849689526893, -6.610760243616699 53.3627117023307, -6.6117641 53.3643059, -6.6134534 53.3670405, -6.6151324 53.3696764, -6.6166705 53.3722603, -6.6178963 53.3742249, -6.6191051 53.3762054, -6.6205884 53.3786403, -6.618286 53.381383, -6.6157004 53.3844355, -6.6134044 53.3871358, -6.6115376 53.3893689, -6.6090914 53.3922417, -6.6053379 53.3926531, -6.600592 53.3932276, -6.5989812 53.3936721, -6.5959278 53.3945077, -6.5916571 53.3956709, -6.5877947 53.3967264, -6.5840932 53.397718, -6.5801144 53.3988039, -6.5760364 53.3999697, -6.5718736 53.4011148, -6.5689232 53.4019527, -6.5630223 53.4014538, -6.5579583 53.4010828, -6.5518965 53.4006542, -6.5483989 53.4003919, -6.5438499 53.4000337, -6.5397352 53.3997247, -6.5362228 53.3994628, -6.5327126 53.3992153, -6.531655760979456 53.399125896439735, -6.524348599999992 53.398012995283366)"
way/1003262502-220,way/819997192-220,220.0,491.5560191880474,38368.27,Al/St 240/40 2-bundle 220.0,"LINESTRING (-9.373326560809737 52.43455859479721, -9.368394043261755 52.43060299493061, -9.3680021 52.4303021, -9.3650195 52.4279925, -9.3619076 52.4255883, -9.363453 52.4229745, -9.3651911 52.4200106, -9.3671116 52.4168305, -9.3691608 52.4132902, -9.3710218 52.4100705, -9.3729315 52.4068144, -9.3748037 52.4036692, -9.3768636 52.4001444, -9.3786982 52.397025, -9.3803228 52.3942409, -9.3821218 52.3911578, -9.3840251 52.387934, -9.3820886 52.3855375, -9.379181 52.3819782, -9.3769763 52.3792409, -9.3740312 52.3755829, -9.3722556 52.3733854, -9.3693427 52.3697501, -9.3675885 52.3676111, -9.3650834 52.3644994, -9.3629201 52.3618193, -9.3610486 52.3595006, -9.3585289 52.3563786, -9.356248 52.3535522, -9.3579661 52.3510912, -9.3596757 52.3486421, -9.3617519 52.3456678, -9.3641042 52.3422975, -9.3662959 52.3391482, -9.3683609 52.3362014, -9.3709029 52.3325693, -9.3725444 52.3302418, -9.3743575 52.3276357, -9.3769271 52.3239637, -9.3741644 52.3198289, -9.3726087 52.3175138, -9.3711136 52.315269, -9.3687752 52.3117579, -9.3667292 52.3086857, -9.3649894 52.306073, -9.3635094 52.3038503, -9.3618681 52.3013853, -9.3597729 52.2982383, -9.3623523 52.2955974, -9.3656317 52.2922397, -9.3682445 52.2895644, -9.3712314 52.2865057, -9.3742509 52.2834135, -9.3771354 52.2804593, -9.3793127 52.2782293, -9.3824001 52.2750669, -9.3850567 52.2723456, -9.3880568 52.2692722, -9.3907995 52.266401, -9.3930087 52.2641989, -9.3968062 52.2603079, -9.3990136 52.2580198, -9.401158 52.2557969, -9.4031424 52.2537397, -9.405416 52.2513827, -9.4056415 52.2483743, -9.4058227 52.2459576, -9.4061138 52.2421942, -9.406486 52.2387861, -9.4066341 52.2357517, -9.4068856 52.2328858, -9.4071589 52.2296113, -9.4073885 52.2264235, -9.4076181 52.2231752, -9.4078368 52.2202482, -9.4079899 52.2170598, -9.4081867 52.2140319, -9.4047317 52.2121427, -9.4007957 52.210086, -9.3966081 52.2078013, -9.3921582 52.2053558, -9.388068 52.2031956, -9.3841483 52.2010823, -9.3794787 52.198552, -9.3753658 52.1963343, -9.3721032 52.1945477, -9.3673254 52.1919885, -9.3642175 52.1903013, -9.3605397 52.1883286, -9.3568117 52.1862861, -9.3518013 52.1854773, -9.3456644 52.1845035, -9.3410403 52.1837667, -9.3352896 52.1828655, -9.3304295 52.1820761, -9.3273503 52.1816024, -9.3226296 52.1808397, -9.3172974 52.179991, -9.3138049 52.1794152, -9.3080384 52.1785104, -9.302277 52.1775959, -9.2974276 52.176813, -9.2920095 52.1759383, -9.2879218 52.1752807, -9.2824501 52.1744122, -9.2772359 52.1735703, -9.27481067881049 52.17319426237514, -9.26114440111024 52.1738657889324)"
way/88144450-220,way/88462768-220,220.0,491.5560191880474,30759.45,Al/St 240/40 2-bundle 220.0,"LINESTRING (-6.688169253209786 53.15427860487501, -6.6940133553211485 53.15940069586309, -6.6964113 53.1606891, -6.6990284 53.1627894, -6.7017957 53.1649891, -6.7048718 53.1674406, -6.7078923 53.1697993, -6.7068237 53.1725873, -6.7057119 53.1754826, -6.7059466 53.1783962, -6.7061999 53.1817907, -6.7064408 53.1846447, -6.7067373 53.1882016, -6.7069967 53.1915843, -6.7073117 53.1951555, -6.7075205 53.1986601, -6.7078233 53.2015964, -6.7080465 53.2043117, -6.7097699 53.2074193, -6.7113574 53.2103233, -6.7130931 53.2133492, -6.7144741 53.2159375, -6.7164745 53.2196153, -6.7180361 53.2224003, -6.7191646 53.224413, -6.7230717 53.2258369, -6.7268233 53.2272415, -6.7311031 53.2288438, -6.7369127 53.2310509, -6.7410276 53.2325532, -6.744875 53.2340037, -6.7464249 53.2366314, -6.7483368 53.2401488, -6.7500126 53.2430304, -6.7516172 53.2458912, -6.7533008 53.248923, -6.7550005 53.2519547, -6.7570242 53.2556573, -6.7586557 53.2584841, -6.7596754 53.2603315, -6.7575553 53.2636562, -6.7555333 53.2667363, -6.753619 53.2696704, -6.7517158 53.2726244, -6.7498729 53.2754898, -6.7478676 53.2786267, -6.7459408 53.2816157, -6.7441103 53.2844445, -6.7403958 53.2858972, -6.7367134 53.2872923, -6.7353753 53.2903318, -6.7341228 53.2935631, -6.7328704 53.2965766, -6.731355 53.3001866, -6.7303426 53.302704, -6.7288927 53.3059583, -6.7283285 53.3073655, -6.7276186 53.3090349, -6.7263301 53.3123459, -6.7252895 53.314865, -6.7239956 53.3179002, -6.722683 53.3211718, -6.7213067 53.3244493, -6.7198596 53.3279251, -6.7185427 53.3311173, -6.717406 53.3339268, -6.716392 53.3363651, -6.7116501 53.337338, -6.7065801 53.33836, -6.7014433 53.3393943, -6.6967378 53.340342, -6.6913538 53.3414297, -6.6865538 53.342471, -6.6818284 53.343389, -6.6770387 53.3443443, -6.6720899 53.3453629, -6.6668084 53.3464237, -6.6616518 53.347413, -6.6568131 53.3470159, -6.6527791 53.3466573, -6.646846 53.3461513, -6.6415782 53.3457158, -6.6358812 53.3452482, -6.6307313 53.3447678, -6.6260965 53.3443835, -6.6223843 53.344044, -6.6204284 53.3451275, -6.6166713 53.3471279, -6.6129327 53.349096, -6.6111914 53.3500205, -6.610838638001206 53.34998842841769, -6.601984978174334 53.34857593005784)"
way/89760546-220,way/88144450-220,220.0,491.5560191880474,59854.52,Al/St 240/40 2-bundle 220.0,"LINESTRING (-6.816316759130855 52.788706116883716, -6.810739011220004 52.78466520967348, -6.809785 52.7840498, -6.8055818 52.7811211, -6.8014905 52.7783454, -6.7984474 52.776306, -6.7956731 52.7744185, -6.7922517 52.7721076, -6.7883872 52.7694935, -6.7845892 52.766902, -6.7803639 52.764001, -6.7763794 52.7613382, -6.7729423 52.7590197, -6.7692424 52.7564626, -6.7658928 52.7542101, -6.760709 52.7531604, -6.7559316 52.7521828, -6.7519909 52.7513347, -6.7468023 52.7502613, -6.7416137 52.7498903, -6.7359216 52.749612, -6.7309957 52.7492145, -6.7270331 52.7490157, -6.7244894 52.7463032, -6.7225013 52.7442182, -6.7205825 52.7439824, -6.7170536 52.7454809, -6.7125017 52.7474407, -6.7087221 52.7490103, -6.7055971 52.7503322, -6.701751 52.7519698, -6.698355 52.7534, -6.6969997 52.7564861, -6.6959257 52.7589623, -6.6946522 52.7618345, -6.6931485 52.765214, -6.6921154 52.7675535, -6.6910589 52.7699409, -6.6860702 52.7716027, -6.6838338 52.7723571, -6.6803295 52.7735259, -6.6757767 52.7750323, -6.6719468 52.7763093, -6.6681856 52.7775716, -6.6665737 52.7797687, -6.6645886 52.782268, -6.662498 52.7849842, -6.6608227 52.7872193, -6.6589784 52.7896543, -6.6570004 52.7922296, -6.6550717 52.7947836, -6.6529599 52.7975544, -6.6510452 52.8000612, -6.6489757 52.802704, -6.6463783 52.8061126, -6.6458081 52.8086785, -6.6449834 52.8121735, -6.6443986 52.8146782, -6.6436358 52.8179754, -6.6430769 52.8207015, -6.6422636 52.824019, -6.6416864 52.8262718, -6.6409187 52.8298647, -6.6403694 52.8320942, -6.6395192 52.8358088, -6.6388175 52.8387399, -6.6380783 52.842056, -6.6374592 52.844676, -6.6388529 52.8472335, -6.6402289 52.8498182, -6.641703 52.8525244, -6.64347 52.8557773, -6.6453928 52.8593179, -6.6464487 52.8614938, -6.6479621 52.8642604, -6.649667 52.8673367, -6.6512353 52.8703921, -6.6531429 52.8737615, -6.6548253 52.8768799, -6.6563106 52.8796242, -6.6577888 52.8824449, -6.6594936 52.8855703, -6.6607523 52.8879284, -6.6612802 52.8902559, -6.6620827 52.8938615, -6.6627373 52.8968553, -6.663392 52.8997555, -6.6639487 52.9022499, -6.6644803 52.904493, -6.6650685 52.9071954, -6.6657554 52.9106716, -6.6665132 52.9138918, -6.6672225 52.9171986, -6.6678021 52.9197333, -6.6663489 52.9224869, -6.6648957 52.9254854, -6.6632695 52.9282699, -6.6616174 52.9312419, -6.6599887 52.9341613, -6.658417 52.9370811, -6.6564362 52.9407614, -6.6552959 52.9427949, -6.65423 52.9448043, -6.6523664 52.9483593, -6.6505935 52.9515445, -6.6489443 52.9544773, -6.6476501 52.9569415, -6.6473426 52.9596618, -6.646945 52.9626866, -6.646631 52.9657089, -6.6463181 52.9681797, -6.6459762 52.9709575, -6.6455996 52.9742584, -6.6451766 52.9776708, -6.6448476 52.9803389, -6.6444291 52.983497, -6.6441046 52.9862389, -6.6413465 52.9894585, -6.6394517 52.9916698, -6.6373367 52.9941426, -6.6356795 52.9961515, -6.6331184 52.9991436, -6.6314206 53.001086, -6.6312899 53.0036285, -6.6312041 53.0064627, -6.6310646 53.0097163, -6.6309788 53.012137, -6.6308715 53.0147576, -6.6307749 53.0175459, -6.6306569 53.0205082, -6.6305496 53.0228509, -6.6304423 53.0253482, -6.630378 53.0272002, -6.6289591 53.0299457, -6.6276958 53.0323943, -6.6261079 53.0354202, -6.6249277 53.037762, -6.6236832 53.0400779, -6.6218593 53.0436128, -6.6200997 53.0469797, -6.6189303 53.0492306, -6.6174497 53.0521005, -6.6160367 53.0548007, -6.6148957 53.0570369, -6.6186239 53.0580428, -6.6233484 53.0593145, -6.6296569 53.0609845, -6.6342668 53.0622016, -6.6390251 53.063475, -6.6397332 53.0668532, -6.6404466 53.0702149, -6.6411813 53.0739246, -6.6418025 53.0768911, -6.6424296 53.0799171, -6.6429301 53.082445, -6.6435631 53.0854931, -6.6441746 53.0886827, -6.6448405 53.0917498, -6.6454628 53.094765, -6.6461172 53.0979347, -6.6468039 53.101497, -6.6506019 53.1036742, -6.6543613 53.1058461, -6.6581163 53.1079394, -6.6621611 53.1102644, -6.6663024 53.1126022, -6.6701498 53.114829, -6.6737268 53.1168716, -6.6774132 53.1189373, -6.6770163 53.122221, -6.6766306 53.1259166, -6.6762551 53.1293997, -6.6758581 53.1330943, -6.6755035 53.1362353, -6.6751816 53.1392539, -6.674849 53.1422658, -6.674517 53.1452131, -6.67412 53.1486944, -6.6771885 53.1503612, -6.67883554331796 53.15124351862977, -6.688169253209786 53.15427860487501)"
way/88144450-220,way/288283900-220,220.0,491.5560191880474,27387.27,Al/St 240/40 2-bundle 220.0,"LINESTRING (-6.688169253209786 53.15427860487501, -6.678455506074773 53.15160440680434, -6.6748818 53.1495826, -6.6729506 53.1484949, -6.6697856 53.1467064, -6.6687014 53.1432118, -6.66765 53.1396272, -6.6666737 53.1363254, -6.6655901 53.1328947, -6.6646781 53.12985, -6.6637983 53.1270174, -6.6627684 53.1235924, -6.6616955 53.1201542, -6.6608479 53.1173211, -6.6583052 53.114623, -6.6560671 53.1120934, -6.6532626 53.1091038, -6.6503336 53.1059866, -6.6477158 53.1031975, -6.6453018 53.1005952, -6.6428449 53.0979733, -6.6407748 53.0957961, -6.6369017 53.0938763, -6.6325624 53.0917453, -6.6282322 53.0895784, -6.623533 53.0872716, -6.6191492 53.0851593, -6.6147504 53.0829683, -6.6099654 53.0805832, -6.6057017 53.0784299, -6.6010454 53.0761741, -6.5985348 53.0749559, -6.5959277 53.0748141, -6.593503 53.0746917, -6.5886214 53.0744596, -6.5835211 53.0741932, -6.578562 53.0739324, -6.5723457 53.07328, -6.5673676 53.0727193, -6.5627906 53.0722371, -6.5590999 53.071831, -6.5552547 53.0714236, -6.5514138 53.0709982, -6.5478411 53.070605, -6.5438285 53.0701859, -6.5418437 53.0677814, -6.5400642 53.0658035, -6.537949 53.0634042, -6.5361465 53.0612507, -6.5343012 53.0591036, -6.5321018 53.0565115, -6.5294303 53.0534226, -6.5252997 53.0531324, -6.5193452 53.0526552, -6.5158476 53.0523779, -6.509907 53.051931, -6.5041853 53.051488, -6.4995183 53.0511397, -6.4958276 53.0508366, -6.4924694 53.0505786, -6.4888967 53.0503013, -6.4844443 53.0514299, -6.4800562 53.0525005, -6.4759363 53.0535258, -6.472031 53.0544931, -6.4681472 53.0554604, -6.4636947 53.055325, -6.4582123 53.0551638, -6.4537276 53.0550348, -6.4501227 53.0548929, -6.444268 53.054704, -6.4400516 53.0545815, -6.4361248 53.0544847, -6.4333139 53.0534723, -6.429312 53.0520342, -6.4255891 53.0507121, -6.422217 53.0495338, -6.4184727 53.0482182, -6.4149246 53.0469263, -6.4123787 53.0460123, -6.408055 53.044461, -6.4062901 53.043845, -6.4058286 53.0438124, -6.4026098 53.042708, -6.401176 53.0422211, -6.4006408 53.0420462, -6.3996378 53.0417027, -6.3988831 53.0414617, -6.3985136 53.041322, -6.3976698 53.0409197, -6.3965896 53.0401934, -6.3957365 53.039824, -6.3947959 53.0392079, -6.3949993 53.0387628, -6.3951107 53.0384966, -6.3951692 53.0383322, -6.395179057597943 53.03824344071562, -6.396499757471561 53.03300129813359)"
IE3-220,IE5-220,220.0,491.5560191880474,2505.91,Al/St 240/40 2-bundle 220.0,"LINESTRING (-6.524348599999992 53.398012995283366, -6.518328214318548 53.400702137408345, -6.516065 53.4017344, -6.5128654 53.4031936, -6.5090225 53.4049682, -6.50613 53.4062989, -6.5028604 53.4078307, -6.500388792233004 53.40898230568395, -6.493913099999989 53.41127349528821)"
IE10-220,way/186889669-220,220.0,491.5560191880474,15173.98,Al/St 240/40 2-bundle 220.0,"LINESTRING (-9.059683200000002 52.01205229473821, -9.054441659749163 52.00894680723957, -9.053981 52.0079077, -9.0526603 52.0048174, -9.0509966 52.0011052, -9.0499345 51.9986017, -9.0486148 51.9956556, -9.0470806 51.9922203, -9.0458972 51.989395, -9.0442053 51.9857257, -9.0432894 51.9831355, -9.042156 51.9799372, -9.0408686 51.9764152, -9.0400103 51.9740954, -9.0390661 51.9713261, -9.0379933 51.968398, -9.0368667 51.9651193, -9.0357617 51.9621048, -9.0345386 51.9587001, -9.0335912 51.9561566, -9.0293244 51.9550173, -9.0239493 51.9535228, -9.0187887 51.952121, -9.0147456 51.951014, -9.010034 51.9497404, -9.0056888 51.9485567, -9.001011 51.9472738, -8.9951316 51.94568, -8.9915589 51.9447012, -8.9875678 51.9436034, -8.9823429 51.9432198, -8.976957 51.942823, -8.9719895 51.9424394, -8.96655 51.9420425, -8.9620761 51.9417251, -8.9572159 51.9413613, -8.9536003 51.9411034, -8.9484934 51.9407197, -8.9434401 51.9403229, -8.9383439 51.939926, -8.9332692 51.9395821, -8.9277116 51.939172, -8.9230677 51.9403136, -8.922112943175343 51.940539116352525, -8.914108169763496 51.938204508458945)"
way/516651650-220,way/1003262502-220,220.0,491.5560191880474,18606.58,Al/St 240/40 2-bundle 220.0,"LINESTRING (-9.396376812418657 52.58018536321414, -9.399939424438623 52.573863178910614, -9.4022377 52.5721589, -9.4059152 52.5694829, -9.4091246 52.5671756, -9.4125893 52.5646529, -9.4159576 52.5622379, -9.4189334 52.5600716, -9.4223445 52.5576159, -9.4258617 52.5550751, -9.4265354 52.5515432, -9.4271785 52.5482201, -9.4278462 52.5447414, -9.4284546 52.5415652, -9.4290507 52.5384157, -9.429698 52.5351182, -9.4303698 52.5316377, -9.4309136 52.528797, -9.4316055 52.5252064, -9.4321508 52.5223633, -9.4326642 52.5197699, -9.43322 52.5168063, -9.4338823 52.5133826, -9.4345776 52.5097752, -9.4352524 52.5062942, -9.4359448 52.5026797, -9.4366024 52.4992466, -9.43728 52.495734, -9.4378883 52.4925749, -9.4384244 52.4899075, -9.4348861 52.4874558, -9.4310454 52.4847689, -9.4277839 52.4825021, -9.4238811 52.4797762, -9.4202162 52.4772174, -9.4163309 52.474495, -9.4126367 52.4719274, -9.4088025 52.4692347, -9.4051986 52.4667055, -9.4022853 52.4646688, -9.3987868 52.46223, -9.3949311 52.459538, -9.3915094 52.4571328, -9.3881657 52.4547934, -9.3878284 52.4517174, -9.3874721 52.4484288, -9.3870998 52.4450746, -9.3838636 52.4425795, -9.380473 52.4399561, -9.37848542134571 52.43841758085395, -9.373326560809737 52.43455859479721)"
way/516651650-220,way/207339053-220,220.0,983.1120383760948,3902.08,Al/St 240/40 2-bundle 220.0,"LINESTRING (-9.42182674037119 52.61042625146599, -9.415243147199018 52.60596492376297, -9.4154648 52.6055578, -9.4154225 52.6054321, -9.4148764 52.6051499, -9.4144659 52.6048778, -9.4132795 52.6046229, -9.4136521 52.6039611, -9.4138652 52.6035164, -9.400221847701527 52.5845088752369, -9.396376812418657 52.58018536321414)"
way/516651650-220,way/1003262502-220,220.0,491.5560191880474,19971.02,Al/St 240/40 2-bundle 220.0,"LINESTRING (-9.396376812418657 52.58018536321414, -9.397174911370245 52.57283348801278, -9.3975697 52.5727487, -9.398757 52.5721972, -9.3996517 52.5717631, -9.4003582 52.5716915, -9.4013785 52.5718108, -9.4034271 52.5722544, -9.4037332 52.5722592, -9.4043533 52.572202, -9.4053344 52.5721638, -9.4062135 52.5721543, -9.4082778 52.5723069, -9.4097715 52.5680487, -9.4098233 52.5677843, -9.4099165 52.5618539, -9.4098026 52.5617406, -9.4072859 52.5619987, -9.4071098 52.5619987, -9.4070062 52.5619169, -9.4060431 52.5598958, -9.4064573 52.5598706, -9.4068405 52.5598643, -9.4072652 52.5597825, -9.4087565 52.5593795, -9.4104758 52.5588947, -9.4119879 52.5581832, -9.4131168 52.5575284, -9.4142664 52.5561683, -9.4150017 52.5547893, -9.4157888 52.5530764, -9.4161565 52.5525307, -9.4166485 52.55205, -9.4173527 52.5515084, -9.4180984 52.5510802, -9.4176427 52.5506645, -9.4170524 52.5503497, -9.4122572 52.5489516, -9.4112215 52.5485296, -9.408943 52.5472511, -9.4039303 52.5444043, -9.4025632 52.5437429, -9.4012685 52.5433461, -9.3983376 52.5428107, -9.3842212 52.5402408, -9.3831751 52.5400329, -9.3807206 52.5398188, -9.3767125 52.5314401, -9.3749829 52.5285293, -9.3717205 52.5228645, -9.3713683 52.5219697, -9.3712337 52.5211568, -9.3705502 52.5162726, -9.3699598 52.5124594, -9.3699287 52.51164, -9.3702498 52.5079147, -9.3704259 52.5053111, -9.3705294 52.5028714, -9.3705709 52.5012763, -9.3705709 52.4963143, -9.3706641 52.4880346, -9.3707366 52.4830773, -9.3707469 52.4788765, -9.3706019 52.4785422, -9.3705916 52.4781448, -9.3706227 52.477495, -9.3707366 52.4770409, -9.3707573 52.4765173, -9.3710266 52.4624162, -9.3758457 52.4493982, -9.3759286 52.4491363, -9.3759182 52.4488207, -9.375535 52.4490132, -9.3751207 52.4491963, -9.3747116 52.4493099, -9.374199 52.4494014, -9.3737899 52.4494235, -9.3716823 52.4493888, -9.3722415 52.4483725, -9.3736656 52.4446797, -9.3746236 52.4417126, -9.3747427 52.4413464, -9.3748618 52.4410465, -9.3754004 52.4406046, -9.377787139018935 52.43870940877597, -9.373326560809737 52.43455859479721)"
