bus0,bus1,voltage,s_nom,length,type,geometry
way/381850842-230,way/381850832-230,230.0,1027.7989492113718,85315.93,Al/St 240/40 2-bundle 220.0,"LINESTRING (98.36539119331866 7.961297009662156, 98.36102649982381 7.9691123823605166, 98.3593782 7.9706851, 98.3569252 7.9731194, 98.3542551 7.9757662, 98.3517069 7.9782897, 98.3505684 7.9805639, 98.348938 7.9838206, 98.3472138 7.9872646, 98.3455988 7.9904905, 98.3440744 7.9935354, 98.3429209 7.9958395, 98.3423741 7.9969317, 98.3407835 8.0001089, 98.3391723 8.0033272, 98.3372714 8.007124, 98.3353574 8.0109469, 98.3335752 8.0145065, 98.3318009 8.0180505, 98.3300312 8.0215851, 98.3282757 8.0250914, 98.329468 8.0280143, 98.3309998 8.0317872, 98.3324032 8.035363, 98.3326707 8.0391365, 98.3328447 8.0424116, 98.3330889 8.0464351, 98.3332885 8.0489934, 98.3335496 8.0534436, 98.3337831 8.0576856, 98.3339914 8.0612129, 98.334014 8.0615953, 98.3342529 8.0655049, 98.3344838 8.0694232, 98.3347406 8.0733481, 98.3349405 8.0767822, 98.3349708 8.0773031, 98.3351953 8.0812412, 98.3354311 8.0847649, 98.3349214 8.0922363, 98.3361362 8.095895, 98.3373174 8.0993827, 98.3368951 8.1034541, 98.3379074 8.1066456, 98.3379707 8.1094673, 98.3380075 8.1108559, 98.3379341 8.1115988, 98.337968 8.1123204, 98.3379876 8.1133653, 98.3382052 8.1141617, 98.3384818 8.1150696, 98.3387346 8.1159402, 98.3389505 8.1166936, 98.3392859 8.1177861, 98.3393988 8.1181864, 98.3396025 8.1189089, 98.3398745 8.1197426, 98.338655 8.1221609, 98.3370259 8.1222607, 98.3355443 8.1224866, 98.3331047 8.1228622, 98.3302167 8.1233516, 98.3257973 8.1241051, 98.322024 8.1247265, 98.3182576 8.1253753, 98.3166665 8.128578, 98.3150863 8.1317371, 98.3134312 8.1350511, 98.31172 8.1384528, 98.3100249 8.1418707, 98.3083397 8.1452039, 98.3066413 8.1486218, 98.305045 8.1518051, 98.3034684 8.1549558, 98.3020596 8.1577448, 98.3015165 8.1608954, 98.3009109 8.1645314, 98.2987274 8.1676807, 98.2965417 8.1708156, 98.2944763 8.1737755, 98.2927153 8.1763526, 98.2915765 8.1796594, 98.2904343 8.1830119, 98.2893317 8.1862731, 98.2882357 8.1894691, 98.2879394 8.1924957, 98.2876004 8.196366, 98.2874227 8.1977147, 98.2867084 8.1989364, 98.2837461 8.2040316, 98.2829068 8.2054618, 98.2835322 8.2074881, 98.2845944 8.2107616, 98.2857767 8.2144404, 98.286966 8.2180915, 98.2881414 8.2217341, 98.2893856 8.2255221, 98.2905837 8.2292569, 98.2918149 8.2330522, 98.2929275 8.2364376, 98.2941087 8.2402195, 98.2965091 8.2418987, 98.2994035 8.243947, 98.302591 8.2462043, 98.3058243 8.2485243, 98.3090453 8.2507915, 98.3122708 8.2530699, 98.3155105 8.255367, 98.3187194 8.2576525, 98.3219377 8.2599379, 98.3251775 8.2622467, 98.3283555 8.264471, 98.3320106 8.2670829, 98.3353405 8.2694363, 98.3380058 8.2713271, 98.3407163 8.273253, 98.3435489 8.275266, 98.3469994 8.2777007, 98.3505137 8.2801885, 98.3529975 8.2819423, 98.3555821 8.283789, 98.3586197 8.2859414, 98.3640168 8.2897826, 98.3673201 8.2921336, 98.3710778 8.2948384, 98.3731308 8.2962734, 98.3795842 8.3008273, 98.3823397 8.3027977, 98.3855011 8.3050218, 98.3882495 8.3069758, 98.3912092 8.3072153, 98.3938469 8.3101384, 98.395973 8.3126416, 98.3985633 8.3156082, 98.4002376 8.3175257, 98.4015453 8.32054, 98.4026897 8.323178, 98.4055972 8.3244088, 98.4082721 8.3255412, 98.4111784 8.3267643, 98.4145161 8.328169, 98.4175554 8.3294481, 98.4216938 8.3311873, 98.4233963 8.3344018, 98.4252015 8.3378958, 98.4270636 8.3414999, 98.4288614 8.3449796, 98.4306495 8.3484172, 98.4323626 8.3517367, 98.4338057 8.3545143, 98.4358257 8.3584021, 98.4377792 8.3621347, 98.4396587 8.3657359, 98.4414346 8.3691971, 98.4416467 8.3713772, 98.441914 8.3744427, 98.4421778 8.3771635, 98.442564 8.3810409, 98.4436933 8.3842965, 98.4449389 8.3878876, 98.4463255 8.3918847, 98.4475827 8.395509, 98.4487931 8.3989983, 98.4500468 8.4026127, 98.4513283 8.4063068, 98.4524669 8.4095891, 98.4536479 8.4129935, 98.4601059 8.421088, 98.4654787 8.4278355, 98.4703962 8.4340508, 98.4726537 8.4369063, 98.4776054 8.4430776, 98.4800073 8.4460757, 98.4847501 8.4520309, 98.4870304 8.4549067, 98.4889519 8.4573149, 98.4914323 8.4604141, 98.4935648 8.463096, 98.4959426 8.4660992, 98.4980495 8.4687641, 98.5002762 8.4715135, 98.5050061 8.4774974, 98.5082933 8.4816088, 98.5110047 8.484939, 98.5133767 8.4880972, 98.5156718 8.490917, 98.5176504 8.4933956, 98.5189847 8.4950297, 98.5184646 8.4985269, 98.5178336 8.5024827, 98.5172711 8.5063547, 98.5170923359678 8.507503047768255, 98.51707942573542 8.513742845481564)"
way/26238367-230,TH42-230,230.0,1027.7989492113718,2191.91,Al/St 240/40 2-bundle 220.0,"LINESTRING (100.55228239999998 13.891366775022183, 100.55312223305839 13.895321134249073, 100.5532252 13.8957173, 100.5535182 13.8968442, 100.5538045 13.898065, 100.5543189 13.9003349, 100.5547801 13.9023482, 100.555059795839 13.903552267661018, 100.55569407229957 13.908885857988324)"
way/26238367-230,TH42-230,230.0,1027.7989492113718,2192.66,Al/St 240/40 2-bundle 220.0,"LINESTRING (100.55228239999998 13.891366775022183, 100.55321090701436 13.895262847140682, 100.5533168 13.8956859, 100.5536364 13.8969627, 100.5538728 13.8979086, 100.5543586 13.90014, 100.5548185 13.9021532, 100.5551394380393 13.903517551369347, 100.55569407229957 13.908885857988324)"
way/550709376-230,TH23-230,230.0,1027.7989492113718,62280.93,Al/St 240/40 2-bundle 220.0,"LINESTRING (104.19318528544969 15.798227432351137, 104.195187563166 15.791635060364543, 104.1956207 15.790745, 104.1965219 15.7888725, 104.1973802 15.7870941, 104.1983043 15.7851868, 104.1992591 15.7832084, 104.2002127 15.7812506, 104.2011347 15.7793277, 104.2020929 15.7773324, 104.2029981 15.7754495, 104.2039617 15.7734639, 104.2049144 15.7714842, 104.2058346 15.769572, 104.2067445 15.7676729, 104.2078689 15.7653417, 104.2093898 15.7639603, 104.2109703 15.7625419, 104.212518 15.7611402, 104.2140716 15.7597243, 104.2156454 15.7583032, 104.2172252 15.7568751, 104.2188098 15.7554353, 104.2203842 15.7540155, 104.2219486 15.7525899, 104.2235211 15.7511694, 104.225104 15.7497331, 104.2266738 15.7483086, 104.2282337 15.7468931, 104.2298256 15.745463, 104.231392 15.7440399, 104.2322148 15.7432919, 104.232953 15.7426244, 104.2345235 15.7412046, 104.23611 15.7397615, 104.2376818 15.7383403, 104.2392945 15.7368868, 104.2409863 15.7353585, 104.242552 15.7339334, 104.2441244 15.7325005, 104.245652 15.7311232, 104.2472398 15.7296903, 104.2487861 15.7282806, 104.2503532 15.7268716, 104.2519096 15.7254432, 104.2534945 15.7240184, 104.2549552 15.7227052, 104.2564863 15.7213241, 104.2580679 15.7198974, 104.2596426 15.7184682, 104.26119 15.7170638, 104.2627242 15.7156773, 104.2641968 15.7143398, 104.2658309 15.7128713, 104.2673504 15.7114997, 104.2689751 15.7100202, 104.2707025 15.7084593, 104.2722615 15.7069004, 104.2737655 15.705377, 104.2752548 15.7039091, 104.2766962 15.7024603, 104.2782006 15.7009481, 104.2796382 15.6994995, 104.2811216 15.6980149, 104.2825525 15.6965829, 104.2841403 15.6949845, 104.2848464 15.6930033, 104.2854989 15.6911609, 104.28616 15.68927, 104.286844 15.6873533, 104.2875186 15.6854373, 104.2881516 15.6836264, 104.2887604 15.6819117, 104.2893881 15.680146, 104.2900184 15.67837, 104.2907184 15.6763841, 104.2926416 15.6751061, 104.2943917 15.673943, 104.2961901 15.6727422, 104.2979651 15.6715626, 104.299732 15.6703869, 104.3015116 15.6692041, 104.3032853 15.6680291, 104.3049992 15.6668818, 104.3068341 15.665666, 104.308594 15.6645, 104.3103824 15.663312, 104.3121544 15.6621382, 104.3139283 15.6609631, 104.3157059 15.6597757, 104.3174949 15.6585864, 104.3192598 15.657412, 104.3210254 15.6562472, 104.3229519 15.6549661, 104.324879 15.6536793, 104.3266453 15.6524938, 104.3284518 15.6512928, 104.331889 15.6490006, 104.3336713 15.6478087, 104.3354255 15.64664, 104.3372145 15.6454519, 104.3389902 15.6442689, 104.3407644 15.6430756, 104.3425421 15.6418985, 104.3443103 15.6407181, 104.346091 15.639531, 104.3478629 15.6383528, 104.3496452 15.637164, 104.3514229 15.6359778, 104.3531632 15.6348146, 104.3550961 15.6335227, 104.3570363 15.6322253, 104.358809 15.6310398, 104.3605665 15.6298703, 104.3623428 15.6286841, 104.3641211 15.6274972, 104.3658967 15.6263141, 104.3676608 15.6251343, 104.3694238 15.6239551, 104.3711809 15.6227834, 104.3729512 15.621603, 104.3747279 15.6204182, 104.3765236 15.619219, 104.3782698 15.6180617, 104.3800367 15.6168741, 104.381813 15.6156903, 104.3822535 15.6153997, 104.3836127 15.6144878, 104.3855466 15.6131988, 104.386818 15.61149, 104.3879694 15.6099431, 104.3886754 15.6089945, 104.3891154 15.6084005, 104.3902103 15.6069223, 104.3913224 15.6054207, 104.3924633 15.6038802, 104.3936132 15.6023321, 104.3947607 15.6007873, 104.3959013 15.599243, 104.3970345 15.597693, 104.3981798 15.596139, 104.3994431 15.5944282, 104.4006635 15.5927941, 104.4019389 15.5910696, 104.4031861 15.5893968, 104.4044146 15.5877446, 104.4056176 15.5861273, 104.4068648 15.5844376, 104.4081127 15.5827628, 104.409366 15.581075, 104.410638 15.5793504, 104.4119409 15.5776078, 104.4132619 15.5758147, 104.414485 15.5741692, 104.4157409 15.5724797, 104.4170096 15.5707648, 104.4182622 15.5690737, 104.4195268 15.5673761, 104.4201462 15.56654, 104.4207678 15.5657011, 104.4220152 15.5640171, 104.4232839 15.5623079, 104.4245325 15.5606387, 104.4257797 15.5589411, 104.4270321 15.5572492, 104.4282769 15.5555677, 104.4295134 15.5538946, 104.43077 15.5522086, 104.4320279 15.5505031, 104.4331571 15.548976, 104.4344272 15.5472576, 104.4356744 15.5455702, 104.4369283 15.5438685, 104.4382312 15.5421042, 104.4398687 15.5404568, 104.4412789 15.5390478, 104.4426971 15.5376375, 104.444185 15.5361451, 104.4456173 15.5347077, 104.4470919 15.5332269, 104.4485819 15.5317358, 104.4500833 15.5302325, 104.4515745 15.5287393, 104.4530685 15.5272469, 104.4545618 15.5257357, 104.4559955 15.5243046, 104.4574673 15.5228309, 104.4589627 15.5213339, 104.4604594 15.5198265, 104.4619547 15.5183359, 104.4634547 15.5168234, 104.4649554 15.515318, 104.466442 15.5138312, 104.4679601 15.5123154, 104.4695789 15.5106807, 104.4711882 15.5090667, 104.4725534 15.5077124, 104.4741534 15.5061054, 104.4756621 15.5045915, 104.4771615 15.5030834, 104.4786246 15.5016172, 104.480126 15.5001123, 104.4815978 15.4986326, 104.4830925 15.497129, 104.4845389 15.4956738, 104.4860268 15.4941727, 104.4875215 15.4926665, 104.488984 15.4912099, 104.490476 15.4896972, 104.4919585 15.4882096, 104.4934572 15.4867079, 104.4948875 15.4852688, 104.4963741 15.4837741, 104.4977789 15.482364, 104.4992837 15.4808383, 104.5007984 15.4793307, 104.5022415 15.4774314, 104.5035222 15.4757557, 104.5048345 15.4740334, 104.5061213 15.4723448, 104.5074087 15.470662, 104.5086814 15.4689817, 104.5099669 15.4672988, 104.5112389 15.4656276, 104.5122454 15.4643143, 104.5135805 15.4625577, 104.5148519 15.4608968, 104.5161219 15.4592229, 104.517408 15.4575283, 104.5186861 15.4558557, 104.5199481 15.4541999, 104.5212167 15.4525233, 104.5225149 15.4508132, 104.5238225 15.4490965, 104.5251631 15.4473269, 104.5265409 15.4455081, 104.5278136 15.4438302, 104.5290217 15.4422406, 104.530241 15.440636, 104.5314869 15.4389969, 104.5327717 15.437306, 104.5340323 15.4356397, 104.5353037 15.4339565, 104.5365858 15.4322811, 104.5378525 15.4306059, 104.5391205 15.428929, 104.5403919 15.4272619, 104.5416485 15.425613, 104.5429134 15.4239497, 104.5437419 15.4228567, 104.544164 15.4223, 104.5454237 15.4206383, 104.546693 15.4189696, 104.5479684 15.4172929, 104.5493545 15.4154708, 104.5519836 15.4119873, 104.5532732 15.4102786, 104.5545499 15.4085994, 104.5567589 15.4056941, 104.5582378 15.4037245, 104.5594971 15.4020534, 104.5607659 15.4003697, 104.5620386 15.3986817, 104.5633066 15.3970131, 104.564584 15.3953271, 104.5658211 15.3937029, 104.5670993 15.3920248, 104.5683787 15.3903381, 104.56964 15.3886817, 104.5709309 15.3869868, 104.5721888 15.3853353, 104.5735849 15.3834953, 104.5756964 15.3825721, 104.5776477 15.3817529, 104.5796245 15.3809066, 104.5815162 15.3801004, 104.5834829 15.3792631, 104.5854443 15.3784162, 104.5874713 15.3775472, 104.5894233 15.3767306, 104.5912935 15.3759463, 104.5932274 15.3751155, 104.5952009 15.3742729, 104.5972238 15.3734093, 104.5993213 15.3724996, 104.6012807 15.3716616, 104.6032441 15.370825, 104.6052128 15.3699792, 104.6071802 15.3691348, 104.609102 15.3683214, 104.6110842 15.3674744, 104.6132138 15.3665563, 104.6152617 15.365686, 104.6172412 15.364848, 104.619222 15.3639906, 104.6212157 15.3631432, 104.6231528 15.3623198, 104.6250585 15.3615064, 104.6270232 15.3606827, 104.6290322 15.3598201, 104.6309808 15.3589963, 104.6329415 15.3581622, 104.6368495 15.3564952, 104.6388356 15.3556314, 104.640559 15.3549097, 104.6424861 15.3540989, 104.6444254 15.3532738, 104.6463431 15.3524603, 104.6482784 15.351621, 104.6502015 15.3508179, 104.6523204 15.349901, 104.6546592 15.3494045, 104.6568346 15.3489427, 104.6588409 15.3485081, 104.660933 15.3480568, 104.6629648 15.3476248, 104.6651267 15.3471476, 104.6671305 15.3467166, 104.6693592 15.3462371, 104.6713547 15.3458065, 104.6734174 15.3453668, 104.6758622 15.3448275, 104.6784009 15.3442933, 104.680654 15.3438032, 104.6827595 15.3433531, 104.6848959 15.3428914, 104.6870309 15.3424258, 104.6891445 15.3419718, 104.6912849 15.3415075, 104.69232955105704 15.341270230939063, 104.69694969999999 15.339722773717668)"
TH52-230,way/345996520-230,230.0,2055.597898422744,6815.78,Al/St 240/40 2-bundle 220.0,"LINESTRING (100.68935175984359 13.639142947508812, 100.68851613484574 13.633311260655402, 100.6884051 13.6325616, 100.6879263 13.6298759, 100.6877019 13.6283809, 100.6875249 13.6272019, 100.6871586 13.6245026, 100.6867583 13.6219523, 100.686341 13.6192603, 100.6859085 13.6165871, 100.6855135 13.6140529, 100.6851002 13.6114165, 100.6846863 13.6087328, 100.6843267 13.6063087, 100.6839215 13.6037574, 100.6835093 13.6011185, 100.683126 13.5987755, 100.6841779 13.5985287, 100.6867871 13.5979166, 100.6893652 13.597314, 100.6920246 13.5966914, 100.69469 13.5960673, 100.69555335303737 13.595864961122993, 100.70003570000002 13.594844275327542)"
TH46-230,way/195977249-230,230.0,1027.7989492113718,4296.89,Al/St 240/40 2-bundle 220.0,"LINESTRING (100.18888285741056 13.74957428760844, 100.19504926755205 13.745725552274807, 100.1959244 13.7451322, 100.198392 13.7436057, 100.200688 13.742105, 100.2031717 13.7404688, 100.2055159 13.738968, 100.2080479 13.7373216, 100.2105424 13.7356854, 100.2135143 13.7358625, 100.2161099 13.7360345, 100.2191698 13.7362164, 100.22222532834788 13.734451722719422, 100.22748246477907 13.731454651255012)"
way/261489769-500,TH41-500,500.0,4468.691083527704,120401.9,Al/St 240/40 4-bundle 380.0,"LINESTRING (99.66651463368606 13.6380910379675, 99.66527565960254 13.644461560283705, 99.6648575 13.6463231, 99.6639401 13.6506342, 99.663055 13.6544421, 99.662481 13.6574369, 99.6615879 13.6612708, 99.6606142 13.665467, 99.6599034 13.6686075, 99.6592248 13.6715682, 99.6583723 13.6738718, 99.6575651 13.6760402, 99.6567035 13.6783547, 99.6571572 13.6812707, 99.6576477 13.6845129, 99.6581271 13.6877337, 99.6585654 13.6906785, 99.6589892 13.6936129, 99.6595042 13.6968416, 99.6600563 13.7005266, 99.6599789 13.7031323, 99.6600939 13.7063038, 99.6602763 13.709509, 99.6604533 13.7125864, 99.6606008 13.7158749, 99.6608024 13.719004, 99.6609821 13.7225894, 99.6596034 13.7242466, 99.6581332 13.7259614, 99.657873 13.72969, 99.6575458 13.7342523, 99.6571944 13.7387572, 99.6568269 13.7435043, 99.6565051 13.7477016, 99.658383 13.7508017, 99.6605793 13.7544103, 99.6626259 13.7577034, 99.664321 13.7599178, 99.6665043 13.762807, 99.6689505 13.7660427, 99.6694521 13.7695309, 99.6700073 13.7735063, 99.6706296 13.7779141, 99.6709997 13.7804436, 99.6701602 13.782637, 99.669444 13.7845881, 99.6712572 13.78718, 99.673403 13.7901965, 99.675415 13.7930486, 99.6766297 13.7964247, 99.677716 13.7994411, 99.6787705 13.80228, 99.6798296 13.8050882, 99.6809216 13.808086, 99.68197 13.8109019, 99.6832095 13.8132901, 99.6846681 13.8160564, 99.6861192 13.8187991, 99.6876749 13.8217657, 99.6894934 13.8252427, 99.6904515 13.828261, 99.6914246 13.8313085, 99.6922888 13.8340637, 99.6932035 13.8368895, 99.6935387 13.8404939, 99.6939566 13.8446663, 99.6949839 13.8478878, 99.6958717 13.8505936, 99.6968281 13.8534987, 99.697816 13.8567247, 99.6990073 13.8603722, 99.6990632 13.863334, 99.6991441 13.8665725, 99.6992058 13.8696426, 99.6992778 13.8728334, 99.6993529 13.8756275, 99.6996157 13.8794865, 99.6999434 13.8841257, 99.7002541 13.8880167, 99.7004959 13.891208, 99.7007342 13.8944584, 99.701086 13.8991441, 99.7014025 13.9030757, 99.7013059 13.9055595, 99.7012255 13.9088166, 99.7010614 13.9132383, 99.7009381 13.9170941, 99.7001817 13.9207754, 99.6993743 13.9245633, 99.6993265 13.9267727, 99.6992805 13.9293795, 99.6992353 13.9309615, 99.6983367 13.9327031, 99.6976148 13.9341774, 99.6978727 13.9361316, 99.6982854 13.9388373, 99.6998522 13.9401744, 99.701027 13.9411792, 99.7029202 13.9445018, 99.7040146 13.9466859, 99.7030628 13.9494547, 99.7022953 13.9516396, 99.7010994 13.9550435, 99.7018259 13.9581498, 99.7025666 13.9613402, 99.7033065 13.9645063, 99.7043958 13.969011, 99.7054549 13.9735305, 99.7062573 13.9769887, 99.7068769 13.9795941, 99.7097388 13.9805623, 99.7129092 13.9816346, 99.7160205 13.9826887, 99.7191238 13.9837064, 99.7221677 13.9847172, 99.7252178 13.98576, 99.7282756 13.9868061, 99.731167 13.9877692, 99.7338653 13.9883392, 99.7366065 13.9888676, 99.740501 13.9896145, 99.7427139 13.9900778, 99.7459486 13.9907571, 99.7491834 13.9913921, 99.7529277 13.9921261, 99.7564682 13.99286, 99.7608027 13.9930188, 99.7649145 13.9931177, 99.7677519 13.9914321, 99.7705016 13.9898175, 99.7737574 13.9878899, 99.7774753 13.9857183, 99.7815442 13.9832822, 99.7849667 13.9812885, 99.7877321 13.9818351, 99.7907174 13.9823504, 99.7936951 13.9829331, 99.7966611 13.9838782, 99.799751 13.9848438, 99.8028727 13.9858676, 99.8061106 13.9868895, 99.8089384 13.9878108, 99.8117133 13.9887149, 99.8124138 13.9913817, 99.8126686 13.9926908, 99.8146507 13.9942836, 99.8161072 13.9953611, 99.8189901 13.9952137, 99.8223245 13.9950019, 99.8254918 13.9948077, 99.8286974 13.9946168, 99.8319456 13.9944346, 99.835137 13.9942507, 99.8384929 13.994078, 99.8418322 13.9938516, 99.8448738 13.9936902, 99.8482803 13.9934898, 99.8524967 13.9932478, 99.8555464 13.99324, 99.8585665 13.9931931, 99.8615733 13.9931931, 99.8646981 13.9931723, 99.8679113 13.9931229, 99.8711407 13.9931281, 99.8744801 13.9930916, 99.8778114 13.9930682, 99.881824 13.9929901, 99.8864052 13.9929797, 99.8903775 13.9929771, 99.8938483 13.9929745, 99.8964474 13.9958556, 99.8990035 13.9988407, 99.9012566 14.0013522, 99.9035391 14.0039417, 99.90679 14.0063646, 99.9106278 14.0092906, 99.914225 14.0120483, 99.9180522 14.0149196, 99.9212037 14.0174361, 99.9238488 14.0194, 99.9255976 14.0221324, 99.9273809 14.0248839, 99.92957 14.0283465, 99.9321583 14.0323721, 99.9344435 14.0359969, 99.9364606 14.0390674, 99.9378794 14.0417215, 99.9395478 14.04487, 99.9416154 14.0488208, 99.9436274 14.052767, 99.9457195 14.0567792, 99.9475971 14.0603151, 99.9502686 14.0610072, 99.9537796 14.0619829, 99.9574247 14.0629196, 99.9609867 14.0638796, 99.9645433 14.0648033, 99.9694759 14.0661068, 99.9723271 14.0669211, 99.9738505 14.0673478, 99.9765462 14.0647799, 99.9784264 14.0629898, 99.9809074 14.0606482, 99.9826558 14.0589839, 99.9856201 14.0580827, 99.9887754 14.0571088, 99.9919813 14.0560921, 99.995048 14.0551608, 99.9982962 14.055499, 100.0014718 14.0558398, 100.0047736 14.0561807, 100.0079037 14.0565111, 100.0101595 14.0567973, 100.0124778 14.0570356, 100.0152834 14.0573322, 100.020022 14.0578121, 100.0244771 14.0582882, 100.0289108 14.0587878, 100.0335135 14.0592847, 100.0382261 14.0597869, 100.0425659 14.0602656, 100.0473 14.06076, 100.0516087 14.0612516, 100.0562697 14.0617493, 100.0607534 14.0622281, 100.0654032 14.0627246, 100.0700297 14.0632234, 100.0746395 14.0637204, 100.0792467 14.0642172, 100.0829191 14.0646237, 100.0876035 14.0651106, 100.0923052 14.0655993, 100.0965934 14.0660451, 100.1000174 14.0683898, 100.1039053 14.0710071, 100.1075807 14.0734531, 100.1114799 14.0760744, 100.1147581 14.0782783, 100.1174813 14.0780394, 100.1204369 14.0777702, 100.1236804 14.0774809, 100.1268337 14.077178, 100.1329268 14.0766163, 100.1362392 14.0770238, 100.1394446 14.0774114, 100.1427573 14.0778536, 100.1467753 14.0783532, 100.1516247 14.0789099, 100.1560826 14.0794615, 100.1593602 14.0792897, 100.1620961 14.0791284, 100.1654703 14.0788995, 100.1694882 14.0786594, 100.1741445 14.0783896, 100.1786442 14.0781305, 100.183087 14.0778633, 100.1871801 14.0776291, 100.190506 14.0774158, 100.1936979 14.0772233, 100.1971201 14.0770211, 100.2003012 14.0768182, 100.2036325 14.0766205, 100.2069101 14.0764435, 100.2100966 14.0762354, 100.2133045 14.0760221, 100.2165395 14.0758288, 100.2196828 14.0756266, 100.2227191 14.0754549, 100.2259809 14.0752408, 100.2291188 14.075049, 100.232434 14.0748409, 100.2357922 14.074638, 100.2391074 14.0744298, 100.2429647 14.0741949, 100.2477334 14.0738939, 100.2523041 14.0736121, 100.2569336 14.0733468, 100.2615631 14.0730502, 100.2656666 14.0728012, 100.268204 14.0708239, 100.2704251 14.0689134, 100.2736972 14.0663228, 100.2761487 14.0645016, 100.2782947 14.062794, 100.28048572902614 14.061069241957483, 100.28534654471525 14.057173766956025)"
TH41-500,way/199773777-500,500.0,4468.691083527704,13582.54,Al/St 240/40 4-bundle 380.0,"LINESTRING (100.28534654471525 14.057173766956025, 100.28460104693225 14.05276978877759, 100.2844153 14.0515702, 100.2837232 14.0474175, 100.2831493 14.0438215, 100.2829561 14.0407875, 100.2828167 14.0379252, 100.282586 14.0340168, 100.283042 14.0317373, 100.283616 14.0288645, 100.2841524 14.0261426, 100.2847479 14.0231135, 100.2851287 14.0212815, 100.2871943 14.0187565, 100.2899481 14.0150932, 100.2926695 14.0114311, 100.2951001 14.0083636, 100.2988029 14.0063223, 100.302944 14.0041266, 100.3071818 14.0018468, 100.3106636 14.0001075, 100.3135709 14.0004622, 100.3167909 14.0010527, 100.3202393 14.0016448, 100.3235305 14.0022135, 100.3270899 14.0028125, 100.3310256 13.9986311, 100.3332837 13.9962117, 100.3348454 13.9945385, 100.3379391 13.9912086, 100.3392593 13.988565, 100.3411956 13.9882158, 100.3419937 13.9880742, 100.3439413 13.9877264, 100.3465072 13.9872568, 100.3480213 13.9848614, 100.3467579 13.9824498, 100.34594904172174 13.980874418745378, 100.34211484536758 13.97429205569383)"
TH54-230,TH59-230,230.0,1027.7989492113718,14605.81,Al/St 240/40 2-bundle 220.0,"LINESTRING (100.8376662673168 13.559294345054917, 100.84855893312563 13.555907791898708, 100.8490321 13.5557573, 100.8506562 13.5552371, 100.8522642 13.5547286, 100.8540472 13.5541755, 100.8555365 13.553699, 100.8569815 13.5532433, 100.8588054 13.5526697, 100.8603843 13.5521708, 100.8619993 13.5516606, 100.8637601 13.5511026, 100.8653087 13.5506145, 100.8669868 13.5500856, 100.8686384 13.5495602, 100.8702617 13.5490371, 100.8719315 13.5485237, 100.8734945 13.5480341, 100.8750998 13.5475419, 100.8769076 13.5469461, 100.8787429 13.5463757, 100.8800579 13.5457779, 100.8811851 13.5452518, 100.8828286 13.5445276, 100.8844933 13.5437713, 100.8860168 13.5430943, 100.887724 13.5423244, 100.8892978 13.5416269, 100.8910244 13.5408316, 100.8927639 13.5400656, 100.894231 13.5393987, 100.8958289 13.5386848, 100.8973243 13.5380114, 100.8989403 13.5372917, 100.9005416 13.5365654, 100.9019598 13.5359357, 100.9037354 13.5351442, 100.9055714 13.5343182, 100.9070204 13.5336748, 100.9086465 13.5329492, 100.910282 13.5322151, 100.9119175 13.5314849, 100.9135831 13.5307391, 100.9152196 13.5300086, 100.9168638 13.529268, 100.9185536 13.5285072, 100.9202229 13.5277617, 100.9220375 13.5269643, 100.9234047 13.5263466, 100.9250539 13.5256096, 100.9264976 13.5249491, 100.9282129 13.524187, 100.9298055 13.5234698, 100.9312525 13.5228339, 100.9330275 13.5220267, 100.9347468 13.5212496, 100.9362662 13.5205644, 100.9381324 13.5205787, 100.9398778 13.5206028, 100.9413249 13.5206087, 100.9435934 13.5206289, 100.9450914 13.5206393, 100.9472599 13.5206498, 100.9490134 13.520653, 100.9509232 13.52067, 100.9527008 13.5206745, 100.9545509 13.520698, 100.956417 13.5207039, 100.9583106 13.5207117, 100.9600105 13.5207221, 100.9620039 13.5207342, 100.9637974 13.5207667, 100.9651621372086 13.520763995012834, 100.96858962250253 13.52114019823228)"
TH62-230,TH48-230,230.0,1027.7989492113718,27689.0,Al/St 240/40 2-bundle 220.0,"LINESTRING (100.89447640000002 13.681390775237046, 100.89913884817086 13.67941415580883, 100.8997932 13.6791512, 100.9023868 13.6781532, 100.9050697 13.6770592, 100.9072678 13.6762174, 100.9103168 13.6749794, 100.9125786 13.6740894, 100.9152601 13.6730124, 100.9179222 13.6719549, 100.9206259 13.6708747, 100.9232833 13.669812, 100.9259065 13.6687877, 100.9285806 13.6677003, 100.9312173 13.6666337, 100.9338693 13.6655788, 100.936527 13.6645314, 100.939167 13.6634784, 100.9418304 13.6624372, 100.9444932 13.661383, 100.9471795 13.6603027, 100.9497577 13.659266, 100.9524761 13.6581843, 100.9547748 13.657263, 100.9576219 13.6561214, 100.960109 13.655127, 100.9626263 13.6541112, 100.9652059 13.6531097, 100.9677258 13.6521036, 100.9699876 13.6511868, 100.9729213 13.650023, 100.975597 13.6489666, 100.9781516 13.647958, 100.9807245 13.6469213, 100.9834465 13.6458233, 100.985818 13.6448667, 100.9874494 13.6442457, 100.9897099 13.643383, 100.991631 13.6425678, 100.9934428 13.6418406, 100.9960469 13.6408052, 100.9986451 13.6397722, 101.0011506 13.638776, 101.0028234 13.6381109, 101.0039285 13.6376715, 101.0068126 13.6365248, 101.0091931 13.6355454, 101.0113623 13.6346806, 101.0134598 13.6338517, 101.0158892 13.632884, 101.0184145 13.6318746, 101.0208215 13.6308866, 101.0233361 13.6299126, 101.025801 13.6289395, 101.0282867 13.6279433, 101.0304412 13.6270799, 101.0323739 13.6263021, 101.0363142 13.6247326, 101.0389427 13.6237058, 101.0414264 13.6227202, 101.0429338 13.6204056, 101.0445217 13.618028, 101.0460506 13.6156714, 101.0475527 13.6134083, 101.0492103 13.6108533, 101.050648 13.6087053, 101.0522949 13.6062235, 101.0537325 13.604013, 101.0551863 13.6017867, 101.0582874 13.5971037, 101.0598431 13.5947365, 101.0613881 13.5923589, 101.0613988 13.5895124, 101.0613881 13.5863729, 101.0613124 13.5782184, 101.0613232 13.5754182, 101.061291 13.5727272, 101.0613232 13.5700312, 101.0612856 13.567231, 101.061291 13.5647177, 101.0612695 13.5616981, 101.0612534 13.5589811, 101.0612427 13.5562696, 101.0612159 13.5535062, 101.061232 13.5507631, 101.0612159 13.5451829, 101.0611891 13.5424136, 101.0611944 13.5398998, 101.0611837 13.5373703, 101.0611622 13.5344236, 101.0611461 13.5316907, 101.0611354 13.5289367, 101.0611301 13.5260683, 101.0611193 13.523309, 101.0610764 13.5206127, 101.06108831074717 13.518606219972112, 101.06059359999998 13.514431675412604)"
TH62-230,way/404291513-230,230.0,1027.7989492113718,87617.91,Al/St 240/40 2-bundle 220.0,"LINESTRING (101.06059359999998 13.514431675412604, 101.0644849215651 13.514885706198685, 101.0660659 13.5150733, 101.0681472 13.5173578, 101.0707329 13.5202688, 101.0733293 13.5232203, 101.0759895 13.5262402, 101.0781449 13.5286967, 101.080822 13.5317374, 101.0831982 13.5344135, 101.0850009 13.5364472, 101.0875219 13.5393467, 101.0901183 13.5422678, 101.0934228 13.5444478, 101.0960406 13.5461688, 101.0991842 13.5482236, 101.1023814 13.5503404, 101.1052245 13.5522183, 101.1084968 13.5543461, 101.1117691 13.5564931, 101.1149985 13.5586213, 101.1180669 13.5606337, 101.1210817 13.5626159, 101.1242467 13.5646804, 101.1282486 13.5665264, 101.1311832 13.567888, 101.1348254 13.5695411, 101.1382264 13.5711472, 101.1415631 13.5726907, 101.1447281 13.5741299, 101.148172 13.5757251, 101.1516053 13.5773421, 101.1550063 13.5791463, 101.1567336 13.5812524, 101.1585039 13.5838388, 101.1605853 13.5863312, 101.1626023 13.5889701, 101.1637704 13.5905085, 101.1648111 13.5918791, 101.1654569 13.593598, 101.1661987 13.5954395, 101.1676771 13.5991886, 101.1689324 13.6023548, 101.1702059 13.6055348, 101.1715403 13.6089277, 101.1728272 13.6121851, 101.1745315 13.6150108, 101.1762535 13.6178942, 101.1781539 13.621054, 101.1802158 13.6245101, 101.1823488 13.6280694, 101.1844852 13.6316255, 101.1884549 13.632702, 101.190445 13.6338114, 101.1938997 13.6342454, 101.1975623 13.6346964, 101.1997362 13.6370476, 101.2021154 13.6396135, 101.2042142 13.6418564, 101.208147 13.642987, 101.2121803 13.6441586, 101.2160119 13.6452847, 101.2197737 13.6464022, 101.223459 13.6474851, 101.2262083 13.6478243, 101.2291252 13.6474506, 101.2307023 13.649469, 101.2319603 13.6504643, 101.2344454 13.6496733, 101.2373998 13.6468117, 101.2391379 13.6440342, 101.2417632 13.6421595, 101.244774 13.6419992, 101.2477907 13.6418473, 101.2506403 13.6441211, 101.2536667 13.6465289, 101.2554783 13.6489634, 101.2573785 13.6515246, 101.2611332 13.653225, 101.2648184 13.654898, 101.2684677 13.6565528, 101.272057 13.6581936, 101.2758283 13.6599176, 101.2779722 13.6608976, 101.2815985 13.6606722, 101.2847005 13.6604917, 101.2884368 13.660289, 101.2923555 13.6600649, 101.2964392 13.6598251, 101.3004008 13.6596264, 101.304413 13.6594055, 101.308369 13.6591859, 101.3123145 13.6589403, 101.3163981 13.6587233, 101.320337 13.6585148, 101.3241289 13.6580469, 101.3273362 13.6576586, 101.3307721 13.6572396, 101.3339049 13.6568721, 101.3363705 13.6563345, 101.3387674 13.6562971, 101.3425567 13.6558449, 101.3465948 13.6553509, 101.3506396 13.6548857, 101.3545851 13.6544113, 101.3586775 13.6539155, 101.3626686 13.6534509, 101.3666785 13.6529648, 101.3704893 13.6524989, 101.3729167 13.6545149, 101.3752441 13.6564372, 101.3753776 13.6590771, 101.3785486 13.6591468, 101.3809354 13.6611361, 101.3832757 13.6630543, 101.3855592 13.6649771, 101.388566 13.6674423, 101.3916036 13.6699528, 101.3946392 13.6724717, 101.3977506 13.6750518, 101.4006728 13.6774801, 101.4036997 13.68001, 101.4067487 13.6825471, 101.4093264 13.6846901, 101.4117658 13.6867181, 101.4139498 13.6885413, 101.4166963 13.6908196, 101.4193008 13.6930067, 101.4219092 13.6951801, 101.4243755 13.6972316, 101.4270879 13.6995111, 101.4299102 13.7018395, 101.432738 13.7038056, 101.4359526 13.7060844, 101.4392235 13.7083554, 101.4423456 13.7105299, 101.4451432 13.7124699, 101.4479313 13.7144125, 101.4507302 13.7163577, 101.4517072 13.7195855, 101.4528815 13.7234089, 101.4540186 13.7271113, 101.4551572 13.7308431, 101.4563085 13.7346172, 101.4574605 13.7383958, 101.4584855 13.7417527, 101.4594548 13.744927, 101.460305 13.7476783, 101.4614658 13.7515088, 101.4626251 13.7552982, 101.4645764 13.7586557, 101.466233 13.7614902, 101.4680811 13.7646679, 101.4699603 13.7678872, 101.47198 13.7713403, 101.4738556 13.7745609, 101.4757753 13.7778511, 101.4777716 13.7812701, 101.4797229 13.784626, 101.4817319 13.7880606, 101.4837154 13.7914799, 101.4857099 13.7949, 101.4876699 13.798256, 101.4897332 13.8017927, 101.4917409 13.8052179, 101.4914656 13.808972, 101.4911887 13.812848, 101.4909171 13.8166749, 101.4906412 13.8204235, 101.4903766 13.8240611, 101.4933002 13.8267281, 101.4963311 13.829481, 101.4993613 13.8322541, 101.5023869 13.8349939, 101.5053309 13.8376826, 101.5083679 13.8404484, 101.5110528 13.8429102, 101.5145856 13.8426855, 101.5182133 13.8424671, 101.5218483 13.842247, 101.5253214 13.8420354, 101.5289022 13.8418271, 101.5312297 13.8398875, 101.5338106 13.8377126, 101.5376884 13.8371044, 101.53959111955537 13.836767940651733, 101.5445436150557 13.839490268075805)"
way/401936547-500,way/659491955-500,500.0,2234.345541763852,113962.73,Al/St 240/40 4-bundle 380.0,"LINESTRING (100.43122987068188 15.60239642507601, 100.42944015198506 15.593683965908383, 100.4290452 15.5917966, 100.4282392 15.5877843, 100.4274212 15.5837895, 100.4267084 15.5801388, 100.4288172 15.5763421, 100.4310495 15.5724426, 100.4331316 15.5687711, 100.4352428 15.565052, 100.4372984 15.5614013, 100.4393677 15.5577728, 100.4415188 15.553957, 100.4436284 15.5502644, 100.4456709 15.5466623, 100.4478668 15.5428023, 100.4500436 15.5389758, 100.4521813 15.5351764, 100.454378 15.53126, 100.4563126 15.5279214, 100.4580111 15.5248738, 100.459901 15.5219309, 100.4620575 15.5184917, 100.4643307 15.5149323, 100.4665905 15.5113889, 100.4687288 15.5080387, 100.4708592 15.5046859, 100.473007 15.5013175, 100.4750401 15.4981461, 100.4760278 15.4941533, 100.4769934 15.4902439, 100.4779536 15.4865069, 100.4789595 15.4825611, 100.4799532 15.4785423, 100.480943 15.4746222, 100.4819273 15.4706755, 100.4830062 15.4663482, 100.48411 15.4620285, 100.4851755 15.4577377, 100.4862598 15.4534072, 100.487335 15.4491761, 100.4884629 15.4446912, 100.4895425 15.4403833, 100.4906757 15.4359674, 100.4917667 15.4317026, 100.492851 15.4274022, 100.4939466 15.4230087, 100.4949994 15.4188632, 100.4960441 15.4147242, 100.4971633 15.4104015, 100.4982502 15.4060379, 100.4993634 15.4016872, 100.5004047 15.3975633, 100.5015165 15.3932086, 100.5024332 15.3895267, 100.5035523 15.3852474, 100.5046091 15.3809875, 100.5055291 15.3773397, 100.5066771 15.3729069, 100.5076775 15.3690198, 100.508791 15.3646392, 100.5098012 15.3606597, 100.5108841 15.3564387, 100.5119684 15.352116, 100.5130513 15.3477797, 100.5141195 15.3435752, 100.5152689 15.3389788, 100.5163371 15.3342904, 100.5170358 15.3303437, 100.5177512 15.3263749, 100.5183863 15.3228788, 100.519083 15.3190043, 100.5197884 15.3146725, 100.5205984 15.3105035, 100.5213052 15.3065014, 100.5219958 15.3025108, 100.52283 15.2980596, 100.5236045 15.2936556, 100.5244206 15.289232, 100.5252125 15.2848019, 100.5260212 15.2803465, 100.5268077 15.2758728, 100.5275903 15.2715006, 100.5283969 15.2670191, 100.5291982 15.2625859, 100.5299962 15.2581779, 100.5297454 15.2536533, 100.5295141 15.2491525, 100.529267 15.2447154, 100.5290393 15.2401867, 100.5287979 15.2357116, 100.5285471 15.2312098, 100.5283272 15.2266743, 100.5280643 15.2221594, 100.527841 15.2176554, 100.5275909 15.2131351, 100.5273529 15.2086419, 100.5271191 15.2041273, 100.5268862 15.1996281, 100.5266522 15.1951598, 100.5264155 15.1907006, 100.5261808 15.1861894, 100.5259514 15.1817643, 100.5257094 15.1773332, 100.525474 15.1728561, 100.525246 15.1684054, 100.5249952 15.1638795, 100.5247478 15.1593782, 100.5245037 15.1549065, 100.5242757 15.1504043, 100.5240457 15.1459169, 100.5237896 15.1413944, 100.5235666 15.1369463, 100.5233212 15.1325117, 100.5230818 15.1280356, 100.5228431 15.1236027, 100.5226077 15.1190979, 100.5223502 15.1145756, 100.522135 15.1104383, 100.5218916 15.1059817, 100.5216549 15.1015484, 100.5214001 15.0970574, 100.5211533 15.0925818, 100.5209106 15.0882104, 100.5206749 15.0837252, 100.5204294 15.079352, 100.5202001 15.07499, 100.519952 15.070656, 100.5197166 15.0662783, 100.5194819 15.0620728, 100.5192556 15.057859, 100.5190256 15.0534088, 100.5187842 15.0493079, 100.5185415 15.0449246, 100.5183085 15.0402659, 100.5180627 15.0359818, 100.5178237 15.0314777, 100.5175722 15.0269697, 100.5173167 15.0224486, 100.5170653 15.0180045, 100.5168292 15.0135939, 100.5165845 15.0091703, 100.5163203 15.0046327, 100.516034 15.0002121, 100.5157952 14.9957747, 100.5155575 14.9914368, 100.5153124 14.9869656, 100.515067 14.982566, 100.5148169 14.9780732, 100.5145795 14.9737191, 100.5143314 14.9692562, 100.51409 14.9649139, 100.5138299 14.9604803, 100.5136052 14.9561094, 100.5133625 14.9516917, 100.513113 14.9472254, 100.5128569 14.9427538, 100.5126215 14.9382815, 100.5123707 14.9338447, 100.512126 14.9293398, 100.5118819 14.9250071, 100.5116506 14.9207294, 100.5114526 14.9167271, 100.5133556 14.912779, 100.5153405 14.9086876, 100.5172824 14.9047868, 100.519223 14.9007913, 100.5211407 14.8968566, 100.5230472 14.892971, 100.5249079 14.8891579, 100.5267975 14.8852995, 100.5286871 14.8814345, 100.5305459 14.8776213, 100.5324281 14.8737717, 100.53424 14.8700601, 100.5360887 14.8662674, 100.5378845 14.8625855, 100.5397258 14.8588154, 100.5415222 14.8551314, 100.5433467 14.8514161, 100.545229 14.8475427, 100.5471354 14.843657, 100.5490988 14.8396279, 100.5510669 14.8355922, 100.5529504 14.8317205, 100.555292 14.8278928, 100.5572661 14.8249473, 100.5595244 14.8212387, 100.5616916 14.8177952, 100.5639876 14.8141234, 100.5660234 14.8108121, 100.5680726 14.807581, 100.5702747 14.8041036, 100.5723561 14.8003487, 100.5744912 14.7965211, 100.576594 14.792766, 100.5786861 14.7890627, 100.580671 14.7854942, 100.5827416 14.7817908, 100.5848445 14.7780355, 100.5869366 14.7742801, 100.5890824 14.7704001, 100.591153 14.7667069, 100.5931486 14.7632314, 100.5970861 14.7621628, 100.6013025 14.7610319, 100.6054546 14.75987, 100.6094564 14.7588014, 100.6136836 14.7576082, 100.6179966 14.756384, 100.6200994 14.7523585, 100.6220306 14.7483744, 100.623876 14.7445355, 100.6259359 14.7405927, 100.6278886 14.7365877, 100.6298198 14.7326448, 100.6318153 14.7287433, 100.633768 14.7247588, 100.6357421 14.7208364, 100.6376518 14.7168933, 100.6397332 14.7128878, 100.6416859 14.7088822, 100.6437029 14.7049181, 100.6457172 14.7011173, 100.6475867 14.6970311, 100.6496037 14.6929837, 100.6515349 14.6890815, 100.6523932 14.6849302, 100.6532301 14.6804052, 100.6541313 14.6760462, 100.6549682 14.671687, 100.6558694 14.6672655, 100.6567277 14.6628647, 100.657586 14.6584015, 100.6584658 14.6539797, 100.6593455 14.6495579, 100.6601824 14.6451982, 100.6610407 14.6408385, 100.6619419 14.6364163, 100.6627787 14.6320564, 100.6637443 14.6276134, 100.6645597 14.6232533, 100.665418 14.6188723, 100.6662334 14.6145328, 100.6670703 14.6103385, 100.66795 14.6058535, 100.6688727 14.6014515, 100.6697739 14.596987, 100.6706108 14.5925432, 100.6714476 14.5884316, 100.6722845 14.5838942, 100.6725765 14.5825274, 100.6746475 14.5832262, 100.6777314 14.584899, 100.6802821 14.5851747, 100.6829602 14.5843614, 100.6859046 14.5835067, 100.6884131 14.583187, 100.68970879685108 14.583005693664163, 100.69715888342044 14.585028039266437)"
way/223601302-500,way/381823390-500,500.0,4468.691083527704,51487.05,Al/St 240/40 4-bundle 380.0,"LINESTRING (100.77884237295204 14.227414301554559, 100.78666756811394 14.221815681896798, 100.7886492 14.2202964, 100.7907735 14.2186948, 100.7930266 14.2169268, 100.7955371 14.2149923, 100.79764 14.2134115, 100.799593 14.2118235, 100.8022967 14.2098266, 100.8058426 14.2092025, 100.809485 14.2085109, 100.8121243 14.2060615, 100.8119741 14.2021508, 100.8119956 14.1981984, 100.8119956 14.1942252, 100.812017 14.1902726, 100.8120599 14.1863409, 100.8120599 14.182305, 100.8121243 14.178373, 100.8121672 14.1745243, 100.8122316 14.1706338, 100.8122745 14.1667849, 100.8123174 14.1628735, 100.8123389 14.1591909, 100.8122531 14.1551962, 100.8123174 14.151243, 100.8123174 14.1475186, 100.8123604 14.1434196, 100.8123818 14.1398615, 100.8124033 14.1362618, 100.8124247 14.132662, 100.8124033 14.1289373, 100.8124891 14.124942, 100.8125535 14.1209467, 100.8125535 14.1169513, 100.8125535 14.1129558, 100.8125964 14.108981, 100.8126178 14.1050478, 100.8126393 14.1010938, 100.8126178 14.0974518, 100.8126822 14.0936433, 100.8127251 14.0902093, 100.8127251 14.0868169, 100.8127681 14.0834245, 100.8127681 14.0799487, 100.812811 14.0760566, 100.812811 14.0723102, 100.8128539 14.0690632, 100.8128753 14.0658787, 100.8109012 14.0631728, 100.8070389 14.0618407, 100.8039489 14.0607999, 100.800623 14.0597175, 100.7969849 14.0584083, 100.7934561 14.0571365, 100.7900229 14.0559917, 100.7864824 14.054826, 100.7826415 14.0535563, 100.7792029 14.0523989, 100.7759731 14.0512997, 100.772465 14.0500401, 100.770732 14.0470169, 100.7703565 14.0432075, 100.7703565 14.0404597, 100.7703565 14.0377536, 100.7703887 14.0351827, 100.770378 14.0318831, 100.7704209 14.0288646, 100.7704209 14.0258668, 100.7705389 14.0229731, 100.7705282 14.0200065, 100.7705604 14.0170607, 100.7705389 14.0140107, 100.7706033 14.0112105, 100.7706033 14.0082438, 100.7706569 14.0053394, 100.7706677 14.0023518, 100.7706891 13.9994994, 100.7706784 13.9965949, 100.7707428 13.9938154, 100.7707106 13.9909629, 100.770775 13.9878814, 100.7708179 13.9849143, 100.7706784 13.9819055, 100.7704853 13.9788239, 100.7703458 13.9757734, 100.7701527 13.9727333, 100.7700347 13.9696619, 100.7699059 13.9668196, 100.7697343 13.9638626, 100.7695948 13.9609161, 100.7694553 13.9577821, 100.7693802 13.954825, 100.7691656 13.9518263, 100.7690154 13.9488067, 100.768833 13.945735, 100.7687258 13.9428819, 100.7685326 13.939831, 100.7684361 13.9367488, 100.7682966 13.9338539, 100.7681035 13.9308029, 100.7679855 13.9277309, 100.7677923 13.9247631, 100.7676207 13.9217536, 100.7675027 13.9188169, 100.7673525 13.9158073, 100.7672452 13.912933, 100.7670091 13.9099233, 100.7680391 13.9070906, 100.7690047 13.9044037, 100.7699918 13.9017064, 100.7709788 13.8990194, 100.7719229 13.8963115, 100.7729207 13.8936141, 100.7738971 13.890927, 100.7747875 13.8883857, 100.775839 13.8855528, 100.7768153 13.8828135, 100.7777702 13.8800847, 100.7785105 13.8776787, 100.7791971 13.8755226, 100.7801091 13.8726062, 100.7811176 13.8707626, 100.7821368 13.8681481, 100.7830488 13.8658566, 100.7842289 13.863065, 100.7850765 13.8608568, 100.785967 13.858711, 100.7869111 13.8562631, 100.7879518 13.8538256, 100.7889067 13.8514089, 100.7898616 13.8490026, 100.7910417 13.846065, 100.7922326 13.8430857, 100.7933592 13.8402834, 100.7944964 13.8374291, 100.796905 13.8356998, 100.7994424 13.833835, 100.80191 13.8319807, 100.8043026 13.8301419, 100.8045762 13.8272822, 100.8047854 13.824261, 100.805 13.8214065, 100.80505457939874 13.82046382439288, 100.80615494832888 13.813138445314307)"
way/199773777-500,way/381823390-500,500.0,4468.691083527704,74313.94,Al/St 240/40 4-bundle 380.0,"LINESTRING (100.34211484536758 13.97429205569383, 100.34630714965007 13.980494497337848, 100.3467004 13.981237, 100.3480425 13.9838654, 100.349532 13.9866065, 100.3509085 13.9906767, 100.352203 13.9940278, 100.3535763 13.997833, 100.3563744 14.0016326, 100.3590119 14.0052293, 100.3613201 14.0082782, 100.3625217 14.0099542, 100.3638092 14.0117134, 100.3660193 14.0147738, 100.3677145 14.0170223, 100.3693238 14.0191666, 100.3718558 14.0211444, 100.3744951 14.0231637, 100.3769627 14.0249541, 100.3792319 14.0267705, 100.3814581 14.0296953, 100.3832659 14.0320113, 100.3864738 14.0339629, 100.386785 14.0367108, 100.3891936 14.040005, 100.3919187 14.0435438, 100.3943005 14.0467287, 100.3967038 14.0499968, 100.3990212 14.0529526, 100.4012528 14.0560333, 100.40342 14.0590098, 100.4068533 14.0607999, 100.4105225 14.0627773, 100.4139987 14.0646506, 100.4172173 14.0663158, 100.4207364 14.068189, 100.4241267 14.0700831, 100.4273024 14.0718523, 100.4311863 14.0739128, 100.4343191 14.0755363, 100.4380742 14.077576, 100.4416362 14.0799071, 100.4449406 14.08203, 100.4482022 14.0815721, 100.4524079 14.0808437, 100.4562703 14.0801985, 100.4604974 14.0795533, 100.4647246 14.0789081, 100.4682222 14.080032, 100.4713336 14.0811142, 100.4747239 14.0822798, 100.4778567 14.0832996, 100.4812041 14.0855682, 100.4845515 14.0878159, 100.4877916 14.0900012, 100.4912248 14.0922905, 100.4945079 14.0944133, 100.4970399 14.0961407, 100.5007842 14.0962551, 100.5054191 14.09638, 100.5084339 14.0964736, 100.5114487 14.0965257, 100.5150429 14.0968066, 100.5183581 14.0967338, 100.520182 14.0956828, 100.522317 14.0944549, 100.5256644 14.0944653, 100.5288509 14.0945902, 100.5307499 14.097764, 100.5335608 14.0993352, 100.5361518 14.1020875, 100.5386677 14.1045276, 100.542455 14.1039345, 100.546414 14.1033413, 100.5512634 14.1026026, 100.5550078 14.1020407, 100.5587521 14.10151, 100.5617562 14.1042674, 100.5647495 14.1073422, 100.5655328 14.1108852, 100.5664232 14.1145998, 100.567303 14.1182623, 100.5680862 14.1215397, 100.5680969 14.1247235, 100.5680755 14.1284171, 100.5681286 14.1319956, 100.5705426 14.1333591, 100.5716804 14.1364179, 100.5743948 14.1382593, 100.5775812 14.1387691, 100.5804244 14.1391125, 100.5828062 14.1406106, 100.5859926 14.1427226, 100.5901232 14.1434612, 100.5939642 14.1440646, 100.5956379 14.1461453, 100.5955306 14.1499322, 100.5953482 14.1537397, 100.5948976 14.1650269, 100.5958233 14.1669151, 100.5997041 14.1672738, 100.6036738 14.1676015, 100.6049344 14.1658019, 100.6079868 14.1658175, 100.6114414 14.1658227, 100.6135765 14.1658435, 100.6173254 14.1658654, 100.6223685 14.1639554, 100.6252495 14.1629151, 100.6288543 14.1648292, 100.6322447 14.1666601, 100.6357637 14.1684493, 100.642716 14.1720277, 100.646728 14.1743594, 100.6504837 14.1763446, 100.6541422 14.1782274, 100.6574676 14.1798725, 100.6616631 14.1821281, 100.6656757 14.1842397, 100.6689587 14.186008, 100.6723061 14.1877555, 100.6753531 14.1892949, 100.6791082 14.1913544, 100.6825844 14.1931226, 100.6861034 14.1949741, 100.6895366 14.1967839, 100.6933346 14.1984272, 100.6971112 14.200237, 100.701038 14.2020468, 100.7050076 14.203919, 100.7085696 14.2056039, 100.7122281 14.2073304, 100.7161442 14.2091193, 100.7199314 14.2107938, 100.7237187 14.2120835, 100.7275382 14.2138099, 100.7313147 14.2157236, 100.734984 14.2174812, 100.7385567 14.2191453, 100.7425264 14.2210173, 100.7458416 14.2225877, 100.7488778 14.2239917, 100.7525256 14.2257909, 100.7560876 14.2274652, 100.7590059 14.2289108, 100.7625996 14.2305611, 100.76444621062146 14.231472841134924, 100.77884237295204 14.227414301554559)"
way/403512774-230,way/381823390-230,230.0,1027.7989492113718,24884.04,Al/St 240/40 2-bundle 220.0,"LINESTRING (100.61232018787868 14.19858527909928, 100.6181403887704 14.195450245258, 100.6192675 14.1971512, 100.6210593 14.1997703, 100.6227826 14.2023335, 100.6245354 14.2048895, 100.6262708 14.207452, 100.6280028 14.210019, 100.6314696 14.2115349, 100.634709 14.2129305, 100.6377131 14.2142253, 100.6401734 14.2152784, 100.6426242 14.2163288, 100.6450707 14.2173857, 100.6461208 14.2202679, 100.6473117 14.2235133, 100.6484825 14.2268185, 100.6500737 14.2294458, 100.6516596 14.2320879, 100.6539971 14.2341204, 100.6574532 14.2352844, 100.6605598 14.2363393, 100.6623938 14.2388066, 100.6642023 14.2412003, 100.6663433 14.244077, 100.6685025 14.2469503, 100.671528 14.2481286, 100.6745589 14.2492914, 100.6776307 14.2504924, 100.6806489 14.2516525, 100.6836899 14.252821, 100.6867107 14.2539935, 100.6893714 14.2532415, 100.6924841 14.252372, 100.6953447 14.251568, 100.6982268 14.2507628, 100.7004463 14.2528542, 100.7028744 14.2551295, 100.7061265 14.2547058, 100.7095705 14.2542619, 100.7131769 14.2537958, 100.7166059 14.2533527, 100.720013 14.252914, 100.7233899 14.2524448, 100.726817 14.2519916, 100.7304889 14.2520501, 100.7342118 14.2521749, 100.7379669 14.2522685, 100.7415503 14.2523418, 100.7453483 14.2524458, 100.7490165 14.2525498, 100.7525994 14.2526012, 100.7542302 14.2504383, 100.7556679 14.2485769, 100.7572986 14.246466, 100.7591011 14.2440851, 100.7609473 14.2416988, 100.7627713 14.2393278, 100.7645737 14.2369568, 100.76547517806188 14.235795739513547, 100.77856071847899 14.227560932469604)"
TH3-230,way/196803560-230,230.0,1027.7989492113718,4737.16,Al/St 240/40 2-bundle 220.0,"LINESTRING (99.0265312 18.657537171911063, 99.02826109391012 18.660941880797555, 99.028401 18.6628018, 99.0285512 18.6653836, 99.0286397 18.6678535, 99.0286906 18.6701379, 99.0306044 18.6710364, 99.0317133 18.6716124, 99.0344089 18.6722451, 99.0352296 18.6718055, 99.0358921 18.6695667, 99.0376489 18.6688235, 99.0390679 18.6668227, 99.0403154 18.6650075, 99.0415835 18.6631838, 99.0428495 18.6613846, 99.0439975 18.6597125, 99.0452796 18.6578421, 99.04613318524893 18.656635052885946, 99.05151162079761 18.652414771883016)"
way/199773788-230,way/199773777-230,230.0,1027.7989492113718,65248.58,Al/St 240/40 2-bundle 220.0,"LINESTRING (99.86891696432978 13.852969440922054, 99.8745015907767 13.854126859147188, 99.8757915 13.8545688, 99.8792477 13.8557729, 99.8830241 13.8570783, 99.8864542 13.8582643, 99.8901153 13.8594612, 99.8939327 13.8607629, 99.8975825 13.8620574, 99.901251 13.8633374, 99.904597 13.8644554, 99.90811 13.8656709, 99.9116644 13.8668827, 99.9149959 13.8680228, 99.9181419 13.8690869, 99.9215178 13.8702242, 99.9249501 13.8714001, 99.9284026 13.8725788, 99.9314437 13.8736039, 99.9349393 13.8747966, 99.9383371 13.8759445, 99.941804 13.8771149, 99.9454809 13.8783717, 99.9491837 13.8796258, 99.9529958 13.880919, 99.9566267 13.8821508, 99.9599463 13.8832668, 99.9646917 13.8848617, 99.9683427 13.8860594, 99.9713067 13.8875118, 99.9748293 13.8891411, 99.9777248 13.8904711, 99.9806231 13.8918024, 99.983978 13.8933263, 99.9871483 13.8948294, 99.9904805 13.896326, 99.9938874 13.8979164, 99.996956 13.8993436, 100.0001629 13.9008062, 100.0033685 13.9022957, 100.0065657 13.9037909, 100.0096318 13.9051646, 100.0133208 13.9068618, 100.0166393 13.9084102, 100.0204845 13.9102098, 100.0238331 13.9117359, 100.0272855 13.913314, 100.0307083 13.9148861, 100.0340731 13.9164275, 100.037067 13.9178248, 100.0405858 13.9194131, 100.0439529 13.9210015, 100.0474512 13.9226097, 100.0510193 13.9242418, 100.0545996 13.9258898, 100.0583728 13.9276293, 100.0607597 13.9287041, 100.0635977 13.9300455, 100.0667023 13.9314547, 100.0700426 13.9329784, 100.0735677 13.9346032, 100.0767661 13.9360629, 100.0801358 13.9376183, 100.0835896 13.9391885, 100.0871219 13.940818, 100.0906161 13.9424533, 100.0942139 13.9440752, 100.0975563 13.9456368, 100.1012259 13.9473086, 100.104299 13.9487194, 100.1079047 13.950377, 100.111531 13.9520106, 100.1146747 13.953476, 100.1186228 13.9538243, 100.1222409 13.9541046, 100.1257765 13.9544329, 100.1296478 13.954778, 100.133233 13.9550668, 100.1368295 13.9553893, 100.140618 13.9557083, 100.1446203 13.956067, 100.1484038 13.9563887, 100.1520347 13.9567031, 100.1557293 13.9570249, 100.1596772 13.9573572, 100.1633212 13.957672, 100.1671013 13.9579338, 100.170783 13.9582471, 100.1743992 13.9585603, 100.1782029 13.9589011, 100.181926 13.959209, 100.185193 13.9594929, 100.1890698 13.9598248, 100.19312 13.9601664, 100.1967539 13.9604792, 100.2006356 13.9608159, 100.2041703 13.961119, 100.2073728 13.9614077, 100.2109125 13.9616867, 100.2148339 13.961807, 100.2188338 13.9619046, 100.2225781 13.9620114, 100.2265086 13.9621264, 100.2302657 13.9622167, 100.2341921 13.962328, 100.2382214 13.9624302, 100.2403777 13.9625004, 100.2444901 13.9626154, 100.2482556 13.9627016, 100.251928 13.9628084, 100.2558289 13.9629151, 100.2592009 13.9630095, 100.2628395 13.963104, 100.2667996 13.9632107, 100.2706709 13.9633093, 100.2745549 13.9634324, 100.278245 13.9635237, 100.2815967 13.9636649, 100.2853073 13.9637449, 100.289144 13.963872, 100.2928838 13.9639709, 100.2966769 13.9640556, 100.2991538 13.9641504, 100.3001458 13.9641884, 100.3037644 13.9642756, 100.3077855 13.9644144, 100.3114777 13.964481, 100.3151997 13.9645911, 100.3190531 13.9646988, 100.3230069 13.9647963, 100.3269769 13.9648873, 100.330513 13.9650005, 100.3340124 13.9650768, 100.3366362 13.9677451, 100.33761503320866 13.968701790204957, 100.34183348839329 13.974436161460916)"
way/261489769-500,way/199773777-500,500.0,4468.691083527704,118787.68,Al/St 240/40 4-bundle 380.0,"LINESTRING (99.66651463368606 13.6380910379675, 99.66991273468763 13.642951242356135, 99.6714424 13.6448452, 99.6725925 13.6476337, 99.6721714 13.6507411, 99.6737727 13.6531802, 99.6754871 13.655834, 99.6771394 13.65843, 99.6788989 13.661151, 99.6809932 13.6644605, 99.6832977 13.6680316, 99.6845745 13.6708255, 99.6858748 13.6735927, 99.6870979 13.6762093, 99.6885999 13.6794827, 99.6900054 13.6825162, 99.6913229 13.6853782, 99.6928915 13.6888124, 99.6948646 13.6930133, 99.6967302 13.6970113, 99.6985756 13.7010244, 99.70185 13.7034474, 99.7053369 13.7060219, 99.7090148 13.7087273, 99.7118171 13.7107854, 99.7146713 13.7097006, 99.7167802 13.7088526, 99.7175874 13.708528, 99.7202071 13.7076376, 99.7232975 13.7091156, 99.7256421 13.7102908, 99.7280236 13.7114373, 99.7284498 13.7146918, 99.7288789 13.7184805, 99.7292064 13.7216882, 99.7305234 13.7245648, 99.7327654 13.7265788, 99.7362124 13.7295962, 99.7387897 13.7318916, 99.7407587 13.7336348, 99.7433792 13.7359381, 99.7459405 13.7382021, 99.7483708 13.7403335, 99.7506185 13.7423241, 99.7526838 13.7441531, 99.7528393 13.7461108, 99.7537969 13.7515523, 99.7542473 13.7546864, 99.7546871 13.7578127, 99.7551568 13.7610251, 99.7556232 13.7642528, 99.7562214 13.7682075, 99.7567983 13.7722794, 99.7589331 13.7747671, 99.7610442 13.7772811, 99.7629325 13.7794772, 99.7645526 13.781384, 99.7649951 13.7836191, 99.764161 13.7857005, 99.7630318 13.788954, 99.761629 13.7930854, 99.7603308 13.7968676, 99.7606604 13.8007929, 99.7609879 13.8045439, 99.7612559 13.8079507, 99.7614841 13.8108082, 99.7617631 13.8140405, 99.7620471 13.8174134, 99.7622966 13.8204842, 99.7625621 13.8237008, 99.7628411 13.8270918, 99.7630583 13.8297458, 99.763348 13.8334076, 99.7635921 13.8362516, 99.7638201 13.8391242, 99.7641339 13.8429448, 99.7667651 13.8448459, 99.7693293 13.8467106, 99.7717299 13.848445, 99.773999 13.8500883, 99.7763516 13.8517863, 99.7778939 13.8533306, 99.7797446 13.8551796, 99.7819843 13.8574452, 99.7841112 13.8595415, 99.7861709 13.8615882, 99.7887056 13.8641324, 99.791203 13.8666298, 99.7935392 13.8689631, 99.7958593 13.8712676, 99.7981016 13.8735252, 99.8008938 13.8762802, 99.8039835 13.8794048, 99.8062609 13.8816625, 99.8077549 13.8831311, 99.8114405 13.8843068, 99.8160358 13.8858168, 99.8197404 13.8870177, 99.8214397 13.8876308, 99.8230674 13.8904181, 99.8242589 13.8925418, 99.8254373 13.8945263, 99.8268306 13.8952089, 99.8290834 13.8973325, 99.8298647 13.8986724, 99.8298712 13.9004736, 99.8298712 13.9022433, 99.8314663 13.9050936, 99.8332568 13.9082987, 99.8334041 13.9121999, 99.8335192 13.9169859, 99.8335928 13.9213294, 99.8336573 13.9244485, 99.8337172 13.9274871, 99.8338184 13.9307043, 99.8360108 13.9319177, 99.8381728 13.933113, 99.8410164 13.9346502, 99.8419554 13.9345044, 99.8453038 13.9339943, 99.848697 13.9329601, 99.85213 13.9319529, 99.8544796 13.9316041, 99.8554259 13.9326417, 99.8572958 13.9347567, 99.8594125 13.9371517, 99.8615336 13.9395408, 99.8635981 13.9418585, 99.8656587 13.9441796, 99.8676851 13.9464783, 99.8687985 13.949342, 99.8699941 13.9525102, 99.8726744 13.954058, 99.8751603 13.9554845, 99.8779188 13.9571691, 99.8809338 13.9592424, 99.8840466 13.9613106, 99.8870368 13.961436, 99.8898068 13.9628787, 99.8926598 13.9643605, 99.8962095 13.9662054, 99.8993931 13.9678656, 99.9029119 13.9682595, 99.9062096 13.9686271, 99.9102872 13.9690632, 99.9142769 13.9695004, 99.9164935 13.9699966, 99.9193218 13.9706179, 99.9222939 13.9713024, 99.9254909 13.9720076, 99.9293366 13.9728667, 99.9327808 13.9736195, 99.9361057 13.9734167, 99.9394926 13.9732077, 99.9426545 13.9730078, 99.9464651 13.971607, 99.9501715 13.9701905, 99.9534099 13.970268, 99.9565054 13.9703369, 99.9603851 13.9704189, 99.9646729 13.9705375, 99.9672526 13.9712235, 99.9699142 13.9719388, 99.9731422 13.9727961, 99.9762515 13.9736242, 99.9790628 13.9743527, 99.9817024 13.975836, 99.9841034 13.9771811, 99.9866518 13.9785927, 99.9893992 13.9776621, 99.9923652 13.9766575, 99.9954813 13.9755913, 99.9988755 13.9751779, 100.0022705 13.9747625, 100.0049877 13.9733959, 100.0078376 13.9718438, 100.0110433 13.9723962, 100.0144048 13.9729586, 100.0178335 13.9713408, 100.0204857 13.97005, 100.0238336 13.9709218, 100.0272369 13.9718092, 100.0301935 13.9725801, 100.0318923 13.9736013, 100.0352534 13.9756232, 100.0378998 13.9772312, 100.0411994 13.9792186, 100.0446069 13.9812912, 100.0448472 13.9843183, 100.0451148 13.9875456, 100.0453708 13.9908504, 100.0456341 13.9942066, 100.0480937 13.9964108, 100.0511521 13.999167, 100.0546096 14.0022894, 100.0581133 14.005443, 100.0611769 14.0081978, 100.0648526 14.0078564, 100.0685944 14.0074978, 100.0719654 14.0071811, 100.0750063 14.0068884, 100.0777558 14.005915, 100.0810761 14.0047242, 100.0854648 14.0031441, 100.0899698 14.0015246, 100.0943878 13.9999206, 100.0986533 13.9984068, 100.1021885 13.9971456, 100.106012 13.9957759, 100.1099877 13.9943222, 100.1142397 13.9927942, 100.1176692 13.9915803, 100.1208545 13.9923703, 100.123476 13.9930299, 100.1263388 13.9937667, 100.1286855 13.9943519, 100.1323451 13.9925856, 100.1366265 13.9904988, 100.1408038 13.9884967, 100.1449251 13.9864941, 100.1484703 13.9847823, 100.1511898 13.9834274, 100.1546678 13.9841716, 100.1590641 13.9851047, 100.1636962 13.98609, 100.1676126 13.9868655, 100.1704122 13.9874604, 100.1732278 13.988281, 100.1763566 13.9892323, 100.1791425 13.9895936, 100.1824635 13.9900337, 100.186944 13.9906256, 100.1916248 13.9912283, 100.1958872 13.9918187, 100.1990583 13.992785, 100.2021068 13.9937065, 100.2061096 13.9949339, 100.20945 13.9943052, 100.2137171 13.9935011, 100.2182608 13.9926398, 100.2224573 13.9918482, 100.2268358 13.9914642, 100.2315611 13.9910507, 100.2362428 13.9906335, 100.2408435 13.990255, 100.2455793 13.9898351, 100.250175 13.9894397, 100.2548383 13.9890342, 100.2594414 13.9886384, 100.2631891 13.9884456, 100.2668629 13.9883423, 100.2710404 13.9891254, 100.2738019 13.9896422, 100.2772659 13.9894675, 100.280605 13.9892871, 100.2838963 13.9891069, 100.2873241 13.9889393, 100.2897673 13.9905998, 100.2920578 13.9920942, 100.2946928 13.9939059, 100.2976121 13.9958543, 100.3010104 13.9951587, 100.303969 13.9945354, 100.307143 13.9938807, 100.3104423 13.9931967, 100.3134184 13.9926011, 100.3166879 13.9914431, 100.3199189 13.9902843, 100.3213269 13.9898312, 100.3232163 13.9913138, 100.3255503 13.9908649, 100.3270208 13.9905675, 100.3290365 13.991311, 100.3325816 13.9926063, 100.3359128 13.99296, 100.3377173 13.9910201, 100.3390324 13.9883305, 100.3406726 13.9880257, 100.342177 13.9877629, 100.3445581 13.9873079, 100.3463098 13.9870023, 100.3476461 13.9849094, 100.3467667 13.9831447, 100.34572671539465 13.981092300075076, 100.34211484536758 13.97429205569383)"
way/199806286-230,TH43-230,230.0,1027.7989492113718,5836.95,Al/St 240/40 2-bundle 220.0,"LINESTRING (100.51104723351119 13.812156288877611, 100.51381450741827 13.815886125126116, 100.5139352 13.8161279, 100.5161114 13.8190149, 100.5189118 13.8215531, 100.5210975 13.8235323, 100.5220271 13.8243741, 100.5248691 13.8269475, 100.5279449 13.8297326, 100.5307799 13.8322996, 100.5338975 13.8351122, 100.5370357 13.8379516, 100.53779307859634 13.8386318976057, 100.54041529999998 13.840987275073152)"
way/262815047-230,way/334185872-230,230.0,1027.7989492113718,51211.07,Al/St 240/40 2-bundle 220.0,"LINESTRING (99.13226424317118 14.407507179353884, 99.1347760599937 14.410886866364722, 99.1385158 14.4142135, 99.1407664 14.4169962, 99.1431995 14.4199799, 99.1454788 14.4228146, 99.1493896 14.4222185, 99.1534508 14.4215982, 99.1573688 14.4210888, 99.1598303 14.4182988, 99.162597 14.4151705, 99.1651869 14.4122312, 99.1677846 14.4093063, 99.1705248 14.4061527, 99.1730395 14.4033062, 99.1739585 14.3992174, 99.1749078 14.394483, 99.1754633 14.3919201, 99.1762914 14.3878213, 99.1770892 14.3840061, 99.1779072 14.3801224, 99.1785435 14.3771485, 99.1802367 14.3748044, 99.181038 14.3736951, 99.1835526 14.3702123, 99.1855457 14.3674381, 99.1855961 14.3646749, 99.1856594 14.3612007, 99.1857179 14.3574941, 99.1857429 14.3559128, 99.1858182 14.3502631, 99.1870888 14.3491501, 99.189921 14.3466691, 99.1910637 14.3450391, 99.1934825 14.3430215, 99.1955864 14.3412882, 99.1986206 14.3387888, 99.1998801 14.3377454, 99.2037519 14.3344977, 99.2054372 14.3331931, 99.2087896 14.3303613, 99.2093403 14.3285592, 99.210321 14.3254419, 99.211373 14.3222281, 99.2124464 14.3188132, 99.2141938 14.3143981, 99.2157479 14.3104663, 99.2171673 14.3068302, 99.2184777 14.3034256, 99.2196319 14.3004863, 99.2209122 14.2972859, 99.2227298 14.2939643, 99.2245878 14.2905683, 99.2264081 14.2873104, 99.2282608 14.2838298, 99.230193 14.2803222, 99.2320281 14.2769202, 99.2341124 14.27315, 99.2359948 14.269671, 99.2377414 14.2664852, 99.2393772 14.2634783, 99.2411207 14.2603326, 99.2432095 14.2566886, 99.2448911 14.2533998, 99.2462345 14.2509757, 99.2477983 14.2480901, 99.2494529 14.2450263, 99.2515046 14.2411889, 99.2530897 14.238429, 99.2546696 14.2355369, 99.2562725 14.2326588, 99.2578576 14.2297661, 99.2613187 14.2292474, 99.2660457 14.2285489, 99.269577 14.227996, 99.2739656 14.227366, 99.2787403 14.2265812, 99.2838727 14.2258613, 99.287476 14.2253139, 99.2902802 14.2248879, 99.2943539 14.224269, 99.2984843 14.2236328, 99.3026764 14.2229447, 99.3076603 14.2221708, 99.311104 14.2216361, 99.3133722 14.2199319, 99.315943 14.218009, 99.3190351 14.2156742, 99.3219622 14.2134963, 99.3247713 14.2113891, 99.3271784 14.2095833, 99.3303005 14.2072205, 99.3330993 14.2051032, 99.3358542 14.2030191, 99.3387814 14.2008047, 99.3419732 14.1983901, 99.3449632 14.1961377, 99.350296 14.1920724, 99.3535956 14.189557, 99.3569772 14.1869969, 99.3599017 14.1847829, 99.3654685 14.1805237, 99.3684654 14.1782422, 99.3714286 14.1759864, 99.3753661 14.1758487, 99.3793674 14.1756294, 99.3833244 14.1754745, 99.3871855 14.1753602, 99.3911106 14.1751481, 99.3950995 14.174986, 99.3990958 14.1748335, 99.4033085 14.1746381, 99.4070516 14.1745238, 99.4098731 14.173013, 99.4126013 14.1716356, 99.4158332 14.1699175, 99.4189103 14.1683018, 99.4219236 14.1667624, 99.425276 14.1650323, 99.4291666 14.1630425, 99.4324551 14.1613434, 99.4356895 14.1596275, 99.4389927 14.1579522, 99.4422542 14.1562507, 99.4455107 14.1545539, 99.4487107 14.1529095, 99.4520803 14.1511507, 99.4549657 14.1497089, 99.4584189 14.1479239, 99.4619138 14.1461102, 99.4651802 14.1444229, 99.4684515 14.1427522, 99.4717007 14.141072, 99.4750776 14.1393704, 99.4783022 14.1376949, 99.4815415 14.1360099, 99.4848251 14.1343463, 99.4881038 14.1326613, 99.4914635 14.1309047, 99.49288398207906 14.130180596926087, 99.49860400402946 14.126530145785088)"
way/658704544-500,way/381823390-500,500.0,4468.691083527704,22632.92,Al/St 240/40 4-bundle 380.0,"LINESTRING (100.76200318080451 14.422966751857553, 100.76077612734359 14.417271678407525, 100.7609581 14.4145798, 100.7613175 14.4102259, 100.7624923 14.406698, 100.7636188 14.4033571, 100.7647561 14.3998291, 100.7659202 14.396166, 100.7669716 14.3930016, 100.7680445 14.3897385, 100.7689189 14.3858466, 100.7697665 14.3820689, 100.7705872 14.3784574, 100.7713811 14.3749654, 100.7733123 14.3722113, 100.7753079 14.3693428, 100.7773303 14.3664638, 100.7795136 14.3633406, 100.7818257 14.3600147, 100.7840626 14.356855, 100.7845401 14.3531496, 100.7850765 14.3490699, 100.7855969 14.3449642, 100.7861172 14.3412222, 100.7865624 14.3377556, 100.7872062 14.3353544, 100.7883863 14.3309106, 100.7892017 14.3277349, 100.7901673 14.3240654, 100.7911383 14.3203647, 100.7920502 14.3168666, 100.7930802 14.3129838, 100.7940834 14.3091321, 100.7951133 14.3052648, 100.7959824 14.3019172, 100.7968675 14.298476, 100.7979243 14.2944317, 100.7988201 14.2911047, 100.7997857 14.287497, 100.8008908 14.2831978, 100.8011376 14.2795536, 100.8014436 14.275509, 100.8016472 14.2722961, 100.8019422 14.2680902, 100.8022373 14.2644509, 100.8024733 14.260484, 100.802822 14.2568342, 100.8006762 14.2537926, 100.7985787 14.2507354, 100.7965134 14.2477666, 100.7943784 14.2446989, 100.79212 14.2416936, 100.7899045 14.2386466, 100.7876729 14.2355945, 100.78673989186052 14.234342607250504, 100.77884237295204 14.227414301554559)"
way/223601302-230,TH48-230,230.0,2055.597898422744,14405.83,Al/St 240/40 2-bundle 220.0,"LINESTRING (100.80587370504132 13.813284930378202, 100.80452143070744 13.80597576109925, 100.8045011 13.8047392, 100.8044575 13.8008236, 100.8043944 13.7970518, 100.8061808 13.7942412, 100.8081603 13.7912026, 100.8100874 13.7882005, 100.8119952 13.7852758, 100.8138539 13.7823615, 100.8157938 13.7793208, 100.8177163 13.7763283, 100.8195228 13.77352, 100.8215244 13.7704323, 100.8234281 13.7674136, 100.825311 13.7645375, 100.8274628 13.7621564, 100.8300236 13.7592789, 100.8327092 13.7562835, 100.8349555 13.7537701, 100.8372622 13.7511791, 100.8396548 13.7484995, 100.8416812 13.7462185, 100.8441843 13.7434463, 100.8466526 13.7406624, 100.8491712 13.7378863, 100.8512111 13.7356221, 100.8536398 13.7328837, 100.8560712 13.7301277, 100.8584959 13.7274472, 100.8611441 13.7244737, 100.8635381 13.7217857, 100.8656586 13.7194047, 100.8677361 13.7170718, 100.8703191 13.7141714, 100.8729182 13.7112829, 100.8755374 13.7083149, 100.8781512 13.7054192, 100.8805564 13.7027097, 100.8830596 13.6999097, 100.8855179 13.697167, 100.8873196 13.6939877, 100.8892247 13.6906319, 100.89106 13.6874278, 100.891640200422 13.686397963655084, 100.89447640000002 13.681390775237046)"
way/223601302-230,way/403692059-230,230.0,1027.7989492113718,27191.74,Al/St 240/40 2-bundle 220.0,"LINESTRING (100.80587370504132 13.813284930378202, 100.80414533437138 13.806073070834039, 100.8041256 13.8045257, 100.8040605 13.800778, 100.8040042 13.7969489, 100.8058133 13.7941162, 100.8077995 13.7911063, 100.8097387 13.7880728, 100.8116156 13.7851462, 100.8134506 13.782285, 100.8154431 13.7791782, 100.8173696 13.7761922, 100.8191902 13.7733767, 100.8212059 13.7702408, 100.8231002 13.7672417, 100.8249851 13.7643526, 100.8270095 13.7621251, 100.8295817 13.7592125, 100.8320748 13.7564275, 100.8345183 13.7536906, 100.8369705 13.7509596, 100.8393409 13.7482995, 100.8415645 13.7457971, 100.844069 13.7430112, 100.8464401 13.7403478, 100.8488682 13.7376375, 100.8508315 13.7354267, 100.8534065 13.7325919, 100.8558573 13.7297897, 100.8584014 13.7269886, 100.8608404 13.7242692, 100.863316 13.7214947, 100.8651235 13.7194493, 100.8672445 13.717049, 100.8699128 13.7140841, 100.8725386 13.7111539, 100.8751672 13.7082028, 100.8778561 13.7051938, 100.8802969 13.7024407, 100.882786 13.6996582, 100.8852087 13.6969513, 100.8870675 13.693688, 100.8888968 13.6904807, 100.8907247 13.6872792, 100.8925017 13.6840803, 100.8941003 13.6812989, 100.8959134 13.6781371, 100.8977112 13.6749387, 100.8995176 13.67175, 100.900964 13.6692728, 100.9035153 13.6666709, 100.9061337 13.664046, 100.9087532 13.66142, 100.9113809 13.65875, 100.914011 13.656107, 100.9166382 13.65341, 100.9192922 13.6507853, 100.9219372 13.6481196, 100.9245644 13.6454499, 100.9272151 13.642775, 100.9298866 13.6401169, 100.9325165 13.6374224, 100.9350277 13.6349142, 100.9375242 13.6323994, 100.9399892 13.6298794, 100.9425218 13.6273875, 100.9450646 13.6248537, 100.9475879 13.6222587, 100.9500723 13.6197953, 100.9525694 13.6172804, 100.9550095 13.6148078, 100.9574839 13.6123209, 100.9599984 13.6098418, 100.9624527 13.6072955, 100.9649666 13.6047987, 100.9674932 13.6022745, 100.9700038 13.5997261, 100.9726186 13.5971397, 100.9752741 13.5944649, 100.9778899 13.5917874, 100.9804686 13.5892324, 100.98305 13.5866321, 100.9855974 13.584049, 100.9877935 13.5810371, 100.9900197 13.5779377, 100.99072588174269 13.576951286399424, 100.99454856234456 13.57049933165331)"
way/381850832-230,TH87-230,230.0,1027.7989492113718,76117.91,Al/St 240/40 2-bundle 220.0,"LINESTRING (98.51707942573542 8.513742845481564, 98.51740989852097 8.51915007473486, 98.5181627 8.5199298, 98.5196931 8.5215582, 98.5225381 8.5244195, 98.524585 8.5250214, 98.5266946 8.5256536, 98.5304333 8.5268287, 98.5338277 8.5278403, 98.5381546 8.5291537, 98.5475654 8.5316372, 98.5548391 8.5336939, 98.5590839 8.5345945, 98.5639269 8.535332, 98.5666453 8.5327761, 98.5706962 8.5317816, 98.5744337 8.5308735, 98.577203 8.5306868, 98.5807049 8.5304633, 98.5807891 8.5305082, 98.5840615 8.5322508, 98.5870858 8.5338722, 98.5895419 8.5351458, 98.5927332 8.5368784, 98.5957208 8.5384092, 98.5993592 8.538329, 98.6028508 8.5382461, 98.6038911 8.5382085, 98.6102962 8.537977, 98.6106909 8.5379627, 98.6115841 8.5379304, 98.6213708 8.5356836, 98.6252299 8.5346613, 98.6314435 8.5330154, 98.634604 8.5321808, 98.6383273 8.5311866, 98.6410082 8.5304708, 98.6441791 8.5296241, 98.6479919 8.528606, 98.6515641 8.5276522, 98.6553893 8.5266456, 98.6591854 8.5256145, 98.6630966 8.5245726, 98.6668378 8.5235802, 98.6702394 8.5226541, 98.6739537 8.5216769, 98.677144 8.5208199, 98.6797522 8.5201126, 98.683641 8.5190581, 98.6873403 8.5180724, 98.6912064 8.517044, 98.6946936 8.5160787, 98.6973417 8.5153619, 98.6999019 8.5146497, 98.7021246 8.5124443, 98.7038568 8.5106837, 98.7061691 8.5084273, 98.7087499 8.5058664, 98.7111814 8.5033824, 98.7136586 8.5009735, 98.7164562 8.4981762, 98.7192779 8.495374, 98.7215159 8.4929833, 98.7242021 8.4903828, 98.7269865 8.487695, 98.7289569 8.4856937, 98.733025 8.4798953, 98.7346233 8.477581, 98.7369263 8.4743363, 98.7386202 8.4707452, 98.7402648 8.4672557, 98.7414614 8.4645632, 98.7414831 8.4486205, 98.7414968 8.4445676, 98.7415008 8.440816, 98.7414933 8.4379583, 98.7415104 8.434087, 98.741496 8.4300258, 98.7415185 8.4264577, 98.7415035 8.4184761, 98.7414919 8.4147317, 98.7415369 8.4108871, 98.7424033 8.4070619, 98.7451888 8.3987201, 98.7460782 8.3959491, 98.7470557 8.3927051, 98.7480394 8.3894905, 98.7486043 8.3877652, 98.7494568 8.3848293, 98.750528 8.3813675, 98.7510749 8.3789692, 98.7519268 8.3752866, 98.7531585 8.3709307, 98.7533691 8.3700753, 98.7536265 8.3690301, 98.7536729 8.3673538, 98.7538966 8.3662685, 98.7544239 8.3639138, 98.755124 8.3608809, 98.7557582 8.3578131, 98.7574592 8.3551601, 98.7591523 8.3525194, 98.761208 8.349317, 98.7632933 8.3460561, 98.7674959 8.339484, 98.7696232 8.3361573, 98.7718114 8.3327354, 98.7737283 8.3297376, 98.7757982 8.3265249, 98.7779145 8.3231909, 98.7799786 8.3199629, 98.7817508 8.3171914, 98.783378 8.3146466, 98.785162 8.3118565, 98.7867397 8.3093891, 98.7883008 8.3069659, 98.7983725 8.2912376, 98.8000371 8.2885779, 98.8020754 8.2854161, 98.8038367 8.2826515, 98.8043453 8.2800531, 98.805038 8.2765134, 98.805756 8.272845, 98.8065295 8.2688926, 98.8072773 8.2650717, 98.8080336 8.261207, 98.8087938 8.2573227, 98.8095588 8.253414, 98.8102885 8.2496851, 98.8110539 8.2457741, 98.8118152 8.2418836, 98.8125594 8.238081, 98.8132926 8.2343345, 98.8140573 8.2304265, 98.8148119 8.2265707, 98.8154823 8.2231445, 98.815982 8.2205298, 98.8161233 8.2197903, 98.8161743 8.2195235, 98.8168132 8.2162017, 98.8173813 8.2133859, 98.8177281 8.2115937, 98.8183981 8.2081309, 98.8191127 8.2044377, 98.819588 8.2019812, 98.8202197 8.1999495, 98.821118 8.1971381, 98.8218804 8.1947522, 98.8220835 8.1941166, 98.8224083 8.1931001, 98.8235408 8.192218, 98.8256023 8.1906125, 98.8274089 8.1892054, 98.8277975 8.1889027, 98.8309914 8.1864151, 98.8439787 8.1764592, 98.8452828 8.1738177, 98.8469176 8.1705064, 98.8483902 8.1675235, 98.8500114 8.1642398, 98.8517431 8.1607321, 98.8533122 8.1575537, 98.8562412 8.1516222, 98.8577277 8.1486663, 98.8596595 8.1469353, 98.8625567 8.1443391, 98.8651413 8.1420231, 98.8674135 8.1399756, 98.8699854 8.137658, 98.8729881 8.1349806, 98.8767541 8.1314964, 98.87528 8.132937, 98.8781281 8.130387, 98.8809502 8.1278602, 98.8862932 8.1230913, 98.8892014 8.1204869, 98.8921827 8.1178169, 98.8937575 8.1164067, 98.8966411 8.1138242, 98.8987177 8.1119395, 98.9015759 8.1093454, 98.9061625 8.1094463, 98.9090598 8.1095437, 98.9125998 8.1096056, 98.9161891 8.1096871, 98.9196009 8.1097721, 98.9223852 8.1098188, 98.9261342 8.1098818, 98.9300883 8.1099781, 98.933838 8.1100694, 98.9478769 8.1104115, 98.9515622 8.1105012, 98.9555634 8.1105987, 98.9590509 8.1106713, 98.9616796639599 8.110726000350343, 98.9656061 8.110807683155747)"
TH51-230,way/387737843-230,230.0,1027.7989492113718,22941.63,Al/St 240/40 2-bundle 220.0,"LINESTRING (99.79024539850045 13.50424597340916, 99.78866728173553 13.513119236640538, 99.7889987 13.5138151, 99.7911071 13.5146925, 99.7938413 13.5130516, 99.7953302 13.5110911, 99.7967614 13.5090914, 99.7990338 13.5060928, 99.8006134 13.5032462, 99.8024663 13.5030993, 99.8063883 13.5027542, 99.810272 13.5024224, 99.8133801 13.5021268, 99.8163146 13.5018674, 99.8200927 13.5015416, 99.8239888 13.5012159, 99.8277049 13.5008479, 99.8309496 13.5005825, 99.833307 13.5020604, 99.8362882 13.5038942, 99.8391508 13.5056707, 99.8415943 13.5071766, 99.8433065 13.5080801, 99.8464211 13.5095943, 99.8499745 13.5113595, 99.8530547 13.512857, 99.8551024 13.5138358, 99.858501 13.5155507, 99.8618307 13.5171904, 99.8651948 13.5188133, 99.8685238 13.5204564, 99.8739993 13.5231065, 99.8778912 13.5283654, 99.8777966 13.5315191, 99.877603 13.5349362, 99.877517 13.538646, 99.8773206 13.542159, 99.8781822 13.5442847, 99.8793034 13.5469393, 99.8803377 13.5493525, 99.8809831 13.5519226, 99.881856 13.5553091, 99.8827476 13.5589616, 99.8835609 13.5621012, 99.88438 13.565184, 99.8831221 13.5680391, 99.8818024 13.5710538, 99.8806927 13.5735187, 99.8793682 13.5767142, 99.8781809 13.5795617, 99.8781909 13.582166, 99.878201 13.5847692, 99.8782127 13.587817, 99.8782259 13.5912456, 99.8782617 13.5934319, 99.8782796 13.5956819, 99.88034774748775 13.597721455587001, 99.8836814158957 13.602471504375883)"
way/388836605-230,TH80-230,230.0,1027.7989492113718,201216.43,Al/St 240/40 2-bundle 220.0,"LINESTRING (99.0284342 10.005415180010809, 99.02863991918869 10.009746513256966, 99.0286833 10.0110017, 99.0287631 10.0133114, 99.0289433 10.0173595, 99.0291311 10.0210362, 99.0293145 10.0253388, 99.0294738 10.0294436, 99.0295621 10.0325153, 99.0297802 10.0362602, 99.0298982 10.0398839, 99.0301197 10.0444765, 99.0301878 10.0469726, 99.030308 10.0504593, 99.0304271 10.0539672, 99.0305957 10.0574283, 99.0307337 10.0602593, 99.0308474 10.0640259, 99.0310096 10.067733, 99.0311823 10.0716787, 99.0313545 10.0756133, 99.0315086 10.0791341, 99.0316685 10.0831661, 99.0318138 10.0868266, 99.0319814 10.0910513, 99.0321221 10.0945957, 99.0322765 10.0984875, 99.0325238 10.1047619, 99.0327542 10.1096926, 99.0328451 10.1119218, 99.0329071 10.1152291, 99.0330343 10.118176, 99.0332077 10.1221963, 99.0324236 10.125856, 99.0316533 10.1294515, 99.0308842 10.133041, 99.0302085 10.1361946, 99.0294269 10.1398334, 99.028669 10.1433617, 99.0279224 10.1468372, 99.0271898 10.1502477, 99.0264845 10.1535312, 99.0256605 10.1573117, 99.0248189 10.1611734, 99.0239684 10.1651072, 99.0233086 10.1681591, 99.0225109 10.1718491, 99.0217874 10.1751957, 99.0209132 10.1792391, 99.0200301 10.1832363, 99.019225 10.1870474, 99.018447 10.1906864, 99.0175071 10.195141, 99.0168852 10.1980883, 99.0161301 10.2016666, 99.0148274 10.2073313, 99.0160333 10.2101509, 99.0173618 10.2132298, 99.0189727 10.2168948, 99.0210651 10.2217354, 99.0224412 10.2250355, 99.0238484 10.2282481, 99.0252499 10.2313733, 99.0267074 10.2348172, 99.0282006 10.238186, 99.0297984 10.2420003, 99.031139 10.2451671, 99.0327896 10.2488776, 99.034208 10.2521526, 99.0358611 10.2559695, 99.0372742 10.2592926, 99.0389775 10.2632172, 99.0409452 10.2677512, 99.0422357 10.2707247, 99.0440668 10.2749437, 99.0455833 10.2784379, 99.047091 10.2819116, 99.0486786 10.2855696, 99.0502256 10.2891337, 99.0517394 10.2926463, 99.053144 10.2959055, 99.0544887 10.2990255, 99.0561064 10.3027791, 99.0573339 10.3056273, 99.058807 10.3090452, 99.0601803 10.3121802, 99.0618004 10.315996, 99.0634311 10.3197062, 99.0650075 10.3233542, 99.0665665 10.3269619, 99.0683253 10.3310319, 99.0700105 10.3349316, 99.071367 10.3380706, 99.0714923 10.3421755, 99.0715403 10.3461585, 99.0739473 10.3491499, 99.0764152 10.3522937, 99.0788517 10.3553333, 99.084921 10.369391, 99.0893574 10.3795909, 99.090798 10.382912, 99.0921842 10.3861075, 99.0935003 10.3891916, 99.0931829 10.3922149, 99.0928547 10.3953413, 99.092583 10.3982723, 99.0931892 10.401285, 99.0936057 10.4032715, 99.0945893 10.4080122, 99.0938168 10.4114153, 99.0930063 10.4149453, 99.0921804 10.4185429, 99.0913684 10.4220796, 99.0905742 10.4255385, 99.0888438 10.4330752, 99.0879964 10.4367923, 99.0871687 10.4403454, 99.0848888 10.4501157, 99.0840589 10.4538797, 99.0831883 10.4575804, 99.0820147 10.4613161, 99.0815323 10.4646993, 99.0806481 10.4685252, 99.0797735 10.4723091, 99.0788769 10.4761885, 99.0780371 10.4799379, 99.0762269 10.4831356, 99.0737539 10.4876139, 99.0724664 10.4899295, 99.0705819 10.4932711, 99.0688438 10.496399, 99.067138 10.4994899, 99.0652014 10.5028762, 99.0632235 10.506418, 99.0637745 10.5092741, 99.0645486 10.5134488, 99.0653462 10.5178555, 99.0661992 10.5223966, 99.0668928 10.5260121, 99.0687382 10.5292609, 99.0707123 10.5325308, 99.0724326 10.5355449, 99.0737854 10.5378466, 99.0756494 10.5410178, 99.0774281 10.5440441, 99.0849961 10.5569196, 99.0868875 10.5601383, 99.0888313 10.563446, 99.090816 10.5668233, 99.092802 10.5702037, 99.0948042 10.5736118, 99.0966811 10.5768064, 99.0982135 10.5794146, 99.0999958 10.5824482, 99.1016559 10.5852596, 99.1033609 10.5881474, 99.1068092 10.5903262, 99.11011 10.5924118, 99.1134398 10.5945157, 99.1168721 10.5966843, 99.1234061 10.6008128, 99.1267782 10.6029433, 99.1300789 10.6050288, 99.1334136 10.6071358, 99.1367645 10.6092529, 99.1399921 10.6112668, 99.1433411 10.6133764, 99.1461191 10.6151159, 99.1465065 10.6192232, 99.1468023 10.6222812, 99.1471476 10.625851, 99.1475215 10.6297153, 99.1478821 10.6334432, 99.1482573 10.6373225, 99.1486243 10.6409198, 99.1489982 10.644779, 99.1493772 10.6486857, 99.1497531 10.6525596, 99.1501272 10.6564145, 99.1505041 10.6602987, 99.1508781 10.6641538, 99.1512426 10.6680278, 99.1516173 10.6718824, 99.1519886 10.6757739, 99.1523742 10.6796402, 99.1527385 10.6835162, 99.15314 10.6875474, 99.1535282 10.691444, 99.1538786 10.695064, 99.1542559 10.6989607, 99.1546291 10.7028141, 99.1549787 10.7064247, 99.1553174 10.7099236, 99.1556849 10.7137187, 99.1560314 10.7175664, 99.1564035 10.7214149, 99.1567525 10.7250248, 99.1571265 10.7288926, 99.1574742 10.7324893, 99.1578465 10.7363403, 99.1582197 10.7401995, 99.1585952 10.7440838, 99.1589435 10.7476864, 99.1593126 10.7515717, 99.1596742 10.7553718, 99.1600612 10.7593348, 99.1603965 10.7629299, 99.160763 10.7668347, 99.1611226 10.7706654, 99.1614551 10.7740333, 99.1618366 10.7778959, 99.1621694 10.7815748, 99.1625447 10.7854729, 99.1629152 10.7893207, 99.1632329 10.7926742, 99.1636154 10.7965138, 99.164082 10.8014561, 99.1643393 10.8041813, 99.1661101 10.8062563, 99.1679181 10.8084787, 99.1703821 10.8115074, 99.1721148 10.8134965, 99.1744853 10.8163815, 99.1770299 10.8194783, 99.1794402 10.8224379, 99.1819202 10.8254032, 99.1845085 10.8284977, 99.1860344 10.8303193, 99.1884205 10.8331678, 99.190986 10.836272, 99.193173 10.8389183, 99.1962383 10.8426496, 99.1982535 10.845078, 99.1998595 10.8470132, 99.2017967 10.8493476, 99.2032209 10.8510638, 99.2051816 10.8530769, 99.2082447 10.8562219, 99.2117351 10.8597853, 99.2133757 10.8614602, 99.2161361 10.8642617, 99.2186613 10.8668445, 99.2214649 10.8697118, 99.2242408 10.8725509, 99.2270669 10.8754369, 99.2288526 10.8772604, 99.2307511 10.8791993, 99.2336097 10.8821184, 99.2363868 10.8849543, 99.2389377 10.8875593, 99.2414544 10.8901292, 99.243958 10.8926858, 99.246543 10.8953255, 99.2489925 10.8978268, 99.2515478 10.9004299, 99.2539861 10.9029137, 99.2566138 10.9055904, 99.2594021 10.9084308, 99.262093 10.9111718, 99.2648233 10.9139531, 99.266712 10.915877, 99.2689798 10.9182151, 99.2709737 10.9202709, 99.2731823 10.922548, 99.2751607 10.9245878, 99.2777923 10.9272812, 99.2806027 10.9301576, 99.2833423 10.9329614, 99.2860189 10.9357007, 99.2888 10.9385471, 99.2890473 10.9419261, 99.2892839 10.9451603, 99.2895629 10.9489727, 99.2897769 10.9518972, 99.292515 10.9546613, 99.2953344 10.9575076, 99.2981406 10.9603404, 99.3008384 10.9630637, 99.3035651 10.9658162, 99.3061987 10.9685189, 99.3089552 10.9713477, 99.3118517 10.9742414, 99.3142022 10.9766891, 99.3167483 10.9792245, 99.3191284 10.9815959, 99.3217882 10.9842086, 99.3249709 10.9859201, 99.3284278 10.987779, 99.3326069 10.9900487, 99.3359326 10.9918549, 99.3388292 10.9958631, 99.340342 10.9979563, 99.3424075 11.000815, 99.3445689 11.0037854, 99.3466179 11.0066674, 99.3485064 11.0091967, 99.3501175 11.0114522, 99.351712 11.0136199, 99.3531495 11.0155742, 99.3552088 11.018404, 99.3571406 11.0210584, 99.359536 11.0243497, 99.3618811 11.027572, 99.3641854 11.0307353, 99.3665718 11.0340114, 99.3665196 11.0376886, 99.3664716 11.0410771, 99.3664112 11.0453341, 99.3662408 11.0573427, 99.366185 11.0612741, 99.366041 11.071425, 99.3659901 11.0750116, 99.365689 11.0962303, 99.3656321 11.1002343, 99.3655781 11.1040389, 99.3655391 11.1067892, 99.3660605 11.110994, 99.3670034 11.1185972, 99.3679359 11.1261164, 99.3684161 11.1299881, 99.3688746 11.1336853, 99.3703157 11.145305, 99.3707687 11.1489571, 99.3713335 11.1535114, 99.3717187 11.156617, 99.3730718 11.1674183, 99.3735793 11.1715667, 99.3739598 11.1744932, 99.3744788 11.1785623, 99.3754283 11.1863724, 99.3772273 11.2011132, 99.3782652 11.2091337, 99.3792378 11.2168562, 99.3797106 11.2207136, 99.380145 11.2245973, 99.3806818 11.2286304, 99.3815827 11.2356261, 99.3824005 11.2424193, 99.3836425 11.2462097, 99.3848305 11.2498355, 99.3860657 11.2536053, 99.388615 11.2613855, 99.390824 11.2683479, 99.3920609 11.2721038, 99.3954202 11.274081, 99.3993897 11.2763537, 99.4024735 11.2781192, 99.4054983 11.2799013, 99.4089542 11.2818805, 99.4155238 11.2857445, 99.4187951 11.2876407, 99.4223048 11.2897028, 99.4258337 11.2917271, 99.4293165 11.2937024, 99.4324264 11.2955307, 99.4357861 11.2974834, 99.4385962 11.2991006, 99.4426248 11.3014641, 99.4447122 11.3043667, 99.4467688 11.3073144, 99.4488638 11.3103149, 99.4508243 11.3130817, 99.4528963 11.3160633, 99.4548837 11.318864, 99.4569557 11.3218153, 99.4589277 11.324631, 99.4610804 11.3277029, 99.4629525 11.3303339, 99.4651206 11.3331344, 99.4674886 11.3361572, 99.4697566 11.3390406, 99.4720438 11.3419955, 99.4745617 11.3452331, 99.476972 11.3483388, 99.479044 11.3509883, 99.4814427 11.3540487, 99.4909838 11.3662596, 99.4934517 11.3694065, 99.4959158 11.3726061, 99.4966001 11.3758697, 99.4972843 11.3791295, 99.4980954 11.3831355, 99.4986294 11.3857441, 99.4995856 11.3904154, 99.501066 11.3931446, 99.5051969 11.4003922, 99.50595100290482 11.401730864846257, 99.50799714489378 11.406303384619518)"
way/234182441-230,TH79-230,230.0,1027.7989492113718,1401.08,Al/St 240/40 2-bundle 220.0,"LINESTRING (99.0517196408313 10.016733631533512, 99.0570627476542 10.016735813316751, 99.05732903279913 10.016722317698836, 99.06341132373062 10.015663518289118)"
TH88-230,TH87-230,230.0,513.8994746056859,5605.87,Al/St 240/40 2-bundle 220.0,"LINESTRING (98.9656061 8.110807683155747, 98.96931444254498 8.111323838992364, 98.971206 8.1116396, 98.9718877 8.1117537, 98.972639 8.1118795, 98.9734373 8.1120131, 98.9743069 8.1121586, 98.9750547 8.1122883, 98.9758834 8.1124225, 98.976707 8.1125576, 98.9775634 8.1127036, 98.9779169 8.1127549, 98.9783141 8.1122679, 98.9788873 8.1115652, 98.9792747 8.1110902, 98.9797542 8.1105024, 98.980251 8.1098933, 98.9807248 8.1093125, 98.9811948 8.1087362, 98.9816832 8.1081374, 98.9824177 8.107237, 98.9828738 8.1066862, 98.9832897 8.106184, 98.9837561 8.1056208, 98.9843261 8.1049324, 98.9849104 8.1042268, 98.9854958 8.10352, 98.9860227 8.1028836, 98.9865932 8.1021947, 98.9871653 8.1015038, 98.987755 8.1007918, 98.9881543 8.1003095, 98.9887155 8.0996318, 98.9891606 8.0990924, 98.9896313 8.098522, 98.990095 8.09796, 98.9906542 8.0972823, 98.9912178 8.0965994, 98.991682 8.0960368, 98.9921278 8.0954965, 98.9924974 8.095049, 98.9928835 8.0945815, 98.9932617 8.0941236, 98.99373 8.0935566, 98.9942131 8.0929717, 98.9947096 8.0923705, 98.9951896 8.0917894, 98.9957645 8.0910933, 98.9963128 8.0904294, 98.9968793 8.0897436, 98.9974541 8.0890475, 98.9979862 8.0884033, 98.9984094 8.087891, 98.9989723 8.0872094, 98.9995341 8.0865236, 99.0000602 8.0858813, 99.0004802 8.0853684, 99.0008813 8.0848788, 99.0013451 8.0843125, 99.0016908 8.0838905, 99.0022138 8.083252, 99.0025272 8.0828694, 99.0030224 8.0822648, 99.0035518 8.0816382, 99.00430037306533 8.080752252607088, 99.00822589999999 8.076175383217082)"
TH87-230,TH88-230,230.0,513.8994746056859,5641.02,Al/St 240/40 2-bundle 220.0,"LINESTRING (98.9656061 8.110807683155747, 98.96920650270206 8.111526018943993, 98.9711754 8.1118529, 98.9718521 8.1119653, 98.9725871 8.1120873, 98.9734177 8.1122252, 98.9742979 8.1123713, 98.9750206 8.1124913, 98.9758382 8.112627, 98.9766836 8.1127674, 98.9775039 8.1129036, 98.977992 8.1129832, 98.9784659 8.1123966, 98.9790466 8.1116776, 98.9794171 8.111219, 98.9798911 8.1106321, 98.9803899 8.1100145, 98.9808755 8.1094296, 98.9813548 8.1088523, 98.9818341 8.1082749, 98.9825794 8.1073771, 98.9830316 8.1068324, 98.9834333 8.1063486, 98.98392 8.1057623, 98.9844892 8.1050766, 98.9850696 8.1043774, 98.9856601 8.1036661, 98.9860714 8.1031708, 98.9866428 8.1024793, 98.9871792 8.1018303, 98.9877559 8.1011324, 98.988297 8.1004776, 98.988878 8.0997746, 98.9893252 8.0992335, 98.9897984 8.0986608, 98.9902621 8.0980997, 98.990813 8.0974331, 98.9913722 8.0967568, 98.9918334 8.096199, 98.9923025 8.0956318, 98.9926475 8.0952145, 98.99306 8.0947157, 98.9934229 8.0942768, 98.9939006 8.0936991, 98.9943697 8.0931318, 98.9948787 8.0925162, 98.9953665 8.0919264, 98.9959391 8.0912339, 98.9964821 8.0905772, 98.9970425 8.0898994, 98.9976094 8.0892139, 98.998156 8.0885529, 98.9985758 8.0880451, 98.9991626 8.0873308, 98.9997187 8.0866539, 99.0002336 8.0860271, 99.0006427 8.085529, 99.001044 8.0850405, 99.0015018 8.0844833, 99.0018776 8.0840257, 99.0023473 8.083459, 99.0027066 8.0830254, 99.0032185 8.0824077, 99.0036824 8.0818478, 99.00446751941482 8.08090038199814, 99.00822589999999 8.076175383217082)"
TH77-500,way/155847885-500,500.0,4468.691083527704,50895.36,Al/St 240/40 4-bundle 380.0,"LINESTRING (101.16121039999999 12.646383376390329, 101.16529963485492 12.646355272735851, 101.1669803 12.6463442, 101.1669748 12.6489601, 101.1670134 12.6515707, 101.1670355 12.6542189, 101.167052 12.6568294, 101.1670851 12.6594346, 101.1670906 12.6621473, 101.1640841 12.6621742, 101.1610556 12.6621957, 101.1610666 12.6647093, 101.1611107 12.6671474, 101.1611107 12.6691604, 101.1619382 12.6724489, 101.1624016 12.6741981, 101.1631463 12.6767546, 101.1639076 12.678676, 101.1649833 12.6815015, 101.1669307 12.6838373, 101.1692476 12.6866359, 101.1714818 12.6893591, 101.1739587 12.6923513, 101.1763363 12.6952198, 101.1772852 12.6964037, 101.1799938 12.6988954, 101.1804517 12.6999341, 101.1815274 12.7022858, 101.1801696 12.7042916, 101.1794908 12.7058137, 101.1805909 12.707332, 101.1829792 12.710538, 101.1851661 12.7136252, 101.1871769 12.7155748, 101.1882438 12.7179263, 101.1892129 12.7212946, 101.1900925 12.7247026, 101.191029 12.72846, 101.1921058 12.7322039, 101.1928354 12.7353202, 101.1937768 12.7388554, 101.1917358 12.7419954, 101.1894897 12.745439, 101.1873838 12.7487312, 101.1857019 12.7512896, 101.1856705 12.7533707, 101.1856517 12.7553415, 101.1849344 12.7570976, 101.1842322 12.7617815, 101.1846523 12.7649266, 101.1851139 12.7677655, 101.1852934 12.7692662, 101.1862599 12.7713529, 101.1875406 12.7741179, 101.1890122 12.7772949, 101.1918552 12.7780786, 101.194521 12.7808464, 101.1971687 12.7839413, 101.1999342 12.7869743, 101.2035249 12.7888489, 101.2067256 12.7905731, 101.208141 12.794028, 101.209449 12.7970917, 101.2121803 12.7998052, 101.2135267 12.8046819, 101.2142448 12.8069076, 101.2146808 12.8098961, 101.2156313 12.8118958, 101.2167966 12.8143474, 101.2182166 12.8176202, 101.2194766 12.8205242, 101.2227594 12.8233125, 101.2232466 12.8261007, 101.2206456 12.8287847, 101.217472 12.8312248, 101.2168082 12.8352781, 101.2163263 12.838221, 101.2156905 12.8421032, 101.2151301 12.8455257, 101.2146306 12.8485756, 101.2141534 12.8514894, 101.2112755 12.8531032, 101.2073516 12.8554286, 101.2036073 12.8576414, 101.2010427 12.8593166, 101.1981575 12.8611668, 101.1961314 12.8624669, 101.194349 12.8636046, 101.19181 12.8653797, 101.1915664 12.868105, 101.191451 12.8711927, 101.1913099 12.8739679, 101.1892839 12.8762805, 101.1873091 12.8784556, 101.1846419 12.8813683, 101.1826543 12.8824433, 101.1807714 12.8836466, 101.1780124 12.8853684, 101.1769609 12.8870059, 101.1751272 12.8897434, 101.1731268 12.8925559, 101.1713059 12.8952808, 101.1697414 12.8976308, 101.1666639 12.8993807, 101.1632786 12.9012556, 101.1598292 12.9033555, 101.157739 12.9064053, 101.1556232 12.9096676, 101.1542393 12.911649, 101.1526095 12.9139823, 101.1508915 12.9164419, 101.1500708 12.9197416, 101.1493142 12.9225537, 101.1484294 12.9256408, 101.1503377 12.9287408, 101.1526074 12.9324325, 101.154774 12.9359566, 101.154632 12.9398934, 101.154523 12.9438113, 101.1544332 12.9478354, 101.1564472 12.9512314, 101.1584602 12.9544833, 101.1597273 12.9566014, 101.1611985 12.9590606, 101.1649252 12.9617203, 101.1672645 12.9638322, 101.1697222 12.9662175, 101.173311 12.9695467, 101.1762026 12.9710656, 101.1794928 12.9726513, 101.1836919 12.9747452, 101.1873071 12.976552, 101.1888769 12.979291, 101.1898929 12.9813567, 101.19011516483816 12.981511730961007, 101.19315990871247 12.987482205836553)"
TH89-230,way/244062167-230,230.0,1027.7989492113718,19032.1,Al/St 240/40 2-bundle 220.0,"LINESTRING (100.49083311180013 6.967636997851147, 100.49643168491099 6.96515855923679, 100.4983845 6.9650223, 100.5014953 6.9647531, 100.5046527 6.9645046, 100.508621 6.9641809, 100.5111876 6.9639743, 100.5139687 6.963741, 100.5176747 6.9634427, 100.5207721 6.963186, 100.5234894 6.9629773, 100.5258548 6.9619112, 100.5283303 6.9608063, 100.5304388 6.9598651, 100.5328342 6.9587745, 100.5362097 6.9572704, 100.5392101 6.9558994, 100.5419159 6.9546929, 100.5448047 6.9533956, 100.5471086 6.9523644, 100.5495301 6.9512805, 100.5520138 6.9501688, 100.5548339 6.9489065, 100.5572534 6.9478235, 100.5599248 6.9466278, 100.5625448 6.9454551, 100.5651219 6.9442836, 100.5674993 6.9432174, 100.5704108 6.9418976, 100.572219 6.9410547, 100.5751159 6.9397482, 100.5773411 6.9387152, 100.5793917 6.9377181, 100.581898 6.9364993, 100.5859368 6.9345143, 100.5879144 6.9335423, 100.5908951 6.9324734, 100.593891 6.9313673, 100.5961799 6.9305304, 100.6005993 6.9289145, 100.6038801 6.9277197, 100.6052154 6.9272238, 100.6072939 6.9267712, 100.6099061 6.9261678, 100.6114546 6.9267425, 100.6139583 6.9276404, 100.6165633 6.9313326, 100.6176849 6.9329847, 100.6201596 6.9329847, 100.6222291 6.9329631, 100.6253334 6.9321514, 100.6308576 6.9307297, 100.6364187 6.9266909, 100.6383314 6.9243422, 100.6394923 6.9229593, 100.641814 6.9200618, 100.644379 6.9169558, 100.64662390093758 6.914220718209733, 100.65123359999998 6.911215585352635)"
way/324258748-230,way/244062167-230,230.0,1027.7989492113718,32914.29,Al/St 240/40 2-bundle 220.0,"LINESTRING (100.45215624900318 6.7157079582440256, 100.45560206418284 6.719929248531431, 100.4578365 6.721573, 100.4605393 6.723468, 100.4631894 6.7243417, 100.4661934 6.7254658, 100.4683285 6.7280177, 100.4705815 6.7306654, 100.4707969 6.7340872, 100.4710329 6.7376566, 100.4713226 6.7416894, 100.4715847 6.7454595, 100.4718744 6.7490501, 100.4721434 6.7530418, 100.4723464 6.7560021, 100.4726361 6.7600028, 100.472932 6.7639145, 100.4731725 6.7676578, 100.4734362 6.7712871, 100.4759138 6.7736294, 100.4782687 6.7758454, 100.4788213 6.7798033, 100.4792665 6.7832072, 100.479734 6.7870974, 100.4802536 6.7906914, 100.4807525 6.7946971, 100.4812361 6.7980013, 100.4816859 6.8014247, 100.482217 6.8052705, 100.4826737 6.8088197, 100.4831994 6.81274, 100.4837726 6.8164936, 100.4842294 6.8203676, 100.4848088 6.8242825, 100.4852318 6.8276099, 100.4857521 6.8314342, 100.4863046 6.8351733, 100.4867284 6.8386247, 100.4872496 6.8425464, 100.4877638 6.8459696, 100.4881991 6.8494811, 100.4893785 6.8526219, 100.490285 6.855269, 100.4907839 6.8582782, 100.4913158 6.8613209, 100.49183 6.8647013, 100.4924845 6.8684455, 100.493011 6.8717704, 100.4924209 6.8747156, 100.491922 6.8775436, 100.4911755 6.8810464, 100.4905211 6.8848703, 100.4898191 6.8885467, 100.4890574 6.8926954, 100.4883761 6.8964499, 100.4877112 6.9001496, 100.487222 6.9028603, 100.4872863 6.9067639, 100.4873078 6.9106675, 100.487399 6.9148053, 100.4889493 6.9156361, 100.490656 6.9176933, 100.489685 6.9200311, 100.4883868 6.9202228, 100.4875715 6.9217618, 100.4875983 6.9251221, 100.487763 6.9290508, 100.4878183 6.9330395, 100.4877622 6.9363356, 100.4876415 6.9388875, 100.487516 6.9428336, 100.4874305 6.9458529, 100.4873362 6.9497635, 100.4872075 6.953727, 100.4850982 6.9583814, 100.4827282 6.9634295, 100.48276797625927 6.96349303235101, 100.49083311180013 6.967636997851147)"
way/245311456-230,way/247878196-230,230.0,1027.7989492113718,21710.94,Al/St 240/40 2-bundle 220.0,"LINESTRING (103.50998508100159 16.124679590387448, 103.5155397464518 16.125587816822097, 103.5157802 16.1255985, 103.5167994 16.1255418, 103.5208871 16.1256655, 103.5284509 16.125748, 103.5317179 16.1258201, 103.5356446 16.1259026, 103.5397068 16.1259969, 103.5433694 16.1260623, 103.5474356 16.1261035, 103.5512497 16.125985, 103.5551872 16.1258201, 103.5592642 16.1257067, 103.5630031 16.1255624, 103.5670372 16.125413, 103.5709413 16.1252663, 103.5750505 16.1251118, 103.5788282 16.1249698, 103.5825672 16.1248255, 103.5866602 16.1246658, 103.5904582 16.1245575, 103.5943421 16.1244287, 103.5979309 16.1242947, 103.6016699 16.124135, 103.6055966 16.1239752, 103.6091425 16.1238927, 103.6130116 16.12375, 103.6170711 16.1235732, 103.6209603 16.1234032, 103.6250319 16.1232434, 103.6323704 16.1230837, 103.6365308 16.1228607, 103.6405434 16.1227267, 103.6433565 16.1202079, 103.6463015 16.1177033, 103.6492788 16.1150544, 103.6549758 16.1100501, 103.6572557 16.1080814, 103.6574917 16.1045819, 103.6577331 16.1007937, 103.6579477 16.097624, 103.6581354 16.0951191, 103.656156 16.0927843, 103.6539297 16.0901195, 103.652535 16.088465, 103.6505716 16.086161, 103.6514325 16.0826271, 103.65129740084019 16.082359447832626, 103.64772609798855 16.077868954423746)"
way/382334126-230,way/245311456-230,230.0,1027.7989492113718,87759.81,Al/St 240/40 2-bundle 220.0,"LINESTRING (102.74623393044122 16.41590334232871, 102.75302064252818 16.415521879286274, 102.7559156 16.4153191, 102.7597757 16.4150922, 102.7636609 16.4148292, 102.7675877 16.4146059, 102.7714688 16.4143429, 102.7753665 16.4140957, 102.7792933 16.4138566, 102.7823193 16.4136431, 102.7837237 16.4129441, 102.7848491 16.4115433, 102.7859627 16.4101227, 102.7882487 16.407276, 102.7906757 16.4041811, 102.7931027 16.4011736, 102.7955855 16.3980504, 102.7981065 16.3948709, 102.80051 16.3918745, 102.8030428 16.3887286, 102.8048998 16.386358, 102.8074238 16.3831838, 102.8095746 16.3805312, 102.8106492 16.3788417, 102.8128255 16.3774293, 102.8139572 16.3755482, 102.8173038 16.3738411, 102.8208167 16.3720443, 102.8241001 16.3703663, 102.8276553 16.3685246, 102.8313444 16.366614, 102.8349985 16.3647533, 102.8386885 16.3628364, 102.8423759 16.3609555, 102.8460646 16.3590626, 102.8497426 16.3571849, 102.8532852 16.3553439, 102.8568265 16.3535077, 102.8605559 16.3516097, 102.8642697 16.3496849, 102.8679866 16.34776, 102.8716765 16.3458708, 102.8755058 16.343886, 102.8791068 16.342192, 102.8863482 16.3387913, 102.890015 16.3370888, 102.8935545 16.3353358, 102.8970939 16.3336796, 102.900708 16.3319897, 102.9043046 16.3303125, 102.907866 16.3286478, 102.9106995 16.3273015, 102.9114582 16.326941, 102.9151952 16.3251879, 102.9187084 16.3235316, 102.9224382 16.3217549, 102.925992 16.3201118, 102.9332868 16.3166831, 102.9376038 16.309956, 102.9418896 16.3032379, 102.9440395 16.2999108, 102.9461198 16.2966502, 102.948286 16.2932795, 102.950414 16.2899042, 102.9524896 16.2866983, 102.9547655 16.2831489, 102.9568315 16.2798971, 102.9589571 16.2766149, 102.9630103 16.2702686, 102.9650998 16.2669584, 102.9671746 16.2637612, 102.9705247 16.2615905, 102.9738651 16.2594669, 102.9773231 16.2572019, 102.9807419 16.2549793, 102.9840135 16.2528509, 102.9874225 16.250647, 102.9908461 16.2484385, 102.9942012 16.2462488, 102.9976862 16.2439695, 103.0009872 16.2418363, 103.004313 16.2396802, 103.0077072 16.2374857, 103.0144418 16.2331012, 103.0177678 16.2309608, 103.021212 16.2287209, 103.0245069 16.2265962, 103.0278747 16.2244049, 103.0312945 16.2221936, 103.0380474 16.2178243, 103.0413121 16.215694, 103.0480767 16.2113052, 103.0517081 16.2089539, 103.0721884 16.195929, 103.0968325 16.1798778, 103.1262168 16.1635873, 103.1343122 16.1605694, 103.1656656 16.1534074, 103.1813126 16.1498091, 103.1888283 16.1481019, 103.1965838 16.1463524, 103.2004542 16.1454686, 103.2044481 16.1445747, 103.2080851 16.1437758, 103.216239 16.1419493, 103.2200826 16.1410398, 103.2238619 16.139937, 103.2275955 16.1388111, 103.231415 16.1376749, 103.2351164 16.1365565, 103.2389681 16.1354306, 103.2419131 16.1345238, 103.2457031 16.1333848, 103.253342 16.1311459, 103.257073 16.1300043, 103.2607074 16.1289351, 103.264728 16.1289841, 103.2687835 16.1289892, 103.2724447 16.1290846, 103.2766504 16.1291464, 103.280494 16.129216, 103.284622 16.1292392, 103.2885004 16.1292649, 103.2927088 16.1293525, 103.2969548 16.1294221, 103.3007125 16.1294891, 103.3049182 16.1295329, 103.3089255 16.1296205, 103.3128468 16.1296643, 103.3169238 16.1297313, 103.3208479 16.1298137, 103.3248658 16.1298575, 103.3290501 16.1299015, 103.3331163 16.1299324, 103.3371772 16.1299942, 103.3411629 16.1300509, 103.3454059 16.1300869, 103.3493541 16.130159, 103.353238 16.1301848, 103.3572774 16.1302518, 103.3612953 16.1303188, 103.3652757 16.1303755, 103.3694117 16.1304218, 103.3733223 16.1304888, 103.3774208 16.1305198, 103.3816157 16.1306125, 103.3855854 16.1306641, 103.3896785 16.1306744, 103.3937447 16.1307568, 103.3977841 16.1307826, 103.4018557 16.130865, 103.4060131 16.1309114, 103.4099023 16.1309836, 103.4139525 16.1310042, 103.4178577 16.1310918, 103.421983 16.1311227, 103.4259097 16.1311536, 103.4300564 16.1312464, 103.4339671 16.1312567, 103.4377061 16.1313443, 103.4416704 16.1308599, 103.4456723 16.1303446, 103.4496419 16.1298601, 103.453456 16.129386, 103.4575866 16.1288913, 103.4615134 16.1284172, 103.4652577 16.1279431, 103.4693132 16.1274896, 103.4730901 16.1270054, 103.4773573 16.1264558, 103.4812359 16.1259694, 103.4853101 16.1254489, 103.4891511 16.1250057, 103.4923349 16.1250341, 103.4959639 16.125114, 103.4971628 16.1251475, 103.5000757 16.1252093, 103.5037210958113 16.125274594054158, 103.50998508100159 16.124679590387448)"
TH34-230,TH35-230,230.0,1027.7989492113718,24457.01,Al/St 240/40 2-bundle 220.0,"LINESTRING (100.46635974680254 14.606488436259466, 100.47158332794865 14.606418812077195, 100.4730582 14.6064109, 100.4768851 14.606359, 100.4806811 14.6063104, 100.4843953 14.606263, 100.488092 14.6062202, 100.4917613 14.6061709, 100.4954708 14.6061332, 100.4992534 14.606081, 100.5030722 14.6060388, 100.506722 14.6059966, 100.5103034 14.6059551, 100.5139666 14.6059181, 100.5175869 14.6058461, 100.5210953 14.6058091, 100.5246861 14.6057656, 100.5281119 14.6057247, 100.5315348 14.6056884, 100.5349502 14.6056501, 100.5382131 14.6056203, 100.5419012 14.6055736, 100.5455644 14.605532, 100.5480588 14.6048358, 100.5516383 14.6038401, 100.5551821 14.6028628, 100.5588943 14.6018217, 100.5623339 14.6008775, 100.5658271 14.5999, 100.5693941 14.598911, 100.5729206 14.5979331, 100.5765583 14.5969196, 100.5801471 14.5959131, 100.5837446 14.5949151, 100.5867561 14.5940689, 100.5899392 14.5947665, 100.5934314 14.595503, 100.5968345 14.5962213, 100.6002161 14.5969325, 100.6037727 14.5976866, 100.6075157 14.5984776, 100.6111568 14.5992433, 100.6149039 14.6000453, 100.6184742 14.6007958, 100.6219644 14.6015355, 100.6255174 14.6022886, 100.6291108 14.6030497, 100.6328612 14.6038433, 100.6365426 14.6046259, 100.6400301 14.605352, 100.6434848 14.6060813, 100.647089 14.606847, 100.6507248 14.6076159, 100.6543283 14.6083868, 100.6579332 14.6091531, 100.66149656794745 14.609887387010106, 100.66563887463751 14.610486525723944)"
way/254460966-230,way/252757805-230,230.0,1027.7989492113718,117183.66,Al/St 240/40 2-bundle 220.0,"LINESTRING (100.10094369220522 15.705527516577842, 100.10056240954738 15.699783956430291, 100.1004372 15.6962888, 100.1003124 15.6928478, 100.1002829 15.6920359, 100.100126 15.6877248, 100.0999678 15.6835127, 100.0998273 15.6793502, 100.1014279 15.6759789, 100.1030386 15.6726217, 100.1046958 15.669165, 100.1064165 15.6655726, 100.1082323 15.6617575, 100.1103915 15.6572527, 100.1120927 15.6537124, 100.1135968 15.6505408, 100.1151303 15.6473504, 100.1165975 15.6442614, 100.1166388 15.6438708, 100.1170508 15.6399725, 100.1174635 15.6360265, 100.1178906 15.6319434, 100.1182956 15.6280075, 100.1186919 15.6240554, 100.1191124 15.6199967, 100.1195047 15.6161187, 100.119968 15.6120288, 100.1203804 15.6080758, 100.1207821 15.60412, 100.1212273 15.5999317, 100.1216632 15.5957627, 100.1220916 15.5916879, 100.1251879 15.5888612, 100.1283536 15.5859857, 100.1314676 15.5831254, 100.1346269 15.5802456, 100.1376169 15.5775108, 100.1408815 15.5745458, 100.1437789 15.5718975, 100.1469829 15.5689745, 100.1499084 15.5663055, 100.1494338 15.5626424, 100.1490161 15.5589674, 100.1485889 15.5552356, 100.1481732 15.5516568, 100.147797 15.5484086, 100.1473216 15.5441804, 100.1468348 15.5399677, 100.1463855 15.5360888, 100.1459148 15.5319272, 100.1454504 15.5278195, 100.1450193 15.5240829, 100.1445774 15.5201575, 100.1440905 15.515985, 100.1435964 15.5117251, 100.143192 15.5081242, 100.142732 15.5040993, 100.1423005 15.5003403, 100.1418717 15.4966727, 100.1414372 15.4928663, 100.140999 15.4890674, 100.1406355 15.4858958, 100.1401601 15.4817316, 100.1411485 15.477744, 100.1420289 15.4742543, 100.1429442 15.4705138, 100.1438736 15.4667671, 100.144808 15.4630313, 100.1457961 15.4592057, 100.1467982 15.4555321, 100.1477662 15.4519231, 100.1488075 15.4481512, 100.1499201 15.4439692, 100.1509877 15.4399974, 100.1519928 15.4362699, 100.1530784 15.4322779, 100.154158 15.4282616, 100.1552091 15.4243823, 100.1573663 15.4163903, 100.1585347 15.4120412, 100.159616 15.4080439, 100.1607026 15.4040009, 100.1618888 15.3996414, 100.1629718 15.3956287, 100.1639535 15.3919744, 100.1650233 15.3880301, 100.1660929 15.3840792, 100.1671664 15.3801754, 100.1682085 15.3762961, 100.1692679 15.3723357, 100.1703294 15.3684446, 100.1713755 15.3645335, 100.1724557 15.3605349, 100.1735407 15.3565105, 100.1746246 15.3525115, 100.1756922 15.3485754, 100.1767533 15.3446212, 100.1778255 15.3406517, 100.178888 15.3367155, 100.1799532 15.3327859, 100.1810076 15.3288437, 100.1820839 15.3248752, 100.1842496 15.3168492, 100.1853119 15.3129081, 100.1863747 15.308952, 100.1874241 15.3050578, 100.1884638 15.3012101, 100.190513 15.2936135, 100.1916546 15.2893737, 100.1926601 15.2856382, 100.1936804 15.281853, 100.1947771 15.277783, 100.1958335 15.2738992, 100.1969322 15.269791, 100.1979833 15.2658925, 100.1990549 15.2619383, 100.1999316 15.2586365, 100.2010226 15.2545887, 100.2020519 15.2507725, 100.2031201 15.2468087, 100.2041889 15.2428525, 100.2052048 15.238875, 100.2062636 15.2349297, 100.2072949 15.2310768, 100.2082706 15.2271023, 100.209265 15.223127, 100.2102729 15.2191426, 100.2112592 15.2151675, 100.2122674 15.2111859, 100.2131596 15.2076257, 100.2141574 15.2036381, 100.2151639 15.1996562, 100.2161529 15.1957235, 100.2170733 15.192066, 100.2180154 15.1882836, 100.2189086 15.1847253, 100.2199067 15.1807845, 100.2208492 15.1770467, 100.2218111 15.1731987, 100.2227592 15.1694072, 100.2237352 15.1654859, 100.2246747 15.161757, 100.2256771 15.1577404, 100.2277793 15.1540602, 100.2298755 15.1503994, 100.231987 15.1467463, 100.2340758 15.1430913, 100.2362306 15.1394274, 100.2383392 15.1357705, 100.2404524 15.1320991, 100.2425613 15.1284308, 100.2446725 15.1247666, 100.246792 15.1211081, 100.2488864 15.1174525, 100.2509987 15.1137924, 100.2531029 15.1101309, 100.2552097 15.1064661, 100.2573096 15.1028013, 100.2594258 15.0991263, 100.2615428 15.0954533, 100.2636476 15.0917863, 100.2658159 15.088064, 100.2679244 15.0843625, 100.269983 15.0807581, 100.2720456 15.0771795, 100.2741083 15.0735919, 100.2761823 15.0699809, 100.2782194 15.0664274, 100.2802941 15.0628033, 100.2823379 15.0592549, 100.2844468 15.0555944, 100.2864749 15.052054, 100.2885506 15.0484737, 100.2906112 15.0448726, 100.2926779 15.0412883, 100.2947036 15.0377427, 100.2967964 15.034091, 100.2988687 15.030499, 100.300936 15.0269106, 100.3029088 15.0234639, 100.3049936 15.0198326, 100.3070837 15.0161973, 100.3091939 15.0125199, 100.3112438 15.0089538, 100.3133312 15.0053236, 100.3153885 15.001736, 100.3174323 14.9981759, 100.3195046 14.9945458, 100.3215891 14.9909253, 100.323649 14.9873317, 100.325723 14.983716, 100.327791 14.9801015, 100.3298737 14.9764986, 100.3319008 14.9729643, 100.3339748 14.9693528, 100.3360354 14.965743, 100.3380642 14.9622137, 100.3401322 14.9586141, 100.3421958 14.9550202, 100.3442631 14.9514201, 100.3463298 14.9478291, 100.3462778 14.9440387, 100.3462486 14.9402794, 100.346204 14.9364756, 100.3461725 14.932655, 100.346139 14.928991, 100.3460954 14.9251987, 100.3460558 14.9212333, 100.346025 14.9172666, 100.3459848 14.9134436, 100.3459512 14.9094657, 100.3459097 14.9058059, 100.3458795 14.9021351, 100.3458386 14.8981855, 100.3458017 14.8943162, 100.3457594 14.8900832, 100.3457232 14.8859993, 100.3456776 14.8817584, 100.3456253 14.8775375, 100.3455851 14.8732991, 100.3455496 14.8693885, 100.3454999 14.8655573, 100.3454611 14.8618935, 100.3454198 14.857728, 100.3453605 14.8535799, 100.3453162 14.8494025, 100.3452592 14.8452569, 100.345221 14.8411098, 100.3451593 14.8369439, 100.3451114 14.8328554, 100.3450671 14.8286589, 100.3450128 14.8244668, 100.3449675 14.8205193, 100.3449194 14.8163062, 100.3448752 14.8120873, 100.3448256 14.8082145, 100.3447806 14.8039974, 100.3447458 14.8002956, 100.3446941 14.7961892, 100.3446526 14.7920905, 100.3446164 14.7879787, 100.3445654 14.7839577, 100.3445245 14.7799476, 100.3444896 14.7758103, 100.3444487 14.7717242, 100.3444018 14.7676069, 100.3443662 14.7633553, 100.344326 14.7591107, 100.3442831 14.7550275, 100.3442502 14.7509423, 100.344214 14.7468577, 100.3441761 14.7427733, 100.3441419 14.7385624, 100.3441051 14.7346597, 100.3440655 14.7304678, 100.3440322 14.7264622, 100.3439991 14.7224708, 100.3439649 14.7183156, 100.3439307 14.7143023, 100.3438901 14.7103124, 100.3438643 14.7062523, 100.3438325 14.7022255, 100.3438063 14.6982385, 100.3437708 14.6942748, 100.3437326 14.6901392, 100.3436923 14.68601, 100.3436608 14.681929, 100.3436276 14.6778628, 100.3435854 14.6737865, 100.3435485 14.6696959, 100.3435036 14.6656104, 100.3434741 14.6615112, 100.3434452 14.6578375, 100.3434077 14.653753, 100.3433762 14.649252, 100.3433265 14.6451383, 100.343293 14.6411178, 100.3433057 14.6369931, 100.3432627 14.6329031, 100.3432252 14.6288127, 100.3431876 14.6247384, 100.3431587 14.6206347, 100.34313785374812 14.618517436740284, 100.34448245802699 14.612459745486968)"
TH10-230,TH16-230,230.0,1027.7989492113718,71040.37,Al/St 240/40 2-bundle 220.0,"LINESTRING (100.18515862185741 17.44244709823735, 100.18898137257757 17.44601422789163, 100.1910398 17.4479342, 100.1933525 17.4500938, 100.1957524 17.4523558, 100.1981932 17.4546074, 100.2005088 17.4567803, 100.2029622 17.4590826, 100.2053197 17.4612643, 100.207589 17.4633644, 100.2099168 17.4655366, 100.2122421 17.4677064, 100.2145829 17.4698906, 100.2169627 17.4720743, 100.2193223 17.4742784, 100.2217189 17.4765195, 100.2240858 17.4787227, 100.2264376 17.4809116, 100.2288334 17.4831297, 100.2312079 17.48534, 100.2335159 17.4875126, 100.2358762 17.4896903, 100.2381789 17.4918418, 100.2406077 17.4941038, 100.2429597 17.4963073, 100.2454122 17.4985556, 100.2477584 17.5007453, 100.2501905 17.5030207, 100.2527319 17.5054009, 100.2550762 17.507565, 100.2574995 17.5098147, 100.2599363 17.512104, 100.2623959 17.5143735, 100.2648622 17.5166512, 100.2672574 17.5189047, 100.2697908 17.5212566, 100.2720264 17.5235458, 100.2744122 17.5259641, 100.27656 17.5281707, 100.2787661 17.530433, 100.2810742 17.5327962, 100.2833627 17.5351096, 100.2854871 17.5373103, 100.2879145 17.539772, 100.290189 17.542089, 100.2924125 17.5443729, 100.2947199 17.5467244, 100.2968797 17.5489436, 100.2990315 17.5511263, 100.3014938 17.5536772, 100.3039769 17.5561994, 100.3061796 17.5584478, 100.3085199 17.5608574, 100.310435 17.5633698, 100.3124412 17.5660069, 100.3143718 17.5685429, 100.3163653 17.5711575, 100.3183978 17.5738015, 100.3202022 17.5762096, 100.3221113 17.5786812, 100.3240311 17.5812123, 100.3260253 17.5837935, 100.3278033 17.5861464, 100.3297992 17.5887512, 100.3318343 17.5914467, 100.333457 17.5933866, 100.3353345 17.5961476, 100.3373759 17.5988139, 100.339327 17.6013623, 100.3410974 17.6036746, 100.342986 17.6061413, 100.3449914 17.6087816, 100.346868 17.6112367, 100.3488931 17.6139299, 100.350913 17.6165615, 100.352812 17.6190355, 100.3549054 17.6217627, 100.3564811 17.6238155, 100.3586699 17.6267077, 100.3606156 17.6292785, 100.3626997 17.6320322, 100.3643802 17.6342526, 100.3657276 17.6359934, 100.3673556 17.6380965, 100.3698787 17.6413561, 100.371877 17.6439862, 100.3752318 17.6484049, 100.3838396 17.659654, 100.3857989 17.6622345, 100.3878468 17.6649317, 100.3895661 17.6671705, 100.3912318 17.6693531, 100.3930731 17.6718052, 100.394901 17.6741679, 100.3969207 17.6768487, 100.3989994 17.6795065, 100.400244 17.6810756, 100.4017493 17.6830761, 100.403409 17.6852819, 100.4055329 17.6880306, 100.4071131 17.6900758, 100.4095392 17.6932553, 100.411242 17.6951412, 100.4128973 17.6969746, 100.415896 17.7002044, 100.4175013 17.7019458, 100.4191241 17.7037549, 100.42096 17.7057262, 100.422619 17.7075174, 100.4241277 17.7091641, 100.4261823 17.7114343, 100.4299801 17.7155883, 100.4321273 17.7155674, 100.4347344 17.7155421, 100.4379477 17.7155109, 100.4411958 17.7154793, 100.4443152 17.7154491, 100.447027 17.7154227, 100.4503101 17.7153908, 100.4536642 17.7153583, 100.4569674 17.715348, 100.4604556 17.7153225, 100.4630345 17.7153084, 100.4673797 17.7152803, 100.4713708 17.7152292, 100.474171 17.7152088, 100.4773307 17.7151666, 100.4791398 17.7151794, 100.4826187 17.7165898, 100.4869705 17.7183744, 100.4899173 17.7195746, 100.4915246 17.7202283, 100.4944589 17.7214342, 100.4959032 17.7220154, 100.4976189 17.7226744, 100.4995479 17.7234744, 100.5009111 17.7239637, 100.5034908 17.7249327, 100.5064103 17.7260823, 100.5094452 17.7272627, 100.5121427 17.7282953, 100.5145342 17.729305, 100.5182675 17.72827, 100.5214306 17.7274095, 100.5240593 17.7266827, 100.5272033 17.7258388, 100.5290755 17.725333, 100.5326603 17.7243148, 100.535262 17.7235739, 100.5369746 17.7231025, 100.5398467 17.7223509, 100.5430842 17.7214886, 100.5457602 17.7207366, 100.5480033 17.7200975, 100.5507678 17.7222326, 100.5541455 17.72493, 100.5572427 17.7274931, 100.5599114 17.7295169, 100.5614042 17.7307262, 100.5634078 17.7323268, 100.566043 17.7343003, 100.5663287 17.7367593, 100.5667938 17.7412521, 100.5669366 17.7427013, 100.567233 17.7457872, 100.5675374 17.7480327, 100.5678123 17.7508529, 100.5680698 17.7531213, 100.56849340629049 17.757257786859636, 100.56541639999999 17.762082172237474)"
way/550224444-230,TH20-230,230.0,1027.7989492113718,160607.14,Al/St 240/40 2-bundle 220.0,"LINESTRING (101.2212420317553 16.760179013571456, 101.22763020436003 16.758514592324826, 101.2312648 16.7574699, 101.2350869 16.7564104, 101.2385416 16.7554088, 101.2419145 16.7544315, 101.2455073 16.7533952, 101.2490492 16.7523704, 101.2525977 16.7513482, 101.255634 16.7504788, 101.2586984 16.7496094, 101.2621311 16.7486352, 101.2658116 16.7475906, 101.2693682 16.7465671, 101.2732159 16.7454627, 101.2768301 16.7444199, 101.2805053 16.7433505, 101.2841217 16.7422983, 101.2878187 16.7412908, 101.2909446 16.7401426, 101.294298 16.7390831, 101.2977152 16.7377931, 101.3008989 16.7365775, 101.3044797 16.7352155, 101.307862 16.7339453, 101.3113884 16.7326038, 101.3149457 16.7312277, 101.3190334 16.7296788, 101.3219449 16.7285858, 101.3257174 16.7271563, 101.3293371 16.7257551, 101.3315056 16.7249575, 101.3345754 16.7248894, 101.3378263 16.7247828, 101.340943 16.72468, 101.3433234 16.7246942, 101.3461411 16.7246505, 101.348767 16.7245799, 101.3529687 16.7244399, 101.3556924 16.7251835, 101.3585477 16.7258488, 101.3636781 16.7258296, 101.3689332 16.723948, 101.3738376 16.7256857, 101.3751881 16.7262483, 101.3797089 16.7274915, 101.3835271 16.7285318, 101.3858941 16.7299947, 101.3886259 16.7316977, 101.3913926 16.733429, 101.3962662 16.736442, 101.3992059 16.7382952, 101.4015837 16.7397991, 101.4035585 16.7410731, 101.4084669 16.7394922, 101.4133425 16.7380717, 101.4192876 16.7356611, 101.422985 16.7355532, 101.4263143 16.7354582, 101.4285922 16.7353696, 101.4319812 16.7352502, 101.4353648 16.7351153, 101.4395517 16.734965, 101.4416438 16.7365113, 101.4446881 16.738782, 101.4468815 16.7403911, 101.4498601 16.7425763, 101.4524464 16.7445027, 101.4546693 16.746176, 101.4575855 16.7483367, 101.4602517 16.7502964, 101.4624833 16.75198, 101.4652446 16.7540219, 101.467452 16.7556836, 101.4704306 16.7578731, 101.4729559 16.7598057, 101.4766212 16.7590211, 101.4793879 16.7584368, 101.4824805 16.7577826, 101.4861021 16.7570018, 101.4926501 16.7556316, 101.4936478 16.7554049, 101.4975572 16.7538421, 101.4996077 16.7535262, 101.5040146 16.7527788, 101.506385 16.7530414, 101.5113758 16.7542033, 101.5142671 16.7548764, 101.5176099 16.7556714, 101.5190075 16.756699, 101.5219612 16.7588709, 101.5256593 16.7616079, 101.5309378 16.7603263, 101.5379939 16.7589602, 101.5399405 16.7584467, 101.5459101 16.7572851, 101.5488534 16.756648, 101.5515876 16.7559803, 101.5557644 16.755109, 101.558042 16.7528973, 101.5600291 16.7483643, 101.5580895 16.7448684, 101.5560516 16.7412946, 101.5547148 16.7389411, 101.5528823 16.7357504, 101.5548162 16.7324869, 101.5560297 16.7306666, 101.5573546 16.7284822, 101.5607286 16.7265276, 101.5632542 16.7250702, 101.5661193 16.7233975, 101.5697123 16.7212692, 101.5729143 16.7194122, 101.5765309 16.7173177, 101.5789166 16.7159037, 101.5827294 16.7137099, 101.5855993 16.7120452, 101.5895382 16.7097473, 101.5921781 16.7082182, 101.5959379 16.7060223, 101.5987019 16.7044616, 101.6022491 16.7032375, 101.6063529 16.7018888, 101.6089607 16.7010243, 101.6122189 16.6999054, 101.6152156 16.6989729, 101.618274 16.6979966, 101.6210192 16.6971205, 101.6244592 16.6960287, 101.6277851 16.6949689, 101.6318004 16.6952605, 101.6355944 16.6955302, 101.638518 16.6957345, 101.6415341 16.6959561, 101.6448332 16.6961892, 101.6477783 16.6963935, 101.651807 16.6966966, 101.6556385 16.6944306, 101.6587485 16.692577, 101.6625948 16.690293, 101.6654058 16.6886397, 101.668031 16.6871078, 101.6709968 16.6853523, 101.6738145 16.683681, 101.6762835 16.6821895, 101.6788195 16.6806813, 101.6821857 16.6787093, 101.6849148 16.6770688, 101.6875112 16.6755323, 101.6897549 16.6742514, 101.6929454 16.6724991, 101.6958851 16.6708495, 101.6983259 16.6694671, 101.7021916 16.6665391, 101.7042468 16.6649358, 101.7075419 16.6624227, 101.7094195 16.6609259, 101.7126511 16.6584368, 101.7143936 16.6570946, 101.7180522 16.6564252, 101.7215927 16.6557378, 101.7254148 16.654965, 101.729064 16.6543052, 101.7335044 16.6533429, 101.7348736 16.6530088, 101.7403896 16.6519398, 101.7431992 16.6513449, 101.7468068 16.6506164, 101.7503929 16.649902, 101.7532065 16.6493379, 101.7546509 16.6492608, 101.7582759 16.6490424, 101.7625044 16.6488561, 101.7662354 16.6486338, 101.7705618 16.6484167, 101.7747024 16.6469313, 101.7771547 16.6460769, 101.7807341 16.6448434, 101.7851463 16.6432295, 101.7900963 16.6442112, 101.7937145 16.6449298, 101.7973074 16.6456619, 101.8013415 16.6464765, 101.8056786 16.6473194, 101.809034 16.6453856, 101.8122044 16.6437062, 101.8157087 16.6417384, 101.8191406 16.6398579, 101.8220723 16.6382208, 101.8256316 16.6362458, 101.8290111 16.6343775, 101.832038 16.6326582, 101.8354055 16.6308412, 101.8390989 16.6287595, 101.8415532 16.6274089, 101.8444177 16.6258155, 101.8474554 16.6241179, 101.8500853 16.6226401, 101.8527393 16.6211764, 101.8553062 16.6197307, 101.8581648 16.6171919, 101.8612942 16.6144104, 101.863908 16.6120021, 101.8664843 16.6096824, 101.8684973 16.6078344, 101.8715443 16.6051689, 101.8744464 16.6025639, 101.8774572 16.5998238, 101.8804365 16.5971628, 101.8834399 16.5944516, 101.8863219 16.5918027, 101.8890041 16.5893568, 101.891791 16.5867529, 101.8941848 16.5845163, 101.8971473 16.5818801, 101.8996565 16.5795511, 101.9023763 16.5771141, 101.9049284 16.5747516, 101.9076736 16.5721988, 101.9100863 16.5700007, 101.9128181 16.5675019, 101.915094 16.5653989, 101.9182791 16.5624552, 101.9207896 16.5601208, 101.9235148 16.5576424, 101.9261768 16.5551755, 101.9291367 16.5524669, 101.9316043 16.5501568, 101.9344635 16.5475279, 101.9369325 16.5452511, 101.9398776 16.5425411, 101.9425739 16.5400136, 101.945757 16.5383667, 101.9491567 16.5366247, 101.9524451 16.5349418, 101.9554572 16.5333913, 101.9585779 16.5317933, 101.9619535 16.530028, 101.9653492 16.5282731, 101.9689427 16.5264363, 101.9719648 16.5248917, 101.9754839 16.52303, 101.9789285 16.521291, 101.9821814 16.5196073, 101.9853933 16.5179693, 101.9887649 16.5161988, 101.9920321 16.5145307, 101.9953027 16.5128609, 101.9985133 16.5112035, 102.0013873 16.5091462, 102.0042922 16.5070645, 102.0073324 16.5048682, 102.0101836 16.5028327, 102.0130526 16.5008187, 102.0159423 16.4986935, 102.0187452 16.4966477, 102.0218378 16.4944128, 102.0246032 16.4924247, 102.0276046 16.4902579, 102.0303968 16.4882634, 102.0332681 16.4862084, 102.0362882 16.4840223, 102.0392159 16.4819223, 102.0421395 16.4798544, 102.0449263 16.4778443, 102.0478995 16.4757185, 102.0507896 16.4736486, 102.0535764 16.4716623, 102.0572685 16.4718616, 102.0608412 16.4720957, 102.0645185 16.4723092, 102.0681596 16.47247, 102.0718731 16.4727773, 102.0756483 16.473005, 102.0790078 16.4732274, 102.0829895 16.4734744, 102.0866601 16.4736994, 102.0902556 16.4739245, 102.0938605 16.4741547, 102.0974788 16.4743965, 102.1011843 16.4746138, 102.1048884 16.4748491, 102.1086153 16.4750858, 102.1122269 16.4753121, 102.1156916 16.4755317, 102.1194313 16.4757687, 102.1231207 16.4760426, 102.1269201 16.4762754, 102.1304391 16.4763885, 102.1341205 16.4766702, 102.1378259 16.4769197, 102.1415918 16.477164, 102.1450451 16.4773839, 102.1485642 16.4776514, 102.1519947 16.4778559, 102.1551275 16.478099, 102.1582791 16.4792834, 102.1618719 16.4806684, 102.1652904 16.4819776, 102.1688185 16.4833759, 102.1723768 16.4847772, 102.1757537 16.4860773, 102.1789536 16.4873189, 102.182131 16.4885674, 102.1854915 16.4898773, 102.1888939 16.4911954, 102.1921688 16.4924479, 102.1957952 16.4923476, 102.1996938 16.4922254, 102.2034529 16.4921212, 102.2072227 16.4920119, 102.2107847 16.4919142, 102.2145197 16.4917998, 102.2182949 16.4917046, 102.2220017 16.4915953, 102.225675 16.4914937, 102.2293335 16.4913754, 102.2330269 16.4912931, 102.2365755 16.4912005, 102.2392362 16.4914166, 102.2406578 16.4910758, 102.2443418 16.4909703, 102.2477925 16.4908752, 102.2515824 16.490762, 102.2554126 16.4906746, 102.2594319 16.4905537, 102.2630328 16.4904444, 102.2668335 16.4903119, 102.2704665 16.4902283, 102.2741371 16.4901203, 102.2776897 16.4900059, 102.2814301 16.4899184, 102.2851047 16.489858, 102.2888973 16.4897075, 102.2925881 16.4896021, 102.2963431 16.4895069, 102.2999614 16.4894015, 102.3040558 16.489287, 102.3077399 16.4891674, 102.3114856 16.4890671, 102.3146532 16.4885, 102.3180073 16.4878789, 102.3217249 16.4871961, 102.3254773 16.4865055, 102.3291868 16.4858445, 102.3328373 16.4851681, 102.3365132 16.4844878, 102.3402214 16.4837882, 102.3438813 16.4831414, 102.3474607 16.4824881, 102.3510776 16.48184, 102.3546477 16.4811751, 102.3583719 16.4805089, 102.3621069 16.4798145, 102.3659639 16.4790995, 102.3695125 16.4784603, 102.3731817 16.4778006, 102.3769355 16.477101, 102.3806275 16.4764155, 102.3841318 16.4757712, 102.387832 16.4751051, 102.3918365 16.4743707, 102.3955393 16.4737187, 102.3989891 16.4730745, 102.4025054 16.4724178, 102.406193 16.4717292, 102.4098368 16.4710694, 102.4138936 16.4702965, 102.4179143 16.469566, 102.4214695 16.4688934, 102.4248464 16.4682812, 102.4282582 16.4676652, 102.4320106 16.466954, 102.4355538 16.4663238, 102.439038 16.4656511, 102.4426939 16.4649978, 102.446347 16.4643162, 102.4500203 16.4636371, 102.4534723 16.4629902, 102.4571268 16.4623355, 102.4607854 16.4616526, 102.4644546 16.4609684, 102.468152 16.4602854, 102.4718307 16.4596089, 102.4754664 16.4589195, 102.4790928 16.4582675, 102.4828367 16.4575627, 102.4864139 16.4568893, 102.4901053 16.4562051, 102.4937201 16.4555541, 102.4973331 16.4548848, 102.5009055 16.4547797, 102.504664 16.454669, 102.5084309 16.4545766, 102.5118546 16.4544926, 102.5154112 16.4543588, 102.5189583 16.4542491, 102.5225445 16.4541383, 102.5260623 16.4540295, 102.5296831 16.453923, 102.5332665 16.4538176, 102.5368245 16.453713, 102.5404926 16.4536051, 102.5440827 16.4535086, 102.5477542 16.4533734, 102.5515191 16.4532347, 102.5535522 16.4531935, 102.557884 16.4530469, 102.5614929 16.4529517, 102.5651743 16.4528295, 102.56743805626701 16.45276256499242, 102.57167479999995 16.45265947292848)"
way/652927503-230,way/247704837-230,230.0,1027.7989492113718,88157.78,Al/St 240/40 2-bundle 220.0,"LINESTRING (104.11873797341353 17.26764002678171, 104.12304615091087 17.271221042844868, 104.125089 17.2724258, 104.128533 17.2744543, 104.1318514 17.2763685, 104.1347804 17.2780794, 104.1375806 17.2797186, 104.1401448 17.2812552, 104.1422154 17.2820543, 104.1445296 17.2818817, 104.1480734 17.281163, 104.1505732 17.2811733, 104.153706 17.2800361, 104.156635 17.2794522, 104.1599073 17.2787965, 104.162332 17.281327, 104.1650893 17.2841852, 104.1677179 17.2868794, 104.1705181 17.2897273, 104.1731005 17.2924435, 104.1756572 17.2950438, 104.1782321 17.2975843, 104.180968 17.3005242, 104.1838508 17.3034246, 104.1866114 17.3062911, 104.1895189 17.3092514, 104.192273 17.3121516, 104.1951081 17.3150078, 104.1979512 17.3178655, 104.2007408 17.3207791, 104.2035569 17.3236316, 104.2061176 17.3262566, 104.2085191 17.3287115, 104.2109224 17.3312412, 104.2133578 17.3336582, 104.2158898 17.3363415, 104.2185935 17.3390759, 104.2212328 17.3418206, 104.2238613 17.3445037, 104.2270263 17.3463369, 104.2302879 17.3482109, 104.2337962 17.3502488, 104.2373475 17.3522662, 104.2407029 17.3541423, 104.244053 17.3561167, 104.2475908 17.358177, 104.2510482 17.360223, 104.254578 17.36223, 104.2579834 17.3641069, 104.2612208 17.3659603, 104.2647526 17.3680089, 104.2683019 17.3700626, 104.2717767 17.372067, 104.2753286 17.3741142, 104.2788235 17.3761339, 104.2822487 17.378112, 104.2857932 17.3801605, 104.2891969 17.3821155, 104.2926878 17.3841395, 104.2961097 17.3860705, 104.2990621 17.3877887, 104.3022358 17.3896188, 104.3056815 17.3916127, 104.3086128 17.3932893, 104.3117664 17.3951168, 104.3153096 17.3971618, 104.3188675 17.3992107, 104.3224181 17.4012628, 104.3259452 17.4033027, 104.3295166 17.405363, 104.3330732 17.4074098, 104.3366338 17.4094666, 104.3401787 17.4115275, 104.3436361 17.4135071, 104.3471303 17.4155437, 104.3512703 17.415568, 104.3554358 17.4155859, 104.3596012 17.4156326, 104.3637325 17.4156761, 104.3676894 17.4157011, 104.3718167 17.415742, 104.3758279 17.415767, 104.3799525 17.4157983, 104.3840637 17.415845, 104.3881916 17.4158642, 104.3923081 17.4159064, 104.3964521 17.4159275, 104.400521 17.4159595, 104.4046268 17.4160082, 104.4087427 17.4160414, 104.4128082 17.4160677, 104.4168946 17.416116, 104.4210288 17.4161604, 104.4246663 17.4161831, 104.4287489 17.4162356, 104.4329208 17.4163011, 104.4369206 17.4162886, 104.4410173 17.4163405, 104.4450311 17.4163995, 104.4491962 17.4163995, 104.4532513 17.4164716, 104.4613937 17.4164941, 104.465554 17.4165569, 104.4696091 17.41657, 104.4777821 17.4166348, 104.4818294 17.4166946, 104.4858089 17.416734, 104.4899465 17.4167602, 104.4936579 17.416734, 104.4976924 17.4168061, 104.5017062 17.4168389, 104.505903 17.4168678, 104.5099899 17.416896, 104.5140566 17.4169423, 104.5181556 17.4169885, 104.5222627 17.4170271, 104.5263456 17.4170348, 104.5304042 17.4170965, 104.5342445 17.4171428, 104.5379636 17.4171505, 104.5414269 17.4171828, 104.5454972 17.4172089, 104.5495356 17.417274, 104.5536513 17.4172826, 104.5573804 17.4172957, 104.5615644 17.4173824, 104.5655755 17.4174041, 104.5695502 17.4174345, 104.573293 17.4174736, 104.576531 17.4174736, 104.5797235 17.419283, 104.5833117 17.421266, 104.586768 17.4232099, 104.5900456 17.4249929, 104.5932849 17.4268461, 104.5968549 17.4288246, 104.599911 17.4305429, 104.603249 17.4323869, 104.606337 17.4341094, 104.6095522 17.4359317, 104.6129676 17.4378668, 104.6160191 17.4395416, 104.6187205 17.4410471, 104.6221663 17.4429343, 104.6257107 17.4449378, 104.6291894 17.4469042, 104.6322439 17.4485674, 104.6358658 17.4505901, 104.6393854 17.4526049, 104.6427963 17.4544921, 104.646329 17.4564198, 104.6497862 17.4584053, 104.6533425 17.4603965, 104.6568761 17.4623444, 104.6602017 17.4642115, 104.6637566 17.4661567, 104.6668041 17.4679182, 104.6703066 17.469869, 104.673813 17.471822, 104.6772301 17.4737357, 104.6792066 17.4748517, 104.6806028 17.4756257, 104.6838431 17.4774008, 104.6874527 17.4794545, 104.6912152 17.4803671, 104.6941119 17.4822039, 104.6971482 17.4841585, 104.699983 17.4859651, 104.7028315 17.4877252, 104.7056776 17.4895615, 104.7086606 17.4899271, 104.711583 17.4903276, 104.7138737218451 17.490641278077053, 104.7202098953019 17.494435992473075)"
way/274497912-230,way/247704837-230,230.0,1027.7989492113718,17019.33,Al/St 240/40 2-bundle 220.0,"LINESTRING (104.7202098953019 17.494435992473075, 104.71473520658148 17.48915810728244, 104.7135474 17.4886632, 104.7109584 17.4875906, 104.7084031 17.4865139, 104.7019263 17.4837933, 104.6992745 17.4804993, 104.6973093 17.4780785, 104.6952986 17.4756168, 104.6927816 17.4725003, 104.6908332 17.4700542, 104.6889546 17.467757, 104.6887577 17.4669899, 104.6894942 17.4657374, 104.6915457 17.46222, 104.6933786 17.4591773, 104.6953583 17.4559163, 104.6991565 17.4495222, 104.7011785 17.4461256, 104.7032004 17.4427436, 104.7053374 17.4392261, 104.707413 17.4357415, 104.7094272 17.4323629, 104.7114568 17.4289734, 104.7134711 17.4255947, 104.7169125 17.4241268, 104.7197363 17.4229078, 104.7231432 17.4214033, 104.7266384 17.4198768, 104.7301566 17.4183466, 104.7337976 17.4166956, 104.7365293 17.4155095, 104.7391535 17.4143527, 104.7426958 17.412925, 104.7463298 17.4113406, 104.750149 17.4096864, 104.7537136 17.4080121, 104.7551447 17.4053616, 104.7557585 17.3995882, 104.7576768 17.3970327, 104.7591808 17.3949898, 104.7596911 17.3937926, 104.7594647 17.3917533, 104.7591463 17.3889963, 104.75896253744595 17.388784976670273, 104.75733435962407 17.384269416154044)"
way/1167894587-230,TH45-230,230.0,1027.7989492113718,5383.23,Al/St 240/40 2-bundle 220.0,"LINESTRING (100.55194911890813 13.829044366835864, 100.5583236059221 13.822216262420117, 100.5591483 13.8213521, 100.5614405 13.8189501, 100.5639554 13.8161497, 100.5640482 13.812501, 100.5642148 13.8090461, 100.5660061 13.8061415, 100.5684265 13.8021406, 100.5705624 13.7987539, 100.5727266 13.7953223, 100.5746228 13.792157, 100.5769065 13.7885871, 100.58017575648654 13.783310345844733, 100.58322671086978 13.778254454109016)"
TH42-230,TH43-230,230.0,2055.597898422744,6454.41,Al/St 240/40 2-bundle 220.0,"LINESTRING (100.54041529999998 13.840987275073152, 100.54135169285415 13.844877706267697, 100.5421286 13.8482112, 100.5430556 13.8520613, 100.5439053 13.855778, 100.544858 13.8597029, 100.5457936 13.8636778, 100.5466935 13.8676045, 100.5474539 13.8708892, 100.5475938 13.8714938, 100.5476132 13.8715774, 100.5485573 13.8755437, 100.5494918 13.8794873, 100.5504676 13.8834653, 100.5513801 13.8874145, 100.5513878493689 13.88744844417671, 100.55228239999998 13.891366775022183)"
TH43-230,way/1167894587-230,230.0,2055.597898422744,1404.72,Al/St 240/40 2-bundle 220.0,"LINESTRING (100.54041529999998 13.840987275073152, 100.54451184193974 13.836729931715052, 100.5458022 13.8353688, 100.54749780522094 13.833597662820523, 100.55194911890813 13.829044366835864)"
way/155851424-230,way/404291501-230,230.0,1027.7989492113718,9308.48,Al/St 240/40 2-bundle 220.0,"LINESTRING (101.02603356835249 13.503831497670792, 101.03051879014735 13.507929195397221, 101.0320949 13.5083448, 101.0355042 13.509075, 101.0380899 13.5068691, 101.0404818 13.5048446, 101.0433953 13.5023519, 101.0462429 13.4999467, 101.0491566 13.4974695, 101.0519281 13.4951154, 101.0547645 13.4927007, 101.0575548 13.4903017, 101.0602923 13.4879775, 101.0619019 13.4866241, 101.0648633 13.4841043, 101.0675921 13.481758, 101.0676452 13.4781846, 101.0676987 13.4745903, 101.0677409 13.4709914, 101.0677939 13.4674628, 101.0678435 13.4639717, 101.0678952 13.4604991, 101.0679381 13.457016, 101.0679803 13.4537106, 101.06800662751455 13.451611266882855, 101.0659336198212 13.446029631104215)"
way/384684882-230,way/293324904-230,230.0,1027.7989492113718,2892.11,Al/St 240/40 2-bundle 220.0,"LINESTRING (99.73688728532144 18.28041199877084, 99.7363009011331 18.28707523756661, 99.7378309 18.2896209, 99.7393813 18.292132, 99.73977488944051 18.292786693186873, 99.74774986997704 18.297916383738325)"
way/403525677-230,way/296560688-230,230.0,2055.597898422744,14081.05,Al/St 240/40 2-bundle 220.0,"LINESTRING (101.16021755625701 12.757737830693532, 101.16632428445511 12.757198546439108, 101.1691198 12.7571554, 101.171827 12.7570933, 101.1752631 12.7570143, 101.1759256 12.7585927, 101.1761886 12.7614004, 101.1772177 12.7629038, 101.1787594 12.765142, 101.1803967 12.7652633, 101.1814342 12.7664154, 101.183157 12.7671494, 101.1871557 12.7672201, 101.1914173 12.7672289, 101.1976647 12.7673174, 101.2007872 12.7653986, 101.2040416 12.7633987, 101.2063421 12.7619849, 101.2081465 12.764629, 101.2099509 12.7672466, 101.2130338 12.7678745, 101.2160079 12.7685112, 101.2196711 12.7691656, 101.2235156 12.7698465, 101.2270609 12.7705805, 101.2309327 12.7712967, 101.2344236 12.77196, 101.2382058 12.7727127, 101.2419222 12.7734191, 101.2458575 12.7742061, 101.2492305 12.7748693, 101.2492994 12.7757549, 101.2482736 12.7775307, 101.2482672 12.7799818, 101.24819443988669 12.781204703922821, 101.24932436132381 12.78771823549466)"
way/26120059-230,way/301623867-230,230.0,1027.7989492113718,15583.33,Al/St 240/40 2-bundle 220.0,"LINESTRING (100.42353437309298 13.653379175508425, 100.42889178682442 13.650114413807454, 100.4298473 13.6493431, 100.4315674 13.6481672, 100.4330746 13.6471368, 100.4348604 13.6458869, 100.4364829 13.6446869, 100.4382857 13.6433808, 100.4398526 13.6422467, 100.441581 13.6409958, 100.4432002 13.6398238, 100.4450688 13.6384713, 100.4467566 13.6372625, 100.448439 13.6360433, 100.4501318 13.6348176, 100.4518522 13.6335761, 100.453507 13.6323958, 100.4551432 13.6311995, 100.4569283 13.6299256, 100.4585665 13.6287359, 100.460224 13.6275405, 100.4618159 13.6263967, 100.4634882 13.6251859, 100.4656495 13.6247004, 100.4675249 13.6242957, 100.4696553 13.6238046, 100.4716967 13.6233764, 100.4740574 13.6228539, 100.4757026 13.6224846, 100.4777925 13.6220171, 100.479838 13.6215693, 100.4817864 13.621141, 100.4840056 13.6206657, 100.4860834 13.6201706, 100.4880682 13.6197542, 100.4903319 13.6192985, 100.4920247 13.6189739, 100.4939682 13.6186085, 100.4960148 13.6182057, 100.4980052 13.6178122, 100.4999889 13.6174177, 100.5018727 13.6170527, 100.5038821 13.6166638, 100.505783 13.6163027, 100.5078553 13.6158887, 100.5100362 13.6154748, 100.5117713 13.615122, 100.5137869 13.6147385, 100.5158555 13.6143294, 100.5180656 13.6139123, 100.5198895 13.6135474, 100.5220138 13.6131407, 100.5239986 13.6127444, 100.5260264 13.6123482, 100.5280756 13.6119728, 100.5300124 13.6115839, 100.5319702 13.6111907, 100.5339014 13.6119832, 100.5358533 13.6127134, 100.53640754953824 13.612930832656957, 100.55624984550693 13.62020378361007)"
way/1281883109-230,way/1361676984-230,230.0,1027.7989492113718,36179.67,Al/St 240/40 2-bundle 220.0,"LINESTRING (98.94424202120442 18.71619735608703, 98.95195644802376 18.713091676642627, 98.952774 18.7123942, 98.9548817 18.7090362, 98.9537766 18.7058961, 98.9526721 18.7028215, 98.9515402 18.699661, 98.9507617 18.6990917, 98.9485468 18.697472, 98.9465505 18.6968844, 98.9444434 18.6933343, 98.9436455 18.6919898, 98.9419644 18.688752, 98.9419201 18.6886153, 98.9397436 18.6818918, 98.9392632 18.6790111, 98.9391106 18.6780956, 98.9384186 18.6740809, 98.9377105 18.6700661, 98.9375934 18.6693455, 98.9370614 18.6660715, 98.9363693 18.6620768, 98.9356988 18.6581277, 98.9350121 18.6541684, 98.9329898 18.6513882, 98.9311283 18.6489383, 98.9293259 18.646524, 98.9272176 18.6436573, 98.9242458 18.6407244, 98.9213222 18.637944, 98.9186239 18.6352448, 98.9161176 18.6327794, 98.9159939 18.6290737, 98.9159457 18.6255662, 98.9158708 18.6216874, 98.9157169 18.6175421, 98.9156562 18.6136603, 98.9174498 18.6100464, 98.9191128 18.6066401, 98.920697 18.6032493, 98.9226032 18.5994199, 98.9239335 18.595383, 98.9250808 18.5916853, 98.9262724 18.5881325, 98.9274867 18.5844164, 98.928724 18.5806377, 98.9298988 18.5769003, 98.9310164 18.5733518, 98.9321679 18.5697558, 98.9329394 18.5674473, 98.9332301 18.5665776, 98.9334841 18.5655461, 98.935054 18.5636129, 98.936515 18.5623728, 98.9380634 18.5604295, 98.9406348 18.5572213, 98.9408636 18.5569764, 98.9430255 18.5541946, 98.9466108 18.5533258, 98.9504552 18.5523791, 98.9543015 18.5514484, 98.9579995 18.5505541, 98.961227 18.5497447, 98.9648372 18.5488293, 98.9682705 18.5479825, 98.9727444 18.5463576, 98.9767517 18.5459526, 98.9803468 18.5450745, 98.9835362 18.544303, 98.9879445 18.5432522, 98.9920463 18.542273, 98.9957871 18.5413456, 98.9994565 18.54045, 99.0033988 18.5394827, 99.0073159 18.5385353, 99.0108225 18.5368501, 99.0143763 18.53517, 99.0180529 18.5334613, 99.0218119 18.5316897, 99.0256461 18.5299006, 99.0329471 18.526447, 99.0360357 18.5249846, 99.0391484 18.5235273, 99.0419432 18.522215, 99.0453736 18.5205933, 99.0490299 18.5188648, 99.0526385 18.5171589, 99.0563856 18.5154205, 99.0602976 18.5143154, 99.06776146004314 18.512226896996637, 99.07666297416974 18.52399387966078)"
way/1361676984-230,way/293324904-230,230.0,1027.7989492113718,104408.98,Al/St 240/40 2-bundle 220.0,"LINESTRING (99.07666297416974 18.52399387966078, 99.07718951782651 18.509617516914812, 99.0786506 18.5092184, 99.0800849 18.5082866, 99.0836033 18.5058266, 99.0867341 18.5036907, 99.0904691 18.5011459, 99.0946024 18.498332, 99.0979243 18.4960847, 99.1014311 18.493674, 99.1045278 18.4915678, 99.1095631 18.4881072, 99.1127442 18.4859959, 99.115914 18.4840099, 99.119203 18.4819105, 99.122596 18.4797813, 99.1249062 18.4783129, 99.1260488 18.4766823, 99.1295692 18.4753404, 99.1342247 18.4724, 99.1369667 18.4706747, 99.1408658 18.4715758, 99.1447505 18.4725725, 99.1510904 18.474018, 99.1559138 18.4751267, 99.1603448 18.4762206, 99.1642493 18.4752595, 99.1679802 18.4743461, 99.1712418 18.4735651, 99.1746871 18.472732, 99.1782035 18.4718746, 99.1803815 18.4704859, 99.184437 18.4681377, 99.1877313 18.465458, 99.1913536 18.4624966, 99.1937475 18.4605389, 99.1962553 18.458473, 99.1985735 18.4565872, 99.2018083 18.4539336, 99.2052617 18.451935, 99.2078598 18.450461, 99.2097757 18.4493401, 99.2157437 18.4458481, 99.2196048 18.4425849, 99.2266778 18.4366359, 99.2291186 18.4346257, 99.2311249 18.4329463, 99.237306 18.4277018, 99.2417357 18.4240285, 99.2456839 18.4207203, 99.2481113 18.4186858, 99.252828 18.4142743, 99.2540484 18.4119801, 99.2561144 18.4081697, 99.25837 18.4039926, 99.2592794 18.4011225, 99.2602163 18.3981057, 99.2612019 18.3949203, 99.2618917 18.3927422, 99.2634445 18.3877751, 99.2643708 18.384895, 99.2683411 18.3798182, 99.2721606 18.3750125, 99.274841 18.3714243, 99.2797136 18.365201, 99.2822964 18.3619719, 99.2855264 18.3616792, 99.2913439 18.3613182, 99.2968826 18.3609808, 99.3024482 18.3604523, 99.3068604 18.3601254, 99.3114819 18.3598006, 99.3153121 18.3594951, 99.3198826 18.3591387, 99.3236698 18.3588434, 99.3328645 18.3581917, 99.3374805 18.3578649, 99.3398489 18.3596479, 99.3432607 18.3622445, 99.3461038 18.3644031, 99.3493466 18.3669986, 99.3527557 18.3695093, 99.3569909 18.3727872, 99.3587746 18.3741368, 99.3620603 18.3766461, 99.3655257 18.3793289, 99.3687522 18.3817329, 99.3716099 18.3817268, 99.3765521 18.3817431, 99.380157 18.3816616, 99.3841304 18.3816657, 99.3880786 18.3822664, 99.3921084 18.3828529, 99.396239 18.3835045, 99.4005992 18.3841194, 99.4045581 18.3846692, 99.4087166 18.3853473, 99.4129867 18.3859683, 99.4168276 18.3866097, 99.4213552 18.3872613, 99.4250781 18.3878417, 99.4296057 18.388534, 99.434144 18.3891652, 99.438414 18.389776, 99.4423193 18.3903767, 99.4467933 18.3910385, 99.4490892 18.3913948, 99.4518144 18.3918326, 99.4547476 18.3916738, 99.4573719 18.3915373, 99.459979 18.3929932, 99.4632436 18.3935306, 99.4664163 18.3940214, 99.4703259 18.3945854, 99.4742913 18.3952431, 99.4781 18.3957725, 99.4823705 18.3964232, 99.4864126 18.3970307, 99.4905781 18.3976754, 99.4945156 18.3982251, 99.4988286 18.3988563, 99.4994361 18.398955, 99.502852 18.39951, 99.5072614 18.4001696, 99.51009 18.4005993, 99.5113491 18.4007906, 99.5153939 18.4014421, 99.5195222 18.4020916, 99.5238804 18.4027248, 99.5277143 18.4032919, 99.5319574 18.4039846, 99.535725 18.4045165, 99.5392655 18.4050561, 99.5431923 18.4057076, 99.5454598 18.4060303, 99.5476662 18.4063693, 99.5517148 18.4069058, 99.5551335 18.4074993, 99.5584348 18.4079851, 99.5613542 18.4071121, 99.5649875 18.4060255, 99.5684711 18.4050124, 99.5718177 18.4040391, 99.5748151 18.4055229, 99.5783502 18.4072891, 99.5818613 18.4090184, 99.5856901 18.4109258, 99.5900594 18.4115468, 99.5940412 18.4120831, 99.5978264 18.4125647, 99.6024667 18.4131488, 99.6059441 18.4135973, 99.6107346 18.4142285, 99.614947 18.41474, 99.6192432 18.4153132, 99.6231954 18.4157853, 99.625079 18.419266, 99.626919 18.4226575, 99.6287932 18.4261196, 99.6306936 18.4296045, 99.6338894 18.4312579, 99.6368854 18.4327942, 99.6398399 18.4343121, 99.6435252 18.4362154, 99.6473112 18.4381359, 99.650788 18.4383305, 99.6551962 18.4385863, 99.659249 18.4387631, 99.663049 18.4389807, 99.6661859 18.4391359, 99.6700597 18.4393388, 99.6743673 18.4395939, 99.6791349 18.4398318, 99.684517 18.4401692, 99.691108 18.4404747, 99.6944571 18.4406376, 99.699577 18.4409443, 99.7029244 18.4411027, 99.7066513 18.4413043, 99.7100062 18.4414843, 99.7132018 18.4416715, 99.7155397 18.4418012, 99.7191148 18.4419524, 99.725263 18.4397994, 99.7278438 18.4389857, 99.7352672 18.4364006, 99.7380225 18.4354285, 99.7421138 18.4339955, 99.7474802 18.4321304, 99.7499927 18.4312663, 99.7541491 18.4298201, 99.7580121 18.4285, 99.7606571 18.4244587, 99.7629365 18.4208689, 99.763991 18.4193168, 99.7643244 18.415624, 99.7676971 18.4136819, 99.7714497 18.4115044, 99.7745511 18.4096726, 99.7749233 18.4065681, 99.7754272 18.4024704, 99.7758702 18.3985452, 99.7763721 18.394418, 99.7770032 18.3891146, 99.7773682 18.386019, 99.7779081 18.3815957, 99.7784175 18.3773598, 99.7787825 18.3742568, 99.779406 18.36896, 99.7771477 18.3661672, 99.7755508 18.3641754, 99.7733457 18.3614474, 99.7713914 18.3589937, 99.7693384 18.3564605, 99.7693384 18.3528664, 99.7693384 18.349864, 99.7693384 18.3472874, 99.7705474 18.3452665, 99.7714979 18.3423867, 99.7704714 18.3396007, 99.7691635 18.3361072, 99.7676959 18.3321373, 99.7660991 18.3278858, 99.7653919 18.3260307, 99.7652779 18.3239952, 99.7652094 18.321678, 99.7649813 18.3164518, 99.7648596 18.3127124, 99.7647532 18.3099115, 99.7630727 18.3078829, 99.7611185 18.3055295, 99.7591262 18.3030822, 99.7563736 18.3028223, 99.7535089 18.3025258, 99.75188686044575 18.302372293098617, 99.74774986997704 18.297916383738325)"
way/384684882-230,way/401998847-230,230.0,1027.7989492113718,143340.33,Al/St 240/40 2-bundle 220.0,"LINESTRING (99.73688728532144 18.28041199877084, 99.73977738805468 18.274122427280002, 99.7405167 18.272493, 99.7419902 18.269425, 99.7434281 18.26634, 99.7428989 18.2628108, 99.7423716 18.2591333, 99.7419135 18.2559981, 99.7413172 18.2522132, 99.7408653 18.2488931, 99.7403188 18.245544, 99.7400419 18.2436106, 99.73938 18.2394354, 99.7388402 18.2359498, 99.7383259 18.2327043, 99.7378733 18.2298121, 99.7372792 18.226069, 99.7367126 18.2224628, 99.7362036 18.2192419, 99.7356323 18.2156393, 99.7351321 18.2125335, 99.7345524 18.2088917, 99.7340032 18.2054934, 99.7334044 18.2016753, 99.7330051 18.1992023, 99.7327788 18.1978003, 99.7322973 18.1947895, 99.7317156 18.1910428, 99.7311295 18.187418, 99.7305187 18.183544, 99.7300265 18.1804479, 99.7293755 18.1764481, 99.7288384 18.1730526, 99.73052 18.1689227, 99.7321226 18.1649821, 99.7336139 18.1612988, 99.7352414 18.1573262, 99.7373241 18.1522919, 99.7390468 18.1480068, 99.7410175 18.1470032, 99.7432632 18.1444556, 99.7451132 18.1424032, 99.746801 18.1389883, 99.7486162 18.1352997, 99.7528963 18.1275659, 99.7572194 18.1238404, 99.7577961 18.1207795, 99.7587362 18.1157231, 99.7624658 18.112049, 99.7645707 18.11, 99.7661384 18.1062703, 99.766928 18.1044382, 99.7676311 18.1027033, 99.7688816 18.0997746, 99.7702616 18.0964928, 99.7720004 18.0924855, 99.7732188 18.0895445, 99.7745217 18.0864887, 99.7759533 18.0831263, 99.7774399 18.0797186, 99.7764287 18.0758314, 99.7756066 18.0725631, 99.777407 18.0696314, 99.779296 18.0665816, 99.7811249 18.0635937, 99.7830139 18.0605241, 99.7849373 18.0574165, 99.7868249 18.0543206, 99.7885349 18.0515601, 99.7903467 18.0486108, 99.7922128 18.0455658, 99.7939945 18.0426699, 99.7959223 18.0395579, 99.7978803 18.0362959, 99.7999832 18.0328764, 99.8016435 18.0302157, 99.8035381 18.0271114, 99.8052507 18.0243383, 99.8075588 18.0205321, 99.8092123 18.0178425, 99.8105011 18.0157432, 99.8122486 18.0129872, 99.8159165 18.0069718, 99.8198781 18.0004938, 99.8228795 17.9955673, 99.825665 17.9910226, 99.8280596 17.9871137, 99.8328188 17.9842451, 99.8354031 17.9826366, 99.8380062 17.9803201, 99.8401989 17.9782651, 99.8427792 17.9760328, 99.8456739 17.9710507, 99.847868 17.967209, 99.8511859 17.9614733, 99.8535529 17.9574393, 99.8562244 17.9526488, 99.857477 17.9505035, 99.8591332 17.9475652, 99.8616827 17.9432018, 99.8642362 17.9387719, 99.8662116 17.9353562, 99.8673173 17.9333492, 99.8697099 17.9292999, 99.871924 17.9254381, 99.8732672 17.9221294, 99.8747397 17.9186119, 99.8763436 17.9147806, 99.8775332 17.9118507, 99.8790124 17.9083133, 99.8803442 17.9050949, 99.8818247 17.9026313, 99.883546 17.8998913, 99.8853579 17.8968227, 99.8869578 17.8941784, 99.8888783 17.8911026, 99.8911085 17.8873619, 99.8927299 17.8846766, 99.8947765 17.8811872, 99.8961363 17.8791112, 99.8968934 17.8778432, 99.8994683 17.8735993, 99.9016221 17.8699564, 99.9040334 17.8660506, 99.9062623 17.8623706, 99.9082291 17.8590333, 99.9096406 17.8567062, 99.9126165 17.8521082, 99.9128203 17.848885, 99.9151395 17.8431748, 99.9159584 17.8411584, 99.9175967 17.8371243, 99.9191027 17.8335625, 99.9207778 17.8294043, 99.9219821 17.8264768, 99.9229222 17.8244073, 99.9253422 17.8196635, 99.9282779 17.8164511, 99.9314195 17.8114997, 99.9334988 17.808185, 99.9361998 17.803935, 99.9395955 17.7977459, 99.9405906 17.7954729, 99.942267 17.7918987, 99.9453019 17.785123, 99.9462246 17.7832203, 99.9484267 17.7783037, 99.9496095 17.7756384, 99.9520933 17.7702516, 99.9538836 17.7663653, 99.9543369 17.7653666, 99.9552904 17.7632765, 99.9569051 17.7596429, 99.9581255 17.7569698, 99.9604912 17.7518225, 99.9631976 17.7458219, 99.9664632 17.7408557, 99.969879 17.7355011, 99.9720349 17.7321941, 99.9742952 17.7287271, 99.9778438 17.7231932, 99.9823848 17.715154, 99.9849852 17.7104872, 99.9854908 17.7095955, 99.9879933 17.7051687, 99.9894953 17.7024449, 99.9921172 17.6977791, 99.9932383 17.6957923, 99.996394 17.6902587, 99.9976975 17.6879065, 99.9994798 17.6847058, 100.0032792 17.6781318, 100.0044292 17.676042, 100.0060734 17.6732161, 100.0063979 17.6698357, 100.0068418 17.66605, 100.0073354 17.6621576, 100.0077323 17.6585214, 100.0081112 17.6551476, 100.0085195 17.6516805, 100.0089145 17.6481821, 100.0093188 17.6447718, 100.0096172 17.6425461, 100.010151 17.6377502, 100.0105855 17.6340566, 100.0109302 17.6311438, 100.0113131 17.6278987, 100.0117033 17.6245282, 100.0121177 17.6213942, 100.0125093 17.6176273, 100.0129497 17.6139669, 100.013379 17.6103983, 100.0137948 17.6067201, 100.0142148 17.6031008, 100.0146497 17.5994504, 100.0150742 17.5957438, 100.0154819 17.5921145, 100.0159406 17.5884327, 100.0163685 17.5847832, 100.0168003 17.5810776, 100.0172322 17.5773361, 100.0175869 17.5737359, 100.0180657 17.5701605, 100.0184915 17.5664929, 100.0189186 17.5628189, 100.0193484 17.559134, 100.019789 17.5554663, 100.0202135 17.5518879, 100.0206225 17.5482443, 100.0210577 17.5445418, 100.0214748 17.5409154, 100.0219059 17.5372344, 100.0223408 17.5335698, 100.0227632 17.5299252, 100.023183 17.5262165, 100.0236309 17.5225168, 100.0240473 17.5189282, 100.0244778 17.5152072, 100.0249137 17.5115367, 100.0253214 17.5078878, 100.025772 17.5041378, 100.0261844 17.500584, 100.0266052 17.4969167, 100.0270357 17.493365, 100.0274675 17.4895949, 100.0278799 17.4859443, 100.0283174 17.4822405, 100.0287459 17.4785642, 100.0291764 17.4748008, 100.0296223 17.4710399, 100.0300598 17.4672952, 100.030498 17.4635392, 100.0309289 17.4597752, 100.031352 17.4560859, 100.0317939 17.4523435, 100.0322334 17.4485616, 100.0326706 17.4448747, 100.0330931 17.4412155, 100.0335196 17.4375716, 100.0339299 17.4339865, 100.034347 17.4304595, 100.0347762 17.4268448, 100.0351809 17.4232697, 100.0356087 17.4196818, 100.0360546 17.4160854, 100.0364522 17.41264, 100.0365065 17.4091107, 100.036697 17.3978371, 100.036766 17.3941328, 100.0368941 17.3868335, 100.0369545 17.3830976, 100.0370175 17.3794724, 100.0370926 17.3756788, 100.0371483 17.3719561, 100.0372113 17.3682648, 100.037275 17.3645477, 100.03734 17.3608422, 100.0374064 17.3571256, 100.0374594 17.3533949, 100.0375278 17.349675, 100.0375881 17.3458219, 100.0376532 17.3419822, 100.0377055 17.3383561, 100.0377792 17.3346647, 100.0378295 17.3309579, 100.0378973 17.32721, 100.0379549 17.3235958, 100.0380113 17.3199374, 100.038087 17.3163244, 100.0381373 17.3135653, 100.0381749 17.310164, 100.0382439 17.3064971, 100.0383076 17.3028517, 100.0383482 17.2991731, 100.0384297 17.2955222, 100.0384967 17.2918783, 100.0385608 17.288225, 100.0386171 17.2845428, 100.0386848 17.2808929, 100.0387639 17.2772625, 100.0388156 17.2736166, 100.0388686 17.2699691, 100.038939 17.2663256, 100.0389986 17.2626853, 100.0390784 17.2590416, 100.0391307 17.255398, 100.0392011 17.2517488, 100.0392628 17.2481398, 100.0393128 17.2444438, 100.0393929 17.2407873, 100.0394486 17.2371497, 100.0395151 17.2335235, 100.0395813 17.2299145, 100.0396695 17.226254, 100.0397441 17.2227283, 100.0397977 17.2191005, 100.0398621 17.2155649, 100.0399479 17.211978, 100.0399909 17.2081861, 100.0400772 17.2044049, 100.0401309 17.2005513, 100.0402382 17.1968206, 100.0402811 17.1931719, 100.0422332 17.190076, 100.0442937 17.1868479, 100.0462892 17.1837319, 100.0482848 17.1806262, 100.0502374 17.1775511, 100.0522008 17.174435, 100.0540891 17.1714521, 100.056031 17.1684179, 100.058026 17.1653216, 100.0599572 17.1622463, 100.0619211 17.1591407, 100.0638952 17.1560551, 100.0658801 17.1529283, 100.0678751 17.149801, 100.0698927 17.1466337, 100.0718453 17.1435068, 100.0738731 17.1403594, 100.0758037 17.1373139, 100.0778105 17.1341874, 100.0798061 17.1310296, 100.0818011 17.1278301, 100.0838187 17.1247137, 100.0897619 17.1153313, 100.0918224 17.1121326, 100.0938502 17.1089539, 100.0958881 17.1057233, 100.0978735 17.102586, 100.0998905 17.0994071, 100.1019397 17.0961667, 100.1039455 17.0929974, 100.1059952 17.0898394, 100.108001 17.0866802, 100.1099863 17.0835426, 100.1110158 17.0801065, 100.1121321 17.0764662, 100.1127064 17.0746074, 100.1132157 17.0729587, 100.1142671 17.0694613, 100.1153395 17.0659532, 100.1164344 17.0624357, 100.1175072 17.0589484, 100.1185581 17.0554811, 100.1196203 17.0520142, 100.1206502 17.0486088, 100.1216695 17.0452853, 100.1227 17.0419213, 100.1237616 17.038505, 100.1248881 17.0348223, 100.1260152 17.0311504, 100.1270881 17.0276625, 100.128139 17.0242357, 100.1292124 17.0207584, 100.1302096 17.0173109, 100.1314652 17.0133673, 100.1325434 17.0098021, 100.133568 17.0064575, 100.1346246 17.0029895, 100.1356748 16.9995421, 100.1367236 16.9960909, 100.1377837 16.9926145, 100.1388512 16.9891497, 100.1398859 16.9857649, 100.140704 16.9819671, 100.141449 16.9784424, 100.1417226 16.9772053, 100.1420726 16.9755686, 100.1427713 16.9723176, 100.1434975 16.9688877, 100.144213 16.9655789, 100.1449311 16.9622553, 100.1456242 16.9589415, 100.1463423 16.9556278, 100.1470471 16.9523341, 100.149056 16.9497854, 100.1509577 16.9473728, 100.1529278 16.9448733, 100.15370230778436 16.943888563508995, 100.1572004694861 16.93803885684044)"
way/813762139-230,way/377077088-230,230.0,513.8994746056859,50313.67,Al/St 240/40 2-bundle 220.0,"LINESTRING (98.98735875397979 17.24002900253224, 98.99197434010797 17.24063660922604, 98.9927583 17.2408579, 98.9971037 17.2409467, 99.0017845 17.2411715, 99.0059801 17.2420446, 99.0070639 17.2422839, 99.0089319 17.2420005, 99.0132334 17.2406377, 99.0171877 17.2391211, 99.0213056 17.2375794, 99.0253658 17.2360592, 99.0275746 17.2326277, 99.0297876 17.2291976, 99.0319459 17.2258523, 99.0341594 17.2223866, 99.0341507 17.2183823, 99.0341077 17.2147416, 99.0340997 17.2107384, 99.0340809 17.2066838, 99.0340608 17.2028962, 99.0340206 17.1987326, 99.0340581 17.1946534, 99.0339844 17.1912301, 99.0339683 17.1870578, 99.0339461 17.1835473, 99.0339354 17.1795991, 99.0339106 17.1756034, 99.033916 17.1715691, 99.0338986 17.1679826, 99.0338684 17.1644473, 99.0338825 17.1609274, 99.0338838 17.1569153, 99.0338664 17.1531927, 99.0338557 17.1490049, 99.0338463 17.145277, 99.0338127 17.1410416, 99.033806 17.1374276, 99.0337926 17.1336739, 99.0337966 17.1297266, 99.0337926 17.1255651, 99.0337631 17.1214407, 99.0337607 17.1176136, 99.0337584 17.1138614, 99.0337396 17.1094343, 99.0337148 17.1054281, 99.0337028 17.1014623, 99.0336914 17.0977854, 99.0336982 17.0954454, 99.0337282 17.0922394, 99.0336813 17.0901166, 99.033672 17.0863966, 99.0336625 17.0825777, 99.0336572 17.0786319, 99.0345436 17.0746097, 99.0354086 17.070704, 99.0363494 17.0664515, 99.0371688 17.0626873, 99.0380328 17.0587185, 99.039784 17.0506733, 99.0406792 17.0466582, 99.0415234 17.0428501, 99.0423851 17.0388854, 99.0432689 17.03472, 99.0441171 17.0309982, 99.0459033 17.0228952, 99.046745 17.0189084, 99.0476154 17.0149201, 99.0485126 17.0108523, 99.0494178 17.0067216, 99.0503365 17.0026164, 99.0512069 16.9986804, 99.0520665 16.9946366, 99.0538448 16.9864602, 99.0547165 16.9824302, 99.0556231 16.9782398, 99.0564291 16.9746522, 99.0575033 16.9696651, 99.0589752 16.9627268, 99.0597671 16.9591363, 99.0605879 16.9553213, 99.0614381 16.9515241, 99.0622737 16.9475101, 99.0639742 16.9396203, 99.0648405 16.9355829, 99.0656559 16.9318264, 99.0665746 16.9276272, 99.0674959 16.9234523, 99.0682925 16.9198572, 99.0692407 16.9156334, 99.0701325 16.911521, 99.0710968 16.9072059, 99.0719953 16.9031088, 99.0729153 16.8988961, 99.073842 16.8947128, 99.0746802 16.8909209, 99.0773208 16.8878115, 99.0796718 16.8849999, 99.0823575 16.8817519, 99.0849906 16.8786411, 99.0875548 16.8756015, 99.0903497 16.8722461, 99.09263 16.8695206, 99.0954499 16.8661526, 99.0980516 16.8630467, 99.1003562 16.8602932, 99.1026905 16.8575041, 99.1051179 16.8546079, 99.1076982 16.851521, 99.110483 16.8482172, 99.1120803 16.8463125, 99.1158661 16.8417616, 99.1184016 16.8387137, 99.121069 16.8355483, 99.1236936 16.8323546, 99.1263561 16.8291923, 99.1290164 16.8260325, 99.1317046 16.8228374, 99.1342172 16.8198258, 99.1369467 16.816577, 99.13722437908172 16.816246495579403, 99.14191746876816 16.810383980432608)"
TH31-230,way/262815047-230,230.0,1027.7989492113718,73525.57,Al/St 240/40 2-bundle 220.0,"LINESTRING (98.5988379773891 14.79434026303027, 98.60423753132945 14.792662954866813, 98.6065939 14.792891, 98.6092875 14.7927004, 98.6134523 14.7888558, 98.6157959 14.7867603, 98.6177687 14.7850007, 98.6217712 14.7814205, 98.6233383 14.7800103, 98.6245787 14.7789105, 98.6267554 14.7769805, 98.6285874 14.7753414, 98.6311945 14.7729955, 98.6331337 14.7711541, 98.6350247 14.7693535, 98.6358441 14.7668766, 98.6377525 14.7611148, 98.6395469 14.7553568, 98.6407425 14.7516645, 98.6417765 14.7484183, 98.6425074 14.7462291, 98.6434837 14.7431735, 98.6449924 14.7421087, 98.6469934 14.7407041, 98.6506814 14.7381141, 98.6530659 14.7364429, 98.6563207 14.7337964, 98.659821 14.7316485, 98.6631175 14.7293878, 98.6657849 14.7275733, 98.6691135 14.7253028, 98.6719124 14.7226256, 98.675239 14.7194147, 98.6778166 14.7169159, 98.6804757 14.7143583, 98.6833728 14.7115717, 98.6860805 14.708991, 98.6888398 14.7063053, 98.6918687 14.7033931, 98.6946683 14.7006547, 98.6975993 14.6978417, 98.7005732 14.6949768, 98.703419 14.6922545, 98.7060435 14.6897099, 98.708656 14.6872023, 98.7111209 14.6848296, 98.7135949 14.6824415, 98.7164103 14.679724, 98.7188517 14.6773713, 98.7209222 14.6753894, 98.7240767 14.67237, 98.7289174 14.6676909, 98.7313971 14.665294, 98.7338329 14.6629106, 98.7360179 14.6608181, 98.7382718 14.6578373, 98.7409066 14.6543704, 98.7434262 14.6510217, 98.7457426 14.6479705, 98.7483761 14.6444294, 98.7505461 14.6416035, 98.7530628 14.638277, 98.7557601 14.6347005, 98.7577182 14.6321038, 98.7599934 14.6290868, 98.7619882 14.6264645, 98.7639948 14.6238265, 98.7657244 14.6215528, 98.7676853 14.6189748, 98.7696043 14.6164408, 98.7724707 14.6126231, 98.7751763 14.6090474, 98.7769819 14.6066695, 98.7796983 14.603092, 98.7823211 14.5996691, 98.7842958 14.5970394, 98.7861823 14.5945699, 98.7890674 14.5907208, 98.7917239 14.587231, 98.7932501 14.585287, 98.7958936 14.5818634, 98.7994795 14.5768459, 98.8016832 14.5739344, 98.8040813 14.5707907, 98.80658 14.567476, 98.8089788 14.5643344, 98.8104111 14.5609957, 98.8117807 14.5577482, 98.8133297 14.5544237, 98.8147613 14.5510346, 98.8162328 14.5475918, 98.8175601 14.5444004, 98.8189571 14.5411342, 98.820373 14.5375551, 98.8216968 14.534463, 98.8231378 14.5310649, 98.8244716 14.5278774, 98.826098 14.5241109, 98.8275703 14.5205091, 98.830292 14.5190712, 98.8336402 14.5172703, 98.8368016 14.5155536, 98.8403366 14.513634, 98.8444483 14.5114012, 98.8482263 14.5093147, 98.8512516 14.5077638, 98.8547517 14.5059512, 98.8581598 14.5041573, 98.8615631 14.5023389, 98.8648856 14.5005878, 98.8678617 14.4990235, 98.8710857 14.4972809, 98.8737754 14.4986929, 98.8802161 14.5019597, 98.8837727 14.5037917, 98.8850213 14.5043552, 98.888761 14.503508, 98.8920768 14.5027699, 98.8959419 14.5018993, 98.9001195 14.5009502, 98.9036948 14.5001271, 98.9068397 14.4993922, 98.9100269 14.4986784, 98.911655 14.4964386, 98.9135915 14.4936795, 98.915406 14.4912242, 98.9174941 14.4883676, 98.9199041 14.4850396, 98.9229229 14.4823933, 98.925406 14.4802138, 98.9282538 14.4777706, 98.9316649 14.4747951, 98.9345081 14.4723012, 98.9375866 14.469634, 98.9404854 14.467107, 98.9429369 14.4649344, 98.945723 14.4625171, 98.9499871 14.4614321, 98.9519619 14.4609133, 98.9555359 14.4599939, 98.9586647 14.461212, 98.9616031 14.4623002, 98.9646916 14.4634547, 98.9680633 14.464689, 98.9726216 14.4663577, 98.9759907 14.467591, 98.9798651 14.4690093, 98.983347 14.4703535, 98.9872234 14.471792, 98.9923439 14.4713765, 98.9971382 14.4710658, 99.0006904 14.4706751, 99.0042299 14.4703958, 99.0083666 14.4700608, 99.0117799 14.4697617, 99.0164553 14.4693583, 99.018327 14.4673631, 99.0217098 14.4633193, 99.0233455 14.4614506, 99.0251392 14.459168, 99.0259175 14.4548937, 99.0265557 14.4519637, 99.0271101 14.4492771, 99.0277355 14.4457873, 99.0287008 14.4406815, 99.0295549 14.4365673, 99.0301243 14.4332794, 99.0308397 14.429661, 99.0382574 14.4264583, 99.0418953 14.4248977, 99.0457937 14.4231657, 99.0490542 14.4217727, 99.0528011 14.420134, 99.0563874 14.4185761, 99.0599552 14.4170286, 99.0634264 14.4155494, 99.0665907 14.4141446, 99.0700367 14.4129667, 99.076727 14.4113432, 99.0827189 14.4098804, 99.0934546 14.4051311, 99.106477 14.3993878, 99.1136472 14.3962189, 99.1148895 14.3956641, 99.117067 14.3946917, 99.1193839 14.3927259, 99.1206419 14.3916585, 99.1214126 14.3910392, 99.1236098 14.3892735, 99.1270598 14.3899745, 99.1298929 14.3914895, 99.1318124 14.3938841, 99.1348706 14.3967687, 99.1367643 14.3985036, 99.1391591 14.402574, 99.1389933 14.4057951, 99.13756398861295 14.407279786680975, 99.13226424317118 14.407507179353884)"
way/262815047-230,way/199773788-230,230.0,1027.7989492113718,95352.54,Al/St 240/40 2-bundle 220.0,"LINESTRING (99.13226424317118 14.407507179353884, 99.1344735029651 14.411111331925657, 99.1348072 14.411472, 99.1357261 14.4153895, 99.1382743 14.4175108, 99.1423231 14.4207572, 99.1452667 14.423158, 99.1481055 14.4227649, 99.1510968 14.4223282, 99.1543165 14.4218879, 99.1575509 14.4214252, 99.1597653 14.4189582, 99.1616493 14.4168284, 99.1640881 14.4141054, 99.1663999 14.4115287, 99.1686423 14.4089921, 99.1709623 14.4064251, 99.1733424 14.4038442, 99.1742716 14.3995402, 99.1752714 14.3946493, 99.1757864 14.3922037, 99.1764631 14.3890147, 99.1772609 14.3850529, 99.1780587 14.3812377, 99.1788667 14.3773246, 99.1809976 14.3744875, 99.1835526 14.3709852, 99.1859125 14.3675655, 99.1859554 14.3657125, 99.1860331 14.3623541, 99.1860777 14.3582265, 99.1865181 14.3554304, 99.1873568 14.3495698, 99.1903745 14.3469705, 99.1941766 14.3435866, 99.1960373 14.3419885, 99.1998142 14.3399365, 99.2044923 14.3348213, 99.2056659 14.3338557, 99.2075909 14.3322715, 99.2089721 14.3310824, 99.2096626 14.3289676, 99.210618 14.3257712, 99.211742 14.3223797, 99.2128293 14.3189831, 99.2142566 14.3155493, 99.2154962 14.3125864, 99.2167902 14.3094765, 99.2182686 14.305829, 99.2197799 14.3022173, 99.220915 14.2983259, 99.2225746 14.2952199, 99.2241649 14.2923087, 99.2257821 14.2893309, 99.2274333 14.2863292, 99.2290561 14.2833486, 99.2306723 14.2803431, 99.2323017 14.2773503, 99.234234 14.2738393, 99.2358749 14.2708148, 99.2378013 14.2672566, 99.2396946 14.2638105, 99.2416144 14.2602683, 99.2436224 14.2569003, 99.2450916 14.2538551, 99.2465222 14.2512813, 99.2480257 14.2484715, 99.2497043 14.2455136, 99.2516968 14.241742, 99.253481 14.238413, 99.2556036 14.2346327, 99.2577028 14.2308355, 99.2616875 14.230329, 99.2657882 14.2297641, 99.2693831 14.2292249, 99.2731611 14.2287629, 99.2769228 14.2282388, 99.2805867 14.2277147, 99.2844929 14.2277817, 99.2882784 14.2278622, 99.2902476 14.2278845, 99.2935637 14.2269435, 99.2967943 14.2260267, 99.3003787 14.2250831, 99.3039347 14.2240648, 99.3075192 14.2230827, 99.3111062 14.2220843, 99.3138889 14.219999, 99.3167033 14.2178974, 99.31836 14.2166602, 99.3210698 14.2146114, 99.3243425 14.212137, 99.3284189 14.2112332, 99.3324567 14.2102686, 99.3350565 14.2077539, 99.3377253 14.2052447, 99.3403444 14.2027264, 99.3455542 14.1977169, 99.3480984 14.1952705, 99.3508127 14.1926606, 99.3534313 14.1901427, 99.3567271 14.1876373, 99.3596019 14.1854659, 99.3624608 14.1832785, 99.3655114 14.1809587, 99.3685609 14.1786396, 99.3716134 14.1763517, 99.3755775 14.1762061, 99.3794485 14.1759988, 99.3833858 14.1758511, 99.3873281 14.1756771, 99.3912605 14.1755151, 99.3951782 14.1753578, 99.3991425 14.1751934, 99.4031462 14.1750099, 99.4070934 14.1748669, 99.4103254 14.1731702, 99.4136704 14.1714331, 99.4170129 14.1697197, 99.4204219 14.1679396, 99.4240028 14.1660737, 99.427397 14.1643341, 99.4308354 14.1626135, 99.434178 14.1608358, 99.437582 14.159108, 99.44075 14.1574041, 99.4439918 14.1557454, 99.4472508 14.1540987, 99.4505344 14.1523781, 99.4536607 14.1507575, 99.4569467 14.1491083, 99.4601369 14.147421, 99.463332 14.1457933, 99.4665492 14.1441417, 99.4696632 14.142552, 99.4729934 14.1408337, 99.4761934 14.1391797, 99.4793787 14.1375447, 99.4826033 14.1359002, 99.4856558 14.1343344, 99.4888952 14.132697, 99.4920878 14.1310525, 99.495305 14.1294246, 99.4985321 14.1277729, 99.5017493 14.1261212, 99.5049423 14.1244982, 99.5081294 14.1228349, 99.5113643 14.12118, 99.5145602 14.119542, 99.517743 14.1178955, 99.5209475 14.116249, 99.5242041 14.1146109, 99.5273956 14.1129348, 99.5306262 14.1113304, 99.5338263 14.1096796, 99.5370656 14.1080289, 99.540218 14.1063781, 99.5429883 14.1038977, 99.5457681 14.1014281, 99.5484596 14.098948, 99.5512119 14.0964846, 99.5535437 14.094408, 99.5558365 14.0923313, 99.5582377 14.0901327, 99.5610549 14.0875768, 99.5637205 14.0851974, 99.5672659 14.0848527, 99.5712014 14.0844785, 99.5748811 14.084096, 99.5785435 14.0837386, 99.5822406 14.083335, 99.5858467 14.0829735, 99.5896045 14.0825783, 99.5932973 14.082242, 99.597029 14.0818384, 99.6007391 14.0814811, 99.6081767 14.0807412, 99.6118694 14.0803586, 99.6155665 14.0799845, 99.619307 14.0796061, 99.6229911 14.0792277, 99.6266925 14.0788536, 99.6294664 14.0767221, 99.632262 14.0746117, 99.6350966 14.0724633, 99.6379225 14.0703276, 99.643323 14.0661402, 99.6464653 14.0637143, 99.6493215 14.0615113, 99.6521691 14.0593166, 99.6550557 14.0570462, 99.6579076 14.0548136, 99.6608202 14.0525642, 99.6635638 14.0504283, 99.6663291 14.0482924, 99.669246 14.0460387, 99.6721369 14.0437598, 99.6750582 14.0414724, 99.6779275 14.0392902, 99.6808271 14.0370364, 99.6839867 14.0360861, 99.687025 14.0352199, 99.6893612 14.0326886, 99.6917103 14.030153, 99.6940681 14.0276216, 99.6963609 14.0251239, 99.6992259 14.0233031, 99.7021255 14.021457, 99.7051854 14.0195143, 99.7083061 14.0175295, 99.7112967 14.0156539, 99.714205 14.0138037, 99.7171609 14.0119071, 99.7202252 14.0100021, 99.7233502 14.0080004, 99.7264232 14.0060869, 99.7295307 14.0041377, 99.7326515 14.0021801, 99.7357721 14.0002203, 99.7389307 13.998229, 99.7420746 13.9962469, 99.7451848 13.9943488, 99.7483285 13.9923236, 99.750449 13.9909577, 99.7546168 13.9884375, 99.7576351 13.9865017, 99.7584991 13.983774, 99.7594161 13.9808798, 99.7603369 13.9780823, 99.7613223 13.9749345, 99.7623738 13.9717278, 99.7640402 13.9689016, 99.7657139 13.9660905, 99.7674144 13.9632689, 99.7690935 13.9604629, 99.7707726 13.9576569, 99.7735943 13.954705, 99.7760512 13.9521176, 99.7787119 13.9493479, 99.7813619 13.9465834, 99.7839637 13.9438917, 99.7865386 13.9411323, 99.7891315 13.9384453, 99.7913612 13.9361031, 99.7940434 13.9332708, 99.7967275 13.9304584, 99.7993239 13.9277301, 99.8019667 13.924987, 99.8044504 13.922394, 99.8068823 13.9198418, 99.8094948 13.9171655, 99.8120306 13.9144482, 99.8146377 13.91172, 99.8173743 13.9088721, 99.8200568 13.9055921, 99.8231852 13.902603, 99.8256263 13.9002707, 99.8278546 13.8979265, 99.8285215 13.8972249, 99.8295028 13.8961925, 99.8306029 13.8950351, 99.8357953 13.8895724, 99.8382998 13.8869406, 99.8408439 13.8842932, 99.8434362 13.8815559, 99.8459341 13.8789546, 99.8483826 13.8763523, 99.8508938 13.8737288, 99.8534587 13.8710428, 99.8559424 13.8684375, 99.8588553 13.8653791, 99.8614094 13.862695, 99.8638529 13.8601345, 99.8645567057158 13.85938541084168, 99.86891696432978 13.852969440922054)"
way/334185872-230,way/199773788-230,230.0,1027.7989492113718,43263.85,Al/St 240/40 2-bundle 220.0,"LINESTRING (99.49860400402946 14.126530145785088, 99.50529581019298 14.123866791805519, 99.5077256 14.1225949, 99.51103 14.1209189, 99.514291 14.1192388, 99.5175302 14.1175712, 99.5208042 14.115891, 99.5241433 14.1142192, 99.5273869 14.1125516, 99.5305046 14.1109809, 99.5335614 14.1093975, 99.5370656 14.1075993, 99.5400052 14.1060917, 99.5425454 14.1037882, 99.5454474 14.101218, 99.5483773 14.0985192, 99.5519314 14.0953202, 99.5547573 14.0927727, 99.5577176 14.0901075, 99.5609986 14.0871564, 99.5635861 14.0848022, 99.5670622 14.0844407, 99.5705165 14.0841002, 99.5741703 14.0837386, 99.5778717 14.0833813, 99.5815818 14.0830071, 99.5851446 14.082633, 99.588716 14.0823093, 99.5923047 14.0819351, 99.5960755 14.0815694, 99.599842 14.0811826, 99.6075309 14.0803965, 99.611358 14.0800433, 99.6150551 14.0796397, 99.619177 14.0792235, 99.6232858 14.0788326, 99.6265191 14.078513, 99.6292194 14.076432, 99.632223 14.0741576, 99.6350056 14.0719546, 99.6378965 14.0697474, 99.6436524 14.0653372, 99.6464696 14.0631299, 99.6493649 14.0609142, 99.6523512 14.0586144, 99.6552551 14.0563609, 99.6581114 14.0541619, 99.6610716 14.0518452, 99.6640059 14.0496126, 99.6669055 14.04738, 99.6697141 14.0451683, 99.672631 14.0429146, 99.6755566 14.0406441, 99.6784866 14.0384282, 99.6812388 14.0362921, 99.683952 14.0342191, 99.6866479 14.032062, 99.6894002 14.0299217, 99.6925555 14.0274871, 99.695104 14.0254729, 99.7007862 14.0210912, 99.7037205 14.0187952, 99.7095067 14.0142578, 99.7123889 14.0120585, 99.7152712 14.0097834, 99.7181751 14.0075083, 99.7210444 14.0052669, 99.72397 14.0029917, 99.726845 14.000736, 99.7296998 13.9984961, 99.7326698 13.9961541, 99.7355137 13.9939115, 99.7385579 13.9915868, 99.7415948 13.989217, 99.7446916 13.9868004, 99.7479872 13.9842286, 99.7513499 13.9816236, 99.7537445 13.9797583, 99.755502 13.9766367, 99.7572132 13.9736227, 99.7590674 13.9703748, 99.760607 13.9675845, 99.7622718 13.964549, 99.7641049 13.9615038, 99.7658698 13.9583076, 99.767629 13.9551579, 99.7702093 13.9525549, 99.772811 13.9499882, 99.7754128 13.9473643, 99.7780145 13.9447455, 99.7807504 13.9420278, 99.7833843 13.9394819, 99.7858734 13.9369206, 99.7883947 13.9344787, 99.7907926 13.9320368, 99.7933318 13.9295056, 99.795837 13.9270481, 99.7984047 13.9244663, 99.8010172 13.9219202, 99.8035867 13.919348, 99.8060758 13.9168851, 99.8087427 13.9142095, 99.8113439 13.911694, 99.8138974 13.9090748, 99.8163811 13.9066311, 99.8189131 13.9041151, 99.8213209 13.9017153, 99.8236827 13.8993691, 99.8263095 13.8967484, 99.8280477 13.8950143, 99.8288815 13.8941861, 99.8315688 13.8915169, 99.8341739 13.8889293, 99.8367904 13.8863304, 99.8393673 13.8837578, 99.8419798 13.881177, 99.8445661 13.878608, 99.8471742 13.8760242, 99.8499175 13.8732979, 99.8523355 13.8708892, 99.8551377 13.8681153, 99.8578212 13.8654521, 99.860482 13.8628115, 99.8632903 13.8600017, 99.86427703339375 13.85902894258535, 99.86891696432978 13.852969440922054)"
way/403692059-230,way/155851424-230,230.0,1027.7989492113718,7117.04,Al/St 240/40 2-bundle 220.0,"LINESTRING (100.99454856234456 13.57049933165331, 100.99937305193774 13.56498255320876, 101.0010785 13.5626373, 101.003345 13.5594445, 101.005488 13.5564772, 101.0077396 13.553363, 101.0101536 13.5500514, 101.0121599 13.5472665, 101.0141319 13.5444524, 101.0162315 13.5415767, 101.0183451 13.538677, 101.0204029 13.5358211, 101.0223663 13.5330882, 101.0243801 13.5303271, 101.0243616 13.5269179, 101.0243349 13.5232985, 101.0243616 13.5196786, 101.0243669 13.5161057, 101.02437161858678 13.51452320947019, 101.02603356835249 13.503831497670792)"
way/155851424-230,TH48-230,230.0,1027.7989492113718,19870.89,Al/St 240/40 2-bundle 220.0,"LINESTRING (100.89447640000002 13.681390775237046, 100.8973000128674 13.676381143050147, 100.897976 13.6751543, 100.899806 13.6719943, 100.9012436 13.6695184, 100.9038601 13.6668542, 100.9064723 13.6642603, 100.9091139 13.6615575, 100.9117092 13.6589492, 100.9143938 13.656251, 100.917017 13.6535534, 100.9196959 13.6508922, 100.922353 13.6482721, 100.9249607 13.6455724, 100.9276228 13.6429072, 100.9302822 13.6402251, 100.9327626 13.637683, 100.9354287 13.6350139, 100.9379205 13.6324907, 100.9404197 13.6299687, 100.9429577 13.6274657, 100.9454897 13.62493, 100.9479493 13.6224529, 100.9504252 13.619941, 100.9529194 13.6174251, 100.9553542 13.6150073, 100.9578527 13.6124943, 100.9604598 13.6098952, 100.9629529 13.6073385, 100.9654326 13.6048247, 100.9679519 13.6023279, 100.9705093 13.5997522, 100.9730628 13.5971758, 100.9757618 13.594499, 100.9783559 13.5918728, 100.9809465 13.5892901, 100.9834664 13.5867149, 100.9858489 13.5843026, 100.9881268 13.5812085, 100.990359 13.5781033, 100.9925745 13.5749928, 100.9948075 13.5718954, 100.9969915 13.5688604, 100.9992149 13.5658254, 101.0014761 13.5626706, 101.0037842 13.5594849, 101.0059574 13.5564381, 101.0081473 13.5534516, 101.0106096 13.5500201, 101.012732 13.547133, 101.0146093 13.5444681, 101.0166768 13.5415663, 101.0188601 13.5386666, 101.0208535 13.535795, 101.0228297 13.5330757, 101.0247051 13.5304752, 101.024721 13.5267669, 101.0247077 13.5231603, 101.0247156 13.5195693, 101.0247424 13.5159545, 101.02475170120834 13.514417940380806, 101.02603356835249 13.503831497670792)"
way/404563246-230,TH30-230,230.0,1027.7989492113718,74260.82,Al/St 240/40 2-bundle 220.0,"LINESTRING (101.08308500559933 14.613447645004326, 101.08849246194002 14.612977083947541, 101.0920437 14.6124502, 101.0953019 14.6119902, 101.0955453 14.6119558, 101.0957223 14.6119496, 101.0987572 14.6118435, 101.1020879 14.6117488, 101.1087652 14.6122205, 101.1140519 14.6128681, 101.1171465 14.613212, 101.1216633 14.612622, 101.122368 14.61253, 101.1242416 14.6128168, 101.1281529 14.6126124, 101.1323358 14.6135234, 101.1355022 14.6142268, 101.1386155 14.6149113, 101.1431589 14.6159073, 101.1477944 14.616987, 101.1512658 14.6168949, 101.1543678 14.6174139, 101.1585688 14.6170305, 101.1625318 14.6167262, 101.1666745 14.6163771, 101.1702592 14.6160708, 101.1741364 14.6157373, 101.1769507 14.6168238, 101.18005 14.6180553, 101.1842438 14.6197059, 101.1872611 14.6208934, 101.1898668 14.621914, 101.1939656 14.6235241, 101.198012 14.6227089, 101.1983711 14.6226365, 101.2031575 14.6216506, 101.2071621 14.6207902, 101.2108414 14.6200596, 101.2146957 14.6192226, 101.2224802 14.6175499, 101.2267677 14.618577, 101.2302807 14.6194075, 101.2337582 14.6202023, 101.2371431 14.6218608, 101.2411577 14.6217854, 101.2451394 14.6216884, 101.2490938 14.6216098, 101.2530045 14.6217518, 101.2568835 14.6219633, 101.260876 14.6221521, 101.2648839 14.6223176, 101.2686658 14.6224927, 101.2724665 14.6226556, 101.2763745 14.6227925, 101.2802979 14.6229865, 101.2841817 14.6231429, 101.287802 14.6233232, 101.2912822 14.6234738, 101.2947999 14.6236178, 101.2985543 14.6237794, 101.3023443 14.6225524, 101.306145 14.6213261, 101.3100845 14.6200174, 101.3130778 14.6190558, 101.3161462 14.6212457, 101.3190484 14.623331, 101.3224991 14.6250102, 101.3259383 14.6266297, 101.3287972 14.6260782, 101.3316484 14.6255176, 101.3344949 14.62492, 101.3384565 14.6265661, 101.3422378 14.6280979, 101.3456422 14.6294864, 101.3493738 14.6310215, 101.3529831 14.6324922, 101.355835 14.6336521, 101.3595817 14.6351949, 101.3637722 14.6369047, 101.3675779 14.6384444, 101.3712211 14.6399502, 101.3747756 14.6413795, 101.3784825 14.6428788, 101.3821209 14.6443839, 101.3858257 14.64588, 101.389566 14.6468356, 101.3935095 14.6478574, 101.3970192 14.6487773, 101.4005222 14.6496525, 101.4041928 14.6506081, 101.4076615 14.6514755, 101.411418 14.6524272, 101.4151999 14.6533854, 101.4180182 14.6541931, 101.420744 14.6547049, 101.4240567 14.6539435, 101.4273604 14.653593, 101.4302152 14.6532865, 101.4322671 14.6556109, 101.4346985 14.6583758, 101.4383252 14.6593106, 101.4422356 14.6602834, 101.4459219 14.6612308, 101.4498594 14.6622519, 101.4537359 14.6632308, 101.4575145 14.6641926, 101.4604746 14.664946, 101.4639242 14.665838, 101.4673011 14.6666943, 101.4700906 14.6692482, 101.4731366 14.672033, 101.4760458 14.674715, 101.4786422 14.6771034, 101.4818327 14.6800886, 101.4845927 14.682584, 101.4874794 14.6852726, 101.4903956 14.6879139, 101.4931043 14.6904358, 101.4962103 14.6932586, 101.4989582 14.6958087, 101.502136 14.698706, 101.5049161 14.7012674, 101.5078015 14.7039389, 101.5106788 14.7065722, 101.5136152 14.7092599, 101.5163564 14.7118095, 101.5192176 14.7144316, 101.5220564 14.7170333, 101.5249314 14.719668, 101.5277927 14.7222726, 101.530615 14.7248836, 101.5334528 14.7274764, 101.53631 14.7300652, 101.5392873 14.7327942, 101.5418608 14.735156, 101.544816 14.7378784, 101.5476779 14.7405119, 101.5492007 14.7419256, 101.5469805 14.7442089, 101.5445612 14.7467029, 101.5421036 14.7492196, 101.5396467 14.7517615, 101.5372065 14.7543054, 101.5384665 14.7575488, 101.5396913 14.7607903, 101.5406481 14.7633182, 101.5417184 14.7661102, 101.5395726 14.7682792, 101.53774 14.7701472, 101.5378654 14.7728492, 101.5380163 14.7756937, 101.5381528 14.7787494, 101.538312 14.7817342, 101.5384803 14.7850291, 101.5386315 14.7881554, 101.539635 14.7910694, 101.5404876 14.7935392, 101.5413429 14.7960051, 101.5424239 14.7991734, 101.5437194 14.8028681, 101.54397915390676 14.80362026042239, 101.54534439999789 14.807252674324305)"
TH19-230,way/254460966-230,230.0,1027.7989492113718,134003.11,Al/St 240/40 2-bundle 220.0,"LINESTRING (99.1672796063366 16.821252043063836, 99.17069215544126 16.8161061923357, 99.1724563 16.8133179, 99.174195 16.8106201, 99.1758452 16.8080107, 99.178054 16.8045598, 99.1807094 16.8022958, 99.183971 16.7995188, 99.1872567 16.7967109, 99.1904335 16.7939955, 99.1936768 16.7912221, 99.1968342 16.7885191, 99.2001001 16.785739, 99.2032426 16.783054, 99.2064148 16.7803421, 99.2096981 16.777555, 99.2122763 16.7753478, 99.2151872 16.7728516, 99.2171586 16.7693564, 99.2190261 16.766037, 99.2212731 16.7620601, 99.2226263 16.7596537, 99.2248599 16.7556869, 99.2267945 16.7522274, 99.228662 16.7489145, 99.230962 16.7448635, 99.2316322 16.7436666, 99.2335774 16.7401921, 99.2366257 16.7386046, 99.2407104 16.7364696, 99.2445937 16.7344399, 99.2487087 16.7322894, 99.2505777 16.7314667, 99.2527057 16.7302119, 99.2559776 16.7285005, 99.2597441 16.726521, 99.2640643 16.7242977, 99.2651551 16.7203971, 99.2663675 16.7162946, 99.2675637 16.7121716, 99.2686339 16.7085381, 99.2697283 16.7048285, 99.2708628 16.7009557, 99.2717889 16.6978143, 99.2727934 16.6943999, 99.2737891 16.6910324, 99.2748258 16.6874894, 99.2760744 16.6831005, 99.2797865 16.6804284, 99.2834551 16.6777453, 99.2866838 16.6753866, 99.2899763 16.6729521, 99.2928683 16.6708695, 99.2966067 16.6680855, 99.3003417 16.665399, 99.3036814 16.6629614, 99.3068646 16.6606193, 99.3098178 16.6584756, 99.3128234 16.6562762, 99.3162852 16.6537429, 99.3191603 16.6516368, 99.3218984 16.6494881, 99.3252498 16.6468477, 99.328502 16.6442952, 99.331747 16.6417452, 99.3350399 16.6391574, 99.33834 16.636566, 99.3415999 16.6340069, 99.3449178 16.6313868, 99.348235 16.6287744, 99.3514396 16.6262619, 99.3549043 16.6235183, 99.3582259 16.6209112, 99.3617664 16.6181319, 99.364916 16.6156571, 99.3682051 16.6130721, 99.3717476 16.6102718, 99.3750501 16.6076868, 99.3784585 16.6050187, 99.3818617 16.6023457, 99.3850526 16.5998395, 99.3884759 16.5971282, 99.391783 16.594532, 99.3950553 16.5919596, 99.3986897 16.5890947, 99.4020874 16.5864265, 99.4054637 16.5837691, 99.408457 16.5814195, 99.4118198 16.5787582, 99.4149808 16.576271, 99.4179171 16.573958, 99.4213343 16.5712706, 99.4246881 16.5686358, 99.4281387 16.5659222, 99.4312474 16.5634593, 99.4343232 16.5610529, 99.4376492 16.5584312, 99.4409375 16.5558499, 99.4441448 16.5533265, 99.4474198 16.5507348, 99.4506398 16.5482087, 99.4539932 16.5455592, 99.4572346 16.5430092, 99.4605204 16.5404258, 99.4640303 16.5376416, 99.4672604 16.5351005, 99.4705846 16.5324727, 99.4718634 16.5285828, 99.4731314 16.5247759, 99.4743927 16.5209309, 99.4755729 16.5173244, 99.4768442 16.5134561, 99.4780955 16.5096817, 99.4793224 16.5059191, 99.4805869 16.5020966, 99.4818697 16.4981103, 99.4831546 16.4941895, 99.4842112 16.4910661, 99.484717 16.4894927, 99.4853055 16.4876879, 99.4865971 16.4837553, 99.4878326 16.4800292, 99.4891274 16.4760792, 99.4896803 16.474382, 99.4903545 16.4723123, 99.4916407 16.4684001, 99.492965 16.4644158, 99.4942598 16.4604571, 99.4949693 16.458225, 99.4955771 16.456414, 99.4967265 16.4527928, 99.4979267 16.4492686, 99.499229 16.4453675, 99.5005057 16.4414676, 99.501773 16.4375322, 99.5030726 16.4336186, 99.5043558 16.4296483, 99.5056431 16.4257828, 99.5069386 16.4218536, 99.5082405 16.4179481, 99.5095149 16.4140109, 99.5107886 16.4101281, 99.5120586 16.4062499, 99.5132911 16.4025068, 99.5168289 16.4000399, 99.5201187 16.3977235, 99.5230523 16.3956775, 99.5265597 16.3932147, 99.5297991 16.3909593, 99.533112 16.3886309, 99.536653 16.3861424, 99.540136 16.3836947, 99.54367 16.3812268, 99.5471614 16.3787887, 99.550775 16.3762564, 99.5542404 16.3738408, 99.5575905 16.3714622, 99.5611263 16.3689968, 99.5645535 16.3665783, 99.5683481 16.3639269, 99.5717914 16.3615226, 99.5752481 16.3590834, 99.5785942 16.3567453, 99.5820965 16.3542971, 99.5856363 16.3518193, 99.5891909 16.349333, 99.5923231 16.3471505, 99.5961664 16.3443521, 99.599502 16.3421149, 99.6030144 16.3396111, 99.6065683 16.3371723, 99.6100578 16.3346763, 99.6135983 16.3322149, 99.6171147 16.3297413, 99.6206365 16.3272857, 99.6241312 16.3248107, 99.627669 16.3223467, 99.631172 16.3198723, 99.6346951 16.3174082, 99.6382249 16.3149248, 99.6417375 16.3124619, 99.6451969 16.3100176, 99.6486885 16.3075875, 99.6521029 16.3051573, 99.6536694 16.3014187, 99.6552579 16.2976003, 99.6568934 16.2938049, 99.6585617 16.2900248, 99.6602166 16.2862293, 99.6618689 16.2824411, 99.6635184 16.2786467, 99.6651619 16.2748632, 99.6668068 16.2710931, 99.6684477 16.267341, 99.6700818 16.2636377, 99.6715751 16.2601725, 99.6732113 16.2564334, 99.6748447 16.2526446, 99.6764936 16.248894, 99.678168 16.2450868, 99.6798236 16.2412685, 99.6813189 16.2378512, 99.6828022 16.2344229, 99.6843981 16.2307705, 99.6861061 16.2268358, 99.6877274 16.2231166, 99.6893769 16.2193371, 99.6910258 16.2155795, 99.6926452 16.2118153, 99.6942626 16.2081072, 99.6958954 16.2043577, 99.6975262 16.2006429, 99.6991499 16.1969121, 99.7007844 16.1931565, 99.7024292 16.1893907, 99.7040754 16.1856157, 99.7056995 16.1818961, 99.707276 16.1782105, 99.7089454 16.1744307, 99.7105557 16.1707239, 99.7122052 16.166957, 99.7138406 16.163176, 99.7154385 16.1594686, 99.7170465 16.1558157, 99.7185846 16.15225, 99.7201926 16.1485574, 99.7215919 16.1453889, 99.7231742 16.1417028, 99.7247848 16.138032, 99.7263831 16.134343, 99.7280216 16.1306221, 99.72959 16.1269849, 99.7312047 16.1232931, 99.7327966 16.1196464, 99.7343955 16.1159729, 99.7360089 16.1122606, 99.7384665 16.1090428, 99.7409844 16.1057643, 99.7434969 16.1024751, 99.7460088 16.0991965, 99.7485083 16.0958979, 99.7510474 16.0926057, 99.7535341 16.0893092, 99.7560785 16.0860362, 99.7585529 16.0827809, 99.760999 16.0795767, 99.7634512 16.0763963, 99.7658853 16.0731991, 99.7683396 16.0700032, 99.7707683 16.066793, 99.7732299 16.0635998, 99.7756888 16.0604144, 99.7781404 16.0572034, 99.7805872 16.0540201, 99.7830226 16.0507897, 99.7854678 16.0475892, 99.7879126 16.044407, 99.7903702 16.0412093, 99.792807 16.0379999, 99.7952465 16.0348086, 99.7977235 16.0315546, 99.8002367 16.0282736, 99.8027563 16.0249764, 99.805282 16.0216936, 99.8077938 16.0184018, 99.8103158 16.0151051, 99.8128337 16.0118321, 99.8152752 16.0086249, 99.8177978 16.0053074, 99.8203124 16.0020401, 99.8228249 15.9987327, 99.8253388 15.995436, 99.8278554 15.992164, 99.8303717 15.9888627, 99.8328889 15.9855722, 99.8354083 15.9822541, 99.8379249 15.9789562, 99.8404193 15.9756891, 99.8429171 15.9723858, 99.8454669 15.9690867, 99.8479962 15.9657937, 99.8504887 15.9625064, 99.8530052 15.9592081, 99.8555312 15.9559169, 99.858025 15.9526236, 99.860556 15.9493313, 99.8630739 15.9460321, 99.8656039 15.9427529, 99.8680826 15.9394714, 99.8706327 15.9361637, 99.8731335 15.9328643, 99.8756605 15.9295733, 99.87811 15.9263292, 99.8805857 15.9230961, 99.8831211 15.9198049, 99.8855974 15.9165111, 99.8881312 15.9132202, 99.8906742 15.9099174, 99.8931341 15.9066324, 99.8956414 15.9033023, 99.8981197 15.9000107, 99.9006603 15.8966719, 99.9032279 15.8932353, 99.9057871 15.8898156, 99.908356 15.8863794, 99.9108692 15.8830437, 99.9133657 15.8797415, 99.9158601 15.8764006, 99.9183445 15.8730951, 99.9208262 15.8697915, 99.9233563 15.8664259, 99.9258648 15.8630589, 99.9283699 15.859757, 99.930849 15.8564519, 99.9333676 15.8530919, 99.9358533 15.8497705, 99.9383421 15.8464474, 99.9408355 15.8431398, 99.9432951 15.8398189, 99.9458781 15.8364309, 99.9483987 15.8331176, 99.9508831 15.8297675, 99.953399 15.8264083, 99.9558944 15.8230907, 99.9583849 15.8197869, 99.9609105 15.8164004, 99.9634078 15.8130797, 99.9658955 15.8097616, 99.9683777 15.8064657, 99.9708791 15.8031444, 99.9733435 15.7998387, 99.9758103 15.7965297, 99.9783115 15.7932099, 99.9807959 15.7899095, 99.9832541 15.7865955, 99.9857747 15.7832827, 99.9882202 15.7799776, 99.9907502 15.7766634, 99.9932467 15.7733343, 99.99567 15.7700755, 99.9981839 15.766765, 100.0006636 15.7634442, 100.0030635 15.7602816, 100.0067361 15.7582468, 100.0105046 15.7561393, 100.0141779 15.7540849, 100.0178224 15.752083, 100.0214192 15.7500701, 100.0250377 15.7480647, 100.0287269 15.7460203, 100.0323079 15.7440291, 100.0360667 15.7419391, 100.0397092 15.7399035, 100.0434535 15.7378253, 100.0472153 15.7357561, 100.0509597 15.7336378, 100.05469 15.731595, 100.0584431 15.7294709, 100.0621874 15.7274203, 100.0659352 15.7253096, 100.0696882 15.7232364, 100.0734286 15.7211509, 100.0771776 15.7190699, 100.0809394 15.7169696, 100.0846664 15.7149079, 100.088398 15.7128171, 100.0900088 15.7119298, 100.0921289 15.7107619, 100.09471346070046 15.709302444524814, 100.10094369220522 15.705527516577842)"
way/403481611-230,way/381823435-230,230.0,1027.7989492113718,28245.4,Al/St 240/40 2-bundle 220.0,"LINESTRING (100.80288522568657 14.583786001266255, 100.80815089326892 14.58475207120113, 100.8107893 14.585406, 100.8147288 14.5863691, 100.8181674 14.5872322, 100.8219459 14.5881614, 100.825746 14.5891076, 100.8297606 14.590103, 100.832418 14.5907611, 100.8360369 14.5916559, 100.8397773 14.59258, 100.8432963 14.5934599, 100.8468583 14.5943463, 100.8506737 14.5952659, 100.8543014 14.5961678, 100.8582684 14.5971464, 100.8619632 14.5980646, 100.865554 14.5989491, 100.8692507 14.5998724, 100.8730581 14.6008101, 100.8768172 14.6017406, 100.880752 14.602714, 100.8843308 14.6036036, 100.887937 14.6044861, 100.8904087 14.6051012, 100.8936568 14.6058604, 100.8961687 14.6060032, 100.8997179 14.6063588, 100.9030224 14.6065956, 100.9067567 14.6068636, 100.9107988 14.6071374, 100.9137251 14.6073892, 100.9174467 14.6076383, 100.9206921 14.6078739, 100.9245592 14.6081523, 100.9283297 14.6084248, 100.9323202 14.6087187, 100.9356463 14.6089337, 100.9393365 14.6091954, 100.942874 14.609494, 100.9465801 14.6098141, 100.9498408 14.610125, 100.9538141 14.6104913, 100.9576538 14.610833, 100.9616016 14.6111501, 100.96526 14.6114825, 100.9688611 14.611815, 100.9727772 14.6121444, 100.9764451 14.6124707, 100.9801861 14.6127785, 100.9839576 14.6131217, 100.9878724 14.613471, 100.9909443 14.6137443, 100.994188 14.6121139, 100.9977421 14.61039, 101.0009499 14.6087705, 101.0037976 14.6073469, 101.006479 14.6060169, 101.0090861 14.6058646, 101.0129844 14.6056208, 101.01502432517852 14.605481651693134, 101.02521800557109 14.603557219702399)"
way/381850842-500,TH84-500,500.0,2234.345541763852,75970.17,Al/St 240/40 4-bundle 380.0,"LINESTRING (98.36566642932922 7.961168494478232, 98.37104711803116 7.965051012584216, 98.3719193 7.9665734, 98.3730326 7.9684978, 98.3752979 7.9703202, 98.3754553 7.9732236, 98.375649 7.9761574, 98.3758215 7.9787705, 98.3759927 7.9813633, 98.3737277 7.9843599, 98.3713537 7.987543, 98.3695718 7.9899946, 98.3671437 7.9931984, 98.3649106 7.9961668, 98.3627534 7.9990789, 98.3603551 8.0022877, 98.3586814 8.0045269, 98.3566936 8.0071759, 98.3566966 8.0103357, 98.3567071 8.0125773, 98.3567086 8.0129149, 98.3567115 8.0135279, 98.3567264 8.0166935, 98.3567383 8.0198591, 98.356783 8.0232078, 98.3568099 8.0262906, 98.3568074 8.0325031, 98.3568095 8.0343186, 98.356813 8.0373956, 98.3568534 8.0405633, 98.3568635 8.0438589, 98.3569001 8.0496581, 98.3566549 8.0526224, 98.3564277 8.0552165, 98.3562427 8.0573293, 98.356094 8.059028, 98.3557857 8.062589, 98.355557 8.0652313, 98.3553186 8.0679853, 98.3550524 8.0710601, 98.3547588 8.0744509, 98.3545222 8.0772527, 98.3542724 8.0802091, 98.3540421 8.0829362, 98.3538153 8.0856204, 98.3535414 8.0887516, 98.3520265 8.0912169, 98.3512366 8.0944373, 98.3504667 8.0975766, 98.3497013 8.1006747, 98.3489569 8.1037477, 98.3482104 8.1068227, 98.3476832 8.1090565, 98.3468545 8.1124112, 98.3462114 8.1150291, 98.3454024 8.1170616, 98.3451364 8.1194518, 98.3446774 8.1213389, 98.3441263 8.1235517, 98.3437025 8.1251551, 98.3423622 8.1266843, 98.3404434 8.1289606, 98.3409328 8.1310874, 98.3414309 8.1332524, 98.3405883 8.1348312, 98.3399664 8.1360317, 98.3388929 8.1380173, 98.337793 8.1400516, 98.3361944 8.1430378, 98.33464 8.1458995, 98.3331588 8.1487092, 98.3318613 8.1511234, 98.3301509 8.1544003, 98.3292391 8.1561299, 98.3290489 8.159715, 98.3289191 8.1624338, 98.3288465 8.1649689, 98.3285531 8.1700109, 98.3284715 8.1717641, 98.3295079 8.173832, 98.3335558 8.1823764, 98.3348113 8.1851196, 98.3355195 8.1866381, 98.3369936 8.1897049, 98.3382257 8.1923842, 98.3394321 8.1949343, 98.3404365 8.1970507, 98.3406707 8.1975526, 98.3420224 8.20041, 98.3435038 8.2024525, 98.3450209 8.2045104, 98.3466428 8.2067424, 98.3485001 8.2093125, 98.3503579 8.2118597, 98.3520798 8.2142249, 98.3539542 8.2168609, 98.354026 8.2169648, 98.3554136 8.2188595, 98.356025 8.2228806, 98.356691 8.2269039, 98.3571649 8.2304609, 98.3576865 8.2341725, 98.3583451 8.238379, 98.358897 8.2422517, 98.3594503 8.2458287, 98.3600037 8.2497462, 98.3605835 8.2535026, 98.3610618 8.2564599, 98.3615074 8.2596308, 98.3619284 8.2624779, 98.3623098 8.2652283, 98.3630102 8.2702787, 98.3635398 8.2738944, 98.3641415 8.278003, 98.3646976 8.2817997, 98.3653004 8.2859153, 98.3665053 8.2887491, 98.367841 8.2918904, 98.3698317 8.2965723, 98.3710249 8.2994141, 98.3722608 8.3023361, 98.373291 8.3047716, 98.3744285 8.3074607, 98.3754397 8.3098514, 98.3764916 8.3123383, 98.3774645 8.314727, 98.3782102 8.3165578, 98.3815329 8.3186724, 98.3845726 8.320607, 98.3877764 8.3226349, 98.3897406 8.3238782, 98.3935048 8.32628, 98.3971674 8.3285792, 98.3996682 8.3301621, 98.4027486 8.3321119, 98.4054387 8.3338229, 98.4082669 8.3356218, 98.4105336 8.3371319, 98.4123158 8.3382549, 98.4185213 8.3421653, 98.4221639 8.3444607, 98.4229741 8.3462296, 98.4242487 8.3489452, 98.4259641 8.3525188, 98.4268133 8.354331, 98.4282748 8.3574308, 98.4294808 8.3600504, 98.4310098 8.3632773, 98.4327733 8.3670088, 98.4341489 8.3698824, 98.435759 8.3734205, 98.4374515 8.3769893, 98.4389232 8.3801476, 98.4400262 8.382512, 98.4414855 8.385638, 98.4429209 8.3887128, 98.4446505 8.3924177, 98.4458368 8.3954413, 98.446803 8.3979041, 98.4479829 8.4009113, 98.4491957 8.4040026, 98.4503435 8.4069279, 98.4521423 8.4114353, 98.4533821 8.4146095, 98.455209 8.419287, 98.4564026 8.4223431, 98.4574973 8.4251458, 98.4587894 8.4284538, 98.4605881 8.430571, 98.4631574 8.4337496, 98.465321 8.4363816, 98.4668675 8.4382629, 98.467933 8.4395591, 98.4696505 8.4416451, 98.4724397 8.4449642, 98.475052 8.4481902, 98.4757906 8.4491024, 98.4775777 8.4512532, 98.4798569 8.4540016, 98.482199 8.4568935, 98.4847747 8.4599594, 98.4873387 8.4630559, 98.4894741 8.4656565, 98.4919531 8.4686563, 98.4939954 8.4711901, 98.4968436 8.4746245, 98.4994715 8.477836, 98.5017182 8.4805613, 98.5038378 8.4831323, 98.5040349 8.486387, 98.5042681 8.4896537, 98.5044816 8.4926433, 98.5046489391273 8.494986367436843, 98.50498590000001 8.499227182477048)"
way/550296523-230,way/382334126-230,230.0,1027.7989492113718,124804.44,Al/St 240/40 2-bundle 220.0,"LINESTRING (102.0895660335386 15.829711402842294, 102.09439872698321 15.835636796622186, 102.0949066 15.8368917, 102.096282 15.8403434, 102.0976706 15.8438283, 102.0990691 15.8472956, 102.1004634 15.8507524, 102.1018027 15.8542104, 102.1031839 15.8576718, 102.1045263 15.8610763, 102.107702 15.8635132, 102.1106645 15.8657501, 102.1138912 15.8681546, 102.1171528 15.8706276, 102.1203467 15.8730356, 102.1235861 15.8754778, 102.1263944 15.8775663, 102.1295904 15.8800022, 102.1321919 15.8819635, 102.1354864 15.8844473, 102.1388344 15.8869684, 102.1419629 15.8893269, 102.1450893 15.8916838, 102.1482881 15.8940953, 102.1516205 15.8966074, 102.1545254 15.8987769, 102.1576609 15.9011359, 102.1609452 15.9034937, 102.1642537 15.9059894, 102.167121 15.9081407, 102.1704852 15.9106614, 102.1732264 15.9127211, 102.1765718 15.9152238, 102.1797475 15.9176072, 102.1829011 15.9199776, 102.1860896 15.9223544, 102.1886082 15.925327, 102.1911469 15.9283216, 102.1937138 15.9313238, 102.1964376 15.9344858, 102.1992713 15.937769, 102.2019173 15.9408369, 102.2043407 15.9436313, 102.2066514 15.9463405, 102.2090949 15.9491581, 102.2116671 15.9521496, 102.2142179 15.9551154, 102.2170262 15.9583828, 102.2191331 15.9608378, 102.2218971 15.9640226, 102.2244345 15.9669211, 102.2271328 15.9700685, 102.2295736 15.9728869, 102.2322866 15.9760277, 102.2348664 15.9790453, 102.2374003 15.9818908, 102.2397646 15.9846775, 102.2424039 15.9877446, 102.2450231 15.9907575, 102.2475953 15.9937381, 102.2501448 15.9967071, 102.252823 15.9997122, 102.2552893 16.0026566, 102.2579259 16.0057195, 102.2603895 16.0086097, 102.262896 16.011572, 102.2654937 16.0145292, 102.2681444 16.0175243, 102.2706811 16.0204691, 102.273142 16.0233178, 102.2758658 16.026401, 102.278426 16.0293786, 102.2809982 16.0323496, 102.283482 16.0352033, 102.2861427 16.0382877, 102.2886935 16.0412625, 102.2912791 16.0442411, 102.2938098 16.0471564, 102.2962211 16.0489286, 102.2992654 16.0511634, 102.3026812 16.0536818, 102.3057711 16.0559256, 102.3089455 16.0582428, 102.3122513 16.0606683, 102.315415 16.0629932, 102.3187782 16.0654439, 102.3219408 16.0677486, 102.3253271 16.0702255, 102.3284437 16.0725169, 102.3315847 16.0748261, 102.334865 16.0772294, 102.3380755 16.0795851, 102.341297 16.0819446, 102.3440462 16.0840128, 102.3474097 16.0864637, 102.3503025 16.0885351, 102.3533922 16.0907906, 102.3567773 16.0932648, 102.3599061 16.09557, 102.362601 16.09753, 102.3659934 16.0999973, 102.3691477 16.1022883, 102.3721739 16.1044929, 102.3754334 16.1069049, 102.3786912 16.1092849, 102.3819432 16.1116605, 102.385304 16.1141163, 102.3884784 16.1164418, 102.3916434 16.1187661, 102.3948379 16.1210929, 102.3981504 16.1235002, 102.4010204 16.1256163, 102.4044053 16.1281041, 102.4075437 16.1303961, 102.4107259 16.1327201, 102.4139526 16.1350493, 102.417288 16.1374957, 102.4204034 16.1397824, 102.4238326 16.1422945, 102.4270298 16.1445875, 102.4303423 16.1470583, 102.4334228 16.1493087, 102.4358824 16.1522638, 102.438232 16.15513, 102.4406433 16.1580631, 102.4432826 16.1612318, 102.4458656 16.1643735, 102.4482501 16.1672292, 102.4508357 16.1703682, 102.4533033 16.1733809, 102.4557911 16.176391, 102.4582736 16.1794258, 102.460725 16.1824226, 102.4632356 16.1853991, 102.4657877 16.1884811, 102.4681494 16.1913545, 102.4707055 16.1944184, 102.4730377 16.1973084, 102.4756072 16.2003555, 102.4778549 16.203163, 102.4804299 16.2062229, 102.482986 16.2093496, 102.4855126 16.2123721, 102.4879119 16.2152708, 102.490413 16.2183292, 102.4928726 16.2213554, 102.4953416 16.2243673, 102.4978589 16.2273959, 102.5003064 16.2303601, 102.5027925 16.2333788, 102.5052379 16.2363479, 102.507661 16.2392898, 102.5099127 16.24195, 102.5124179 16.245026, 102.5149097 16.2481238, 102.5174403 16.2511701, 102.519971 16.2542563, 102.5225741 16.2573913, 102.5249311 16.2602425, 102.5275415 16.2633999, 102.530091 16.2665206, 102.532572 16.2695254, 102.5351255 16.2726178, 102.5376347 16.2756251, 102.5401828 16.2786992, 102.5431533 16.2805582, 102.5466952 16.2827659, 102.5501432 16.2848462, 102.5535133 16.2869286, 102.5566019 16.2888291, 102.5600727 16.2909646, 102.5634845 16.2929972, 102.5668734 16.2950999, 102.5702423 16.2971588, 102.5735387 16.2991887, 102.5767279 16.3015765, 102.5800216 16.3031675, 102.5833181 16.3051973, 102.5866091 16.3072336, 102.5899887 16.3093136, 102.5934836 16.31144, 102.5967331 16.3134569, 102.6004551 16.3157384, 102.6035741 16.3176503, 102.6069161 16.3197263, 102.6101898 16.3217612, 102.6137128 16.3239105, 102.6171058 16.3259781, 102.6204894 16.3280818, 102.6238999 16.3301577, 102.6273452 16.332289, 102.630706 16.3343276, 102.6339971 16.33637, 102.636985 16.3382142, 102.6393682 16.3409464, 102.6419994 16.344044, 102.6445167 16.3469112, 102.646759 16.3494721, 102.6469186 16.3523148, 102.651182 16.3545861, 102.6533693 16.3570967, 102.655617 16.3596548, 102.6578942 16.3623031, 102.6601593 16.3649281, 102.6626967 16.3679263, 102.6653588 16.3709064, 102.6677875 16.3737153, 102.6703785 16.3766811, 102.6728784 16.3795813, 102.6755856 16.3827001, 102.678169 16.3856762, 102.6807761 16.3886303, 102.6833926 16.3916371, 102.6860232 16.3946953, 102.688599 16.3976673, 102.6911791 16.4006443, 102.6938413 16.4037549, 102.6964564 16.4067858, 102.6991395 16.4098526, 102.7014132 16.4124886, 102.7040278 16.4155223, 102.7066274 16.4184796, 102.7101318 16.4182479, 102.7142772 16.4179846, 102.7181658 16.4177192, 102.7221269 16.4174897, 102.7257531 16.4172631, 102.7298811 16.4170124, 102.7336577 16.4167639, 102.7375265 16.4164985, 102.74054251677585 16.416309476973655, 102.74623393044122 16.41590334232871)"
way/382334127-230,way/382334126-230,230.0,1027.7989492113718,7853.19,Al/St 240/40 2-bundle 220.0,"LINESTRING (102.74623393044122 16.41590334232871, 102.75297333908091 16.415896686017845, 102.7535864 16.4158546, 102.7575675 16.4155925, 102.7610554 16.4153747, 102.7645574 16.4151501, 102.7682263 16.4149118, 102.7718845 16.4146872, 102.7757484 16.4144524, 102.7794811 16.4142345, 102.7832032 16.4139963, 102.7869322 16.4137475, 102.7906304 16.4135092, 102.794429 16.4132782, 102.7981623 16.4130375, 102.8018906 16.4128233, 102.8031566 16.4127416, 102.8056942 16.4125778, 102.80866187424799 16.412381795901187, 102.8139789118364 16.41115437004777)"
way/388836605-230,way/250742034-230,230.0,1027.7989492113718,2293.21,Al/St 240/40 2-bundle 220.0,"LINESTRING (99.50799714489378 11.406303384619518, 99.51093650867394 11.410000994592052, 99.5110562 11.4102105, 99.5118577 11.4116712, 99.5125525 11.4129707, 99.5133844 11.4143597, 99.51403882697306 11.41551824298171, 99.51252247313484 11.422859659775213)"
TH11-500,TH14-500,500.0,4468.691083527704,4186.25,Al/St 240/40 4-bundle 380.0,"LINESTRING (100.21061580000001 17.68411077227142, 100.21187477126558 17.67923141819295, 100.2128807 17.675338, 100.2135691 17.6723548, 100.2136875 17.6696009, 100.2135987 17.6661028, 100.2131385 17.6624654, 100.2130848 17.6594394, 100.2130204 17.6560708, 100.2129561 17.6527532, 100.21288773036562 17.650539766601508, 100.21276290000002 17.646138372288334)"
way/401998847-230,TH16-230,230.0,1027.7989492113718,59965.24,Al/St 240/40 2-bundle 220.0,"LINESTRING (100.1572004694861 16.93803885684044, 100.15540974866742 16.944452534353356, 100.1544048 16.9468924, 100.1543545 16.9498083, 100.1542942 16.9529955, 100.1542258 16.9562218, 100.1541581 16.9595622, 100.1540903 16.9628127, 100.1540427 16.965874, 100.153981 16.9690436, 100.153918 16.9721702, 100.1538483 16.9753686, 100.1537939 16.9784877, 100.1537245 16.9816632, 100.1536635 16.9847723, 100.1536079 16.9879653, 100.1535415 16.9910762, 100.1534919 16.9936869, 100.1534161 16.9974344, 100.1533578 17.0005708, 100.153292 17.0036597, 100.1532243 17.0069069, 100.1531713 17.0100989, 100.1531016 17.0132344, 100.1530433 17.0163212, 100.1529822 17.0195188, 100.1529165 17.0226792, 100.1528575 17.0259376, 100.1527814 17.0290571, 100.1527318 17.0322369, 100.1526627 17.0353913, 100.152597 17.0384738, 100.1525474 17.0416236, 100.1524984 17.0447183, 100.1524267 17.0479103, 100.152363 17.0510413, 100.152306 17.0541704, 100.1522396 17.0573045, 100.1521759 17.0604361, 100.1517065 17.0636624, 100.1512244 17.0668618, 100.1507563 17.0700887, 100.1502668 17.0733059, 100.1500382 17.0762391, 100.1499135 17.0777755, 100.1495346 17.0823829, 100.1492389 17.0861056, 100.1490505 17.0886982, 100.1489197 17.0902513, 100.1487843 17.0920491, 100.1485258 17.0951925, 100.1482699 17.0983661, 100.1480134 17.1015446, 100.1477576 17.1047145, 100.1475256 17.1078398, 100.1472762 17.1109916, 100.1470187 17.1141601, 100.1467833 17.1173118, 100.1465191 17.120466, 100.1462777 17.1236183, 100.1460182 17.1267763, 100.1457658 17.1299403, 100.1452927 17.133078, 100.144824 17.1361044, 100.1443405 17.139291, 100.1438537 17.1424724, 100.143383 17.1455199, 100.1428961 17.1486172, 100.1424241 17.1517799, 100.1419252 17.1550143, 100.141437 17.1581634, 100.1409495 17.1613528, 100.1404842 17.1643839, 100.1399839 17.1676149, 100.1394877 17.170824, 100.1389888 17.1739908, 100.138508 17.1772081, 100.1380256 17.180288, 100.1375468 17.1833598, 100.1370734 17.1864809, 100.13661 17.1895065, 100.1361306 17.1926306, 100.1356552 17.1957087, 100.1351771 17.198793, 100.1346936 17.2018735, 100.1342276 17.2049802, 100.1337475 17.20804, 100.1332606 17.2111594, 100.1327946 17.2142304, 100.1323222 17.2172613, 100.1318427 17.2203613, 100.1313707 17.2234536, 100.1308926 17.2265708, 100.1304004 17.2297481, 100.129925 17.2327864, 100.1294606 17.2358708, 100.1289664 17.2390499, 100.1284897 17.242163, 100.1280189 17.2452351, 100.1275294 17.2483833, 100.127055 17.2514815, 100.1265742 17.2545758, 100.1260934 17.2576772, 100.1256301 17.260747, 100.1251493 17.2638314, 100.124691 17.2667711, 100.124231 17.2698312, 100.1237556 17.2729271, 100.1239239 17.27603, 100.1240888 17.278962, 100.1242444 17.2817517, 100.124406 17.2847418, 100.124583 17.2878931, 100.1247254 17.2903113, 100.1247426 17.2906027, 100.1249156 17.2937546, 100.12509 17.2969315, 100.1252583 17.3000788, 100.1254366 17.303235, 100.125613 17.3063093, 100.1257793 17.3094853, 100.1259597 17.312489, 100.1261192 17.315693, 100.1262943 17.3188522, 100.1264686 17.3219844, 100.1266409 17.3251864, 100.1268153 17.3282471, 100.1269913 17.3314333, 100.1271895 17.334749, 100.1273557 17.3380055, 100.1275375 17.3411816, 100.1276991 17.3443396, 100.1278681 17.3473806, 100.1280407 17.3504992, 100.128212 17.3535698, 100.1283817 17.3566713, 100.128546 17.3597562, 100.1287203 17.3629728, 100.1288846 17.3661274, 100.1290603 17.3692284, 100.129232 17.3724228, 100.129409 17.3755144, 100.1295699 17.378615, 100.1297409 17.3817827, 100.1299119 17.3848838, 100.1300782 17.3880283, 100.1302344 17.3911619, 100.1326612 17.3934176, 100.1350624 17.39567, 100.1374338 17.3978807, 100.1397952 17.4000857, 100.1421066 17.4022466, 100.1444112 17.4044029, 100.1466526 17.4064952, 100.1488912 17.4085894, 100.1512559 17.4107875, 100.1536451 17.4130173, 100.1559947 17.4152164, 100.1583611 17.4174218, 100.160537 17.4194628, 100.1626768 17.4214615, 100.164962 17.4235958, 100.1655895 17.4241794, 100.1670078 17.4254986, 100.169503 17.4278286, 100.1718794 17.4300499, 100.1743242 17.4323313, 100.1767553 17.4346062, 100.1791536 17.4368453, 100.18133256089389 17.438883711466968, 100.18515862185741 17.44244709823735)"
way/401998847-230,TH18-230,230.0,1027.7989492113718,19085.0,Al/St 240/40 2-bundle 220.0,"LINESTRING (100.1572004694861 16.93803885684044, 100.1595066422396 16.931099266587687, 100.1597454 16.9298041, 100.1600377 16.9283767, 100.1605869 16.9255715, 100.1631196 16.9231703, 100.1657408 16.9207203, 100.1683593 16.9182344, 100.1709228 16.9158293, 100.1735071 16.9133927, 100.1760673 16.9109619, 100.178667 16.9085355, 100.1812359 16.9060994, 100.1838154 16.9036655, 100.1864371 16.9012314, 100.1889808 16.8988213, 100.1915208 16.8963922, 100.1941045 16.893974, 100.1966667 16.8915474, 100.1990706 16.8892953, 100.2008368 16.8889674, 100.2026165 16.8886889, 100.2053839 16.8882575, 100.2060899 16.8881474, 100.2098115 16.8875211, 100.2135076 16.8869501, 100.217262 16.8862796, 100.2207837 16.8856982, 100.2244704 16.8851105, 100.2280733 16.8845305, 100.2316909 16.8839466, 100.2353589 16.8833594, 100.2382577 16.88309, 100.2420064 16.8827467, 100.2458145 16.8823687, 100.2497328 16.8819988, 100.2535795 16.881634, 100.2573741 16.8812741, 100.2611198 16.8809289, 100.2649527 16.8805606, 100.268917 16.8801922, 100.2723972 16.8798611, 100.2760711 16.8795127, 100.2798168 16.879154, 100.2835686 16.878805, 100.287209 16.8784642, 100.2905537 16.8772149, 100.2938904 16.8759662, 100.2973028 16.8746995, 100.3005899 16.8734662, 100.3038662 16.8722445, 100.3071727 16.8710079, 100.3104684 16.8697784, 100.31248340509292 16.86902230490556, 100.31913195186921 16.866549056579444)"
way/254460966-230,way/401936547-230,230.0,1027.7989492113718,51847.69,Al/St 240/40 2-bundle 220.0,"LINESTRING (100.10094369220522 15.705527516577842, 100.10091474004807 15.699711323455476, 100.1007895 15.696365, 100.100634 15.6921147, 100.1004905 15.6878488, 100.1003329 15.6836325, 100.1001874 15.6793948, 100.1019261 15.6757745, 100.1032773 15.6729564, 100.1049872 15.6693738, 100.1065174 15.6661824, 100.1087128 15.6615802, 100.1105474 15.657765, 100.1120997 15.6545089, 100.1136407 15.6513044, 100.1151903 15.6480656, 100.1169418 15.6443883, 100.1174199 15.6398921, 100.1178303 15.6359958, 100.118242 15.6319612, 100.118639 15.6281738, 100.1190447 15.6242818, 100.1194731 15.6201207, 100.1198875 15.6162059, 100.1203207 15.6120889, 100.1207472 15.6080519, 100.1211522 15.6040916, 100.1215867 15.6000105, 100.1219984 15.5959629, 100.1224376 15.5918106, 100.1251101 15.5893996, 100.1280257 15.5867673, 100.1307146 15.584287, 100.1336667 15.5815942, 100.1363858 15.5791288, 100.1391029 15.5766478, 100.1415433 15.5744237, 100.1442141 15.571984, 100.1472376 15.569231, 100.1501224 15.5665832, 100.1533055 15.5687724, 100.1567823 15.5709324, 100.1601853 15.5730614, 100.1636232 15.5751988, 100.1663236 15.576886, 100.1693665 15.5787895, 100.1719716 15.580414, 100.1751809 15.5824195, 100.1783674 15.5843837, 100.1819293 15.5866134, 100.1852693 15.588697, 100.1887748 15.5908794, 100.1921275 15.5929714, 100.1953093 15.5949497, 100.1990429 15.5953436, 100.2025556 15.5956817, 100.2062101 15.5960589, 100.2098495 15.5964306, 100.2135637 15.5968107, 100.2172236 15.5971695, 100.2208855 15.5975454, 100.2245631 15.5979135, 100.2282706 15.5982859, 100.231844 15.5986462, 100.235693 15.5990357, 100.2388018 15.5993357, 100.2424503 15.5996935, 100.2460323 15.6000487, 100.2495058 15.6003968, 100.2527519 15.6007249, 100.2567062 15.6011228, 100.2604532 15.6014912, 100.2639036 15.601848, 100.2674625 15.6022023, 100.2710299 15.6025607, 100.274683 15.6029276, 100.2783597 15.6033054, 100.2819015 15.6036548, 100.285776 15.6040468, 100.2893487 15.6043449, 100.2931862 15.6047175, 100.296932 15.6051192, 100.3007166 15.6054944, 100.3044435 15.6058568, 100.3081402 15.6062423, 100.3118001 15.6066046, 100.3154861 15.6069824, 100.3192741 15.6073712, 100.3230419 15.6077161, 100.3267977 15.6081068, 100.330532 15.6084892, 100.334328 15.6088573, 100.3379986 15.6092164, 100.3417376 15.6095948, 100.3453438 15.6099313, 100.3489903 15.6103097, 100.3526227 15.6106643, 100.3562678 15.6110408, 100.3599263 15.6114037, 100.3635701 15.6117473, 100.3672213 15.6121167, 100.370867 15.6124842, 100.3745229 15.6128355, 100.3783913 15.6132249, 100.3824361 15.6136215, 100.3865432 15.6140445, 100.3906141 15.61445, 100.3945375 15.614831, 100.3985099 15.6152411, 100.4022985 15.6156383, 100.4058799 15.6148924, 100.4095022 15.6141839, 100.4131953 15.6134074, 100.4168083 15.6126666, 100.420395 15.6119072, 100.4239838 15.6111503, 100.4242813096624 15.61108831228677, 100.43094674885306 15.602542148808068)"
way/401936547-230,way/403504849-230,230.0,1027.7989492113718,138578.35,Al/St 240/40 2-bundle 220.0,"LINESTRING (100.43094674885306 15.602542148808068, 100.42400401242644 15.610788466122825, 100.4234011 15.6109152, 100.4197942 15.6116669, 100.416187 15.6124154, 100.4125761 15.6131478, 100.4089218 15.6139184, 100.4052945 15.6146311, 100.402273 15.6152657, 100.3985313 15.6148775, 100.394615 15.6144933, 100.3906443 15.6141132, 100.3866203 15.6136883, 100.3825199 15.6132944, 100.3785123 15.6128817, 100.3745698 15.6124816, 100.3709086 15.6121128, 100.3672474 15.6117538, 100.3635969 15.6113895, 100.3599551 15.6110427, 100.3562852 15.6106875, 100.3526408 15.6103162, 100.3489883 15.6099494, 100.3453465 15.6095851, 100.3416947 15.6092028, 100.3380529 15.6088695, 100.3343944 15.6085059, 100.3304971 15.6081075, 100.3267943 15.6077342, 100.3230446 15.6073564, 100.3192902 15.6069385, 100.3155941 15.606624, 100.3119282 15.6062604, 100.3082361 15.6058774, 100.3044649 15.6055119, 100.300734 15.6051179, 100.296944 15.6047433, 100.2931876 15.6043726, 100.2894231 15.6039942, 100.2858001 15.6036641, 100.2819733 15.6032831, 100.2783805 15.6029363, 100.2746871 15.6025572, 100.2710895 15.602192, 100.2675051 15.6018461, 100.2639358 15.6014751, 100.2604851 15.6011305, 100.2566757 15.6007446, 100.2527875 15.6003535, 100.249541 15.6000329, 100.2460675 15.5996919, 100.2424788 15.5993321, 100.238836 15.5989614, 100.2354677 15.5986314, 100.2318655 15.5982794, 100.2282928 15.5979177, 100.2245802 15.5975409, 100.2209599 15.5971695, 100.2172903 15.5967994, 100.2136241 15.5964442, 100.2099072 15.5960534, 100.2062872 15.5957089, 100.2025955 15.5953214, 100.1989866 15.5949761, 100.1954273 15.5946099, 100.1921456 15.5925477, 100.1887483 15.590445, 100.185562 15.5884532, 100.1821107 15.5862998, 100.1787445 15.5842038, 100.1755145 15.5822009, 100.1724501 15.5802887, 100.1695804 15.5785034, 100.166288 15.5764455, 100.1636286 15.5747816, 100.1602665 15.5726694, 100.1568762 15.5705533, 100.1535288 15.5684882, 100.1502658 15.5662286, 100.1497638 15.5623, 100.1492903 15.558127, 100.1487881 15.5538189, 100.1483341 15.5498286, 100.1478326 15.5454815, 100.1474423 15.5419949, 100.1469629 15.5378364, 100.1465236 15.5340447, 100.1461086 15.5304493, 100.1456191 15.5261135, 100.1451584 15.5221727, 100.1446937 15.5180386, 100.1442243 15.5139616, 100.1437476 15.5098322, 100.1432832 15.5057564, 100.1428172 15.5016646, 100.1423303 15.4974458, 100.1418455 15.4933254, 100.1413969 15.4893378, 100.1409799 15.4857103, 100.1405309 15.4817587, 100.1415414 15.4777053, 100.1424916 15.4738614, 100.1435611 15.4695729, 100.1445931 15.4654087, 100.1455718 15.4614111, 100.1466507 15.4574384, 100.1477182 15.4535292, 100.1489269 15.4490257, 100.1498778 15.445505, 100.1510333 15.4412268, 100.1520599 15.4374366, 100.1531871 15.4332998, 100.1542472 15.4293265, 100.1553308 15.4253208, 100.1564436 15.4212404, 100.1574806 15.4173357, 100.1585602 15.4133444, 100.1596468 15.4093435, 100.1607321 15.405353, 100.1617919 15.4014076, 100.1628585 15.397444, 100.1639555 15.393396, 100.1649928 15.3895455, 100.1660697 15.3855862, 100.1671399 15.3816437, 100.1682078 15.3776649, 100.1692679 15.3737028, 100.1703435 15.3697814, 100.1714043 15.3658237, 100.1724685 15.3618614, 100.1735353 15.3579236, 100.1745566 15.3541995, 100.1756744 15.3500171, 100.1767406 15.346072, 100.1778054 15.3421041, 100.1788699 15.3381663, 100.1799411 15.3342073, 100.181008 15.3302587, 100.1820684 15.3262996, 100.1830619 15.3226518, 100.1843293 15.3179533, 100.1852743 15.3144222, 100.1861821 15.3111669, 100.1871274 15.3075643, 100.1880743 15.3040107, 100.1892316 15.2998985, 100.1909046 15.2936267, 100.1918819 15.2900204, 100.1928592 15.2863187, 100.1939362 15.2824111, 100.1950332 15.278319, 100.1960683 15.2744812, 100.1968742 15.2714101, 100.1976741 15.2685072, 100.1989891 15.2635659, 100.2006535 15.2573572, 100.2021149 15.251946, 100.2031717 15.2479861, 100.2041376 15.2444295, 100.2052779 15.2400201, 100.2063629 15.2359532, 100.2072051 15.2328464, 100.2080592 15.2296537, 100.2091906 15.2249102, 100.2101897 15.2209401, 100.2111895 15.2169731, 100.2121829 15.2130012, 100.2131755 15.2090325, 100.2141748 15.2050575, 100.2151726 15.2010912, 100.2161771 15.197118, 100.2171708 15.1931473, 100.2181398 15.1892691, 100.2191332 15.1853093, 100.2201478 15.181264, 100.2211546 15.1772707, 100.2221711 15.1732483, 100.2230938 15.169537, 100.2240762 15.1656383, 100.2250532 15.1617337, 100.2260235 15.1578763, 100.2280412 15.1543677, 100.2300518 15.1508684, 100.232103 15.1473053, 100.2341613 15.1437253, 100.2362578 15.1401659, 100.2383063 15.1365948, 100.2403589 15.1330276, 100.2422377 15.1297684, 100.2443094 15.1261716, 100.2463687 15.1225803, 100.2484333 15.1189934, 100.2505013 15.1154019, 100.2525552 15.1118155, 100.2546245 15.1082246, 100.2566918 15.1046251, 100.2587581 15.101035, 100.2608208 15.0974387, 100.2628884 15.093855, 100.264946 15.0902711, 100.2670147 15.0866695, 100.2690803 15.0830729, 100.2711489 15.0794776, 100.2732144 15.0758888, 100.2752804 15.0723096, 100.2773453 15.0687092, 100.2794519 15.0650359, 100.2815373 15.0614079, 100.2836395 15.0577403, 100.2856505 15.0542521, 100.2875924 15.0508589, 100.2895296 15.0474839, 100.291556 15.043967, 100.2936146 15.0403898, 100.2956638 15.0368112, 100.2977295 15.0332251, 100.2997767 15.0296419, 100.3018493 15.0260521, 100.3039026 15.0224656, 100.3059659 15.0188789, 100.3080218 15.0153065, 100.3100784 15.0117249, 100.3121383 15.0081349, 100.3141969 15.004548, 100.3162515 15.0009591, 100.3183127 14.997376, 100.3203653 14.9937973, 100.3224212 14.9902025, 100.3244852 14.986614, 100.3265485 14.9830161, 100.3285695 14.9795081, 100.3306187 14.9759084, 100.3326666 14.9723612, 100.3347255 14.9687671, 100.3367858 14.9651706, 100.3388484 14.9615804, 100.3409117 14.9579902, 100.3429622 14.9543908, 100.3450312 14.9508115, 100.3470868 14.9472094, 100.3491575 14.9436234, 100.3512033 14.9400232, 100.3532727 14.9364274, 100.3553326 14.9328393, 100.3573925 14.9292447, 100.3594538 14.925648, 100.3615084 14.9220488, 100.3635804 14.9184741, 100.3656336 14.9148708, 100.3676915 14.9112785, 100.3697475 14.9076913, 100.3718128 14.9041001, 100.3738717 14.9004998, 100.3759246 14.8969222, 100.3779745 14.8933432, 100.3800043 14.8898134, 100.3820441 14.8862546, 100.3836883 14.8834365, 100.3857245 14.8798843, 100.3877617 14.8763141, 100.3898085 14.8727678, 100.3918413 14.8692263, 100.3937229 14.8659424, 100.395758 14.8623849, 100.3978069 14.8587956, 100.3998765 14.8552049, 100.4019207 14.8516262, 100.4039776 14.8480393, 100.4060389 14.8444484, 100.4080811 14.8408663, 100.4101293 14.8373002, 100.4120906 14.8338752, 100.414055 14.8304455, 100.4161951 14.8267101, 100.4183509 14.8229471, 100.4204843 14.8192243, 100.4225918 14.8155377, 100.4245994 14.8120545, 100.4266138 14.8085483, 100.4266037 14.8046962, 100.4266269 14.800703, 100.4266419 14.7966932, 100.4266614 14.792684, 100.4266741 14.7886793, 100.4266899 14.7846767, 100.4267043 14.7806793, 100.4267 14.7765427, 100.4267321 14.7724455, 100.4267516 14.7684187, 100.4267576 14.7640517, 100.4267774 14.7598126, 100.4267878 14.7555793, 100.4267989 14.7514906, 100.426815 14.7472231, 100.426829 14.7429725, 100.4268423 14.7387167, 100.4268647 14.7347035, 100.4278987 14.7309869, 100.4290424 14.7268941, 100.4302081 14.722725, 100.4313467 14.7186412, 100.4324015 14.7148831, 100.4334968 14.7109518, 100.4346029 14.706989, 100.4357185 14.7030278, 100.4367834 14.6992075, 100.4379015 14.6952114, 100.4390123 14.6912325, 100.4401288 14.6872482, 100.4412419 14.6832529, 100.4423543 14.679274, 100.4434634 14.6752853, 100.4445651 14.6713348, 100.4457413 14.6671508, 100.4468665 14.6630821, 100.4480386 14.6589046, 100.4492087 14.6547174, 100.4503419 14.6506699, 100.451449 14.6466862, 100.4525702 14.6426729, 100.453692 14.6386576, 100.4548186 14.6346293, 100.4563923 14.6313488, 100.4579484 14.6281135, 100.4595345 14.6248285, 100.4611828 14.6213793, 100.4628491 14.6179258, 100.464504 14.614474, 100.466051 14.6112462, 100.4660463 14.6073494, 100.4660436 14.6059897, 100.4660421 14.6034175, 100.4660402 14.6000757, 100.4660483 14.5960953, 100.4660389 14.5934321, 100.46603730126591 14.589305607445528, 100.46579021870174 14.582185974589652)"
way/401936547-230,way/550296523-230,230.0,1027.7989492113718,228809.89,Al/St 240/40 2-bundle 220.0,"LINESTRING (100.43094674885306 15.602542148808068, 100.43251963023131 15.611065957851661, 100.4325488 15.6111083, 100.4335885 15.6127344, 100.4355786 15.6127989, 100.4365638 15.612836, 100.4382038 15.6129042, 100.4416151 15.6130156, 100.4456203 15.6131525, 100.4497824 15.6132991, 100.4538031 15.6134321, 100.4578408 15.6135852, 100.461988 15.6137184, 100.4657518 15.6138553, 100.4698589 15.6140006, 100.4738601 15.6141427, 100.4779659 15.6142889, 100.4820104 15.6144278, 100.4861044 15.6145699, 100.4901844 15.6147184, 100.4942131 15.6148669, 100.4982263 15.6150045, 100.5024682 15.615164, 100.5061697 15.6152919, 100.5102118 15.6154256, 100.5142337 15.6155793, 100.5182416 15.6157188, 100.5223109 15.6158631, 100.5262588 15.6159929, 100.5303565 15.6161414, 100.53436 15.6162883, 100.5383894 15.6164453, 100.5424228 15.6165822, 100.5464987 15.6167346, 100.550523 15.6168805, 100.5545812 15.6170233, 100.5586293 15.6171731, 100.5626661 15.6173126, 100.56668 15.6174663, 100.5706597 15.6176084, 100.5746844 15.6177504, 100.5787218 15.6179067, 100.5828577 15.6180527, 100.5866007 15.6182031, 100.590679 15.6183484, 100.5947319 15.618495, 100.5987936 15.6186819, 100.6028384 15.6188317, 100.6069502 15.6189854, 100.6110533 15.619132, 100.6150491 15.6192773, 100.6191489 15.6194343, 100.6231896 15.6195821, 100.6272465 15.6197429, 100.6312926 15.6198928, 100.6352274 15.6200439, 100.6390475 15.6201808, 100.6429977 15.6203364, 100.6470143 15.6204769, 100.6510219 15.6206325, 100.6550224 15.6207859, 100.6589991 15.6209467, 100.6629869 15.6210752, 100.666392 15.6231669, 100.6697575 15.625223, 100.6731592 15.6272992, 100.6765515 15.6293772, 100.6799572 15.6314617, 100.683367 15.6335533, 100.6867338 15.635601, 100.6901282 15.6376835, 100.6935205 15.6397511, 100.6969095 15.64182, 100.7002817 15.6438769, 100.7037501 15.6459971, 100.7069895 15.6479794, 100.7103819 15.6500566, 100.7137554 15.6521176, 100.7171156 15.65418, 100.7205541 15.6562768, 100.7239632 15.6583636, 100.7273482 15.6604365, 100.7306969 15.6624897, 100.7341248 15.6645848, 100.7375355 15.6666628, 100.7409889 15.6687854, 100.7443463 15.6708359, 100.7477125 15.6728761, 100.7509808 15.6748846, 100.7544107 15.6769873, 100.7576595 15.6789822, 100.7611343 15.6810966, 100.7644428 15.6831289, 100.7678686 15.6852109, 100.771153 15.6872329, 100.7745956 15.6893194, 100.7779732 15.6913936, 100.781387 15.6934639, 100.7847236 15.6955154, 100.7881166 15.6975941, 100.7915123 15.6996592, 100.7946197 15.7015629, 100.7978383 15.7035317, 100.8011545 15.7055251, 100.804627 15.7076417, 100.808081 15.7094317, 100.8113245 15.7110642, 100.8140831 15.7124546, 100.8178784 15.7143801, 100.8212889 15.7161565, 100.8250433 15.7180084, 100.8285496 15.7198015, 100.8322417 15.7216714, 100.8358164 15.7234968, 100.8394387 15.7253505, 100.8426466 15.72697, 100.8459752 15.728683, 100.8496036 15.7305102, 100.8531884 15.7323355, 100.8567971 15.7341639, 100.8603606 15.7359693, 100.8639662 15.7378152, 100.8674671 15.7395894, 100.8710251 15.7414734, 100.8744013 15.7435457, 100.8777871 15.7456874, 100.8811578 15.7478195, 100.8846111 15.7499964, 100.8877701 15.752017, 100.8908888 15.7539899, 100.8940163 15.7559602, 100.8971833 15.7579724, 100.9003429 15.7599646, 100.9035737 15.7620113, 100.9065851 15.7639318, 100.909895 15.7660382, 100.9130794 15.7680477, 100.916453 15.7702012, 100.9198144 15.7723054, 100.9231766 15.774449, 100.9270142 15.7758965, 100.930546 15.7772161, 100.9339108 15.778477, 100.9372682 15.779745, 100.9413331 15.779567, 100.9449454 15.7809278, 100.9469936 15.7816783, 100.9502916 15.7833506, 100.9543043 15.7854066, 100.9575551 15.787054, 100.9615516 15.7890865, 100.9657741 15.7912339, 100.9688529 15.7927922, 100.9725101 15.7946718, 100.9754539 15.7961739, 100.9787074 15.7974682, 100.9817309 15.7986864, 100.9849569 15.7999491, 100.9885321 15.8013699, 100.9920842 15.8027816, 100.9956583 15.804172, 100.9972598 15.804821, 100.9978421 15.805057, 100.9992243 15.8056172, 101.0028063 15.8070399, 101.0063449 15.8084493, 101.0099571 15.8098784, 101.0135231 15.8113062, 101.0171133 15.8127333, 101.0206605 15.8141447, 101.0242576 15.815576, 101.0278411 15.8169773, 101.0313977 15.8183947, 101.0349878 15.8198085, 101.0377106 15.8209508, 101.0421188 15.8226956, 101.046239 15.8226679, 101.0503495 15.8226098, 101.0544519 15.8225891, 101.0585732 15.8225504, 101.0626655 15.822504, 101.0667841 15.822422, 101.0708825 15.8224091, 101.0749682 15.8223917, 101.0791014 15.8223291, 101.0831958 15.8222814, 101.086562 15.8222259, 101.0912653 15.822195, 101.0942586 15.8221479, 101.0974478 15.8214408, 101.1012313 15.8206156, 101.1127394 15.8180015, 101.1166896 15.8171176, 101.1206271 15.8162498, 101.1245753 15.8153644, 101.1284025 15.8145231, 101.1365007 15.8127172, 101.1473379 15.8102904, 101.1783492 15.8033427, 101.1811776 15.802709, 101.198221 15.8078106, 101.2001556 15.8083583, 101.2048662 15.8097661, 101.2087775 15.8109333, 101.2126567 15.8120862, 101.2167229 15.8132911, 101.2204646 15.8144037, 101.2244155 15.8155737, 101.2284458 15.8167637, 101.2317175 15.8177473, 101.234694 15.8186279, 101.2394057 15.8200331, 101.2443848 15.8216461, 101.2512928 15.8236551, 101.2546161 15.8245776, 101.2578119 15.8255234, 101.2607919 15.8263776, 101.2666753 15.8280446, 101.2714992 15.8295787, 101.2745851 15.8305309, 101.2764131 15.8297077, 101.2820752 15.8272807, 101.2857096 15.8257763, 101.2895492 15.8240783, 101.2930253 15.8225996, 101.2952854 15.8216485, 101.298615 15.8202474, 101.3118951 15.8144594, 101.3190521 15.8129119, 101.3278954 15.810988, 101.3332048 15.8098395, 101.3351132 15.8093582, 101.3390145 15.8085021, 101.342732 15.8077298, 101.34642 15.8069052, 101.3504501 15.8060161, 101.3656931 15.8026856, 101.3690794 15.8019307, 101.3723657 15.80121, 101.3765238 15.8003138, 101.3803285 15.7994685, 101.3837148 15.798733, 101.3862871 15.7928472, 101.3874538 15.7901707, 101.3891047 15.7863727, 101.3906269 15.7828844, 101.3918607 15.7800607, 101.3937879 15.7757076, 101.3970521 15.7683253, 101.4000495 15.761379, 101.4019378 15.7569558, 101.4047943 15.7504092, 101.4084153 15.7420759, 101.4117506 15.7343645, 101.4145254 15.7279631, 101.4164861 15.7233068, 101.4178687 15.720175, 101.4219316 15.7192881, 101.4258018 15.7184443, 101.4306361 15.7174086, 101.4373406 15.7158871, 101.4401815 15.7169155, 101.4431675 15.7180191, 101.4689554 15.7274299, 101.4805265 15.7316305, 101.4936237 15.736417, 101.5113075 15.7414266, 101.5153952 15.7423599, 101.5344107 15.7466027, 101.5383576 15.7474662, 101.5411967 15.7480884, 101.545254 15.7490324, 101.5491641 15.7499422, 101.5532184 15.7508661, 101.5565939 15.7526783, 101.5603866 15.7546312, 101.5638626 15.7564633, 101.5674488 15.7583536, 101.5710644 15.7602651, 101.5746157 15.7621702, 101.5783232 15.7640384, 101.5819019 15.7659157, 101.585539 15.7678439, 101.5891573 15.7696753, 101.5928775 15.7716667, 101.5970001 15.7738427, 101.6012473 15.7760715, 101.6026032 15.7767904, 101.6050655 15.777206, 101.6100517 15.7780732, 101.6136941 15.778703, 101.6171569 15.7793019, 101.6220278 15.7801304, 101.6268316 15.7810002, 101.631036 15.7817268, 101.6358331 15.7824947, 101.6391107 15.7830935, 101.6436812 15.7839117, 101.647211 15.7845183, 101.6518539 15.7853106, 101.6555715 15.7859675, 101.6603029 15.7867948, 101.6639198 15.7865754, 101.6680545 15.7863508, 101.67211 15.7861237, 101.6761011 15.7859275, 101.6793305 15.7857417, 101.6831996 15.7855146, 101.6871572 15.7852977, 101.6909257 15.7850913, 101.6942409 15.7848899, 101.6985834 15.7846499, 101.7024618 15.7844279, 101.7063859 15.7842214, 101.7102322 15.7839814, 101.7143601 15.7837465, 101.718244 15.7835426, 101.7214251 15.7833787, 101.7250782 15.7831658, 101.7292866 15.7829399, 101.7331222 15.7827296, 101.7368048 15.7825102, 101.7401952 15.7826057, 101.7438725 15.7827373, 101.7479092 15.7828535, 101.7521687 15.7830097, 101.756192 15.7831342, 101.7595473 15.783238, 101.7634472 15.7839478, 101.7672524 15.7846048, 101.7704733 15.7851609, 101.7744376 15.785872, 101.7781129 15.7865302, 101.7816512 15.7871577, 101.7851643 15.7877807, 101.7888779 15.7884392, 101.7923816 15.7890751, 101.7961556 15.7897558, 101.8001622 15.7904838, 101.8038686 15.7911573, 101.8075769 15.7925136, 101.8110041 15.7937376, 101.8148739 15.7951264, 101.8183059 15.7963663, 101.8218657 15.7976477, 101.8253942 15.7989408, 101.8291459 15.8002926, 101.8326675 15.8015822, 101.8362821 15.802872, 101.8399586 15.8041837, 101.8435199 15.8054745, 101.8470666 15.8067599, 101.8507002 15.8080769, 101.8543392 15.8081246, 101.8579361 15.8082175, 101.8588322 15.8082366, 101.8621646 15.8083078, 101.8661195 15.808402, 101.8703708 15.8085014, 101.8740575 15.8085775, 101.8782243 15.8086808, 101.8822558 15.8087687, 101.8864466 15.8088601, 101.8904484 15.8089529, 101.8945147 15.8090472, 101.8986265 15.8091582, 101.9024205 15.8092369, 101.9066866 15.8093195, 101.9104859 15.8094253, 101.9147062 15.8095148, 101.9185781 15.8095969, 101.9226806 15.8096818, 101.9266891 15.8097647, 101.9306695 15.809846, 101.9346365 15.8099118, 101.9383688 15.8099737, 101.942191 15.8100544, 101.946366 15.8101375, 101.950424 15.8102512, 101.954623 15.8103286, 101.9586182 15.810415, 101.9608323 15.8073555, 101.9629593 15.8044263, 101.96514 15.8014313, 101.9673246 15.798413, 101.9694878 15.7954165, 101.9716577 15.7924459, 101.9738464 15.7894429, 101.9760834 15.7863766, 101.9783418 15.7832419, 101.98034 15.7804776, 101.9825944 15.7773763, 101.9847201 15.7744196, 101.986839 15.7715118, 101.9890264 15.7685176, 101.9928753 15.7685512, 101.99668 15.7685963, 102.0005652 15.768617, 102.0044115 15.7686299, 102.0081921 15.7686789, 102.0120732 15.768697, 102.0159638 15.7687499, 102.0197162 15.7687925, 102.0237663 15.7687886, 102.027449 15.7688235, 102.031298 15.768848, 102.0351228 15.7688958, 102.0389718 15.7689409, 102.0428771 15.768968, 102.0458235 15.7715467, 102.0487471 15.774126, 102.0516962 15.7767233, 102.0546493 15.779276, 102.0575796 15.781861, 102.060522 15.7844318, 102.0632511 15.7867625, 102.0660916 15.7892751, 102.0691453 15.7919232, 102.0721655 15.7945609, 102.0750877 15.7971186, 102.07812 15.7997447, 102.0810865 15.8023359, 102.0825201 15.8058006, 102.0838881 15.8092369, 102.0852627 15.8126822, 102.0866226 15.8161364, 102.0880495 15.8196822, 102.0894697 15.8232551, 102.08983940733539 15.824199383138065, 102.0895660335386 15.829711402842294)"
way/401936547-230,TH29-230,230.0,1027.7989492113718,86626.12,Al/St 240/40 2-bundle 220.0,"LINESTRING (100.43094674885306 15.602542148808068, 100.42113332018963 15.599536798477173, 100.4206937 15.5978611, 100.4196698 15.5940195, 100.4187243 15.5903148, 100.4187753 15.5864634, 100.4188182 15.5824498, 100.4188598 15.5784748, 100.4189268 15.5745027, 100.4189798 15.5705276, 100.4190254 15.5665666, 100.4190724 15.5625856, 100.4191146 15.5585069, 100.4191515 15.5545089, 100.4192273 15.5506212, 100.4192742 15.5466999, 100.4193218 15.5427437, 100.4193198 15.5401996, 100.4193915 15.5363382, 100.4194405 15.5325878, 100.4194807 15.5284724, 100.419533 15.5246553, 100.4202143 15.5234077, 100.4222756 15.5197528, 100.4241136 15.5165164, 100.4260327 15.5130997, 100.4279065 15.5097563, 100.4298092 15.5064462, 100.4317601 15.5029108, 100.4337601 15.4993947, 100.4356695 15.4959713, 100.4375947 15.4925562, 100.4395614 15.489081, 100.4414795 15.4856596, 100.4434436 15.4821665, 100.4453828 15.4787034, 100.447365 15.4752008, 100.4492874 15.4717731, 100.4511952 15.4683512, 100.4530727 15.4650397, 100.4549228 15.4617372, 100.4569029 15.4582188, 100.4588388 15.4548024, 100.4607485 15.451388, 100.4627113 15.4478963, 100.4643373 15.4450036, 100.4663104 15.4414564, 100.468253 15.4379855, 100.4701413 15.4346199, 100.4721161 15.4311347, 100.4740613 15.4276604, 100.4758457 15.4244723, 100.4779009 15.420835, 100.4797355 15.4175486, 100.4812852 15.4146882, 100.4829569 15.4115478, 100.483028 15.4077111, 100.4830762 15.4036669, 100.4831312 15.3995088, 100.4832023 15.3956764, 100.4832466 15.3916423, 100.4833123 15.3877051, 100.4833646 15.3836391, 100.4834333 15.379852, 100.4834853 15.3759656, 100.4835456 15.3719932, 100.4835952 15.3681209, 100.483666 15.3639983, 100.4837163 15.3599707, 100.4837553 15.3559413, 100.4838283 15.3519805, 100.4838662 15.3478061, 100.4839455 15.3437394, 100.4839872 15.3399283, 100.4838799 15.3356344, 100.4826534 15.3334124, 100.4816738 15.3316722, 100.4817153 15.3296448, 100.4840911 15.3283948, 100.4854946 15.3257116, 100.4873057 15.3222213, 100.4891508 15.3186659, 100.4909908 15.3151082, 100.4927848 15.3116323, 100.4946852 15.3080221, 100.4964997 15.3045458, 100.4981281 15.3013943, 100.4995983 15.2985789, 100.5018128 15.2941881, 100.5037386 15.2904625, 100.5056685 15.2869231, 100.50754 15.2833331, 100.5093646 15.2797755, 100.5112274 15.2762104, 100.5130261 15.2727367, 100.5147367 15.2695049, 100.5135773 15.2664167, 100.5122033 15.2627656, 100.5108522 15.2591171, 100.50949 15.255517, 100.5081247 15.2518663, 100.5067467 15.248215, 100.5053761 15.2445662, 100.5039981 15.2409018, 100.5025866 15.2371843, 100.5011744 15.233402, 100.499834 15.2298714, 100.4984748 15.2262795, 100.4970981 15.2225844, 100.4957228 15.2189176, 100.4943475 15.2152742, 100.4930735 15.2118888, 100.4918473 15.2086483, 100.4906287 15.2054278, 100.489421 15.2022086, 100.4901341 15.1986505, 100.4908446 15.1949776, 100.4915681 15.1912262, 100.4923312 15.1873241, 100.493095 15.1835085, 100.4938064 15.1797712, 100.4945527 15.175951, 100.4952763 15.1722408, 100.4960085 15.1685001, 100.4967783 15.1646098, 100.4975327 15.1606883, 100.4982971 15.156796, 100.4989958 15.1531326, 100.4997458 15.149329, 100.5004848 15.1455244, 100.5012338 15.1416971, 100.5019674 15.137886, 100.5027372 15.1340009, 100.5035016 15.1300822, 100.5042687 15.1261659, 100.5049963 15.1224321, 100.5056829 15.118933, 100.5063437 15.1155373, 100.507138 15.1114415, 100.5071984 15.1077748, 100.5072688 15.1037377, 100.5073352 15.0996565, 100.5074076 15.0955914, 100.5074612 15.0916208, 100.5075249 15.0876339, 100.5075819 15.0836658, 100.507651 15.0796917, 100.5077087 15.075621, 100.507769 15.0720045, 100.5078292 15.0682989, 100.5078908 15.0645052, 100.5079541 15.0608811, 100.5080027 15.0575154, 100.5080495 15.0542776, 100.5081076 15.0510308, 100.5091621 15.0480514, 100.5101076 15.045353, 100.5110651 15.0426183, 100.5107915 15.0389783, 100.510479 15.0348473, 100.5101997 15.0310349, 100.5099097 15.0271845, 100.5096214 15.0231161, 100.5093425 15.0192344, 100.5090353 15.0152686, 100.5087551 15.0114007, 100.508464 15.0075172, 100.508165 15.0034647, 100.5078807 14.9995953, 100.5075883 14.9956261, 100.5072959 14.9916582, 100.5070029 14.9877854, 100.5067065 14.9838678, 100.5064168 14.9798413, 100.5061278 14.9758789, 100.5058392 14.972011, 100.5055538 14.9682242, 100.5052648 14.9642409, 100.504959 14.9602451, 100.504665 14.9562674, 100.5043978 14.952613, 100.5041005 14.9487468, 100.503799 14.9447266, 100.5035073 14.9407817, 100.5032364 14.9370018, 100.502962 14.9333043, 100.5027207 14.9298548, 100.5041476 14.9268251, 100.5057838 14.92343, 100.5073945 14.9199862, 100.5090315 14.9165279, 100.5105845 14.9132557, 100.5120355 14.9101999, 100.5134202 14.907249, 100.514993 14.9039507, 100.5167712 14.90023, 100.5184073 14.8967774, 100.5199912 14.8934401, 100.5217591 14.8897042, 100.5233808 14.8862806, 100.5250176 14.8828288, 100.5266508 14.879373, 100.5282179 14.8760788, 100.5297351 14.872869, 100.5308369 14.8694238, 100.5319862 14.8657983, 100.5331747 14.8620509, 100.5344035 14.8581686, 100.5356303 14.8542879, 100.5367941 14.8506365, 100.5380426 14.8467084, 100.5391554 14.843206, 100.540217 14.8398425, 100.5413702 14.8361884, 100.542541 14.8325338, 100.54306958751314 14.829591977499193, 100.54387761879867 14.824556655674455)"
way/403466241-230,TH29-230,230.0,1027.7989492113718,2477.99,Al/St 240/40 2-bundle 220.0,"LINESTRING (100.52924513486163 14.815141679480817, 100.53449226801898 14.816547937128169, 100.535805 14.8181395, 100.5383196 14.8212006, 100.540125342805 14.823413653801419, 100.54387761879867 14.824556655674455)"
TH32-230,TH33-230,230.0,513.8994746056859,1497.6,Al/St 240/40 2-bundle 220.0,"LINESTRING (100.64298449999997 14.698467174256693, 100.64715303081067 14.698440930569786, 100.6473136 14.6984439, 100.6480518 14.6984536, 100.648772 14.6984685, 100.6494996 14.698473, 100.6502197 14.6984821, 100.6509446 14.6985009, 100.65126988332152 14.698504846712499, 100.65532330000002 14.69872597425644)"
TH32-230,TH33-230,230.0,513.8994746056859,1497.34,Al/St 240/40 2-bundle 220.0,"LINESTRING (100.64298449999997 14.698467174256693, 100.64707415335394 14.698610629463056, 100.6473196 14.6986131, 100.6480545 14.6986352, 100.648774 14.6986488, 100.6495016 14.6986547, 100.6502218 14.6986657, 100.6509419 14.69868, 100.65118749421177 14.698682117408785, 100.65532330000002 14.69872597425644)"
TH29-230,TH33-230,230.0,1027.7989492113718,18181.98,Al/St 240/40 2-bundle 220.0,"LINESTRING (100.54387761879867 14.824556655674455, 100.54486374247456 14.819589145314037, 100.5453018 14.8171937, 100.5460394 14.8130202, 100.5466479 14.8096301, 100.5472253 14.8064172, 100.5478066 14.803425, 100.5484356 14.8001203, 100.5491719 14.7963601, 100.5499397 14.792427, 100.550635 14.7887134, 100.551328 14.7851718, 100.5520224 14.7815656, 100.5527282 14.7779264, 100.5534668 14.7741, 100.5541993 14.7702839, 100.5549544 14.7664554, 100.5556538 14.7627361, 100.5563659 14.7590086, 100.5571478 14.7550059, 100.5578431 14.7513966, 100.5609461 14.7490508, 100.5642573 14.7465578, 100.5671822 14.7443598, 100.5690665 14.7412504, 100.5711023 14.7379107, 100.5729517 14.7348702, 100.574841 14.7317616, 100.5766246 14.7288342, 100.5784821 14.7257875, 100.5805299 14.7224229, 100.5825369 14.7191257, 100.5846096 14.7157292, 100.5873508 14.7130296, 100.5900511 14.7103763, 100.5928843 14.7089804, 100.596656 14.7071221, 100.6004138 14.7052716, 100.60419 14.7034147, 100.6079636 14.7015633, 100.611604 14.6997625, 100.6151143 14.6980385, 100.6188677 14.6981072, 100.6228632 14.6981643, 100.6268577 14.6982301, 100.6309437 14.6982785, 100.6349382 14.6983466, 100.63885610911176 14.698406943343238, 100.64298449999997 14.698467174256693)"
TH32-230,way/403481611-230,230.0,1027.7989492113718,20565.57,Al/St 240/40 2-bundle 220.0,"LINESTRING (100.65532330000002 14.69872597425644, 100.65948203853279 14.698720359186794, 100.6620295 14.6987604, 100.6657457 14.6988077, 100.668218 14.6957839, 100.6707635 14.6926731, 100.6733015 14.6895571, 100.6757785 14.6865215, 100.6782288 14.6834935, 100.680793 14.6803417, 100.6833123 14.6772683, 100.6857799 14.6742299, 100.688212 14.6712524, 100.6906286 14.6682905, 100.693109 14.6652559, 100.6956752 14.6621207, 100.6981318 14.6591002, 100.7005119 14.6561939, 100.7031398 14.6529664, 100.7055907 14.649979, 100.7094383 14.6493107, 100.7131475 14.6486857, 100.7169871 14.647998, 100.7208742 14.6473518, 100.7249445 14.646644, 100.7289262 14.6459648, 100.7328624 14.6452868, 100.7350578 14.6454801, 100.73729 14.6456611, 100.7393647 14.6448528, 100.742175 14.6437609, 100.7444549 14.6433003, 100.7480142 14.6426943, 100.7498998 14.6423732, 100.7534872 14.6433788, 100.7567274 14.6442815, 100.7589368 14.6449066, 100.7608757 14.6446637, 100.76277 14.6444353, 100.7659343 14.6415738, 100.7683172 14.6394189, 100.7690618 14.6387455, 100.772087 14.6360076, 100.7751964 14.6332126, 100.7765723 14.6319721, 100.7796213 14.6292075, 100.7825315 14.6265448, 100.785378 14.6239858, 100.7862082 14.620401, 100.7870014 14.6169686, 100.7878698 14.6132533, 100.7885745 14.6102367, 100.7894064 14.6066471, 100.7902942 14.6027642, 100.7912055 14.5988955, 100.7920859 14.5951253, 100.7929556 14.5913869, 100.7937656 14.5877905, 100.7962621 14.5869339, 100.79698282555923 14.586679640310685, 100.80288522568657 14.583786001266255)"
way/252757805-230,TH35-230,230.0,1027.7989492113718,15285.37,Al/St 240/40 2-bundle 220.0,"LINESTRING (100.34448245802699 14.612459745486968, 100.34350596298312 14.618540855078495, 100.3435256 14.6203105, 100.3465468 14.6219965, 100.34992 14.6238384, 100.353214 14.6256987, 100.3565239 14.6275309, 100.3597647 14.6293177, 100.363435 14.6282648, 100.3671398 14.6272046, 100.3708668 14.6261412, 100.3745709 14.6250694, 100.378058 14.6240884, 100.3809579 14.6232565, 100.3846412 14.6221976, 100.388222 14.6211893, 100.3917692 14.6201778, 100.3954613 14.6191137, 100.39881 14.6181625, 100.4024618 14.6174442, 100.4062337 14.6167032, 100.4098808 14.6159947, 100.4137828 14.6152284, 100.4174846 14.6144975, 100.420378 14.6139365, 100.4242088 14.6131903, 100.4279445 14.6124604, 100.4318464 14.6116993, 100.4355908 14.6109745, 100.4394183 14.6102085, 100.4431875 14.6094766, 100.4468648 14.6087583, 100.4506434 14.6080211, 100.4541713 14.6073333, 100.4580422 14.6065787, 100.46114225851268 14.606543188086617, 100.46635974680254 14.606488436259466)"
way/403481611-230,TH34-230,230.0,1027.7989492113718,15734.53,Al/St 240/40 2-bundle 220.0,"LINESTRING (100.66563887463751 14.610486525723944, 100.67353201187169 14.609639170727831, 100.6758845 14.6087248, 100.679181 14.6074605, 100.6825572 14.6061491, 100.6862416 14.60473, 100.6897221 14.6033699, 100.6934443 14.6019145, 100.6970472 14.6005174, 100.7004677 14.5991872, 100.7040102 14.5978121, 100.7074857 14.5964559, 100.7108867 14.595125, 100.7144044 14.5937597, 100.717776 14.5924553, 100.7210771 14.5910855, 100.7247718 14.5916234, 100.7284082 14.5921322, 100.7321325 14.5926578, 100.7363422 14.5932418, 100.7400262 14.593772, 100.7440777 14.594343, 100.7475612 14.5948232, 100.7513854 14.5953768, 100.7550318 14.5958875, 100.7579286 14.5962839, 100.7618329 14.5968349, 100.7655712 14.5973715, 100.7690695 14.5961425, 100.7723753 14.5949589, 100.7756158 14.5938246, 100.7788532 14.5926799, 100.7821667 14.591529, 100.7854327 14.5903661, 100.7887023 14.5892013, 100.7919846 14.5880423, 100.7950484 14.5869781, 100.79700905253254 14.586296792630764, 100.80288522568657 14.583786001266255)"
way/403512774-230,way/772281525-230,230.0,1027.7989492113718,26838.91,Al/St 240/40 2-bundle 220.0,"LINESTRING (100.5666661531493 14.424634692008732, 100.5749140435153 14.42172545175916, 100.5752251 14.421431, 100.5782506 14.4185631, 100.5811903 14.4156952, 100.584173 14.4128481, 100.5872843 14.4099177, 100.5902884 14.4070497, 100.592756 14.4047012, 100.5958674 14.4017916, 100.5988249 14.3990171, 100.6023262 14.3956188, 100.6048796 14.3932079, 100.6078622 14.3903604, 100.6104586 14.3878663, 100.6134841 14.384998, 100.6165311 14.3820673, 100.6195138 14.3792197, 100.619385 14.375312, 100.6192187 14.3714718, 100.6191168 14.3676107, 100.6190202 14.363708, 100.6188807 14.3597377, 100.6187896 14.3556581, 100.6186823 14.3516149, 100.6186125 14.3473949, 100.618457 14.343207, 100.618355 14.3390378, 100.6182477 14.3348695, 100.618119 14.330618, 100.6180117 14.3264807, 100.6178615 14.322385, 100.6177328 14.3182684, 100.6176255 14.3141309, 100.6174109 14.3100973, 100.6173894 14.3059181, 100.6172607 14.3018428, 100.6170461 14.2977466, 100.6170247 14.2935984, 100.616853 14.2895228, 100.6166813 14.2853172, 100.6165848 14.2813091, 100.6164668 14.2771918, 100.6163595 14.2730951, 100.6162415 14.2689776, 100.6161342 14.2653487, 100.6159732 14.2612831, 100.6159089 14.257155, 100.6157265 14.2531411, 100.6156406 14.2491377, 100.6155226 14.2450509, 100.6154153 14.2409537, 100.6152222 14.2368954, 100.6150955 14.2328045, 100.6149754 14.2287051, 100.6148461 14.2246226, 100.614726 14.2206583, 100.6146026 14.2165573, 100.6144765 14.2124752, 100.6143552 14.2083721, 100.6142447 14.2042846, 100.61421046429845 14.203250856566267, 100.61232018787868 14.19858527909928)"
TH40-230,way/381823390-230,230.0,2055.597898422744,27863.7,Al/St 240/40 2-bundle 220.0,"LINESTRING (100.61306949889341 14.16775517323302, 100.61325269436549 14.172028842131178, 100.6133354 14.1743104, 100.6134153 14.1772886, 100.6135016 14.1804239, 100.6136651 14.1853102, 100.6137684 14.1886706, 100.6138559 14.1915937, 100.6139227 14.1943724, 100.6177873 14.1942349, 100.6195576 14.1969178, 100.6213412 14.1995389, 100.6230907 14.2021021, 100.6248261 14.2046607, 100.6265635 14.2072342, 100.6282472 14.2097408, 100.6312694 14.2110435, 100.634301 14.2123292, 100.6372984 14.2136462, 100.6403547 14.2149508, 100.642821 14.2160226, 100.6453819 14.2171101, 100.6464809 14.2201912, 100.6477368 14.2236297, 100.6488211 14.2266651, 100.6503942 14.2292534, 100.6519519 14.2318552, 100.654203 14.2338038, 100.6575732 14.2349478, 100.6607999 14.2360365, 100.6626784 14.2385557, 100.6645476 14.2410544, 100.6666203 14.2438407, 100.6687312 14.2466536, 100.6715864 14.2477384, 100.6746354 14.2489284, 100.677842 14.2501986, 100.68072 14.2513126, 100.6837857 14.2524759, 100.6867053 14.2536211, 100.6892467 14.2528971, 100.6923393 14.252034, 100.6953045 14.2512021, 100.6983112 14.2503598, 100.700685 14.2525955, 100.7029917 14.2547604, 100.7063324 14.2543113, 100.709712 14.2538759, 100.7131224 14.2534486, 100.7165369 14.2529946, 100.7199439 14.2525604, 100.723355 14.2520847, 100.7267955 14.2516316, 100.7304889 14.2516757, 100.734244 14.2517901, 100.7380634 14.2518941, 100.7416254 14.2519778, 100.7455522 14.2520605, 100.7490272 14.252165, 100.7523789 14.2522274, 100.7542517 14.2497832, 100.755346 14.248369, 100.7570208 14.2462278, 100.7589198 14.2438465, 100.7606684 14.2414492, 100.7624923 14.239099, 100.7642733 14.2367488, 100.76513979251895 14.235610394641816, 100.77856071847899 14.227560932469604)"
way/147606553-230,way/301623867-230,230.0,1027.7989492113718,6871.78,Al/St 240/40 2-bundle 220.0,"LINESTRING (100.39139859000485 13.711104334071589, 100.39302966268511 13.698575385785082, 100.3932762 13.697163, 100.3936356 13.6950652, 100.3939682 13.6930378, 100.3946388 13.6891157, 100.3949419 13.6873749, 100.3952637 13.6854412, 100.3955454 13.6836013, 100.3958538 13.6819048, 100.3961676 13.680044, 100.3964734 13.6782484, 100.397093 13.6746832, 100.3973773 13.6729057, 100.399066 13.6716925, 100.4007692 13.6704649, 100.4024462 13.6692556, 100.4041223 13.6680646, 100.4053263 13.667168, 100.4063375 13.6664513, 100.4075123 13.6655965, 100.4091618 13.664408, 100.4104043 13.6634951, 100.4121178 13.662279, 100.4137272 13.6611123, 100.4154331 13.6599199, 100.4170518 13.6587066, 100.4183138 13.6578296, 100.41843311107289 13.657741490915404, 100.42353437309298 13.653379175508425)"
way/404006545-230,TH58-230,230.0,1027.7989492113718,12096.22,Al/St 240/40 2-bundle 220.0,"LINESTRING (100.84233252675212 13.492984744284218, 100.84291398456556 13.497416406641273, 100.8430043 13.4979239, 100.8434533 13.5004467, 100.8432045 13.5044247, 100.8449312 13.5057581, 100.8466639 13.5071318, 100.849855 13.5082233, 100.8529268 13.5092502, 100.8535527 13.5123559, 100.8541989 13.5155628, 100.8576891 13.5178128, 100.8610633 13.517773, 100.8650149 13.5177599, 100.8673625 13.5177436, 100.8708111 13.5164553, 100.8727135 13.5177123, 100.8758269 13.5176674, 100.8786553 13.5170095, 100.8814816 13.5163236, 100.8842517 13.5156104, 100.8869721 13.5148997, 100.8903691 13.5152994, 100.8928918 13.5156188, 100.8951669 13.5158914, 100.8975736 13.5162663, 100.8992815 13.5193905, 100.9010537 13.5224916, 100.9039522 13.5236544, 100.9049701 13.5240548, 100.9076035 13.5257344, 100.91040510378517 13.527521195320025, 100.91338362918243 13.529729201768921)"
TH58-230,way/403692059-230,230.0,1027.7989492113718,14936.23,Al/St 240/40 2-bundle 220.0,"LINESTRING (100.91338362918243 13.529729201768921, 100.9191579465139 13.53328441939951, 100.920091 13.5339414, 100.922331 13.5360172, 100.9236624 13.5372431, 100.9276951 13.5368129, 100.930504 13.5395125, 100.9333277 13.5421648, 100.9332557 13.5449295, 100.9333053 13.547528, 100.9333361 13.5504048, 100.9334106 13.5535742, 100.9350266 13.5565944, 100.9364636 13.5592872, 100.9379576 13.5620882, 100.939779 13.5655084, 100.9403414 13.5665645, 100.9420399 13.5697416, 100.9428466 13.5730828, 100.943733 13.5761, 100.9453893 13.5760042, 100.9471139 13.5758999, 100.9472528 13.5730215, 100.9487266 13.5717491, 100.9517998 13.5726545, 100.9552028 13.5736798, 100.9589639 13.5748074, 100.9626046 13.5758911, 100.9661463 13.5769454, 100.9690457 13.5778084, 100.9725775 13.5788676, 100.9756466 13.5797827, 100.9784723 13.5806301, 100.9813906 13.5797697, 100.9847178 13.5788011, 100.9878158 13.577884, 100.98973889811435 13.576218205612065, 100.99454856234456 13.57049933165331)"
TH59-230,TH61-230,230.0,1027.7989492113718,2699.94,Al/St 240/40 2-bundle 220.0,"LINESTRING (100.96858962250253 13.52114019823228, 100.97930705349481 13.520871302261039, 100.9803074 13.5208753, 100.9820789 13.5208765, 100.9837408 13.5208969, 100.9855461 13.5209152, 100.98677802259957 13.520916535562227, 100.99086890000001 13.52095427540563)"
TH60-230,way/155851424-230,230.0,1027.7989492113718,3802.25,Al/St 240/40 2-bundle 220.0,"LINESTRING (101.00564939999997 13.52106237540556, 101.00975546617646 13.521067169003594, 101.0106681 13.5210523, 101.0123452 13.5210705, 101.0142616 13.5210957, 101.0160228 13.5210846, 101.0178239 13.5211067, 101.0195787 13.5211006, 101.0213802 13.5211022, 101.0228286 13.5198804, 101.0240037 13.518876, 101.0240309 13.5171333, 101.0240081 13.5154375, 101.02402480846645 13.514587322417862, 101.02603356835249 13.503831497670792)"
way/155851424-230,TH60-230,230.0,513.8994746056859,3769.17,Al/St 240/40 2-bundle 220.0,"LINESTRING (101.00564939999997 13.52106237540556, 101.00982273842625 13.520910414482314, 101.010651 13.5208952, 101.0122784 13.5209082, 101.0142371 13.5209115, 101.0159906 13.5209108, 101.0178105 13.520918, 101.0195687 13.5209304, 101.0213302 13.5209669, 101.0227249 13.5197607, 101.0238726 13.5188193, 101.0238552 13.5172911, 101.0238589 13.5154352, 101.02386673940806 13.514604796360292, 101.02603356835249 13.503831497670792)"
way/155851424-230,TH60-230,230.0,513.8994746056859,3832.49,Al/St 240/40 2-bundle 220.0,"LINESTRING (101.00564939999997 13.52106237540556, 101.00969463072384 13.521196540059877, 101.0106677 13.5212133, 101.0123656 13.5212133, 101.0142364 13.5212264, 101.0160053 13.5212251, 101.0178078 13.5212264, 101.019566 13.521242, 101.02141 13.5212088, 101.0229295 13.5199928, 101.0241284 13.5189386, 101.0241733 13.5171157, 101.024172 13.5154355, 101.02418118175085 13.514558414518087, 101.02603356835249 13.503831497670792)"
TH52-230,TH53-230,230.0,1027.7989492113718,6506.72,Al/St 240/40 2-bundle 220.0,"LINESTRING (100.70003570000002 13.594844275327542, 100.70453678375756 13.593745898759794, 100.7049763 13.5936385, 100.7056612 13.5934744, 100.7081816 13.5928701, 100.7101034 13.5924236, 100.7119239 13.5919974, 100.7138759 13.5915431, 100.7154892 13.5911546, 100.7175076 13.5906971, 100.7189855 13.5903556, 100.7207497 13.5899195, 100.7225294 13.5895109, 100.7243372 13.589082, 100.7260867 13.5886811, 100.7278448 13.5882523, 100.7296319 13.5878377, 100.7315979 13.5873704, 100.7332475 13.5869963, 100.7349721 13.5865954, 100.7368108 13.5861431, 100.7385603 13.585737, 100.7403372 13.5853036, 100.7419238 13.5849314, 100.7438751 13.5844843, 100.7457278 13.5840541, 100.7473103 13.5836721, 100.7492469 13.5832146, 100.7509695 13.5828046, 100.75258570909183 13.582429027669825, 100.7585094981866 13.581027495712107)"
TH52-230,TH53-230,230.0,513.8994746056859,6507.22,Al/St 240/40 2-bundle 220.0,"LINESTRING (100.70003570000002 13.594844275327542, 100.70449132839452 13.59390888137189, 100.7048449 13.5938282, 100.706072 13.5935303, 100.7080112 13.5930787, 100.709986 13.592614, 100.711936 13.5921708, 100.7139161 13.5916917, 100.7155389 13.5913085, 100.7175344 13.590849, 100.7188366 13.5905394, 100.7207886 13.5900688, 100.7225569 13.5896679, 100.7243305 13.5892638, 100.7260974 13.588835, 100.7279521 13.5883983, 100.7297003 13.5879955, 100.7316502 13.5875451, 100.7332904 13.5871462, 100.7350057 13.5867375, 100.7367927 13.5862663, 100.7386018 13.5858811, 100.7403661 13.5854568, 100.7419868 13.5850826, 100.7438952 13.5846068, 100.7457506 13.5841975, 100.747207 13.5838586, 100.7492871 13.5833658, 100.7510044 13.5829565, 100.75254670180048 13.582599550402398, 100.7585094981866 13.581027495712107)"
TH52-230,TH53-230,230.0,513.8994746056859,6507.48,Al/St 240/40 2-bundle 220.0,"LINESTRING (100.70003570000002 13.594844275327542, 100.70457792006772 13.593566335977833, 100.7047745 13.5935167, 100.7061196 13.5932012, 100.707916 13.5927789, 100.7099082 13.5923063, 100.7118823 13.5918397, 100.7138397 13.5913919, 100.7154597 13.5910093, 100.7171287 13.5906254, 100.7190405 13.5901705, 100.7208449 13.5897338, 100.7226239 13.5893238, 100.7242963 13.5889223, 100.726029 13.5885195, 100.7279669 13.5880802, 100.7296748 13.5876657, 100.7315657 13.5872479, 100.733214 13.5868477, 100.7349279 13.5864559, 100.7367746 13.5860264, 100.7386588 13.5855519, 100.740303 13.5851602, 100.7418996 13.5847776, 100.7438362 13.5843474, 100.7456849 13.5838885, 100.7472607 13.5835209, 100.7491999 13.5830634, 100.7509259 13.5826521, 100.75263847005661 13.582254120959352, 100.7585094981866 13.581027495712107)"
TH53-230,TH54-230,230.0,1027.7989492113718,8727.56,Al/St 240/40 2-bundle 220.0,"LINESTRING (100.7585094981866 13.581027495712107, 100.76442998969341 13.579639988512497, 100.7652593 13.5794455, 100.7671965 13.578988, 100.7687925 13.5786138, 100.7705533 13.5782038, 100.7722532 13.5777958, 100.7740509 13.5773669, 100.7758058 13.5769563, 100.7775251 13.5765574, 100.7792014 13.5761591, 100.7808724 13.5757674, 100.7825413 13.5753744, 100.7842467 13.5749728, 100.7859814 13.5745661, 100.7876953 13.5741541, 100.7894542 13.5737448, 100.79127 13.5733022, 100.7930899 13.5729026, 100.7949084 13.5724515, 100.7968135 13.5720187, 100.7984932 13.5716166, 100.800183 13.5712046, 100.8019767 13.5706545, 100.8035733 13.5701499, 100.8054267 13.5695515, 100.8070461 13.5690522, 100.8087942 13.5684891, 100.8105866 13.5679259, 100.8120672 13.5674605, 100.8141459 13.5667878, 100.8177119 13.5656646, 100.8194949 13.5650975, 100.8212793 13.5645307, 100.8227357 13.5640575, 100.8247769 13.5634239, 100.826582 13.5628548, 100.8283727 13.5622933, 100.8301403 13.5617301, 100.8319018 13.5611714, 100.8328057677425 13.560886381040943, 100.8376662673168 13.559294345054917)"
TH53-230,TH54-230,230.0,513.8994746056859,8726.99,Al/St 240/40 2-bundle 220.0,"LINESTRING (100.7585094981866 13.581027495712107, 100.76446890394226 13.579469813867199, 100.7652151 13.5792969, 100.7671597 13.578842, 100.7687596 13.5784607, 100.7705171 13.5780546, 100.7720869 13.577683, 100.7740127 13.57723, 100.7757836 13.576809, 100.7776759 13.5763605, 100.7791558 13.5760105, 100.7808497 13.5756103, 100.7824995 13.5752211, 100.7842292 13.5748203, 100.7859492 13.574424, 100.7876658 13.5740029, 100.7894374 13.5735818, 100.7912499 13.5731536, 100.7929685 13.5727683, 100.7948629 13.5723349, 100.7967779 13.5718642, 100.798449 13.571479, 100.8001562 13.5710938, 100.8019533 13.5704804, 100.8036417 13.5699537, 100.8053845 13.5694068, 100.8069978 13.5689128, 100.8088345 13.5683111, 100.8109105 13.5676697, 100.812029 13.5673079, 100.8140024 13.5666796, 100.8176663 13.5655128, 100.819448 13.5649483, 100.8211606 13.5644362, 100.8226827 13.563916, 100.8247279 13.5632779, 100.8265431 13.5627082, 100.8283258 13.5621499, 100.8300699 13.561584, 100.8318495 13.5610241, 100.8328417048246 13.560728916209666, 100.8376662673168 13.559294345054917)"
TH53-230,TH54-230,230.0,513.8994746056859,8729.54,Al/St 240/40 2-bundle 220.0,"LINESTRING (100.7585094981866 13.581027495712107, 100.76437861116987 13.579806590357657, 100.7652989 13.5795935, 100.7671623 13.57916, 100.768838 13.5787722, 100.7705895 13.5783518, 100.7721553 13.5779653, 100.7740952 13.577537, 100.7754336 13.5771942, 100.7775646 13.5767073, 100.7792262 13.5763155, 100.7809073 13.575916, 100.782576 13.5755158, 100.7842842 13.5751201, 100.7860156 13.5747049, 100.7877376 13.5743053, 100.7894984 13.5739084, 100.7913237 13.5734586, 100.7932039 13.5730251, 100.7949339 13.572608, 100.7969007 13.5721458, 100.7985214 13.5717593, 100.8002219 13.5713311, 100.8020585 13.5707966, 100.8037101 13.5702594, 100.805481 13.5696989, 100.8071038 13.5691917, 100.8088479 13.5686462, 100.810533 13.5681201, 100.8123716 13.5675354, 100.8141023 13.5669755, 100.8177401 13.5658165, 100.8195466 13.5652435, 100.8212347 13.5647071, 100.822853 13.5641885, 100.8248231 13.5635673, 100.8266383 13.5629839, 100.8284371 13.5624288, 100.8301919 13.5618735, 100.8319528 13.5613227, 100.83277594477099 13.561047789521547, 100.8376662673168 13.559294345054917)"
TH61-230,TH60-230,230.0,2055.597898422744,1803.59,Al/St 240/40 2-bundle 220.0,"LINESTRING (100.99086890000001 13.52095427540563, 100.9949725339137 13.520964776352763, 100.995478 13.5209654, 101.00154485506123 13.521054221251324, 101.00564939999997 13.52106237540556)"
TH54-230,TH59-230,230.0,513.8994746056859,14610.67,Al/St 240/40 2-bundle 220.0,"LINESTRING (100.8376662673168 13.559294345054917, 100.84858960846331 13.555738389643432, 100.8488048 13.555668, 100.8505181 13.5551119, 100.8522407 13.5545904, 100.8540009 13.5540256, 100.8554895 13.5535517, 100.8569265 13.5531182, 100.8587571 13.5525145, 100.8603343 13.5520178, 100.8619429 13.5514989, 100.8637092 13.5509376, 100.8652673 13.5504544, 100.8669359 13.549937, 100.8685921 13.5494083, 100.8702028 13.5489044, 100.8719335 13.5483603, 100.8734327 13.5478825, 100.8768535 13.5468113, 100.8786631 13.5462447, 100.8799969 13.5456391, 100.8812233 13.545066, 100.8827596 13.5443854, 100.8844205 13.5436358, 100.8859571 13.5429503, 100.8877629 13.5421484, 100.88923 13.5414893, 100.8909735 13.5406868, 100.8926693 13.5398863, 100.8941653 13.5392526, 100.8957646 13.5385479, 100.897221 13.5378869, 100.898825 13.5371821, 100.9004524 13.5364357, 100.901878 13.5358072, 100.9036697 13.5350014, 100.9054306 13.534212, 100.9068937 13.5335581, 100.9085781 13.5328142, 100.9103457 13.5320143, 100.9118531 13.5313773, 100.9135818 13.5305696, 100.9151485 13.5298639, 100.9168155 13.5291493, 100.9184859 13.5283729, 100.9202286 13.5275905, 100.921965 13.5268189, 100.9234577 13.5261419, 100.9249909 13.5254642, 100.9262173 13.5249009, 100.9281405 13.5240553, 100.9297411 13.5233264, 100.9311117 13.5227126, 100.9329302 13.5219139, 100.934673 13.5211329, 100.9362528 13.5204483, 100.9378997 13.5204203, 100.9399154 13.5204535, 100.9413235 13.520449, 100.9434552 13.5204763, 100.9450847 13.5204855, 100.9472532 13.5204959, 100.9490148 13.5204926, 100.9509272 13.5205272, 100.9527115 13.5205207, 100.9545495 13.5205735, 100.9564103 13.5205533, 100.9584179 13.5205585, 100.9605249 13.5205698, 100.9620182 13.5205803, 100.9638112 13.5205992, 100.96522689056555 13.520626429122434, 100.96858962250253 13.52114019823228)"
TH59-230,TH54-230,230.0,513.8994746056859,14601.03,Al/St 240/40 2-bundle 220.0,"LINESTRING (100.8376662673168 13.559294345054917, 100.84852221080038 13.556068767136157, 100.8490757 13.5559046, 100.8507051 13.5553831, 100.8523158 13.5548766, 100.8541008 13.5543137, 100.8555915 13.5538463, 100.8570311 13.5533894, 100.8588403 13.5528111, 100.8604339 13.5523201, 100.8620435 13.551802, 100.8638084 13.5512453, 100.8653696 13.5507584, 100.8670418 13.5502369, 100.8686873 13.5496964, 100.8703228 13.5491841, 100.8719789 13.5486646, 100.8735369 13.5481722, 100.8766698 13.5471759, 100.8787778 13.546482, 100.8801142 13.5459083, 100.881338 13.5453477, 100.8828963 13.5446664, 100.8845486 13.5439069, 100.8860858 13.5432345, 100.8877756 13.5424613, 100.8893501 13.5417684, 100.8910875 13.5409463, 100.8928255 13.5401946, 100.8942907 13.5395388, 100.8958933 13.5388237, 100.897384 13.5381568, 100.8989906 13.5374175, 100.9006328 13.5366977, 100.9020034 13.5360256, 100.9037998 13.535285, 100.9055566 13.5345001, 100.9070204 13.533841, 100.9087022 13.5330978, 100.9102398 13.5324107, 100.9119731 13.5316114, 100.9137327 13.5308395, 100.9152766 13.5301448, 100.9169235 13.5293827, 100.9186133 13.5286519, 100.9203477 13.5278816, 100.9220958 13.5270921, 100.9234684 13.5264796, 100.9250928 13.5257602, 100.9263501 13.5251708, 100.9282699 13.5243317, 100.9298792 13.5235924, 100.9312404 13.5229994, 100.9330375 13.5221884, 100.934848 13.5213832, 100.9362944 13.5207, 100.938123 13.5207319, 100.9399187 13.520758, 100.9413135 13.5207515, 100.9435907 13.520773, 100.9448936 13.5207854, 100.9469729 13.5207893, 100.9489987 13.520803, 100.9509205 13.5208278, 100.9527028 13.5208271, 100.9545482 13.5208447, 100.9564217 13.5208623, 100.9583147 13.520863, 100.9600085 13.520875, 100.9619914 13.5208756, 100.963779 13.5208847, 100.96510538683539 13.52089019992102, 100.96858962250253 13.52114019823228)"
TH59-230,TH61-230,230.0,513.8994746056859,2699.8,Al/St 240/40 2-bundle 220.0,"LINESTRING (100.96858962250253 13.52114019823228, 100.97924357060255 13.521006211822403, 100.9804131 13.5210288, 100.9820881 13.5210256, 100.9837538 13.521049, 100.9855401 13.5210451, 100.98672153269216 13.521039261487184, 100.99086890000001 13.52095427540563)"
TH59-230,TH61-230,230.0,513.8994746056859,2700.66,Al/St 240/40 2-bundle 220.0,"LINESTRING (100.96858962250253 13.52114019823228, 100.97937789297096 13.520713851166049, 100.9803863 13.5207146, 100.9820908 13.520723, 100.9837578 13.52074, 100.9855515 13.5207504, 100.98684366513221 13.520777013546558, 100.99086890000001 13.52095427540563)"
TH62-230,way/155851424-230,230.0,2055.597898422744,4968.54,Al/St 240/40 2-bundle 220.0,"LINESTRING (101.02603356835249 13.503831497670792, 101.03020809654409 13.508612899972679, 101.0308426 13.5094036, 101.0348444 13.5100819, 101.0369043 13.5107754, 101.0389321 13.5114534, 101.0414909 13.5120846, 101.0440497 13.5126951, 101.0468071 13.5129924, 101.0496019 13.5132949, 101.052429 13.5135972, 101.0552024 13.5138945, 101.05666160144112 13.5140587601209, 101.06059359999998 13.514431675412604)"
way/404291501-230,TH65-230,230.0,1027.7989492113718,31516.14,Al/St 240/40 2-bundle 220.0,"LINESTRING (101.0222524 13.198484375755855, 101.02272043201461 13.202672850275782, 101.0229524 13.2048166, 101.0233652 13.2085217, 101.0238044 13.2123093, 101.0242024 13.2159881, 101.0245926 13.2195093, 101.0248494 13.2231495, 101.0250449 13.2261796, 101.0252578 13.2294917, 101.0254952 13.2329755, 101.0257017 13.2361426, 101.0259475 13.2397832, 101.0261054 13.2424992, 101.0263625 13.2463734, 101.0266167 13.2499979, 101.0268178 13.2533149, 101.0270224 13.2561006, 101.0273519 13.2610962, 101.02754 13.2635737, 101.027711 13.2659709, 101.0279041 13.2688485, 101.0281817 13.2719923, 101.0289059 13.2741473, 101.0295946 13.2760948, 101.0305595 13.27741, 101.0322831 13.2799178, 101.0343005 13.2823469, 101.0367051 13.2853358, 101.0384683 13.2875411, 101.0404326 13.2899978, 101.0425309 13.2926221, 101.0492344 13.30093, 101.0513527 13.3035292, 101.05363 13.3063731, 101.055894 13.3092194, 101.0581739 13.3120355, 101.0604259 13.3148697, 101.0627088 13.3176867, 101.064924 13.3204592, 101.0673152 13.3234333, 101.0695394 13.3261941, 101.0694871 13.3298108, 101.0694267 13.3334354, 101.0693818 13.3370475, 101.0693281 13.3403604, 101.0692719 13.3438248, 101.0692357 13.3474459, 101.0691706 13.3511162, 101.0691153 13.3548709, 101.0690667 13.3585469, 101.0690114 13.3622497, 101.068957 13.365891, 101.068901 13.3694024, 101.0688695 13.3726519, 101.0688286 13.3762021, 101.068784 13.3797297, 101.0687569 13.3835238, 101.0686948 13.3869828, 101.068671 13.3904636, 101.0686388 13.3939291, 101.0686 13.3974476, 101.0685557 13.400955, 101.0685322 13.4044702, 101.0684974 13.4079619, 101.0684632 13.4114783, 101.0680165 13.4142255, 101.0680571 13.4154234, 101.0684236 13.4164938, 101.0683857 13.418444, 101.0683455 13.4219877, 101.0683193 13.4254928, 101.0682744 13.4290239, 101.0682248 13.4325387, 101.0682077 13.4345615, 101.0681946 13.4361206, 101.0681547 13.439602, 101.06814775205041 13.440376729675734, 101.0659336198212 13.446029631104215)"
way/403525677-230,TH72-230,230.0,1027.7989492113718,24106.56,Al/St 240/40 2-bundle 220.0,"LINESTRING (101.02931579999999 12.96099717602338, 101.03028361692908 12.956130082315596, 101.0303073 12.9560089, 101.0309423 12.9527408, 101.0316584 12.9490401, 101.0323739 12.945336, 101.033137 12.9414796, 101.0338679 12.9376761, 101.0346283 12.9337601, 101.0353894 12.9298186, 101.0359962 12.9267227, 101.0366876 12.9231131, 101.0374004 12.9194635, 101.0381172 12.9158081, 101.038771 12.9124421, 101.0394797 12.9087865, 101.0402016 12.9050717, 101.0408896 12.9015245, 101.0416386 12.8977119, 101.0421707 12.8949882, 101.0428228 12.8916448, 101.0435443 12.8879091, 101.0442591 12.8841819, 101.044868 12.8810776, 101.0456036 12.8772621, 101.0461977 12.8742133, 101.0468461 12.8708444, 101.0475146 12.8673716, 101.0482449 12.8636434, 101.0489194 12.8602094, 101.049539 12.8570146, 101.050171 12.8537521, 101.0508845 12.8503656, 101.0540317 12.8469121, 101.0564417 12.844269, 101.0588879 12.8416277, 101.061324 12.8389969, 101.0636005 12.8365118, 101.0659783 12.8339345, 101.0684935 12.8311984, 101.0710027 12.8284903, 101.0733517 12.8259244, 101.0760926 12.822923, 101.0785988 12.8202276, 101.0809511 12.8176629, 101.0836242 12.8147706, 101.0862306 12.8118917, 101.0883945 12.8095783, 101.0910432 12.8067039, 101.0938035 12.8037255, 101.0959989 12.8013101, 101.0981145 12.7990188, 101.1003709 12.7965939, 101.1026461 12.7941378, 101.105095 12.7914477, 101.107176 12.7892165, 101.1095645 12.7866558, 101.1119074 12.7841309, 101.1150855 12.782452, 101.1182381 12.7807861, 101.1213488 12.7791273, 101.1245936 12.7774055, 101.1273633 12.7759462, 101.1300123 12.7745399, 101.1333255 12.7727847, 101.1358743 12.7713551, 101.1379986 12.7702182, 101.1403962 12.7689582, 101.1431159 12.7675119, 101.1453143 12.7662949, 101.147498 12.7650781, 101.14931001178864 12.764080031945452, 101.16021755625701 12.757737830693532)"
TH72-230,way/404544820-230,230.0,1027.7989492113718,21191.51,Al/St 240/40 2-bundle 220.0,"LINESTRING (100.92905779053874 13.126473696518241, 100.93331243143844 13.130965751340154, 100.9342326 13.1321562, 100.9386643 13.1339742, 100.9406991 13.1343127, 100.942478 13.1346086, 100.9437501 13.1337643, 100.9463075 13.1321529, 100.9495142 13.1301747, 100.9526503 13.1281927, 100.9552708 13.1265451, 100.9582065 13.1246879, 100.9611033 13.1228633, 100.964212 13.1209244, 100.9671806 13.1190632, 100.9700854 13.1172419, 100.9720219 13.1160128, 100.9760207 13.1134823, 100.977035 13.1100908, 100.9781333 13.1064616, 100.9791861 13.1030538, 100.9802087 13.0995865, 100.9812407 13.0961296, 100.9823095 13.092631, 100.9839087 13.0894346, 100.9854302 13.0864517, 100.9870597 13.0831703, 100.9887119 13.0799235, 100.9903018 13.0767492, 100.9919171 13.0735346, 100.9935483 13.0703216, 100.9951723 13.0671204, 100.9967159 13.0640295, 100.9984788 13.0605303, 100.999999 13.0575, 101.0017484 13.0539916, 101.0034443 13.0505968, 101.0049529 13.0476686, 101.0067179 13.0441584, 101.0084388 13.0407358, 101.0101605 13.0373116, 101.0118218 13.0340368, 101.013586 13.0305443, 101.0153962 13.0269591, 101.0172255 13.0234325, 101.0179235 13.0198348, 101.0186658 13.0160403, 101.0193236 13.0126365, 101.0200612 13.0087988, 101.0208163 13.0049479, 101.0214929 13.0014322, 101.0220769 12.9983771, 101.0227052 12.9951605, 101.0233261 12.9920047, 101.023998 12.9884829, 101.0246773 12.9851231, 101.025077 12.9831511, 101.0264871 12.9756825, 101.0270879 12.9727048, 101.0277686 12.9691168, 101.02839252235941 12.965851418420456, 101.02931579999999 12.96099717602338)"
TH69-230,way/404544820-230,230.0,2055.597898422744,3277.4,Al/St 240/40 2-bundle 220.0,"LINESTRING (100.9106751100799 13.115484456888357, 100.9113953559865 13.121736816556323, 100.9115575 13.1221799, 100.9121952 13.1239379, 100.9157746 13.1254608, 100.9180246 13.1252893, 100.9204015 13.1258226, 100.92220755481902 13.126174200877413, 100.92905779053874 13.126473696518241)"
TH63-230,TH64-230,230.0,513.8994746056859,15293.48,Al/St 240/40 2-bundle 220.0,"LINESTRING (100.9505465 13.233203375717451, 100.95058698984096 13.237636932037539, 100.9506162 13.2397719, 100.950647 13.2429376, 100.9506698 13.2458226, 100.9506819 13.2491867, 100.9507456 13.2521819, 100.9507543 13.2549611, 100.9507966 13.2581057, 100.9508214 13.2609253, 100.9508536 13.2638845, 100.9508717 13.2668769, 100.9509106 13.2699516, 100.9509434 13.2733832, 100.9509754 13.276694, 100.9510071 13.2799858, 100.9510346 13.2827823, 100.9510527 13.2858124, 100.9510856 13.2890551, 100.9510897 13.2898528, 100.9511205 13.2922691, 100.9531938 13.2947137, 100.9553248 13.2972634, 100.9571635 13.2994188, 100.9590209 13.3016212, 100.9608227 13.3037737, 100.9627089 13.3060028, 100.9646924 13.3083983, 100.9666039 13.3106274, 100.966909 13.3109867, 100.9686306 13.3130144, 100.9720286 13.3170496, 100.9737087 13.3190447, 100.9756808 13.3214149, 100.9776931 13.3237548, 100.9798442 13.3263061, 100.9817828 13.3285937, 100.9836892 13.3308396, 100.9856546 13.3331781, 100.9874728 13.3353417, 100.98821211726555 13.33621787706351, 100.99049089999998 13.338918475601476)"
way/404544820-230,TH68-230,230.0,2055.597898422744,2377.2,Al/St 240/40 2-bundle 220.0,"LINESTRING (100.92905779053874 13.126473696518241, 100.9326476596513 13.131558620139794, 100.9337039 13.1329232, 100.9355191 13.1352564, 100.93702576723193 13.137209466816325, 100.94058679999999 13.13822817582294)"
way/404604266-230,TH26-230,230.0,513.8994746056859,1526.87,Al/St 240/40 2-bundle 220.0,"LINESTRING (104.89105758219041 15.153346697491855, 104.89865856932178 15.153528629221253, 104.89940456318726 15.153557261830032, 104.90345179999998 15.153685173867734)"
way/408050988-230,way/147606553-230,230.0,1027.7989492113718,13721.47,Al/St 240/40 2-bundle 220.0,"LINESTRING (100.29200583717653 13.69035388185522, 100.29679493757321 13.690404460129933, 100.2988562 13.6903949, 100.3023947 13.6903897, 100.3096152 13.690477, 100.3131028 13.69052, 100.3166453 13.6905552, 100.320106 13.6905897, 100.3238202 13.6906431, 100.3273386 13.6906711, 100.3307007 13.6907011, 100.3341588 13.6907431, 100.3376181 13.6907851, 100.3410789 13.6908223, 100.3446623 13.6908535, 100.3482457 13.6916269, 100.3509454 13.6922705, 100.353235 13.6927647, 100.355493 13.6932462, 100.3577454 13.693727, 100.3599596 13.6942019, 100.3627113 13.694708, 100.3664703 13.6955045, 100.3701729 13.696295, 100.3738122 13.697072, 100.3774553 13.6978525, 100.3803957 13.6990864, 100.3840621 13.699896, 100.3874248 13.7006385, 100.38956224474066 13.701116492375723, 100.39139859000485 13.711104334071589)"
TH79-230,TH80-230,230.0,2055.597898422744,3703.78,Al/St 240/40 2-bundle 220.0,"LINESTRING (99.0284342 10.005415180010809, 99.03150140839439 10.007067681459434, 99.0328164 10.0078242, 99.0346135 10.0088808, 99.0366965 10.0100559, 99.0387605 10.0111526, 99.0408094 10.0123779, 99.0423538 10.0132517, 99.0444123 10.0144163, 99.0464893 10.0155914, 99.04683772941453 10.015788255773836, 99.0517196408313 10.016733631533512)"
way/234182441-230,TH79-230,230.0,2055.597898422744,1399.04,Al/St 240/40 2-bundle 220.0,"LINESTRING (99.0517196408313 10.016733631533512, 99.05713872545894 10.016563305955026, 99.05735772783841 10.016556682307922, 99.06341132373062 10.015663518289118)"
way/239587274-230,way/550862967-230,230.0,1027.7989492113718,61263.44,Al/St 240/40 2-bundle 220.0,"LINESTRING (98.8076981807463 8.97047661886372, 98.81287627812459 8.97005757588191, 98.8149042 8.9685008, 98.8179364 8.9661025, 98.8209701 8.9637066, 98.8237381 8.9615088, 98.8248991 8.960648, 98.8281855 8.9580943, 98.8307279 8.9560814, 98.8343959 8.9562894, 98.8378586 8.9564709, 98.8412154 8.9566643, 98.8435194 8.9567835, 98.847068 8.9569928, 98.8492767 8.959792, 98.8516425 8.9627952, 98.8539915 8.965759, 98.8563063 8.9687595, 98.8585929 8.9717328, 98.8608882 8.9746544, 98.8633028 8.9777668, 98.8657054 8.9807241, 98.8681362 8.9838211, 98.8705039 8.9868605, 98.8732605 8.9888872, 98.8760916 8.9909775, 98.8790541 8.9931605, 98.8818959 8.9952527, 98.8848443 8.9974244, 98.8878095 8.9996279, 98.8908585 9.0018737, 98.8937606 9.0040235, 98.896818 9.0062743, 98.8995842 9.0083108, 98.9025748 9.0105125, 98.9056831 9.0128007, 98.9085808 9.0149322, 98.9115433 9.0170978, 98.9145649 9.0193131, 98.9174677 9.0214774, 98.9205019 9.0236728, 98.9234825 9.0258867, 98.9265483 9.0281423, 98.9294922 9.0302945, 98.9325231 9.0325342, 98.9355768 9.0347752, 98.9385474 9.0369618, 98.9417687 9.0388744, 98.9449833 9.0408544, 98.9478868 9.0426172, 98.9508359 9.0444158, 98.9536911 9.0461283, 98.9573953 9.0454462, 98.9610994 9.0447933, 98.9647874 9.0441297, 98.9684983 9.0434662, 98.9723137 9.0427669, 98.9761747 9.0420875, 98.9798266 9.0414093, 98.9837064 9.0407034, 98.9874588 9.0400584, 98.9911482 9.0402836, 98.9945358 9.0405498, 98.9978615 9.0407935, 99.0008967 9.0410345, 99.0043594 9.0399419, 99.0078677 9.0388505, 99.0114538 9.0377062, 99.0150131 9.0366042, 99.0185094 9.0355116, 99.022353 9.0350016, 99.0256327 9.034552, 99.0297411 9.0340679, 99.0333071 9.0335818, 99.0368123 9.0331068, 99.0401092 9.03266, 99.0435907 9.0322507, 99.0465371 9.0319143, 99.050201 9.0314309, 99.0538636 9.0309991, 99.0576187 9.0305276, 99.0612584 9.0300627, 99.0645187 9.0296574, 99.0674892 9.0292759, 99.0712108 9.0287978, 99.073889 9.0284998, 99.077695 9.027966, 99.0808707 9.0276269, 99.0848887 9.0270455, 99.0885177 9.0275475, 99.0920033 9.0279713, 99.0954493 9.0284864, 99.0987047 9.0289105, 99.1024116 9.0294084, 99.1057643 9.0298044, 99.1093491 9.030313, 99.1130103 9.0307858, 99.1165801 9.0312734, 99.1202831 9.0317792, 99.1237807 9.0322785, 99.1273896 9.0327593, 99.1310844 9.0332269, 99.1345659 9.0337143, 99.138274 9.0342652, 99.1421311 9.0347659, 99.1458646 9.0352874, 99.1493945 9.0357804, 99.1530624 9.0362691, 99.1567759 9.0367261, 99.1602132 9.0372241, 99.1636929 9.0377072, 99.1671467 9.0381433, 99.16947 9.0396723, 99.1719867 9.0413286, 99.1752939 9.0434675, 99.1782148 9.0453469, 99.180884 9.0470787, 99.1834934 9.0487718, 99.1861595 9.050479, 99.1894224 9.0523782, 99.1926813 9.0542893, 99.1960374 9.0561699, 99.1992044 9.0580665, 99.2024329 9.0598991, 99.2059073 9.0618714, 99.2094062 9.0638539, 99.2126497 9.0657266, 99.2147076 9.0693447, 99.2158087 9.0711988, 99.21835712721243 9.072164650906773, 99.2232072681921 9.07322483370226)"
TH9-500,way/343034987-500,500.0,4468.691083527704,99223.92,Al/St 240/40 4-bundle 380.0,"LINESTRING (102.87311729999996 18.16474827207614, 102.87276524493268 18.160466006712063, 102.8726134 18.1590688, 102.8717267 18.1550324, 102.8708645 18.1509452, 102.8700158 18.1468508, 102.8692799 18.1432376, 102.8684996 18.1397251, 102.8675893 18.1355003, 102.86671 18.1311615, 102.8658541 18.1270764, 102.8650477 18.1232126, 102.8649249 18.1196346, 102.8647965 18.1158973, 102.8646707 18.1122345, 102.8645492 18.108695, 102.864431 18.1052537, 102.8643277 18.1011095, 102.8640882 18.0966658, 102.8639369 18.0921632, 102.8638725 18.0878399, 102.8637212 18.0835226, 102.8635691 18.0791861, 102.863425 18.075077, 102.8632747 18.0707889, 102.8631334 18.0667605, 102.8629957 18.0628334, 102.8628452 18.0585415, 102.8626972 18.0543216, 102.8625663 18.0505861, 102.862411 18.0461575, 102.8622567 18.0417581, 102.8619765 18.0328216, 102.8601079 18.0296324, 102.8580357 18.0261736, 102.8560192 18.022659, 102.8539598 18.0189269, 102.8516123 18.0149552, 102.8495429 18.0115828, 102.8473903 18.0078627, 102.8450503 18.0038059, 102.8430951 18.0004612, 102.8408021 17.9966237, 102.8385091 17.9926916, 102.8362674 17.9888962, 102.8340908 17.9851365, 102.8318825 17.9813467, 102.8296177 17.977516, 102.8272836 17.9735217, 102.8250728 17.9697487, 102.8229109 17.9660276, 102.8206339 17.9622251, 102.8184333 17.9584421, 102.8164226 17.9549758, 102.8141211 17.9509441, 102.811965 17.9473627, 102.8116398 17.9466139, 102.813286 17.9436087, 102.8169284 17.9368899, 102.8183996 17.9342392, 102.8195637 17.9321475, 102.8221987 17.9289172, 102.8247334 17.9258959, 102.8273231 17.9228057, 102.8300109 17.9196105, 102.8327748 17.9163035, 102.8354196 17.9131304, 102.8379465 17.9101272, 102.8404981 17.9070359, 102.8426216 17.9045053, 102.8457227 17.9030239, 102.8515678 17.9002115, 102.8547575 17.8987148, 102.8583315 17.8969993, 102.8596139 17.8930331, 102.8608791 17.8891093, 102.8621022 17.8853162, 102.8634374 17.8811948, 102.8646323 17.8775108, 102.865942 17.8735007, 102.8672593 17.8694382, 102.8684606 17.8656908, 102.8696333 17.8620127, 102.8708056 17.8584102, 102.8719281 17.8549286, 102.8727569 17.8523813, 102.8719093 17.8491108, 102.8708961 17.8452377, 102.8699198 17.8414979, 102.8689743 17.8378902, 102.869903 17.8340902, 102.8708485 17.8301044, 102.8717175 17.826499, 102.8725725 17.823004, 102.8734495 17.8193678, 102.8743152 17.8157762, 102.8751722 17.8121973, 102.8760258 17.8087256, 102.8769592 17.804814, 102.8779436 17.8008033, 102.8774112 17.7967593, 102.8769163 17.7928123, 102.8764516 17.7892393, 102.8759903 17.7856988, 102.8755269 17.7820529, 102.8750575 17.7782001, 102.87457 17.7744698, 102.8740879 17.7707304, 102.8735957 17.7668894, 102.8730915 17.7630331, 102.872543 17.7586715, 102.8721353 17.7553763, 102.8746244 17.7524489, 102.8773186 17.7493081, 102.8799405 17.7462528, 102.8827823 17.7429472, 102.8849978 17.7403414, 102.887853 17.7370127, 102.8905057 17.7339483, 102.8929841 17.731018, 102.8944083 17.7293331, 102.8972917 17.7259786, 102.8998425 17.7229485, 102.9019125 17.7205743, 102.9045102 17.7190515, 102.9073299 17.7173985, 102.909776 17.7159779, 102.9133796 17.7138342, 102.9170965 17.7116675, 102.9207879 17.7094855, 102.9243525 17.707375, 102.9281881 17.7051392, 102.9300214 17.7022352, 102.9317152 17.6995344, 102.9334801 17.6967427, 102.9354193 17.6936457, 102.9366719 17.6890972, 102.9379433 17.6844591, 102.9392086 17.6798892, 102.9401413 17.6759383, 102.9402406 17.6723873, 102.9403237 17.6697601, 102.9412035 17.6666435, 102.9421141 17.6635101, 102.9422053 17.660348, 102.9423548 17.6561158, 102.942492 17.65206, 102.942618 17.6484235, 102.9427367 17.644955, 102.9428668 17.6412468, 102.943015 17.6372523, 102.9431404 17.6334334, 102.9432745 17.6295569, 102.9434099 17.625766, 102.94354 17.6217858, 102.9437023 17.6174591, 102.9438257 17.6137599, 102.9439692 17.6096427, 102.9440919 17.6058475, 102.9426582 17.6021488, 102.9411643 17.5983157, 102.9399224 17.5949613, 102.9385773 17.5915058, 102.9372201 17.5880427, 102.9358629 17.5845474, 102.9343769 17.5806712, 102.9329446 17.5770275, 102.9314694 17.5731524, 102.9299392 17.5692618, 102.9287014 17.5660705, 102.9274039 17.5626855, 102.9261533 17.5594896, 102.9248531 17.5564925, 102.9233577 17.5531258, 102.9220381 17.5500915, 102.9207667 17.5472337, 102.919266 17.5433234, 102.919332 17.5409947, 102.9194519 17.5367647, 102.9195638 17.5328196, 102.9196503 17.5295874, 102.9197247 17.5264817, 102.9199594 17.5223536, 102.9199661 17.5181626, 102.9200707 17.5149973, 102.9201679 17.5112257, 102.9202772 17.5075148, 102.9224766 17.5037993, 102.9247874 17.4998887, 102.9269841 17.4962076, 102.9284466 17.4924791, 102.9300177 17.488455, 102.9313031 17.4851734, 102.9329339 17.4810149, 102.9358468 17.4736148, 102.9373555 17.4697579, 102.9388495 17.4659265, 102.9403435 17.462166, 102.9440678 17.4602023, 102.9484599 17.4578535, 102.9520353 17.4559575, 102.9525516 17.452818, 102.9530324 17.449917, 102.9516778 17.4478936, 102.949809 17.4451122, 102.9476478 17.4419098, 102.945557 17.4387834, 102.9443983 17.4350179, 102.943135 17.430864, 102.9418194 17.426552, 102.9405668 17.4224164, 102.940595 17.418934, 102.9406218 17.4153524, 102.9406526 17.4110252, 102.9406902 17.4072713, 102.9407304 17.4037464, 102.9409208 17.3989577, 102.9407921 17.3959362, 102.9408236 17.3913635, 102.9408551 17.3883688, 102.9408967 17.3837799, 102.9409316 17.380067, 102.9397165 17.3770337, 102.9384987 17.3739193, 102.9377055 17.3718837, 102.9363958 17.3686613, 102.9350823 17.3654071, 102.9358862 17.361519, 102.9365997 17.3581551, 102.93660323987856 17.358137676255335, 102.93785026203611 17.351241696040503)"
way/259533943-500,TH1-500,500.0,4468.691083527704,178598.67,Al/St 240/40 4-bundle 380.0,"LINESTRING (100.75313028349814 18.742702731659982, 100.74675141404177 18.747093657102642, 100.7462737 18.7476655, 100.744476 18.7489852, 100.7416489 18.7490555, 100.7379474 18.7491476, 100.7351037 18.7492183, 100.7315199 18.7493074, 100.7260278 18.749444, 100.7228534 18.7507021, 100.7192981 18.7521112, 100.715971 18.7534299, 100.7120441 18.7549862, 100.7087013 18.756311, 100.7057232 18.7574913, 100.7027878 18.7586547, 100.6999567 18.7597767, 100.6961303 18.7612932, 100.692366 18.762785, 100.691567 18.7658815, 100.6904692 18.7701362, 100.6893573 18.7744453, 100.6886237 18.7772885, 100.6877028 18.7808574, 100.6869434 18.7838001, 100.685858 18.7880065, 100.6849005 18.7917167, 100.683927 18.795489, 100.6842571 18.797425, 100.6849846 18.801691, 100.6855548 18.8050349, 100.6862092 18.8088719, 100.6868004 18.8123386, 100.6875872 18.8169518, 100.6880579 18.819712, 100.6913431 18.8219529, 100.6962013 18.8252669, 100.7002009 18.827995, 100.704001 18.8282207, 100.7077642 18.8284442, 100.7117991 18.8286838, 100.7152925 18.8288912, 100.7195682 18.8291451, 100.7234184 18.8293738, 100.7268618 18.8295783, 100.7276612 18.8309423, 100.7290627 18.8333339, 100.7305889 18.8358864, 100.7329305 18.8398681, 100.7352774 18.8425691, 100.7375438 18.8450123, 100.7397808 18.8478998, 100.7418568 18.8505486, 100.7453437 18.8550389, 100.7490921 18.8598691, 100.7524931 18.8642779, 100.7531154 18.8680343, 100.7537535 18.8716346, 100.7545279 18.876536, 100.7551015 18.8804206, 100.7555026 18.8828517, 100.7563608 18.888319, 100.7569747 18.8924328, 100.7577469 18.8972651, 100.7533435 18.9021009, 100.7539778 18.906627, 100.7542624 18.9088752, 100.7548497 18.913336, 100.7551776 18.9164124, 100.7554978 18.9193049, 100.7560928 18.9232706, 100.7565583 18.9270588, 100.7569144 18.9296466, 100.7575483 18.9349578, 100.7579404 18.9380759, 100.7585362 18.9419949, 100.7589598 18.9460346, 100.7592985 18.9490576, 100.7599725 18.9539545, 100.7607249 18.9593965, 100.7614316 18.9650571, 100.7621719 18.9712725, 100.7626249 18.9750206, 100.7631289 18.9785103, 100.7637046 18.9835675, 100.7645362 18.9897512, 100.7653138 18.9963723, 100.7656209 18.998986, 100.7652758 19.0003924, 100.7644398 19.0034973, 100.7636527 19.0064505, 100.762033 19.0125344, 100.7610266 19.0165558, 100.7599157 19.0205827, 100.7587966 19.0246261, 100.7572684 19.0304729, 100.758076 19.035258, 100.7588958 19.0401147, 100.7592139 19.0419995, 100.7598195 19.045587, 100.7605204 19.0497392, 100.7609886 19.0525129, 100.7615966 19.0561146, 100.7608134 19.0600391, 100.7601482 19.0635578, 100.7596224 19.0662095, 100.7585764 19.0715179, 100.7573694 19.0779516, 100.7569724 19.0798882, 100.7560551 19.0845776, 100.7552612 19.0889729, 100.7544941 19.0927952, 100.7576698 19.0960243, 100.7602823 19.0986704, 100.7625139 19.100911, 100.76496 19.1034049, 100.7674706 19.1059394, 100.7711023 19.1097005, 100.7722235 19.1133348, 100.7735807 19.1178155, 100.7745677 19.1210036, 100.7763433 19.1269336, 100.7774055 19.1305421, 100.779165 19.136188, 100.7807207 19.1413268, 100.781799 19.1448895, 100.7827699 19.1480922, 100.7840681 19.1524149, 100.7850391 19.1557036, 100.786466 19.1603402, 100.7876033 19.1640646, 100.7864016 19.1668262, 100.7850069 19.1700691, 100.783301 19.1738794, 100.7813591 19.1784496, 100.7794547 19.1827258, 100.7770944 19.1880963, 100.7761288 19.1903559, 100.7746857 19.1936034, 100.772599 19.1985175, 100.7716709 19.200392, 100.770185 19.204004, 100.7688117 19.2069777, 100.7663763 19.2125601, 100.7654804 19.2145965, 100.7630879 19.2201533, 100.763061 19.2250616, 100.7615912 19.2291695, 100.7629913 19.2331557, 100.7629967 19.2361795, 100.7618487 19.2381953, 100.7594508 19.2425004, 100.7570368 19.2467091, 100.7554382 19.2495301, 100.7542849 19.2516014, 100.7508355 19.2575875, 100.749988 19.2592384, 100.74678 19.264814, 100.7459593 19.2662218, 100.7424724 19.2724302, 100.7397741 19.2772103, 100.7390231 19.2804308, 100.7375532 19.2822891, 100.7352948 19.2850993, 100.7326448 19.289712, 100.7307512 19.2948866, 100.7295924 19.2980003, 100.7280207 19.3022178, 100.72676 19.3055137, 100.726009 19.3075236, 100.7240081 19.312976, 100.7229674 19.3157604, 100.7210523 19.3209797, 100.7196683 19.3247257, 100.7180107 19.3290842, 100.715645 19.3330579, 100.7144111 19.3387676, 100.7133061 19.3419514, 100.7113105 19.3438293, 100.7072711 19.3474888, 100.7064289 19.3487288, 100.7039022 19.3512798, 100.7014722 19.3537497, 100.6988651 19.3563259, 100.6978029 19.357414, 100.6950295 19.3601521, 100.695287 19.3663569, 100.6955981 19.3710229, 100.6958771 19.3748437, 100.6943321 19.3801016, 100.6933987 19.3834617, 100.6924385 19.3866548, 100.6912959 19.3906675, 100.6900942 19.3951204, 100.6893754 19.3976251, 100.6886619 19.4002005, 100.6883132 19.4047746, 100.6881255 19.4092624, 100.6879216 19.4125208, 100.6875408 19.4180304, 100.6874496 19.4201148, 100.6871062 19.4270407, 100.6868488 19.4313257, 100.6866664 19.434189, 100.6864303 19.4378768, 100.6862479 19.4410333, 100.685792 19.4475335, 100.6844079 19.4515649, 100.6829059 19.4555204, 100.6846279 19.4576145, 100.68672 19.4601687, 100.6888711 19.4627483, 100.6925672 19.4671385, 100.6961721 19.4715639, 100.6987363 19.4745833, 100.7015875 19.4774762, 100.7029581 19.479489, 100.7052809 19.4839799, 100.707947 19.4895782, 100.7108009 19.5071403, 100.7106829 19.5119136, 100.7106399 19.5167171, 100.7105648 19.5189114, 100.7114446 19.520671, 100.7126999 19.523836, 100.7140732 19.5269505, 100.7149261 19.5292357, 100.7145506 19.5311923, 100.7168305 19.5314249, 100.720996 19.5329416, 100.7236379 19.5338415, 100.7279885 19.5355351, 100.7316846 19.536885, 100.7358795 19.5384421, 100.7397419 19.5398273, 100.7456052 19.5419506, 100.7501301 19.5436997, 100.7545075 19.5452113, 100.7595259 19.5471374, 100.7644773 19.5490255, 100.7675135 19.5500213, 100.7717541 19.5516188, 100.779562 19.5545128, 100.7844812 19.5562467, 100.78785 19.5574649, 100.7912752 19.5586705, 100.8012074 19.5624591, 100.8032459 19.5645871, 100.8061051 19.5675037, 100.807929 19.569384, 100.8101445 19.5718253, 100.8122742 19.5740088, 100.814361 19.5760002, 100.8166999 19.5785375, 100.8198005 19.5818076, 100.8224317 19.5847642, 100.8253205 19.5876652, 100.828743 19.5912434, 100.8319563 19.5945132, 100.8366984 19.5993142, 100.8394933 19.6023211, 100.8418107 19.6048024, 100.843597 19.6065306, 100.847497 19.6107047, 100.8498466 19.6132212, 100.8549213 19.6187391, 100.8589983 19.6229129, 100.8634078 19.6274503, 100.8664226 19.6306941, 100.8710575 19.6353222, 100.8739328 19.6385659, 100.8781385 19.642729, 100.8820331 19.6469223, 100.8841038 19.64912, 100.8910024 19.6512974, 100.8955944 19.6528029, 100.9004652 19.6544599, 100.9070367 19.6566524, 100.9108508 19.6578598, 100.9143001 19.6590368, 100.9189296 19.6606231, 100.923956 19.6623002, 100.9273571 19.6633257, 100.9319168 19.664922, 100.9360796 19.6662758, 100.942238 19.6683368, 100.9474683 19.6700593, 100.9503865 19.6709484, 100.9577626 19.6718576, 100.9649724 19.6729537, 100.9676707 19.6731053, 100.9712166 19.673368, 100.9746444 19.6738832, 100.9826803 19.6749692, 100.9861886 19.6754743, 100.9897506 19.6757269, 100.9964883 19.676626, 101.0079145 19.6779393, 101.0434001 19.6821924, 101.0710913 19.6854855, 101.0741705 19.685829, 101.0774213 19.6862179, 101.0849798 19.6868543, 101.0879302 19.6870311, 101.0933053 19.6874301, 101.1031437 19.6895716, 101.1072636 19.6899606, 101.1107236 19.6903091, 101.1154336 19.6907939, 101.1178046 19.6903899, 101.1336994 19.6884655, 101.1367196 19.6880665, 101.1509192 19.686526, 101.1533654 19.6860613, 101.1564231 19.685728, 101.1637294 19.6848188, 101.1702418 19.6839601, 101.1771297 19.6831116, 101.1824298 19.6825055, 101.1841571 19.6822226, 101.1914635 19.6813134, 101.1944246 19.6808992, 101.2028897 19.6798385, 101.2068701 19.6794445, 101.2172502 19.6781161, 101.22159 19.6775504, 101.2265897 19.6770048, 101.2332094 19.67603, 101.2368679 19.6756612, 101.2436807 19.674848, 101.2482673 19.6741054, 101.2528914 19.6735548, 101.2573814 19.6730093, 101.2619841 19.6724739, 101.2678313 19.6718324, 101.2704331 19.6735245, 101.2736142 19.6756511, 101.2736437 19.6816039, 101.2736517 19.6839298, 101.27458243402802 19.687038029899757, 101.2767282 19.690084271679158)"
way/550125387-230,TH51-230,230.0,1027.7989492113718,51797.92,Al/St 240/40 2-bundle 220.0,"LINESTRING (99.8836814158957 13.602471504375883, 99.87988662024753 13.598397127852026, 99.8770845 13.5983874, 99.8741475 13.6000116, 99.8725744 13.6008602, 99.8724268 13.6027593, 99.8723343 13.6038895, 99.8720594 13.6068953, 99.8717979 13.6101891, 99.8715927 13.6127256, 99.8727661 13.6153207, 99.8742293 13.6185923, 99.87551 13.6214871, 99.877008 13.6248368, 99.8784766 13.6280925, 99.8796031 13.630621, 99.881201 13.6342039, 99.8827815 13.6377541, 99.8841347 13.6407699, 99.8857655 13.6440932, 99.8873037 13.6472405, 99.889255 13.6498874, 99.8915671 13.6530386, 99.893804 13.6560451, 99.8957299 13.6586384, 99.8990706 13.6599442, 99.9022517 13.6611965, 99.9055454 13.6624775, 99.9087882 13.6637481, 99.9112129 13.6646968, 99.9142626 13.6643085, 99.9175751 13.6638576, 99.9202439 13.6635083, 99.9235564 13.6630926, 99.9267456 13.6626443, 99.9298529 13.6622488, 99.9334484 13.6626469, 99.9375884 13.6631487, 99.9417298 13.6636595, 99.9448237 13.6647424, 99.9468648 13.6642798, 99.9486847 13.6645261, 99.9522708 13.6649522, 99.9559025 13.6654005, 99.9591319 13.6647216, 99.9603537 13.6618585, 99.9620515 13.6590906, 99.96328 13.6561161, 99.9640169 13.6542897, 99.96489 13.6521752, 99.9673495 13.6517712, 99.9703301 13.6512805, 99.9731498 13.6503618, 99.9761103 13.6493961, 99.9794289 13.6482988, 99.9828782 13.6471695, 99.9861773 13.6460663, 99.992343 13.6440528, 99.9958554 13.6428799, 99.9990472 13.6418164, 100.002459 13.6406969, 100.0059593 13.6395415, 100.0094971 13.6383705, 100.0128727 13.6372549, 100.0137055 13.6349376, 100.0144364 13.6329409, 100.0151686 13.6309286, 100.0184704 13.6286022, 100.0185093 13.6256611, 100.0204942 13.6245409, 100.0234111 13.6252551, 100.0239113 13.6239909, 100.0251035 13.6209866, 100.0278394 13.6190354, 100.03116 13.6202639, 100.0345885 13.6215405, 100.0381518 13.6219322, 100.041685 13.6223017, 100.04543 13.6227103, 100.0489645 13.6230798, 100.0521409 13.6234513, 100.0554501 13.6237947, 100.0587063 13.6241167, 100.0622246 13.6244894, 100.065566 13.6248407, 100.0695048 13.6252656, 100.0734115 13.6256475, 100.0752394 13.6289997, 100.0769319 13.6320821, 100.0785385 13.6350067, 100.082071 13.6354446, 100.0855015 13.6358682, 100.0894538 13.6363621, 100.0905883 13.6364938, 100.09179 13.6354824, 100.0933537 13.6361614, 100.0953747 13.637049, 100.0975969 13.6342651, 100.099901 13.6313613, 100.1022573 13.6284067, 100.1041489 13.6260417, 100.1052681 13.624172, 100.1067205 13.6217621, 100.1083231 13.61936, 100.110206 13.6165576, 100.1118261 13.6141489, 100.1129821 13.6119162, 100.1149039 13.6089352, 100.115958 13.6066333, 100.1178946 13.6063439, 100.1214404 13.6059138, 100.1232375 13.6025938, 100.1248804 13.5995501, 100.126361 13.5963357, 100.1273359 13.5948079, 100.1286861 13.592727, 100.1299672 13.5904932, 100.1312788 13.5878744, 100.1323289 13.585863, 100.1334245 13.5838424, 100.133222 13.5809145, 100.1330933 13.5777076, 100.1321518 13.5773009, 100.1329793 13.5753233, 100.1328425 13.5718986, 100.1327064 13.5688813, 100.132594 13.5660556, 100.1324227 13.5623778, 100.1322658 13.5585996, 100.1307785 13.5567809, 100.1286717 13.5543847, 100.1281956 13.5505425, 100.1277839 13.5469844, 100.1266694 13.5434277, 100.1254866 13.5396674, 100.1244418 13.5362331, 100.126365 13.5336137, 100.1283713 13.5308547, 100.1302193 13.5283551, 100.1318595 13.5260942, 100.1324362 13.5244812, 100.1310977 13.5238371, 100.1305693 13.5228044, 100.1294374 13.5225632, 100.1289614 13.5205342, 100.1278187 13.5191182, 100.12792609488727 13.517953271391832, 100.13173127147797 13.512085886460792)"
TH55-230,TH56-230,230.0,1027.7989492113718,2324.79,Al/St 240/40 2-bundle 220.0,"LINESTRING (100.21273609999996 13.555926975368614, 100.215815884485 13.550996962358026, 100.2167407 13.5494017, 100.2179683 13.5472342, 100.2190033 13.5454069, 100.2202705 13.5431695, 100.2233054 13.5424837, 100.22513163662134 13.54209430986376, 100.2295527 13.54128087538408)"
TH55-230,way/550125387-230,230.0,1027.7989492113718,12900.69,Al/St 240/40 2-bundle 220.0,"LINESTRING (100.13173127147797 13.512085886460792, 100.13635312393191 13.514023562354964, 100.1386066 13.5152506, 100.1409642 13.5165559, 100.1434895 13.5179316, 100.1453966 13.5189852, 100.1479983 13.5204286, 100.1501589 13.5216308, 100.1522577 13.5227653, 100.1545174 13.5240235, 100.1568751 13.5252975, 100.1593548 13.5266666, 100.1617607 13.5279757, 100.1638596 13.5291779, 100.1659651 13.5302784, 100.1684716 13.5316761, 100.1704846 13.5327988, 100.1744798 13.5349593, 100.1769367 13.5363713, 100.1789584 13.537419, 100.181302 13.5386817, 100.1837066 13.5400286, 100.1856834 13.541116, 100.1873651 13.5420287, 100.1898582 13.5434159, 100.1912878 13.5441617, 100.1929642 13.5450952, 100.1954453 13.5465007, 100.1973751 13.5475503, 100.2013877 13.5496833, 100.2033457 13.5507628, 100.2058549 13.55218, 100.2083145 13.553489, 100.20961985817799 13.554202280885239, 100.21273609999996 13.555926975368614)"
TH17-230,way/813762139-230,230.0,513.8994746056859,1611.72,Al/St 240/40 2-bundle 220.0,"LINESTRING (98.97302584979711 17.24261707259087, 98.97781868887694 17.24038053885675, 98.9802571 17.2396884, 98.9827678066056 17.23965731328062, 98.98735875397979 17.24002900253224)"
TH17-230,TH19-230,230.0,1027.7989492113718,51270.86,Al/St 240/40 2-bundle 220.0,"LINESTRING (98.97302584979711 17.24261707259087, 98.9769913213472 17.24348822372469, 98.9772584 17.2435374, 98.9802624 17.2428188, 98.9837305 17.2419735, 98.9874615 17.2429815, 98.9918576 17.2442458, 98.9926582 17.2444738, 98.9962552 17.2471774, 99.0002905 17.2481714, 99.0023135 17.246858, 99.0053176 17.2453281, 99.0090175 17.2424961, 99.0133615 17.2409329, 99.0176973 17.2393024, 99.0218524 17.2377675, 99.0256447 17.2363666, 99.0278763 17.2329121, 99.0300967 17.2294811, 99.0323174 17.2260495, 99.0345168 17.2226018, 99.0367088 17.2191669, 99.0389357 17.2157421, 99.0412531 17.2121225, 99.0427639 17.2097106, 99.0451806 17.2061143, 99.0475356 17.2024325, 99.0481028 17.1996672, 99.049 17.1952805, 99.0498503 17.1913576, 99.0507743 17.1868926, 99.051583 17.1828862, 99.0523917 17.1789508, 99.0532138 17.1749916, 99.0540996 17.1710027, 99.0549673 17.1668422, 99.0557965 17.162921, 99.0566196 17.1590283, 99.0574497 17.1549688, 99.0582879 17.1510296, 99.059156 17.1469077, 99.0599611 17.1429676, 99.0608561 17.1388348, 99.0614623 17.135891, 99.0625332 17.130655, 99.0634109 17.1263636, 99.0641981 17.1225923, 99.0650028 17.1187325, 99.0658075 17.1148733, 99.0665873 17.1110589, 99.0674128 17.1071944, 99.0682201 17.103358, 99.0690114 17.099496, 99.0698254 17.0955979, 99.070614 17.0918138, 99.0714227 17.08799, 99.0717754 17.0837481, 99.0721576 17.0793998, 99.0725291 17.07495, 99.0729019 17.0705284, 99.073264 17.0662438, 99.0735329 17.0635021, 99.073787 17.0601514, 99.074062 17.0571923, 99.0743181 17.0536973, 99.0745407 17.0511522, 99.0748774 17.0473275, 99.0749625 17.0461634, 99.0751483 17.0441092, 99.0782878 17.0417897, 99.0811792 17.0396355, 99.0836965 17.0377782, 99.0870586 17.0352284, 99.0903068 17.0328146, 99.0938513 17.0301763, 99.096612 17.0280746, 99.0990658 17.0262875, 99.1019657 17.0241397, 99.1041255 17.0207396, 99.1064054 17.0171977, 99.1086235 17.0137286, 99.110823 17.0102887, 99.1131558 17.0066619, 99.1153304 17.0032557, 99.1178034 16.9994011, 99.1202409 16.9955157, 99.12148 16.9936348, 99.1230994 16.9911762, 99.1254853 16.9875748, 99.1270973 16.9851301, 99.1297285 16.9813759, 99.1296977 16.9771752, 99.1296682 16.9732233, 99.1296601 16.9706643, 99.1296159 16.9661229, 99.1295937 16.9625036, 99.1296029 16.9583609, 99.1296105 16.9549281, 99.1295998 16.9517499, 99.1295882 16.9481874, 99.1295743 16.9439398, 99.1295766 16.9403291, 99.1295562 16.9358845, 99.1295367 16.931643, 99.1295369 16.9280635, 99.1295122 16.9238218, 99.1294871 16.9195287, 99.1294938 16.9153447, 99.1294699 16.9113209, 99.1294949 16.906785, 99.129479 16.9029599, 99.1293946 16.8986805, 99.129351 16.8949001, 99.1293061 16.8910069, 99.129243 16.8898994, 99.1292833 16.8871083, 99.1293369 16.8842081, 99.1294281 16.8809575, 99.1300311 16.8800026, 99.1339402 16.8738122, 99.1361058 16.8704154, 99.1381419 16.8672218, 99.1404493 16.8636024, 99.142579 16.8602462, 99.1448736 16.8566692, 99.1470677 16.8531986, 99.149306 16.8496753, 99.1514263 16.8463522, 99.1534929 16.8430974, 99.1557272 16.8395621, 99.1577705 16.8364559, 99.1599709 16.8329858, 99.1617898 16.8301173, 99.164014 16.8266033, 99.16408136478881 16.8264987147196, 99.1672796063366 16.821252043063836)"
TH18-230,way/550224444-230,230.0,1027.7989492113718,108113.27,Al/St 240/40 2-bundle 220.0,"LINESTRING (100.31913195186921 16.866549056579444, 100.32576299580964 16.8642439136223, 100.3282226 16.8636803, 100.331786 16.8628769, 100.3353359 16.8620644, 100.3389347 16.8612642, 100.3424873 16.8604544, 100.346066 16.8596464, 100.3496193 16.8588449, 100.3531276 16.8580562, 100.3565756 16.8571693, 100.3598264 16.8563165, 100.3627541 16.8555618, 100.3667479 16.854526, 100.3699317 16.8537078, 100.3732945 16.8528337, 100.3766875 16.8519782, 100.380049 16.8510984, 100.3837236 16.8510849, 100.3872493 16.8510528, 100.3908153 16.8510342, 100.3945041 16.8510284, 100.3981029 16.8510265, 100.4016474 16.8509816, 100.4052148 16.8509662, 100.4090115 16.8510304, 100.4126291 16.8510207, 100.4162715 16.8510002, 100.4198482 16.8509771, 100.4235416 16.850963, 100.4267576 16.8517472, 100.4302794 16.8526553, 100.4337515 16.8535242, 100.4370425 16.8543341, 100.4405811 16.855221, 100.4439989 16.8561002, 100.4475052 16.8569794, 100.4508834 16.8578059, 100.4542281 16.8586203, 100.4575185 16.8594558, 100.46329 16.8609158, 100.4664536 16.8617044, 100.4684391 16.8622088, 100.4712917 16.862916, 100.4754585 16.8639498, 100.4778678 16.8645659, 100.4800015 16.8650972, 100.4834039 16.8659648, 100.4863442 16.866672, 100.4897366 16.8675087, 100.4932945 16.8683539, 100.4959841 16.8690174, 100.498956 16.8672379, 100.502414 16.8651781, 100.5061467 16.8629473, 100.5063817 16.8628069, 100.5079172 16.8618822, 100.5095078 16.8609312, 100.5119124 16.8595328, 100.5145383 16.8579766, 100.5175987 16.856174, 100.5204447 16.8544746, 100.5244962 16.8520554, 100.5275065 16.8502578, 100.5311411 16.8480603, 100.5387619 16.8470149, 100.5422696 16.8461876, 100.5452415 16.8456754, 100.5489296 16.8450491, 100.5524687 16.8444586, 100.5555104 16.8439567, 100.5596906 16.8449669, 100.5634477 16.845893, 100.5669359 16.8467767, 100.5700828 16.8475539, 100.5735844 16.8484248, 100.5765483 16.8491628, 100.5808063 16.8502217, 100.5844771 16.8511231, 100.5880399 16.8519979, 100.5915121 16.8528505, 100.5955678 16.8538464, 100.5989514 16.854698, 100.6030485 16.8557087, 100.606652 16.8566213, 100.6117804 16.8578688, 100.6140174 16.8584246, 100.6168981 16.8587698, 100.6193154 16.8590554, 100.624142 16.8595662, 100.6280186 16.8599892, 100.63127 16.860344, 100.6354222 16.8608179, 100.6394172 16.8612738, 100.6433279 16.8617083, 100.6480352 16.8622294, 100.6515059 16.8626202, 100.6547455 16.8629754, 100.6579015 16.8633318, 100.6615361 16.8637201, 100.6656398 16.8642052, 100.6696833 16.8646544, 100.6734839 16.8650662, 100.677632 16.8655156, 100.6820311 16.8659935, 100.6858074 16.8664037, 100.6890562 16.8667533, 100.6934758 16.867229, 100.697685 16.8676982, 100.7007687 16.8680491, 100.7051676 16.8684572, 100.7089723 16.8676499, 100.7117162 16.8670056, 100.7156805 16.8660842, 100.7194825 16.8651947, 100.722838 16.8644029, 100.7266769 16.8634936, 100.7290654 16.8629372, 100.7316276 16.8623417, 100.734989 16.8615447, 100.7372964 16.8610024, 100.7411574 16.8601008, 100.7437974 16.8594706, 100.7465903 16.8606976, 100.7501509 16.8622454, 100.7529732 16.8634679, 100.7556441 16.8646332, 100.7592442 16.8661907, 100.7626057 16.8676602, 100.7664104 16.8693094, 100.7698825 16.8708243, 100.7728726 16.872129, 100.7751819 16.8731338, 100.7768597 16.8738641, 100.7804793 16.8754311, 100.7830073 16.8765424, 100.7860342 16.8778386, 100.7888143 16.8790449, 100.7912189 16.880096, 100.7937348 16.8811971, 100.7963057 16.8823251, 100.7983951 16.883235, 100.8028965 16.8832748, 100.8064619 16.883294, 100.8104389 16.8833344, 100.8129897 16.8833498, 100.8154694 16.8833691, 100.8197462 16.883405, 100.8232122 16.8834397, 100.8260393 16.8834563, 100.8309028 16.8834884, 100.8337004 16.8835263, 100.8363108 16.8835539, 100.8399707 16.8835783, 100.8432396 16.8811085, 100.8454028 16.8794684, 100.8478121 16.877657, 100.8511924 16.8750878, 100.8531551 16.8736068, 100.8562343 16.871264, 100.8583633 16.8696514, 100.8603635 16.8681556, 100.8631732 16.8660589, 100.8732904 16.8583775, 100.875923 16.8564035, 100.8790639 16.8540341, 100.8822893 16.8515968, 100.8850814 16.8494392, 100.8888406 16.8466269, 100.892365 16.8439777, 100.8953194 16.8417301, 100.8987768 16.8391084, 100.9009695 16.837466, 100.903248 16.8357126, 100.9055521 16.8339566, 100.9083952 16.8318065, 100.9116983 16.8293117, 100.9137529 16.8292103, 100.9176837 16.8290704, 100.9213395 16.8289189, 100.9257759 16.8287398, 100.9302244 16.8285601, 100.9341283 16.8283894, 100.9368789 16.8282726, 100.9395048 16.8266359, 100.9627837 16.8122754, 100.9653807 16.8107015, 100.9678705 16.809157, 100.9704503 16.8070933, 100.9733087 16.8048068, 100.9828453 16.7971024, 100.9851761 16.7950148, 100.9878798 16.7924996, 100.9895602 16.7902322, 100.9912071 16.7879892, 100.9951794 16.7819693, 100.99747 16.7820033, 101.0007678 16.7822331, 101.0068342 16.7816305, 101.0102655 16.7803701, 101.0180949 16.7773154, 101.025251 16.7746369, 101.0305256 16.7747576, 101.0341733 16.7748483, 101.0443215 16.7751005, 101.0479867 16.7751416, 101.0512376 16.775234, 101.0533284 16.7752584, 101.0621086 16.7782566, 101.0642007 16.7789448, 101.0673255 16.7800337, 101.0718423 16.781586, 101.0766754 16.7832056, 101.0786551 16.7838972, 101.082032 16.7850232, 101.0869029 16.7867129, 101.0925962 16.7851062, 101.0966903 16.783806, 101.1033945 16.7826774, 101.1102153 16.7810878, 101.1181369 16.7792105, 101.1239496 16.7778329, 101.12725 16.7771305, 101.1323221 16.7757245, 101.1363937 16.7719558, 101.1393414 16.7690461, 101.142835 16.7656279, 101.144781 16.7660658, 101.1484221 16.767667, 101.1512719 16.7689139, 101.1543725 16.7702977, 101.157846 16.771848, 101.1618047 16.7714147, 101.1657334 16.7709929, 101.1695191 16.7705866, 101.1729743 16.7702157, 101.1769038 16.7697939, 101.1804362 16.7694147, 101.1841734 16.7690425, 101.1879712 16.7686327, 101.1914851 16.7682524, 101.1948538 16.7678879, 101.1983621 16.766876, 101.2019804 16.7658321, 101.2058696 16.7647393, 101.209799 16.7635952, 101.2137634 16.7624831, 101.21440782595832 16.762301437861105, 101.2212420317553 16.760179013571456)"
way/550622477-230,way/550296523-230,230.0,1027.7989492113718,106976.01,Al/St 240/40 2-bundle 220.0,"LINESTRING (102.02054973328457 14.951340472335335, 102.0135987553071 14.957074963903592, 102.0117413 14.9578617, 102.0087507 14.9591127, 102.005821 14.9595804, 102.0036015 14.9609435, 102.0021256 14.9634168, 102.0000751 14.966869, 101.9980185 14.9703257, 101.9960786 14.9735212, 101.9946241 14.9759983, 101.9951673 14.9798966, 101.9957299 14.9839399, 101.9962556 14.9876904, 101.996778 14.9914654, 101.9973144 14.9953064, 101.9978575 14.9991628, 101.9983859 15.0030322, 101.9989385 15.0069663, 101.999483 15.0108834, 101.9995607 15.0142046, 101.9996265 15.017998, 102.0008992 15.0208495, 102.0014825 15.0247677, 102.0020445 15.0285796, 102.0020096 15.0324031, 102.0019613 15.0363056, 102.0019231 15.0403795, 102.0018929 15.044254, 102.0018594 15.0481212, 102.0018353 15.0521904, 102.001783 15.0560835, 102.0017427 15.0600502, 102.0021732 15.0636698, 102.0026158 15.0675302, 102.0030959 15.0714825, 102.0035693 15.0754322, 102.0039924 15.0791027, 102.0043961 15.0825232, 102.0048206 15.0860466, 102.0052443 15.0896114, 102.0056561 15.0932927, 102.0061161 15.0971551, 102.0065935 15.1011133, 102.007032 15.1048734, 102.0074961 15.1088431, 102.0079668 15.1127895, 102.0084147 15.1166529, 102.0088901 15.1206515, 102.0093676 15.1245588, 102.00978 15.128222, 102.0102493 15.1322055, 102.0106865 15.1359663, 102.0111613 15.1398668, 102.0116065 15.1438735, 102.0120706 15.1476315, 102.0124769 15.1511667, 102.0129208 15.1551343, 102.0133714 15.158971, 102.0137885 15.1625501, 102.0142257 15.166234, 102.0146696 15.1699178, 102.0150532 15.1733401, 102.0154555 15.176708, 102.015878 15.1802519, 102.0162615 15.1836144, 102.0170662 15.1866534, 102.0179245 15.18999, 102.0189679 15.19383, 102.0199925 15.1976751, 102.0209648 15.2013791, 102.0218566 15.2047711, 102.0227189 15.2079702, 102.0235853 15.2112547, 102.0244449 15.2145004, 102.0253019 15.2177071, 102.0261213 15.2208297, 102.0270735 15.224422, 102.0280073 15.2279455, 102.0290047 15.2317086, 102.0300119 15.2354637, 102.0309949 15.2392356, 102.0319927 15.2429958, 102.0330076 15.2467938, 102.0339051 15.2501524, 102.0347366 15.2536161, 102.0357156 15.2572647, 102.0366879 15.2610543, 102.037738 15.2649862, 102.0385078 15.2678726, 102.0394894 15.2716426, 102.0403786 15.2749986, 102.0412168 15.2782044, 102.0420898 15.2815331, 102.0430347 15.2851256, 102.0439848 15.2887155, 102.0449437 15.292392, 102.0459844 15.2963556, 102.0470144 15.3002519, 102.047984 15.3039489, 102.0507359 15.3065851, 102.0534678 15.3092084, 102.0563418 15.3119778, 102.0590132 15.3144988, 102.0614675 15.3168245, 102.064029 15.3192859, 102.0666039 15.3217861, 102.0670693 15.3258902, 102.0675226 15.3298544, 102.0679799 15.3337818, 102.0684426 15.3377336, 102.0689106 15.3418231, 102.069317 15.3454263, 102.069793 15.3494781, 102.0702162 15.3531684, 102.0706688 15.3571302, 102.0711261 15.3611508, 102.0715794 15.3650756, 102.0720166 15.3688671, 102.0724129 15.3724362, 102.0728749 15.3764267, 102.0733161 15.380262, 102.0737922 15.384299, 102.0741724 15.3877585, 102.0746894 15.3920235, 102.0751119 15.3958443, 102.0755987 15.3999727, 102.0760399 15.4039175, 102.0764945 15.4077704, 102.0769197 15.4114687, 102.077373 15.415441, 102.0778182 15.4191754, 102.0782715 15.423158, 102.0787087 15.4268644, 102.0791714 15.4308462, 102.07963 15.43478, 102.080074 15.4385418, 102.0805299 15.4424102, 102.0809993 15.4464014, 102.0814714 15.4503375, 102.0834401 15.4538858, 102.0853351 15.4573215, 102.0873213 15.4609045, 102.0893034 15.4644875, 102.0912306 15.4679968, 102.0931993 15.4715758, 102.0951453 15.475081, 102.0970792 15.4785901, 102.099013 15.4820771, 102.1009161 15.4856235, 102.1029156 15.4891428, 102.1049032 15.4927757, 102.1068236 15.4962482, 102.1086462 15.4995411, 102.1105747 15.5030381, 102.1125796 15.5066721, 102.1144478 15.5100721, 102.1163709 15.5135405, 102.1181492 15.5168034, 102.1178612 15.5194602, 102.1175458 15.5223689, 102.1171877 15.525808, 102.1167786 15.5296852, 102.1163388 15.533705, 102.1159016 15.5377777, 102.1154644 15.5418219, 102.1150473 15.5457653, 102.114657 15.5492796, 102.1142775 15.5527783, 102.1139248 15.5561944, 102.1135734 15.5594514, 102.1131644 15.5632865, 102.1127223 15.5672309, 102.1122652 15.5713099, 102.1118474 15.5752695, 102.1114357 15.579052, 102.1110186 15.5830102, 102.1105854 15.5869527, 102.1101844 15.5908306, 102.1103454 15.5947575, 102.110458 15.5977298, 102.1099833 15.6003791, 102.1093798 15.6037065, 102.1086992 15.6064907, 102.1078844 15.609971, 102.1094529 15.6130277, 102.1111782 15.6163826, 102.1113043 15.6193494, 102.1114022 15.6224608, 102.1115255 15.6255902, 102.1116489 15.6287687, 102.1117857 15.6318399, 102.111551 15.6345378, 102.1112573 15.6379344, 102.1109381 15.6420399, 102.1105613 15.6459387, 102.1102314 15.649667, 102.1098746 15.6536522, 102.1095581 15.6575043, 102.1092148 15.6613783, 102.1088621 15.6654769, 102.1085228 15.6694282, 102.1082385 15.6726795, 102.1079515 15.6761207, 102.1076792 15.6798975, 102.1068451 15.6827665, 102.1057923 15.6864386, 102.1046443 15.6903275, 102.1044485 15.6943777, 102.104246 15.6983956, 102.1040677 15.702376, 102.1038544 15.7065034, 102.1036613 15.7105843, 102.1034575 15.714527, 102.1032576 15.7187162, 102.1030658 15.7228162, 102.1028674 15.7268168, 102.1027084 15.7301466, 102.1025442 15.7336416, 102.1023484 15.7373773, 102.1021821 15.7410329, 102.1020064 15.7447504, 102.1015987 15.7488073, 102.1011843 15.7528616, 102.1007511 15.756979, 102.100334 15.7610408, 102.0999263 15.7650277, 102.0995159 15.7690777, 102.0990948 15.7732167, 102.0986804 15.7772098, 102.098266 15.781288, 102.097865 15.7852539, 102.0974453 15.7893358, 102.0970383 15.7930975, 102.0966272 15.7972154, 102.0962557 15.8012429, 102.0958668 15.8052135, 102.0938565 15.8085995, 102.0919172 15.8119131, 102.0900142 15.8151532, 102.0880026 15.8185739, 102.0895006 15.8223416, 102.09019751041427 15.824079055509081, 102.0895660335386 15.829711402842294)"
way/550636268-230,way/550657165-230,230.0,1027.7989492113718,36511.19,Al/St 240/40 2-bundle 220.0,"LINESTRING (101.78244958160182 14.871778903954677, 101.78207639205633 14.864953400615473, 101.7827873 14.8641461, 101.7854883 14.8618168, 101.7881182 14.8595847, 101.7905563 14.8574731, 101.7927115 14.8556362, 101.7952234 14.8547561, 101.7975448 14.8539342, 101.8005609 14.8529983, 101.8034376 14.8521155, 101.8065315 14.8511627, 101.8093532 14.8503227, 101.8111409 14.8480023, 101.8128857 14.8457791, 101.8142912 14.8439889, 101.8176641 14.8397109, 101.8215519 14.8396837, 101.8255538 14.8397031, 101.8295369 14.8396863, 101.8335481 14.8396707, 101.8375339 14.8396642, 101.8415371 14.8396487, 101.8455094 14.8396253, 101.8494174 14.8395345, 101.8533835 14.839519, 101.8573941 14.8395137, 101.8604424 14.8394851, 101.8641646 14.8403822, 101.8678822 14.8412455, 101.8716815 14.8421601, 101.875511 14.8430578, 101.8790214 14.8438882, 101.8818699 14.8419877, 101.8850926 14.8398455, 101.888385 14.8376384, 101.8913334 14.8357333, 101.8945393 14.8335806, 101.897764 14.831448, 101.9009987 14.8293063, 101.9041852 14.827197, 101.9071772 14.8252005, 101.9104146 14.8230367, 101.9136507 14.8208891, 101.916913 14.8187395, 101.9197695 14.8168174, 101.9230928 14.8146341, 101.9263744 14.8124345, 101.9296702 14.8102411, 101.9329459 14.8080616, 101.9352961 14.805777, 101.9377101 14.8033971, 101.9401369 14.8010179, 101.9424483 14.7987229, 101.9447757 14.7964668, 101.947181 14.7941049, 101.9507913 14.793349, 101.9547261 14.79256, 101.9584664 14.7917722, 101.962249 14.7909819, 101.9660832 14.7902, 101.9696919 14.7894629, 101.9727519 14.7880612, 101.9756159 14.7867631, 101.9785669 14.7854256, 101.9815565 14.7840705, 101.984685 14.7837328, 101.9880569 14.783383, 101.9914703 14.7830332, 101.994856 14.7826426, 101.9988223 14.7822306, 102.0027872 14.7817887, 102.0067193 14.7813725, 102.0104425 14.7810433, 102.0132977 14.7787805, 102.0162763 14.7763803, 102.0193152 14.7739488, 102.0216125 14.7743113, 102.0235162 14.7748501, 102.0263024 14.7753442, 102.0294674 14.7759251, 102.0326887 14.7752949, 102.0361729 14.7746115, 102.0395243 14.7739475, 102.0422052 14.7734262, 102.0461306 14.7726482, 102.0484427 14.7700585, 102.0510954 14.767129, 102.0537011 14.7642423, 102.0560474 14.7615974, 102.0577848 14.7596723, 102.0613132 14.7584247, 102.0648859 14.757085, 102.0686437 14.755709, 102.0721775 14.754455, 102.0757958 14.7531438, 102.0794785 14.7518106, 102.0831129 14.7504981, 102.0857386088048 14.749544422058527, 102.0906670826454 14.743801721386058)"
way/245311456-230,way/550665519-230,230.0,1027.7989492113718,144450.44,Al/St 240/40 2-bundle 220.0,"LINESTRING (103.50998508100159 16.124679590387448, 103.51285457989061 16.117980013416794, 103.5130171 16.114776, 103.514326 16.1118436, 103.5153345 16.109442, 103.5181716 16.1082989, 103.5219267 16.1068448, 103.5250461 16.1056575, 103.52837 16.1043916, 103.5291928 16.1005287, 103.5300393 16.0966255, 103.5308554 16.0928236, 103.5315454 16.0895404, 103.5323729 16.0856881, 103.533153 16.0820269, 103.5336375 16.0786233, 103.534177 16.0748949, 103.5347312 16.0710611, 103.5352489 16.0674475, 103.5357293 16.0640759, 103.5361383 16.0612352, 103.5370781 16.0576669, 103.5379502 16.0543341, 103.5389339 16.0505817, 103.5399243 16.0467835, 103.5408959 16.0430787, 103.5418276 16.0395294, 103.5427443 16.0360471, 103.5436552 16.032547, 103.5445829 16.0290182, 103.5454915 16.0255653, 103.5462949 16.0224936, 103.5470714 16.0195022, 103.5458721 16.01617, 103.5448911 16.0134101, 103.5435902 16.0098297, 103.5422273 16.0060729, 103.5408983 16.0023848, 103.5412604 15.9987932, 103.5416664 15.9948973, 103.5420553 15.9910342, 103.5424462 15.9872458, 103.5428187 15.9834748, 103.5431245 15.9804208, 103.5434417 15.9773059, 103.5437883 15.9737429, 103.5441974 15.9699407, 103.5445762 15.9661274, 103.5448941 15.9630058, 103.5452468 15.9595876, 103.544082 15.9559695, 103.5428703 15.9522642, 103.5418411 15.9490612, 103.5408929 15.9461121, 103.5398723 15.9429889, 103.5388571 15.9398373, 103.5387384 15.9370339, 103.5386392 15.9346443, 103.538489 15.9308168, 103.5383119 15.9267513, 103.5381644 15.9232487, 103.5380149 15.9197118, 103.5378694 15.9160291, 103.5377037 15.9121748, 103.5375442 15.9086513, 103.5373738 15.9049877, 103.5372267 15.9011569, 103.5370885 15.8975595, 103.536947 15.8939348, 103.5367928 15.8903226, 103.5366543 15.8867064, 103.5364813 15.8828625, 103.5363231 15.8789738, 103.5361675 15.8754138, 103.5361549 15.8720396, 103.5361404 15.8685715, 103.5361283 15.8650353, 103.5360927 15.8613193, 103.536078 15.8575288, 103.5360599 15.854352, 103.5360431 15.851408, 103.5360271 15.8488722, 103.5359938 15.8436095, 103.5359737 15.8398186, 103.5359268 15.8358655, 103.5359001 15.8320551, 103.5358726 15.8281418, 103.5358477 15.8245791, 103.5358262 15.8209979, 103.5358074 15.8174928, 103.535798 15.8138043, 103.5357803 15.8099365, 103.5357461 15.8065002, 103.5357246 15.8025374, 103.5357032 15.7985615, 103.5356736 15.7945811, 103.5356562 15.7905955, 103.5356227 15.7866285, 103.5355962 15.7827017, 103.5355724 15.7791678, 103.5355486 15.7760598, 103.5355224 15.7726358, 103.5355043 15.7699326, 103.5345461 15.7668196, 103.5334075 15.7631825, 103.5323809 15.7598513, 103.5312275 15.7561844, 103.5300601 15.7523632, 103.5289497 15.7488137, 103.5279157 15.7454402, 103.5268193 15.741897, 103.5256633 15.7381194, 103.5245122 15.7344195, 103.5233278 15.7306125, 103.5222562 15.7271387, 103.5210995 15.7234441, 103.5199958 15.7196539, 103.5188478 15.7159747, 103.5178373 15.7127292, 103.5186158 15.7096095, 103.5195542 15.7058317, 103.5204871 15.7020761, 103.5212504 15.6990029, 103.5221141 15.6955525, 103.5230461 15.6918231, 103.5239433 15.6881169, 103.5249002 15.6843319, 103.5258216 15.6806604, 103.5267677 15.6767907, 103.5277151 15.6730259, 103.528603 15.6694977, 103.5295523 15.6656437, 103.5305061 15.6617714, 103.5314591 15.6579022, 103.5324111 15.6540369, 103.5333284 15.6503061, 103.5342745 15.6465759, 103.5352113 15.6427966, 103.5361427 15.6389874, 103.5371016 15.6351182, 103.5380772 15.6312618, 103.5388625 15.6280317, 103.5398254 15.6241597, 103.5407306 15.6206596, 103.5416238 15.6169075, 103.5425686 15.6130844, 103.5435074 15.609274, 103.5444608 15.6054969, 103.545405 15.6016203, 103.5463772 15.5977583, 103.5473259 15.5940273, 103.5481745 15.5905727, 103.5491044 15.5868341, 103.5500359 15.5830335, 103.5508834 15.5795712, 103.5517176 15.5761937, 103.5525625 15.5727412, 103.5534006 15.5693062, 103.5543032 15.5656062, 103.5551749 15.5621076, 103.5561244 15.558268, 103.5570686 15.5545445, 103.5579785 15.5508604, 103.5589099 15.5470747, 103.5598379 15.5433388, 103.5607821 15.5394755, 103.5617168 15.5357052, 103.5624531 15.5327049, 103.5633054 15.5293292, 103.5650092 15.5258487, 103.5667614 15.522336, 103.5684666 15.5188916, 103.5701658 15.5154116, 103.5719293 15.5118774, 103.5733858 15.5089026, 103.5751078 15.5054496, 103.5767506 15.5021103, 103.5783378 15.4989008, 103.5800806 15.4953753, 103.5818341 15.4918322, 103.5835713 15.4883355, 103.5851513 15.485155, 103.5868907 15.4816073, 103.5870469 15.4780757, 103.5872219 15.4742674, 103.5873963 15.4705191, 103.587572 15.4669653, 103.5877517 15.4632661, 103.5879119 15.4596708, 103.5880937 15.4558324, 103.5882398 15.4522422, 103.5884222 15.4486157, 103.5885872 15.4450053, 103.5887461 15.441532, 103.5889154 15.4378321, 103.5890884 15.4340498, 103.5892664 15.4301582, 103.5894455 15.4262439, 103.5896198 15.4226525, 103.5897914 15.4190401, 103.5899712 15.4152536, 103.5901348 15.4114706, 103.5903253 15.4076682, 103.5904929 15.4039175, 103.5906573 15.4001655, 103.5908315 15.3961869, 103.5910159 15.3923649, 103.5911903 15.3883785, 103.5913753 15.3845162, 103.5915584 15.3806668, 103.5917374 15.3768341, 103.5919031 15.3728985, 103.5920828 15.3690133, 103.592231 15.3656944, 103.5923751 15.3625287, 103.5925032 15.3598731, 103.5924295 15.3578654, 103.5923034 15.3538978, 103.5921773 15.3499721, 103.5920452 15.3460399, 103.5919084 15.3421154, 103.5917777 15.3381805, 103.5916322 15.3342577, 103.5915061 15.3303647, 103.5913787 15.3264373, 103.5912453 15.3225105, 103.5911152 15.3185913, 103.5909905 15.314696, 103.5908496 15.3109132, 103.5907303 15.3072991, 103.5906163 15.3036514, 103.5893328 15.3005106, 103.5882841 15.2980153, 103.5873346 15.2956778, 103.5845853 15.2883054, 103.5844231 15.2849199, 103.5842594 15.2815059, 103.5840797 15.2775976, 103.5839295 15.273635, 103.5837632 15.2697007, 103.5809644 15.2669553, 103.5781963 15.2642332, 103.5753264 15.2614114, 103.572493 15.2586462, 103.5696885 15.2558511, 103.5670323 15.2532382, 103.5643722 15.2506376, 103.5615525 15.24787, 103.5590266 15.2453882, 103.5566682 15.2430767, 103.5541724 15.2406027, 103.5527073 15.2369673, 103.5512146 15.233251, 103.5497998 15.2297443, 103.5483634 15.2261909, 103.5469534 15.2226673, 103.5454892 15.2190081, 103.5440813 15.2153648, 103.5426611 15.2120053, 103.5411845 15.2082977, 103.5398139 15.2048112, 103.5383548 15.2012238, 103.5368648 15.1975302, 103.5354097 15.1939271, 103.5339278 15.1902269, 103.5324875 15.186656, 103.5310847 15.1830877, 103.5296859 15.1796306, 103.5282215 15.1759632, 103.5268374 15.1724393, 103.5254706 15.1690603, 103.5240519 15.1655532, 103.5239527 15.1626485, 103.5238192 15.158773, 103.5236898 15.1550728, 103.5235611 15.1512768, 103.5234363 15.1472988, 103.5232982 15.1433298, 103.5231829 15.1395859, 103.5230488 15.1357022, 103.5229294 15.1319039, 103.5227966 15.1281145, 103.5226759 15.1242384, 103.5225552 15.1203829, 103.5224332 15.1165907, 103.5223125 15.1126794, 103.5221831 15.1088043, 103.522047 15.1048423, 103.521937 15.1009644, 103.521823 15.0970541, 103.5231554 15.0936559, 103.5242034 15.0910021, 103.5252938 15.0882531, 103.5265329 15.0850949, 103.5279062 15.0816362, 103.5292822 15.0781736, 103.530685 15.0746397, 103.5320945 15.0710759, 103.532171 15.0673787, 103.5322528 15.0635623, 103.5323326 15.0598152, 103.5324271 15.0560938, 103.5325022 15.0526424, 103.532584 15.0492609, 103.5326578 15.0456527, 103.5327309 15.0422789, 103.532808 15.0390002, 103.5337776 15.0358458, 103.5347593 15.0325987, 103.5358214 15.0291353, 103.5368165 15.0258803, 103.5378546 15.0225217, 103.5389408 15.0189973, 103.5399869 15.0154624, 103.5411027 15.0117798, 103.5421742 15.0083173, 103.5431063 15.0052421, 103.5438828 15.0022174, 103.5446888 14.999146, 103.546329 14.9965318, 103.5478981 14.9940614, 103.5485673 14.9901984, 103.5492258 14.9862783, 103.5499084 14.9824203, 103.5503 14.9788019, 103.5506889 14.9753492, 103.5510832 14.9715791, 103.551507 14.9679709, 103.5518986 14.9646373, 103.5523009 14.9612298, 103.5526644 14.9578553, 103.5530654 14.9542643, 103.5534663 14.950797, 103.5538647 14.9472105, 103.5537319 14.9433725, 103.5535938 14.9393958, 103.5534623 14.9360553, 103.5533081 14.9320849, 103.5531981 14.9281495, 103.5530694 14.924293, 103.5529259 14.9206296, 103.551849 14.9172719, 103.5508405 14.9140892, 103.5499004 14.9112044, 103.5487269 14.9075317, 103.5476916 14.9042295, 103.5432686 14.9008599, 103.5394116 14.8998905, 103.5356002 14.8989237, 103.5321911 14.9004128, 103.5296483 14.9015222, 103.5260421 14.9031228, 103.52419794684948 14.903924000657616, 103.51740918249696 14.905231637168553)"
way/250742034-230,way/550825256-230,230.0,1027.7989492113718,67196.18,Al/St 240/40 2-bundle 220.0,"LINESTRING (99.51252247313484 11.422859659775213, 99.51145527600723 11.42977204746524, 99.5100805 11.4330683, 99.5086254 11.4366529, 99.5071462 11.4402282, 99.5056254 11.4439021, 99.5040818 11.4476851, 99.5025529 11.4512853, 99.5020808 11.455239, 99.5016463 11.4586647, 99.5011702 11.4624181, 99.5006686 11.4663716, 99.5001671 11.4703987, 99.49964 11.4745086, 99.4992954 11.4772239, 99.499007 11.4795357, 99.4984639 11.4836312, 99.4979556 11.4874647, 99.4975157 11.4908659, 99.4970343 11.494505, 99.4965823 11.4981939, 99.4961035 11.502168, 99.4981836 11.5047201, 99.5005828 11.5077755, 99.5031162 11.5109334, 99.5060357 11.5146261, 99.5086375 11.5178837, 99.5105821 11.5203463, 99.5132348 11.5236933, 99.5149219 11.5256788, 99.5167458 11.5279798, 99.519255 11.5311453, 99.5214866 11.5339573, 99.5237719 11.5368298, 99.5261791 11.5398704, 99.5279869 11.5421383, 99.5307335 11.5456335, 99.5331717 11.5486792, 99.5348936 11.5521494, 99.5366465 11.5556615, 99.5383899 11.5591631, 99.540081 11.5626252, 99.5419022 11.5662554, 99.5436805 11.569837, 99.5449036 11.5723071, 99.5470159 11.5731979, 99.5503137 11.574559, 99.553472 11.5758991, 99.5568582 11.5772615, 99.5598918 11.5785648, 99.5635946 11.5783875, 99.567225 11.5782745, 99.5708862 11.5781484, 99.5749269 11.5779946, 99.5788845 11.5778593, 99.5826101 11.5777122, 99.5854452 11.5792625, 99.5882682 11.5807891, 99.5917149 11.5826376, 99.5949268 11.5844204, 99.5977606 11.5859444, 99.6004079 11.5877745, 99.6029507 11.5895034, 99.605877 11.5915398, 99.6092297 11.5938717, 99.612435 11.5961195, 99.6137184 11.5995824, 99.6149763 11.603002, 99.6165173 11.6072662, 99.6177538 11.6105754, 99.6189903 11.6139935, 99.6203877 11.6178004, 99.6214981 11.6209439, 99.6226823 11.6241281, 99.623884 11.6273372, 99.6251272 11.6308182, 99.6264267 11.6343451, 99.6277665 11.6379048, 99.629133 11.6416444, 99.6303695 11.6448967, 99.6315604 11.6482342, 99.6328707 11.651732, 99.6341186 11.655143, 99.635396 11.658583, 99.6366955 11.6620465, 99.6379964 11.6656742, 99.6394703 11.6684874, 99.6412896 11.671982, 99.6429463 11.6751483, 99.6445759 11.6782628, 99.6462549 11.681512, 99.6478736 11.6845156, 99.6496533 11.6879446, 99.6513546 11.6912307, 99.6530959 11.6946542, 99.6545175 11.6974055, 99.6560973 11.7004601, 99.6581465 11.7037353, 99.6600026 11.7067977, 99.6621028 11.7102133, 99.6641573 11.7135265, 99.6658337 11.7162356, 99.6682866 11.7201855, 99.6703733 11.7235839, 99.6724515 11.7269301, 99.6745495 11.7303084, 99.6749747 11.7333363, 99.6754749 11.7365363, 99.6754889 11.7366301, 99.6761696 11.7411911, 99.6767087 11.7447783, 99.6772677 11.7485276, 99.6776904 11.7513631, 99.6782014 11.7548779, 99.678762 11.75857, 99.6792984 11.7621885, 99.6810298 11.7656454, 99.6827759 11.7690984, 99.6845621 11.77269, 99.6862856 11.7761552, 99.688033 11.7795976, 99.6895418 11.7825778, 99.6912208 11.7860095, 99.692582 11.7887152, 99.6942041 11.7919612, 99.6958208 11.7951913, 99.6972424 11.7980111, 99.6988879 11.8012517, 99.7006421 11.8047587, 99.7023574 11.8082348, 99.7041035 11.811707, 99.7074763 11.8140226, 99.7108653 11.8163565, 99.7136427 11.8182731, 99.7168614 11.8204849, 99.7200921 11.8227059, 99.7233349 11.8249309, 99.7264986 11.8271177, 99.729736 11.8293387, 99.73257387567295 11.831300174199653, 99.73643363835697 11.833425310135107)"
way/550862967-230,TH81-230,230.0,1027.7989492113718,92507.13,Al/St 240/40 2-bundle 220.0,"LINESTRING (99.2232072681921 9.07322483370226, 99.22365322527891 9.078333962731675, 99.2239626 9.078905, 99.2257127 9.082225, 99.2278632 9.0841306, 99.2299224 9.0859555, 99.2321648 9.0879485, 99.2355551 9.088408, 99.2391922 9.0889113, 99.2426831 9.0893933, 99.2462879 9.0899005, 99.2494985 9.0903375, 99.2534602 9.090891, 99.2558983 9.0912274, 99.2597446 9.0917492, 99.2633441 9.0922285, 99.2667894 9.0927119, 99.269536 9.0930853, 99.2733903 9.093615, 99.2770879 9.0941158, 99.2807638 9.0946875, 99.2845006 9.0952687, 99.2880246 9.0958168, 99.2918659 9.09646, 99.2944455 9.0969165, 99.2979667 9.0975395, 99.301057 9.0980863, 99.3045419 9.098703, 99.3081325 9.0993383, 99.3117375 9.0999694, 99.3144169 9.1004384, 99.3173033 9.1009469, 99.3198259 9.1013858, 99.323415 9.101501, 99.3267711 9.1026084, 99.3293723 9.1044683, 99.3317664 9.1061801, 99.334281 9.1079781, 99.3369414 9.1098647, 99.3407381 9.1103123, 99.3447003 9.1107731, 99.3485865 9.1112293, 99.3520895 9.1116517, 99.3562194 9.112144, 99.3599507 9.1125634, 99.3639271 9.1130404, 99.3668667 9.114872, 99.369901 9.1167627, 99.3728998 9.1186377, 99.3759179 9.1205021, 99.3789555 9.122391, 99.3820354 9.1243011, 99.3850723 9.1261899, 99.3881401 9.128098, 99.3912239 9.130018, 99.3943504 9.1319618, 99.3973421 9.1338201, 99.4003636 9.1356891, 99.4034803 9.1376229, 99.4065714 9.1395542, 99.4103023 9.1399409, 99.4144088 9.1403169, 99.4181424 9.1406824, 99.4211197 9.1409684, 99.4247541 9.141302, 99.4285226 9.1416171, 99.4319987 9.1419376, 99.4355151 9.1422289, 99.439187 9.1426314, 99.4428268 9.1429412, 99.4466624 9.143259, 99.4504175 9.14359, 99.4542074 9.1439449, 99.4578391 9.1442785, 99.4616237 9.1446307, 99.4653118 9.1449167, 99.4688603 9.1452557, 99.4724277 9.1455291, 99.4763812 9.145968, 99.4792405 9.146164, 99.4814587 9.1454543, 99.4837895 9.146021, 99.4856805 9.1467201, 99.4889662 9.1470034, 99.4927347 9.1473371, 99.4963919 9.1476999, 99.5002019 9.148015, 99.5191008 9.1497548, 99.5265895 9.150385, 99.5342982 9.1510682, 99.5405263 9.1484149, 99.5439541 9.1469743, 99.5473471 9.1455205, 99.550944 9.1439607, 99.5544469 9.1424831, 99.5579874 9.1410134, 99.5614555 9.1395039, 99.5649987 9.1379653, 99.56855 9.1365036, 99.5717847 9.1351053, 99.57488 9.1361805, 99.578383 9.1374357, 99.5818001 9.1386168, 99.5852387 9.1398561, 99.5889294 9.1410902, 99.5923734 9.1423348, 99.595651 9.1421441, 99.5992881 9.1420011, 99.6029037 9.1418369, 99.6065193 9.1416992, 99.6101135 9.1415086, 99.6137506 9.1413285, 99.6173072 9.1411696, 99.620558 9.1389187, 99.6236479 9.1367737, 99.6267754 9.1366042, 99.630686 9.1363394, 99.6347254 9.1361858, 99.6385342 9.1359845, 99.6419781 9.1357938, 99.6438074 9.1383467, 99.6457869 9.1411855, 99.6474606 9.1435688, 99.6507195 9.1436615, 99.6537852 9.1437807, 99.6570012 9.1438336, 99.6610057 9.1439846, 99.6681645 9.1442732, 99.6716273 9.1441514, 99.6772277 9.1439263, 99.681412 9.1437542, 99.6850437 9.1435874, 99.6880129 9.1434761, 99.6919209 9.1433199, 99.6954292 9.1431822, 99.6990824 9.1429703, 99.7028053 9.1428803, 99.7071612 9.1427161, 99.7115278 9.1425572, 99.7205078 9.142213, 99.7220743 9.14216, 99.723587 9.1428962, 99.7274601 9.1448929, 99.7310677 9.1467598, 99.7347236 9.1485949, 99.7360486 9.1493311, 99.7399297 9.1513622, 99.7426039 9.1527683, 99.7493845 9.1562425, 99.7527856 9.1579902, 99.7560793 9.159685, 99.7590405 9.161242, 99.7626615 9.1630691, 99.7662395 9.1649174, 99.7698659 9.1667233, 99.7730362 9.1683227, 99.776448 9.1699856, 99.7797149 9.1715743, 99.7831448 9.1732392, 99.7863916 9.174818, 99.7896626 9.1764199, 99.7929925 9.1780576, 99.7960925 9.1795815, 99.7993031 9.1811609, 99.8026284 9.1827927, 99.805906 9.1844727, 99.8092303 9.1861903, 99.8123554 9.187805, 99.8153929 9.1893634, 99.8185211 9.1909684, 99.8209629 9.1935838, 99.8233622 9.1961686, 99.8256773 9.198684, 99.82804 9.2012261, 99.8303986 9.2037824, 99.8327677 9.2063331, 99.8352494 9.2090069, 99.8376553 9.2116029, 99.8400532 9.2142068, 99.8425262 9.2168822, 99.8452742 9.2198541, 99.8479027 9.2227095, 99.850548 9.225545, 99.8532316 9.2284308, 99.85491544997204 9.230256079487033, 99.85789167078299 9.233310652892685)"
TH80-230,way/550862967-230,230.0,1027.7989492113718,104070.52,Al/St 240/40 2-bundle 220.0,"LINESTRING (99.0284342 10.005415180010809, 99.02715038586203 10.001847685830809, 99.0271411 10.0018282, 99.026182 9.9997919, 99.0255546 9.99846, 99.0238595 9.99487, 99.0223182 9.9916056, 99.0202959 9.9872259, 99.0181876 9.9828303, 99.0168197 9.979914, 99.0151378 9.9763286, 99.01352 9.97288, 99.0118058 9.9692257, 99.0105746 9.966601, 99.0095458 9.9644079, 99.0082139 9.9615685, 99.0068116 9.9586012, 99.005658 9.9561198, 99.0035597 9.9515269, 99.0023648 9.9490901, 99.0016688 9.9476069, 99.0008177 9.945793, 98.9998558 9.9437492, 98.9985002 9.9408684, 98.9972159 9.937985, 98.9969391 9.9353362, 98.996326 9.9298736, 98.9952916 9.9250226, 98.9948148 9.9227865, 98.9950844 9.9196007, 98.9947612 9.9167889, 98.9944391 9.9138095, 98.9941282 9.9109339, 98.9938569 9.908313, 98.9934523 9.9044024, 98.9928445 9.8990661, 98.992551 9.8962272, 98.9921541 9.8926601, 98.9954264 9.8898222, 98.9982352 9.8874278, 99.0017188 9.8844582, 99.003643 9.8819278, 99.007091 9.8798376, 99.0080234 9.8761546, 99.0090021 9.8722247, 99.0098038 9.8690014, 99.0107294 9.8652802, 99.011636 9.8614432, 99.0125158 9.8580342, 99.013417 9.8541971, 99.0143741 9.8504055, 99.0152414 9.8469695, 99.0159758 9.8440598, 99.0167546 9.8408253, 99.0173794 9.8382307, 99.0181699 9.8349476, 99.0189664 9.8318376, 99.019747 9.8287898, 99.0206525 9.8249879, 99.0215334 9.8212894, 99.0224791 9.8174032, 99.0234592 9.8134504, 99.0245184 9.8097149, 99.0256173 9.8059221, 99.0265775 9.8024386, 99.0274788 9.7993515, 99.0289202 9.794447, 99.0295602 9.7919297, 99.0305432 9.7884362, 99.0316024 9.7846145, 99.0326447 9.7808495, 99.0347406 9.7734494, 99.0357704 9.7697555, 99.0369419 9.7655532, 99.0381678 9.7611554, 99.0393505 9.7569132, 99.0399603 9.7547254, 99.0407326 9.7519541, 99.0415635 9.7489745, 99.0423496 9.7461544, 99.0432164 9.743045, 99.0443216 9.7391995, 99.0453764 9.7355293, 99.0463567 9.7321184, 99.0480482 9.7259632, 99.048845 9.7230636, 99.0500673 9.7180684, 99.053044 9.7062187, 99.0540008 9.702457, 99.055212 9.6976952, 99.0565536 9.6932363, 99.05835 9.6884934, 99.0593918 9.6857427, 99.0605568 9.6826668, 99.0615738 9.6799648, 99.0625768 9.6773, 99.0637782 9.6743064, 99.0652105 9.6705624, 99.0666508 9.6667717, 99.0678994 9.6634856, 99.069297 9.6597829, 99.0705425 9.656483, 99.0720625 9.6524557, 99.0733896 9.6489397, 99.0746538 9.6455901, 99.0758368 9.6424556, 99.0771401 9.6390024, 99.0784016 9.6356479, 99.0796193 9.6324324, 99.0808147 9.6292746, 99.0820883 9.6259102, 99.0826718 9.6220247, 99.0832522 9.6181601, 99.0838331 9.6142921, 99.0844379 9.6102653, 99.0858092 9.6006775, 99.0864629 9.5960972, 99.0870311 9.5921741, 99.0876057 9.5883041, 99.0879643 9.5859572, 99.0885307 9.5822507, 99.0890233 9.5785646, 99.0895705 9.5745762, 99.0902075 9.5707584, 99.0907694 9.5667553, 99.0912858 9.5629691, 99.0918228 9.5594117, 99.0923654 9.5558171, 99.0929407 9.5520678, 99.0934696 9.5482157, 99.094018 9.5441701, 99.0946895 9.5405962, 99.0951361 9.5363032, 99.0957946 9.5321767, 99.0964101 9.528029, 99.0968017 9.5252622, 99.0972202 9.5227095, 99.0976353 9.5199071, 99.0986404 9.513123, 99.0989669 9.5104849, 99.0996958 9.5056287, 99.1001478 9.5025455, 99.1007446 9.4985178, 99.1012394 9.4950219, 99.1017799 9.4909928, 99.0992345 9.4880867, 99.0966381 9.485174, 99.0941324 9.4823827, 99.0914869 9.4794358, 99.0888445 9.476501, 99.0863129 9.4736684, 99.0868708 9.4697991, 99.0874408 9.4659391, 99.0880001 9.4621002, 99.0885553 9.4582533, 99.0891024 9.4543772, 99.0896751 9.450562, 99.0902394 9.4466231, 99.0907788 9.4428573, 99.0913729 9.4387893, 99.0919027 9.4351578, 99.0924606 9.4312233, 99.0930158 9.4274554, 99.0935764 9.4236412, 99.0941396 9.419868, 99.0947398 9.4159174, 99.0952849 9.4120607, 99.0958656 9.4083046, 99.0986712 9.4052232, 99.1015492 9.4020173, 99.1045332 9.3987215, 99.1068546 9.3961388, 99.1058917 9.3922568, 99.1047987 9.3877144, 99.10386 9.3838455, 99.1047692 9.380007, 99.1058153 9.3756829, 99.1075198 9.3725469, 99.1090704 9.3696718, 99.1107754 9.3665104, 99.1125168 9.3632447, 99.1143139 9.3599419, 99.1162048 9.356553, 99.1179295 9.3532766, 99.1195455 9.3502582, 99.121061 9.3472768, 99.1229908 9.3438362, 99.1235474 9.3399893, 99.1241106 9.3361464, 99.12469 9.3322915, 99.1252653 9.3283982, 99.1257723 9.324829, 99.1263503 9.3208694, 99.1269401 9.3169196, 99.127519 9.3130432, 99.1280937 9.3091942, 99.1286288 9.305433, 99.129184 9.3016889, 99.1297285 9.2979937, 99.1303012 9.294325, 99.1307934 9.2906841, 99.1312648 9.2871761, 99.1318341 9.2834828, 99.13459 9.2807086, 99.1366956 9.2785645, 99.1394596 9.2757982, 99.1422437 9.2729638, 99.1450419 9.2701856, 99.1478737 9.2673485, 99.1506908 9.2644413, 99.1533186 9.2617813, 99.1560906 9.2589739, 99.1587406 9.2562856, 99.161563 9.2534444, 99.1640662 9.2509407, 99.1667235 9.248245, 99.1694212 9.2455084, 99.1721705 9.2427445, 99.1747226 9.2401646, 99.1774142 9.2374325, 99.1796015 9.2352365, 99.1823977 9.2324103, 99.1835283 9.2285926, 99.1846535 9.2248517, 99.1857223 9.2210538, 99.1868648 9.2172744, 99.1880129 9.2134765, 99.1891066 9.2097407, 99.1902311 9.2059731, 99.1913939 9.2021975, 99.1924869 9.1984801, 99.1935168 9.1949891, 99.193612 9.1912068, 99.193722 9.1873741, 99.1938105 9.1834897, 99.1939071 9.1796027, 99.1939956 9.1757011, 99.1941069 9.1718219, 99.1942102 9.1679387, 99.1942933 9.1640118, 99.1944019 9.160151, 99.1945001 9.1562596, 99.1946004 9.152285, 99.1946863 9.1483096, 99.1948056 9.1442401, 99.1949008 9.1404122, 99.1950028 9.1365698, 99.1951248 9.1327471, 99.1952254 9.1288271, 99.1953206 9.1256895, 99.1954448 9.1217423, 99.1955164 9.1182942, 99.1956036 9.1145852, 99.1957189 9.1109292, 99.1958182 9.1072148, 99.195908 9.103507, 99.1960254 9.0997363, 99.1961259 9.0960364, 99.1962245 9.0925543, 99.1992547 9.0903335, 99.2020941 9.0882636, 99.205165 9.086025, 99.2082086 9.0837929, 99.2110967 9.08168, 99.2138949 9.0796307, 99.2168105 9.0775211, 99.2175074638773 9.077008325560346, 99.2232072681921 9.07322483370226)"
way/550862967-230,way/388836605-230,230.0,1027.7989492113718,316863.32,Al/St 240/40 2-bundle 220.0,"LINESTRING (99.2232072681921 9.07322483370226, 99.21764238331976 9.07726614913388, 99.2164551 9.0781303, 99.2135068 9.0803136, 99.2108829 9.0822358, 99.206183 9.0856579, 99.2047209 9.0867225, 99.2022716 9.0885036, 99.1997132 9.0903642, 99.1968473 9.0924717, 99.1955417 9.0934318, 99.1929111 9.0953348, 99.1899842 9.0974794, 99.1871135 9.0995551, 99.1847585 9.1012753, 99.1825746 9.1028941, 99.1800794 9.1047103, 99.1773362 9.1049834, 99.1737578 9.1053237, 99.1699336 9.1057144, 99.1661467 9.1060735, 99.1631312 9.1063661, 99.1607306 9.1065991, 99.1579002 9.1068737, 99.1552076 9.1071349, 99.151812 9.1074643, 99.1489812 9.1063261, 99.1453311 9.1048728, 99.1420346 9.1035526, 99.1389803 9.10233, 99.1361844 9.1012018, 99.1334472 9.1001086, 99.1304462 9.0989102, 99.1273596 9.097678, 99.1235945 9.0978157, 99.1197006 9.0979501, 99.1160494 9.0980687, 99.1124157 9.0981978, 99.1086257 9.0983252, 99.1048666 9.0984484, 99.1010277 9.0986066, 99.0994626 9.1012577, 99.0974832 9.1046596, 99.0955459 9.1079509, 99.0972189 9.1112482, 99.0989783 9.1147156, 99.1007782 9.118263, 99.1025492 9.1217385, 99.1043379 9.1252534, 99.1060304 9.1285671, 99.1077818 9.1320184, 99.1095762 9.1355484, 99.1112674 9.1388706, 99.1120278 9.1427951, 99.1127573 9.1466739, 99.1134906 9.1505305, 99.1142148 9.1543825, 99.1149386 9.1582228, 99.1156206 9.1617996, 99.1163394 9.1656027, 99.1170774 9.1694555, 99.1178136 9.1733261, 99.1184981 9.1767509, 99.1191459 9.1802289, 99.1198352 9.1841093, 99.1204803 9.1875144, 99.1211347 9.1910241, 99.1218857 9.1947495, 99.1226019 9.1986602, 99.1232993 9.2023113, 99.1240677 9.2061584, 99.1247879 9.210069, 99.1255268 9.2138511, 99.1262779 9.2177563, 99.1269878 9.2214742, 99.1275921 9.2246386, 99.1282976 9.2282458, 99.1289046 9.2320846, 99.1295207 9.2359804, 99.1301644 9.239929, 99.1307987 9.2438697, 99.1314223 9.2477957, 99.1320688 9.2517045, 99.1325985 9.2550666, 99.1331215 9.2582751, 99.1336566 9.2615629, 99.134185 9.2650242, 99.1346893 9.2681016, 99.1352284 9.27122, 99.13573 9.2743515, 99.1362369 9.2774461, 99.136713 9.2804545, 99.137173 9.283267, 99.1376504 9.2861775, 99.1381533 9.2893261, 99.1387267 9.2927772, 99.1392101 9.2957703, 99.1396762 9.2986714, 99.1392276 9.3011582, 99.1387367 9.3038739, 99.1380166 9.307745, 99.1374788 9.3106249, 99.136941 9.3134279, 99.1362302 9.3173392, 99.1357565 9.319922, 99.1352928 9.322517, 99.1347496 9.3254669, 99.1345109 9.3282883, 99.1342749 9.3312222, 99.134004 9.3347291, 99.1337505 9.3380242, 99.1335265 9.3408773, 99.1332677 9.344347, 99.1330397 9.3476659, 99.1327735 9.3509132, 99.1325086 9.3544742, 99.1322632 9.3576619, 99.1319937 9.361146, 99.1317603 9.3643946, 99.1315752 9.3667883, 99.1313513 9.3698383, 99.131134 9.3728493, 99.1308658 9.3765734, 99.130666 9.3795241, 99.1304232 9.3828433, 99.1301765 9.3862285, 99.1299807 9.3890098, 99.1297406 9.3922329, 99.1294791 9.3960806, 99.1292109 9.3999811, 99.1289721 9.4034052, 99.1287106 9.406963, 99.1284317 9.4103725, 99.1282614 9.4133917, 99.1280039 9.417083, 99.1277625 9.4205811, 99.1276495 9.4221028, 99.1274607 9.4246467, 99.127285 9.4270228, 99.1271053 9.429719, 99.1268277 9.4335967, 99.1266145 9.4365297, 99.1263865 9.4397841, 99.1261719 9.4429327, 99.1259909 9.4456527, 99.1257843 9.4487232, 99.1255215 9.4522699, 99.1252935 9.4556055, 99.1250816 9.4587579, 99.1248362 9.462202, 99.1245854 9.4659219, 99.1243172 9.4699049, 99.124057 9.4738628, 99.1237673 9.4778299, 99.1235138 9.481756, 99.1232242 9.4856846, 99.1229606 9.4895742, 99.1227078 9.4932865, 99.1224799 9.4968671, 99.1222143 9.5007135, 99.1219608 9.5032293, 99.1216698 9.5062305, 99.1212447 9.5098242, 99.1209376 9.5138042, 99.1204937 9.5176015, 99.1200846 9.5215866, 99.1196823 9.5255624, 99.1192693 9.5295514, 99.118942 9.5325325, 99.1186309 9.5361974, 99.1182581 9.5396744, 99.1178565 9.5436421, 99.1175526 9.5466442, 99.1171664 9.5505589, 99.1168204 9.5539313, 99.116516 9.5566371, 99.1161626 9.5599565, 99.1164623 9.5638843, 99.1167802 9.5678225, 99.1170591 9.5717727, 99.1173273 9.5754636, 99.1175929 9.579079, 99.117862 9.5830463, 99.1182284 9.5869764, 99.1185129 9.5910562, 99.1187808 9.5949803, 99.1190381 9.5987083, 99.119329 9.6026172, 99.1198908 9.6101654, 99.120168 9.6138898, 99.1204348 9.6174751, 99.12073 9.6214415, 99.1210111 9.6252184, 99.1198806 9.631236, 99.119257 9.6344527, 99.1185811 9.6379009, 99.1179923 9.6409356, 99.1173432 9.6442145, 99.116737 9.6473295, 99.1159914 9.6512747, 99.1146436 9.6581613, 99.113969 9.661529, 99.1132448 9.6653736, 99.1124992 9.669197, 99.1117951 9.6728892, 99.1106683 9.6746691, 99.1091772 9.6770245, 99.1052612 9.6832485, 99.103188 9.6865552, 99.1013088 9.6895524, 99.0997841 9.6919841, 99.0980103 9.6948142, 99.0960376 9.6979613, 99.0945109 9.700397, 99.0924617 9.7036595, 99.0909235 9.7061384, 99.0889158 9.709312, 99.0868022 9.7126537, 99.0850387 9.7154709, 99.0830324 9.7187015, 99.081057 9.7218433, 99.0802107 9.7242057, 99.0793149 9.726733, 99.0782742 9.7296622, 99.0773676 9.7321208, 99.0760198 9.7358651, 99.0751829 9.7381598, 99.0739022 9.7418015, 99.0726386 9.7453232, 99.0671089 9.7607348, 99.0659777 9.7638875, 99.0646218 9.7676664, 99.0633236 9.7712843, 99.0619695 9.7750581, 99.0606813 9.7786482, 99.0593435 9.7823762, 99.0580036 9.7861102, 99.0566438 9.7898997, 99.0552908 9.7936702, 99.0541837 9.7967552, 99.0528723 9.8004098, 99.0515246 9.8041717, 99.0502577 9.8075825, 99.0491798 9.8106257, 99.048393 9.8143015, 99.0476485 9.8175802, 99.0468627 9.8210406, 99.046129 9.8242717, 99.045421 9.8273898, 99.0438869 9.8341454, 99.0432449 9.8369724, 99.0425286 9.8401266, 99.0418056 9.8433105, 99.041014 9.8467965, 99.0404055 9.8494756, 99.0395214 9.8533688, 99.0386865 9.8570453, 99.0378347 9.8607959, 99.0369708 9.8645997, 99.036091 9.8684736, 99.0352108 9.8723494, 99.035121 9.8727449, 99.0343559 9.8761134, 99.0335102 9.8785014, 99.0325495 9.8812188, 99.0313543 9.8846231, 99.0301694 9.8879998, 99.0290441 9.8912064, 99.0281412 9.8937793, 99.0273009 9.8961738, 99.0259518 9.9000183, 99.0247014 9.9035552, 99.0234776 9.9070166, 99.0226463 9.909368, 99.0216173 9.9122785, 99.0213295 9.9140289, 99.0211624 9.9182957, 99.0210517 9.9211229, 99.0209035 9.9249068, 99.0207628 9.9284996, 99.0206228 9.932072, 99.0205005 9.9351951, 99.0203962 9.9378579, 99.020269 9.9411062, 99.0215484 9.9442156, 99.0229647 9.9476574, 99.0242422 9.9507619, 99.0255282 9.9538872, 99.0267963 9.9569689, 99.0282519 9.960506, 99.029462 9.9634467, 99.0313103 9.9655999, 99.0327582 9.9672866, 99.0353777 9.9703496, 99.0370401 9.9722935, 99.0388604 9.974422, 99.0412997 9.9773055, 99.0437053 9.9801491, 99.046352 9.9831936, 99.0489797 9.9862162, 99.0512858 9.9888689, 99.0513336 9.9918601, 99.0513968 9.9958066, 99.0514516 9.9992299, 99.0515001 10.0022613, 99.0515382 10.0056477, 99.0515988 10.0094801, 99.0516579 10.012692, 99.0517045 10.0160388, 99.051733 10.0179799, 99.0513245 10.0209902, 99.0509229 10.0239493, 99.049886 10.0315114, 99.0488391 10.0391855, 99.0483212 10.0429817, 99.04759 10.0498355, 99.0473915 10.0525716, 99.046957 10.0587991, 99.0467025 10.0622073, 99.0465024 10.0650025, 99.0462959 10.0678858, 99.0460271 10.0716411, 99.0457885 10.0748643, 99.0454945 10.0788354, 99.0452063 10.0827277, 99.0449796 10.0857909, 99.0446823 10.0898058, 99.0443817 10.0938664, 99.0440994 10.0976797, 99.0437982 10.1016599, 99.0435882 10.1044373, 99.0435321 10.1075079, 99.0434758 10.1105899, 99.0434677 10.1136453, 99.0434323 10.1159421, 99.0433848 10.1190685, 99.0433111 10.1214112, 99.0432634 10.1248827, 99.0432256 10.1276393, 99.0431716 10.1315682, 99.0430945 10.1355498, 99.0430177 10.1395146, 99.0429692 10.1432807, 99.0429281 10.146477, 99.0428768 10.149046, 99.0424944 10.1529733, 99.0420863 10.1567827, 99.0417393 10.1605319, 99.0413375 10.1644237, 99.0409923 10.1679854, 99.0405568 10.1718799, 99.0401783 10.175639, 99.0397789 10.1796058, 99.0393894 10.1832611, 99.0390102 10.1872292, 99.0386234 10.1908176, 99.0395525 10.1942414, 99.0404681 10.1976155, 99.0414677 10.2012992, 99.0424277 10.2048366, 99.0434728 10.2085517, 99.0444958 10.2123999, 99.045509 10.2158512, 99.0464742 10.2193359, 99.0473977 10.2227466, 99.0494855 10.2302544, 99.0505244 10.2340279, 99.0517026 10.2388081, 99.054965 10.2500833, 99.056558 10.2555476, 99.058755 10.2609683, 99.0601964 10.2644339, 99.0616502 10.2679494, 99.0628089 10.2707206, 99.0641999 10.2740854, 99.0656268 10.2775374, 99.0669609 10.2807971, 99.0683787 10.2842145, 99.0697681 10.2875872, 99.0709322 10.2903636, 99.0722771 10.2927522, 99.0741079 10.2962381, 99.0757709 10.2992412, 99.0773357 10.3021523, 99.0790631 10.3053349, 99.0809529 10.3087679, 99.0856988 10.3184713, 99.0872471 10.3217978, 99.0885581 10.3246144, 99.0897275 10.327079, 99.0897651 10.3302191, 99.0920822 10.3321929, 99.0934609 10.3351218, 99.0949522 10.3383041, 99.096322 10.341209, 99.0976846 10.3441062, 99.1028383 10.3551438, 99.1042062 10.3580567, 99.1055044 10.3608799, 99.1065719 10.3631225, 99.1082134 10.3666053, 99.1086801 10.3699139, 99.1090825 10.3727053, 99.1095599 10.3760718, 99.1103914 10.3820344, 99.1118604 10.3925276, 99.1123438 10.3959801, 99.1128158 10.3993095, 99.1133523 10.4031243, 99.1138791 10.406805, 99.1150099 10.4147054, 99.1159272 10.4212265, 99.116292 10.4239225, 99.1167706 10.4272805, 99.117338 10.4312611, 99.1179013 10.4351388, 99.1184004 10.4386294, 99.1193497 10.445268, 99.1198047 10.4484617, 99.1202242 10.451406, 99.1207605 10.45517, 99.121238 10.4584934, 99.1217368 10.4620068, 99.1222894 10.4659315, 99.1228634 10.4698351, 99.1219768 10.4714581, 99.1206898 10.4738142, 99.1189474 10.4770039, 99.1182178 10.4803535, 99.11744 10.4837136, 99.1162705 10.4892152, 99.1154927 10.492744, 99.1145968 10.4967739, 99.116351 10.4998806, 99.1179161 10.5026946, 99.1193357 10.5055281, 99.1224088 10.5073355, 99.1255392 10.5092183, 99.1275178 10.5104386, 99.1303125 10.5121332, 99.1329201 10.5136941, 99.1356298 10.515303, 99.1383808 10.5169683, 99.1407697 10.5183982, 99.1430711 10.5197758, 99.1452115 10.521068, 99.1469174 10.5238261, 99.1485804 10.5266056, 99.1502951 10.5293679, 99.1519742 10.5320999, 99.1536747 10.5348898, 99.1553825 10.5376916, 99.1570543 10.54038, 99.158492 10.5427691, 99.1588103 10.5440308, 99.1594965 10.5470183, 99.1601997 10.5500799, 99.1609347 10.5531544, 99.1616267 10.5561288, 99.1621633 10.5583894, 99.1627371 10.5608065, 99.1634165 10.5637741, 99.1640871 10.5665058, 99.1647396 10.5693046, 99.165371 10.5720125, 99.1659807 10.574669, 99.1667121 10.5777288, 99.1674291 10.5808176, 99.1681015 10.5836243, 99.1694676 10.5861435, 99.1707872 10.5885691, 99.1722141 10.5912056, 99.1735499 10.5937261, 99.1764056 10.5989951, 99.1777341 10.6014193, 99.1789304 10.6036392, 99.1804002 10.6063652, 99.1819363 10.6091927, 99.1834097 10.611949, 99.1848098 10.6145274, 99.1862279 10.6171755, 99.1877763 10.6199845, 99.1892891 10.6227842, 99.1906731 10.6253888, 99.1921532 10.6281125, 99.1966383 10.6363658, 99.1996102 10.6419069, 99.201005 10.6444797, 99.2024385 10.6470644, 99.2039339 10.6497623, 99.2054879 10.6526154, 99.2068805 10.6551722, 99.2086414 10.658428, 99.2109414 10.6626805, 99.2123133 10.665217, 99.2136582 10.6677036, 99.2151868 10.6705371, 99.2166717 10.6732894, 99.2180042 10.6757592, 99.2194874 10.6783878, 99.2204951 10.6802531, 99.2199608 10.6833485, 99.2194201 10.6864414, 99.219023 10.6887124, 99.2173659 10.6981903, 99.2166738 10.7021489, 99.2161368 10.7052511, 99.2155256 10.7087156, 99.2148613 10.7125145, 99.214218 10.7161937, 99.2135096 10.7202451, 99.2128617 10.7239506, 99.2122366 10.7275252, 99.211615 10.7310911, 99.2111387 10.7338233, 99.2106655 10.7365374, 99.2100098 10.7402985, 99.2093565 10.7440459, 99.2086414 10.7480784, 99.2079403 10.7518784, 99.207223 10.7558809, 99.2066365 10.7592059, 99.205935 10.7631823, 99.2052345 10.7671528, 99.2045395 10.7710924, 99.2039975 10.7741647, 99.2034821 10.7770859, 99.2029172 10.7802878, 99.2022444 10.7841011, 99.2017177 10.787087, 99.2011814 10.7901582, 99.2006082 10.7933755, 99.2035063 10.7959824, 99.2059138 10.798117, 99.2083115 10.8002466, 99.2110821 10.8026955, 99.2139588 10.8052654, 99.2169326 10.807922, 99.2196253 10.8103121, 99.2216823 10.8121379, 99.2296318 10.8191938, 99.2323512 10.8216075, 99.2376375 10.8262996, 99.2406784 10.8289986, 99.2434339 10.8314442, 99.2464015 10.8340781, 99.2493995 10.836739, 99.252294 10.8393079, 99.2549028 10.8416233, 99.2571722 10.843643, 99.2585697 10.8462038, 99.263157 10.854582, 99.2638942 10.8559283, 99.2673405 10.8622224, 99.2702666 10.8676072, 99.2718037 10.8704092, 99.2732809 10.8731271, 99.2748075 10.8759361, 99.2763769 10.8787855, 99.2776939 10.8811903, 99.282822 10.8906521, 99.2847841 10.8926632, 99.2861345 10.8940472, 99.2878326 10.8958323, 99.2897716 10.8978031, 99.2919656 10.9000524, 99.2937174 10.9018901, 99.2958417 10.9040366, 99.3033975 10.9118378, 99.3054679 10.9139823, 99.3075388 10.9161176, 99.3095719 10.9181743, 99.3118515 10.920527, 99.3141207 10.9228709, 99.316403 10.9252392, 99.3183964 10.9273077, 99.3205621 10.9295298, 99.3227657 10.9317909, 99.3245992 10.9336721, 99.3267556 10.9358846, 99.3281704 10.9373362, 99.3301738 10.9393961, 99.3323489 10.9416325, 99.3343402 10.94368, 99.3363212 10.9457168, 99.3382971 10.9477484, 99.3405007 10.950014, 99.3421068 10.9516654, 99.3439926 10.9536001, 99.3461062 10.9557686, 99.3479874 10.9576986, 99.3501326 10.9598994, 99.3542654 10.9641395, 99.3565028 10.9664348, 99.3584638 10.9684467, 99.3606742 10.9707143, 99.3627977 10.9728928, 99.3646835 10.9748275, 99.3668094 10.9770083, 99.3687541 10.9790033, 99.3707009 10.9810006, 99.3741856 10.9845753, 99.3761081 10.9865476, 99.3780768 10.9885671, 99.3796947 10.9902268, 99.3819102 10.9924995, 99.3823928 10.9952802, 99.3827827 10.9975264, 99.3831924 10.9998868, 99.3836469 11.0025052, 99.3840663 11.0049213, 99.3846688 11.0083925, 99.3850855 11.0107936, 99.3855982 11.0137471, 99.3860441 11.0163158, 99.3865567 11.0192691, 99.3870855 11.0223154, 99.3876107 11.0253411, 99.3881292 11.0283281, 99.3891821 11.0343936, 99.3902725 11.0406751, 99.391291 11.0465421, 99.3947185 11.0662856, 99.3891005 11.081288, 99.3884194 11.0831168, 99.3874096 11.0858284, 99.3864005 11.0885381, 99.3857197 11.0903661, 99.3850804 11.0920827, 99.3843152 11.0941372, 99.3834113 11.0965642, 99.3823794 11.0993349, 99.3819731 11.1011741, 99.3822642 11.1029304, 99.3827043 11.1055854, 99.3830909 11.1079178, 99.3834445 11.1100512, 99.3839622 11.1131747, 99.3843301 11.1153233, 99.3846854 11.1173991, 99.3847554 11.1201763, 99.38483 11.1231382, 99.3848934 11.1256528, 99.3849641 11.1284573, 99.38504 11.1314679, 99.3851166 11.1345107, 99.3851434 11.1355723, 99.3852039 11.1379712, 99.3852764 11.1408497, 99.3853361 11.1432192, 99.3854168 11.146421, 99.3854974 11.1496169, 99.3855416 11.1513729, 99.3855966 11.1535531, 99.3856839 11.1570172, 99.3857607 11.1600643, 99.3858731 11.1645255, 99.3859574 11.1678685, 99.3860333 11.1708784, 99.3860919 11.1732026, 99.3861705 11.1763228, 99.3862259 11.1785208, 99.3863026 11.1815613, 99.3863513 11.1834945, 99.3864093 11.1857973, 99.386483 11.1887197, 99.3865299 11.1905799, 99.3866043 11.1935304, 99.3866639 11.1958977, 99.386733 11.1986372, 99.3868228 11.2016889, 99.3869188 11.204949, 99.3870165 11.2082669, 99.3871096 11.2114304, 99.3872025 11.2145855, 99.3872837 11.2177056, 99.3873627 11.2207394, 99.3874452 11.223913, 99.3875191 11.2267506, 99.3875917 11.2295417, 99.3876592 11.2321346, 99.3880756 11.2352861, 99.3883456 11.2373298, 99.3887732 11.2405658, 99.3891856 11.2436869, 99.3895714 11.2466073, 99.3899784 11.2496874, 99.390285 11.2520073, 99.3905634 11.2529205, 99.3914985 11.2559884, 99.3922292 11.2583855, 99.3929651 11.2607995, 99.3937919 11.2636008, 99.3944112 11.2656993, 99.3960421 11.268157, 99.3974739 11.2702956, 99.3997545 11.2737019, 99.4009946 11.2755542, 99.4025764 11.2779168, 99.4055523 11.2796398, 99.4085629 11.281383, 99.4113285 11.2829843, 99.4138582 11.284449, 99.4190766 11.2874703, 99.4223281 11.2893529, 99.4242118 11.2904436, 99.4263106 11.2916587, 99.4284049 11.2928713, 99.4307992 11.2942575, 99.4334901 11.2958155, 99.435793 11.2971488, 99.4382027 11.2985439, 99.4400478 11.2996122, 99.4428376 11.3012274, 99.4444798 11.30353, 99.4460032 11.305738, 99.4480616 11.3086673, 99.449362 11.3105691, 99.4525128 11.3150213, 99.4541997 11.3174405, 99.455998 11.3199835, 99.4578038 11.3225629, 99.4596244 11.3251132, 99.4613633 11.327627, 99.4631541 11.3301699, 99.4649822 11.3324723, 99.4669366 11.3350079, 99.4688538 11.3375143, 99.4708453 11.3399989, 99.4725842 11.3422502, 99.4748432 11.3451282, 99.4768051 11.3476345, 99.4820811 11.3543738, 99.4896237 11.3640927, 99.4913328 11.3662346, 99.4945728 11.3703654, 99.4961829 11.3724947, 99.4968397 11.37557, 99.4973651 11.3781045, 99.4979015 11.3808876, 99.4983362 11.3830112, 99.498911 11.385673, 99.4995513 11.3886377, 99.4998408 11.3903256, 99.50127 11.3928052, 99.5028029 11.3955237, 99.5043479 11.398287, 99.505902 11.4010342, 99.50618033051279 11.401533303780376, 99.50799714489378 11.406303384619518)"
way/550862967-230,way/876135539-230,230.0,1027.7989492113718,1583.22,Al/St 240/40 2-bundle 220.0,"LINESTRING (99.2232072681921 9.07322483370226, 99.22865465034151 9.073130626156834, 99.22957156276242 9.072833704580734, 99.23598746385973 9.06561033098424)"
way/876135539-230,way/1415498617-230,230.0,1027.7989492113718,102301.85,Al/St 240/40 2-bundle 220.0,"LINESTRING (99.23598746385973 9.06561033098424, 99.24108760042397 9.0676565973964, 99.2425556 9.0666708, 99.2453076 9.0648605, 99.247617 9.0633163, 99.2504869 9.0614224, 99.2532885 9.0595617, 99.2564723 9.0574361, 99.2589667 9.0557951, 99.2613982 9.0540681, 99.26378 9.0518008, 99.2660236 9.0497336, 99.2685395 9.047339, 99.2712002 9.0448226, 99.2740058 9.0421526, 99.2761945 9.0400705, 99.2779648 9.0383541, 99.2794829 9.0358445, 99.2823636 9.0310907, 99.2843913 9.0278272, 99.2864835 9.0244047, 99.2884311 9.0212398, 99.2896336 9.0192858, 99.2908394 9.0173264, 99.2924299 9.0150207, 99.2935583 9.0112574, 99.294864 9.0068575, 99.2957129 9.0039884, 99.296858 9.0003578, 99.2979679 8.9968134, 99.2989577 8.9936208, 99.2999223 8.9905099, 99.3009955 8.9870484, 99.3021274 8.9833977, 99.3032981 8.9796217, 99.3044548 8.9758908, 99.3055647 8.9723108, 99.3067198 8.9685508, 99.3077241 8.9652817, 99.308618 8.962372, 99.3094094 8.959796, 99.3103428 8.9567576, 99.3118314 8.9519119, 99.3128402 8.9486224, 99.3137871 8.9455454, 99.3149717 8.9417433, 99.3155939 8.9396963, 99.3166874 8.9361561, 99.3176025 8.933165, 99.3185323 8.9301836, 99.3194049 8.9273585, 99.3196782 8.9237922, 99.3199464 8.9198944, 99.3202297 8.9159142, 99.3205272 8.9121717, 99.3208265 8.9084072, 99.3211162 8.9052608, 99.3213629 8.9013268, 99.3218069 8.8976579, 99.3218457 8.8942, 99.3221515 8.8904371, 99.3224197 8.8870859, 99.3227416 8.8833192, 99.3229883 8.8793388, 99.3232566 8.8765014, 99.3236107 8.8724746, 99.3238199 8.8689843, 99.3241049 8.8651975, 99.3243322 8.8621787, 99.324595 8.8584605, 99.3248203 8.8552577, 99.3250912 8.8514215, 99.3253863 8.8477137, 99.3256572 8.843839, 99.3259576 8.8401073, 99.3261427 8.8371111, 99.32638 8.833863, 99.3265799 8.8311755, 99.326773 8.8284376, 99.3269855 8.825481, 99.3271941 8.8225801, 99.3274315 8.8198793, 99.3275844 8.8170737, 99.3278714 8.8131192, 99.3281731 8.8097715, 99.3284118 8.8058195, 99.3286264 8.8026653, 99.3289358 8.7986933, 99.3291977 8.7953309, 99.3294378 8.7916359, 99.3296966 8.7879116, 99.329934 8.784915, 99.3301861 8.7813696, 99.3304637 8.7774915, 99.3306897 8.7742561, 99.3308526 8.7719235, 99.3310994 8.768822, 99.3313596 8.7652287, 99.3315098 8.7624691, 99.331727 8.7598182, 99.3319362 8.7568492, 99.3321186 8.7541293, 99.3323801 8.7506857, 99.3326403 8.7467688, 99.332816 8.7439932, 99.3330574 8.7411168, 99.3332425 8.7383571, 99.3334369 8.7351917, 99.3338124 8.7304767, 99.3339935 8.7274663, 99.3342255 8.72444, 99.3344481 8.7210597, 99.3347013 8.7177892, 99.3349165 8.714741, 99.3351451 8.711413, 99.3354009 8.7078421, 99.3356128 8.70475, 99.3358864 8.7008393, 99.336103 8.6979539, 99.3362901 8.6952177, 99.3364919 8.6924629, 99.3367058 8.6892938, 99.3387416 8.6867319, 99.3409679 8.6838849, 99.343068 8.6812198, 99.3453855 8.6782541, 99.3475909 8.6754488, 99.3499194 8.6724728, 99.3522482 8.6695024, 99.3546341 8.6664601, 99.3578604 8.6641283, 99.3608511 8.6619348, 99.3634186 8.6600415, 99.3664019 8.6578983, 99.3695024 8.6556391, 99.3726929 8.6533222, 99.3759202 8.6509768, 99.3783972 8.6491757, 99.3809239 8.6473294, 99.3832792 8.6456064, 99.3859366 8.6436839, 99.3891113 8.6407209, 99.3910439 8.6389051, 99.3936486 8.6364671, 99.3959198 8.6343404, 99.3984163 8.6320214, 99.4012165 8.6293908, 99.4036677 8.6270999, 99.4061216 8.6248083, 99.4085657 8.6225131, 99.4108911 8.6203433, 99.4130967 8.6182853, 99.4151398 8.6163627, 99.4182552 8.6134561, 99.4206025 8.6112587, 99.423052 8.608972, 99.4252025 8.6069568, 99.4279916 8.6043396, 99.4309022 8.6016083, 99.4333135 8.5993428, 99.4361184 8.5967193, 99.4388951 8.5941222, 99.4414909 8.5916896, 99.4442173 8.5891157, 99.4466756 8.586817, 99.4493625 8.5842987, 99.4518643 8.5819516, 99.4547564 8.5792424, 99.4568297 8.5772983, 99.4593235 8.5749644, 99.4613721 8.5730461, 99.462345 8.5694649, 99.4634045 8.5656311, 99.4644439 8.5617845, 99.4651178 8.5593504, 99.4659218 8.5564507, 99.4668324 8.5530981, 99.4678707 8.5493068, 99.4688319 8.5458335, 99.4697808 8.5423548, 99.4705856 8.5394406, 99.4712942 8.5368748, 99.4732348 8.5334617, 99.4752076 8.5300081, 99.4771752 8.5265454, 99.4791453 8.5230838, 99.4810671 8.5197004, 99.4830318 8.516252, 99.4850085 8.5128054, 99.4869371 8.5094427, 99.4884472 8.5067886, 99.489909 8.5042712, 99.4911133 8.5021424, 99.4923042 8.5000069, 99.4942597 8.4966057, 99.4959158 8.4937252, 99.4972448 8.4914212, 99.498793 8.4887168, 99.5004232 8.4858689, 99.5021291 8.4828685, 99.5039195 8.479762, 99.5055784 8.4768703, 99.5072387 8.4739946, 99.5089751 8.4709611, 99.5107913 8.467788, 99.5127453 8.4643829, 99.5147087 8.4609433, 99.5166908 8.4574811, 99.5185737 8.4541986, 99.5204573 8.4509284, 99.5222417 8.4478305, 99.5238845 8.4449784, 99.5256722 8.4418431, 99.5276248 8.4384371, 99.5293468 8.435435, 99.5313424 8.4319659, 99.5332749 8.4285645, 99.5334667 8.4248168, 99.5336451 8.4212269, 99.5337845 8.417889, 99.5339683 8.4146812, 99.5341245 8.4116073, 99.5342512 8.408471, 99.5344377 8.4045055, 99.534612 8.4008849, 99.5347166 8.3980258, 99.5349312 8.3942168, 99.5350975 8.3905749, 99.5353053 8.3865203, 99.5354301 8.3838057, 99.5355575 8.3809478, 99.5357412 8.3775897, 99.5359055 8.3738714, 99.5361342 8.3699022, 99.5363098 8.366268, 99.5365061 8.3625385, 99.5367081 8.3586997, 99.5368677 8.3549195, 99.5370474 8.3511326, 99.5372593 8.3474133, 99.5374042 8.343901, 99.5375799 8.3407416, 99.5377086 8.3376233, 99.5379058 8.3337036, 99.5380948 8.3297705, 99.5382665 8.3264544, 99.5384274 8.3229167, 99.5386152 8.3190319, 99.5388016 8.3152374, 99.5389692 8.3118389, 99.5391597 8.308171, 99.5408361 8.3056603, 99.5427029 8.3028668, 99.544508 8.3001756, 99.546627 8.2970132, 99.5488237 8.2937313, 99.5510016 8.2904574, 99.5530535 8.2874051, 99.5553133 8.2840741, 99.5573451 8.2809845, 99.5593406 8.2779467, 99.5611426 8.2752443, 99.5628878 8.2726269, 99.5646527 8.2700078, 99.5663278 8.2674331, 99.568609 8.2640766, 99.5707427 8.2608383, 99.5729294 8.2575283, 99.5746601 8.2549376, 99.5765524 8.2520748, 99.5782462 8.2495424, 99.5804952 8.2461354, 99.5824224 8.24324, 99.5844541 8.2401575, 99.5864739 8.2371207, 99.5885291 8.2340162, 99.5907265 8.2307193, 99.5928609 8.2274979, 99.5951173 8.2241186, 99.5970203 8.221223, 99.5990856 8.2180434, 99.6009108 8.2152666, 99.6033282 8.2115388, 99.6049865 8.2090739, 99.607202 8.2057448, 99.6092096 8.2027144, 99.611071 8.1998931, 99.6128641 8.1971785, 99.6144681 8.194748, 99.616357 8.1919406, 99.6180897 8.1892837, 99.6196702 8.1868764, 99.6215183 8.1840928, 99.6233837 8.1812507, 99.6253404 8.1782838, 99.6274848 8.1750302, 99.629648 8.1717779, 99.6315792 8.1688494, 99.6337827 8.1654988, 99.6359566 8.1622424, 99.6380259 8.1590882, 99.6401744 8.155847, 99.6423216 8.1525913, 99.6435781 8.1506862, 99.6457507 8.1473952, 99.6479474 8.1440922, 99.6510172 8.1423928, 99.6537946 8.1408621, 99.6565975 8.1393513, 99.6594125 8.1377595, 99.6626419 8.1360058, 99.66349386551103 8.135524843649867, 99.66577918877151 8.129163744698914)"
TH81-230,way/550922890-230,230.0,1027.7989492113718,92276.34,Al/St 240/40 2-bundle 220.0,"LINESTRING (99.85789167078299 9.233310652892685, 99.8551545773323 9.229999611265974, 99.8534817 9.22817, 99.8509135 9.2254087, 99.8483399 9.2226261, 99.8457811 9.21987, 99.8432357 9.2171218, 99.8406326 9.2143022, 99.8380255 9.2114652, 99.8354398 9.2086918, 99.8328743 9.2059207, 99.8303174 9.2031652, 99.8277027 9.2003474, 99.8251251 9.197562, 99.8225227 9.1947822, 99.819883 9.1919385, 99.8187343 9.1884323, 99.817642 9.1850981, 99.8165176 9.1816658, 99.8153109 9.1779825, 99.8141102 9.1743175, 99.812867 9.1706276, 99.8118267 9.1673647, 99.8102351 9.1625183, 99.809401 9.1598988, 99.8081886 9.1563491, 99.80717 9.1532595, 99.8060629 9.1498263, 99.8037475 9.1427082, 99.8028396 9.1400236, 99.8018639 9.1372046, 99.8005899 9.1334839, 99.7993581 9.1297678, 99.7984823 9.1272348, 99.7972526 9.1237444, 99.7982624 9.1201626, 99.7990563 9.1171581, 99.8000461 9.1137523, 99.8009554 9.1101982, 99.8019089 9.1065938, 99.8029402 9.1029575, 99.8039353 9.0993106, 99.8050658 9.095179, 99.8061106 9.0914406, 99.8070963 9.0877313, 99.8081303 9.0840313, 99.8090167 9.0807285, 99.8100145 9.0771039, 99.8118223 9.0738143, 99.8136999 9.0704214, 99.8154353 9.0672496, 99.8170902 9.0642287, 99.8189221 9.0608768, 99.8206902 9.0576659, 99.8225215 9.0543339, 99.8242101 9.0512895, 99.8259093 9.048156, 99.8278405 9.0446608, 99.8297448 9.0411868, 99.8316707 9.0377102, 99.8335133 9.0343341, 99.8352836 9.0311156, 99.8371021 9.0278322, 99.838859 9.0246376, 99.8406239 9.0214402, 99.842433 9.0181779, 99.8442169 9.0149135, 99.8459181 9.0118161, 99.8477205 9.0085344, 99.8495544 9.0052422, 99.8514266 9.001893, 99.8532016 8.9986431, 99.8549705 8.9954416, 99.8567511 8.9922383, 99.8586847 8.9887466, 99.8589147 8.984917, 99.8591306 8.9810729, 99.8593599 8.9772221, 99.8595819 8.9734361, 99.8598119 8.9695938, 99.8600352 8.9657985, 99.8602578 8.9620251, 99.8604918 8.9582284, 99.8606856 8.9544687, 99.8609002 8.9507845, 99.8611302 8.9469659, 99.8613749 8.943169, 99.8615838 8.9394768, 99.8618316 8.9356984, 99.8620623 8.9319524, 99.8622876 8.9282349, 99.8625159 8.9244892, 99.8627402 8.9206497, 99.8629883 8.916893, 99.863223 8.9131236, 99.863453 8.9093098, 99.8636907 8.905549, 99.8639173 8.90182, 99.8641487 8.8980167, 99.864378 8.8942657, 99.8646033 8.8905458, 99.8648249 8.8868762, 99.865065 8.8830224, 99.8652933 8.8793577, 99.865527 8.875532, 99.8657533 8.8718387, 99.8659736 8.868216, 99.8662096 8.8647403, 99.8664316 8.8611861, 99.8666592 8.857718, 99.8669124 8.8539238, 99.867145 8.850074, 99.8673938 8.846344, 99.8676238 8.8426243, 99.8678934 8.8386899, 99.8681368 8.8348694, 99.8683829 8.8310177, 99.8686216 8.8272654, 99.8688744 8.8233377, 99.8698427 8.8195833, 99.8707784 8.8159024, 99.8716978 8.8123295, 99.8725987 8.8087508, 99.8734855 8.8052286, 99.8744175 8.8016291, 99.8753322 8.7980255, 99.8762709 8.7943491, 99.8771675 8.7907872, 99.8781163 8.7871252, 99.8790074 8.7835434, 99.879916 8.7800226, 99.8808853 8.7762959, 99.8818342 8.7725622, 99.8827756 8.7688457, 99.8836963 8.765214, 99.8846203 8.76163, 99.8854947 8.7582183, 99.886404 8.7546329, 99.8872341 8.7513483, 99.8880676 8.7481101, 99.8889108 8.7448146, 99.8895324 8.7410653, 99.8901782 8.7372418, 99.8908159 8.7334693, 99.8914304 8.729712, 99.8920567 8.725954, 99.8927025 8.7221476, 99.8933529 8.7181927, 99.8939926 8.7144405, 99.8946062 8.7107271, 99.8956942 8.7065565, 99.8958802 8.703155, 99.896528 8.6993573, 99.8971704 8.6955526, 99.8978074 8.6917906, 99.8984806 8.6878618, 99.8991317 8.6839397, 99.8997855 8.6801275, 99.9004474 8.6762828, 99.9010542 8.6726363, 99.9016889 8.6689019, 99.902061 8.665256, 99.9024553 8.6612992, 99.9028436 8.6575093, 99.9032268 8.6537392, 99.903612 8.6499491, 99.9039708 8.646302, 99.9043296 8.6426258, 99.9043451 8.6424674, 99.904696 8.6388714, 99.9050954 8.6350239, 99.9054892 8.6312314, 99.9058824 8.6274441, 99.9062745 8.6236678, 99.9066437 8.6198753, 99.9070402 8.6160999, 99.9074332 8.6123302, 99.9078174 8.6085323, 99.9082063 8.6046884, 99.9086019 8.6008669, 99.908993 8.597056, 99.9093882 8.5932035, 99.9097814 8.5893714, 99.9101201 8.5855251, 99.9104272 8.5817564, 99.9107457 8.5780679, 99.9110555 8.5743196, 99.9113827 8.5706655, 99.9116835 8.5669023, 99.9119926 8.5632739, 99.9122906 8.5596502, 99.912643 8.5559687, 99.9129555 8.5523768, 99.9132977 8.5487341, 99.9136162 8.5451302, 99.9138911 8.5415533, 99.9142517 8.5375352, 99.9145617 8.5340813, 99.9159058 8.5307062, 99.9173109 8.5271781, 99.9187714 8.5236037, 99.9202037 8.5199896, 99.921691 8.5163634, 99.9230871 8.5128566, 99.9245703 8.509184, 99.9259678 8.5056639, 99.9274215 8.5021981, 99.9286768 8.4990758, 99.9301426 8.4955477, 99.9315293 8.4921561, 99.932916 8.4887658, 99.9343081 8.4853861, 99.9356908 8.4819466, 99.9371123 8.4785085, 99.9385111 8.47513, 99.9399005 8.4718079, 99.9412644 8.468428, 99.9426498 8.4650673, 99.9440016 8.4617113, 99.9456699 8.4585449, 99.9473429 8.4553924, 99.9489885 8.4522134, 99.9505985 8.4491783, 99.9522051 8.4460476, 99.9539325 8.4428161, 99.9556102 8.4395686, 99.9574032 8.4362548, 99.9576433 8.433197, 99.9579285 8.4294904, 99.9581918 8.4262469, 99.9584781 8.4225409, 99.9587578 8.4190552, 99.9590575 8.4153571, 99.9593492 8.4117094, 99.9609793 8.4092511, 99.96252750776131 8.406882619809082, 99.96544502741324 8.39993213317549)"
way/550957004-230,way/244062167-230,230.0,1027.7989492113718,68559.04,Al/St 240/40 2-bundle 220.0,"LINESTRING (100.02768096950096 7.599259080989507, 100.03037692686725 7.592908355444826, 100.0311506 7.5912951, 100.0326949 7.5880428, 100.0342391 7.5848031, 100.0357975 7.5815375, 100.0373612 7.5782646, 100.038933 7.5749863, 100.0403948 7.571934, 100.0418231 7.5689448, 100.0433989 7.5656485, 100.0447112 7.5629983, 100.0461897 7.5598468, 100.0477079 7.5566774, 100.0493494 7.5532221, 100.0510539 7.5496857, 100.0527585 7.5461294, 100.0558792 7.5396627, 100.0592735 7.5325511, 100.0608748 7.5291142, 100.0623795 7.5260735, 100.0642028 7.5222364, 100.0672062 7.5160127, 100.0687551 7.5127958, 100.0702277 7.5097703, 100.0715896 7.5068943, 100.0731332 7.5035962, 100.074662 7.5003945, 100.0761487 7.4972585, 100.077695 7.4940494, 100.0792412 7.4907831, 100.0808291 7.4874477, 100.082478 7.4840397, 100.0839894 7.4808897, 100.0855967 7.4775036, 100.0871625 7.4742339, 100.0888194 7.4707627, 100.0905105 7.4672934, 100.0921541 7.4638281, 100.093699 7.4605762, 100.0952822 7.4573157, 100.0968137 7.4540471, 100.0983795 7.4508038, 100.099972 7.4475006, 100.1015311 7.4442592, 100.1030566 7.441087, 100.104633 7.4377544, 100.106235 7.4344239, 100.1078162 7.4311286, 100.1091767 7.4282348, 100.1107378 7.4250026, 100.1122391 7.4218768, 100.1137016 7.4187549, 100.1151131 7.4157826, 100.1165695 7.4127405, 100.1181199 7.4095075, 100.1195595 7.4064919, 100.1211099 7.4032622, 100.1225676 7.4001834, 100.1241448 7.3968346, 100.1256998 7.393561, 100.127287 7.3902108, 100.1288447 7.3869271, 100.1303977 7.3836514, 100.131944 7.3803769, 100.1335084 7.3770978, 100.1350305 7.3738493, 100.1364615 7.3708228, 100.1380433 7.3674957, 100.1396426 7.3641181, 100.1412244 7.3607804, 100.1427794 7.3575051, 100.1443814 7.3541261, 100.1457708 7.3512292, 100.1474176 7.3477164, 100.1489814 7.3444138, 100.1506215 7.3409542, 100.1520874 7.337839, 100.153635 7.3345656, 100.1551907 7.3312815, 100.1567397 7.3280186, 100.1582672 7.3247159, 100.1598081 7.321453, 100.1613732 7.3181475, 100.1630455 7.3146145, 100.1646414 7.3112119, 100.1661837 7.3079582, 100.1676804 7.3047963, 100.1692843 7.3013915, 100.170891 7.2979828, 100.172444 7.2946984, 100.1736577 7.2921271, 100.1761693 7.2894043, 100.1786329 7.2866991, 100.1811082 7.2839811, 100.1835597 7.2812926, 100.1884929 7.2758554, 100.1910163 7.273074, 100.1934256 7.27044, 100.1959046 7.2677434, 100.1983796 7.2650289, 100.2008513 7.2623157, 100.2031922 7.2597847, 100.2058046 7.2568951, 100.20828 7.2541888, 100.2107423 7.2515218, 100.2131717 7.248851, 100.2156313 7.2461836, 100.2180835 7.2435155, 100.2205541 7.2408118, 100.2229808 7.2381689, 100.2253921 7.2355307, 100.2278078 7.2329147, 100.2302168 7.2302811, 100.2326301 7.2276468, 100.235028 7.2250105, 100.2374152 7.2224394, 100.2398372 7.2197845, 100.2423005 7.2171189, 100.244758 7.2144476, 100.2472009 7.2117813, 100.2496529 7.2091026, 100.2521646 7.2063588, 100.2646956 7.1926786, 100.2671256 7.1900295, 100.271958 7.1847578, 100.2744169 7.182084, 100.2768751 7.1793716, 100.2793609 7.1766419, 100.2814047 7.1743972, 100.2839334 7.1715989, 100.2907971 7.1640682, 100.2930848 7.1615457, 100.2953787 7.1590461, 100.302099 7.1515844, 100.304684 7.1488169, 100.3081118 7.1451206, 100.3120064 7.1407709, 100.3144985 7.1380311, 100.3343427 7.1161466, 100.3368033 7.1134339, 100.3394003 7.1105708, 100.3417554 7.1079744, 100.3466674 7.102559, 100.3493138 7.0996413, 100.3519085 7.0967807, 100.354252 7.094197, 100.3594087 7.0885168, 100.3619455 7.0857223, 100.3643134 7.0831139, 100.3667746 7.0804028, 100.3746557 7.0717213, 100.3773314 7.0687738, 100.3795636 7.0663148, 100.3820932 7.0635282, 100.3844614 7.0609041, 100.3868857 7.0582369, 100.3892451 7.0556187, 100.3919033 7.0526908, 100.3943447 7.0500052, 100.3967229 7.0473506, 100.3987086 7.0451239, 100.4011686 7.0424149, 100.403785 7.0403586, 100.4064762 7.0382655, 100.4091226 7.0362169, 100.4116431 7.034258, 100.4146981 7.0318748, 100.4176952 7.0295287, 100.4207899 7.0271226, 100.4239227 7.0246905, 100.4268132 7.0224465, 100.4294641 7.0203997, 100.4322326 7.0182083, 100.4350873 7.0159711, 100.4379241 7.0137543, 100.4406901 7.0115334, 100.4419135 7.0080482, 100.4431313 7.0046179, 100.4443805 7.0010371, 100.4464363 6.9953057, 100.4490055 6.992917, 100.4517116 6.9904009, 100.4543905 6.9878929, 100.4566267 6.9858089, 100.4590486 6.9835625, 100.4609392 6.9818155, 100.4628828 6.9795336, 100.4650204 6.9777863, 100.4671059 6.9760846, 100.4694055 6.9737423, 100.4721831 6.9709559, 100.4734913 6.969663, 100.4758511 6.9672935, 100.4788946 6.9668185, 100.48060488489983 6.96669122608817, 100.49083311180013 6.967636997851147)"
TH85-230,way/550922890-230,230.0,1027.7989492113718,4011.48,Al/St 240/40 2-bundle 220.0,"LINESTRING (99.96025172677311 8.368968799755688, 99.96249792601367 8.373477943007245, 99.9637561 8.3760507, 99.9641329 8.3771731, 99.9651387 8.379227, 99.9660654 8.3810726, 99.9668607 8.3827337, 99.9680543 8.3851683, 99.9679041 8.3869833, 99.9676915 8.3893954, 99.9674837 8.3920834, 99.96732296783529 8.39360304297524, 99.96544502741324 8.39993213317549)"
way/550957004-230,way/550922890-230,230.0,1027.7989492113718,87626.0,Al/St 240/40 2-bundle 220.0,"LINESTRING (99.96544502741324 8.39993213317549, 99.96489686472805 8.394690190709927, 99.9644279 8.3928715, 99.9635321 8.3895466, 99.9626711 8.3862138, 99.9617913 8.3828783, 99.9608821 8.3795507, 99.9606755 8.3762683, 99.9604167 8.372118, 99.9601478 8.3683691, 99.9599393 8.3646493, 99.9596818 8.3608174, 99.9594417 8.3569708, 99.9592043 8.3531189, 99.9589469 8.349251, 99.9586759 8.3453407, 99.9584131 8.3414508, 99.9581851 8.3375397, 99.957937 8.3336703, 99.9576889 8.3298023, 99.9574167 8.3258082, 99.9571565 8.3219015, 99.956895 8.3179445, 99.9566469 8.3140218, 99.9563867 8.3102266, 99.9561279 8.3064379, 99.9558797 8.302628, 99.9556383 8.2988498, 99.9553862 8.2950597, 99.9551435 8.291259, 99.9548806 8.2875259, 99.9546218 8.2837038, 99.9543844 8.279891, 99.9541283 8.2761498, 99.9538842 8.2723329, 99.9536455 8.26852, 99.9533904 8.2648329, 99.9531238 8.2609777, 99.9528676 8.2572091, 99.9526168 8.2534219, 99.9523654 8.2495179, 99.9513522 8.2457731, 99.9503128 8.2420382, 99.9493097 8.2383259, 99.9483883 8.2346653, 99.9474536 8.2311466, 99.94637 8.2272842, 99.9453869 8.2235299, 99.9443825 8.2198725, 99.9433793 8.2160657, 99.9423869 8.212385, 99.9414669 8.2089989, 99.9405885 8.2057866, 99.9395424 8.2018722, 99.9385312 8.1980878, 99.9374959 8.19416, 99.9365021 8.1904651, 99.9366416 8.1867211, 99.9367797 8.1829326, 99.9369112 8.1791785, 99.9370533 8.1754483, 99.9372015 8.1716265, 99.937345 8.1677754, 99.9374986 8.163939, 99.9376313 8.1600812, 99.9377534 8.156226, 99.9379036 8.1523722, 99.9380538 8.1485289, 99.9381926 8.14474, 99.9383287 8.1410241, 99.9384642 8.1372431, 99.9386134 8.1333412, 99.9387565 8.1296014, 99.9388772 8.1258216, 99.9390113 8.1219727, 99.9391428 8.1181942, 99.9392715 8.1144077, 99.9394324 8.1106311, 99.9395625 8.1067987, 99.939706 8.1029696, 99.9398415 8.099236, 99.9399769 8.0953219, 99.9401379 8.0913519, 99.9402586 8.0878042, 99.9403873 8.0840798, 99.9405093 8.0802571, 99.9409653 8.0763281, 99.9414213 8.0724907, 99.9418647 8.0686772, 99.9423091 8.0648544, 99.9427181 8.0610236, 99.9431553 8.0572186, 99.9436033 8.0534122, 99.9440351 8.0495786, 99.9444656 8.0457569, 99.9449055 8.0418781, 99.9453521 8.0379939, 99.9458074 8.0341343, 99.9462412 8.0303158, 99.9466865 8.0264335, 99.9471277 8.0226249, 99.9475676 8.0188082, 99.9480182 8.0149743, 99.9484367 8.0111862, 99.948896 8.0073289, 99.9493138 8.0035062, 99.9497667 7.9996578, 99.9502039 7.9958333, 99.9506546 7.9919799, 99.9510894 7.9881405, 99.9515615 7.9840765, 99.952399 7.976821, 99.9528349 7.9730444, 99.9532741 7.9692824, 99.9537066 7.9655251, 99.9541364 7.9617697, 99.9545729 7.9580116, 99.9549967 7.9542481, 99.955446 7.9504641, 99.9558725 7.9467178, 99.9563043 7.9429563, 99.9567375 7.9392106, 99.9571358 7.9356854, 99.9575321 7.9321675, 99.9579338 7.9286531, 99.95833 7.9251867, 99.9587263 7.9216694, 99.9591253 7.9181294, 99.9594881 7.9148226, 99.9599353 7.9108296, 99.9603806 7.9069947, 99.9608117 7.9031676, 99.9612489 7.899336, 99.9616975 7.8954059, 99.9621066 7.8917043, 99.9625525 7.8879164, 99.9629951 7.884325, 99.9634279 7.8807641, 99.9638591 7.8772162, 99.9642989 7.8736729, 99.9647563 7.8698529, 99.9652216 7.8660368, 99.965695 7.8622234, 99.9661443 7.8584411, 99.966611 7.8546004, 99.9670824 7.8507569, 99.9675505 7.8469201, 99.9680178 7.8430919, 99.9684872 7.8392404, 99.9689385 7.8355968, 99.9694002 7.8319109, 99.9698525 7.8282227, 99.9703031 7.8245073, 99.9707765 7.8206835, 99.9712472 7.8168683, 99.971726 7.8130352, 99.9721913 7.8092079, 99.9726594 7.805388, 99.9738718 7.8018424, 99.9763582 7.7945385, 99.9775937 7.7908683, 99.9789066 7.7870399, 99.9800511 7.7836552, 99.9812206 7.7801969, 99.9824605 7.7765301, 99.9837171 7.7728673, 99.9849375 7.7692444, 99.9861136 7.765779, 99.9873598 7.7621077, 99.9910764 7.7511588, 99.9923123 7.7475157, 99.9935374 7.7438872, 99.9947551 7.740274, 99.9959983 7.7365867, 99.9983188 7.7297692, 99.9995729 7.7260274, 100.0008403 7.7222891, 100.0020459 7.7186837, 100.0032221 7.7152204, 100.0043097 7.7119166, 100.005506 7.7083656, 100.0067908 7.7045421, 100.008091 7.700672, 100.0093348 7.6969574, 100.0105874 7.6932096, 100.0118346 7.6895135, 100.0125374 7.6856951, 100.0132509 7.6818728, 100.0139744 7.6780071, 100.0146436 7.6744877, 100.0153584 7.6705961, 100.0160947 7.6666992, 100.0168309 7.6629005, 100.0175618 7.6590806, 100.018219 7.6556434, 100.0189472 7.6517816, 100.019669 7.6478733, 100.0203969 7.6439315, 100.0211345 7.6400157, 100.021268 7.6363976, 100.0213726 7.6327316, 100.0214772 7.6291693, 100.0215872 7.6254128, 100.0216881 7.6222765, 100.0217937 7.6189952, 100.0228438 7.6152094, 100.0239696 7.6113146, 100.0249292 7.6078186, 100.02545128446498 7.605954179836353, 100.02768096950096 7.599259080989507)"
TH86-230,TH85-230,230.0,1027.7989492113718,40659.19,Al/St 240/40 2-bundle 220.0,"LINESTRING (99.80365900000002 8.13678508310981, 99.80725087372493 8.137496349101694, 99.8104008 8.1380974, 99.8126491 8.13858, 99.8158336 8.1398943, 99.8194716 8.1413928, 99.823154 8.1429113, 99.8267877 8.1444021, 99.8297522 8.1456461, 99.8335449 8.1472219, 99.8342717 8.1476872, 99.8355753 8.1480496, 99.8386987 8.1493586, 99.8422198 8.150795, 99.8454961 8.1521531, 99.8466877 8.1547989, 99.8481884 8.1580481, 99.8491587 8.1602272, 99.8504465 8.1630436, 99.8519435 8.1662681, 99.8534232 8.1695438, 99.8548108 8.1725624, 99.8561103 8.1754099, 99.857613 8.1786157, 99.858932 8.1814764, 99.8602201 8.1842866, 99.861523 8.1871134, 99.8627615 8.1898797, 99.8642327 8.1930582, 99.8658058 8.1965095, 99.8668814 8.1988597, 99.8683237 8.2020003, 99.8698016 8.2051973, 99.8712849 8.2084839, 99.8731738 8.2125715, 99.8742789 8.2149149, 99.8754517 8.2174083, 99.8766734 8.2200716, 99.8781306 8.2232956, 99.8794864 8.2262051, 99.880161 8.2287389, 99.8809563 8.2316125, 99.8817193 8.2344635, 99.8826809 8.2379994, 99.8833287 8.240415, 99.8841521 8.243477, 99.886289 8.2462194, 99.8883652 8.2488941, 99.8904325 8.2515665, 99.8924401 8.2541227, 99.8943754 8.2565873, 99.8965567 8.2591508, 99.8987634 8.2617235, 99.9004063 8.2644177, 99.9022262 8.2675432, 99.904321 8.271031, 99.9063447 8.2743011, 99.9082202 8.2775068, 99.9098131 8.2801724, 99.9115916 8.2831488, 99.9134593 8.2862744, 99.9153006 8.289344, 99.9171983 8.2924786, 99.9259428 8.3070919, 99.9277642 8.3101357, 99.9295565 8.3131314, 99.9312933 8.3160031, 99.9330139 8.318888, 99.9347708 8.321804, 99.9366671 8.3249536, 99.9382851 8.3276712, 99.9402207 8.3304459, 99.9421737 8.333198, 99.9449021 8.3378993, 99.9462479 8.340583, 99.9476422 8.343396, 99.94902 8.346176, 99.9501351 8.3482904, 99.9517317 8.3515326, 99.9534215 8.3549938, 99.9550483 8.3582645, 99.9565731 8.3614662, 99.95805045147887 8.364417665788668, 99.96025172677311 8.368968799755688)"
TH8-500,TH7-500,500.0,4468.691083527704,8539.59,Al/St 240/40 4-bundle 380.0,"LINESTRING (99.86843943491687 18.288546553669523, 99.86956872278786 18.277117499648813, 99.8695274 18.2758171, 99.8692833 18.2723469, 99.8689681 18.2669268, 99.8685296 18.2636959, 99.8682734 18.2597466, 99.8682761 18.2567103, 99.8679797 18.2517318, 99.8678443 18.2496634, 99.8675747 18.2455902, 99.8675627 18.2419691, 99.8671201 18.2385836, 99.8669471 18.2356667, 99.8676673 18.2335077, 99.868891 18.2296902, 99.8700578 18.2261082, 99.8748019 18.2246561, 99.8788226 18.223437, 99.87995340016379 18.223090132580765, 99.88470389937497 18.221987129888095)"
TH7-500,way/293324904-500,500.0,4468.691083527704,17249.62,Al/St 240/40 4-bundle 380.0,"LINESTRING (99.74803644989194 18.297772472284464, 99.74138903046226 18.291328207307927, 99.7410931 18.2909572, 99.7415967 18.2890452, 99.7450098 18.2871454, 99.7486335 18.28515, 99.7529975 18.2868722, 99.7561457 18.2881176, 99.7606391 18.2898946, 99.7626789 18.2887167, 99.7659418 18.2868066, 99.7675458 18.2858917, 99.7712546 18.2837289, 99.7749165 18.285234, 99.7782974 18.2866347, 99.7819331 18.288136, 99.785766 18.2896978, 99.7904585 18.2904096, 99.7943732 18.2910081, 99.7991194 18.2917116, 99.8029456 18.2922872, 99.8066591 18.2928449, 99.8091294 18.2932161, 99.811487 18.2935739, 99.8149505 18.2940781, 99.8196631 18.2948103, 99.8233303 18.2953457, 99.8255586 18.2956812, 99.8288389 18.2938018, 99.8328589 18.2915015, 99.8340391 18.2906407, 99.8409565 18.2919816, 99.8450629 18.2927112, 99.8485056 18.2933135, 99.8521125 18.293968, 99.8574239 18.2949242, 99.860955 18.295538, 99.8625134 18.294122, 99.8641406494944 18.292672282504032, 99.86843943491687 18.288546553669523)"
TH6-230,way/1361676984-230,230.0,1027.7989492113718,6805.94,Al/St 240/40 2-bundle 220.0,"LINESTRING (99.07666297416974 18.52399387966078, 99.0876775019517 18.521734312454836, 99.0885875 18.520734, 99.0889112 18.5203729, 99.0903115 18.5188106, 99.0921052 18.5168198, 99.0933953 18.5153809, 99.0950308 18.513549, 99.0965959 18.511843, 99.0999144 18.5081595, 99.1004147 18.5075974, 99.1025551 18.5060872, 99.1055343 18.5039697, 99.1071403 18.5026629, 99.1092975 18.5005912, 99.1113447 18.4986231, 99.1135991 18.4964502, 99.1173213 18.4928706, 99.11929 18.4910467, 99.1212092 18.4891904, 99.1231558 18.4873385, 99.1252144 18.4853506, 99.1273038 18.4833409, 99.12870312211335 18.481356190842966, 99.12878369083667 18.475732676051916)"
way/1361676984-230,TH4-230,230.0,1027.7989492113718,12492.23,Al/St 240/40 2-bundle 220.0,"LINESTRING (99.039939 18.632595971918587, 99.04460049614535 18.629530844905247, 99.0448397 18.6293728, 99.0470682 18.6279122, 99.0479862 18.6266433, 99.0488036 18.6250922, 99.0490799 18.6223064, 99.0492046 18.6210038, 99.0495298 18.6177615, 99.0497504 18.6155623, 99.0499234 18.6137773, 99.0501232 18.6115703, 99.0503767 18.6090016, 99.0506322 18.6064965, 99.0508904 18.6037752, 99.0511391 18.6011429, 99.0513953 18.5984381, 99.051577 18.5966446, 99.0517688 18.594881, 99.0520464 18.5920445, 99.0523133 18.5893472, 99.0526056 18.5863276, 99.0529101 18.5832367, 99.0531581 18.580974, 99.053411 18.578668, 99.0535524 18.5766671, 99.0537509 18.5745556, 99.053995 18.5720779, 99.0542123 18.5697864, 99.0544496 18.5673869, 99.0547326 18.5645455, 99.054968 18.5621643, 99.0552087 18.5596966, 99.055426 18.5575092, 99.0556312 18.5553078, 99.0559309 18.5521808, 99.0561267 18.5502667, 99.0581645 18.5487766, 99.0604269 18.5471517, 99.0628074 18.5454339, 99.065208 18.5436704, 99.0679304 18.5417085, 99.0692145 18.5407555, 99.0711928 18.5393375, 99.0729857 18.5380269, 99.0742229 18.5366625, 99.07562629848566 18.535095407679858, 99.07666297416974 18.52399387966078)"
way/293324904-230,way/551229222-230,230.0,1027.7989492113718,197046.15,Al/St 240/40 2-bundle 220.0,"LINESTRING (99.74774986997704 18.297916383738325, 99.7521123698598 18.30213493550658, 99.7536233 18.3022725, 99.756467 18.3025857, 99.759452 18.3028691, 99.7612016 18.3050456, 99.7630437 18.3072369, 99.765127 18.3097665, 99.7652367 18.3127229, 99.7654066 18.3169648, 99.7655492 18.3207589, 99.7656917 18.3240378, 99.7657575 18.3259322, 99.7670349 18.329341, 99.7682191 18.3324636, 99.769206 18.3350865, 99.7700557 18.337444, 99.7709603 18.3398326, 99.771843 18.3422056, 99.7709877 18.3455829, 99.7697487 18.3473522, 99.7697103 18.3500009, 99.7697158 18.3528629, 99.7697213 18.3563337, 99.7717114 18.3587377, 99.7736248 18.3611468, 99.7760864 18.3641647, 99.777616 18.3661055, 99.7797926 18.3688268, 99.7793101 18.3730621, 99.7789044 18.3764232, 99.7784713 18.3801016, 99.7780217 18.3838943, 99.7775283 18.3880668, 99.7772706 18.3903403, 99.7767553 18.3945543, 99.7763112 18.3983727, 99.7758233 18.4024096, 99.7753497 18.4063915, 99.774931 18.4099521, 99.7713489 18.4119752, 99.7682631 18.4137922, 99.7647508 18.4158226, 99.7643477 18.4194051, 99.7632544 18.4210602, 99.7611765 18.4243189, 99.7637662 18.4263491, 99.7656967 18.4278644, 99.7682476 18.4298799, 99.7705426 18.4316968, 99.7731555 18.4337343, 99.775616 18.4356864, 99.7776759 18.4373346, 99.7797419 18.4389466, 99.7808312 18.4416215, 99.7818012 18.4439866, 99.7828489 18.4465319, 99.7839808 18.4493047, 99.7850269 18.4518452, 99.7862171 18.4547819, 99.7872068 18.4571831, 99.7884269 18.4601099, 99.7895735 18.4628913, 99.7907215 18.465672, 99.7916868 18.4680422, 99.7927597 18.4706365, 99.7935945 18.4726768, 99.7946701 18.4753003, 99.7958278 18.4781457, 99.7963294 18.4793915, 99.7975035 18.4822674, 99.7982022 18.484043, 99.7993696 18.4868807, 99.8002655 18.4890931, 99.8013712 18.4918499, 99.8025467 18.4947351, 99.803695 18.4975649, 99.8054174 18.4999413, 99.807197 18.5024187, 99.8085301 18.5042625, 99.8094202 18.5055139, 99.8105082 18.5071732, 99.8110694 18.5078466, 99.8122013 18.5093988, 99.813354 18.511017, 99.8151303 18.5134975, 99.8168643 18.5159334, 99.818365 18.5180597, 99.8209165 18.5186968, 99.8225835 18.5191298, 99.8261689 18.5200234, 99.8295405 18.5208831, 99.8326136 18.5216416, 99.8356046 18.5224214, 99.8376116 18.522925, 99.8406633 18.523709, 99.8425911 18.5241925, 99.8457326 18.5249965, 99.8480568 18.5276243, 99.8501656 18.530004, 99.8515738 18.5315833, 99.8536679 18.5339389, 99.8548649 18.5352943, 99.8569335 18.5376289, 99.8589438 18.5399011, 99.8607369 18.5419386, 99.8623751 18.5437797, 99.8644511 18.5461135, 99.8656326 18.5474555, 99.8677368 18.5498236, 99.8695838 18.5518957, 99.8716545 18.5542259, 99.8736688 18.5565093, 99.8757536 18.5588423, 99.8775849 18.5609228, 99.8795771 18.5631782, 99.8815143 18.5653687, 99.8836862 18.5678007, 99.8852996 18.5696329, 99.88738 18.571973, 99.8897316 18.5746357, 99.8910194 18.5760607, 99.8929781 18.5782793, 99.8951359 18.5806927, 99.8967183 18.5825026, 99.898856 18.5848943, 99.9008583 18.5871621, 99.9029926 18.5895664, 99.905072 18.5919174, 99.9071527 18.5942105, 99.9092918 18.5966319, 99.9112491 18.5988283, 99.9113556 18.6016272, 99.9115274 18.6044908, 99.9116635 18.6076442, 99.9117856 18.6105548, 99.9119043 18.613246, 99.912027 18.6160555, 99.9121872 18.6189614, 99.9123213 18.6220491, 99.9124635 18.6250948, 99.9126559 18.6281874, 99.9127029 18.6309095, 99.9128719 18.6339417, 99.9130046 18.6364528, 99.9130931 18.6386842, 99.9132152 18.6417836, 99.9133185 18.6445322, 99.9134539 18.6472859, 99.9135867 18.6502745, 99.9137355 18.6533432, 99.9138723 18.6564143, 99.9140279 18.6593939, 99.9141996 18.6622858, 99.9143068 18.6653479, 99.9144624 18.668335, 99.9146046 18.6713487, 99.9147494 18.6744716, 99.9148875 18.6773645, 99.9150377 18.6805305, 99.9151571 18.6835097, 99.9153221 18.6866502, 99.9154723 18.6898021, 99.9156011 18.6928149, 99.9157351 18.6959481, 99.9158826 18.6987707, 99.9160382 18.7017763, 99.9161735 18.7048274, 99.9163031 18.7077008, 99.9164633 18.7107691, 99.9165559 18.7132962, 99.9166994 18.7162278, 99.9168281 18.7190806, 99.9169562 18.7217232, 99.9170829 18.7244978, 99.9172331 18.7275911, 99.9173626 18.7305562, 99.9175054 18.7335573, 99.9176422 18.7366562, 99.9177475 18.7386603, 99.9178903 18.7416233, 99.9180257 18.7447093, 99.9181478 18.7477268, 99.9183007 18.7505498, 99.9185608 18.7560009, 99.9186869 18.7589515, 99.9188358 18.762102, 99.9189833 18.7650696, 99.9191228 18.7681539, 99.9192528 18.7712166, 99.9193548 18.7735048, 99.9194741 18.7760049, 99.9196257 18.7790764, 99.9197611 18.7820589, 99.9198966 18.7850833, 99.9200495 18.7880949, 99.9201809 18.7908449, 99.9203391 18.7942183, 99.9204732 18.7972424, 99.9206033 18.8001764, 99.9207482 18.8030735, 99.9208729 18.8062955, 99.9209815 18.8083407, 99.9210848 18.8110637, 99.9212457 18.8140571, 99.9213698 18.8164335, 99.9214737 18.8195004, 99.921644 18.8225419, 99.9217688 18.8257864, 99.9218814 18.8280535, 99.9220316 18.830629, 99.9221483 18.8332996, 99.9222918 18.8362698, 99.9224178 18.8393642, 99.9225493 18.8417136, 99.9226861 18.8446836, 99.9228175 18.8477779, 99.9229985 18.8509077, 99.9231313 18.853804, 99.9232118 18.856643, 99.9233633 18.859397, 99.9235323 18.8626015, 99.9236168 18.8650356, 99.9237737 18.8677881, 99.9239293 18.87083, 99.9240728 18.8739353, 99.9241465 18.8767956, 99.9243128 18.8794591, 99.9244114 18.8814089, 99.9245059 18.8832038, 99.9246494 18.8864078, 99.924738 18.8896206, 99.924919 18.8921127, 99.9250209 18.893884, 99.9251061 18.8959249, 99.9253736 18.9012546, 99.925607 18.9059338, 99.9258162 18.9096816, 99.9259946 18.9137447, 99.9260885 18.9155342, 99.9262601 18.9189691, 99.9263754 18.921188, 99.926472 18.9233478, 99.9251389 18.9267756, 99.9241868 18.9292836, 99.9231179 18.9321569, 99.9217084 18.9359485, 99.9206959 18.9385262, 99.920197 18.9398074, 99.9194218 18.9419194, 99.9179681 18.9458694, 99.9165612 18.9494261, 99.9155138 18.9520758, 99.9148098 18.9540241, 99.9140668 18.9559051, 99.9132963 18.9578425, 99.9123971 18.9602758, 99.9106966 18.9647118, 99.9106047 18.9665217, 99.9105746 18.9693157, 99.9105263 18.9710995, 99.9104458 18.9726252, 99.9104029 18.9754597, 99.910362 18.9785821, 99.9102587 18.9818325, 99.9101602 18.9849819, 99.9100743 18.9879652, 99.9100643 18.98961, 99.91002 18.9924296, 99.9099161 18.9954826, 99.9098141 18.9985437, 99.9097417 19.0016326, 99.909727 19.0035131, 99.9096304 19.0066704, 99.9095982 19.0095867, 99.9094889 19.0127091, 99.9094413 19.0150174, 99.9093568 19.0181111, 99.9092925 19.020638, 99.909212 19.0235718, 99.9091436 19.0265462, 99.9090618 19.0295776, 99.9089726 19.0326881, 99.9089096 19.0360281, 99.9088338 19.0394282, 99.9087171 19.0430501, 99.908646 19.0462028, 99.9085857 19.0489347, 99.9085817 19.0516145, 99.9084516 19.0547126, 99.9083731 19.0576832, 99.9082933 19.0602273, 99.9082156 19.0633322, 99.90817 19.0662716, 99.9080801 19.0694404, 99.9079876 19.0723158, 99.9079353 19.0754433, 99.9078729 19.0782507, 99.9077777 19.0811905, 99.9086246 19.0837969, 99.909448 19.0864489, 99.9103251 19.0891972, 99.9112055 19.0919328, 99.9120632 19.0946379, 99.9127927 19.0969963, 99.9137007 19.0998237, 99.9146502 19.1028055, 99.9155735 19.1056606, 99.9164902 19.1085562, 99.9173954 19.111429, 99.9183355 19.114327, 99.9192341 19.1172066, 99.9201728 19.1201533, 99.9210727 19.122984, 99.9220115 19.1259376, 99.9229194 19.1287936, 99.9238434 19.1317433, 99.9248184 19.1348057, 99.9257029 19.1375557, 99.9264519 19.1399484, 99.9273826 19.1428814, 99.9281108 19.145229, 99.9288458 19.1475753, 99.9297148 19.1500585, 99.9305047 19.152591, 99.9314073 19.1554249, 99.9323353 19.1583843, 99.9332419 19.1612283, 99.9341606 19.1640786, 99.9348097 19.1662093, 99.9328798 19.1683001, 99.931017 19.1703573, 99.9291576 19.1724037, 99.927447 19.1742607, 99.9254769 19.1764533, 99.9234706 19.1786725, 99.9219163 19.1803876, 99.9198349 19.182665, 99.9177495 19.1849488, 99.915719 19.1871603, 99.9135934 19.1895047, 99.9114691 19.1918049, 99.9095137 19.1939441, 99.9075101 19.1961795, 99.9055374 19.1983542, 99.902654 19.1997752, 99.8998766 19.2011177, 99.8976114 19.202293, 99.8952524 19.2035506, 99.8923114 19.2049501, 99.8896292 19.2062887, 99.8868598 19.2076882, 99.884081 19.2090673, 99.8813999 19.2104226, 99.8784437 19.2118927, 99.8756817 19.2133016, 99.8734716 19.2143964, 99.8716322 19.2152784, 99.87125 19.2166658, 99.8711072 19.2170533, 99.8709758 19.2174376, 99.8707665 19.2180233, 99.8715658 19.2208321, 99.873379 19.2241967, 99.8751935 19.2275588, 99.8751453 19.2309714, 99.8750715 19.2353375, 99.8750004 19.2400326, 99.8749416 19.2445453, 99.8748958 19.2480563, 99.8748422 19.2519851, 99.8747657 19.2559144, 99.8747295 19.2590954, 99.872506 19.2619946, 99.8700491 19.2652356, 99.8677155 19.2683335, 99.8650293 19.2717959, 99.8622733 19.2755633, 99.8596501 19.2790066, 99.8575728 19.2816916, 99.8582011 19.2850455, 99.8588998 19.2886082, 99.859459 19.2913411, 99.8586738 19.2950688, 99.8580797 19.2979231, 99.8572952 19.3016887, 99.8565079 19.3054162, 99.8557435 19.3090727, 99.8551086 19.3120849, 99.8544016 19.3154393, 99.8537184 19.3186801, 99.8545875 19.3223389, 99.8554981 19.3261128, 99.8563939 19.3298929, 99.8573314 19.333659, 99.8582406 19.337649, 99.8592639 19.3420046, 99.8597614 19.3440608, 99.8600914 19.3472066, 99.8604159 19.3504029, 99.8607431 19.3535877, 99.8610583 19.3566928, 99.8614418 19.3605658, 99.8618335 19.3642831, 99.8622438 19.3683382, 99.862614 19.3723159, 99.8630056 19.3762949, 99.8634428 19.3804508, 99.8638424 19.3844118, 99.8642166 19.3881071, 99.8639457 19.3912558, 99.8636641 19.3948408, 99.8633073 19.3988774, 99.863019 19.4026533, 99.862669 19.4070223, 99.862382 19.4105425, 99.8620494 19.4144408, 99.8617463 19.4183909, 99.8614968 19.4213999, 99.8611709 19.425475, 99.8608491 19.4294539, 99.8605527 19.4331936, 99.8602308 19.4371812, 99.8599009 19.4412344, 99.8595871 19.4452066, 99.8592532 19.4490927, 99.8589273 19.4532329, 99.8586041 19.4572085, 99.8582634 19.4612499, 99.8579429 19.4653088, 99.8576492 19.4690035, 99.8573287 19.4728789, 99.8570484 19.4768111, 99.8566675 19.4809683, 99.8563363 19.4849661, 99.8560399 19.4888107, 99.855718 19.492577, 99.8553854 19.4968298, 99.8551534 19.5000762, 99.8560546 19.5036007, 99.8571101 19.5077231, 99.8579322 19.5110136, 99.8589005 19.514663, 99.8599103 19.5186207, 99.8608223 19.5222737, 99.8617852 19.525909, 99.8627669 19.5297982, 99.86377 19.5337998, 99.8647691 19.5376812, 99.8658139 19.5416826, 99.8667553 19.5454729, 99.867682 19.5490646, 99.8686972 19.553019, 99.8697111 19.5569619, 99.8706861 19.5607784, 99.8716329 19.5644949, 99.8726763 19.56867, 99.8737371 19.5726037, 99.8747376 19.5765688, 99.8757434 19.5803937, 99.8765749 19.5837332, 99.8775646 19.5875957, 99.8785785 19.5914708, 99.879532 19.5950502, 99.8804547 19.5988463, 99.881309 19.6028151, 99.882111 19.6066519, 99.8829384 19.6104331, 99.8837444 19.6141497, 99.8846631 19.6183867, 99.8853859 19.6218038, 99.8860559 19.6248622, 99.8866828 19.6277244, 99.8864386 19.6308155, 99.8861906 19.6339543, 99.8858781 19.637923, 99.8856005 19.6416011, 99.8853108 19.6453397, 99.8850238 19.6491793, 99.8847288 19.6531401, 99.8844022 19.6570534, 99.8840676 19.6612381, 99.8838115 19.664509, 99.8835205 19.6682648, 99.8831892 19.6722352, 99.8829357 19.6758229, 99.8834708 19.6783295, 99.8842943 19.6818854, 99.885174 19.685757, 99.8860565 19.6897989, 99.886955 19.6935352, 99.887816 19.6973951, 99.8886609 19.701068, 99.8895239 19.7049762, 99.8903909 19.7089023, 99.8913019 19.7129044, 99.8922215 19.7168763, 99.8930852 19.7207786, 99.8939757 19.7247679, 99.8947348 19.7281094, 99.8956279 19.7321831, 99.8964654 19.7359207, 99.8973767 19.7399881, 99.8982619 19.7438872, 99.8991416 19.7478583, 99.9000335 19.7518292, 99.900928 19.7557975, 99.9016857 19.7592558, 99.9024703 19.7627002, 99.8995386 19.7655614, 99.8965305 19.7684881, 99.8935492 19.7713669, 99.8928465 19.7740348, 99.8918286 19.7778171, 99.8909743 19.781085, 99.8897848 19.785433, 99.8888446 19.7888831, 99.8878965 19.7924063, 99.886959 19.7958992, 99.8861691 19.7995648, 99.8854785 19.8027988, 99.884643 19.8067217, 99.8839965 19.8097335, 99.883271 19.8131389, 99.8824102 19.8168604, 99.8815209 19.8207052, 99.8809107 19.8231062, 99.8801409 19.8260521, 99.8779897 19.8296577, 99.8771153 19.8311615, 99.8743433 19.8341035, 99.8716047 19.8369936, 99.8689748 19.8397791, 99.8663154 19.8424269, 99.8635675 19.8452337, 99.8640919 19.8485791, 99.8645908 19.8518184, 99.8623632 19.8540069, 99.8599009 19.8564603, 99.85847353869794 19.856950179640954, 99.85456524204669 19.85348111371634)"
way/377077088-230,TH19-230,230.0,513.8994746056859,3728.83,Al/St 240/40 2-bundle 220.0,"LINESTRING (99.14191746876816 16.810383980432608, 99.14806791799153 16.810296401272122, 99.1482867 16.8104543, 99.1503789 16.812086, 99.152644 16.813683, 99.1549627 16.8149296, 99.1570602 16.8160079, 99.1591255 16.8165625, 99.162033 16.8179669, 99.1638067017643 16.81930713744871, 99.1672796063366 16.821252043063836)"
way/659650667-500,way/343034987-500,500.0,4468.691083527704,129511.5,Al/St 240/40 4-bundle 380.0,"LINESTRING (102.58665673674841 16.473075122700244, 102.5916600780574 16.475850272622395, 102.592577 16.4773556, 102.5939074 16.4795187, 102.5964823 16.4803058, 102.5991981 16.4837214, 102.6010247 16.4861261, 102.6031704 16.4889373, 102.6052585 16.4916969, 102.6079112 16.4952332, 102.6100758 16.4980982, 102.6120619 16.5007111, 102.6142842 16.5036634, 102.6164567 16.5065077, 102.6193079 16.5103317, 102.6214685 16.5131836, 102.6238704 16.5162978, 102.6262522 16.5195456, 102.628807 16.5229515, 102.6310158 16.5258354, 102.6332474 16.5288285, 102.6357083 16.5320697, 102.6381759 16.5353597, 102.6407307 16.5387447, 102.643252 16.5421092, 102.6457518 16.5454144, 102.6482195 16.5486476, 102.650616 16.5518383, 102.6528248 16.554813, 102.6552281 16.5579419, 102.6578084 16.5614076, 102.6601365 16.5645312, 102.6627597 16.5680148, 102.6651818 16.5711846, 102.6675582 16.5743287, 102.669712 16.5771951, 102.6721247 16.5803712, 102.6744944 16.5835138, 102.6771712 16.5870613, 102.6794913 16.5902488, 102.6817243 16.5931573, 102.6841597 16.5963601, 102.6866448 16.5997236, 102.6890588 16.6028698, 102.6916391 16.6063115, 102.6938975 16.6093187, 102.6964 16.6127038, 102.6989293 16.6160425, 102.7014586 16.6193581, 102.7039048 16.6226298, 102.7062155 16.6257063, 102.7083117 16.6284408, 102.7107257 16.631643, 102.7129184 16.6345754, 102.715099 16.6374781, 102.7173561 16.6404425, 102.7197084 16.643624, 102.7220567 16.6466885, 102.7243566 16.6497799, 102.7266499 16.6528238, 102.7291685 16.6561438, 102.7314216 16.6591645, 102.7321739 16.6627015, 102.7329934 16.6665019, 102.7338973 16.6705257, 102.7347261 16.6743131, 102.7355334 16.6781312, 102.7360055 16.6802792, 102.7364212 16.6820045, 102.7346483 16.684859, 102.7320479 16.6889775, 102.7301958 16.6919912, 102.7283786 16.694879, 102.7268726 16.6973273, 102.7249762 16.7003961, 102.7260518 16.703461, 102.7273379 16.7071283, 102.7287099 16.7111024, 102.7300966 16.7149674, 102.73138 16.7186087, 102.7323738 16.7214627, 102.7361342 16.7232441, 102.7395326 16.7248599, 102.7432474 16.726622, 102.7447455 16.7304352, 102.7462743 16.7343062, 102.7478246 16.7382515, 102.7492717 16.7419297, 102.7508166 16.7458261, 102.7500978 16.7494823, 102.7495077 16.752572, 102.7488533 16.7559558, 102.7482337 16.7592022, 102.7476047 16.7623791, 102.7471635 16.7650847, 102.7467276 16.7677197, 102.7461509 16.7712509, 102.744142 16.7745047, 102.7419667 16.7780332, 102.7400838 16.7810788, 102.7410333 16.7842631, 102.7421182 16.7876361, 102.7433038 16.7913826, 102.7443807 16.7948479, 102.7456413 16.798842, 102.7467893 16.8024484, 102.7478085 16.8057171, 102.7489431 16.8092655, 102.7501179 16.8129783, 102.7504063 16.8167025, 102.7506892 16.8202918, 102.7510124 16.8242662, 102.7513584 16.8284343, 102.7516736 16.8324714, 102.7520116 16.8365816, 102.7522771 16.8400165, 102.7526124 16.8441497, 102.7529182 16.8479451, 102.7531998 16.8515672, 102.7535002 16.8553202, 102.7551323 16.8584185, 102.7566786 16.8613962, 102.7586192 16.865113, 102.7602138 16.8681483, 102.7621436 16.8718483, 102.7640654 16.8755123, 102.7658424 16.8789106, 102.7675121 16.8820624, 102.7692327 16.885408, 102.7709815 16.8887214, 102.772851 16.8923325, 102.7748653 16.8953326, 102.7770607 16.8986189, 102.7789651 16.9014573, 102.7811913 16.9047795, 102.7828462 16.9072534, 102.7851784 16.9107666, 102.7872638 16.9138781, 102.7893305 16.9169562, 102.7914119 16.9200792, 102.7934128 16.9230738, 102.795454 16.9261338, 102.7972497 16.9288255, 102.7996369 16.9323819, 102.8019945 16.935887, 102.8043857 16.9394817, 102.8066589 16.9428956, 102.8087068 16.9459822, 102.8107506 16.9490097, 102.8126791 16.9519064, 102.8149496 16.9552841, 102.8157771 16.959153, 102.8165777 16.9628551, 102.8174414 16.9669329, 102.8183077 16.9709478, 102.8191057 16.9746881, 102.8198366 16.9780859, 102.8210852 16.9817132, 102.822323 16.9853456, 102.8237325 16.9894332, 102.8250575 16.9933296, 102.8246471 16.9969477, 102.824171 17.0010671, 102.8237137 17.0051403, 102.8232546 17.0090225, 102.8227718 17.0132494, 102.8223534 17.0169427, 102.8218599 17.0212412, 102.8214093 17.0251088, 102.8209694 17.0289352, 102.8205295 17.0327308, 102.8200682 17.0367828, 102.8195854 17.0409167, 102.8191133 17.0450095, 102.818609 17.0491638, 102.8181477 17.0532564, 102.8177051 17.0570946, 102.8173967 17.0597901, 102.8169782 17.0632466, 102.8165169 17.0673594, 102.8160556 17.0712978, 102.8155835 17.0754208, 102.8152187 17.0787641, 102.814693 17.0831433, 102.8142746 17.086989, 102.8137811 17.0909886, 102.8132661 17.0952238, 102.8128112 17.0990663, 102.8123434 17.1034173, 102.812043 17.1060936, 102.8116031 17.1097851, 102.8111525 17.1137944, 102.8107341 17.1173627, 102.8102465 17.1216136, 102.8097792 17.1256884, 102.8093035 17.1298287, 102.808878 17.1335319, 102.8083751 17.1377933, 102.807922 17.1416318, 102.8085325 17.1458182, 102.8090935 17.1496651, 102.809702 17.153838, 102.8101869 17.1571628, 102.8107882 17.1611688, 102.8113671 17.1650255, 102.8118685 17.1684548, 102.8123525 17.1717642, 102.8129335 17.1757374, 102.8134377 17.1792943, 102.8138855 17.1823353, 102.8145118 17.1865884, 102.8151415 17.1907756, 102.8157698 17.1950747, 102.8162671 17.1984769, 102.8168924 17.2027554, 102.8174192 17.2063109, 102.8180404 17.2105034, 102.8199105 17.2129287, 102.8219993 17.2156378, 102.8243919 17.2189172, 102.8270142 17.2210357, 102.8295299 17.2230681, 102.8331251 17.2234877, 102.8375669 17.2240309, 102.8415547 17.2244494, 102.8453775 17.2248507, 102.8498458 17.22536, 102.8536541 17.2257941, 102.8576942 17.2262546, 102.8608629 17.2279699, 102.8644904 17.2299334, 102.8682406 17.2320546, 102.8720135 17.2340713, 102.8756618 17.2360213, 102.8793214 17.2380876, 102.8823455 17.2399452, 102.8858289 17.2420849, 102.8882147 17.2435365, 102.8909706 17.2452132, 102.8943707 17.2472819, 102.897356 17.2490604, 102.8994253 17.2524937, 102.9009585 17.25492, 102.9027824 17.2577888, 102.9046009 17.2607293, 102.9047833 17.2633471, 102.9049397 17.265557, 102.9062532 17.2683519, 102.9058777 17.2715279, 102.9068065 17.275085, 102.9077024 17.2784811, 102.9086135 17.2819213, 102.9095255 17.2854761, 102.9104919 17.2891865, 102.9115532 17.2932001, 102.9123042 17.2960786, 102.9124222 17.2983527, 102.9125625 17.300598, 102.9158402 17.3024009, 102.9194604 17.3043246, 102.9226101 17.306027, 102.9264287 17.3080838, 102.9300452 17.3100013, 102.9311602 17.3134562, 102.9322652 17.3166877, 102.9333166 17.3198885, 102.9345719 17.323714, 102.9357467 17.3272833, 102.936858 17.3306498, 102.9381562 17.3345212, 102.9393846 17.3383259, 102.9405111 17.3417106, 102.94061630753032 17.344256948965146, 102.93785026203611 17.351241696040503)"
way/247704837-230,TH15-230,230.0,1027.7989492113718,2044.73,Al/St 240/40 2-bundle 220.0,"LINESTRING (104.7202098953019 17.494435992473075, 104.72664364656258 17.493106521669027, 104.7310892 17.4945673, 104.7326279226273 17.495075738536453, 104.7361933 17.496250472357044)"
TH4-230,TH3-230,230.0,513.8994746056859,2555.02,Al/St 240/40 2-bundle 220.0,"LINESTRING (99.0265312 18.657537171911063, 99.02910990656876 18.652651408432057, 99.0297391 18.6514787, 99.0309837 18.6490339, 99.0322229 18.6466298, 99.0333762 18.6444289, 99.0343472 18.6425838, 99.0353128 18.6406878, 99.0362623 18.6388834, 99.03702553069596 18.637411801979873, 99.039939 18.632595971918587)"
way/658429244-230,way/658003586-230,230.0,1027.7989492113718,114733.94,Al/St 240/40 2-bundle 220.0,"LINESTRING (103.63462184612496 18.317370238000397, 103.63537978940494 18.31195866225007, 103.6355484 18.3106875, 103.6360534 18.3068807, 103.6364888 18.3035977, 103.6368527 18.3008544, 103.6373023 18.2974648, 103.637802 18.2936972, 103.6382814 18.2900831, 103.6385661 18.2879361, 103.6388547 18.2841726, 103.6391386 18.2804701, 103.6392559 18.2789404, 103.6394855 18.2759456, 103.6397407 18.2726179, 103.6400303 18.2688399, 103.6403139 18.2651415, 103.6406137 18.261231, 103.6408737 18.2578399, 103.6411196 18.2546318, 103.6414003 18.2509709, 103.6416238 18.2480548, 103.6414932 18.2450441, 103.6413524 18.2417984, 103.6412092 18.238497, 103.6410454 18.234722, 103.6408732 18.2307524, 103.640707 18.2269214, 103.6405364 18.2229883, 103.6403845 18.2194866, 103.6402125 18.2155218, 103.640041 18.2115674, 103.63987 18.2076239, 103.6396974 18.2036453, 103.6395273 18.1997245, 103.6393563 18.1957801, 103.6391843 18.1918161, 103.6390147 18.1879046, 103.6388418 18.1839171, 103.6386823 18.1802398, 103.6385135 18.1763482, 103.638347 18.1725089, 103.6381839 18.1687485, 103.6380208 18.1649867, 103.6378666 18.1614312, 103.6376942 18.1574555, 103.637537 18.1538289, 103.637376 18.1501174, 103.6372344 18.1468501, 103.6370883 18.1434804, 103.6369353 18.1399537, 103.6373913 18.1368389, 103.6378902 18.1337955, 103.6384481 18.1301657, 103.6389738 18.1268468, 103.6395532 18.1228702, 103.6401701 18.1189648, 103.6407843 18.1151792, 103.6412322 18.1122169, 103.6418009 18.1084312, 103.6407548 18.1047499, 103.639757 18.1013081, 103.6389041 18.0983405, 103.6394318 18.0943713, 103.6398905 18.0909206, 103.6404347 18.0868274, 103.6409429 18.0830043, 103.6414588 18.0791236, 103.6419806 18.0751984, 103.6425053 18.0712508, 103.643 18.0675293, 103.643544 18.0634368, 103.643903 18.0607362, 103.6445644 18.05576, 103.6450571 18.0520532, 103.643122 18.0485449, 103.6415923 18.0457713, 103.6396502 18.04225, 103.6376934 18.038702, 103.6357647 18.0352048, 103.6338733 18.0317752, 103.6320591 18.0284855, 103.6330865 18.0250409, 103.6341777 18.0213825, 103.6350359 18.0185053, 103.6360235 18.015194, 103.6369758 18.0120011, 103.6381284 18.0081368, 103.6392628 18.0043331, 103.6403534 18.0006763, 103.6415105 17.9967962, 103.6425587 17.9932815, 103.6436785 17.9895267, 103.6446118 17.9863969, 103.6432249 17.9831438, 103.6410511 17.9795959, 103.6393064 17.9762635, 103.6406314 17.9738091, 103.6414951 17.972212, 103.6452046 17.9720079, 103.6487934 17.9688034, 103.6486405 17.9665122, 103.6484903 17.9642568, 103.6482382 17.960404, 103.6475301 17.9566788, 103.646779 17.9527902, 103.6454809 17.9457986, 103.646106 17.9425709, 103.6468774 17.9385886, 103.6476186 17.9347614, 103.6483731 17.9308659, 103.6491299 17.9269583, 103.6498754 17.9231089, 103.6505574 17.9195877, 103.6512601 17.9159589, 103.6520041 17.9121174, 103.6527454 17.9082892, 103.6534829 17.9044811, 103.6542329 17.900608, 103.654959 17.8968582, 103.6557097 17.8929816, 103.6564177 17.8893251, 103.6571647 17.8854672, 103.6579062 17.8816375, 103.6586022 17.8780427, 103.6576385 17.8741967, 103.6568493 17.8710475, 103.6559109 17.8673025, 103.6551028 17.8640777, 103.6542122 17.8605231, 103.653348 17.8570742, 103.6524829 17.8536217, 103.6515832 17.8500305, 103.6506808 17.8464292, 103.6498979 17.843304, 103.6490963 17.8401045, 103.6482773 17.8368357, 103.6474662 17.8335984, 103.6465967 17.8301274, 103.6470618 17.8264323, 103.647564 17.822443, 103.6480536 17.8185536, 103.6485475 17.8146301, 103.6490212 17.8108669, 103.6495067 17.8070105, 103.6500164 17.8029609, 103.6505006 17.7991145, 103.6510043 17.7951126, 103.6514875 17.7912734, 103.6519548 17.78756, 103.6524419 17.7836899, 103.652865 17.7803286, 103.6533065 17.7768203, 103.653782 17.7730417, 103.6542957 17.7689599, 103.6547161 17.7656198, 103.6552214 17.7616045, 103.6556889 17.7578893, 103.6562089 17.7537568, 103.6566727 17.750071, 103.6571708 17.7461132, 103.6576647 17.7421873, 103.6581566 17.7382785, 103.6586544 17.7343224, 103.6591323 17.7305237, 103.6596045 17.7267708, 103.6601075 17.7227733, 103.6606037 17.7188286, 103.6610752 17.715081, 103.6600733 17.7114319, 103.6591239 17.7079738, 103.6581761 17.7045215, 103.6571274 17.700702, 103.656092 17.6969305, 103.6550633 17.6931836, 103.6540336 17.6894325, 103.6530587 17.6858815, 103.6520512 17.6822114, 103.6510007 17.6783845, 103.6500071 17.6747648, 103.6489879 17.6710518, 103.6480126 17.6674989, 103.6469847 17.6637542, 103.6460122 17.6602109, 103.6450153 17.6565792, 103.6439634 17.6527466, 103.6429665 17.6491145, 103.6419073 17.6452554, 103.6408867 17.6415368, 103.6398437 17.6377363, 103.6387965 17.6339206, 103.6377722 17.6301883, 103.6388779 17.6270136, 103.6400547 17.6236348, 103.641154 17.6204785, 103.6423394 17.617075, 103.6434953 17.6137558, 103.6445904 17.6106116, 103.6444269 17.6067057, 103.6442618 17.6027585, 103.6440964 17.5988059, 103.6439355 17.5949606, 103.643786 17.5913866, 103.6436223 17.5874744, 103.6434566 17.5835154, 103.6432973 17.5797059, 103.6431297 17.5757019, 103.6429708 17.5719023, 103.6428075 17.5679999, 103.6426402 17.5640006, 103.642478 17.5601237, 103.6423131 17.5561802, 103.6421471 17.5522116, 103.641987 17.5483852, 103.6418232 17.5444684, 103.641658 17.5405196, 103.6414913 17.5365346, 103.6413268 17.5326001, 103.6411762 17.5289996, 103.6410071 17.524958, 103.6408477 17.5211467, 103.6406869 17.5173018, 103.6405223 17.5133663, 103.6403559 17.509387, 103.6401929 17.5054883, 103.6400288 17.5015645, 103.639879 17.4979827, 103.639757 17.4950666, 103.6409962 17.4925494, 103.6399582 17.4891777, 103.6380592 17.4872027, 103.6365232 17.4842986, 103.6346864 17.4808255, 103.6331347 17.4778917, 103.6313476 17.4745126, 103.6295378 17.4710903, 103.6278338 17.4678683, 103.6262541 17.4648812, 103.6246895 17.4619226, 103.6231756 17.4590598, 103.6234609 17.4562558, 103.6238147 17.4527774, 103.6241818 17.4491693, 103.624546 17.4455889, 103.6249298 17.4418164, 103.6253101 17.4380778, 103.6256852 17.4343902, 103.6260439 17.430864, 103.6264052 17.4273115, 103.6267819 17.4236083, 103.627134 17.4201463, 103.6274751 17.4167931, 103.6278318 17.4132863, 103.6280815 17.410831, 103.6283786 17.4079096, 103.6287117 17.4046345, 103.6304161 17.4023647, 103.6319826 17.4002787, 103.6334856 17.3982771, 103.635397 17.3957316, 103.6373162 17.3931757, 103.6404115 17.392395, 103.6439145 17.3915196, 103.6478198 17.390547, 103.6513334 17.3896716, 103.6548471 17.3887603, 103.6585218 17.3884737, 103.6619443 17.3881614, 103.6649859 17.3871222, 103.6685586 17.385914, 103.6720455 17.3847314, 103.6758435 17.3834465, 103.6795607 17.3825032, 103.6832864 17.3815578, 103.6871036 17.3805892, 103.6910472 17.3795885, 103.6945757 17.3786931, 103.69618 17.378286, 103.6985967 17.3763534, 103.7012681 17.3742211, 103.70314737893848 17.374301789760825, 103.71150195563028 17.36964605791655)"
way/659491955-500,way/658704544-500,500.0,4468.691083527704,17274.65,Al/St 240/40 4-bundle 380.0,"LINESTRING (100.69715888342044 14.585028039266437, 100.70017386329872 14.577314187791794, 100.7003818 14.5761802, 100.7009639 14.5729113, 100.7017155 14.5686682, 100.7024418 14.5644582, 100.7030996 14.56086, 100.7054834 14.5573196, 100.70824 14.5532002, 100.7107553 14.5493968, 100.7137727 14.5467773, 100.7136936 14.5442602, 100.7134629 14.5417165, 100.7159038 14.5401594, 100.7175654 14.538649, 100.7172162 14.5352369, 100.7168385 14.531546, 100.7164549 14.5276671, 100.7160702 14.5240484, 100.7157463 14.520418, 100.7152828 14.5161555, 100.7148603 14.5120307, 100.7173454 14.5085577, 100.7194589 14.5053794, 100.7218086 14.5019049, 100.7239865 14.4987784, 100.7262503 14.4954597, 100.7284068 14.4923175, 100.7303702 14.4894194, 100.7324408 14.486407, 100.7345437 14.4833426, 100.7367163 14.4801846, 100.738964 14.4770267, 100.7409649 14.4739933, 100.7431536 14.4707261, 100.744838 14.4673083, 100.7464581 14.4639943, 100.7480137 14.4608621, 100.7496123 14.457548, 100.7513021 14.4541403, 100.7528417 14.4510184, 100.754494 14.4476418, 100.7560711 14.4444054, 100.7576804 14.441169, 100.7592254 14.4379689, 100.759515 14.4341453, 100.7598369 14.4302438, 100.75987668754306 14.429657262906511, 100.76200318080451 14.422966751857553)"
way/659640311-230,TH40-230,230.0,2055.597898422744,5997.34,Al/St 240/40 2-bundle 220.0,"LINESTRING (100.61074544678078 14.115538891588798, 100.61170004853373 14.120424635815125, 100.6117881 14.1231862, 100.6119158 14.1270821, 100.6119942 14.1310628, 100.6121488 14.1349282, 100.6122474 14.1383416, 100.6123608 14.1419426, 100.6124909 14.1457536, 100.6125709 14.1491751, 100.6126733 14.1530678, 100.6127917 14.1569407, 100.6128828226287 14.159466481139065, 100.61306949889341 14.16775517323302)"
way/659641345-230,way/223601302-230,230.0,1027.7989492113718,15825.52,Al/St 240/40 2-bundle 220.0,"LINESTRING (100.69859791277267 13.93719393331153, 100.70092429562459 13.931418783934697, 100.7011335 13.9305377, 100.7013352 13.9297422, 100.7020473 13.9269343, 100.7029146 13.9234708, 100.7037796 13.9200159, 100.7044058 13.9174811, 100.7046832 13.9164097, 100.7056019 13.9127909, 100.7064636 13.9093967, 100.7073435 13.9059339, 100.7082105 13.902502, 100.7090742 13.8990832, 100.7099586 13.8955353, 100.7107666 13.8924143, 100.7116883 13.8888546, 100.712529 13.8855127, 100.7156738 13.8833792, 100.7163832 13.882902, 100.718783 13.8812684, 100.7218791 13.8791542, 100.724884 13.8771023, 100.7277084 13.8751674, 100.7303254 13.8733878, 100.7332498 13.8714104, 100.7364584 13.8691903, 100.7396158 13.8670597, 100.742703 13.8649633, 100.745502 13.8630795, 100.7486593 13.8608788, 100.7519279 13.8586653, 100.7547355 13.8567669, 100.7576387 13.8548227, 100.7605045 13.852866, 100.7635596 13.8507549, 100.7666334 13.8486752, 100.7694914 13.8467279, 100.7724573 13.8447071, 100.7754323 13.84268, 100.7785145 13.8405799, 100.7811869 13.8387589, 100.7830148 13.8375135, 100.7857234 13.8352313, 100.7885299 13.8328532, 100.7913262 13.830511, 100.7940874 13.8281557, 100.7968055 13.8258461, 100.7995835 13.823516, 100.8024353 13.8211157, 100.80260602966473 13.820168954017799, 100.80587370504132 13.813284930378202)"
way/296560688-230,TH74-230,230.0,1027.7989492113718,15625.22,Al/St 240/40 2-bundle 220.0,"LINESTRING (101.24932436132381 12.78771823549466, 101.24841942696081 12.781034069746465, 101.2484886 12.780031, 101.2485757 12.7776441, 101.2496057 12.7757882, 101.2495132 12.7746921, 101.2530348 12.7741082, 101.2570381 12.7734444, 101.2607966 12.7727669, 101.2648588 12.7720959, 101.2689438 12.7714027, 101.2730368 12.7706919, 101.2770139 12.7700268, 101.2804484 12.7694644, 101.283936 12.7688163, 101.2879284 12.7681453, 101.2920175 12.7674541, 101.2960093 12.7667347, 101.2999146 12.766069, 101.3039365 12.7653875, 101.307591 12.7647532, 101.3107138 12.7639952, 101.3137977 12.7632313, 101.3156216 12.7627742, 101.3190662 12.7622451, 101.3229708 12.7616507, 101.3263947 12.7600235, 101.3291862 12.7587325, 101.3332906 12.758691, 101.3370189 12.7586783, 101.3397588 12.7560328, 101.3433637 12.7557712, 101.3467433 12.7555646, 101.3498989 12.7553488, 101.3534917 12.7551277, 101.3570778 12.7549014, 101.3613117 12.7545849, 101.3653645 12.7543658, 101.36742220052896 12.754231926280418, 101.37160889999998 12.753967576263266)"
TH74-230,way/551510148-230,230.0,1027.7989492113718,107593.69,Al/St 240/40 2-bundle 220.0,"LINESTRING (101.37160889999998 12.753967576263266, 101.37579437527148 12.753706200888233, 101.3807604 12.7533933, 101.3842553 12.7545692, 101.3881686 12.7558563, 101.3917682 12.7570439, 101.3952215 12.7582224, 101.3990128 12.7594349, 101.402965 12.7607037, 101.4055423 12.7615837, 101.4092897 12.7628631, 101.413022 12.7640469, 101.4164713 12.7621255, 101.4200896 12.7600706, 101.4226484 12.7586292, 101.4241035 12.7587155, 101.4269695 12.7578575, 101.4281347 12.7556078, 101.4306822 12.7541333, 101.4341015 12.7527628, 101.4353903 12.7497282, 101.4389965 12.7483678, 101.441035 12.7470768, 101.4449577 12.7483377, 101.4470538 12.7482069, 101.4495429 12.7479754, 101.4513668 12.7477543, 101.4541322 12.74484, 101.4581005 12.7456719, 101.4614372 12.7464254, 101.4649402 12.7472115, 101.4690506 12.748169, 101.4730015 12.7490663, 101.4765917 12.7499021, 101.4804178 12.7508073, 101.4837331 12.751511, 101.4877872 12.7523913, 101.4916228 12.7532101, 101.4958097 12.7542055, 101.5005076 12.7552847, 101.5047294 12.7562094, 101.5089592 12.7571943, 101.5124099 12.7579935, 101.516625 12.7589301, 101.5212411 12.7599372, 101.5241915 12.7606226, 101.5283865 12.7615552, 101.5317661 12.7622942, 101.5358517 12.76323, 101.5398502 12.7641214, 101.542853 12.7647715, 101.5466014 12.7656151, 101.55074 12.7665477, 101.554357 12.7673573, 101.5580732 12.7681774, 101.5620375 12.7690432, 101.5660568 12.7699522, 101.5691721 12.770652, 101.5724699 12.7713844, 101.5755296 12.7731238, 101.5788399 12.7750056, 101.5821031 12.7768606, 101.585653 12.7788709, 101.5892297 12.7809086, 101.59255 12.7827999, 101.5959594 12.7847419, 101.5996192 12.7868031, 101.6033241 12.7889025, 101.6068558 12.7909038, 101.6104849 12.7929486, 101.6140844 12.7949665, 101.6173406 12.7968112, 101.6205391 12.7986349, 101.6236424 12.8003599, 101.6263998 12.8025504, 101.6293998 12.8049318, 101.6322966 12.8072282, 101.6333373 12.8097129, 101.6353449 12.8104923, 101.6373418 12.8112312, 101.6391778 12.8126971, 101.6417246 12.8147057, 101.644325 12.8167811, 101.6471319 12.8189675, 101.6500488 12.8212742, 101.6526009 12.8233129, 101.6560341 12.8239275, 101.6593789 12.8245225, 101.6626404 12.8251201, 101.6660509 12.8257242, 101.6696356 12.8263689, 101.6736214 12.8270959, 101.6776206 12.827785, 101.6812187 12.8284493, 101.6847606 12.829026, 101.6887651 12.8298105, 101.6927496 12.830535, 101.6960581 12.8310619, 101.6997206 12.8310345, 101.7038794 12.8308645, 101.707837 12.8308161, 101.711466 12.8306487, 101.7155148 12.8305428, 101.7197299 12.8304905, 101.723666 12.8303767, 101.7266487 12.8303401, 101.7288119 12.8302591, 101.7322008 12.8301401, 101.7362436 12.8300041, 101.7403762 12.8298655, 101.7445377 12.829736, 101.748687 12.8295882, 101.7527264 12.8294575, 101.7568684 12.829313, 101.7609588 12.8291698, 101.7645583 12.8290456, 101.7664111 12.8279681, 101.7685314 12.827228, 101.7725708 12.8271051, 101.7765605 12.8269769, 101.7805436 12.826854, 101.7846501 12.8267232, 101.7869796 12.8270763, 101.7893272 12.8274725, 101.7925425 12.8250429, 101.7959341 12.822527, 101.7992534 12.8200568, 101.8013321 12.8185111, 101.8045574 12.8160997, 101.8073322 12.8140571, 101.8100063 12.8120406, 101.8128468 12.8099404, 101.815533 12.8079226, 101.8185036 12.8047042, 101.8202886 12.8030787, 101.8230151 12.801053, 101.8243991 12.797794, 101.8266307 12.7966013, 101.8296482 12.7960899, 101.8319347 12.7943741, 101.8346525 12.7923574, 101.8376653 12.7900962, 101.8385343 12.7901577, 101.841525 12.7881972, 101.8443333 12.7863715, 101.8472461 12.7844633, 101.8501563 12.7825493, 101.8528325 12.7808262, 101.8555784 12.7786642, 101.8577993 12.7772838, 101.8616442 12.7765873, 101.8625911 12.7753736, 101.8628325 12.7719351, 101.8643291 12.7691766, 101.8663207 12.7674907, 101.8685174 12.7677556, 101.8700664 12.7663711, 101.8705612 12.7639749, 101.8728867 12.7620143, 101.8752095 12.7600615, 101.8772896 12.7583454, 101.8800442 12.7583127, 101.8817072 12.7561087, 101.8817984 12.7545522, 101.8845047 12.752288, 101.8869509 12.7501808, 101.889739 12.7479192, 101.8915039 12.7478446, 101.8960583 12.7475137, 101.9002788 12.74729, 101.9044402 12.7470585, 101.9086003 12.7468034, 101.9126947 12.7464986, 101.9161776 12.7462514, 101.9201714 12.7459545, 101.9238956 12.7456837, 101.9269574 12.744564, 101.9293968 12.7451474, 101.9310102 12.7455437, 101.9344662 12.746823, 101.9383246 12.7472821, 101.9424418 12.7477897, 101.9444784 12.7489222, 101.9459172 12.7497223, 101.9488489 12.7506407, 101.9507889 12.7528258, 101.952142 12.7551421, 101.9530539 12.7580118, 101.9549288 12.7603518, 101.9574581 12.7635511, 101.9592565 12.7657786, 101.9598171 12.7671349, 101.9608256 12.7688287, 101.9618811 12.7715008, 101.9626857 12.773566, 101.9640402 12.7770385, 101.9655396 12.7807974, 101.9669102 12.7836028, 101.9702066 12.7862669, 101.9725469 12.7881135, 101.9758621 12.7889976, 101.9792671 12.789938, 101.983324 12.7909921, 101.9863535 12.7918631, 101.9903661 12.792891, 101.9934909 12.7937045, 101.9963609 12.7961082, 101.9989197 12.798287, 102.0011044 12.7985185, 102.0036042 12.7968746, 102.0064393 12.7981497, 102.0101112 12.7997295, 102.0138194 12.801325, 102.0161918 12.8005822, 102.018609 12.7997575, 102.0216233 12.7987291, 102.0256056 12.797356, 102.0293534 12.7960638, 102.0332828 12.7947704, 102.0372498 12.793439, 102.0408654 12.7921992, 102.0414931 12.7889061, 102.0424318 12.7876584, 102.0444649 12.7849289, 102.0463157 12.7844463, 102.0480779 12.7819405, 102.0492688 12.7802468, 102.0512402 12.7774204, 102.0526752 12.7753971, 102.05523 12.7733502, 102.0559609 12.7706559, 102.0577633 12.7680793, 102.0593445 12.7658152, 102.0615815 12.7651913, 102.0654184 12.7641698, 102.0679839 12.7611667, 102.0707962 12.7599634, 102.0744279 12.7584356, 102.0756188 12.7567902, 102.0757744 12.7550505, 102.0768955 12.7521127, 102.0780838 12.7491317, 102.0762129 12.7456942, 102.0768741 12.7427471, 102.0790333 12.7401375, 102.0808451 12.7372348, 102.0811898 12.7355473, 102.0801571 12.7339933, 102.0804448 12.7312273, 102.0807391 12.7284403, 102.0831706 12.7250391, 102.0851554 12.7223246, 102.0876136 12.7189639, 102.0903388 12.7170879, 102.0935883 12.7148823, 102.0964676 12.7129736, 102.0994462 12.7109576, 102.1025683 12.7088252, 102.1035258 12.7050849, 102.1044445 12.701372, 102.1054289 12.6974157, 102.106196 12.694192, 102.1071844 12.6901793, 102.1081701 12.68627, 102.1090901 12.6824325, 102.1100503 12.6786159, 102.1107034 12.6759926, 102.1114075 12.6730839, 102.11187663745177 12.672502685896758, 102.11736721918292 12.667558760328975)"
way/155847885-500,way/381823390-500,500.0,4468.691083527704,208888.7,Al/St 240/40 4-bundle 380.0,"LINESTRING (100.77884237295204 14.227414301554559, 100.78695554018161 14.223685690972399, 100.7874529 14.2235724, 100.7908808 14.2227924, 100.7943784 14.222002, 100.7974864 14.2213193, 100.8011161 14.2205252, 100.8051502 14.2195684, 100.8090769 14.2187572, 100.8128535 14.217946, 100.8168875 14.2170724, 100.8207499 14.216178, 100.8246341 14.2153388, 100.8286248 14.2143683, 100.8325731 14.2134323, 100.83665 14.2126002, 100.8404588 14.2118306, 100.8436667 14.2110818, 100.8469068 14.2103329, 100.8502542 14.2095841, 100.8534728 14.2088769, 100.8552324 14.2058399, 100.8571636 14.202678, 100.8590947 14.1994745, 100.8610903 14.1961878, 100.8631932 14.1926513, 100.8651458 14.1893645, 100.867195 14.1859215, 100.869212 14.1824994, 100.8713256 14.1789887, 100.8730851 14.1761126, 100.8748876 14.1730335, 100.8767329 14.1699336, 100.8786856 14.1667713, 100.8803378 14.1639418, 100.8803593 14.1607585, 100.8803808 14.1575544, 100.8803808 14.1545167, 100.8803808 14.1512085, 100.8804666 14.1477546, 100.8804237 14.1445503, 100.8803593 14.1415125, 100.8803808 14.1382457, 100.8803808 14.1342922, 100.8804022 14.1303386, 100.8803808 14.1263642, 100.8804237 14.1224521, 100.8803378 14.1183943, 100.8803808 14.1149607, 100.8803593 14.1118184, 100.8803593 14.1086552, 100.8803593 14.1051382, 100.8803164 14.1015171, 100.8803378 14.0973965, 100.8803593 14.0940042, 100.8804451 14.0910906, 100.880531 14.0878022, 100.8814483 14.0849717, 100.8814107 14.0812255, 100.8813893 14.0774791, 100.8815287 14.0735246, 100.8815126 14.0696428, 100.8815824 14.0656985, 100.8816468 14.0617437, 100.8816682 14.0578306, 100.8816253 14.0541046, 100.8811103 14.0506076, 100.8811961 14.046944, 100.8813034 14.0435926, 100.8813463 14.0402204, 100.8808957 14.036848, 100.8808528 14.0340169, 100.8808314 14.0307902, 100.8815557 14.0281516, 100.8810245 14.0240869, 100.8811103 14.019918, 100.8811645 14.0158509, 100.8811961 14.0121162, 100.881282 14.008098, 100.8814107 14.0044754, 100.8814322 14.0010193, 100.8814536 13.9975839, 100.881518 13.9938362, 100.8815395 13.9899635, 100.8816897 13.9861324, 100.8817111 13.9827384, 100.881797 13.9792195, 100.8818613 13.9756172, 100.8782135 13.9729936, 100.8783637 13.9686416, 100.8783208 13.9649767, 100.8783852 13.9612909, 100.8785139 13.9571469, 100.8784925 13.9533569, 100.8785354 13.9503373, 100.8785139 13.9468179, 100.8785569 13.9427362, 100.8785354 13.9388834, 100.8795439 13.9369258, 100.8791147 13.9340934, 100.8786427 13.9309903, 100.8787071 13.927908, 100.8787071 13.925013, 100.8792074 13.9245442, 100.8817595 13.9231201, 100.8846509 13.9252081, 100.8879876 13.9275849, 100.8913055 13.9299253, 100.8952457 13.9293812, 100.8993307 13.9287877, 100.9024152 13.9283399, 100.9047621 13.9265149, 100.9070688 13.9247082, 100.9103572 13.9240704, 100.9142464 13.9233336, 100.9170681 13.9240339, 100.920909 13.925005, 100.92464 13.9243619, 100.9286486 13.9236616, 100.9323983 13.9229887, 100.9348914 13.9225682, 100.9377855 13.9206859, 100.9403577 13.9189885, 100.9439841 13.9166428, 100.9470123 13.9146277, 100.9507352 13.9121778, 100.953573 13.9113811, 100.9567031 13.9105115, 100.9604448 13.9094545, 100.964165 13.9084391, 100.9670913 13.9076111, 100.9721071 13.906213, 100.9764495 13.9051872, 100.9810361 13.9041093, 100.984861 13.9032241, 100.989579 13.9021383, 100.9931248 13.9013078, 100.9969524 13.9004069, 101.0009918 13.8994592, 101.0050499 13.898501, 101.0088681 13.8976744, 101.0121766 13.8983318, 101.0160604 13.8991103, 101.0199295 13.8998784, 101.0241623 13.9007226, 101.0452036 13.904947, 101.0491344 13.9057391, 101.0594864 13.9078018, 101.0674988 13.8993557, 101.0707644 13.8958654, 101.0778052 13.8883985, 101.081807 13.8882085, 101.0862789 13.8879962, 101.0904203 13.8877996, 101.0944349 13.8876118, 101.1021912 13.8872395, 101.1066074 13.8870182, 101.1107166 13.8868398, 101.1146594 13.8866536, 101.1188664 13.8864466, 101.1235523 13.8862175, 101.1282086 13.8860066, 101.1326771 13.8857918, 101.1370022 13.8856056, 101.1406869 13.8836059, 101.1438137 13.8819081, 101.1468929 13.8802703, 101.1504622 13.8783564, 101.1541006 13.8772869, 101.1577793 13.8788395, 101.1612909 13.8796877, 101.164643 13.8784144, 101.1677088 13.8768794, 101.171704 13.8749082, 101.1751506 13.8731909, 101.1771435 13.8694633, 101.179253 13.8655598, 101.180735 13.8628073, 101.1812003 13.8595223, 101.1816295 13.8566076, 101.1820184 13.8537899, 101.1826299 13.8496687, 101.1831114 13.8463874, 101.1852598 13.8433267, 101.1877355 13.8398226, 101.1900389 13.8365808, 101.1917769 13.8341222, 101.1938396 13.8311942, 101.1970844 13.8292266, 101.2008167 13.8269698, 101.2040346 13.8250203, 101.2047736 13.8216149, 101.2057345 13.8171526, 101.2065284 13.8135693, 101.2072841 13.8099938, 101.208123 13.8062385, 101.211052 13.8055186, 101.2144292 13.8044217, 101.218073 13.8032157, 101.2199545 13.7996647, 101.2216269 13.7965253, 101.2234381 13.7931045, 101.225274 13.7896556, 101.2270376 13.78635, 101.2290124 13.782664, 101.2309355 13.7790039, 101.2327567 13.7755887, 101.2362289 13.7690473, 101.2382982 13.7651644, 101.2401751 13.7616343, 101.2426789 13.7610775, 101.2480648 13.7598113, 101.2517863 13.7589679, 101.2555079 13.7581003, 101.2591557 13.757251, 101.263631 13.7562115, 101.2671909 13.755385, 101.2695473 13.7527706, 101.271982 13.7500487, 101.2741513 13.7476299, 101.2770246 13.7444312, 101.2797336 13.7414206, 101.2821637 13.7387109, 101.2844114 13.7361999, 101.2869125 13.7334315, 101.2894603 13.7305697, 101.2921372 13.7276071, 101.29458 13.7248778, 101.2978415 13.7240101, 101.3023289 13.7228128, 101.3050265 13.7220943, 101.3094736 13.7211133, 101.3142017 13.7200423, 101.3185281 13.7190717, 101.322318 13.7187434, 101.3259638 13.7184092, 101.329497 13.718077, 101.3330851 13.7177584, 101.3370179 13.7174028, 101.3406369 13.7170712, 101.3443805 13.7167292, 101.3484977 13.7163579, 101.3527329 13.7159722, 101.3569333 13.715595, 101.3607997 13.7152439, 101.3642155 13.7137808, 101.3647714 13.7100539, 101.3653179 13.7063862, 101.3660025 13.7017335, 101.3666945 13.6971868, 101.3673134 13.6929782, 101.3679719 13.6886099, 101.3686076 13.6843542, 101.3675522 13.6805428, 101.3664592 13.6765685, 101.3653863 13.672637, 101.3643389 13.6688841, 101.363443 13.6656276, 101.3648364 13.661649, 101.3659455 13.6584367, 101.3675334 13.6539212, 101.3681174 13.6522374, 101.3695383 13.6481828, 101.3708365 13.6444884, 101.3720972 13.6409096, 101.3730721 13.6381193, 101.3740123 13.6354045, 101.3738024 13.6322205, 101.3736381 13.6291297, 101.3767655 13.6275787, 101.3780007 13.6240831, 101.3792157 13.620607, 101.3803905 13.6172807, 101.3797656 13.6127917, 101.3791742 13.6086351, 101.378627 13.6048029, 101.378045 13.6005731, 101.3775125 13.5967883, 101.3780134 13.5937133, 101.3786679 13.5895863, 101.3792902 13.5857075, 101.379891 13.581916, 101.3806018 13.5774883, 101.3811771 13.5738857, 101.3818255 13.5697785, 101.3824626 13.5658486, 101.3831445 13.5615601, 101.3837628 13.5577473, 101.3844159 13.5535349, 101.3849949 13.5498264, 101.3856359 13.5458322, 101.3862619 13.5418738, 101.3869263 13.5376668, 101.3875614 13.5336446, 101.3881958 13.5297275, 101.3888308 13.5256303, 101.3894336 13.5218496, 101.3899982 13.5182807, 101.389044 13.515826, 101.3879852 13.5131235, 101.3868232 13.5100976, 101.3854579 13.5065625, 101.3838513 13.50246, 101.3825571 13.4991151, 101.3810993 13.4953235, 101.3795463 13.4913683, 101.3781046 13.4876678, 101.3765852 13.4836844, 101.3752548 13.4802232, 101.3761915 13.4761835, 101.3770727 13.4724203, 101.3780758 13.4681043, 101.3789462 13.4644277, 101.3798601 13.460528, 101.3808204 13.4564051, 101.3783648 13.4541155, 101.3752179 13.4512199, 101.3723493 13.4485747, 101.3699145 13.4463176, 101.367066 13.4436854, 101.3647767 13.4402973, 101.3624902 13.4369359, 101.3604356 13.4339019, 101.3578385 13.4300473, 101.3554621 13.4265338, 101.3561608 13.422758, 101.3567898 13.4193794, 101.3574194 13.4159545, 101.3580618 13.4124107, 101.3555929 13.4103528, 101.3529375 13.4083269, 101.3501949 13.4062089, 101.3468582 13.4036931, 101.3438676 13.4014166, 101.3435524 13.3983743, 101.3421858 13.3949177, 101.3385662 13.3927279, 101.3365371 13.3915002, 101.333132 13.3894258, 101.3301367 13.3876019, 101.3270159 13.385701, 101.326568 13.383033, 101.3260939 13.3802077, 101.3265955 13.3774247, 101.3271735 13.3743749, 101.3257499 13.3709324, 101.3246194 13.3681858, 101.323352 13.3650602, 101.3243666 13.3610545, 101.3254824 13.3567238, 101.3265405 13.3525901, 101.3295835 13.3502831, 101.3329208 13.3477328, 101.3362729 13.345155, 101.3394104 13.3427683, 101.3428255 13.3401402, 101.3460985 13.3376426, 101.3457465 13.3347326, 101.3419552 13.3327125, 101.338713 13.3309612, 101.3364332 13.3297398, 101.3349807 13.3254014, 101.3338395 13.3218948, 101.3325051 13.3178701, 101.3313182 13.3142453, 101.3300991 13.3105853, 101.3289639 13.307119, 101.3279399 13.3039952, 101.3252846 13.3026522, 101.3221021 13.3010156, 101.3189914 13.299439, 101.316507 13.2981776, 101.3157983 13.2941897, 101.3151277 13.2904138, 101.3144981 13.2868813, 101.3144189 13.2824285, 101.3143968 13.2798859, 101.3146556 13.2760987, 101.3129518 13.2728897, 101.3107731 13.2689079, 101.3093918 13.266313, 101.3112854 13.2633408, 101.3138121 13.2594189, 101.31357 13.2555654, 101.3133393 13.2512087, 101.3167927 13.2487931, 101.3206624 13.2460713, 101.3241279 13.2436517, 101.3256842 13.2406687, 101.3272681 13.2375748, 101.3289679 13.2342876, 101.3308575 13.2306433, 101.3323958 13.2276106, 101.3346964 13.2231763, 101.3360999 13.2204843, 101.3360925 13.2172575, 101.3361207 13.2131306, 101.3361328 13.2090022, 101.3361462 13.2053445, 101.3361716 13.2010189, 101.3362065 13.1961644, 101.336224 13.1933205, 101.3362589 13.1894239, 101.3362817 13.1854309, 101.3362871 13.1821535, 101.3363179 13.1793448, 101.3363407 13.1761835, 101.3349808 13.1721766, 101.3336075 13.1682055, 101.3321873 13.1639765, 101.3309025 13.1602261, 101.3295198 13.1561439, 101.3291417 13.1537573, 101.3287286 13.1510919, 101.3250922 13.1489867, 101.3218038 13.14702, 101.3184296 13.1463265, 101.3146772 13.145586, 101.3110113 13.1448449, 101.3087086 13.144397, 101.3063965 13.1419796, 101.3041056 13.139589, 101.3014348 13.1389889, 101.2974939 13.138059, 101.294345 13.1373655, 101.2896766 13.1363024, 101.2854957 13.1353755, 101.2814543 13.1344528, 101.2779043 13.1336437, 101.2738564 13.1327211, 101.2695301 13.1317351, 101.2663589 13.1310124, 101.2617977 13.1300055, 101.2572208 13.1289488, 101.2528457 13.1279919, 101.2490178 13.1271223, 101.2464573 13.1247316, 101.2429391 13.1213807, 101.2396281 13.1208362, 101.2350285 13.1201029, 101.2305677 13.1193782, 101.2274594 13.1162417, 101.2249585 13.1137006, 101.2223496 13.1110523, 101.2197059 13.1083669, 101.2171434 13.1057798, 101.2169161 13.1029337, 101.2166217 13.0991307, 101.2163208 13.0950751, 101.2160392 13.0916148, 101.2168905 13.0893204, 101.2177355 13.0868888, 101.2165513 13.0850215, 101.2153318 13.0830886, 101.215159 13.0800927, 101.2148486 13.0762799, 101.2132867 13.072517, 101.2101757 13.0707867, 101.2106366 13.0681086, 101.2110473 13.0656362, 101.2118218 13.062637, 101.2127628 13.0592823, 101.2120074 13.0561146, 101.2118538 13.0515313, 101.2112969 13.0472598, 101.2108259 13.0437437, 101.2104117 13.0407906, 101.209971 13.03749, 101.2095765 13.0343877, 101.2124732 13.0324418, 101.2149944 13.0310219, 101.2179817 13.0293462, 101.2183755 13.0261006, 101.2187919 13.0226168, 101.2192717 13.0183921, 101.2196791 13.0147583, 101.2189685 13.0120373, 101.218199 13.009259, 101.2166274 13.0076634, 101.2139034 13.0048582, 101.2115149 13.0023984, 101.209154 12.9999671, 101.2070466 12.9977967, 101.2050879 12.9955263, 101.2020729 12.9943693, 101.1991796 12.993203, 101.19875729698536 12.991400551039224, 101.19315990871247 12.987482205836553)"
way/155847885-500,TH49-500,500.0,4468.691083527704,78361.99,Al/St 240/40 4-bundle 380.0,"LINESTRING (101.15970858574927 13.609275432241581, 101.16069891507766 13.603760754350644, 101.1605433 13.6018791, 101.1618074 13.5982134, 101.1627847 13.5955609, 101.1639541 13.5929329, 101.1644906 13.5906283, 101.1654776 13.5878752, 101.1667761 13.5842098, 101.1683801 13.5797147, 101.1698714 13.5755746, 101.1713788 13.5714238, 101.1728915 13.5672414, 101.1744633 13.562887, 101.176019 13.5585691, 101.1775908 13.5542363, 101.179066 13.5501268, 101.1802944 13.5467109, 101.1812654 13.5440616, 101.1832717 13.5401968, 101.1854872 13.5359622, 101.18759 13.5319254, 101.1897197 13.527826, 101.1918548 13.5237213, 101.1939254 13.5197467, 101.1954382 13.5168521, 101.1969134 13.5140145, 101.1978146 13.5109947, 101.1986783 13.5081726, 101.1995849 13.5051893, 101.2004593 13.5023204, 101.2013927 13.4992426, 101.2023154 13.4961966, 101.2032005 13.493296, 101.2041446 13.4901769, 101.2050941 13.4870833, 101.2059149 13.4843449, 101.2065533 13.482211, 101.2075172 13.4800935, 101.2078568 13.4793474, 101.2092516 13.4762174, 101.2105658 13.4732905, 101.2119123 13.4703276, 101.2132534 13.4673331, 101.2145623 13.4643957, 101.2158605 13.4615316, 101.2170514 13.4588607, 101.2184462 13.4557513, 101.2201199 13.4520523, 101.2216756 13.4485408, 101.22049 13.4456976, 101.2192186 13.4444661, 101.2191489 13.4425147, 101.2177273 13.4391808, 101.2159142 13.4349076, 101.2139562 13.4304934, 101.2126741 13.4279941, 101.2113866 13.4253177, 101.2099543 13.4224687, 101.2074598 13.4197029, 101.2046811 13.416729, 101.2026694 13.4145113, 101.2005988 13.4122049, 101.1988231 13.4098617, 101.1995044 13.4067623, 101.2001428 13.403814, 101.2013659 13.4006358, 101.2024978 13.3976929, 101.2035653 13.3949323, 101.2047454 13.3918169, 101.2059042 13.3887953, 101.206961 13.3860607, 101.2082591 13.3832583, 101.2091711 13.3802314, 101.2105497 13.376745, 101.2098363 13.3736345, 101.2091389 13.370644, 101.2084684 13.3675233, 101.2077173 13.3644336, 101.2069878 13.3611925, 101.2060705 13.3572464, 101.2050566 13.3525803, 101.2041554 13.3485929, 101.2029859 13.3459101, 101.2014101 13.3450747, 101.1997565 13.3441981, 101.1974069 13.3429141, 101.1951324 13.3414317, 101.1944619 13.3379603, 101.1937108 13.3333513, 101.1928901 13.3288572, 101.1921981 13.3242895, 101.1913237 13.3197483, 101.1905834 13.3152431, 101.189768 13.3107226, 101.1889633 13.30628, 101.1882606 13.3020932, 101.1875793 13.2979064, 101.1868337 13.2936356, 101.1859646 13.2904356, 101.1852243 13.28759, 101.1845538 13.2849955, 101.1839261 13.2823172, 101.1835721 13.2796963, 101.1832341 13.2769707, 101.1828747 13.2738644, 101.1824187 13.2704602, 101.1820271 13.2674108, 101.1816785 13.2645498, 101.182526 13.2627119, 101.1845109 13.2584825, 101.1864206 13.2543837, 101.1883142 13.2503889, 101.1899557 13.2467027, 101.1885556 13.2437887, 101.1866995 13.2398413, 101.1854604 13.2372565, 101.1842212 13.2346401, 101.1827943 13.2316374, 101.1804715 13.2307758, 101.180053 13.2288123, 101.1795971 13.2265303, 101.1789962 13.2236111, 101.1781218 13.2217731, 101.1766091 13.2185768, 101.1750105 13.2152191, 101.17309 13.2111141, 101.1710569 13.2068423, 101.1693939 13.2033119, 101.1680797 13.2005279, 101.1669048 13.1967206, 101.1656871 13.1926468, 101.1645016 13.188714, 101.163198 13.1843685, 101.1620447 13.1805663, 101.1610576 13.1772076, 101.158354 13.1762938, 101.1568573 13.1746012, 101.157088 13.1728201, 101.1573562 13.1705584, 101.157721 13.1674351, 101.1570987 13.163972, 101.1575708 13.161151, 101.1559239 13.1588788, 101.1553369 13.1580775, 101.1549637 13.157568, 101.1548349 13.1560531, 101.154556 13.1523493, 101.1543146 13.149074, 101.1540356 13.1455531, 101.1537942 13.1424609, 101.1534938 13.1390232, 101.153349 13.1368135, 101.1529681 13.1334808, 101.1510637 13.1316432, 101.1517074 13.1289358, 101.1524692 13.1258326, 101.1521795 13.1218201, 101.1518147 13.1173378, 101.151509 13.1137486, 101.1519757 13.1101172, 101.1524531 13.1057599, 101.1528823 13.1022335, 101.1529091 13.1004675, 101.1529216 13.0997565, 101.1529574 13.0977297, 101.1530164 13.0943283, 101.1523458 13.0912087, 101.1518308 13.0889256, 101.151112 13.0858687, 101.150479 13.0832668, 101.1499265 13.0799015, 101.149154 13.0759773, 101.1484405 13.0717294, 101.1477271 13.0675333, 101.1472496 13.0648317, 101.1465469 13.0605778, 101.1458012 13.0562251, 101.1462948 13.0522221, 101.1468205 13.048015, 101.1471316 13.0452976, 101.1473623 13.0431081, 101.1511817 13.0409341, 101.154674 13.0389322, 101.1584666 13.0367323, 101.1618355 13.0347725, 101.1686107 13.034976, 101.1718938 13.0351174, 101.1751017 13.0354307, 101.1796185 13.0353419, 101.1823544 13.0339308, 101.1850956 13.0324939, 101.1879334 13.0309832, 101.1908462 13.0294731, 101.1935499 13.0280303, 101.194494 13.0248004, 101.1954811 13.0214294, 101.1968115 13.0169976, 101.19782 13.0134957, 101.198968 13.0095966, 101.1978683 13.0061101, 101.1964842 13.0017405, 101.1951163 12.9975171, 101.19419798954183 12.994504534095048, 101.19315990871247 12.987482205836553)"
way/223601302-500,TH49-500,500.0,4468.691083527704,70707.3,Al/St 240/40 4-bundle 380.0,"LINESTRING (100.80615494832888 13.813138445314307, 100.80556405272102 13.820525178502844, 100.8054827 13.821469, 100.8052253 13.8242923, 100.8050429 13.8273239, 100.8062177 13.8298711, 100.8083473 13.830418, 100.8120595 13.8299388, 100.8146559 13.8320015, 100.8177029 13.8321474, 100.8215224 13.8323349, 100.8255779 13.8326057, 100.8304702 13.8328766, 100.8344935 13.8330537, 100.8363067 13.8359081, 100.8388602 13.8372311, 100.8422505 13.8373353, 100.8441387 13.8401272, 100.8437525 13.8437107, 100.8433448 13.8470859, 100.845555 13.8505026, 100.8450614 13.8536902, 100.8449219 13.8576485, 100.8446862 13.8612575, 100.8460056 13.8640025, 100.8471643 13.8666899, 100.8485805 13.8697939, 100.8501684 13.8732207, 100.851885 13.8768767, 100.8534514 13.880543, 100.8552324 13.8841467, 100.8568417 13.8877087, 100.8586012 13.8914374, 100.8586012 13.8943119, 100.8587729 13.897728, 100.8587943 13.900769, 100.8588051 13.9049349, 100.8589177 13.909538, 100.861777 13.911475, 100.864266 13.9132038, 100.8666049 13.9148284, 100.8694588 13.9168278, 100.8725058 13.9193896, 100.8755742 13.9218265, 100.878471 13.9242424, 100.8790718 13.9243049, 100.8816253 13.9228678, 100.8847581 13.921035, 100.8887282 13.9187993, 100.89214 13.9169665, 100.8943287 13.9135715, 100.896689 13.9098849, 100.8987275 13.9068023, 100.8990064 13.9038862, 100.8994141 13.9006369, 100.901517 13.8979707, 100.905036 13.8969709, 100.907096 13.8935757, 100.9089521 13.8933674, 100.9110227 13.893409, 100.9150782 13.8930341, 100.9188977 13.8926383, 100.9218374 13.8921176, 100.9250346 13.8919093, 100.9284034 13.8914302, 100.9304848 13.8910761, 100.9348407 13.8909928, 100.9391967 13.8908053, 100.9436169 13.8906178, 100.9480587 13.8903678, 100.9525433 13.8903054, 100.9568563 13.8901595, 100.9611049 13.8899929, 100.9644953 13.8899304, 100.9677354 13.8898471, 100.9716407 13.8880973, 100.9752455 13.8864309, 100.9796229 13.884327, 100.983142 13.8826814, 100.9857813 13.8815148, 100.9886137 13.8801817, 100.9916177 13.8788276, 100.9947077 13.8774528, 100.9961239 13.874828, 100.997819 13.8716824, 100.9998178 13.8680181, 101.0017029 13.8644537, 101.0035268 13.8607871, 101.0061875 13.859183, 101.0091916 13.8571413, 101.0126463 13.8549538, 101.0162941 13.8526205, 101.0195771 13.8505163, 101.0216799 13.8482454, 101.0238686 13.846037, 101.0266796 13.8444327, 101.0266903 13.842141, 101.0289005 13.8404638, 101.0301343 13.8395366, 101.0337606 13.8373281, 101.0374728 13.8349529, 101.0397641 13.8333783, 101.0414425 13.8323902, 101.0446611 13.8304108, 101.0480085 13.8282856, 101.0513345 13.8262229, 101.0571924 13.8251811, 101.06069 13.8244935, 101.0652605 13.8237434, 101.069831 13.8228266, 101.0744658 13.822014, 101.0783926 13.8212638, 101.0813966 13.8207846, 101.0844866 13.8202012, 101.0867825 13.81818, 101.0897866 13.8153671, 101.0907737 13.8115539, 101.0918465 13.8077615, 101.092898 13.8040732, 101.0939923 13.7996972, 101.095151 13.7953836, 101.0959664 13.792237, 101.0966745 13.7896321, 101.0976186 13.7861102, 101.1004296 13.7842972, 101.1035839 13.7823174, 101.1071029 13.7800875, 101.1101499 13.7775033, 101.1133471 13.7748983, 101.1169735 13.7719598, 101.1205784 13.7689587, 101.1241618 13.7660617, 101.1277238 13.7631856, 101.1312214 13.7601636, 101.1346331 13.7574541, 101.1374226 13.7550781, 101.1404052 13.7534941, 101.1424223 13.7510555, 101.1456195 13.748471, 101.148366 13.7462408, 101.1497179 13.7425933, 101.151177 13.7391124, 101.1524215 13.7348394, 101.1559191 13.7322964, 101.158331 13.7288383, 101.1611548 13.7246568, 101.1636224 13.7210193, 101.1658219 13.7178091, 101.1682573 13.7142237, 101.1706048 13.7108278, 101.1733642 13.7066565, 101.1760894 13.7027373, 101.1786535 13.698891, 101.1808422 13.6956909, 101.1796513 13.6918966, 101.1782459 13.6875602, 101.1772695 13.6844538, 101.1770442 13.6807219, 101.1768189 13.6763749, 101.1753491 13.6734768, 101.1739865 13.6709748, 101.1724952 13.6679516, 101.1706284 13.6643654, 101.1708108 13.6614359, 101.170961 13.6568904, 101.1711648 13.6523344, 101.1713472 13.6478513, 101.171506 13.6448611, 101.1715832 13.6413976, 101.1717334 13.6382593, 101.1720982 13.6345996, 101.1722162 13.6311901, 101.1705855 13.6281351, 101.1688367 13.6247672, 101.1669591 13.6210031, 101.1649636 13.6171868, 101.1628607 13.612995, 101.16258710077605 13.612492306839565, 101.15970858574927 13.609275432241581)"
TH73-230,TH75-230,230.0,513.8994746056859,12978.35,Al/St 240/40 2-bundle 220.0,"LINESTRING (100.9065907 12.75173447626588, 100.90803713923422 12.755201358262795, 100.9080658 12.7552903, 100.9084402 12.7565304, 100.9090196 12.7583983, 100.9096311 12.7604361, 100.9105028 12.763243, 100.9113839 12.7661649, 100.9123924 12.7692726, 100.9134397 12.7717677, 100.9142285 12.773595, 100.9152732 12.7759819, 100.9162396 12.7783183, 100.9173674 12.7808584, 100.9184725 12.7834457, 100.9196076 12.7860803, 100.9207903 12.788836, 100.9219829 12.791647, 100.9230243 12.7940596, 100.9229184 12.7970088, 100.9227992 12.7999509, 100.9226075 12.802759, 100.9225666 12.8059465, 100.9224445 12.8088808, 100.9223093 12.812065, 100.9222246 12.8147865, 100.9221043 12.8174732, 100.9219397 12.820358, 100.9218737 12.8228127, 100.921783 12.8255018, 100.9216815 12.8283344, 100.9215267 12.8322222, 100.9214301 12.8345979, 100.9213106 12.8375448, 100.9212044 12.8405072, 100.9211044 12.84338, 100.9210814 12.8439565, 100.9209783 12.8465364, 100.9208818 12.8490211, 100.9207475 12.8517336, 100.92070451824826 12.85303745809394, 100.92134969999998 12.857104476142982)"
way/659859442-230,way/403525677-230,230.0,1027.7989492113718,42748.13,Al/St 240/40 2-bundle 220.0,"LINESTRING (101.07374074292687 13.074612230436172, 101.07458018818704 13.068278149797122, 101.0740703 13.067083, 101.0756254 13.0651133, 101.0745046 13.0617742, 101.0727019 13.0605141, 101.0717446 13.0584214, 101.0707803 13.0564374, 101.0712896 13.0548231, 101.0721467 13.0520011, 101.070288 13.0490367, 101.0689737 13.0469516, 101.0674537 13.0432638, 101.0683599 13.0397182, 101.0688058 13.0379675, 101.0670337 13.0345234, 101.0657055 13.0319423, 101.0632024 13.0318169, 101.0610566 13.0316882, 101.0573451 13.0298166, 101.0562115 13.0290447, 101.0540829 13.0276591, 101.0527764 13.0268037, 101.051267 13.0258156, 101.048463 13.0246023, 101.0455419 13.0233581, 101.0432563 13.0215108, 101.0404474 13.0192226, 101.038142 13.0173483, 101.0345666 13.0162033, 101.0333783 13.0121097, 101.0324121 13.0086671, 101.0316252 13.0058721, 101.0306466 13.0024181, 101.0295127 12.9982549, 101.0286181 12.9950729, 101.0275714 12.9913088, 101.0267185 12.9882686, 101.0253988 12.9833628, 101.0263215 12.9784922, 101.0272726 12.9736444, 101.0281394 12.9691416, 101.0285853 12.9667813, 101.0292713 12.9633441, 101.029974 12.9596971, 101.0304675 12.9571336, 101.0309825 12.9544674, 101.0316497 12.951047, 101.0333522 12.9474273, 101.0348791 12.9442015, 101.0370711 12.9422305, 101.0399203 12.9396615, 101.040277 12.9369141, 101.0417482 12.9341581, 101.0429646 12.9318851, 101.044795 12.928474, 101.0451959 12.9253665, 101.0447735 12.9250122, 101.0411353 12.9244275, 101.0379938 12.9236948, 101.0370718 12.9228379, 101.0377263 12.9194619, 101.0382399 12.9168306, 101.0397714 12.9160718, 101.0426307 12.9146548, 101.0459184 12.9141195, 101.0467177 12.9138195, 101.0471354 12.910628, 101.0477121 12.9064966, 101.0481849 12.9030782, 101.0486764 12.8995172, 101.0491739 12.8958183, 101.0497305 12.8918144, 101.0502284 12.8882503, 101.0508107 12.8839744, 101.0513546 12.8800634, 101.0519171 12.8760407, 101.05241 12.8725172, 101.0528941 12.8689801, 101.0534286 12.8651682, 101.0539409 12.8613969, 101.0544331 12.857838, 101.0549896 12.8539358, 101.0572574 12.8507017, 101.0591601 12.8479709, 101.0614152 12.8447835, 101.0636176 12.8416408, 101.0659578 12.8382934, 101.0680111 12.8353343, 101.0697947 12.832825, 101.0715499 12.8303121, 101.0732293 12.8278548, 101.0757093 12.8243872, 101.0771433 12.8222927, 101.0792264 12.820053, 101.0812246 12.8178836, 101.0842042 12.8146895, 101.0860234 12.8127077, 101.0884606 12.8100439, 101.0909674 12.8073395, 101.0920279 12.8061579, 101.0946377 12.8033423, 101.0964287 12.8014108, 101.0983056 12.7993634, 101.1024262 12.7949179, 101.1043245 12.7928774, 101.1067704 12.7902265, 101.1097724 12.7869729, 101.1121455 12.7844033, 101.1155992 12.7825906, 101.1185979 12.7810055, 101.1214333 12.7794772, 101.1247244 12.777758, 101.1276691 12.7761748, 101.1305635 12.7746556, 101.1333732 12.7731764, 101.1359394 12.7714951, 101.1381527 12.7702998, 101.1404327 12.7690968, 101.1431978 12.7676362, 101.1453804 12.7664145, 101.1475691 12.7652057, 101.14939953940004 12.764196354304463, 101.16021755625701 12.757737830693532)"
way/404544820-230,way/659859442-230,230.0,1027.7989492113718,28854.05,Al/St 240/40 2-bundle 220.0,"LINESTRING (100.92905779053874 13.126473696518241, 100.93294593799682 13.131299676077075, 100.9335325 13.1320687, 100.9386133 13.1341192, 100.9406583 13.1344645, 100.9425089 13.1347601, 100.9437803 13.1339256, 100.9453299 13.1351683, 100.9488925 13.135754, 100.9520267 13.1363146, 100.9592257 13.1329699, 100.9628173 13.1312947, 100.9648384 13.1279564, 100.9679223 13.1228739, 100.969667 13.1207495, 100.9734376 13.1182248, 100.9759755 13.1178081, 100.9776901 13.1158966, 100.9793725 13.1140497, 100.9823883 13.112232, 100.9824245 13.1081842, 100.982456 13.1043853, 100.9825163 13.1004804, 100.983781 13.0977356, 100.9850055 13.0953217, 100.9874838 13.0910066, 100.988319 13.088575, 100.9891015 13.0863034, 100.9896762 13.0854562, 100.9908067 13.0827399, 100.990614 13.0802023, 100.9917753 13.0768377, 100.9916399 13.0747299, 100.9926055 13.0727815, 100.9935717 13.070837, 100.9944314 13.0695215, 100.996042 13.0670858, 100.9974254 13.0639243, 100.9989274 13.0604499, 101.0004576 13.0574256, 101.0020817 13.0541627, 101.0052198 13.047942, 101.0070597 13.0442948, 101.0086361 13.0411697, 101.0103862 13.0377002, 101.0121849 13.0341344, 101.0138663 13.0307726, 101.0163846 13.0295781, 101.0168812 13.0271436, 101.0175446 13.0237749, 101.0192328 13.0225966, 101.0220053 13.0206077, 101.0246025 13.0187349, 101.0264432 13.018437, 101.0298241 13.0178203, 101.0322643 13.0178843, 101.0350249 13.0179346, 101.0380716 13.0175612, 101.0402241 13.0193392, 101.0430776 13.0216637, 101.0455043 13.0236459, 101.048304 13.0248741, 101.0511703 13.0260403, 101.0540245 13.0278962, 101.0561223 13.0292237, 101.0572646 13.0299831, 101.0609949 13.031943, 101.0632688 13.0320717, 101.0655305 13.032185, 101.0670336 13.0350898, 101.0685256 13.0379962, 101.0679968 13.0403392, 101.0673402 13.0432679, 101.0687242 13.0470757, 101.069891 13.048876, 101.0718128 13.0519534, 101.0705491 13.0562424, 101.0725105 13.0606915, 101.074356 13.0618706, 101.0753405 13.0650723, 101.0737527 13.0670557, 101.07431989914065 13.068323528323655, 101.07374074292687 13.074612230436172)"
way/659859442-230,TH70-230,230.0,1027.7989492113718,2218.22,Al/St 240/40 2-bundle 220.0,"LINESTRING (101.07374074292687 13.074612230436172, 101.07824205441254 13.076668687991685, 101.0797323 13.078544, 101.0818136 13.0805034, 101.08293992561856 13.081141553594058, 101.08464324400533 13.085309729516194)"
way/301623867-230,way/26120059-230,230.0,1027.7989492113718,15593.58,Al/St 240/40 2-bundle 220.0,"LINESTRING (100.42353437309298 13.653379175508425, 100.4288767104823 13.650011241509132, 100.4297955 13.6492831, 100.4316947 13.6479703, 100.4330185 13.6470695, 100.4347775 13.6458141, 100.4364267 13.6446035, 100.4380831 13.643386, 100.439796 13.6421581, 100.4414453 13.6409578, 100.4431158 13.6397437, 100.445257 13.6382166, 100.4467116 13.6371435, 100.4483892 13.6359156, 100.450088 13.6346637, 100.4518293 13.6334392, 100.4534609 13.6322526, 100.4550924 13.6311004, 100.4552284 13.6310045, 100.4568585 13.6298553, 100.4585255 13.6286377, 100.4601287 13.6274648, 100.4616506 13.6263641, 100.4634449 13.6250915, 100.4654835 13.6246134, 100.4675009 13.6241525, 100.4697235 13.6236778, 100.4718965 13.6232169, 100.4741368 13.6227044, 100.4758923 13.6223191, 100.4763641 13.622216, 100.4778282 13.6218961, 100.4798208 13.6214455, 100.4819691 13.620988, 100.4840785 13.6205374, 100.4861099 13.6200559, 100.4880565 13.61965, 100.4899924 13.619251, 100.4920027 13.6188485, 100.4939847 13.6184805, 100.4959808 13.6180987, 100.4979379 13.6176859, 100.5000685 13.6172938, 100.5017957 13.6169636, 100.5041245 13.6164923, 100.5058056 13.6161587, 100.5079822 13.6157287, 100.5100326 13.6153476, 100.511742 13.6149933, 100.5138089 13.6146218, 100.5158263 13.6142262, 100.5179392 13.6138203, 100.5199459 13.6134488, 100.5220128 13.6130326, 100.524023 13.6126198, 100.5260722 13.6122312, 100.528086 13.6118803, 100.5299866 13.611471, 100.5319791 13.6110788, 100.5339857 13.6118805, 100.535898 13.6126362, 100.53645700425625 13.61285330796182, 100.55624984550693 13.62020378361007)"
way/403504849-230,way/772281525-230,230.0,1027.7989492113718,18668.38,Al/St 240/40 2-bundle 220.0,"LINESTRING (100.46579021870174 14.582185974589652, 100.46607058008574 14.576209569566055, 100.4660684 14.5751831, 100.4660677 14.5710732, 100.4660637 14.5669741, 100.4660684 14.5628607, 100.4660456 14.5587758, 100.4660429 14.5546636, 100.4660389 14.5505623, 100.4660376 14.546459, 100.4660402 14.542357, 100.4660268 14.5382769, 100.4660245 14.5342617, 100.4660221 14.530097, 100.466023 14.5259807, 100.468721 14.5233963, 100.4690915 14.5230414, 100.4721814 14.5200606, 100.4752927 14.517059, 100.4783719 14.5140781, 100.481494 14.5110764, 100.4845517 14.5081682, 100.4875451 14.5052391, 100.4905491 14.5024242, 100.4935961 14.4995055, 100.4967075 14.4965555, 100.4996901 14.4936678, 100.5027156 14.4907593, 100.5057299 14.487882, 100.5087769 14.4849838, 100.5117488 14.4820856, 100.5148065 14.4791769, 100.517832 14.4762683, 100.5208254 14.4733803, 100.5238724 14.4704612, 100.5268764 14.4675628, 100.5299234 14.4646332, 100.5329168 14.4617762, 100.5360434 14.4588035, 100.5406662 14.4543583, 100.5421749 14.4529076, 100.5449805 14.4502531, 100.5480812 14.4473025, 100.5511711 14.4443311, 100.5542502 14.4414427, 100.5572543 14.4385855, 100.5603442 14.4356451, 100.5631444 14.4329541, 100.56574384559885 14.430513704903827, 100.5666661531493 14.424634692008732)"
way/199773777-230,way/252757805-230,230.0,1027.7989492113718,71862.91,Al/St 240/40 2-bundle 220.0,"LINESTRING (100.34183348839329 13.974436161460916, 100.34160119565024 13.983098744186352, 100.3416034 13.9833694, 100.3416262 13.9861744, 100.3416523 13.9893807, 100.3416852 13.9934248, 100.3417164 13.9973859, 100.3417478 14.0013813, 100.3417736 14.004657, 100.3417996 14.0079576, 100.3418248 14.0111613, 100.3418512 14.0145083, 100.341878 14.0179205, 100.3419056 14.0214218, 100.3419316 14.0247301, 100.341961 14.0284598, 100.3419898 14.0321258, 100.3420191 14.0358468, 100.3420458 14.0392288, 100.3420702 14.0423371, 100.3420956 14.0455601, 100.342128 14.0496686, 100.3421594 14.0536597, 100.3421927 14.0578957, 100.3422252 14.0620169, 100.3422562 14.0659532, 100.3422802 14.0690021, 100.3423099 14.0728537, 100.3423397 14.0767081, 100.3423707 14.0807284, 100.3423938 14.0837197, 100.3424192 14.0870128, 100.3424468 14.0905807, 100.3424786 14.0946982, 100.3425003 14.0975174, 100.3425198 14.1000431, 100.3425497 14.103847, 100.3425999 14.107382, 100.3426544 14.1111402, 100.3427134 14.1152145, 100.3427298 14.1196017, 100.3427451 14.123699, 100.3427605 14.1278316, 100.3427722 14.1309372, 100.3427878 14.1351178, 100.342813 14.1386596, 100.3428368 14.1420044, 100.3428634 14.1457568, 100.3428925 14.1498451, 100.3429168 14.1532544, 100.3429415 14.1567253, 100.3429701 14.1607554, 100.3429986 14.1647575, 100.3429986 14.16476, 100.3430273 14.1687958, 100.3430541 14.1725553, 100.3430798 14.176171, 100.3431074 14.1800521, 100.3431349 14.1839142, 100.3431624 14.1877854, 100.3431895 14.191588, 100.3432174 14.1955158, 100.3432431 14.1991263, 100.3432701 14.2029228, 100.3432958 14.2065388, 100.34332 14.2102894, 100.3433432 14.2138916, 100.3433678 14.2176998, 100.3433876 14.2207738, 100.3434103 14.2242953, 100.3434329 14.22781, 100.3434511 14.2306222, 100.343464 14.2345322, 100.3435011 14.238454, 100.3435193 14.2419916, 100.3435374 14.2458447, 100.3435723 14.2496785, 100.3435902 14.2534488, 100.343625 14.2572499, 100.3436472 14.2610569, 100.3436722 14.2644326, 100.343693 14.2684681, 100.3437107 14.2721614, 100.343743 14.2759785, 100.3437744 14.2797015, 100.3437921 14.2833816, 100.3438375 14.2875051, 100.3438388 14.2915943, 100.3441198 14.2946591, 100.3444656 14.2984458, 100.3447423 14.3014939, 100.3450349 14.3047171, 100.3453435 14.3082189, 100.345721 14.3123901, 100.3460104 14.3159867, 100.3463267 14.3190986, 100.3467023 14.3229749, 100.3470875 14.3268811, 100.3474366 14.3306169, 100.3477855 14.3343112, 100.3481542 14.3382145, 100.3484857 14.3417996, 100.3488057 14.3452802, 100.3491652 14.3490736, 100.3495009 14.3526668, 100.3498373 14.356268, 100.3501861 14.3600012, 100.3505352 14.3637386, 100.3508884 14.367519, 100.351242 14.3713039, 100.351586 14.3749857, 100.3519362 14.3787336, 100.3522721 14.3823287, 100.3525411 14.3852082, 100.35288 14.3887817, 100.3532395 14.3925723, 100.3535954 14.396325, 100.3539169 14.3997156, 100.3542073 14.4027772, 100.3545415 14.4063011, 100.3548952 14.4100314, 100.3552622 14.4139009, 100.3556109 14.4175771, 100.355953 14.4211837, 100.356295 14.4247903, 100.3566498 14.4285309, 100.3570154 14.4323856, 100.3573397 14.435804, 100.3575979 14.4390162, 100.3578884 14.4423856, 100.3581276 14.4446182, 100.357719 14.4476777, 100.357378 14.4503281, 100.3569156 14.4539223, 100.3564828 14.4572867, 100.3559729 14.4612497, 100.3555124 14.4648291, 100.3550969 14.4680581, 100.3546725 14.4713572, 100.3542328 14.4747744, 100.3537782 14.4783076, 100.3533046 14.4819883, 100.3528403 14.485597, 100.3524385 14.4887199, 100.3520534 14.4917122, 100.3515449 14.4956641, 100.3510589 14.4994416, 100.3505337 14.5035228, 100.3499942 14.5077148, 100.3495127 14.5114571, 100.3492247 14.5136951, 100.3487093 14.5177002, 100.3482324 14.5214058, 100.3477365 14.525259, 100.3472495 14.5290431, 100.3467441 14.5329707, 100.3462469 14.5368336, 100.3457476 14.540713, 100.3453232 14.5440108, 100.3449841 14.5466452, 100.3444868 14.5505092, 100.3440489 14.5539113, 100.3435762 14.557584, 100.3430791 14.5614461, 100.3426456 14.5648142, 100.3426537 14.5685613, 100.3426935 14.5723509, 100.3427329 14.5761037, 100.342772 14.5798312, 100.3428123 14.5836684, 100.3428502 14.5872733, 100.3428881 14.5908857, 100.3429266 14.5945469, 100.3429554 14.5972969, 100.3429929 14.6008654, 100.3430319 14.6045765, 100.3430562 14.6068913, 100.34305882044863 14.607143736551672, 100.34448245802699 14.612459745486968)"
way/659491955-500,TH37-500,500.0,2234.345541763852,19046.25,Al/St 240/40 4-bundle 380.0,"LINESTRING (100.69715888342044 14.585028039266437, 100.68980991878078 14.582787830652075, 100.6884067 14.5829783, 100.6858574 14.5833247, 100.6829068 14.5841894, 100.6802633 14.5849919, 100.6777814 14.5847188, 100.6747491 14.5830197, 100.6726215 14.5823259, 100.6732072 14.5795748, 100.6741191 14.5750165, 100.6747521 14.5715172, 100.6756104 14.5670002, 100.6764687 14.5627635, 100.6782175 14.5587448, 100.6798912 14.5547883, 100.6814469 14.5510603, 100.683067 14.5471556, 100.6849123 14.5428977, 100.686704 14.5387852, 100.6885279 14.534548, 100.6902231 14.5304353, 100.6920041 14.5263329, 100.6936027 14.5225005, 100.6951047 14.5189692, 100.6967677 14.5151574, 100.698495 14.5111067, 100.7001902 14.5071182, 100.7018424 14.5031401, 100.7035376 14.4993072, 100.7051576 14.4954951, 100.7068313 14.4915999, 100.7060589 14.4871747, 100.7052435 14.4821886, 100.7045676 14.4785216, 100.7035966 14.4739093, 100.7028404 14.4692033, 100.7042083 14.4658052, 100.7054368 14.4625172, 100.7068047 14.4589434, 100.7083979 14.4550578, 100.7099536 14.4509177, 100.7115576 14.4468035, 100.7129518 14.4433143, 100.7145563 14.4392085, 100.7161442 14.4351149, 100.71670153348515 14.43363495198053, 100.71857219999995 14.428604074501932)"
way/401936547-500,way/659491955-500,500.0,4468.691083527704,112527.1,Al/St 240/40 4-bundle 380.0,"LINESTRING (100.43122987068188 15.60239642507601, 100.42998722846829 15.593577831413755, 100.429814 15.5927547, 100.4290892 15.5890674, 100.4310059 15.5858573, 100.4328436 15.5826801, 100.4349387 15.5792891, 100.4369762 15.5758212, 100.43902 15.57239, 100.4409961 15.5691131, 100.4428549 15.5659712, 100.4447573 15.5627666, 100.4467937 15.5594437, 100.448786 15.5560636, 100.4508392 15.552623, 100.4529105 15.5491585, 100.4549329 15.5457255, 100.4570143 15.5422867, 100.4590575 15.5388531, 100.4606485 15.5361549, 100.4610577 15.535482, 100.463172 15.5319661, 100.465112 15.5286851, 100.4670726 15.5253949, 100.4692093 15.5219144, 100.4711428 15.5186023, 100.4731642 15.5152188, 100.4750971 15.5119711, 100.4770705 15.5086577, 100.4792431 15.5051336, 100.4811679 15.5018131, 100.4832399 15.4983603, 100.4852784 15.4949446, 100.487227 15.4916284, 100.4893617 15.4880791, 100.4913452 15.4847392, 100.4933478 15.4813731, 100.495454 15.4778408, 100.4974288 15.4745301, 100.4993654 15.4712623, 100.5013163 15.4679874, 100.5033059 15.4646494, 100.5053105 15.461293, 100.5071864 15.458163, 100.5089114 15.455287, 100.5107869 15.4521207, 100.5126356 15.4489996, 100.514546 15.445821, 100.5144253 15.4417649, 100.5142858 15.4376415, 100.5141839 15.4340147, 100.5140612 15.4302489, 100.5139481 15.42635, 100.5138386 15.4225743, 100.5137219 15.4184954, 100.5136099 15.4148056, 100.5135046 15.4114849, 100.5133786 15.4068822, 100.5132901 15.4035452, 100.513168 15.4000723, 100.5130534 15.3965205, 100.5129789 15.3932596, 100.5128539 15.3898939, 100.5150989 15.3865874, 100.5170354 15.3837039, 100.5192831 15.38036, 100.5215234 15.3770368, 100.5236095 15.3739178, 100.5259021 15.3705149, 100.5278964 15.3675245, 100.5301374 15.3642063, 100.5323488 15.3608919, 100.5344101 15.3578321, 100.5361395 15.3552166, 100.538713 15.3513918, 100.5410392 15.3479323, 100.5418378 15.3445252, 100.5427431 15.3407271, 100.5436084 15.3371093, 100.5444868 15.3334362, 100.5454088 15.3296466, 100.5463201 15.3257547, 100.5471898 15.3220885, 100.5481152 15.3182916, 100.5490124 15.314472, 100.5498787 15.3108883, 100.5508671 15.3067394, 100.5517201 15.3031414, 100.5516805 15.2997154, 100.5516443 15.2961561, 100.5516021 15.2925709, 100.5515665 15.2889578, 100.5515229 15.2849584, 100.5514673 15.281078, 100.5514297 15.2770145, 100.5513942 15.2731431, 100.5513459 15.2691564, 100.5512876 15.2651858, 100.5512527 15.2611756, 100.5512185 15.2571738, 100.5511689 15.253247, 100.5511152 15.2493732, 100.5510857 15.2453459, 100.5501315 15.2414861, 100.5492706 15.2379968, 100.5483707 15.2343493, 100.547445 15.230658, 100.5465387 15.227044, 100.5456194 15.2233341, 100.5446505 15.2194195, 100.5437078 15.2156235, 100.542795 15.2119474, 100.5418437 15.2080942, 100.5409752 15.204576, 100.5400726 15.2008993, 100.5392545 15.1975629, 100.5383895 15.1941351, 100.5383372 15.1904608, 100.5383104 15.186591, 100.5382769 15.1827036, 100.538238 15.1789974, 100.5381803 15.1755312, 100.5381836 15.1718332, 100.5381313 15.1678854, 100.5381085 15.1642022, 100.5380562 15.1603759, 100.5380361 15.1566906, 100.5380053 15.152991, 100.5379503 15.1491166, 100.5379469 15.145402, 100.537904 15.1415728, 100.5378772 15.1376075, 100.5378397 15.1337031, 100.5378195 15.1300083, 100.5379684 15.1262383, 100.538128 15.1225926, 100.5383305 15.1184587, 100.5384847 15.1145914, 100.5386343 15.1106393, 100.5388146 15.1067699, 100.5389876 15.1026914, 100.5391486 15.0988057, 100.5393075 15.0948384, 100.5394865 15.090939, 100.539628 15.0869275, 100.5397943 15.0830389, 100.5414754 15.0795601, 100.5431638 15.0760288, 100.5448154 15.0725985, 100.5464107 15.0693196, 100.547965 15.0660692, 100.5495871 15.0627021, 100.5511508 15.0594244, 100.5527809 15.0560508, 100.5543872 15.052715, 100.5559687 15.0494439, 100.5575123 15.046256, 100.5590888 15.0429611, 100.560627 15.0397569, 100.5606961 15.0362845, 100.5607658 15.032544, 100.5608356 15.0287581, 100.5609053 15.0251418, 100.5609862 15.0211123, 100.5610452 15.0171961, 100.5610559 15.0132376, 100.561131 15.0092687, 100.5612276 15.0055795, 100.5612705 15.0019317, 100.5613456 14.9982113, 100.5614207 14.9946981, 100.5615065 14.9911848, 100.5615494 14.9873813, 100.5616245 14.9834948, 100.5616675 14.9795772, 100.5617855 14.9755351, 100.5618177 14.9716795, 100.5619464 14.9679171, 100.562043 14.9641339, 100.5620859 14.960164, 100.5621503 14.9561423, 100.5619893 14.9522967, 100.5622897 14.9481505, 100.5623783 14.9441933, 100.5625285 14.9402335, 100.5625714 14.9365846, 100.5626143 14.9329563, 100.5626787 14.9292451, 100.5628074 14.9256582, 100.5628074 14.9219883, 100.5628718 14.9180488, 100.5630006 14.9142129, 100.5630649 14.9102525, 100.5630864 14.9064372, 100.5631508 14.9025596, 100.5632151 14.8986405, 100.5633439 14.8947835, 100.5633439 14.8907812, 100.5635156 14.8869863, 100.5631293 14.8834817, 100.562786 14.8800184, 100.5624641 14.8763478, 100.5620135 14.8724282, 100.5617131 14.8687781, 100.5617775 14.8654183, 100.5619062 14.862017, 100.5619491 14.858346, 100.5620135 14.854675, 100.5620564 14.8511698, 100.5632151 14.8475401, 100.5645241 14.8437859, 100.5655969 14.8405917, 100.5669488 14.8364433, 100.56785 14.833809, 100.5691375 14.8298679, 100.5703176 14.8262171, 100.5716266 14.8223796, 100.5728711 14.8187079, 100.5740298 14.8151192, 100.5752744 14.811354, 100.5737294 14.8081593, 100.5720986 14.8048297, 100.5738152 14.801469, 100.5753173 14.7982741, 100.5785145 14.7959091, 100.5817546 14.7935647, 100.584823 14.7912619, 100.5879988 14.7890627, 100.5882562 14.7857951, 100.5885567 14.7820813, 100.5888463 14.7781807, 100.5891467 14.7744565, 100.5894579 14.7706284, 100.5913891 14.7670596, 100.5933739 14.7635322, 100.5973328 14.7624948, 100.6011523 14.7614158, 100.6044568 14.7604925, 100.6079115 14.7595172, 100.6116237 14.7584797, 100.6153573 14.7575667, 100.6187261 14.7566123, 100.6220092 14.7556785, 100.6234683 14.7522755, 100.6249274 14.7489346, 100.6263007 14.745656, 100.6278671 14.7420661, 100.6293262 14.7385176, 100.6307424 14.7351143, 100.6330384 14.7324788, 100.6355919 14.7295734, 100.6382955 14.726419, 100.6406344 14.7238042, 100.6427158 14.7213968, 100.6449474 14.7188441, 100.6474794 14.7160216, 100.6498612 14.7132613, 100.6509341 14.7096086, 100.6520284 14.7059558, 100.653037 14.7026765, 100.654024 14.6992727, 100.6551613 14.6956404, 100.6562985 14.6918006, 100.6574143 14.6881475, 100.658573 14.6843283, 100.6596888 14.6806751, 100.6607832 14.6770633, 100.6619848 14.6730986, 100.6630577 14.6694451, 100.6641306 14.6659993, 100.6650533 14.6628439, 100.6661047 14.6595017, 100.6676229 14.6564664, 100.6693181 14.6530411, 100.6710599 14.6494081, 100.6727624 14.6459749, 100.6743664 14.6427434, 100.6759415 14.6395637, 100.6775763 14.6363068, 100.6789376 14.6335351, 100.6804235 14.6305629, 100.6821991 14.6269692, 100.6839902 14.623398, 100.6857584 14.6198002, 100.6875548 14.6162167, 100.6893204 14.6126389, 100.6910732 14.6090681, 100.6928783 14.6055227, 100.6947022 14.6018162, 100.6962157 14.5988008, 100.6970284 14.5949255, 100.6974389091958 14.592690955456902, 100.69715888342044 14.585028039266437)"
way/860769774-500,TH27-500,500.0,4468.691083527704,149347.48,Al/St 240/40 4-bundle 380.0,"LINESTRING (104.6985592519726 15.327739723379334, 104.70384581609761 15.328735944253461, 104.7042453 15.329231, 104.7062302 15.3316936, 104.7085261 15.3344666, 104.7098136 15.3361014, 104.7126138 15.3395055, 104.715414 15.3411196, 104.7181713 15.3429199, 104.7210896 15.3445546, 104.7239435 15.3461272, 104.7267651 15.3475654, 104.7301984 15.3489621, 104.7336638 15.3502657, 104.7369575 15.351621, 104.7404337 15.3529246, 104.7439313 15.3542696, 104.7475147 15.3556353, 104.7512483 15.3571664, 104.7550464 15.3586148, 104.7591984 15.3584079, 104.7636509 15.358201, 104.7677547 15.3579372, 104.771086 15.358501, 104.7747016 15.35907, 104.7782099 15.3597735, 104.7816968 15.3603322, 104.7847438 15.3589562, 104.7877425 15.3576734, 104.7906983 15.3563646, 104.7940618 15.3548903, 104.7971624 15.3535506, 104.8002309 15.3528056, 104.8044634 15.3518435, 104.808417 15.3509641, 104.8123383 15.3500846, 104.8160022 15.3492673, 104.8196286 15.3483827, 104.8236358 15.3487396, 104.8273694 15.3490138, 104.8311353 15.3515176, 104.8350727 15.3538558, 104.8372614 15.3565353, 104.8403835 15.3579941, 104.8429477 15.3611702, 104.8454797 15.3643359, 104.8474753 15.366974, 104.8507154 15.3676671, 104.8540842 15.3684378, 104.8573029 15.3691827, 104.860822 15.3709775, 104.8645556 15.3729845, 104.8681015 15.3748362, 104.8713309 15.3765379, 104.8744744 15.3787207, 104.8770547 15.3804844, 104.8802411 15.3792638, 104.8839319 15.3778155, 104.8881483 15.3761914, 104.8917734 15.375888, 104.8951757 15.3756431, 104.897815 15.3741948, 104.9016613 15.3745931, 104.9059582 15.3750328, 104.9098205 15.3754052, 104.9128997 15.3757466, 104.9185645 15.3780121, 104.9223089 15.37765, 104.9266004 15.3772052, 104.9291968 15.37585, 104.9320078 15.3743086, 104.935559 15.3741328, 104.9393785 15.3739362, 104.9433589 15.3736983, 104.9477684 15.3735017, 104.9521136 15.3732948, 104.9562442 15.373119, 104.9591196 15.3704499, 104.9621612 15.3676723, 104.9648166 15.365267, 104.967826 15.3645014, 104.9710393 15.3636945, 104.9741131 15.3629341, 104.9770957 15.3624427, 104.9803573 15.3613409, 104.9837154 15.3605391, 104.9876153 15.3595149, 104.9917567 15.358501, 104.9958014 15.3574613, 104.9998301 15.3564577, 105.0038588 15.3554283, 105.0077587 15.3544351, 105.0118786 15.3534161, 105.0159073 15.3523866, 105.0197321 15.3513934, 105.0235784 15.3503743, 105.0270545 15.3494794, 105.0301015 15.3487862, 105.0343501 15.3477412, 105.0379121 15.3468515, 105.0414848 15.3459617, 105.0452614 15.3450512, 105.0488233 15.3440993, 105.0523746 15.3431682, 105.0561511 15.342237, 105.0595415 15.3413161, 105.0633931 15.3416886, 105.0673842 15.3420507, 105.0715685 15.3424543, 105.0754416 15.3427233, 105.0797117 15.3431682, 105.0838101 15.3434889, 105.0879943 15.3438096, 105.0921678 15.3442338, 105.096277 15.344596, 105.1005363 15.3449788, 105.1046991 15.3453306, 105.1089005 15.3456957, 105.1131749 15.3460651, 105.1176703 15.346479, 105.121597 15.3448857, 105.124805 15.3452995, 105.1291394 15.3455892, 105.1333773 15.3458582, 105.1376474 15.3461272, 105.1418853 15.3463755, 105.1461232 15.3466342, 105.1499104 15.3468204, 105.1540518 15.3471515, 105.1579678 15.3474205, 105.1616692 15.347017, 105.1658213 15.3466135, 105.1699304 15.3462514, 105.1738143 15.3458582, 105.1776874 15.3454754, 105.1814639 15.3451547, 105.1851439 15.3447719, 105.188663 15.3443787, 105.1927829 15.3440166, 105.1968169 15.3436751, 105.2004433 15.3433441, 105.2046168 15.3436855, 105.2081358 15.3440786, 105.2117622 15.3443063, 105.2148414 15.344596, 105.2188969 15.3449995, 105.2227914 15.3453823, 105.2266538 15.345703, 105.2306557 15.3461376, 105.2345931 15.3464893, 105.2381873 15.3468101, 105.2417385 15.3468101, 105.2454507 15.3466135, 105.2494419 15.3465514, 105.2537119 15.3463859, 105.2579498 15.3463342, 105.2621663 15.3462928, 105.2659428 15.3461686, 105.2699447 15.3460858, 105.2739787 15.3459306, 105.2778625 15.3458582, 105.2817893 15.3457858, 105.2860057 15.3457134, 105.2897823 15.3455685, 105.2934301 15.3443063, 105.2975178 15.3429095, 105.3014552 15.3415334, 105.3052318 15.3403022, 105.3094375 15.3388019, 105.3138041 15.3373844, 105.3174519 15.3361842, 105.3208744 15.3349426, 105.324651 15.3336078, 105.3283524 15.3323662, 105.3322041 15.3310314, 105.3361523 15.3296656, 105.3391564 15.3285688, 105.3424716 15.327441, 105.3463125 15.3261165, 105.3495741 15.3250094, 105.3514194 15.3228468, 105.3533399 15.3206531, 105.3557968 15.3177868, 105.3584576 15.3147032, 105.3609896 15.3118057, 105.3635108 15.3088565, 105.3662467 15.30569, 105.3689289 15.3025855, 105.3753769 15.2951966, 105.3778231 15.292361, 105.380516 15.2892045, 105.383209 15.2861825, 105.3856873 15.2831709, 105.3882408 15.2803144, 105.3910518 15.2770232, 105.3935838 15.2740943, 105.3963411 15.2708961, 105.3988516 15.2680292, 105.4023921 15.2658039, 105.405761 15.2637234, 105.4090011 15.2616948, 105.4122198 15.2596661, 105.4158246 15.2573579, 105.4191506 15.2553084, 105.4224658 15.2532383, 105.4260385 15.2509611, 105.4295468 15.2487252, 105.4332375 15.2465101, 105.4365742 15.2443984, 105.4399753 15.2422453, 105.4434407 15.2400094, 105.4470241 15.2378045, 105.4501676 15.2357859, 105.4539227 15.2335292, 105.4573774 15.2312518, 105.4610145 15.2290158, 105.464555 15.2267383, 105.4662609 15.2244298, 105.4679024 15.2221315, 105.4704773 15.2186635, 105.4711532 15.2158268, 105.4719472 15.2125139, 105.4758954 15.2111784, 105.4796076 15.2097911, 105.4835343 15.2084038, 105.4854548 15.2075755, 105.4865277 15.2041486, 105.4856479 15.2018812, 105.4848969 15.1999762, 105.486635 15.1972636, 105.488901 15.1944816, 105.4892367 15.1940694, 105.4912645 15.1916259, 105.493437 15.1892394, 105.4961836 15.1859157, 105.4982972 15.1833271, 105.5012959 15.1798014, 105.5033505 15.1773163, 105.5059361 15.1740805, 105.5083823 15.1711345, 105.5111799 15.1699683, 105.5145997 15.1686028, 105.5182314 15.1671116, 105.5216432 15.1657655, 105.5252695 15.1641863, 105.5284452 15.1629281, 105.5323827 15.1613075, 105.5358696 15.1598629, 105.5393779 15.1584183, 105.5428165 15.1570203, 105.5467004 15.15541, 105.5503535 15.1539343, 105.5537277 15.1525259, 105.5572843 15.1510709, 105.5601865 15.1491965, 105.5639577 15.1467059, 105.5666399 15.144935, 105.5699176 15.1427964, 105.5729324 15.140808, 105.5760598 15.1387367, 105.5791175 15.1366757, 105.5821538 15.1347598, 105.5853295 15.1325848, 105.588516 15.1304617, 105.5917346 15.1283799, 105.5953824 15.125946, 105.5983543 15.1239989, 105.6014442 15.1219999, 105.6047058 15.1198145, 105.6079245 15.117712, 105.6111967 15.1155369, 105.6143832 15.1134239, 105.6175053 15.1114248, 105.6205094 15.1093429, 105.6241786 15.1091254, 105.6282663 15.1088146, 105.6322735 15.1084832, 105.6361627 15.1081932, 105.6402719 15.1079031, 105.6441235 15.1076131, 105.6480324 15.1073108, 105.6519379 15.1070087, 105.6559448 15.106684, 105.6597947 15.106416, 105.673927 15.1030037, 105.6765673 15.1003114, 105.6789915 15.0978471, 105.6811049 15.0956988, 105.6852589 15.0954099, 105.68862 15.0951717, 105.692131 15.0949319, 105.6959277 15.094774, 105.6995165 15.0944632, 105.7033414 15.0942198, 105.7073057 15.0939142, 105.7097572 15.0937225, 105.7112646 15.0936086, 105.7151484 15.0933341, 105.7192415 15.0930648, 105.7232058 15.0927954, 105.7271701 15.092495, 105.7312471 15.0922257, 105.7352114 15.0919357, 105.7391488 15.0916508, 105.7431292 15.0913763, 105.7471901 15.0910344, 105.7500547 15.0894806, 105.7530856 15.0879061, 105.756079 15.0862745, 105.7593191 15.0845497, 105.7626665 15.0827576, 105.7661587 15.0808566, 105.7696456 15.078992, 105.7731378 15.0771532, 105.7767749 15.0751071, 105.7802027 15.0733046, 105.783754 15.071388, 105.787037 15.0698081, 105.790599 15.0678449, 105.794059 15.0659646, 105.7975674 15.064079, 105.8011079 15.0621935, 105.8044714 15.0603649, 105.8078724 15.0585674, 105.8109999 15.0577023, 105.8137196 15.0569822, 105.8175123 15.0559514, 105.8214444 15.0549308, 105.8250439 15.0539103, 105.8290136 15.0529364, 105.8327043 15.0519107, 105.8352041 15.0496106, 105.8383798 15.0465749, 105.8410191 15.0441141, 105.8438891 15.0414616, 105.8468288 15.0387418, 105.8496129 15.036167, 105.8532178 15.0328565, 105.8568656 15.0294682, 105.8590811 15.0273854, 105.8606154 15.025971, 105.8634478 15.0259607, 105.8711296 15.0259607, 105.8745468 15.0259658, 105.8763117 15.0248623, 105.87879 15.023251, 105.8821374 15.0211008, 105.8853346 15.0190387, 105.8887678 15.0168108, 105.8920938 15.0146451, 105.895232 15.0126036, 105.8984613 15.0105155, 105.9018356 15.0083445, 105.9051615 15.006189, 105.9081709 15.0055621, 105.9120172 15.0047693, 105.9154022 15.004075, 105.9184009 15.0034221, 105.9233013 15.0023288, 105.9261069 15.0017381, 105.92955735568762 15.001014732629322, 105.9337056 14.996652273998395)"
way/245311456-500,way/860769774-500,500.0,4468.691083527704,152886.37,Al/St 240/40 4-bundle 380.0,"LINESTRING (103.51026840272972 16.124517026358767, 103.51556037568653 16.11860458937606, 103.5175395 16.1177805, 103.5208601 16.1163993, 103.5229844 16.1155129, 103.5268575 16.1138792, 103.5306823 16.1122455, 103.5334182 16.1111014, 103.5369801 16.1096068, 103.5406494 16.1080194, 103.5443723 16.1064836, 103.5483098 16.1048653, 103.5482669 16.1022574, 103.5482347 16.0996804, 103.5484171 16.0964848, 103.5484815 16.0922894, 103.5485887 16.0887845, 103.5487389 16.0848878, 103.5487711 16.0821147, 103.5488033 16.0792384, 103.5491037 16.0761457, 103.5493934 16.0727951, 103.549608 16.0688981, 103.5499835 16.0651969, 103.5501766 16.0615575, 103.5504985 16.0575211, 103.5508203 16.053763, 103.5510778 16.0500821, 103.55111 16.0467517, 103.5511207 16.0439884, 103.5510993 16.0400599, 103.5510886 16.0360179, 103.5500371 16.0321821, 103.5513031 16.0282946, 103.5524404 16.0245307, 103.5534704 16.021169, 103.5544681 16.0179, 103.5555732 16.0144969, 103.5566997 16.0109082, 103.5593605 16.0080516, 103.5620856 16.0051227, 103.5649824 16.0020494, 103.5679543 15.9989245, 103.5706901 15.9959749, 103.5733831 15.9931077, 103.5757649 15.9906015, 103.5784471 15.9877549, 103.5812259 15.9848051, 103.5837793 15.9820822, 103.5864508 15.9792458, 103.5890686 15.9764609, 103.5917938 15.9736141, 103.594315 15.9709942, 103.596729 15.9683639, 103.5996258 15.9664866, 103.6027694 15.9645062, 103.6060202 15.9624534, 103.6090135 15.9604832, 103.6111915 15.9591938, 103.6139381 15.957368, 103.6168885 15.9555112, 103.6196029 15.9536957, 103.622446 15.9518286, 103.6258471 15.9495591, 103.6292481 15.9473309, 103.6323917 15.945247, 103.6357605 15.9430703, 103.6384642 15.9412237, 103.6413717 15.9393668, 103.6432922 15.9359521, 103.645159 15.9326507, 103.6469293 15.929566, 103.6502015 15.9281939, 103.6542141 15.9265741, 103.6572289 15.9253361, 103.6610591 15.9238195, 103.6648786 15.9222822, 103.6686444 15.920714, 103.6724639 15.9191664, 103.6760151 15.9177013, 103.6800063 15.9161227, 103.6813152 15.9135227, 103.682667 15.9107266, 103.6843192 15.9074558, 103.6857891 15.9044945, 103.6874521 15.9011102, 103.6891472 15.8978083, 103.6907673 15.8944444, 103.6923551 15.8912663, 103.6939537 15.8880777, 103.6955309 15.8848272, 103.6972904 15.8811639, 103.6993182 15.877129, 103.7010562 15.8735377, 103.7028479 15.8699981, 103.7046182 15.8663757, 103.7061846 15.8632074, 103.7093067 15.8609267, 103.7114847 15.8592651, 103.7133407 15.8578512, 103.7163126 15.8557045, 103.7193918 15.8535062, 103.7223959 15.8511737, 103.7255931 15.8488205, 103.7288332 15.846457, 103.731848 15.8442276, 103.7349379 15.8420498, 103.73806 15.8396656, 103.7411231 15.8373794, 103.744213 15.8350363, 103.7474531 15.8326675, 103.7505805 15.8303244, 103.7537295 15.8279968, 103.7568784 15.8257208, 103.7594318 15.8238422, 103.7624466 15.8215713, 103.7656224 15.8192487, 103.7682509 15.8172771, 103.771373 15.8149339, 103.7730145 15.812219, 103.7750745 15.8087711, 103.7772953 15.8050445, 103.7791943 15.8020094, 103.7812865 15.7984272, 103.7834537 15.7948139, 103.7855673 15.791407, 103.787713 15.7877626, 103.7899446 15.7840459, 103.7921548 15.7803498, 103.7942791 15.7768188, 103.7962639 15.7735149, 103.798399 15.7700044, 103.8003731 15.7665868, 103.8023257 15.7634066, 103.8044715 15.7597824, 103.8065314 15.7564575, 103.8083768 15.7533288, 103.8103402 15.7500039, 103.8122713 15.7468441, 103.8149106 15.7444381, 103.8181507 15.7415467, 103.8205111 15.7394917, 103.8222813 15.7358877, 103.8238692 15.7328, 103.8250494 15.730337, 103.8260579 15.7283026, 103.8273883 15.7266554, 103.8297701 15.7236811, 103.8322484 15.7205726, 103.834759 15.717402, 103.8373017 15.7141901, 103.8398659 15.7109161, 103.8425267 15.7076008, 103.8451016 15.7043887, 103.847698 15.7011972, 103.8503051 15.6978714, 103.8529765 15.6946179, 103.8555086 15.6914262, 103.8582015 15.688028, 103.8606262 15.6849395, 103.8630831 15.6819027, 103.8672888 15.6801777, 103.8700998 15.6790311, 103.8726103 15.6779465, 103.8762152 15.6765623, 103.8799274 15.6751471, 103.8830817 15.6738765, 103.8867509 15.6723993, 103.8891113 15.6715316, 103.8914287 15.6686289, 103.8937783 15.6655505, 103.8961494 15.6625237, 103.8987994 15.6592592, 103.9010417 15.656346, 103.9034879 15.6533087, 103.9057302 15.6504573, 103.9080906 15.6474303, 103.9105137 15.6443416, 103.9125752 15.6417067, 103.9153004 15.6383283, 103.9178109 15.6350738, 103.9200961 15.6321395, 103.9226603 15.6289263, 103.925128 15.6257543, 103.9276278 15.6225822, 103.9299774 15.6195754, 103.9325094 15.616424, 103.9346981 15.6136548, 103.937037 15.6106582, 103.9393437 15.6077029, 103.9417791 15.6046546, 103.9437854 15.6020299, 103.9457595 15.5995602, 103.9485812 15.5967391, 103.9513492 15.5939593, 103.9540851 15.5912621, 103.9568853 15.5885029, 103.9596963 15.5858056, 103.9618313 15.5837078, 103.9641058 15.5814445, 103.9657795 15.5778687, 103.9676142 15.5738381, 103.9691269 15.5706239, 103.9709294 15.5667896, 103.9724743 15.5634203, 103.9742231 15.5597408, 103.9758217 15.5563404, 103.9775169 15.5528055, 103.9810574 15.5512757, 103.984909 15.549653, 103.9887714 15.5480095, 103.9926231 15.5464074, 103.9963889 15.5448053, 103.9998221 15.5433582, 104.0034592 15.5418697, 104.006871 15.5403606, 104.0107012 15.5387584, 104.0146065 15.5371149, 104.0180933 15.5356057, 104.0216446 15.5341482, 104.0254319 15.5325873, 104.0292513 15.5309747, 104.033103 15.5292949, 104.0366757 15.5277909, 104.0405702 15.5262196, 104.0441537 15.5246587, 104.0475869 15.5231907, 104.0516424 15.5215057, 104.055419 15.5199034, 104.0587878 15.5184613, 104.0625429 15.5168693, 104.072864 15.5125222, 104.0765897 15.5109355, 104.0803343 15.5093447, 104.0838567 15.5078688, 104.0875304 15.5063296, 104.0912318 15.5047582, 104.0950084 15.5031558, 104.0988493 15.501574, 104.1027381 15.4999079, 104.1065955 15.4982553, 104.1105008 15.4966424, 104.1143661 15.4949934, 104.1182685 15.4933546, 104.1222274 15.4916901, 104.1260469 15.4900772, 104.1299844 15.4883919, 104.133836 15.4867893, 104.1374946 15.4852694, 104.1413891 15.4836358, 104.1453373 15.4819711, 104.1489744 15.4804099, 104.1526008 15.4788486, 104.156152 15.4773286, 104.1595423 15.4759431, 104.1615915 15.4736063, 104.1638446 15.4710316, 104.1656792 15.4689533, 104.1696811 15.4676194, 104.1734791 15.4662958, 104.1769767 15.4649826, 104.1810429 15.4636797, 104.1850126 15.4622527, 104.1887998 15.4609808, 104.1925871 15.4595952, 104.1963744 15.4582819, 104.2003655 15.4568135, 104.2039812 15.4556553, 104.2079508 15.4541973, 104.2115879 15.4529253, 104.2155576 15.4515293, 104.2196238 15.4501126, 104.2233682 15.4487992, 104.2272091 15.4474135, 104.230814 15.4462243, 104.2345154 15.4449316, 104.2384744 15.4434942, 104.2424977 15.442098, 104.2464352 15.4407536, 104.2500937 15.4394196, 104.2537737 15.4381579, 104.2574751 15.4367824, 104.2612624 15.4355207, 104.2649746 15.434197, 104.2687189 15.4329146, 104.2722595 15.4316528, 104.2757893 15.4304325, 104.2795551 15.4291087, 104.2831814 15.4278883, 104.2867005 15.4266059, 104.2902732 15.4253544, 104.2937922 15.4241237, 104.2973328 15.4228929, 104.3010127 15.4215794, 104.3048429 15.4202866, 104.308083 15.4191283, 104.3108296 15.4175665, 104.3140912 15.4156945, 104.3174171 15.4138327, 104.3207109 15.41194, 104.3240154 15.4100679, 104.3270945 15.4083095, 104.3306243 15.4062719, 104.3339181 15.4044205, 104.3373406 15.4024449, 104.3407953 15.4004692, 104.3441963 15.3985557, 104.3477154 15.3965386, 104.3511057 15.3946043, 104.3535304 15.3932079, 104.3563628 15.3915425, 104.3601715 15.3916563, 104.3639481 15.3917494, 104.3678212 15.3919252, 104.3716085 15.3919666, 104.3750846 15.3920804, 104.3778312 15.3921632, 104.3819404 15.3922149, 104.3867576 15.3924321, 104.3898368 15.3924838, 104.3929911 15.3925666, 104.3959308 15.3926597, 104.4002116 15.3927735, 104.404546 15.392939, 104.4085479 15.3930527, 104.4114554 15.3931252, 104.4150603 15.3932079, 104.4370436 15.3938182, 104.4648099 15.3807431, 104.4788217 15.3737086, 104.4836712 15.37075, 104.4946075 15.3663326, 104.4982199 15.364594, 104.5017761 15.3629082, 104.5052898 15.3612323, 104.508841 15.3595149, 104.5122206 15.3578596, 104.515171 15.3564681, 104.5188725 15.3571561, 104.5227349 15.357901, 104.52649 15.3586355, 104.5305294 15.3594477, 104.5340806 15.3601615, 104.5374387 15.3608391, 104.5412582 15.3615426, 104.5448095 15.3622254, 104.5479047 15.3629289, 104.5521051 15.363679, 104.5558709 15.3644238, 104.5590788 15.3650187, 104.562614 15.365748, 104.5663905 15.366467, 104.5704299 15.3672378, 104.574067 15.3679878, 104.5775968 15.365867, 104.5811588 15.3637462, 104.5847851 15.3615788, 104.5884758 15.3593908, 104.5920378 15.3572337, 104.5956802 15.3550662, 104.5990598 15.3530177, 104.6023536 15.3510417, 104.6057492 15.351021, 104.6090645 15.3509744, 104.6117628 15.3509641, 104.6138388 15.3477464, 104.6161562 15.344239, 104.6184307 15.3407574, 104.620716 15.3372603, 104.622615 15.3343062, 104.6261984 15.3330439, 104.6297389 15.331823, 104.6333867 15.3305193, 104.6390891 15.3291586, 104.6599299 15.3150964, 104.6631753 15.3130061, 104.6667427 15.310714, 104.6703047 15.308396, 104.6743387 15.3085254, 104.6781206 15.3085487, 104.6813554 15.3086082, 104.6847108 15.3086108, 104.686709 15.3086496, 104.6886349 15.3115056, 104.6902013 15.3136787, 104.690491 15.3170107, 104.6917409 15.3198925, 104.6933931 15.3235064, 104.69407355467366 15.32503800054235, 104.6985592519726 15.327739723379334)"
way/860769774-230,TH23-230,230.0,2055.597898422744,1310.39,Al/St 240/40 2-bundle 220.0,"LINESTRING (104.69694969999999 15.339722773717668, 104.69580790498544 15.336003011974524, 104.69588839450914 15.334784346016573, 104.69827689307591 15.32790827989779)"
way/259533943-500,TH8-500,500.0,4468.691083527704,144881.57,Al/St 240/40 4-bundle 380.0,"LINESTRING (99.88470389937497 18.221987129888095, 99.89281296965427 18.226186985471042, 99.8928626 18.2262203, 99.89299 18.2284584, 99.8932703 18.2325918, 99.8933856 18.2340121, 99.897999 18.2367277, 99.902823 18.2396242, 99.9047381 18.2407489, 99.9108723 18.2443866, 99.914681 18.2466308, 99.9177542 18.2484923, 99.9207924 18.2503881, 99.9233714 18.2518184, 99.9253522 18.2530245, 99.9289906 18.2551578, 99.9334712 18.2577942, 99.9360515 18.2593263, 99.9391837 18.2611825, 99.9431862 18.2635634, 99.9469453 18.2658023, 99.950695 18.2680055, 99.9566455 18.2715115, 99.960532 18.2738037, 99.9657758 18.2769033, 99.9691647 18.278781, 99.9719589 18.2805492, 99.9748805 18.2822848, 99.9775976 18.2841847, 99.9809812 18.2856332, 99.9837559 18.2870231, 99.9873193 18.2888714, 99.9908812 18.2906611, 99.9934092 18.2919408, 99.9980628 18.2943258, 100.0016905 18.2961683, 100.0044807 18.2975733, 100.0070979 18.2989428, 100.010912 18.3008705, 100.0146946 18.3028122, 100.0185455 18.3047438, 100.0224475 18.3067249, 100.0277455 18.3093872, 100.0314 18.3112741, 100.0357318 18.3134564, 100.0376362 18.3163872, 100.0393561 18.3190271, 100.0412243 18.3218496, 100.0448178 18.3227707, 100.0492099 18.3237968, 100.0529636 18.3246956, 100.0570004 18.3256644, 100.0584836 18.3245161, 100.0594975 18.3237395, 100.0622749 18.325942, 100.0655714 18.3286294, 100.0705267 18.3311896, 100.0726242 18.3322195, 100.0749524 18.3334199, 100.0799145 18.3359418, 100.0856611 18.3388544, 100.0883688 18.3402076, 100.0910396 18.3415601, 100.094967 18.3435492, 100.0999566 18.3460925, 100.1048818 18.348548, 100.1090795 18.3507756, 100.1145344 18.3506171, 100.1176183 18.3504777, 100.1219434 18.3502944, 100.1272394 18.3500908, 100.1323879 18.349896, 100.1356347 18.3497827, 100.1398625 18.3496211, 100.1445423 18.3494289, 100.1487064 18.3492761, 100.1514584 18.3491475, 100.1537181 18.3490623, 100.1562756 18.3499418, 100.1604706 18.3513637, 100.1646133 18.3527575, 100.1686889 18.3541309, 100.1732875 18.3557055, 100.176812 18.3569173, 100.1792058 18.3556558, 100.1831527 18.3536091, 100.1870781 18.3516183, 100.1910934 18.3495409, 100.194701 18.3477015, 100.1981919 18.3496796, 100.2002531 18.350824, 100.2034785 18.3527066, 100.2067374 18.3545599, 100.2099775 18.3564107, 100.2131344 18.3582041, 100.2169687 18.3584676, 100.220878 18.3587145, 100.2249818 18.3589793, 100.2286443 18.3592033, 100.2324718 18.3594782, 100.2356569 18.3596692, 100.23975 18.3599466, 100.2442548 18.3602508, 100.2484618 18.3604965, 100.2526622 18.3607854, 100.2564977 18.3610171, 100.2589533 18.364371, 100.2616918 18.3680633, 100.2633145 18.3702538, 100.2654979 18.3731976, 100.2679119 18.3764342, 100.2702212 18.3795663, 100.2729048 18.3831794, 100.2750988 18.3861282, 100.2768449 18.3885589, 100.2791704 18.3916246, 100.2810976 18.3942767, 100.2843323 18.3946012, 100.2885622 18.3950645, 100.2936664 18.3956117, 100.2971908 18.3959731, 100.3024399 18.3965406, 100.3059362 18.3968944, 100.3093238 18.3972787, 100.3131741 18.3976516, 100.3170727 18.3981186, 100.3210015 18.3985068, 100.323858 18.3988204, 100.3269674 18.3968906, 100.3303 18.3948876, 100.3342013 18.3924722, 100.337951 18.3902184, 100.3434321 18.3868727, 100.3459024 18.3853111, 100.3523022 18.3814893, 100.3566192 18.3788892, 100.3612474 18.3759009, 100.3657186 18.3731849, 100.367965 18.3717874, 100.3723879 18.3690612, 100.3769302 18.3689301, 100.3839174 18.3687583, 100.3872567 18.3686641, 100.3907517 18.3686132, 100.3937584 18.3724722, 100.3977951 18.3755649, 100.4038569 18.3766925, 100.4112813 18.3800652, 100.4182765 18.3780034, 100.4198174 18.3798679, 100.4241116 18.382062, 100.426189 18.3844101, 100.4288068 18.3874594, 100.4315642 18.3905786, 100.4320604 18.3946114, 100.4315722 18.3970293, 100.4333304 18.3999269, 100.4340291 18.4037458, 100.4347292 18.4074488, 100.4353675 18.4108806, 100.4360756 18.4145554, 100.4364713 18.4165926, 100.4418719 18.4193143, 100.4452153 18.4215053, 100.4480048 18.4231047, 100.4518309 18.4252741, 100.4549745 18.4271101, 100.4568668 18.4279829, 100.4600546 18.4299092, 100.4627435 18.4314576, 100.4628521 18.4343979, 100.4629178 18.4363509, 100.4630372 18.4408279, 100.4631968 18.44481, 100.4674628 18.4491736, 100.4695469 18.4515081, 100.4727897 18.4546223, 100.4750213 18.4568332, 100.4771872 18.458861, 100.4808417 18.4627561, 100.4834944 18.4638527, 100.4878382 18.4656653, 100.4906478 18.4668204, 100.4934816 18.4689777, 100.496188 18.4709023, 100.4988138 18.4727963, 100.5024006 18.4756405, 100.5057272 18.4797095, 100.5070858 18.4812969, 100.5093529 18.4837696, 100.5103473 18.485142, 100.510983 18.4865455, 100.514258 18.4894295, 100.5171534 18.4923039, 100.5184101 18.4937004, 100.5197049 18.4995438, 100.5216394 18.5012398, 100.5229618 18.5023755, 100.5255273 18.505148, 100.525353 18.5068597, 100.5267088 18.5082002, 100.5306235 18.5075567, 100.5318003 18.5073704, 100.5353683 18.5090255, 100.537439 18.5099946, 100.5396223 18.513872, 100.5411465 18.5166888, 100.5425982 18.519372, 100.543073 18.5220934, 100.5434914 18.5244484, 100.5468147 18.5267552, 100.5510088 18.5274027, 100.5562998 18.5282195, 100.5586839 18.5285876, 100.5629527 18.5292466, 100.5660213 18.5297204, 100.5727241 18.5318383, 100.5764103 18.5327479, 100.5841999 18.5345661, 100.5886345 18.5363101, 100.5926161 18.5380136, 100.5948603 18.5389806, 100.5991096 18.5407779, 100.6018172 18.5418827, 100.6042905 18.5428919, 100.6064793 18.543785, 100.6106829 18.545505, 100.6151963 18.5473739, 100.6177248 18.5484209, 100.6184845 18.550133, 100.619913 18.5533522, 100.6218192 18.557648, 100.6242599 18.5631483, 100.6259944 18.5670568, 100.6272197 18.5698179, 100.6283708 18.5724117, 100.6300506 18.5761968, 100.6314382 18.5793234, 100.6325672 18.5818674, 100.6346435 18.5865458, 100.6360848 18.5897931, 100.6371719 18.5922425, 100.6388515 18.5960266, 100.6407232 18.6002436, 100.6416103 18.6022422, 100.6431509 18.6057131, 100.6443393 18.6083906, 100.6462001 18.6125826, 100.6473752 18.6152299, 100.6489361 18.6187462, 100.6503355 18.6218987, 100.6518541 18.6253195, 100.6537597 18.629612, 100.655351 18.6331965, 100.6572117 18.6373879, 100.658318 18.6398797, 100.6593627 18.6422329, 100.660961 18.6458329, 100.6624272 18.6491353, 100.6638239 18.652281, 100.6653656 18.6557534, 100.6667929 18.658968, 100.6689645 18.6607304, 100.6712388 18.6625761, 100.6749272 18.6655694, 100.677317 18.6675087, 100.6800747 18.6697467, 100.6833898 18.6724369, 100.686142 18.6746703, 100.689055 18.6770341, 100.6922797 18.6796509, 100.6954353 18.6821681, 100.698477 18.6846317, 100.7011242 18.6867757, 100.7041869 18.6892453, 100.7064698 18.6910861, 100.7093328 18.6942495, 100.7119141 18.6971015, 100.7142053 18.699633, 100.717544 18.7033217, 100.719152 18.7050983, 100.7224975 18.7087945, 100.725103 18.711673, 100.7276222 18.7144561, 100.7307079 18.7178651, 100.732715 18.7200825, 100.7346487 18.7222187, 100.7385888 18.7265713, 100.7410958 18.7293407, 100.7434053 18.731892, 100.74618 18.735986, 100.748686 18.7377502, 100.74914742632589 18.74025207002737, 100.75313028349814 18.742702731659982)"
TH13-500,way/659650667-500,500.0,4468.691083527704,181225.05,Al/St 240/40 4-bundle 380.0,"LINESTRING (101.44118009800196 17.661977523850307, 101.44489387183874 17.66375203118685, 101.4470542 17.6655449, 101.4502338 17.6660616, 101.4536846 17.6625504, 101.4573695 17.6589217, 101.4607463 17.6553399, 101.4635193 17.6526271, 101.468375 17.6516876, 101.473391 17.6505954, 101.4782768 17.6495615, 101.4828348 17.6485736, 101.4871312 17.6476212, 101.4922868 17.6464642, 101.4969568 17.645494, 101.5012812 17.6445773, 101.5063902 17.6434647, 101.5100889 17.6427882, 101.5180819 17.6410165, 101.5201346 17.6404633, 101.5240702 17.6397213, 101.529737 17.6364999, 101.5328566 17.6348532, 101.5364799 17.6328033, 101.5386471 17.6315968, 101.5423163 17.6296949, 101.5455994 17.6277317, 101.5484656 17.6260753, 101.5527448 17.6237235, 101.5568646 17.6214125, 101.5604052 17.619531, 101.5646323 17.6171996, 101.5681514 17.6151954, 101.5726146 17.6127821, 101.5758761 17.6109209, 101.5800175 17.6083849, 101.5839228 17.6059919, 101.5884074 17.6055829, 101.5941795 17.6052557, 101.6010031 17.6048671, 101.6054877 17.6044784, 101.610144 17.6041512, 101.6143283 17.6039058, 101.6193494 17.6036399, 101.6234049 17.6034354, 101.6282972 17.6029854, 101.6329321 17.6027195, 101.6381678 17.6023923, 101.6414722 17.6020855, 101.6466865 17.6023514, 101.6519007 17.6025968, 101.6561064 17.6026172, 101.6603335 17.60274, 101.6644749 17.602924, 101.6694101 17.6029854, 101.6750106 17.6030058, 101.6803965 17.6029036, 101.6855248 17.602924, 101.6905459 17.6029445, 101.6932067 17.6016559, 101.695846 17.6003265, 101.6969618 17.5966449, 101.698614 17.5943541, 101.7010387 17.5910814, 101.7068323 17.5915519, 101.7119356 17.5896522, 101.717132 17.5877064, 101.7197713 17.584045, 101.722947 17.5797903, 101.7258653 17.5759037, 101.7311439 17.5754332, 101.7362722 17.5751877, 101.7392978 17.5753309, 101.7434606 17.5754741, 101.7456492 17.5721807, 101.7482885 17.5683962, 101.7512711 17.5639366, 101.7535166 17.5611346, 101.7560029 17.5579444, 101.759062 17.5531217, 101.7621232 17.5481911, 101.7646178 17.5443374, 101.7674438 17.5405127, 101.7707684 17.5362074, 101.7720422 17.5347007, 101.7760226 17.5341176, 101.7809364 17.5334321, 101.7870196 17.5326137, 101.7908176 17.530854, 101.7942079 17.5294218, 101.795946 17.5286647, 101.8010529 17.526373, 101.8045291 17.5247975, 101.8090137 17.522874, 101.8127474 17.5211962, 101.8169745 17.5190681, 101.8212446 17.5169809, 101.8259308 17.514534, 101.8299779 17.5126018, 101.8337711 17.5124685, 101.837531 17.5123767, 101.8412217 17.5115787, 101.8462643 17.5113127, 101.8505558 17.5110466, 101.8525299 17.5078748, 101.8553409 17.5030453, 101.8579802 17.4984613, 101.8608126 17.493918, 101.8625506 17.489211, 101.8646535 17.4844424, 101.8666705 17.479162, 101.8690738 17.4732879, 101.871005 17.4686213, 101.8724212 17.4653873, 101.8747386 17.4609251, 101.8769058 17.4568722, 101.8784508 17.453986, 101.8807038 17.4499739, 101.8829998 17.445716, 101.8852314 17.4416628, 101.8872484 17.4378961, 101.889995 17.4326348, 101.8925055 17.4279671, 101.8944796 17.4242001, 101.8967327 17.4200645, 101.8990931 17.4158264, 101.9014963 17.4114245, 101.9039639 17.4066948, 101.9062814 17.402436, 101.9086417 17.3979313, 101.9108304 17.3941227, 101.9132184 17.3896769, 101.9156369 17.3851743, 101.9178041 17.3812016, 101.9184479 17.3764302, 101.9191131 17.3713515, 101.9197782 17.3662522, 101.9204649 17.3609069, 101.921173 17.3557868, 101.9218382 17.3506461, 101.9225248 17.345792, 101.9232115 17.3403027, 101.9238767 17.3354074, 101.9245633 17.3301792, 101.9251797 17.3256162, 101.9255504 17.3225287, 101.926001 17.3194095, 101.9268636 17.3154117, 101.9278718 17.3108939, 101.9289126 17.3063294, 101.9299371 17.3017803, 101.9308152 17.2975882, 101.9317584 17.2931321, 101.9326854 17.2884585, 101.9335635 17.2839711, 101.9343766 17.2798562, 101.9352385 17.2759742, 101.9362955 17.2705858, 101.9374013 17.2653992, 101.9383933 17.2601658, 101.9395153 17.2549633, 101.9402634 17.2510652, 101.9410765 17.247136, 101.9418733 17.2432067, 101.9440362 17.2397433, 101.9464917 17.2357983, 101.9492074 17.2315736, 101.9518906 17.2274576, 101.9547039 17.2227047, 101.9573058 17.2187127, 101.9600541 17.2142392, 101.9627861 17.2098431, 101.965388 17.2056334, 101.9681525 17.2012372, 101.9711122 17.1967166, 101.9735515 17.1928173, 101.9762997 17.1885451, 101.9785764 17.1847233, 101.9825117 17.18115, 101.986626 17.1774213, 101.9901711 17.1739566, 101.9942203 17.1703676, 101.9974401 17.1672601, 102.0008226 17.1640439, 102.0047743 17.160377, 102.0089536 17.1563837, 102.0128889 17.1527166, 102.0152144 17.1506499, 102.017491 17.1458173, 102.0195466 17.1408833, 102.021589 17.1359808, 102.0238332 17.1311322, 102.0259472 17.1261437, 102.0270205 17.1217612, 102.0280613 17.1179224, 102.0288743 17.1150006, 102.0308981 17.1116742, 102.0329529 17.1082732, 102.0350638 17.1049703, 102.0383048 17.1023904, 102.0422023 17.0992186, 102.0464434 17.0957639, 102.0504415 17.0925071, 102.0544337 17.0893407, 102.0587091 17.0858901, 102.062857 17.0826018, 102.066467 17.079787, 102.0697514 17.0770805, 102.072965 17.0743875, 102.0780048 17.0719787, 102.0820111 17.070084, 102.0845735 17.0688119, 102.0878437 17.0657805, 102.0918926 17.0618016, 102.0955167 17.0581745, 102.099351 17.0546429, 102.1023304 17.0516247, 102.1058268 17.0481578, 102.1096209 17.0445305, 102.11345 17.040926, 102.117304 17.0372178, 102.1206561 17.0346377, 102.1246043 17.0316423, 102.1285847 17.0285032, 102.13249 17.0256513, 102.1367708 17.0222044, 102.1401718 17.0197012, 102.143648 17.01688, 102.1483257 17.013238, 102.1528748 17.009719, 102.1568271 17.0066736, 102.16073 17.0037345, 102.1633481 16.9997845, 102.1659988 16.9955234, 102.1690765 16.9909644, 102.1717718 16.9868298, 102.174508 16.9828235, 102.1772683 16.9784624, 102.1796913 16.9747141, 102.1821306 16.9710279, 102.1854155 16.9659884, 102.1886191 16.9611666, 102.1911397 16.9572001, 102.1937253 16.9531247, 102.1967663 16.9486448, 102.1993519 16.944507, 102.2019864 16.9406646, 102.2044256 16.9368533, 102.2074666 16.9321863, 102.2098083 16.9285304, 102.2144074 16.9264188, 102.2187526 16.9244275, 102.2232802 16.9222412, 102.2278292 16.9200652, 102.2325284 16.9177865, 102.2372491 16.915713, 102.2417981 16.9136396, 102.2467275 16.9112104, 102.2514272 16.9089699, 102.2561594 16.9067294, 102.2606152 16.9048157, 102.2625503 16.9001634, 102.2644204 16.8956044, 102.2664044 16.8909208, 102.2685022 16.8858325, 102.2704654 16.881087, 102.2724538 16.8760912, 102.2746625 16.8706079, 102.2765684 16.8662097, 102.2783604 16.8618202, 102.2801574 16.8575249, 102.2819343 16.8532576, 102.2837974 16.8489084, 102.2856155 16.8446067, 102.2874653 16.8402131, 102.2890375 16.8362763, 102.2911036 16.8314327, 102.2929439 16.8267578, 102.2944021 16.8235192, 102.2968512 16.818031, 102.2990455 16.8132202, 102.3011832 16.8083822, 102.3032359 16.8042217, 102.3049631 16.8001289, 102.3068742 16.7959818, 102.3084032 16.7923496, 102.3123978 16.7909246, 102.3169299 16.7893536, 102.3214884 16.7878898, 102.3261318 16.7862769, 102.3307611 16.7847589, 102.3353337 16.783146, 102.3405293 16.7814112, 102.3455974 16.7796356, 102.3505664 16.777982, 102.3557478 16.7761522, 102.3603771 16.7746341, 102.3651904 16.7729398, 102.3695507 16.7714217, 102.3748312 16.7696596, 102.3797294 16.7680194, 102.3849108 16.7661624, 102.3897241 16.7645765, 102.3945657 16.7629363, 102.39911 16.7613232, 102.4011404 16.7570873, 102.4033854 16.7522274, 102.4052966 16.7480385, 102.4067406 16.745029, 102.4075475 16.7433209, 102.4096541 16.7385473, 102.4116954 16.7341157, 102.4136774 16.729818, 102.4157018 16.7255609, 102.4177404 16.7208427, 102.4199367 16.7160889, 102.4215576 16.7125872, 102.4236527 16.7079837, 102.4257355 16.7034392, 102.4279415 16.6986112, 102.4299996 16.6940428, 102.4331053 16.6908555, 102.4354962 16.6885063, 102.4394277 16.6844453, 102.443433 16.6804669, 102.4457623 16.6773265, 102.4489789 16.6726632, 102.4521216 16.6682713, 102.4547097 16.6645641, 102.4575073 16.6606915, 102.460539 16.6565826, 102.4633489 16.6525682, 102.4659863 16.6488843, 102.4654687 16.6445981, 102.4647785 16.6396151, 102.4641746 16.6344431, 102.4635091 16.6299913, 102.4629545 16.6250906, 102.4622397 16.620485, 102.4616148 16.6153334, 102.4610073 16.6102461, 102.4607732 16.607577, 102.4604651 16.6029474, 102.4600953 16.5975854, 102.4596393 16.5923296, 102.4592326 16.5876406, 102.4588876 16.5826679, 102.4584777 16.5779581, 102.4580249 16.5732538, 102.4594421 16.5690841, 102.4608718 16.5648197, 102.4623014 16.5607443, 102.463694 16.5564916, 102.4651483 16.5522624, 102.4652222 16.5479623, 102.4652838 16.5435202, 102.4652961 16.5388536, 102.4654194 16.5335726, 102.4655057 16.5296855, 102.4655303 16.524546, 102.4656289 16.5191109, 102.46818 16.5160271, 102.4711994 16.5125178, 102.4725797 16.5108044, 102.4776327 16.5095638, 102.4820324 16.5083349, 102.4868512 16.5072005, 102.4917685 16.5058535, 102.4969077 16.504471, 102.501862 16.5032775, 102.5066068 16.5020486, 102.5110312 16.5009614, 102.5157391 16.5000634, 102.520373 16.499118, 102.5249576 16.4983618, 102.5296038 16.4974401, 102.5344102 16.4965656, 102.5389702 16.4975464, 102.5437027 16.4986572, 102.5483243 16.499768, 102.5523789 16.4991062, 102.5571607 16.4985036, 102.5620503 16.4978738, 102.5664901 16.4973193, 102.5708775 16.4968965, 102.5746725 16.4965336, 102.5792333 16.4961402, 102.583325 16.495703, 102.5874659 16.4922997, 102.591878 16.4887545, 102.592716 16.4851265, 102.5935171 16.4816994, 102.591804 16.4795722, 102.5885258 16.4796904, 102.58806131042478 16.4787995489524, 102.58665673674841 16.473075122700244)"
TH2-500,TH13-500,500.0,4468.691083527704,162234.41,Al/St 240/40 4-bundle 380.0,"LINESTRING (101.44118009800196 17.661977523850307, 101.43616395854585 17.663623554654187, 101.4350871 17.6659505, 101.4313073 17.6663417, 101.4261471 17.6669352, 101.4215886 17.6674208, 101.4182193 17.66995, 101.4137104 17.6733694, 101.4111976 17.675278, 101.4080548 17.6777397, 101.4077787 17.6822177, 101.4074672 17.6867564, 101.4064763 17.6889211, 101.4054711 17.6924818, 101.4047775 17.695078, 101.4038006 17.6987195, 101.4028167 17.702199, 101.4018187 17.7057594, 101.3993412 17.7081465, 101.3962338 17.7111066, 101.3932821 17.71406, 101.3904933 17.7168312, 101.3874566 17.7197575, 101.3852765 17.7218005, 101.3821974 17.7248279, 101.380541 17.7285092, 101.3791608 17.7315499, 101.3778229 17.7345434, 101.3767612 17.7368491, 101.3748005 17.7399302, 101.3724221 17.7434628, 101.3701216 17.7470089, 101.3677858 17.750474, 101.365549 17.7539054, 101.3634821 17.7569996, 101.3611604 17.7604713, 101.3585556 17.7644215, 101.3559224 17.7684525, 101.3515126 17.7750987, 101.3510666 17.7771815, 101.3496226 17.7838342, 101.3485113 17.7891251, 101.3479875 17.7916998, 101.3466072 17.8002188, 101.3459135 17.8047746, 101.3447244 17.8123428, 101.3442077 17.8160897, 101.3435635 17.8200049, 101.3432025 17.8221681, 101.3428274 17.8247153, 101.3424451 17.8271479, 101.3415603 17.8326465, 101.3408313 17.8371745, 101.3404278 17.8400921, 101.3398332 17.8437913, 101.338848 17.8502186, 101.338451 17.8531904, 101.3374961 17.8591874, 101.3367558 17.8635248, 101.3358841 17.8694743, 101.3354174 17.8725836, 101.3358949 17.8744803, 101.3372038 17.8791364, 101.3382981 17.8825672, 101.3389097 17.8848237, 101.3398189 17.8879346, 101.3412391 17.8927671, 101.3425387 17.8973609, 101.3436974 17.9013783, 101.3449312 17.9057326, 101.3464654 17.9109035, 101.3473291 17.9138698, 101.3477395 17.9178179, 101.3481364 17.9216818, 101.3485441 17.9257651, 101.3488874 17.9290163, 101.3493434 17.9335995, 101.3496224 17.9361667, 101.3499925 17.9396729, 101.3503466 17.943322, 101.3506684 17.9463994, 101.3510815 17.9502524, 101.3514892 17.9545902, 101.351854 17.9579378, 101.3521973 17.9609384, 101.3525353 17.9644173, 101.3530395 17.969163, 101.3535438 17.9737452, 101.3535704 17.9754797, 101.3536303 17.9793781, 101.3537702 17.9856824, 101.3538482 17.9907693, 101.3538703 17.993186, 101.353964 17.9971502, 101.3540295 17.9993759, 101.3540555 18.0050701, 101.3540894 18.0069934, 101.3542432 18.014202, 101.3544316 18.0181954, 101.3544882 18.0206725, 101.3544933 18.0253079, 101.3546065 18.0329945, 101.3545829 18.0371314, 101.3546225 18.0394785, 101.3546602 18.0429259, 101.3547187 18.0453251, 101.3547704 18.0501303, 101.3548043 18.052057, 101.3548839 18.0565844, 101.3549473 18.060084, 101.3549824 18.0633786, 101.3550396 18.0676464, 101.3550868 18.0700292, 101.3556025 18.0719934, 101.3569921 18.0775237, 101.3579029 18.0809871, 101.3588889 18.0849331, 101.3596183 18.0878854, 101.3607637 18.0919281, 101.3616754 18.0958004, 101.3624693 18.0993161, 101.3632445 18.1021925, 101.3641132 18.1056548, 101.3654783 18.1112944, 101.3662333 18.1145587, 101.3673261 18.1188108, 101.3683815 18.1222106, 101.3696891 18.1272436, 101.370838 18.1314243, 101.3721175 18.1362263, 101.3728274 18.1393329, 101.3736306 18.1424394, 101.3748355 18.1475872, 101.3757881 18.1516343, 101.377021 18.156631, 101.3809625 18.1595508, 101.384988 18.1627901, 101.3853599 18.1659705, 101.385812 18.1696327, 101.3863176 18.1742348, 101.3865305 18.1758308, 101.3855168 18.177593, 101.3829378 18.1814056, 101.3818096 18.1830788, 101.3826245 18.1858034, 101.3841177 18.1907781, 101.3847802 18.1929957, 101.3861715 18.1976531, 101.3872565 18.2012848, 101.3885225 18.2055225, 101.389145 18.2074262, 101.3909764 18.2130262, 101.3917601 18.2154225, 101.3929932 18.2192852, 101.3956041 18.2248107, 101.397193 18.2279347, 101.3989768 18.2314416, 101.4008061 18.2350381, 101.4023755 18.2381236, 101.4035287 18.2403907, 101.4060667 18.2453803, 101.407425 18.2480505, 101.4095629 18.2522531, 101.411283 18.2556346, 101.4129024 18.2587229, 101.4148582 18.2626955, 101.416783 18.2664542, 101.4179972 18.2687448, 101.419619 18.2718094, 101.4212519 18.2749984, 101.4231375 18.2789012, 101.4243022 18.2811773, 101.4265768 18.2856287, 101.4278176 18.2879715, 101.4299683 18.292032, 101.4321807 18.2963118, 101.4343555 18.3006344, 101.4362878 18.3044905, 101.4380645 18.3078337, 101.4394839 18.3105045, 101.441619 18.3146195, 101.4427551 18.3169764, 101.4443977 18.3203843, 101.4465776 18.3247968, 101.4485425 18.3285413, 101.4504281 18.3322147, 101.4517988 18.3348614, 101.4529888 18.3373351, 101.4553578 18.3417438, 101.4565128 18.3440719, 101.4589175 18.3489009, 101.4603404 18.3516537, 101.4614465 18.3538136, 101.4635132 18.3579318, 101.466343 18.3633466, 101.4697335 18.3698629, 101.4718426 18.374134, 101.472698 18.3780523, 101.4741237 18.3840963, 101.4750178 18.3880334, 101.4761328 18.3928137, 101.4769925 18.3962294, 101.4776711 18.3994116, 101.4778267 18.4018936, 101.4780093 18.4056451, 101.4781681 18.408185, 101.4785056 18.4129718, 101.4785958 18.4156179, 101.4789683 18.4209433, 101.479167 18.4249297, 101.4794264 18.4277056, 101.4796406 18.4318458, 101.4799934 18.4367987, 101.480127 18.4399678, 101.4803946 18.4449697, 101.4806517 18.4492244, 101.4808138 18.4514383, 101.4810587 18.4549642, 101.4812742 18.460134, 101.4815944 18.4652223, 101.4818465 18.4698969, 101.4831743 18.4740112, 101.4841055 18.476961, 101.4855717 18.4818368, 101.4876277 18.4884949, 101.4867801 18.4908759, 101.485439 18.4945999, 101.4839799 18.4988325, 101.482553 18.5027089, 101.481008 18.5069414, 101.4801712 18.5094848, 101.4783794 18.5144191, 101.4775962 18.516525, 101.476341 18.5199127, 101.4751286 18.5233411, 101.4756114 18.5257215, 101.4760191 18.5279595, 101.4765555 18.5305739, 101.4769954 18.5329339, 101.477843 18.5371046, 101.4786906 18.5414888, 101.4794523 18.5450387, 101.4800812 18.5481578, 101.4803321 18.5494023, 101.4809007 18.5525351, 101.481287 18.5547525, 101.4811904 18.5585463, 101.4810187 18.5628587, 101.4808256 18.5664285, 101.4806432 18.5730189, 101.4804072 18.5775445, 101.4802141 18.5806869, 101.4800746 18.5850903, 101.4800317 18.5887309, 101.4839048 18.5933069, 101.4876277 18.5976388, 101.4903528 18.6009232, 101.4937431 18.6048787, 101.4966828 18.6083053, 101.4990432 18.6110608, 101.5022726 18.614894, 101.5036351 18.6165107, 101.5066928 18.6200997, 101.5090854 18.6229466, 101.5113384 18.6283452, 101.5131087 18.6330218, 101.5144283 18.6368546, 101.5156407 18.6401992, 101.516853 18.6433202, 101.518634 18.6481997, 101.5201575 18.652398, 101.5216596 18.6563116, 101.5220351 18.6572875, 101.5249211 18.6631729, 101.5271313 18.6677775, 101.5285367 18.6706133, 101.5301997 18.6740793, 101.5332038 18.6800048, 101.5348775 18.683623, 101.5359933 18.6858488, 101.5377957 18.6894872, 101.5391905 18.6924243, 101.5414543 18.6971399, 101.5426023 18.6994366, 101.544394 18.7030036, 101.5453115 18.7077346, 101.5463681 18.7129725, 101.54728 18.7175046, 101.5476877 18.7196689, 101.5487177 18.7247088, 101.5492112 18.7270154, 101.5502305 18.7324412, 101.5508538 18.739068, 101.5514106 18.7415854, 101.5534169 18.7477727, 101.5541894 18.7517857, 101.5554765 18.758051, 101.5563244 18.7621784, 101.5570647 18.7659777, 101.5583951 18.7728447, 101.5598006 18.7801076, 101.5614421 18.7879491, 101.5618394 18.7899882, 101.5630407 18.7957903, 101.5639956 18.8005435, 101.5648352 18.8048446, 101.5656006 18.8089114, 101.5662057 18.8118371, 101.5670425 18.8158079, 101.5679974 18.8203981, 101.568845 18.8246836, 101.5695853 18.8286033, 101.5706582 18.8338329, 101.5711517 18.8361177, 101.5716667 18.8385242, 101.5727503 18.8441089, 101.5736837 18.8487999, 101.5742952 18.8522317, 101.5759689 18.859948, 101.5764625 18.8622426, 101.577707 18.8687706, 101.5783148 18.871943, 101.5792273 18.8764473, 101.5809789 18.8852308, 101.5821809 18.8909011, 101.5829778 18.894801, 101.5843294 18.9005801, 101.5857186 18.906678, 101.5871422 18.9137742, 101.5876958 18.9164279, 101.588228 18.9191244, 101.5891063 18.9243414, 101.5895534 18.9267844, 101.5902667 18.9305384, 101.591531 18.9368642, 101.59167444216274 18.937557138475597, 101.5925061 18.941574671832022)"
way/659647773-230,way/550296523-230,230.0,1027.7989492113718,4686.35,Al/St 240/40 2-bundle 220.0,"LINESTRING (102.0895660335386 15.829711402842294, 102.09316515446447 15.836655296622585, 102.0937824 15.8383386, 102.094876 15.8414949, 102.0955237 15.8451788, 102.0960687 15.8484371, 102.0966916 15.8522162, 102.0971623 15.8546812, 102.0976967 15.8578814, 102.0957183 15.8603463, 102.09541658839956 15.860712848940386, 102.09147614328026 15.867118685851564)"
way/658704544-500,TH36-500,500.0,4468.691083527704,3481.31,Al/St 240/40 4-bundle 380.0,"LINESTRING (100.76200318080451 14.422966751857553, 100.76604078561807 14.426380388138083, 100.7671598 14.4267988, 100.7676199 14.4286908, 100.7671669 14.4315151, 100.7667139 14.4340857, 100.7653831 14.4369648, 100.7657583 14.4391926, 100.7675978 14.4392898, 100.77003110330965 14.439040053851754, 100.77458205625551 14.441238910673976)"
way/659491955-230,way/904473776-230,230.0,1027.7989492113718,158711.63,Al/St 240/40 2-bundle 220.0,"LINESTRING (100.69687686578655 14.585174482019369, 100.69936080308031 14.591799170723158, 100.699929 14.5931342, 100.7014367 14.596703, 100.7024064 14.599169, 100.7036381 14.6021076, 100.7023073 14.6049502, 100.7006014 14.608286, 100.698938 14.61156, 100.697494 14.6145395, 100.6956678 14.6180258, 100.6938982 14.6215395, 100.6921498 14.6249914, 100.6907271 14.6278954, 100.6916048 14.6315048, 100.6924825 14.6351483, 100.6933815 14.6390315, 100.6943795 14.6430653, 100.6950661 14.6458184, 100.6958731 14.6493042, 100.6966163 14.6523859, 100.6989522 14.6535775, 100.701288 14.6547417, 100.7031497 14.6557552, 100.7067101 14.6576521, 100.7098246 14.659234, 100.7129178 14.6608569, 100.7160536 14.6624593, 100.722087 14.6656464, 100.7238247 14.6686866, 100.7255624 14.6716553, 100.727522 14.6751008, 100.7294322 14.6785225, 100.7312316 14.6816222, 100.7331172 14.6848291, 100.7348672 14.6879287, 100.7345837 14.6918866, 100.7342756 14.6957729, 100.7339675 14.6997545, 100.7336471 14.7036168, 100.7334253 14.705977, 100.7332404 14.7083373, 100.7330432 14.7114485, 100.733832 14.7142497, 100.7346823 14.7174442, 100.7355327 14.720901, 100.7363461 14.7240358, 100.7372458 14.7271587, 100.7381454 14.7307225, 100.7390698 14.7342267, 100.7400064 14.73785, 100.7409554 14.7413064, 100.7417934 14.7444052, 100.7425829 14.7475703, 100.7436805 14.750346, 100.7447619 14.7529486, 100.7447701 14.7558028, 100.7447863 14.7593489, 100.744892 14.7618492, 100.7470874 14.7646168, 100.7491364 14.76718, 100.7512423 14.7699318, 100.7534377 14.7726993, 100.7555761 14.7754589, 100.758983 14.7780297, 100.7623248 14.7805141, 100.7655365 14.7828569, 100.7685449 14.7851133, 100.7715859 14.7873853, 100.7745212 14.789563, 100.7777736 14.7919371, 100.7818553 14.7923302, 100.784506 14.7925896, 100.7879454 14.7929355, 100.788344 14.7929798, 100.7886869 14.793018, 100.7914091 14.7933208, 100.7953417 14.792088, 100.7991898 14.7907786, 100.8005303 14.7904049, 100.8032714 14.7896408, 100.8068299 14.7884939, 100.8097627 14.7853241, 100.8127235 14.7822175, 100.8151612 14.7795624, 100.8185049 14.7778195, 100.8218113 14.7760313, 100.8258648 14.7757333, 100.8299277 14.7752907, 100.8338038 14.7749747, 100.8376519 14.7746044, 100.8407621 14.7725724, 100.8437976 14.7705855, 100.8466276 14.7686798, 100.8491121 14.7670993, 100.8520355 14.7651847, 100.8551177 14.7663497, 100.8580224 14.7674606, 100.8604602 14.7693572, 100.8627111 14.7711815, 100.8651675 14.7731774, 100.8654664 14.7771421, 100.8657279 14.7807636, 100.8660828 14.7845294, 100.8663817 14.7882049, 100.8667647 14.7920429, 100.8671476 14.7959079, 100.8701084 14.797723, 100.8723467 14.7991692, 100.8760686 14.8014808, 100.8794208 14.8034349, 100.881787 14.8023625, 100.8840475 14.801412, 100.8867659 14.8003261, 100.8908228 14.8002221, 100.8938389 14.7977583, 100.8966116 14.7954628, 100.8996932 14.7928292, 100.8999696 14.789779, 100.900238 14.7867994, 100.90223 14.7851878, 100.9056694 14.7859346, 100.9087998 14.7866265, 100.9119465 14.787279, 100.9152639 14.7880101, 100.9190611 14.7888592, 100.9226956 14.7896217, 100.9263871 14.7899441, 100.9304607 14.7903057, 100.9345251 14.7906906, 100.9384626 14.7910329, 100.9424644 14.7914271, 100.9464985 14.7917798, 100.9501892 14.7921117, 100.953601 14.7923918, 100.9573453 14.7927963, 100.9612721 14.7931283, 100.965113 14.7934706, 100.968911 14.7937611, 100.9717327 14.796624, 100.9745329 14.7994559, 100.9770649 14.8021113, 100.9796935 14.8047978, 100.9824508 14.8076088, 100.9850472 14.8102642, 100.9886521 14.8113948, 100.9924393 14.8125565, 100.9962266 14.8137078, 101.0001426 14.8148487, 101.0042196 14.8160726, 101.0083287 14.8173173, 101.0119765 14.8184167, 101.0158389 14.8196199, 101.0175126 14.8223269, 101.0186284 14.8242042, 101.0225766 14.8247332, 101.0265678 14.8252518, 101.0304945 14.8257392, 101.0344535 14.8262786, 101.0385304 14.8267971, 101.0425323 14.8272742, 101.0465127 14.8278136, 101.0505038 14.8283321, 101.0545808 14.8288507, 101.0571879 14.8257496, 101.0598486 14.822441, 101.0632389 14.8219432, 101.0668545 14.821435, 101.0708028 14.8208749, 101.0742038 14.8204289, 101.0769289 14.8200036, 101.0807698 14.8195369, 101.0836559 14.8191739, 101.0864347 14.8187694, 101.0894173 14.8183649, 101.0934084 14.8177633, 101.0972171 14.8172343, 101.1008113 14.8192776, 101.1031931 14.8207089, 101.1060255 14.8222647, 101.1086434 14.8237686, 101.1112183 14.8252933, 101.1137825 14.8267349, 101.1160248 14.8280521, 101.1182349 14.8307176, 101.1205095 14.8304272, 101.1229985 14.8305827, 101.1262601 14.8309354, 101.128953 14.831205, 101.131882 14.8314851, 101.1348003 14.8317236, 101.1388128 14.8320555, 101.1428683 14.8324185, 101.1465913 14.8326985, 101.1484044 14.8362662, 101.1495417 14.8388175, 101.150915 14.8415451, 101.1525779 14.8449778, 101.1538761 14.8480786, 101.1555284 14.8519883, 101.1570733 14.8556594, 101.158629 14.8591749, 101.1600881 14.8627629, 101.1616009 14.8664234, 101.16306 14.8698869, 101.1647123 14.8736406, 101.1661714 14.8773943, 101.1677378 14.8810649, 101.1692613 14.8847044, 101.1731451 14.8855132, 101.1771792 14.8863531, 101.1810523 14.8872448, 101.1848932 14.8880639, 101.1887663 14.8889141, 101.1922425 14.8896399, 101.1961477 14.8904694, 101.1994415 14.8911434, 101.2030786 14.8903657, 101.2070375 14.8896088, 101.2107282 14.8888105, 101.2139469 14.8881572, 101.2171226 14.887504, 101.2192469 14.8898266, 101.2217897 14.8924913, 101.2242144 14.8950523, 101.2257164 14.896649, 101.228345 14.8996869, 101.2308555 14.9026936, 101.2334197 14.9058351, 101.2354689 14.9084063, 101.2375718 14.9111226, 101.239503 14.9136419, 101.2415307 14.9163478, 101.243537 14.918981, 101.2458652 14.9218942, 101.2498456 14.9223815, 101.253429 14.9226614, 101.2575274 14.9230553, 101.26154 14.9234285, 101.2656062 14.9238743, 101.2696617 14.9242993, 101.273728 14.9247348, 101.2777298 14.9251391, 101.2815493 14.9255123, 101.2857228 14.9258855, 101.2898749 14.9262172, 101.291849 14.9297212, 101.2937909 14.9332665, 101.2957757 14.9367808, 101.2976962 14.9402327, 101.299681 14.943809, 101.3015693 14.9472297, 101.3035005 14.9508681, 101.3053673 14.9543095, 101.3073736 14.9577819, 101.3088327 14.9604976, 101.3124269 14.9620627, 101.3160961 14.9635449, 101.3197547 14.9652344, 101.3233917 14.9668202, 101.3259237 14.9679396, 101.3280695 14.9689658, 101.3314384 14.9688621, 101.3353222 14.968831, 101.3378971 14.9687688, 101.3411265 14.9687688, 101.3433366 14.9687274, 101.3445445 14.9687461, 101.3460081 14.9687688, 101.3492161 14.9687585, 101.3525849 14.9687585, 101.3552886 14.9696809, 101.358003 14.9695462, 101.3608096 14.9694699, 101.3639146 14.969501, 101.3676589 14.9695255, 101.3709956 14.9695255, 101.3746756 14.9695047, 101.3785272 14.969598, 101.3818854 14.9696084, 101.3852864 14.9696187, 101.3882657 14.9733838, 101.3911466 14.9771037, 101.393635 14.9802403, 101.395534 14.9834739, 101.3975081 14.9868007, 101.3993427 14.9899513, 101.4012954 14.9932988, 101.4031729 14.9964804, 101.405147 14.9999936, 101.407046 15.0032994, 101.4089343 15.0065741, 101.4107689 15.0097348, 101.4140519 15.0110405, 101.4176139 15.0125016, 101.4210793 15.013942, 101.4244482 15.0153306, 101.4285681 15.0171026, 101.4345548 15.0168746, 101.4382777 15.0168125, 101.4423332 15.0166985, 101.4462706 15.0165949, 101.4498863 15.0164809, 101.4535877 15.0164394, 101.4575574 15.0163151, 101.4613983 15.0162218, 101.4654431 15.0160767, 101.4685581 15.016014, 101.472567 15.0159213, 101.4767835 15.0158073, 101.4805493 15.0157659, 101.4844009 15.0156519, 101.4884993 15.0155586, 101.4924154 15.0154135, 101.4962777 15.0153306, 101.5000543 15.015227, 101.5039274 15.0151337, 101.5075967 15.0150508, 101.5113518 15.0149472, 101.5150103 15.0148332, 101.5187654 15.0147918, 101.5226814 15.0146778, 101.5267476 15.0145431, 101.5306529 15.0144187, 101.5344939 15.0143773, 101.5382583 15.0142462, 101.5422941 15.0141431, 101.5462097 15.0140042, 101.5497825 15.013911, 101.5538487 15.0138073, 101.5577647 15.0137452, 101.5618953 15.0136208, 101.5653285 15.0135068, 101.5697703 15.0133825, 101.5739438 15.0133099, 101.5779749 15.0131586, 101.5820479 15.0130711, 101.5860245 15.0129472, 101.5902302 15.0128022, 101.5941891 15.0126985, 101.5981159 15.0126571, 101.6019782 15.0126156, 101.6059694 15.0124498, 101.6093597 15.011082, 101.6128465 15.0097659, 101.6165695 15.0083565, 101.6203675 15.0069472, 101.6239509 15.0055586, 101.6275772 15.0041906, 101.6313967 15.0027502, 101.6350767 15.0013511, 101.6387138 15.0000454, 101.6424367 14.9985945, 101.6460523 14.9971851, 101.64921308749821 14.995963866955433, 101.65465788070243 14.990111937157202)"
way/708317946-230,TH39-230,230.0,2055.597898422744,4743.93,Al/St 240/40 2-bundle 220.0,"LINESTRING (100.87880289989772 14.35605760703624, 100.88615183745588 14.354863881619375, 100.886637 14.3548394, 100.8904822 14.3539798, 100.8941301 14.3530962, 100.8966073 14.3518306, 100.9002429 14.3496815, 100.903743 14.3478667, 100.9052219 14.3440698, 100.9066392 14.3404519, 100.9080688 14.3367624, 100.90815319307761 14.333154724318808, 100.90820069999997 14.32867547459544)"
way/904473776-230,way/550636268-230,230.0,1027.7989492113718,17078.08,Al/St 240/40 2-bundle 220.0,"LINESTRING (101.65465788070243 14.990111937157202, 101.66086456415793 14.991536622647377, 101.6643304 14.9902734, 101.6681499 14.9887603, 101.6715509 14.987413, 101.6749627 14.9860243, 101.6780097 14.9848221, 101.681282 14.9835887, 101.6839535 14.9825316, 101.6872579 14.9811843, 101.6909057 14.9797436, 101.6944677 14.9782719, 101.6978473 14.9769556, 101.7013127 14.9755357, 101.7045957 14.9742816, 101.7082221 14.9727891, 101.710282 14.9695657, 101.7125458 14.9660417, 101.7145306 14.9629322, 101.7166228 14.9596983, 101.7187793 14.9563192, 101.7207963 14.9531059, 101.7229206 14.9498511, 101.7251522 14.9463785, 101.7272443 14.9431236, 101.7294437 14.9397028, 101.7313856 14.9365411, 101.7332739 14.9335763, 101.7353875 14.9303731, 101.7373509 14.9272942, 101.7394323 14.9240182, 101.741621 14.9205764, 101.743638 14.9174248, 101.7456979 14.9143146, 101.7479188 14.9108726, 101.7496569 14.9080733, 101.7519314 14.9051911, 101.7543132 14.9021325, 101.7565877 14.8992917, 101.7588515 14.8964093, 101.7611904 14.8934543, 101.7631966 14.8908933, 101.7654175 14.8880627, 101.7678744 14.884921, 101.769709 14.8825672, 101.7721123 14.879498, 101.7727131 14.8769783, 101.7734427 14.8742616, 101.77586991147174 14.872879520014381, 101.78244958160182 14.871778903954677)"
way/401936547-500,way/659647773-500,500.0,4468.691083527704,235294.58,Al/St 240/40 4-bundle 380.0,"LINESTRING (100.43122987068188 15.60239642507601, 100.43526346602074 15.5942410805846, 100.4352995 15.5941216, 100.4359773 15.5917356, 100.4387626 15.5900025, 100.4421764 15.5879607, 100.4455162 15.5859782, 100.4485603 15.5841501, 100.451629 15.5822744, 100.4538721 15.5809686, 100.4573844 15.5795203, 100.4616733 15.5777158, 100.4650501 15.5763743, 100.4688583 15.5748192, 100.4727034 15.5732046, 100.4766348 15.5716138, 100.4803568 15.5700704, 100.4838445 15.5686696, 100.4876773 15.5670906, 100.4908939 15.5657609, 100.4946651 15.5642531, 100.4985226 15.5626504, 100.5020104 15.5612138, 100.5054365 15.5598247, 100.5087271 15.5584356, 100.5119437 15.5571059, 100.5153575 15.5557286, 100.5188822 15.5542802, 100.5228013 15.5526892, 100.5265848 15.551122, 100.530319 15.5495785, 100.534386 15.5479281, 100.5382805 15.5463015, 100.5420024 15.5447579, 100.5460201 15.5431075, 100.5498529 15.5415402, 100.5537104 15.5399491, 100.5575432 15.5384293, 100.561376 15.5368382, 100.5652458 15.5352234, 100.5691033 15.5336323, 100.5729115 15.5321124, 100.5762513 15.5307468, 100.5799363 15.5291438, 100.5837321 15.5276239, 100.5875156 15.5260565, 100.5914594 15.5244415, 100.5953045 15.5228503, 100.5992113 15.5212354, 100.6031797 15.519561, 100.6068646 15.5181717, 100.6105742 15.5165804, 100.6143701 15.5149892, 100.6175497 15.5148467, 100.6209882 15.514716, 100.6248456 15.5145617, 100.6261214 15.5145081, 100.6290852 15.5143835, 100.6330289 15.514241, 100.6362948 15.5127329, 100.6398811 15.5110466, 100.6427527 15.5096334, 100.6467581 15.5078877, 100.6505416 15.5060233, 100.6539677 15.5044676, 100.6572459 15.5028525, 100.6609678 15.5011542, 100.66485 15.4992897, 100.667931 15.4978883, 100.6713325 15.496285, 100.6752146 15.4945036, 100.6788749 15.4927934, 100.6824859 15.4910476, 100.6859613 15.489468, 100.6893012 15.4878528, 100.6924315 15.4864394, 100.6963013 15.4845867, 100.6999246 15.4829239, 100.7035233 15.481178, 100.7071836 15.4795033, 100.7109055 15.4777574, 100.7147999 15.4775079, 100.7193352 15.477306, 100.7233776 15.4770803, 100.7276294 15.4767834, 100.7326084 15.4765221, 100.7363919 15.4762608, 100.7398057 15.4760827, 100.7435276 15.4758451, 100.7474221 15.4756076, 100.7511317 15.4753344, 100.7546194 15.4751443, 100.7577867 15.4749424, 100.7616812 15.474693, 100.7654277 15.474503, 100.7694454 15.4742417, 100.7734508 15.474016, 100.7777519 15.4737666, 100.7819545 15.4734934, 100.7861694 15.4732558, 100.7904828 15.4730302, 100.7945375 15.4727451, 100.7989126 15.4724838, 100.8026468 15.4722462, 100.8061839 15.4720324, 100.8099551 15.4718305, 100.8145397 15.4715692, 100.8177932 15.4713554, 100.8219958 15.4710941, 100.8258779 15.4708328, 100.8300435 15.4706546, 100.833408 15.4703933, 100.8377215 15.4701677, 100.8419487 15.469942, 100.8455227 15.4696925, 100.8502429 15.4693956, 100.8544084 15.4691343, 100.8586233 15.468873, 100.8625547 15.4686354, 100.8666207 15.4684084, 100.8703935 15.4681576, 100.8746053 15.4679226, 100.8787683 15.4676561, 100.8827525 15.467421, 100.8872245 15.4671389, 100.8916965 15.4668568, 100.8956969 15.4666531, 100.8997949 15.4664336, 100.9026082 15.4663082, 100.9058443 15.4655403, 100.9097147 15.4647096, 100.9129671 15.4640513, 100.9169837 15.4631266, 100.9207565 15.4622959, 100.9243991 15.4614966, 100.9284484 15.4601643, 100.9315218 15.4591769, 100.9357662 15.4581895, 100.9394576 15.4573588, 100.9430678 15.456481, 100.9470357 15.455572, 100.9502881 15.4546786, 100.9538819 15.4537851, 100.9572215 15.4529811, 100.9611715 15.4520459, 100.965005 15.4510892, 100.9700462 15.4498196, 100.9747134 15.4487538, 100.9783723 15.447829, 100.9821288 15.4475782, 100.9864057 15.4474214, 100.9907057 15.4470999, 100.9949554 15.4468208, 100.9997935 15.4465507, 101.0027356 15.4463617, 101.0070694 15.4460736, 101.0116086 15.4458305, 101.0155034 15.4455785, 101.0188845 15.44394, 101.0220601 15.4423465, 101.0257494 15.4405009, 101.0292239 15.4386643, 101.0328104 15.4368187, 101.0365277 15.434928, 101.0402264 15.4330914, 101.0437382 15.4313628, 101.0478572 15.429238, 101.0511542 15.4275993, 101.0545454 15.4258332, 101.0581979 15.4239772, 101.0618555 15.4221772, 101.0656144 15.4202645, 101.0688803 15.4185655, 101.0719121 15.4170686, 101.0754245 15.4165339, 101.0803541 15.4157379, 101.0841623 15.4152627, 101.0879335 15.4146687, 101.0919142 15.4141103, 101.095895 15.4135162, 101.0999496 15.4129459, 101.1039303 15.4122687, 101.107911 15.4117222, 101.1120643 15.4111757, 101.1157123 15.4105816, 101.1189782 15.4086212, 101.1223135 15.4066316, 101.125428 15.4047072, 101.1280703 15.4030896, 101.1304735 15.4026738, 101.1345405 15.4019253, 101.1384966 15.401248, 101.1421778 15.4005677, 101.1463594 15.3998578, 101.1496376 15.39924, 101.1528555 15.398578, 101.1568732 15.3978294, 101.1607799 15.3971521, 101.1615839 15.3970037, 101.1648346 15.3964036, 101.1680019 15.3958333, 101.1718846 15.3951921, 101.176481 15.394348, 101.1805972 15.3935994, 101.1834934 15.3927558, 101.1867593 15.3917577, 101.1900622 15.3906764, 101.1934884 15.3897496, 101.1978758 15.3886089, 101.2015484 15.3877059, 101.2056277 15.3866483, 101.2078953 15.386078, 101.2123813 15.3850085, 101.2163374 15.3837133, 101.220429 15.3823587, 101.2244837 15.3810041, 101.2281193 15.3797801, 101.2320631 15.3785443, 101.2358713 15.3772253, 101.2396918 15.3759538, 101.2437095 15.3746229, 101.2475916 15.3733039, 101.2507712 15.3722938, 101.2543083 15.3710936, 101.2576955 15.3699457, 101.2619039 15.3685116, 101.2659195 15.3671749, 101.2697012 15.3659718, 101.2728562 15.3650211, 101.2769725 15.3637852, 101.2809655 15.3625493, 101.2851311 15.3613134, 101.2885819 15.3602913, 101.2926735 15.3591386, 101.2952492 15.3584137, 101.2989342 15.358378, 101.3027547 15.3582711, 101.3060206 15.3581641, 101.3095453 15.3581879, 101.3107654 15.3580809, 101.3146599 15.3580453, 101.3186529 15.3579027, 101.3226459 15.3578313, 101.3262076 15.3578313, 101.329301 15.3577482, 101.3331831 15.3576887, 101.3375212 15.3576055, 101.3416498 15.3574392, 101.3478119 15.3574392, 101.3507328 15.3546226, 101.3537029 15.3517823, 101.3574988 15.3509147, 101.3612823 15.3498094, 101.3652507 15.3488705, 101.3686275 15.348003, 101.3718441 15.3471473, 101.3743213 15.3450318, 101.377464 15.3422982, 101.3811612 15.3427736, 101.3820322 15.3425239, 101.3838972 15.3419892, 101.3858321 15.3416208, 101.3885434 15.3409552, 101.3920435 15.340052, 101.3954696 15.3401708, 101.4014099 15.3403729, 101.4040719 15.3417634, 101.4063888 15.3428806, 101.4092234 15.3443662, 101.4112535 15.3454334, 101.4125016 15.3460895, 101.4128758 15.3462692, 101.415669 15.3476108, 101.4170073 15.3482919, 101.4172866 15.348434, 101.4187747 15.3491914, 101.4228417 15.3513306, 101.4260786 15.3529465, 101.4289298 15.3544562, 101.4320355 15.3559572, 101.4359546 15.3579145, 101.4398367 15.3592337, 101.443078 15.3603032, 101.446196 15.3613371, 101.4490675 15.3617768, 101.452469 15.3623116, 101.4565237 15.3630365, 101.4589146 15.3643556, 101.4616259 15.3659837, 101.4645467 15.3676236, 101.4651629 15.3700122, 101.4662228 15.3739337, 101.4673443 15.3779621, 101.4679852 15.380505, 101.4691683 15.3846639, 101.470068 15.3881455, 101.4711402 15.3924112, 101.4714453 15.3935046, 101.472274 15.3964749, 101.4730874 15.3995523, 101.4756508 15.402487, 101.4783868 15.405493, 101.4811228 15.4087723, 101.4836123 15.4115406, 101.4862989 15.4147009, 101.4887391 15.4174454, 101.4912533 15.4197502, 101.4941618 15.4224471, 101.4967252 15.4247044, 101.5000651 15.4277695, 101.5028503 15.4303593, 101.5059314 15.4330917, 101.5090124 15.4359309, 101.5115354 15.4381789, 101.5145927 15.4409377, 101.517213 15.4432922, 101.5200744 15.4458633, 101.5233714 15.4488071, 101.5258932 15.4510937, 101.5291996 15.4541185, 101.5327862 15.4574043, 101.5362046 15.460474, 101.5389786 15.4630306, 101.5421728 15.4660282, 101.5449842 15.4685757, 101.5477768 15.4711142, 101.5508404 15.4739406, 101.5537544 15.476443, 101.5565471 15.4790534, 101.559181 15.4813667, 101.5621324 15.484301, 101.5650745 15.4872803, 101.5678485 15.4900076, 101.5704076 15.4924198, 101.5730602 15.4951019, 101.5755446 15.4975501, 101.5779357 15.4998632, 101.5803921 15.5024282, 101.5832408 15.5052093, 101.5863884 15.5082423, 101.5892558 15.5110682, 101.591955 15.5137592, 101.5947383 15.5165131, 101.5975777 15.5193119, 101.6004731 15.5221917, 101.6033965 15.5249545, 101.6063666 15.5279332, 101.6090846 15.5305159, 101.6117838 15.5332876, 101.6145671 15.5360142, 101.6173038 15.5386958, 101.6201373 15.5414807, 101.6230819 15.5443722, 101.6258708 15.547134, 101.6287021 15.5498959, 101.6312787 15.5524599, 101.6341242 15.5552217, 101.6370546 15.5581948, 101.6401196 15.5610997, 101.6414291 15.5647137, 101.6427244 15.5682799, 101.6440764 15.5715665, 101.6453467 15.5754209, 101.6468141 15.5793573, 101.6483161 15.5834498, 101.6494641 15.5865708, 101.6505048 15.5895057, 101.651803 15.5930916, 101.6532299 15.5969875, 101.6544852 15.6004492, 101.6558799 15.6040866, 101.6571567 15.6077033, 101.6583798 15.6111959, 101.6598711 15.6152567, 101.6609547 15.6181293, 101.6620919 15.6213117, 101.664345 15.6227169, 101.667274 15.6245664, 101.6705677 15.6266019, 101.6739688 15.628689, 101.6771874 15.6307554, 101.6805241 15.6328218, 101.6838822 15.6349192, 101.6874549 15.6371199, 101.6909311 15.6392792, 101.6944823 15.6415831, 101.6979155 15.6437011, 101.7008338 15.6454471, 101.7033872 15.6475857, 101.7058012 15.6497139, 101.7085478 15.6519661, 101.7119059 15.6547141, 101.7150066 15.6572864, 101.7180965 15.6599518, 101.7209289 15.6623381, 101.7244479 15.6653236, 101.7278704 15.6681024, 101.7308852 15.670654, 101.7340288 15.6732984, 101.7369148 15.6757673, 101.7398867 15.6782154, 101.7424724 15.6804156, 101.74494 15.6825228, 101.7475149 15.6846714, 101.7507014 15.6873157, 101.7541346 15.6902491, 101.7569027 15.6923356, 101.7600677 15.6946493, 101.7635009 15.6972211, 101.7667303 15.6996897, 101.7701206 15.7021169, 101.7732749 15.7045854, 101.776633 15.7071054, 101.7800555 15.7096462, 101.7833063 15.7120939, 101.7865786 15.7145416, 101.7879519 15.7165452, 101.7898617 15.7195196, 101.7920933 15.7228967, 101.7942712 15.7262014, 101.7971787 15.7291137, 101.7996249 15.7315199, 101.8020603 15.7339777, 101.8043134 15.7361566, 101.8065235 15.7383149, 101.809431 15.7412063, 101.8124137 15.7440874, 101.815407 15.7470923, 101.8183682 15.7499423, 101.8214473 15.7529678, 101.8242368 15.7557868, 101.8260393 15.7577486, 101.8283782 15.7602061, 101.8309316 15.762963, 101.8337265 15.7659987, 101.836575 15.7690807, 101.837382 15.7699463, 101.8393377 15.772044, 101.8420789 15.775002, 101.8449274 15.7780788, 101.8473843 15.7807064, 101.8492994 15.7830036, 101.8515954 15.7857498, 101.8538806 15.7884651, 101.8562141 15.7912629, 101.8582043 15.7936012, 101.860554 15.796399, 101.8632469 15.7996096, 101.8657682 15.8026292, 101.8677959 15.8050603, 101.8682412 15.8077289, 101.8686059 15.8099638, 101.8691907 15.8131381, 101.8697325 15.8163588, 101.8731925 15.818573, 101.87632 15.8205859, 101.8791363 15.8223768, 101.8822852 15.8243793, 101.8853161 15.8263147, 101.8883363 15.8282346, 101.8909863 15.8299429, 101.8942586 15.8302371, 101.8986521 15.8306603, 101.9027666 15.8310525, 101.9054434 15.8312899, 101.9077286 15.8315015, 101.9109473 15.8327711, 101.9130716 15.8320434, 101.9152227 15.8322602, 101.9193212 15.8326266, 101.9234464 15.8330343, 101.9277165 15.8333956, 101.9319383 15.8337981, 101.935924 15.8341542, 101.9402156 15.8344536, 101.9445661 15.834851, 101.9484446 15.8352071, 101.9509659 15.8384274, 101.9535354 15.8416322, 101.9558475 15.8445118, 101.958535 15.8478456, 101.9611153 15.8510709, 101.9638029 15.8543219, 101.9662544 15.8573871, 101.9684968 15.8603955, 101.9712541 15.8637806, 101.9736949 15.8667993, 101.9759962 15.8696579, 101.9786194 15.8728674, 101.9812373 15.8761697, 101.983088 15.8784193, 101.9858775 15.8817318, 101.9881305 15.8845387, 101.9921378 15.884936, 101.9959358 15.8852662, 102.0002488 15.8856944, 102.0045242 15.8860762, 102.0081881 15.8864271, 102.0126674 15.8869275, 102.016165 15.8872732, 102.0206979 15.8877118, 102.0247212 15.8880523, 102.0283959 15.8881607, 102.0313731 15.8857821, 102.0342699 15.8835429, 102.0370701 15.8813707, 102.0405194 15.8796422, 102.0442531 15.8778053, 102.0480994 15.8759375, 102.0518652 15.8741264, 102.0557276 15.8722327, 102.0588014 15.8707054, 102.0624546 15.8689355, 102.0663223 15.8671863, 102.0700184 15.8653699, 102.0741168 15.8634658, 102.0759675 15.8622532, 102.0777431 15.860989, 102.0794759 15.8604833, 102.0816163 15.8598589, 102.0836601 15.8588836, 102.0855055 15.8579496, 102.0876673 15.8593429, 102.0899687 15.8607722, 102.09046223873293 15.861692081280182, 102.0917594474902 15.866963911200978)"
way/659647773-500,way/659650667-500,500.0,4468.691083527704,111868.96,Al/St 240/40 4-bundle 380.0,"LINESTRING (102.0917594474902 15.866963911200978, 102.09351538919543 15.872234557308303, 102.0962433 15.8730745, 102.1002781 15.8740896, 102.104617 15.8753943, 102.1095808 15.8771351, 102.1131206 15.878348, 102.116399 15.8792193, 102.119724 15.8800638, 102.1233573 15.8809981, 102.1261499 15.883774, 102.1289332 15.8863791, 102.1315765 15.8890112, 102.1346119 15.8919756, 102.1373112 15.8946076, 102.1401225 15.8973025, 102.1426163 15.8998536, 102.1449887 15.9026741, 102.1472863 15.9055844, 102.1496587 15.9085935, 102.1521338 15.9117553, 102.1546743 15.9149259, 102.1572895 15.9181774, 102.1593536 15.9209258, 102.161726 15.9238898, 102.1642758 15.9270333, 102.1667602 15.9301588, 102.1691699 15.9332214, 102.1716637 15.9363738, 102.1741295 15.9393734, 102.1764084 15.9423191, 102.1791264 15.9456959, 102.1815081 15.9486774, 102.1839084 15.9516859, 102.186094 15.9544967, 102.188457 15.957541, 102.1908387 15.9604595, 102.1928935 15.9630546, 102.1951631 15.9659192, 102.1974981 15.9689364, 102.1998144 15.9718008, 102.2020934 15.9746563, 102.2056893 15.9775027, 102.2085473 15.9797385, 102.2118817 15.9823155, 102.2150106 15.9847218, 102.2179247 15.9870114, 102.221175 15.9895434, 102.2240611 15.9917432, 102.2272367 15.9942482, 102.2301601 15.9965556, 102.233289 15.9989798, 102.2363432 16.0012961, 102.2391825 16.0035496, 102.2422367 16.0059288, 102.2455244 16.0085054, 102.2489055 16.0111, 102.2519783 16.013488, 102.2551166 16.0159748, 102.2579559 16.0181384, 102.2605618 16.0201583, 102.2612623 16.0243057, 102.2620001 16.0284531, 102.2642137 16.0301048, 102.2671184 16.0305896, 102.2708451 16.0313167, 102.2743569 16.0319361, 102.275431 16.0341803, 102.2771403 16.0378247, 102.2789429 16.0417025, 102.2807175 16.0453469, 102.2822399 16.048668, 102.2842293 16.0529495, 102.2865083 16.0577515, 102.2887312 16.0624188, 102.2905245 16.0662512, 102.2921123 16.069572, 102.2957268 16.0707567, 102.2996683 16.0719324, 102.3035631 16.0730005, 102.3077101 16.0742839, 102.3098956 16.0777212, 102.3120718 16.0812213, 102.3140799 16.084497, 102.3162281 16.0881046, 102.3183296 16.0913981, 102.3205245 16.0949339, 102.322981 16.0988734, 102.3254841 16.1030641, 102.3290986 16.1051908, 102.3326665 16.1072547, 102.3364119 16.10948, 102.3399891 16.1114452, 102.3435009 16.1135, 102.3471996 16.1156087, 102.3507488 16.1177263, 102.3540738 16.1196913, 102.3578191 16.1218089, 102.3611535 16.1237111, 102.3647088 16.1258019, 102.3682299 16.1278745, 102.3719286 16.1300368, 102.3751976 16.1318851, 102.3789429 16.1341102, 102.3823427 16.1360661, 102.386144 16.1382732, 102.3893383 16.1401125, 102.3925419 16.1419607, 102.3960538 16.1440601, 102.3998842 16.1462717, 102.403079 16.1480752, 102.4064964 16.1500924, 102.4103071 16.1523083, 102.4122039 16.1557734, 102.4140319 16.1591321, 102.4160901 16.1628024, 102.4176853 16.165729, 102.4193762 16.1687162, 102.4214123 16.1725824, 102.4233177 16.1760629, 102.4252417 16.1795075, 102.4272125 16.1830506, 102.4291739 16.1866296, 102.4310979 16.1901636, 102.4330873 16.1937155, 102.4348993 16.1970432, 102.4367486 16.2003528, 102.4387287 16.204048, 102.4406154 16.2074562, 102.4425394 16.2109361, 102.4446222 16.2148195, 102.4464809 16.2181467, 102.4484609 16.2217609, 102.450385 16.2253033, 102.4524771 16.2290698, 102.4543732 16.2324507, 102.4563252 16.2361543, 102.4583333 16.2397233, 102.4604483 16.2434944, 102.4623184 16.2468355, 102.4643024 16.2505668, 102.4661399 16.2537517, 102.4681727 16.2575141, 102.4699452 16.2608237, 102.4732248 16.2635228, 102.4757305 16.2655749, 102.4782646 16.2676814, 102.48128 16.2701819, 102.4843945 16.2727504, 102.486971 16.2749383, 102.4899156 16.2773572, 102.4933299 16.2801964, 102.4962656 16.2826668, 102.4990725 16.2849762, 102.501909 16.2873384, 102.5050794 16.289985, 102.5077133 16.2921618, 102.5106087 16.2945792, 102.5134747 16.2969142, 102.5166088 16.2995685, 102.5199804 16.3023244, 102.5231427 16.3049541, 102.5264981 16.3077202, 102.5293896 16.3101696, 102.5317606 16.312153, 102.5348291 16.3146745, 102.5376239 16.3169977, 102.5410169 16.3198409, 102.5438373 16.3221614, 102.5468749 16.3246918, 102.5492352 16.3266442, 102.5526738 16.3294911, 102.5556028 16.3319454, 102.558623 16.3344511, 102.5584781 16.3379388, 102.5583132 16.3416786, 102.5582394 16.3452228, 102.5580946 16.3492121, 102.557939 16.3532735, 102.5578076 16.3571983, 102.5576895 16.3612415, 102.5575286 16.3649526, 102.5573865 16.3688888, 102.5572577 16.3726988, 102.557137 16.3768677, 102.5569734 16.3809362, 102.5568299 16.3849686, 102.556681 16.3892286, 102.5565322 16.3934023, 102.5563766 16.3975245, 102.5562264 16.4016736, 102.5560749 16.4058432, 102.5559072 16.4104462, 102.5557879 16.414011, 102.5556296 16.4181932, 102.5554606 16.4222775, 102.5553735 16.4248567, 102.5587115 16.427634, 102.5618497 16.4302324, 102.5651407 16.4329427, 102.5679088 16.4352362, 102.5712374 16.438012, 102.57422 16.440492, 102.5771342 16.4428909, 102.5803784 16.4455856, 102.5807579 16.4486687, 102.5811267 16.4518777, 102.5814271 16.4541466, 102.5818723 16.4574945, 102.5822237 16.4604128, 102.584407 16.4634969, 102.5867804775723 16.46692609026131, 102.58665673674841 16.473075122700244)"
way/659647773-500,way/245311456-500,500.0,4468.691083527704,190760.48,Al/St 240/40 4-bundle 380.0,"LINESTRING (102.0917594474902 15.866963911200978, 102.09559790168439 15.870321444237208, 102.0964192 15.8705661, 102.1005195 15.8717879, 102.1045077 15.8730277, 102.1081409 15.8741058, 102.1124 15.8752916, 102.1162947 15.8762709, 102.1199792 15.8747204, 102.1222429 15.8737039, 102.1258156 15.8720218, 102.1291362 15.8705151, 102.1317541 15.8692612, 102.1343275 15.8689621, 102.1381292 15.8685287, 102.1417108 15.868161, 102.1458772 15.8676811, 102.1518459 15.8670417, 102.1574208 15.8664446, 102.1610688 15.8661008, 102.1650499 15.8656229, 102.1711232 15.8649828, 102.1747898 15.8645879, 102.1786829 15.8641726, 102.181847 15.8638458, 102.1858462 15.8633896, 102.1898993 15.8629534, 102.1941987 15.8624908, 102.1982617 15.8620482, 102.2021832 15.8616057, 102.206538 15.8611631, 102.2109229 15.8607187, 102.2148181 15.8605094, 102.2174159 15.8607001, 102.2217762 15.8611495, 102.225917 15.8616125, 102.2300508 15.8620278, 102.2334767 15.8623682, 102.2377733 15.862804, 102.2418859 15.8632125, 102.2449932 15.8634853, 102.2485603 15.8653606, 102.2513164 15.8668095, 102.2547815 15.8686063, 102.2581999 15.8704211, 102.2614316 15.8720472, 102.2647753 15.8737182, 102.2676333 15.8752904, 102.2713413 15.8771859, 102.2748812 15.8790276, 102.2780007 15.8805907, 102.2816713 15.8824952, 102.2855568 15.8831869, 102.2897598 15.8839505, 102.2942056 15.8847321, 102.2976614 15.8853968, 102.3015842 15.8860885, 102.305423 15.8867713, 102.3094205 15.8874899, 102.3133713 15.8882176, 102.3173501 15.8889093, 102.3211328 15.8896189, 102.3243458 15.8901579, 102.3281472 15.8888105, 102.331192 15.8876786, 102.3336391 15.8868072, 102.3376833 15.8878313, 102.3414099 15.8886937, 102.3452674 15.8896369, 102.3486111 15.8904454, 102.3521696 15.8890979, 102.3558589 15.8876786, 102.359707 15.8861424, 102.3632842 15.8877954, 102.3669735 15.8894213, 102.3707936 15.8912359, 102.3742213 15.8928259, 102.376986 15.8940745, 102.3800308 15.8954938, 102.3837575 15.8972006, 102.3873907 15.8989342, 102.3908746 15.9005062, 102.3946106 15.9022039, 102.3988322 15.902662, 102.4033435 15.9032189, 102.407341 15.903713, 102.4112918 15.9041621, 102.4145981 15.9045124, 102.4183622 15.9050064, 102.4227239 15.9055184, 102.4268055 15.9059855, 102.4311953 15.9064885, 102.435473 15.9070005, 102.4397227 15.9074856, 102.4431785 15.9079167, 102.4474095 15.9084018, 102.4516312 15.9088689, 102.4556101 15.9093269, 102.4599718 15.9098569, 102.4639507 15.910315, 102.4679856 15.9107551, 102.4718523 15.9112222, 102.4756724 15.9116803, 102.4796045 15.9121384, 102.4834526 15.9125605, 102.4871139 15.9130007, 102.4912235 15.9134408, 102.4954265 15.9139617, 102.4996295 15.9144468, 102.5038511 15.9149857, 102.5080821 15.9165575, 102.5118555 15.9179048, 102.5159371 15.9194766, 102.5198038 15.9209227, 102.523764 15.9224136, 102.5275654 15.9238417, 102.5312827 15.9252339, 102.5352429 15.9266889, 102.539259 15.9282337, 102.5432386 15.9297127, 102.5468711 15.9310628, 102.5506819 15.9325178, 102.5543431 15.933838, 102.5581258 15.935239, 102.5620113 15.9367299, 102.5652336 15.9379423, 102.56769 15.9388494, 102.5717529 15.9393254, 102.5757878 15.9397475, 102.5798974 15.9402414, 102.5837454 15.9406366, 102.5872386 15.9410407, 102.5903768 15.9414, 102.5945238 15.941858, 102.5988856 15.9422801, 102.6028924 15.942765, 102.6070581 15.9432141, 102.6114572 15.943735, 102.6155575 15.9441571, 102.6199192 15.944633, 102.6239168 15.9450821, 102.6271764 15.9454413, 102.6310619 15.9458903, 102.6338919 15.9461597, 102.6380855 15.9465998, 102.6422698 15.9471027, 102.6465195 15.9475787, 102.64991 15.9479469, 102.6535899 15.9470219, 102.6575781 15.9460161, 102.6611927 15.9451539, 102.6654797 15.9440313, 102.6680669 15.9434027, 102.6710277 15.9426393, 102.6749785 15.9416065, 102.6789573 15.9405468, 102.6833191 15.9394781, 102.6872419 15.9384812, 102.6913048 15.9374574, 102.6955732 15.9364515, 102.7242877 15.9522876, 102.727838 15.9542456, 102.7313448 15.9562005, 102.7351225 15.9582869, 102.7424805 15.9623999, 102.7459009 15.9642642, 102.7495609 15.9662577, 102.7528042 15.9680571, 102.7558136 15.9697152, 102.7587694 15.9713552, 102.7654722 15.9764042, 102.7688277 15.9788951, 102.7721509 15.9814144, 102.7755868 15.9840006, 102.7789342 15.9865224, 102.7824694 15.9891679, 102.785747 15.9915607, 102.7887726 15.9938297, 102.7920341 15.9963359, 102.7963579 15.996274, 102.8005743 15.9962637, 102.8048658 15.9962843, 102.8088462 15.996243, 102.811979 15.9984707, 102.8152192 16.0007706, 102.8185022 16.0030395, 102.8212702 16.0050196, 102.8326535 16.0088766, 102.8368485 16.0102379, 102.8405929 16.0114032, 102.8444016 16.0126407, 102.8484356 16.0139195, 102.8525233 16.0152394, 102.85586 16.0163326, 102.8597331 16.0175288, 102.8615248 16.0209112, 102.8634024 16.0242007, 102.8653335 16.0276759, 102.8672111 16.0310168, 102.869035 16.0343165, 102.8707838 16.0373893, 102.8726721 16.0408333, 102.8742599 16.0436894, 102.8763842 16.0474323, 102.8781116 16.0505358, 102.8797746 16.0535671, 102.8831112 16.0563199, 102.8862655 16.0590315, 102.8895056 16.0616812, 102.8925526 16.0642484, 102.8958356 16.0669908, 102.8988504 16.0695992, 102.9021764 16.0723621, 102.9051483 16.0748673, 102.9083669 16.0775477, 102.9115105 16.0801869, 102.9143107 16.082527, 102.9175401 16.0852589, 102.9205656 16.0878154, 102.9247177 16.0885989, 102.9288268 16.089372, 102.9326141 16.0900936, 102.936734 16.0908668, 102.9409504 16.0916708, 102.9451239 16.0924131, 102.949276 16.0932171, 102.9533744 16.0940005, 102.9576874 16.0947737, 102.9620004 16.095588, 102.9662061 16.0963611, 102.970444 16.0971446, 102.9746175 16.0979486, 102.9813015 16.0992268, 102.9854858 16.0999793, 102.9897237 16.1008039, 102.9937577 16.1015461, 102.9978025 16.1023089, 103.0018043 16.1030511, 103.0058384 16.1038242, 103.0099475 16.1046179, 103.0140245 16.1053703, 103.0180693 16.1061228, 103.02176 16.1068134, 103.025676 16.1075762, 103.0299461 16.1083596, 103.0339694 16.1091017, 103.038336 16.1099057, 103.0422306 16.1106478, 103.0465329 16.1114415, 103.0506527 16.1101634, 103.0544829 16.1089368, 103.0584955 16.1076999, 103.0621648 16.1065248, 103.0661881 16.1052879, 103.0702329 16.1039891, 103.0743527 16.1027315, 103.0786926 16.1013812, 103.0820453 16.1003298, 103.0858111 16.099134, 103.0898452 16.0978455, 103.0937827 16.0966395, 103.0978382 16.0953406, 103.1017542 16.0941449, 103.10552 16.0929182, 103.109554 16.091609, 103.1130409 16.0904544, 103.1169784 16.0893411, 103.1212592 16.0880113, 103.1253683 16.0887329, 103.1292093 16.089403, 103.1338763 16.0902483, 103.1379318 16.0909596, 103.1414294 16.0915575, 103.1453776 16.0922481, 103.1490898 16.0928666, 103.1531775 16.0935573, 103.1571472 16.0942583, 103.1608271 16.0948974, 103.1649041 16.0955983, 103.1689489 16.0962993, 103.1728327 16.0970003, 103.1752145 16.0958354, 103.1789803 16.0941552, 103.1825852 16.0925161, 103.1863296 16.0908771, 103.1901061 16.0890937, 103.1940865 16.0873, 103.198142 16.0871454, 103.2063925 16.0868052, 103.2107592 16.086599, 103.2151151 16.0864341, 103.2190847 16.0862898, 103.2236445 16.0861042, 103.2276356 16.0859083, 103.2313371 16.0866815, 103.2355535 16.0874856, 103.2395875 16.0882999, 103.2436967 16.0891143, 103.2473767 16.0898772, 103.251282 16.0906194, 103.2546615 16.0912997, 103.2576978 16.0919286, 103.2608414 16.0914131, 103.2645213 16.090774, 103.2685125 16.0901143, 103.2715058 16.0895885, 103.2744884 16.0890731, 103.2778144 16.0883618, 103.2810438 16.0879804, 103.2849061 16.0873206, 103.2889938 16.0866506, 103.292706 16.0859702, 103.2965255 16.0869804, 103.2992935 16.087733, 103.3037031 16.0876711, 103.3079088 16.0876299, 103.3123934 16.0875886, 103.316524 16.0874753, 103.3197105 16.087434, 103.3227897 16.0873619, 103.326652 16.0873309, 103.3306324 16.0872794, 103.3343124 16.0871969, 103.3377671 16.0887123, 103.3416939 16.090341, 103.3456635 16.0920419, 103.3491397 16.0935109, 103.3603537 16.0983011, 103.364023 16.0998061, 103.3669305 16.1010946, 103.3706749 16.1026717, 103.3747947 16.1043829, 103.3784533 16.1059599, 103.3823908 16.1076195, 103.3862639 16.1092584, 103.3908451 16.1096295, 103.3947718 16.1099593, 103.3988059 16.1102376, 103.4027648 16.1105365, 103.40711 16.1108561, 103.4112728 16.1112477, 103.4153283 16.1114951, 103.4190619 16.111794, 103.4235743 16.1121455, 103.4271422 16.1124685, 103.4309996 16.1128364, 103.4339884 16.1157078, 103.4368371 16.1185702, 103.4394896 16.1211543, 103.4417686 16.1234244, 103.4435712 16.1252279, 103.4475501 16.1250484, 103.4510059 16.1249408, 103.4561989 16.1249408, 103.4603809 16.1249069, 103.462849 16.1248869, 103.4659125 16.1261969, 103.4664169 16.128126, 103.4667998 16.1300281, 103.4690507 16.1316342, 103.4720395 16.1341105, 103.4761771 16.1335183, 103.4803428 16.1329262, 103.484359 16.1323609, 103.4884312 16.1318585, 103.4924568 16.1312035, 103.4963982 16.1306831, 103.5002183 16.1302255, 103.5039263 16.1296692, 103.50448715276433 16.129590164617664, 103.51026840272972 16.124517026358767)"
way/155851424-500,TH49-500,500.0,4468.691083527704,25836.65,Al/St 240/40 4-bundle 380.0,"LINESTRING (101.02631453616854 13.50368404537746, 101.0279835571564 13.512299541646298, 101.0287999 13.5130494, 101.031351 13.515446, 101.0350729 13.518945, 101.0384251 13.5220964, 101.0421963 13.5216171, 101.0455855 13.5210779, 101.0489253 13.5205986, 101.0524747 13.5201552, 101.0557653 13.5196759, 101.0590188 13.5214493, 101.0591791 13.5236062, 101.0614097 13.524445, 101.0653658 13.5258829, 101.0671651 13.528495, 101.0677567 13.5321136, 101.0682373 13.535169, 101.0704434 13.5369304, 101.0732903 13.5393627, 101.0748678 13.5427774, 101.0773079 13.5450299, 101.0795017 13.5469949, 101.0799084 13.5502418, 101.080389 13.5536324, 101.0808573 13.5567355, 101.0837412 13.5594551, 101.0866497 13.5622945, 101.0892624 13.5648344, 101.091111 13.5665835, 101.0934403 13.5666554, 101.097495 13.566919, 101.1010567 13.5670627, 101.1044335 13.5673023, 101.107235 13.5689689, 101.1101848 13.5707117, 101.1132238 13.5725632, 101.1162401 13.5743347, 101.1195306 13.5763593, 101.1224515 13.5779406, 101.1259392 13.577701, 101.1292051 13.577102, 101.1315467 13.5776291, 101.1359711 13.5787552, 101.1399149 13.5797855, 101.1418621 13.5826127, 101.1435998 13.5852002, 101.1452143 13.587656, 101.1451157 13.5906987, 101.1450541 13.5938372, 101.1450294 13.5970595, 101.1449308 13.6002099, 101.1447583 13.604079, 101.1479995 13.6073131, 101.150563 13.6098046, 101.1538289 13.6095291, 101.15491011866297 13.609462013820268, 101.15970858574927 13.609275432241581)"
TH49-230,TH47-230,230.0,1027.7989492113718,28474.5,Al/St 240/40 2-bundle 220.0,"LINESTRING (101.15942750456618 13.609423679947346, 101.15825663099166 13.614812132453837, 101.1588715 13.6154317, 101.1614246 13.6179289, 101.1641566 13.6206156, 101.1654169 13.6204971, 101.166295 13.6204339, 101.1671975 13.6203707, 101.1682302 13.6203786, 101.1695311 13.6203944, 101.1727591 13.6198728, 101.1767433 13.6192327, 101.180162 13.6187393, 101.1840834 13.6193584, 101.1859541 13.6184949, 101.1890225 13.6174209, 101.1932282 13.6159507, 101.1971013 13.6146055, 101.2003307 13.6134064, 101.2039463 13.6121551, 101.2075619 13.6109351, 101.2105338 13.6103303, 101.2145249 13.6094126, 101.2182693 13.6086306, 101.2202971 13.6102156, 101.2229322 13.613547, 101.225545 13.6168709, 101.2278001 13.6197442, 101.2301987 13.6228024, 101.2327031 13.6224626, 101.2365897 13.6219726, 101.2396144 13.6215775, 101.2433302 13.6224705, 101.246859 13.6234267, 101.2501765 13.6242248, 101.2514693 13.6271011, 101.252445 13.6293295, 101.253811 13.6324824, 101.2554697 13.6361962, 101.2570308 13.6397441, 101.258657 13.6434183, 101.260332 13.6472663, 101.2616167 13.6502372, 101.2630802 13.6534925, 101.2629989 13.6551754, 101.2628363 13.6583912, 101.2626412 13.6613698, 101.2625273 13.6642457, 101.265178 13.6662999, 101.2663326 13.6672006, 101.2683491 13.6688124, 101.2716259 13.6716171, 101.274553 13.6735764, 101.277163 13.6754488, 101.2804967 13.6780322, 101.283432 13.6803865, 101.2852614 13.6831042, 101.287221 13.6863591, 101.2890992 13.6891083, 101.2909287 13.6920786, 101.2929452 13.6953018, 101.2949779 13.6985169, 101.2969944 13.7017242, 101.2990759 13.7049235, 101.3008403 13.7077831, 101.3013526 13.7104846, 101.301751 13.7141972, 101.30210545496398 13.717105941669127, 101.302795784705 13.722546433110248)"
TH47-230,way/404291513-230,230.0,1027.7989492113718,45775.48,Al/St 240/40 2-bundle 220.0,"LINESTRING (101.302795784705 13.722546433110248, 101.30353268397965 13.727957772902107, 101.3036699 13.7289207, 101.3019787 13.73163, 101.3001573 13.7345129, 101.2983604 13.7373721, 101.2970025 13.7394652, 101.2971489 13.7431615, 101.297531 13.7455705, 101.2981409 13.7486665, 101.2988808 13.7527418, 101.301068 13.7556482, 101.3031495 13.758444, 101.3055969 13.7617846, 101.3081338 13.765149, 101.310199 13.7680078, 101.312557 13.7711193, 101.3148499 13.7742308, 101.3171347 13.7772949, 101.3195171 13.7805484, 101.3216799 13.783486, 101.3239647 13.7864868, 101.3251274 13.7904351, 101.3261682 13.7939254, 101.3272903 13.7978735, 101.3283554 13.8012531, 101.329445 13.8048143, 101.3326648 13.8063856, 101.335966 13.8080122, 101.3392346 13.8095677, 101.3424382 13.8111705, 101.3458938 13.8128602, 101.3493251 13.8145263, 101.352732 13.8161528, 101.356334 13.8178898, 101.3597164 13.8195242, 101.363164 13.8212612, 101.3665871 13.8229351, 101.3701647 13.8246089, 101.3737098 13.8263459, 101.3772467 13.8280592, 101.3803772 13.8296145, 101.3838247 13.8312883, 101.387321 13.8329147, 101.3910612 13.8347701, 101.3946226 13.8365227, 101.3981432 13.8382202, 101.401607 13.8400439, 101.4054123 13.8418913, 101.4084858 13.8433834, 101.4120228 13.845136, 101.4154621 13.8468018, 101.4192186 13.8464308, 101.4228288 13.846115, 101.4266178 13.8457992, 101.4305125 13.8454518, 101.4343747 13.8451281, 101.4382206 13.8447413, 101.4418552 13.8444413, 101.4454409 13.8441097, 101.4490592 13.8437781, 101.4527669 13.8434308, 101.4561981 13.843115, 101.4594424 13.8428702, 101.4629306 13.843936, 101.4665082 13.845136, 101.470037 13.846265, 101.4716794 13.8487755, 101.4737691 13.8518385, 101.4759726 13.8551068, 101.4781273 13.8580988, 101.4801438 13.8612249, 101.4821521 13.8641694, 101.48438 13.8675875, 101.4865753 13.8707687, 101.4902749 13.8717396, 101.4940964 13.8727658, 101.4979017 13.8737368, 101.5016338 13.8747235, 101.505244 13.8757102, 101.5074556 13.8762706, 101.5100168 13.8740762, 101.5127732 13.8732158, 101.5166679 13.8718738, 101.5203756 13.8706819, 101.5232865 13.8697188, 101.5250347 13.8698293, 101.5279293 13.8701056, 101.5309865 13.8678006, 101.5311573 13.8647851, 101.5312386 13.8630326, 101.5335884 13.8604512, 101.5349544 13.8569778, 101.5364098 13.853078, 101.5356374 13.8496518, 101.5349463 13.8468255, 101.5340356 13.8427597, 101.5362553 13.840107, 101.5386215 13.837328, 101.53931735377095 13.83720713035559, 101.5445436150557 13.839490268075805)"
TH38-500,way/658704544-500,500.0,4468.691083527704,17867.89,Al/St 240/40 4-bundle 380.0,"LINESTRING (100.69524033300786 14.3336067171205, 100.69712926381115 14.338488930144486, 100.7003954 14.3398091, 100.7022502 14.340036, 100.7037722 14.3411047, 100.7082398 14.3429315, 100.711672 14.344227, 100.7136193 14.3466329, 100.7133358 14.3502327, 100.7147962 14.3536236, 100.7164353 14.3575874, 100.7175568 14.3601782, 100.7188262 14.3632406, 100.7203359 14.36687, 100.7217532 14.3701173, 100.7231952 14.3736332, 100.7229672 14.3773281, 100.7228008 14.3809991, 100.7225851 14.3846939, 100.722277 14.3882573, 100.7220429 14.3917311, 100.7217964 14.3952169, 100.7224249 14.3988756, 100.7229302 14.4022776, 100.7234663 14.4056199, 100.7240394 14.409189, 100.7247312 14.4127642, 100.7234168 14.4162362, 100.7221147 14.4195526, 100.7208064 14.4228822, 100.7231427 14.4258509, 100.7238089 14.4269443, 100.7252044 14.428126, 100.7272661 14.4288934, 100.730639 14.4301023, 100.734559 14.4315148, 100.7372027 14.4325199, 100.7406738 14.4308086, 100.7437733 14.4291515, 100.7468378 14.4281668, 100.7497128 14.4272839, 100.7548834 14.4256647, 100.75622037823578 14.425256470381697, 100.76200318080451 14.422966751857553)"
way/155847885-500,TH71-500,500.0,4468.691083527704,12579.34,Al/St 240/40 4-bundle 380.0,"LINESTRING (101.19315990871247 12.987482205836553, 101.19913687751097 12.99087831038579, 101.199698 12.9929659, 101.2023477 12.9939806, 101.2056198 12.9953316, 101.2074068 12.9974931, 101.2105495 12.9982617, 101.2140249 12.9976492, 101.2164528 13.0002911, 101.2185171 13.0009395, 101.2212469 13.0017921, 101.2238165 13.0026147, 101.2247161 13.0064273, 101.225548 13.0102938, 101.2263306 13.013722, 101.2261026 13.0176845, 101.2257267 13.0230098, 101.2254864 13.0264678, 101.2238535 13.0298298, 101.2194476 13.0295776, 101.2175188 13.0334738, 101.2152388 13.033828, 101.2142036 13.0376101, 101.2134888 13.0404256, 101.2111657 13.0416983, 101.2091322 13.0427248, 101.2068645 13.0424367, 101.203044 13.0419204, 101.2024032 13.0453062, 101.2009982 13.0486919, 101.19912830195813 13.048815629858126, 101.1949594 13.049003975923274)"
way/250742034-500,way/261489769-500,500.0,4468.691083527704,287605.31,Al/St 240/40 4-bundle 380.0,"LINESTRING (99.51280117531321 11.422721957729243, 99.50590159007524 11.42976652843908, 99.5035518 11.4334526, 99.501907 11.436156, 99.4999455 11.4394388, 99.5004814 11.4428225, 99.5010921 11.4467786, 99.5034013 11.4485158, 99.5051495 11.4498626, 99.5070603 11.4530662, 99.5089821 11.4562373, 99.5108811 11.4594759, 99.5129732 11.4632718, 99.5143251 11.4664052, 99.5154301 11.4692231, 99.5154409 11.4730504, 99.5154087 11.4762783, 99.5153117 11.4805841, 99.5152354 11.4833997, 99.515064 11.4883693, 99.5149273 11.4916595, 99.5148529 11.4945035, 99.5151733 11.4982594, 99.5155951 11.5026102, 99.5158758 11.506073, 99.5162332 11.5094182, 99.517441 11.5127392, 99.5190431 11.517147, 99.5206576 11.5216392, 99.52221 11.5261131, 99.523258 11.5291141, 99.5267211 11.5323503, 99.5341647 11.5393585, 99.5351372 11.540611, 99.5368943 11.542682, 99.539771 11.5443993, 99.5422682 11.5459667, 99.5443213 11.5479615, 99.5463084 11.5498388, 99.5493446 11.5501226, 99.5527217 11.5505228, 99.556345 11.5510302, 99.5588961 11.5523221, 99.5628858 11.5542793, 99.5668016 11.5562002, 99.5703742 11.5579793, 99.5705938 11.5606341, 99.570874 11.5640829, 99.5724243 11.5657871, 99.574429 11.5679826, 99.5774556 11.5683683, 99.5796351 11.5703344, 99.5813572 11.5719655, 99.5861811 11.5735837, 99.5903293 11.5750804, 99.5940415 11.5764993, 99.5975951 11.5799179, 99.6000821 11.582344, 99.6020047 11.5842576, 99.6040748 11.586163, 99.6067463 11.5885488, 99.6103512 11.5917754, 99.6103512 11.5936462, 99.6103727 11.5954223, 99.6119437 11.5988292, 99.6134518 11.6021065, 99.6138186 11.604655, 99.6143209 11.6082756, 99.6146749 11.6110396, 99.6157907 11.6148334, 99.6169065 11.6188163, 99.6177541 11.6216538, 99.6189557 11.6255946, 99.6200501 11.6291045, 99.6211785 11.632486, 99.6212857 11.6360403, 99.621425 11.6396789, 99.6237313 11.641605, 99.6257054 11.6432337, 99.6289365 11.6446847, 99.629958 11.6451677, 99.630522 11.6471534, 99.6312966 11.6496008, 99.6302293 11.6531499, 99.6292536 11.656598, 99.6282887 11.6602473, 99.6276626 11.6628433, 99.6245613 11.6643683, 99.6205458 11.6663326, 99.6215564 11.6703759, 99.622525 11.6743438, 99.6235652 11.6781364, 99.625621 11.6810677, 99.6279526 11.6844243, 99.6306191 11.6846097, 99.6334123 11.6847984, 99.637282 11.6871518, 99.6410774 11.6894734, 99.644825 11.6912909, 99.6484231 11.6930413, 99.6486696 11.6941878, 99.6493351 11.6971687, 99.6500056 11.7005352, 99.6505424 11.7031825, 99.6530324 11.7066542, 99.65553 11.7102147, 99.6578099 11.7134971, 99.6601392 11.7152348, 99.6625055 11.7169122, 99.6627026 11.72081, 99.6630231 11.724768, 99.6632819 11.7284243, 99.6634451 11.7316428, 99.6636192 11.7342255, 99.6637589 11.7372934, 99.6639191 11.7391517, 99.664141 11.7426026, 99.6643998 11.7459691, 99.6645846 11.7494079, 99.6648558 11.752533, 99.6651023 11.7564061, 99.6672713 11.7586503, 99.6704386 11.7617029, 99.6735567 11.7647433, 99.6762926 11.7674942, 99.6792997 11.7703537, 99.6818508 11.7729356, 99.6847593 11.7757949, 99.6865094 11.7794264, 99.6864601 11.7830699, 99.6874214 11.7848313, 99.6891557 11.7883913, 99.6904753 11.791227, 99.6920632 11.7947663, 99.6932755 11.7974444, 99.6944128 11.7998179, 99.6954106 11.8030945, 99.6964298 11.8066862, 99.6976744 11.8105403, 99.6986936 11.8142264, 99.6979855 11.8173874, 99.6971701 11.8208003, 99.6962796 11.8245703, 99.6953999 11.8285397, 99.6943162 11.8325195, 99.693415 11.8365308, 99.6946596 11.8406156, 99.6956788 11.8440492, 99.6967517 11.8476298, 99.6976315 11.8506224, 99.6988224 11.8542659, 99.6998845 11.8574999, 99.7011183 11.8613744, 99.7021268 11.8649023, 99.7046159 11.8671597, 99.7066222 11.8690601, 99.7094868 11.8716009, 99.7120725 11.8740158, 99.7148191 11.8763991, 99.7149263 11.8804307, 99.7149907 11.8844833, 99.7151516 11.8884414, 99.7155164 11.8921159, 99.7158812 11.8959479, 99.7163318 11.9000737, 99.7167073 11.9040735, 99.7171043 11.9079578, 99.7174369 11.911737, 99.7179733 11.9159256, 99.7196685 11.9174688, 99.7218464 11.9194948, 99.7238956 11.9213843, 99.7241961 11.9249324, 99.7245716 11.9283126, 99.7225116 11.9308738, 99.7204624 11.9334876, 99.7181986 11.9363743, 99.7184025 11.9402581, 99.7187565 11.9442048, 99.718896 11.948183, 99.7191213 11.9517412, 99.7193573 11.9560342, 99.7225848 11.9578155, 99.7252046 11.9592615, 99.7288095 11.9612767, 99.7322212 11.963124, 99.7334631 11.9644376, 99.7362096 11.9677475, 99.7389277 11.9708774, 99.74149 11.9737441, 99.7447476 11.9776023, 99.746813 11.9801976, 99.7492139 11.9832144, 99.7516121 11.98618, 99.7531552 11.989185, 99.7545284 11.9923147, 99.7558875 11.9954304, 99.7575721 11.9993216, 99.7591435 12.0029634, 99.760361 12.0058436, 99.7618616 12.0093193, 99.7634189 12.0129748, 99.764877 12.0163811, 99.7661936 12.020092, 99.767496 12.0241766, 99.7686144 12.0275966, 99.7700018 12.0316673, 99.7713462 12.035722, 99.7721678 12.0383409, 99.7729747 12.0406946, 99.7740887 12.0441736, 99.7740927 12.0488988, 99.7744424 12.0507321, 99.7755266 12.0537947, 99.7768438 12.0576592, 99.7781884 12.0620319, 99.7792924 12.0659513, 99.7801544 12.0699139, 99.7807586 12.072836, 99.7784786 12.0764153, 99.7762109 12.080344, 99.7744856 12.0832122, 99.7730313 12.0855622, 99.7719714 12.0871891, 99.7729697 12.0904669, 99.7730683 12.0925276, 99.7752373 12.0959138, 99.7775094 12.0992395, 99.7799452 12.1029754, 99.781917 12.1061928, 99.7843572 12.1101331, 99.7863661 12.1133745, 99.7883256 12.1165798, 99.7880193 12.1191862, 99.7877103 12.1218811, 99.78723 12.1252015, 99.7866384 12.1290237, 99.7859286 12.1336311, 99.7853363 12.1380863, 99.7848964 12.1415896, 99.7844136 12.1451977, 99.7837913 12.1493827, 99.7831047 12.1534102, 99.782576 12.1568111, 99.7818532 12.1613906, 99.7812416 12.1655596, 99.7810051 12.1675752, 99.7804654 12.1718118, 99.7799321 12.1755074, 99.7761655 12.1792568, 99.7727978 12.1828818, 99.7699263 12.1858092, 99.7671164 12.1886401, 99.7667466 12.1919408, 99.7663523 12.195386, 99.7660935 12.1983372, 99.7662015 12.1986167, 99.7674121 12.2017462, 99.7685213 12.2051792, 99.7696551 12.2089736, 99.7708752 12.2126836, 99.7713667 12.2141791, 99.7720707 12.2163212, 99.7732292 12.2196095, 99.774745 12.2240782, 99.7759035 12.2273061, 99.7773454 12.2313651, 99.7785409 12.2347617, 99.7813385 12.2372307, 99.7847646 12.2404104, 99.7877471 12.2433611, 99.7906433 12.2461312, 99.79052 12.2479378, 99.7903721 12.2509607, 99.7902242 12.2556577, 99.790027 12.2590539, 99.7899161 12.2619081, 99.7898422 12.2656896, 99.7905693 12.2690977, 99.7913211 12.2722288, 99.7925905 12.2771421, 99.7939708 12.2827297, 99.7958727 12.2895549, 99.7959886 12.2932219, 99.7961118 12.2971956, 99.7961981 12.3007237, 99.797714 12.3052632, 99.7992052 12.3099712, 99.8005486 12.3141253, 99.8004993 12.3177134, 99.8004623 12.3219275, 99.8006102 12.3260814, 99.8007211 12.3285376, 99.8008443 12.3322579, 99.8009429 12.3363394, 99.800869 12.3403124, 99.8010764 12.3470023, 99.8012032 12.3481833, 99.8014943 12.3508949, 99.8019782 12.3546871, 99.8023725 12.3582385, 99.8029641 12.3629215, 99.8034804 12.3673672, 99.8038884 12.3714325, 99.8067723 12.3739364, 99.8093727 12.3762718, 99.8122319 12.3789803, 99.8145488 12.3809665, 99.8140066 12.3845898, 99.8134643 12.3886945, 99.8130823 12.3923658, 99.8126509 12.3958084, 99.8121086 12.3998046, 99.811628 12.4035119, 99.8112706 12.4067136, 99.8108351 12.4103158, 99.8092374 12.4145929, 99.8081282 12.4181074, 99.8071177 12.4214413, 99.805799 12.42575, 99.8042799 12.4302749, 99.8032693 12.4336429, 99.8023705 12.4368613, 99.8009186 12.4420576, 99.8000805 12.4449941, 99.7987372 12.4495311, 99.8001422 12.4519259, 99.8014978 12.4541523, 99.8002407 12.4570405, 99.7994397 12.4590622, 99.798158 12.4621068, 99.7971597 12.4647662, 99.7983182 12.4684966, 99.7995136 12.4730332, 99.7995807 12.4755718, 99.7996468 12.480397, 99.7997601 12.4845489, 99.7998464 12.4884354, 99.7999203 12.4924423, 99.7999943 12.4960881, 99.802151 12.4980012, 99.8048551 12.49995, 99.8073569 12.5027294, 99.8077513 12.507097, 99.8079115 12.5090609, 99.8080594 12.5108749, 99.8083675 12.5147611, 99.8087058 12.5185611, 99.80874 12.5225996, 99.8089344 12.5263591, 99.8056192 12.5304255, 99.8014413 12.5304375, 99.8003445 12.5312796, 99.7983233 12.5334572, 99.7976825 12.5363324, 99.7948849 12.538955, 99.7947863 12.5415175, 99.7961206 12.5451039, 99.7968716 12.5472612, 99.7978801 12.5482875, 99.7997899 12.5504344, 99.7991676 12.5529687, 99.799865 12.5557544, 99.8015387 12.5576813, 99.8039634 12.560425, 99.8078472 12.5617549, 99.8115158 12.5632209, 99.8129213 12.5658599, 99.811827 12.5695773, 99.8106897 12.5732215, 99.8089946 12.5767608, 99.8075676 12.5798918, 99.8039627 12.5813577, 99.8003042 12.582876, 99.7968924 12.5842792, 99.7934485 12.5856928, 99.7929657 12.5890435, 99.7926653 12.5913366, 99.7901869 12.5948129, 99.7878158 12.5981216, 99.7857344 12.6011161, 99.7859705 12.6047703, 99.7861421 12.6086233, 99.7865176 12.6126961, 99.7868717 12.6165909, 99.7873223 12.620381, 99.7876656 12.624485, 99.7879982 12.6284739, 99.7883737 12.632337, 99.7887278 12.6359907, 99.788996 12.6398014, 99.7881055 12.6428687, 99.7826939 12.6463774, 99.7798216 12.6487334, 99.7786833 12.6512087, 99.7777062 12.6534772, 99.7766975 12.6558011, 99.77652 12.6594554, 99.7763239 12.6627087, 99.776053 12.6673744, 99.7756981 12.6713293, 99.7736059 12.6726141, 99.7713176 12.674063, 99.7689639 12.6755119, 99.7671707 12.6787741, 99.7652746 12.6821456, 99.7621177 12.6846514, 99.7589141 12.6871117, 99.7559066 12.6893805, 99.7540947 12.6927519, 99.7526677 12.6955683, 99.7510422 12.6987074, 99.7494026 12.7018774, 99.7449728 12.7111666, 99.7452446 12.7143541, 99.7455447 12.717872, 99.7458371 12.7219402, 99.7457722 12.7231579, 99.7450298 12.7264862, 99.7442306 12.7304237, 99.7434903 12.7344737, 99.7428036 12.7382829, 99.7420633 12.7420606, 99.7413338 12.746079, 99.7406364 12.749616, 99.7398317 12.7536133, 99.739188 12.7571292, 99.7386087 12.7605195, 99.7376645 12.765448, 99.7370744 12.7679174, 99.7343922 12.771904, 99.7353364 12.7750429, 99.7345746 12.7783075, 99.7337572 12.7816429, 99.7330661 12.7847433, 99.7322693 12.7880181, 99.7316757 12.7920858, 99.7312366 12.795424, 99.7304642 12.8004985, 99.7298462 12.8049148, 99.7292039 12.8091567, 99.7286673 12.8127562, 99.7280656 12.8168314, 99.7274883 12.8207321, 99.7257239 12.8226983, 99.7239351 12.8247834, 99.722317 12.8283035, 99.7209998 12.8310703, 99.7194655 12.8343245, 99.7181244 12.8371594, 99.7160324 12.8394367, 99.7152652 12.8415463, 99.7150158 12.842589, 99.7142854 12.8445802, 99.7123796 12.8475708, 99.7106424 12.8503299, 99.7089799 12.852916, 99.7074881 12.8552299, 99.7070372 12.8582157, 99.7065235 12.8616212, 99.7060751 12.8645987, 99.7057684 12.8666538, 99.7054867 12.8685414, 99.7049263 12.8720652, 99.70445 12.8749333, 99.7056362 12.8780564, 99.7069718 12.8819806, 99.7080552 12.8850216, 99.7092414 12.8883995, 99.7104463 12.8917045, 99.7106517 12.8953645, 99.7108105 12.8991246, 99.7109506 12.9033307, 99.7111468 12.9068358, 99.7112308 12.9101406, 99.712828 12.9131721, 99.7146679 12.9165951, 99.7163491 12.9198997, 99.7172738 12.9217933, 99.7186935 12.9245607, 99.7202999 12.9276467, 99.7201131 12.9298133, 99.7231673 12.9321528, 99.7224762 12.9337276, 99.7219251 12.936941, 99.7212713 12.9408825, 99.7205895 12.9449332, 99.7199077 12.9489201, 99.7192819 12.9529798, 99.7186001 12.956739, 99.718021 12.9602525, 99.7181585 12.9636471, 99.7182452 12.9674885, 99.7182732 12.971111, 99.7183572 12.9755526, 99.7185254 12.980349, 99.718544 12.9822785, 99.7185907 12.9856186, 99.7186655 12.9874662, 99.7187775 12.9917709, 99.7188056 12.9959391, 99.7188523 12.9999525, 99.7190017 13.0042298, 99.7191605 13.00797, 99.7192352 13.0099266, 99.7192072 13.0133937, 99.7218317 13.0161238, 99.7243068 13.0185444, 99.7242601 13.0211287, 99.7241667 13.0248141, 99.7240546 13.028636, 99.7217196 13.0306925, 99.7193286 13.0327944, 99.7162838 13.0353787, 99.7132669 13.0379174, 99.7099399 13.0407457, 99.7067642 13.0434319, 99.7038245 13.0458881, 99.7020543 13.0492536, 99.7003591 13.05241, 99.6986425 13.0557545, 99.6967113 13.0593707, 99.6951342 13.0624016, 99.6933746 13.0659863, 99.691422 13.0694874, 99.6895766 13.0729153, 99.6874738 13.0770329, 99.6857357 13.0801576, 99.6843195 13.0829374, 99.6825492 13.0863442, 99.6805644 13.0900226, 99.6792126 13.0926351, 99.6774208 13.0959843, 99.6761978 13.0982258, 99.6759617 13.1021444, 99.675715 13.1061047, 99.6754253 13.1099083, 99.6751463 13.1136908, 99.6748996 13.1176719, 99.6746206 13.1217051, 99.6743095 13.1258323, 99.6741056 13.128831, 99.673934 13.1317252, 99.6736014 13.1364792, 99.6734083 13.140021, 99.6732044 13.1434897, 99.6730327 13.148118, 99.6728074 13.1521717, 99.6727753 13.152952, 99.6726358 13.1563402, 99.6723783 13.1599967, 99.6722495 13.1641023, 99.6720457 13.1680826, 99.6719062 13.171415, 99.6717131 13.1755101, 99.6715522 13.1787902, 99.6713698 13.1818144, 99.6726363 13.1843525, 99.6740413 13.187168, 99.6757686 13.1903749, 99.6775818 13.1939473, 99.6790516 13.1968825, 99.6790731 13.2007578, 99.679116 13.2048836, 99.6791804 13.2087379, 99.6792126 13.2119758, 99.6792877 13.2157672, 99.679234 13.2192453, 99.6792984 13.2236737, 99.6793628 13.2277679, 99.6794057 13.231486, 99.6794057 13.2349743, 99.6794486 13.2385252, 99.6794379 13.2422431, 99.679513 13.2463578, 99.6795988 13.2509111, 99.679631 13.2545766, 99.6796095 13.2590358, 99.6796954 13.2632442, 99.6797275 13.2674108, 99.6797919 13.2713789, 99.679867 13.2756289, 99.6799099 13.2796908, 99.6799528 13.283429, 99.6799636 13.2877206, 99.6800172 13.2917197, 99.6800494 13.295583, 99.6800816 13.2981515, 99.6801621 13.3022653, 99.6801674 13.3053453, 99.6801674 13.308937, 99.6781933 13.3127687, 99.6762836 13.3164437, 99.6755111 13.3180098, 99.6727002 13.3232821, 99.6713805 13.3259025, 99.672271 13.3297444, 99.6729791 13.3329389, 99.6739554 13.3370208, 99.674685 13.3403196, 99.6756077 13.3440047, 99.6763265 13.3472826, 99.6755648 13.3508736, 99.6746635 13.3548612, 99.673773 13.3589218, 99.6729362 13.3627214, 99.6721744 13.3659886, 99.6714127 13.3689113, 99.6708441 13.3719801, 99.6698999 13.3761865, 99.6690738 13.3801007, 99.6671426 13.3827205, 99.6651256 13.3856012, 99.6628511 13.3886594, 99.6605658 13.3916757, 99.6579802 13.3932517, 99.6547615 13.3951199, 99.6514463 13.3970716, 99.6514356 13.3991277, 99.6515107 13.4012464, 99.6503413 13.4034902, 99.6489358 13.4062037, 99.6453094 13.4077379, 99.6414578 13.4094599, 99.6390974 13.4104305, 99.6380782 13.4132378, 99.6366942 13.4169009, 99.6356213 13.4198334, 99.6342158 13.4238094, 99.6349668 13.4272532, 99.6360075 13.4311978, 99.6369302 13.4351111, 99.6379387 13.4392329, 99.6388721 13.4431878, 99.6384001 13.4467148, 99.6379387 13.4499391, 99.6374774 13.4531425, 99.637016 13.4562623, 99.6364689 13.45981, 99.6368658 13.4634515, 99.6364903 13.4672807, 99.6361577 13.4701917, 99.6350312 13.4738122, 99.6339691 13.4770153, 99.6341729 13.4805835, 99.6343017 13.4844646, 99.6344948 13.4886274, 99.6347308 13.492571, 99.6349454 13.4962746, 99.6350849 13.5000198, 99.6352458 13.5036294, 99.6354282 13.5076875, 99.6336794 13.5111196, 99.6318233 13.5147499, 99.6302783 13.5177647, 99.6285081 13.5212175, 99.629184 13.5241905, 99.6298492 13.5271425, 99.630686 13.5306265, 99.6316838 13.5349554, 99.6318662 13.5380011, 99.6320271 13.5412972, 99.6321934 13.5442804, 99.6323061 13.5461109, 99.6325743 13.549798, 99.6327352 13.5538866, 99.6329766 13.5579439, 99.6338832 13.5712624, 99.6353531 13.5747041, 99.6365493 13.5772018, 99.6379709 13.5802784, 99.6398002 13.5815768, 99.6401811 13.5849974, 99.642123 13.5890228, 99.643861 13.5928083, 99.6456098 13.5965625, 99.6474123 13.6003166, 99.6490109 13.6038308, 99.6508241 13.6075848, 99.6525407 13.6113075, 99.6542358 13.6148736, 99.6559203 13.6184711, 99.6577227 13.6222457, 99.6594715 13.6259577, 99.6611345 13.6296122, 99.6628833 13.6333554, 99.66289524002781 13.633380230365734, 99.66651463368606 13.6380910379675)"
TH20-230,way/382334126-230,230.0,1027.7989492113718,19519.13,Al/St 240/40 2-bundle 220.0,"LINESTRING (102.57167479999995 16.45265947292848, 102.57593939292371 16.45249148125944, 102.5796863 16.4523858, 102.583416 16.4522726, 102.5865126 16.4521736, 102.5901067 16.452054, 102.5936714 16.4519427, 102.5973152 16.4518456, 102.6007806 16.4504063, 102.6039483 16.4490995, 102.6075518 16.4476178, 102.6112868 16.4460782, 102.615093 16.4445154, 102.6179655 16.4433359, 102.6209642 16.4420947, 102.6244873 16.4406554, 102.6278166 16.4392893, 102.6312371 16.4378654, 102.6346917 16.4364312, 102.6380485 16.4350651, 102.6414925 16.4336541, 102.6448372 16.4322867, 102.6483308 16.430837, 102.6517037 16.4294568, 102.655165 16.4280302, 102.6587002 16.4265689, 102.6618853 16.4252298, 102.665281 16.4238058, 102.668799 16.4223823, 102.6722306 16.4209937, 102.6758784 16.4207712, 102.6795785 16.4205357, 102.683351 16.420299, 102.6870954 16.4200546, 102.6907459 16.4198578, 102.694437 16.4195918, 102.6981383 16.4193565, 102.7018646 16.4191361, 102.7055815 16.4189008, 102.7090593 16.4186923, 102.7127048 16.418451, 102.7164465 16.4182216, 102.7201976 16.4179655, 102.7236847 16.4177361, 102.7274295 16.4175217, 102.7313421 16.4172685, 102.7348975 16.4170362, 102.7385492 16.4168128, 102.74040921929365 16.4166848411889, 102.74623393044122 16.41590334232871)"
way/659650667-230,TH20-230,230.0,513.8994746056859,3497.2,Al/St 240/40 2-bundle 220.0,"LINESTRING (102.57167479999995 16.45265947292848, 102.57280598463076 16.456430167455075, 102.5745284 16.4586199, 102.5772804 16.4620256, 102.5799036 16.4651894, 102.5825697 16.4683687, 102.58291513795635 16.468798503776497, 102.5863728780741 16.473232925631972)"
TH24-230,TH23-230,230.0,1027.7989492113718,17958.82,Al/St 240/40 2-bundle 220.0,"LINESTRING (104.69694969999999 15.339722773717668, 104.7016066137847 15.337955712568142, 104.7019118 15.3378397, 104.7039168 15.3370727, 104.7056843 15.3363885, 104.7076918 15.3356173, 104.7096969 15.3348469, 104.7116764 15.3340915, 104.7136559 15.3333233, 104.7156494 15.332566, 104.7176778 15.3317751, 104.7196573 15.331025, 104.7217682 15.3302166, 104.7237691 15.3294561, 104.7257043 15.3287111, 104.7275081 15.3280165, 104.729434 15.3272793, 104.7314134 15.3265123, 104.7336088 15.3256677, 104.7357747 15.3245774, 104.7377542 15.3235969, 104.7397189 15.3226036, 104.741642 15.3216348, 104.7435511 15.3206802, 104.7454883 15.3197095, 104.7474021 15.3187485, 104.7493333 15.3177836, 104.751241 15.3168335, 104.7530052 15.3159462, 104.7548828 15.3150045, 104.7567744 15.3140545, 104.7586901 15.3130921, 104.7604128 15.3122268, 104.7623996 15.3112334, 104.7643261 15.3102736, 104.7662728 15.3092905, 104.7681912 15.3083333, 104.7701371 15.3073476, 104.772061 15.3063917, 104.7739881 15.3054196, 104.7759227 15.3044553, 104.7779377 15.3034457, 104.78029 15.3029373, 104.7823338 15.3024885, 104.7844568 15.3020279, 104.7865543 15.3015817, 104.7884251 15.3011742, 104.7907164 15.3006747, 104.7928575 15.3002079, 104.7946908 15.2998043, 104.7965817 15.2993839, 104.7986725 15.2989428, 104.8006761 15.2985107, 104.802838 15.298023, 104.804855 15.297591, 104.8069485 15.2971395, 104.8092471 15.2966253, 104.8114894 15.296126, 104.813595 15.2956823, 104.8155141 15.2952606, 104.8177108 15.294791, 104.8198231 15.2943253, 104.821718 15.2939217, 104.8237981 15.2934699, 104.8258808 15.2930175, 104.8279783 15.2925582, 104.8300678 15.2921042, 104.8321921 15.291641, 104.8342171 15.2911986, 104.8354375 15.2909334, 104.8363143 15.2907426, 104.8385663 15.2902524, 104.8408636 15.2897524, 104.8429705 15.2893138, 104.8450707 15.2888455, 104.8471548 15.2883914, 104.849263 15.2879477, 104.8515388 15.2874264, 104.8533352 15.2859523, 104.854667 15.2848611, 104.8562099 15.28357, 104.8571008397633 15.282842379269399, 104.85916569999999 15.277745073767056)"
way/860769774-230,way/404604266-230,230.0,1027.7989492113718,40362.01,Al/St 240/40 2-bundle 220.0,"LINESTRING (104.69827689307591 15.32790827989779, 104.69582315742775 15.323234089304249, 104.6955228 15.3220448, 104.6946001 15.3187491, 104.6935809 15.3148222, 104.6925026 15.3109158, 104.6914244 15.3073147, 104.6903139 15.3035582, 104.6902817 15.3002001, 104.6901905 15.2966143, 104.6900833 15.2929715, 104.6900403 15.2894374, 104.6899223 15.2854788, 104.6898472 15.2817013, 104.6897936 15.2780272, 104.6897507 15.2742754, 104.6896595 15.2706011, 104.6895039 15.2668389, 104.6894342 15.2635527, 104.6908933 15.2601939, 104.6923524 15.2567989, 104.693833 15.2534608, 104.6952814 15.2501847, 104.6968317 15.2466291, 104.6982425 15.2432856, 104.6997607 15.2399059, 104.7026038 15.2382755, 104.7053826 15.2366658, 104.7086549 15.2347922, 104.7119969 15.2328926, 104.7152638 15.2310137, 104.7173828 15.2280013, 104.7195822 15.2246472, 104.7217548 15.2214535, 104.7239488 15.2182079, 104.7261107 15.2150866, 104.728058 15.2120998, 104.7300696 15.209232, 104.7321939 15.2060692, 104.734211 15.2030822, 104.7362709 15.1999607, 104.7384006 15.196953, 104.7404015 15.1939866, 104.7418767 15.1918278, 104.7434592 15.1894568, 104.743427 15.1854394, 104.7433841 15.1816394, 104.7433412 15.1776477, 104.7433466 15.1738475, 104.7432822 15.1699489, 104.7432178 15.1661745, 104.7432554 15.1623379, 104.7460341 15.1591846, 104.7485018 15.1564352, 104.7510767 15.1536185, 104.7530883 15.1513764, 104.7556257 15.1485751, 104.7574818 15.1464625, 104.7607595 15.1466437, 104.7639352 15.1468664, 104.7669339 15.1470114, 104.7701687 15.1472548, 104.7733605 15.1448366, 104.7747874 15.1437492, 104.7782958 15.1436094, 104.7818041 15.1434747, 104.7857684 15.1433505, 104.7898775 15.1431796, 104.7938365 15.1429984, 104.7976506 15.1428637, 104.8015934 15.142698, 104.8055899 15.1425737, 104.8095596 15.1423718, 104.8120701 15.1394824, 104.814468 15.1367482, 104.8158789 15.1351378, 104.8185289 15.1321033, 104.8223805 15.1319583, 104.826495 15.1317615, 104.8306203 15.1315336, 104.8335117 15.1295762, 104.835341 15.1283489, 104.8383397 15.1290324, 104.8414081 15.1280537, 104.8452866 15.1268057, 104.8490417 15.1256198, 104.8528612 15.1243873, 104.8565465 15.1231962, 104.8602641 15.121943, 104.8630321 15.121047, 104.866181 15.1218653, 104.8690188 15.1225696, 104.8716474 15.1232687, 104.8747373 15.1240869, 104.8778433 15.1248844, 104.88074 15.1271216, 104.8839587 15.1296176, 104.8872793 15.1320618, 104.8901224 15.1344853, 104.8935825 15.1370382, 104.8965114 15.1378046, 104.8979437 15.1403212, 104.8968226 15.1429362, 104.8959374 15.1451162, 104.8957604 15.1480625, 104.89575619615069 15.148084241816887, 104.89105758219041 15.153346697491855)"
way/1415498617-500,TH83-500,500.0,4468.691083527704,72264.03,Al/St 240/40 4-bundle 380.0,"LINESTRING (99.27636599999998 8.584951482329537, 99.27633655607337 8.580526020643203, 99.2763988 8.576898, 99.2766074 8.5686111, 99.280248 8.5574422, 99.2820774 8.5540795, 99.2879319 8.542934, 99.2897344 8.5394168, 99.2916924 8.5357298, 99.2935377 8.532255, 99.2948306 8.5298465, 99.2947876 8.5256184, 99.2948413 8.5219048, 99.2948949 8.5177455, 99.2949539 8.5142228, 99.2949915 8.5097557, 99.2950505 8.5051081, 99.2951471 8.5012086, 99.2951631 8.4979564, 99.2966706 8.4946245, 99.2983174 8.4909636, 99.2999965 8.4873982, 99.2991275 8.4841458, 99.298076 8.4802143, 99.2970943 8.4765162, 99.2962736 8.4733751, 99.295088 8.4688598, 99.2940634 8.464615, 99.2940903 8.4610547, 99.2941654 8.4569956, 99.2942405 8.4529788, 99.2943639 8.4488931, 99.294439 8.4451734, 99.294498 8.4421435, 99.2945784 8.4378932, 99.2946643 8.4338656, 99.2947555 8.4305916, 99.2948735 8.4267178, 99.2949861 8.4226583, 99.2995351 8.4182539, 99.3025446 8.4154466, 99.3050444 8.4129897, 99.3076837 8.4105008, 99.3101513 8.4081765, 99.3128282 8.4055867, 99.3122542 8.4020577, 99.3116802 8.398449, 99.3110686 8.3944848, 99.3104517 8.3907487, 99.3098348 8.3867578, 99.3092126 8.3828571, 99.3109721 8.3790996, 99.312737 8.3754005, 99.314459 8.3717279, 99.3162185 8.3680288, 99.3178707 8.36451, 99.3196195 8.360832, 99.3213576 8.3572282, 99.3215722 8.3534865, 99.321835 8.3499994, 99.3221515 8.3461939, 99.3224037 8.3423193, 99.3227148 8.3384235, 99.3229401 8.3351274, 99.3232083 8.3315181, 99.3246996 8.3277071, 99.3261373 8.3239332, 99.3275481 8.3203715, 99.3289053 8.3168417, 99.3302518 8.3133862, 99.3315124 8.3100846, 99.333052 8.3061778, 99.3345058 8.3023506, 99.3359756 8.2986508, 99.3384916 8.2959383, 99.3413025 8.2929284, 99.3441242 8.2899664, 99.3465221 8.2874184, 99.3485713 8.2852207, 99.3517095 8.2818711, 99.354322 8.2790204, 99.3560761 8.2781498, 99.358179 8.2771306, 99.3618321 8.275384, 99.3656355 8.2735526, 99.3692458 8.2718963, 99.373033 8.2701391, 99.3757206 8.2687854, 99.3784672 8.2674264, 99.3824208 8.2657383, 99.4060242 8.2559808, 99.4095862 8.25442, 99.4169462 8.2515532, 99.4201273 8.2504277, 99.4239521 8.2490792, 99.4278574 8.2477042, 99.429853 8.2470141, 99.4355929 8.2478582, 99.4397128 8.248559, 99.4429314 8.2489678, 99.4461608 8.2494349, 99.4494492 8.2498809, 99.4537622 8.2485483, 99.4580859 8.2471893, 99.4615996 8.2467699, 99.4642979 8.2464938, 99.468407 8.2460372, 99.4724464 8.2456072, 99.4760299 8.2452303, 99.4792914 8.2448799, 99.4824833 8.2438765, 99.4849884 8.2426342, 99.4872898 8.2416732, 99.4902563 8.241498, 99.4944084 8.2413759, 99.4975358 8.241291, 99.5011997 8.2411689, 99.5051908 8.2390134, 99.5078516 8.2375587, 99.5191866 8.2365659, 99.524712 8.2306463, 99.5286977 8.2264626, 99.5307147 8.2243389, 99.5346576 8.22307, 99.5379782 8.2219922, 99.5407194 8.2211003, 99.5443135 8.2199641, 99.5457727 8.2174421, 99.5478058 8.2135557, 99.5496404 8.2104815, 99.5516521 8.2068923, 99.5534223 8.2037704, 99.5551443 8.2007811, 99.5566249 8.1980307, 99.5608145 8.19699, 99.5646125 8.1960927, 99.5689309 8.1949565, 99.5728522 8.1939423, 99.5746225 8.1906131, 99.5764679 8.1870344, 99.5784098 8.1833441, 99.5802444 8.1798609, 99.5838278 8.1793936, 99.5880282 8.1789582, 99.5920944 8.1784856, 99.5964074 8.1779759, 99.6005273 8.177482, 99.6025926 8.1737014, 99.6044379 8.1703455, 99.6065462 8.1665435, 99.6084505 8.1630761, 99.6101135 8.1600812, 99.6120554 8.1565818, 99.61146 8.1527213, 99.6119589 8.1512345, 99.6127742 8.1489617, 99.6153867 8.147289, 99.6186483 8.1451224, 99.621368 8.1432744, 99.6244419 8.1412724, 99.6274084 8.1393075, 99.6305251 8.1373002, 99.6339261 8.1369869, 99.6382445 8.1366152, 99.641785 8.1362912, 99.6458244 8.1359514, 99.6498048 8.1356115, 99.652589 8.1341352, 99.656623 8.1327067, 99.65942665941472 8.13162596796089, 99.66605530740028 8.129027977394731)"
way/404291513-230,way/1364467990-230,230.0,1027.7989492113718,48964.41,Al/St 240/40 2-bundle 220.0,"LINESTRING (101.5445436150557 13.839490268075805, 101.55062793003584 13.840300352609265, 101.5512499 13.8401594, 101.5550643 13.8404346, 101.556802 13.8420441, 101.5592668 13.8444912, 101.5623047 13.8473511, 101.564178 13.8491699, 101.566723 13.8516169, 101.5695959 13.8543097, 101.5736627 13.8543384, 101.5770451 13.8543384, 101.5812001 13.85437, 101.5850135 13.8544094, 101.5891115 13.8544094, 101.5918841 13.8553962, 101.5955024 13.8567856, 101.5991044 13.8581119, 101.6079915 13.8613406, 101.6111219 13.8625648, 101.6136228 13.8647256, 101.6160747 13.8669675, 101.6184443 13.8690698, 101.620515 13.8711061, 101.6241521 13.8728403, 101.6276443 13.8745069, 101.630922 13.8760432, 101.6344142 13.8776524, 101.6373646 13.8790273, 101.6408354 13.8806573, 101.6440433 13.882204, 101.6468918 13.8846673, 101.6496491 13.8870472, 101.652782 13.8868961, 101.6566926 13.886641, 101.6601098 13.886417, 101.6633069 13.8862816, 101.666649 13.8860681, 101.6701037 13.885865, 101.6733223 13.8878752, 101.6766858 13.8899061, 101.6800439 13.8919214, 101.683386 13.893968, 101.686449 13.895098, 101.689893 13.8964415, 101.6931492 13.8976861, 101.6965127 13.899014, 101.6997474 13.9002637, 101.7031646 13.9015187, 101.7064369 13.9027059, 101.7100739 13.9041327, 101.7133301 13.9053877, 101.7166293 13.9066009, 101.7195475 13.9077621, 101.7233133 13.9091733, 101.7268538 13.9105636, 101.7302978 13.9118549, 101.7336506 13.9130994, 101.7373306 13.9145209, 101.7405921 13.9158018, 101.7441916 13.9171869, 101.7477536 13.9185719, 101.751321 13.9198737, 101.7536759 13.9226645, 101.7560899 13.9256012, 101.7586219 13.928569, 101.7608964 13.9313441, 101.7633158 13.9343379, 101.7658961 13.9373785, 101.7680043 13.9399141, 101.7704773 13.942939, 101.7738622 13.9447977, 101.7772525 13.9465418, 101.7803585 13.9483171, 101.7835665 13.9499883, 101.7869621 13.9517844, 101.7903578 13.9536378, 101.7936999 13.9554652, 101.7969936 13.9572248, 101.7999923 13.9588074, 101.8030608 13.9604734, 101.8057913 13.9620091, 101.8070304 13.9648672, 101.8082911 13.9680115, 101.8097019 13.9715045, 101.8112093 13.9750288, 101.8124646 13.9782927, 101.8138057 13.9816555, 101.8150556 13.9847579, 101.8162304 13.9877042, 101.815002 13.9908846, 101.8135965 13.9942368, 101.8122715 13.9974692, 101.810925 14.0008733, 101.809482 14.0043086, 101.8082643 14.0073587, 101.8069071 14.0107211, 101.8055123 14.0141094, 101.8041873 14.01743, 101.8040425 14.0199855, 101.8011671 14.0203498, 101.7985547 14.0228792, 101.7984010582802 14.023018302873309, 101.79242226967868 14.028084812249059)"
way/658003586-230,way/652927503-230,230.0,1027.7989492113718,51957.07,Al/St 240/40 2-bundle 220.0,"LINESTRING (103.71150195563028 17.36964605791655, 103.71720991338658 17.366773742254683, 103.7176484 17.3665056, 103.7202951 17.3648602, 103.7229699 17.3632224, 103.7256239 17.3615891, 103.7282605 17.3600263, 103.7308878 17.358384, 103.7333567 17.3570195, 103.7360618 17.3554885, 103.738119 17.3543403, 103.7407503 17.3528721, 103.7431964 17.3514883, 103.7455608 17.3501686, 103.7481089 17.3487362, 103.7506543 17.3473076, 103.7531608 17.3459148, 103.7557411 17.3444619, 103.7582651 17.3430441, 103.7607783 17.3416309, 103.7636161 17.3400332, 103.766419 17.3384676, 103.7689255 17.3370626, 103.7714495 17.3356666, 103.7741357 17.3341444, 103.7766201 17.3327548, 103.779083 17.3313811, 103.7813106 17.3301265, 103.7834899 17.3288975, 103.7854265 17.3264842, 103.7873536 17.3241017, 103.7889723 17.3221032, 103.7909035 17.3197199, 103.7927127 17.3174646, 103.794542 17.3151741, 103.7962881 17.3129886, 103.7979645 17.3109093, 103.7997454 17.3087033, 103.8015291 17.3065228, 103.8033758 17.3042104, 103.805307 17.301807, 103.8071135 17.2995945, 103.8090406 17.2972051, 103.8108994 17.2948952, 103.8126985 17.2926403, 103.8145177 17.2903738, 103.8174453 17.289658, 103.8205916 17.2888513, 103.8237593 17.2880343, 103.8269725 17.2872378, 103.8299967 17.2864823, 103.83297 17.2857281, 103.8360022 17.2849674, 103.8390492 17.2841927, 103.8418072 17.2835121, 103.8445732 17.2828084, 103.8474043 17.2821259, 103.8501669 17.2814075, 103.8523369 17.2808517, 103.8554724 17.2800744, 103.8584898 17.2793189, 103.8616776 17.2785044, 103.8647421 17.277681, 103.8678816 17.2768935, 103.8706389 17.2762135, 103.8737194 17.2754259, 103.8768791 17.2746332, 103.879969 17.2738482, 103.8830549 17.2730798, 103.8862145 17.272291, 103.8893278 17.2715043, 103.8921905 17.2707811, 103.8949518 17.2701113, 103.8981356 17.2693071, 103.9011155 17.2685758, 103.9042 17.2677741, 103.9072363 17.2670313, 103.9104912 17.2662066, 103.9136535 17.2654203, 103.9167863 17.2646147, 103.9198883 17.2638425, 103.9230265 17.2630574, 103.9258267 17.2623671, 103.9285585 17.2616896, 103.9309014 17.2600145, 103.9332604 17.2583162, 103.9356463 17.2566173, 103.9380026 17.2549556, 103.9404514 17.2532009, 103.9427112 17.2515859, 103.944971 17.2500016, 103.9475968 17.2481099, 103.9499129 17.2464474, 103.95239 17.2446927, 103.9548281 17.2429635, 103.9572541 17.2412459, 103.959243 17.2398332, 103.9617549 17.2380387, 103.9638175 17.2365695, 103.9661095 17.2349582, 103.9684041 17.2333212, 103.970751 17.2316522, 103.9733273 17.2298256, 103.9757909 17.2280656, 103.9783671 17.2262492, 103.9809957 17.2243842, 103.9836283 17.2225063, 103.986167 17.2207065, 103.9887151 17.2188939, 103.9911801 17.2171594, 103.99381 17.215293, 103.9961542 17.2136276, 103.9982477 17.2121404, 104.0006778 17.2104122, 104.0029389 17.208825, 104.0055285 17.2069866, 104.007854 17.2053392, 104.0104718 17.2034957, 104.0127296 17.201861, 104.01521 17.2001148, 104.0177795 17.198293, 104.0202713 17.1965263, 104.0234309 17.1942817, 104.0269444 17.1948189, 104.030194 17.1971172, 104.0334263 17.1993802, 104.0365298 17.2015681, 104.0393554 17.2035623, 104.0423707 17.2056866, 104.0451146 17.2075829, 104.0468359 17.2088096, 104.0468195 17.2116117, 104.045374 17.2143701, 104.0438958 17.2171618, 104.0450633 17.2192027, 104.0465404 17.2218652, 104.0487717 17.2248067, 104.0511364 17.2279241, 104.0534682 17.2310196, 104.0558119 17.2340932, 104.058159 17.2371688, 104.0605322 17.2403204, 104.0628236 17.243324, 104.0648926 17.2460559, 104.0668592 17.2486629, 104.0688781 17.2513384, 104.0708872 17.2540255, 104.0738556 17.254851, 104.0770192 17.2557255, 104.0803484 17.256677, 104.0837234 17.2576369, 104.0866591 17.2584635, 104.0905737 17.2595691, 104.0939052 17.2604956, 104.0972497 17.2622112, 104.100254 17.2637383, 104.1028333 17.2650552, 104.1065092 17.2662878, 104.1103616 17.2676515, 104.11163908187986 17.268101514301666, 104.11873797341353 17.26764002678171)"
TH37-500,way/658704544-500,500.0,4468.691083527704,5413.59,Al/St 240/40 4-bundle 380.0,"LINESTRING (100.71857219999995 14.428604074501932, 100.72192949932982 14.430027019194434, 100.72251 14.4302732, 100.7254578 14.4315267, 100.7283686 14.4327802, 100.7311306 14.4339617, 100.7339732 14.4352152, 100.7359612 14.4348074, 100.7377014 14.4344715, 100.7403582 14.4330081, 100.7426991 14.4317606, 100.7446066 14.430705, 100.7464892 14.4312568, 100.7488859 14.4300333, 100.7521682 14.4296974, 100.7548931 14.4278262, 100.75662659865766 14.426634352901216, 100.76200318080451 14.422966751857553)"
way/1192398379-230,way/381823435-230,230.0,1027.7989492113718,23523.2,Al/St 240/40 2-bundle 220.0,"LINESTRING (100.90994921954896 14.71102925182915, 100.91598075785025 14.70776554805237, 100.9169564 14.7081237, 100.9191994 14.7063118, 100.92196 14.7041781, 100.9244742 14.7021873, 100.9282454 14.7024376, 100.9324233 14.7026641, 100.9363424 14.7028787, 100.9401998 14.703141, 100.9440696 14.7033198, 100.947693 14.7035939, 100.9518092 14.7038443, 100.9558885 14.7040708, 100.9586861 14.7042973, 100.9608798 14.7017224, 100.9635296 14.6986468, 100.9670789 14.6973475, 100.9705174 14.6960481, 100.9743132 14.6946533, 100.9753115 14.6923287, 100.9766178 14.6892768, 100.9792306 14.6868806, 100.9806725 14.6831849, 100.9819789 14.6795368, 100.9815845 14.6763656, 100.9797975 14.6745415, 100.979095 14.6745296, 100.9783556 14.6733135, 100.9755333 14.6732539, 100.9732287 14.6732539, 100.9705543 14.6716444, 100.9672391 14.6696414, 100.9653905 14.6667323, 100.9658095 14.6634417, 100.9661669 14.660449, 100.9666476 14.6567887, 100.9671775 14.6530686, 100.9676582 14.649265, 100.9680525 14.6461887, 100.9682127 14.6423969, 100.968336 14.6388913, 100.9684962 14.6355406, 100.9685825 14.6320229, 100.9686934 14.6291371, 100.9688043 14.6262156, 100.9716635 14.624403, 100.974646 14.6225188, 100.9775545 14.6206585, 100.9805369 14.6187982, 100.9836919 14.6167828, 100.9851462 14.6138253, 100.9868469 14.6103192, 100.9884614 14.6069442, 100.9925507 14.6064737, 100.9966062 14.6059234, 101.0005759 14.6054147, 101.0047816 14.6048956, 101.0083328 14.6044491, 101.0127904 14.6038718, 101.0143557 14.6036717, 101.01550842825733 14.604459767363688, 101.02521800557109 14.603557219702399)"
way/1221557706-230,TH65-230,230.0,2055.597898422744,2450.03,Al/St 240/40 2-bundle 220.0,"LINESTRING (101.00116802454312 13.203815448706957, 101.00708355591864 13.200531638943001, 101.0091767 13.1999608, 101.0106091 13.1990174, 101.0129894 13.1985374, 101.0151652 13.1980987, 101.016206 13.1991884, 101.01794735552706 13.199000220233426, 101.0222524 13.198484375755855)"
way/388836605-230,way/250742034-230,230.0,513.8994746056859,2267.72,Al/St 240/40 2-bundle 220.0,"LINESTRING (99.50799714489378 11.406303384619518, 99.51073543123219 11.410196076874596, 99.5120342 11.4125362, 99.5136111683019 11.415370022286222, 99.51252247313484 11.422859659775213)"
way/876135539-500,way/250742034-500,500.0,4468.691083527704,347301.1,Al/St 240/40 4-bundle 380.0,"LINESTRING (99.23626405027056 9.065476093336583, 99.23103514213473 9.063322306416612, 99.2308424 9.0632427, 99.2281344 9.0621242, 99.2255956 9.0593737, 99.2230445 9.0566597, 99.2204811 9.0539091, 99.2178067 9.0510003, 99.2153172 9.0483471, 99.2126182 9.0454382, 99.209833 9.0425172, 99.2065178 9.0417748, 99.2028575 9.0410932, 99.1991356 9.0402169, 99.1955985 9.039584, 99.1924682 9.0389754, 99.188623 9.0380626, 99.1848025 9.0371741, 99.1807479 9.0365412, 99.1765823 9.0357257, 99.17254 9.0348615, 99.1693603 9.0347885, 99.1659465 9.0346911, 99.1629887 9.0338148, 99.1595379 9.0326342, 99.1560132 9.0314779, 99.1520695 9.0313684, 99.1483352 9.031271, 99.1442682 9.0311249, 99.1405587 9.0310397, 99.1361343 9.0308937, 99.1331888 9.0307354, 99.1291341 9.0306746, 99.1263489 9.0297496, 99.1227748 9.0286541, 99.1190899 9.0273761, 99.1156884 9.0262563, 99.1120898 9.0251365, 99.1087129 9.0239681, 99.1057182 9.0248566, 99.1047199 9.0292505, 99.1042393 9.0311493, 99.1031547 9.0353362, 99.102366 9.0386711, 99.1014417 9.0425415, 99.1004804 9.0462902, 99.0969803 9.0483836, 99.0931475 9.0508543, 99.0900541 9.0528624, 99.0885259 9.0563067, 99.0868375 9.0598483, 99.0853093 9.0634751, 99.0837688 9.0668949, 99.0824994 9.0699131, 99.0811067 9.0731017, 99.0795662 9.0765336, 99.0779517 9.0800872, 99.0759675 9.0819127, 99.0732193 9.0843223, 99.0707174 9.0863059, 99.0687209 9.0880583, 99.0655413 9.0907234, 99.0628053 9.0930234, 99.0613757 9.0968324, 99.0602049 9.09968, 99.0599338 9.1020043, 99.0589355 9.1030021, 99.057432 9.106811, 99.0560393 9.110559, 99.054622 9.1144286, 99.0532664 9.117921, 99.0516519 9.1219244, 99.0502962 9.1256114, 99.0490022 9.1289941, 99.0475603 9.1327175, 99.0459458 9.1367694, 99.0440972 9.1418677, 99.0419035 9.1476473, 99.043863 9.1511272, 99.0455145 9.1539257, 99.0470025 9.1565789, 99.0488358 9.1597795, 99.0505276 9.1626796, 99.0507045 9.1654329, 99.0509523 9.1689758, 99.0511788 9.1720574, 99.0503506 9.174629, 99.050294 9.1775988, 99.0501878 9.1810228, 99.0500604 9.1847961, 99.0499967 9.1879825, 99.0515398 9.1912387, 99.0533802 9.1951866, 99.0552489 9.1988829, 99.0569972 9.2024255, 99.0587739 9.2062545, 99.0606143 9.2099018, 99.0622635 9.2126617, 99.0639694 9.2155055, 99.0656541 9.2182653, 99.0648684 9.2218426, 99.0639553 9.2258741, 99.0632828 9.2288295, 99.0624051 9.2328468, 99.0615274 9.2368083, 99.0608408 9.2402038, 99.0598923 9.2443607, 99.0590924 9.2482172, 99.0582218 9.2520737, 99.0592198 9.2555598, 99.0603099 9.2595001, 99.0613363 9.2632306, 99.0622635 9.2665281, 99.0633678 9.2704542, 99.0644366 9.2743803, 99.0654559 9.2780897, 99.0655762 9.2817852, 99.065647 9.2854527, 99.065739 9.2889105, 99.0657957 9.2923125, 99.0658877 9.2956725, 99.0659868 9.2992211, 99.0660293 9.3023715, 99.0665106 9.3050748, 99.0671052 9.3082181, 99.0677847 9.3119412, 99.0685562 9.3157551, 99.0693207 9.3199391, 99.0698728 9.3229007, 99.0689031 9.326442, 99.0679192 9.3300182, 99.0668857 9.3337131, 99.0659231 9.3372334, 99.0653002 9.3395523, 99.0648472 9.3434008, 99.0643941 9.3473749, 99.0639694 9.35137, 99.0635023 9.3553021, 99.0630209 9.3593041, 99.0625538 9.3633129, 99.0620795 9.3671472, 99.0616406 9.3708557, 99.0612159 9.3744384, 99.0607983 9.3781957, 99.0604161 9.3818761, 99.0606284 9.385354, 99.0608974 9.3889296, 99.0611452 9.3922049, 99.0614425 9.3956477, 99.0618955 9.3983154, 99.0618105 9.401011, 99.0620795 9.4048239, 99.0623485 9.4085319, 99.0627449 9.4124076, 99.0629785 9.4158572, 99.0632262 9.4192509, 99.0635023 9.4226377, 99.0637429 9.4259196, 99.0640048 9.4292853, 99.0642172 9.4324974, 99.0639057 9.4363029, 99.0635731 9.4404436, 99.0632828 9.4445353, 99.0629218 9.448641, 99.0626033 9.452579, 99.0622494 9.4566706, 99.0625892 9.4605596, 99.062936 9.4645255, 99.0633112 9.4680304, 99.0637429 9.4711932, 99.0642313 9.4750752, 99.0647551 9.478957, 99.065286 9.4826992, 99.0657532 9.4864763, 99.0662628 9.4901416, 99.0668433 9.4943165, 99.0673104 9.4976048, 99.0678201 9.5014235, 99.0683297 9.5051306, 99.0688818 9.5091727, 99.0692853 9.5128587, 99.0698374 9.5167262, 99.0686129 9.5198048, 99.0672963 9.5229322, 99.0661921 9.5257315, 99.0663124 9.5290823, 99.0665814 9.5324121, 99.0667725 9.5369564, 99.0670415 9.5415426, 99.0672821 9.5453051, 99.0674803 9.5479437, 99.0675936 9.5514129, 99.0661284 9.5545749, 99.0647339 9.5575973, 99.0633182 9.5606546, 99.0619096 9.563677, 99.0616548 9.5674811, 99.0614071 9.5710897, 99.0611168 9.5749495, 99.0608125 9.5787465, 99.0605223 9.5824736, 99.0603028 9.5862496, 99.0600055 9.5899348, 99.0597012 9.5935432, 99.0581085 9.5959371, 99.0563743 9.5984706, 99.05418 9.6016461, 99.0522759 9.6044308, 99.0517026 9.6084159, 99.0510938 9.6124079, 99.0505134 9.6162185, 99.0499542 9.6205035, 99.0492464 9.6254305, 99.0487438 9.6287594, 99.0487509 9.6320254, 99.0488571 9.635745, 99.04885 9.6394715, 99.0489279 9.6419488, 99.0489774 9.6455217, 99.0489562 9.6491853, 99.0507753 9.6518789, 99.0531253 9.6554099, 99.0547958 9.657915, 99.0558151 9.6599386, 99.0569335 9.662032, 99.0579316 9.6625763, 99.0599701 9.6655908, 99.0620866 9.6687239, 99.0640615 9.6717592, 99.0648118 9.6728617, 99.0664044 9.675276, 99.0683864 9.6781578, 99.0697596 9.6802301, 99.0690022 9.6837329, 99.0681174 9.6875147, 99.0672043 9.6915965, 99.0663124 9.6956224, 99.0656045 9.6992157, 99.0647551 9.7029764, 99.0632885 9.7080362, 99.0626883 9.7101069, 99.0620512 9.7125558, 99.0610461 9.7160931, 99.0599843 9.7199373, 99.0591066 9.7230001, 99.0585899 9.7247234, 99.0552064 9.7269699, 99.0560629 9.7287977, 99.0568769 9.7306535, 99.0565088 9.7324674, 99.0557727 9.7351324, 99.0548525 9.738223, 99.0541517 9.7408461, 99.053274 9.7438459, 99.051469 9.7460574, 99.0496994 9.7481712, 99.0481492 9.7517011, 99.0466982 9.7551194, 99.047229 9.7582865, 99.0478873 9.7620675, 99.0485598 9.7657716, 99.0482059 9.76769, 99.0477033 9.7700269, 99.0471299 9.7725242, 99.0463018 9.7764375, 99.0457709 9.7785581, 99.0483899 9.7815715, 99.0507895 9.7843059, 99.0502728 9.787682, 99.0495932 9.7918253, 99.0491261 9.7952781, 99.0486093 9.7986192, 99.0480572 9.8021486, 99.0475051 9.8055942, 99.0470308 9.8091026, 99.0432651 9.8109161, 99.0395065 9.8127296, 99.0371565 9.8138246, 99.0337022 9.8154637, 99.0315858 9.816475, 99.0306656 9.8205273, 99.0296463 9.8247051, 99.0289102 9.828297, 99.0282023 9.8309473, 99.0274803 9.8338487, 99.0269707 9.8366315, 99.0263266 9.8399652, 99.0255621 9.8437731, 99.0247764 9.8469882, 99.0244508 9.8489549, 99.0232475 9.854276, 99.022667 9.8565356, 99.0220654 9.85936, 99.0244154 9.8625889, 99.0264752 9.8654202, 99.0255196 9.8685793, 99.0242667 9.8722684, 99.0230988 9.8757272, 99.0219238 9.8794511, 99.0206214 9.8832097, 99.0193685 9.8869544, 99.0181369 9.890706, 99.0170326 9.8941159, 99.0158788 9.8975257, 99.0125166 9.9003428, 99.0105134 9.9018768, 99.0072857 9.9045126, 99.0057921 9.9087172, 99.0045747 9.9118689, 99.0031519 9.915683, 99.0051268 9.9181792, 99.0072007 9.9213447, 99.0072857 9.9249426, 99.0072857 9.9273341, 99.0073706 9.9314617, 99.0073919 9.9341042, 99.0073989 9.9357218, 99.0092464 9.9377507, 99.0120494 9.9408533, 99.0135784 9.9424918, 99.0153692 9.9444858, 99.0177759 9.9469748, 99.0203665 9.9499239, 99.0228935 9.9526011, 99.0236934 9.9563032, 99.0246065 9.9600888, 99.0254512 9.9637917, 99.0255479 9.9674021, 99.0255621 9.9711806, 99.0255975 9.9746454, 99.0256329 9.9773155, 99.0256966 9.9813867, 99.0256683 9.9846492, 99.0238562 9.9870752, 99.0226741 9.9887134, 99.0213434 9.990491, 99.0199914 9.992422, 99.0185686 9.9943948, 99.0196304 9.9971553, 99.0206638 9.9998809, 99.0206638 10.0021604, 99.0205577 10.0051299, 99.020586 10.0072909, 99.0195413 10.0099642, 99.0187151 10.0120034, 99.0175886 10.0149828, 99.017771 10.0185116, 99.0178568 10.0220192, 99.0180499 10.0248824, 99.018286 10.028559, 99.0184898 10.0320982, 99.0187366 10.0381624, 99.0189941 10.0406767, 99.019155 10.0429058, 99.0192945 10.0449025, 99.0194018 10.0478288, 99.0196378 10.0515157, 99.0205498 10.0547906, 99.0201528 10.0584457, 99.0211291 10.0612241, 99.0219982 10.0639918, 99.0229638 10.0667278, 99.0228135 10.0707631, 99.022835 10.0731293, 99.0228779 10.0747983, 99.0228994 10.0781786, 99.0228243 10.0818335, 99.0226741 10.0853721, 99.0244765 10.0891431, 99.0254207 10.0913719, 99.0266008 10.0940548, 99.027545 10.0961462, 99.0269442 10.0990721, 99.0265794 10.1011423, 99.0263433 10.1031175, 99.0257533 10.1058743, 99.0251954 10.1093176, 99.0245194 10.1128665, 99.0236933 10.1173026, 99.0241547 10.1202072, 99.0245945 10.1230272, 99.0250237 10.1259633, 99.0258284 10.1284665, 99.0257533 10.1307795, 99.0257425 10.1345288, 99.0255923 10.1375705, 99.025485 10.1410346, 99.0254636 10.1445937, 99.0229101 10.1478359, 99.0204571 10.1508501, 99.0177948 10.1539739, 99.0155191 10.156644, 99.0151086 10.161131, 99.014698 10.1651581, 99.015068 10.1686238, 99.0140171 10.1746443, 99.0134802 10.1780559, 99.0128077 10.1825973, 99.0122846 10.1863295, 99.0118363 10.1892161, 99.0105848 10.1920106, 99.0090904 10.195559, 99.0081564 10.1977652, 99.0080069 10.202012, 99.0079696 10.2038321, 99.0077828 10.2071597, 99.0076146 10.2106343, 99.005133 10.2143184, 99.0055153 10.2163943, 99.0060674 10.2194455, 99.0066478 10.2223294, 99.0086475 10.2242134, 99.0105029 10.2260304, 99.012198 10.2277793, 99.0151397 10.2307663, 99.0154038 10.2334383, 99.0158371 10.237142, 99.0195009 10.2409349, 99.0199953 10.2445632, 99.0202678 10.2467396, 99.0210778 10.2488519, 99.0231314 10.254461, 99.0246413 10.2581598, 99.0258064 10.2613714, 99.0271488 10.2649259, 99.0280075 10.267293, 99.0305364 10.269604, 99.0330228 10.2717201, 99.0335039 10.274368, 99.0341919 10.2785308, 99.0359339 10.2826906, 99.0368006 10.2853325, 99.0386551 10.2892188, 99.0401982 10.2901381, 99.0421519 10.2914335, 99.0421094 10.2936482, 99.0419678 10.2960997, 99.0418121 10.2994983, 99.0420952 10.3011001, 99.042435 10.3034958, 99.0427889 10.3062676, 99.0433552 10.3098332, 99.046498 10.3110728, 99.0501363 10.3125492, 99.0515378 10.3153348, 99.0530243 10.3182179, 99.0531942 10.3214213, 99.0533357 10.3249728, 99.0542418 10.3279672, 99.0553035 10.3316719, 99.0563653 10.3353069, 99.0573421 10.3382873, 99.0583755 10.3419082, 99.0611927 10.3448329, 99.0639392 10.3477017, 99.0667564 10.3504731, 99.0684693 10.352186, 99.0711025 10.3549434, 99.0733676 10.3573666, 99.0749814 10.3608481, 99.0758309 10.3630066, 99.0790586 10.3654576, 99.0811963 10.3672261, 99.0810122 10.3705543, 99.0813098 10.3733658, 99.0814823 10.3751964, 99.0817411 10.377633, 99.0840334 10.3803848, 99.0864859 10.3810395, 99.0876567 10.3827608, 99.0877307 10.3845913, 99.0856602 10.3870764, 99.0856849 10.3897311, 99.0856479 10.3923495, 99.0841443 10.39498, 99.0833926 10.3978286, 99.0827024 10.4005681, 99.0815932 10.4018167, 99.080102 10.4035622, 99.0787587 10.4060713, 99.0759241 10.4071986, 99.0730772 10.4088593, 99.0707479 10.4102775, 99.0700947 10.4120714, 99.0706 10.4142169, 99.0686528 10.416435, 99.0671246 10.4181805, 99.0680613 10.4208592, 99.0688007 10.4232955, 99.070637 10.4250167, 99.0722885 10.4266651, 99.0723008 10.4298528, 99.074248 10.4323981, 99.0763431 10.4350282, 99.0777111 10.4382159, 99.0800897 10.44024, 99.0826654 10.4423852, 99.0828626 10.4446395, 99.0831091 10.4466393, 99.0824929 10.4493178, 99.0827763 10.4516448, 99.0822094 10.454299, 99.08147 10.4573653, 99.0801143 10.458856, 99.0788203 10.4603467, 99.0794242 10.4626736, 99.0799788 10.4652065, 99.0784875 10.4670971, 99.0773537 10.4685877, 99.0745684 10.4697633, 99.0710191 10.4712297, 99.070181 10.4740291, 99.0702796 10.4761499, 99.0703789 10.4792339, 99.0705398 10.4830951, 99.0706256 10.4850257, 99.07069 10.4873466, 99.0672568 10.4903216, 99.0645746 10.4925792, 99.0630296 10.4939506, 99.0617314 10.4957968, 99.0610126 10.4967251, 99.0577832 10.499584, 99.0569464 10.5032972, 99.0561417 10.5070421, 99.0552405 10.5110718, 99.054704 10.5135191, 99.0583197 10.5175698, 99.0594998 10.5188673, 99.0617314 10.521536, 99.062697 10.5257659, 99.0633837 10.5293418, 99.0640167 10.5325484, 99.0669778 10.5353542, 99.0677181 10.5382338, 99.0683511 10.5408602, 99.0690485 10.5437925, 99.0697995 10.5471044, 99.0705076 10.5503636, 99.0714518 10.5544454, 99.0722242 10.5574936, 99.0724174 10.5613011, 99.0725997 10.5647922, 99.0728572 10.5682094, 99.072986 10.5703187, 99.0731576 10.573641, 99.0733186 10.5758874, 99.0734151 10.5788088, 99.0746811 10.5798845, 99.076666 10.581688, 99.0764299 10.584546, 99.0761188 10.587847, 99.0762797 10.5913694, 99.0763334 10.594607, 99.0777281 10.5984562, 99.0791872 10.6024953, 99.0805069 10.6061124, 99.0793589 10.6099931, 99.0781895 10.6139687, 99.0800563 10.6159934, 99.0823844 10.6174908, 99.0841654 10.6186297, 99.0841654 10.6218776, 99.0828565 10.6252309, 99.0818373 10.6279831, 99.0804854 10.631389, 99.080582 10.6349953, 99.0807107 10.638612, 99.0808717 10.6421444, 99.0809468 10.6454975, 99.0822664 10.6495675, 99.0832535 10.6528467, 99.0845088 10.6566846, 99.0855387 10.659795, 99.0873519 10.6623993, 99.0887145 10.6643499, 99.0886823 10.66862, 99.0886394 10.6713718, 99.0886715 10.6746507, 99.0886179 10.67852, 99.0891865 10.6815353, 99.0898163 10.6848742, 99.0904096 10.6880192, 99.0911928 10.6919516, 99.0917293 10.6948719, 99.0924374 10.6984352, 99.0930918 10.7018931, 99.0938643 10.7060678, 99.0944758 10.7095782, 99.0952269 10.7134893, 99.0957311 10.7164304, 99.0965036 10.7205733, 99.0994862 10.7235249, 99.1015354 10.7254435, 99.1041532 10.7281948, 99.1074685 10.7316418, 99.1097215 10.7338976, 99.1121355 10.7363747, 99.1132084 10.7388202, 99.1147641 10.742362, 99.1162983 10.7457666, 99.1178218 10.749224, 99.1193131 10.7527972, 99.1195813 10.7552109, 99.1199461 10.7583309, 99.1202465 10.7614086, 99.1207078 10.7656246, 99.1211048 10.7696614, 99.1239587 10.7713162, 99.127703 10.7734241, 99.1306642 10.7751105, 99.1311148 10.7790734, 99.1315118 10.7826357, 99.1318336 10.7858924, 99.1320053 10.7869569, 99.1343764 10.7881899, 99.1368977 10.7895706, 99.1388074 10.7906561, 99.1393438 10.7924688, 99.1402987 10.7956411, 99.1435173 10.7979596, 99.1461781 10.7986447, 99.1488256 10.7993955, 99.1498157 10.8014689, 99.1507964 10.8036708, 99.1501332 10.8056892, 99.1495355 10.807625, 99.1486202 10.810625, 99.1508419 10.8126717, 99.1538319 10.8155056, 99.1565174 10.8181735, 99.1590867 10.8207292, 99.1603064 10.8219111, 99.161526 10.8246904, 99.1640466 10.8255369, 99.1671526 10.8280286, 99.1705188 10.8307758, 99.1736411 10.8332355, 99.1749746 10.8351682, 99.1764544 10.8375959, 99.177882 10.839995, 99.1798531 10.8432499, 99.1813005 10.8455178, 99.1834633 10.8489836, 99.1855936 10.8524333, 99.1868458 10.8544617, 99.1887972 10.8574003, 99.1901469 10.8595883, 99.1921309 10.8628782, 99.1943587 10.8664396, 99.1971395 10.8687553, 99.1994324 10.8707356, 99.2021807 10.8731311, 99.2047338 10.8738178, 99.2087993 10.8748718, 99.2129786 10.8760216, 99.2157268 10.8767403, 99.2172067 10.8790878, 99.2200929 10.8801384, 99.2228333 10.8812118, 99.2245192 10.8833848, 99.2260714 10.885415, 99.2289922 10.8871941, 99.2304835 10.8896024, 99.2320486 10.8922528, 99.2338233 10.8952057, 99.2354378 10.8981344, 99.2367561 10.9004635, 99.2381042 10.9029331, 99.2395953 10.9059129, 99.2418887 10.9066914, 99.2465038 10.9083039, 99.2492643 10.9093187, 99.251487 10.912224, 99.2538872 10.9153884, 99.2563994 10.9189519, 99.2583223 10.921642, 99.2588694 10.9245495, 99.2594166 10.9276255, 99.2584188 10.9312071, 99.2574895 10.9349722, 99.2564497 10.9386806, 99.2558332 10.9408795, 99.2563287 10.9436524, 99.2569374 10.9473218, 99.2573409 10.9499348, 99.2578222 10.9525131, 99.2582894 10.955411, 99.2588769 10.9588996, 99.2597688 10.9597891, 99.2625222 10.9625132, 99.2646458 10.9647578, 99.2692538 10.9694068, 99.2728779 10.9728257, 99.2755748 10.9755983, 99.2779673 10.978086, 99.2783566 10.9802957, 99.2786964 10.9832976, 99.2790432 10.9870985, 99.2794396 10.9910731, 99.2809261 10.9945474, 99.2822922 10.9958329, 99.2847696 10.998244, 99.2880045 11.0013429, 99.2907013 11.0040597, 99.2930513 11.0063248, 99.2954155 11.0085552, 99.2977868 11.0107577, 99.2990963 11.0125503, 99.3012724 11.0154615, 99.3017295 11.016073, 99.3034283 11.018199, 99.3050634 11.0203876, 99.3069887 11.0229097, 99.30873 11.0252025, 99.310896 11.0280093, 99.3131681 11.0310107, 99.3154899 11.0340954, 99.317847 11.0366174, 99.3207916 11.0397646, 99.3231345 11.04221, 99.3247979 11.0434814, 99.3282876 11.04617, 99.3314799 11.0486224, 99.3327682 11.0520056, 99.3340069 11.0549929, 99.3354084 11.0586192, 99.3385796 11.0607589, 99.3418498 11.0629471, 99.3442848 11.0645796, 99.3469533 11.0678516, 99.3498059 11.0712485, 99.3526939 11.0732422, 99.3548669 11.0748121, 99.356948 11.0761945, 99.3571179 11.0788342, 99.3570825 11.0834674, 99.3571179 11.0884063, 99.3572028 11.0914973, 99.3564879 11.0948592, 99.3557022 11.0988532, 99.3549448 11.1023957, 99.3540459 11.1066465, 99.353154 11.1107098, 99.351172 11.1134603, 99.3486663 11.1169609, 99.3465781 11.1198572, 99.3447307 11.1225381, 99.3423028 11.1260039, 99.340519 11.1283722, 99.3407951 11.1299766, 99.3416799 11.1348799, 99.3421895 11.137901, 99.3447165 11.1407277, 99.3477744 11.1440751, 99.3501315 11.1457697, 99.3528567 11.147867, 99.3528992 11.1509158, 99.3529133 11.1526728, 99.3530266 11.1563813, 99.3531047 11.1596819, 99.3544456 11.1619694, 99.356435 11.1653506, 99.3577987 11.1678522, 99.3598441 11.1714166, 99.3603078 11.1757201, 99.3605296 11.1788213, 99.3600674 11.1818681, 99.3581572 11.1839597, 99.3559075 11.186509, 99.3539948 11.1886764, 99.351401 11.1916276, 99.3492951 11.1940365, 99.3497504 11.1976577, 99.351832 11.2009997, 99.3533524 11.2034004, 99.3550599 11.2060883, 99.356369 11.2082737, 99.3576456 11.2103315, 99.3590278 11.2126285, 99.3590604 11.2174937, 99.3590685 11.2193201, 99.3590522 11.2223109, 99.3591091 11.2267532, 99.3591091 11.230701, 99.3591905 11.2344732, 99.3610372 11.2365638, 99.3634917 11.2392583, 99.3648496 11.2406459, 99.3663782 11.2425041, 99.3702973 11.243796, 99.3738017 11.2451039, 99.3761435 11.2478711, 99.3782738 11.2503672, 99.3804203 11.2529749, 99.3823474 11.2552636, 99.3846403 11.2580468, 99.3843151 11.2616751, 99.3840549 11.2643386, 99.3865836 11.267297, 99.3891855 11.2704069, 99.3916166 11.2732617, 99.3942511 11.2764911, 99.3970318 11.2797445, 99.398967 11.281738, 99.4002029 11.2841939, 99.4020568 11.2877183, 99.4046912 11.2902698, 99.4075533 11.2915615, 99.4104316 11.292941, 99.4117732 11.2966486, 99.4132612 11.3006512, 99.4145823 11.304295, 99.4154972 11.3066072, 99.4153834 11.3089992, 99.4153346 11.3112715, 99.4172047 11.3133365, 99.4190342 11.3153696, 99.4214816 11.3180325, 99.4236688 11.3204881, 99.4256853 11.3227125, 99.4278644 11.3251282, 99.4301085 11.3275758, 99.4331576 11.3309243, 99.4358489 11.333898, 99.4387435 11.337071, 99.4411828 11.3398134, 99.4445328 11.3418383, 99.4479071 11.3438154, 99.4508342 11.3456091, 99.4546151 11.3478333, 99.4559126 11.348961, 99.4581927 11.3510381, 99.4608109 11.353326, 99.4637299 11.3559487, 99.4651203 11.3572401, 99.4671205 11.3598708, 99.4696248 11.3630196, 99.4722349 11.366256, 99.4747636 11.3694525, 99.4769183 11.3721548, 99.4792031 11.3750165, 99.4813578 11.3767622, 99.483545 11.3785398, 99.4840474 11.3810919, 99.4848897 11.3850055, 99.4856259 11.3887873, 99.4875158 11.391556, 99.4898587 11.3951018, 99.4925344 11.3988557, 99.4940033 11.4010875, 99.4957163 11.4038005, 99.4969833 11.4070755, 99.4980592 11.4101493, 99.4989299 11.4125361, 99.5016188 11.4149065, 99.5042316 11.4171155, 99.50648290664088 11.417399554636088, 99.51280117531321 11.422721957729243)"
way/551510148-230,TH78-230,230.0,1027.7989492113718,19201.51,Al/St 240/40 2-bundle 220.0,"LINESTRING (102.11736721918292 12.667558760328975, 102.12126020466786 12.670850214610555, 102.1212904 12.6708793, 102.1238343 12.6706571, 102.126538 12.6713636, 102.1291451 12.6720545, 102.1316274 12.6700936, 102.1344446 12.670211, 102.1388108 12.6703391, 102.1426732 12.6704071, 102.1466375 12.6702867, 102.1505803 12.6701768, 102.1540767 12.6689698, 102.1576877 12.6677554, 102.1608057 12.6667093, 102.1633815 12.6648635, 102.1652794 12.6618394, 102.1680893 12.6608955, 102.1724952 12.6595126, 102.1754284 12.6602401, 102.1780904 12.6608774, 102.1812084 12.6617071, 102.18469 12.6601018, 102.1867701 12.6591812, 102.1904367 12.6575236, 102.1930147 12.6559481, 102.1966667 12.6537519, 102.2006339 12.6513694, 102.2045128 12.6512244, 102.2073538 12.6511735, 102.2105507 12.6510862, 102.2136935 12.6511214, 102.2161072 12.651446, 102.2186956 12.6519216, 102.2226489 12.6509343, 102.2268207 12.64984, 102.2303762 12.6489141, 102.2336298 12.6469119, 102.2350655 12.6462144, 102.2367786 12.6454268, 102.2405005 12.6436771, 102.2439284 12.6421331, 102.2465481 12.6406771, 102.2491552 12.6392219, 102.2517408 12.6377981, 102.2555603 12.6356206, 102.2600184 12.6332232, 102.2626374 12.6317865, 102.2661412 12.6298042, 102.2693334 12.6280539, 102.2721229 12.6265254, 102.2758834 12.6244054, 102.27656274843494 12.623896601240803, 102.28112700000001 12.620478176421141)"
way/254460966-230,TH21-230,230.0,513.8994746056859,39365.37,Al/St 240/40 2-bundle 220.0,"LINESTRING (99.79854309999995 16.0298611732064, 99.80208713359691 16.025218766679757, 99.8023902 16.0248195, 99.8048565 16.0216211, 99.8073077 16.0184044, 99.8097572 16.0151869, 99.812188 16.012019, 99.8148125 16.008602, 99.817374 16.0051733, 99.8199121 16.0018808, 99.8223978 15.9986116, 99.8249399 15.9952932, 99.8274591 15.9919997, 99.8299804 15.9886964, 99.8324752 15.9854394, 99.8350207 15.9821085, 99.8375098 15.9788414, 99.8400304 15.9755376, 99.8425289 15.9722408, 99.8451286 15.9688679, 99.8475443 15.9657447, 99.8500843 15.9623814, 99.8525788 15.9590837, 99.8551074 15.955806, 99.8575952 15.9525179, 99.8601573 15.9491914, 99.8626407 15.9459386, 99.8650929 15.94278, 99.8676159 15.9394495, 99.8701788 15.936094, 99.8727138 15.9327431, 99.8752099 15.9294727, 99.8776749 15.9262331, 99.8802095 15.9229394, 99.8827395 15.9196611, 99.8852125 15.9163331, 99.8877677 15.9130547, 99.8902725 15.9097639, 99.8927526 15.9065164, 99.8952571 15.9031859, 99.8977415 15.8998605, 99.9003251 15.8964654, 99.9028484 15.8930831, 99.9053888 15.8896956, 99.9079603 15.8862639, 99.9102751 15.8831637, 99.9128688 15.8797457, 99.9154119 15.8763416, 99.918026 15.8728365, 99.920499 15.8695838, 99.9230669 15.8661601, 99.9255255 15.8628822, 99.9280273 15.8595377, 99.9305365 15.8562139, 99.9330383 15.8528577, 99.9355247 15.8495434, 99.9380001 15.8462629, 99.9404996 15.8429244, 99.943049 15.8395254, 99.9456098 15.8361354, 99.9481807 15.8327447, 99.9506102 15.829492, 99.9531026 15.8261574, 99.955646 15.8228081, 99.9580878 15.8195317, 99.9606161 15.8161482, 99.9631006 15.8128346, 99.9655247 15.8096145, 99.9680473 15.8062427, 99.9705592 15.8029109, 99.9730865 15.7995674, 99.9755562 15.7962174, 99.9780432 15.7929576, 99.9805612 15.7895927, 99.9830402 15.7862799, 99.9854817 15.7830355, 99.9879392 15.7797343, 99.9904478 15.7764388, 99.9929436 15.7731162, 99.9954105 15.7698051, 99.997913 15.766505, 100.0003813 15.7631931, 100.0027966 15.7600973, 100.0064213 15.7579852, 100.0100072 15.755991, 100.0136726 15.7539526, 100.0173188 15.7519107, 100.0208895 15.7499068, 100.0245619 15.7478825, 100.0282686 15.7458394, 100.0320079 15.7437782, 100.0357771 15.7416303, 100.039506 15.7395908, 100.0432068 15.7375042, 100.0469451 15.7354595, 100.050668 15.733359, 100.0544345 15.7312916, 100.0581789 15.7291869, 100.0619521 15.7271137, 100.0657192 15.7249895, 100.0694274 15.7229479, 100.072864 15.7210354, 100.076613 15.7189563, 100.0803748 15.7168572, 100.0840629 15.7148001, 100.0851021 15.7142252, 100.0878622 15.7126984, 100.0892703 15.7119079, 100.091453 15.7106825, 100.09451775290076 15.708995662928118, 100.10094369220522 15.705527516577842)"
way/1357836334-230,TH21-230,230.0,1027.7989492113718,7474.05,Al/St 240/40 2-bundle 220.0,"LINESTRING (99.79043681293803 15.980467198242822, 99.7844788493886 15.98597343602691, 99.7826916 15.9873861, 99.7799789 15.9899938, 99.7774131 15.9925187, 99.7780926 15.9960955, 99.7788736 16.0000216, 99.7794634 16.0032808, 99.780268 16.0072226, 99.7810183 16.011069, 99.781738 16.0145866, 99.7823915 16.0182424, 99.7848755 16.0200129, 99.7873175 16.0217452, 99.790044 16.0237198, 99.7927706 16.0256814, 99.7954999 16.0276768, 99.79561441750721 16.027759000329507, 99.79854309999995 16.0298611732064)"
way/659646706-230,TH22-230,230.0,1027.7989492113718,3054.06,Al/St 240/40 2-bundle 220.0,"LINESTRING (100.99246255253534 15.83110166496475, 100.98824939587259 15.828895348276927, 100.9883181 15.8279575, 100.9880203 15.8275208, 100.9894933 15.8240725, 100.9908864 15.8206931, 100.9923879 15.8171597, 100.9934582 15.814616, 100.9948025 15.8113772, 100.99532907908717 15.81016761166664, 100.99744769999998 15.80514457336503)"
way/876135539-500,TH82-500,500.0,4468.691083527704,10255.94,Al/St 240/40 4-bundle 380.0,"LINESTRING (99.22730329999997 8.981774081657612, 99.22839444779295 8.98547561610533, 99.2286122 8.9862143, 99.2293954 8.9889696, 99.2304253 8.9925302, 99.2314768 8.9963292, 99.2324424 8.999789, 99.2335689 9.003731, 99.2345989 9.0074292, 99.2356181 9.0112068, 99.236691 9.0152335, 99.2378336 9.0192018, 99.2389923 9.0232442, 99.2397863 9.0261104, 99.2398453 9.0296124, 99.2398184 9.0317951, 99.2398775 9.0351063, 99.2399096 9.0387512, 99.2399526 9.0423219, 99.2399928 9.0458131, 99.2386007 9.049495, 99.2374125 9.0525411, 99.2361492 9.0559527, 99.2354223 9.0577539, 99.2356423 9.0582943, 99.23586484406006 9.058828506064524, 99.23626405027056 9.065476093336583)"
way/631215304-230,way/403466241-230,230.0,1027.7989492113718,54560.3,Al/St 240/40 2-bundle 220.0,"LINESTRING (100.1264252732009 14.803689988621734, 100.13156111987502 14.803812137104893, 100.1337129 14.8045478, 100.1371166 14.8057199, 100.140802 14.8069672, 100.1443157 14.8081523, 100.1472634 14.8075455, 100.1501441 14.8069205, 100.1531991 14.8086735, 100.1564097 14.8105405, 100.1598966 14.8125579, 100.163295 14.8145338, 100.1667336 14.8145183, 100.1694131 14.8144846, 100.1729858 14.815208, 100.1763976 14.8151743, 100.1804262 14.8160352, 100.1843289 14.8168442, 100.1884434 14.8176999, 100.1921877 14.8184675, 100.1961145 14.8192869, 100.2003068 14.8201451, 100.2037963 14.8208815, 100.2063659 14.8200622, 100.2090213 14.8192402, 100.2119288 14.8198132, 100.2151018 14.8204355, 100.2174193 14.8191339, 100.2200961 14.8175703, 100.2234435 14.817967, 100.22744 14.8184182, 100.2313721 14.8188538, 100.2351862 14.8192687, 100.239011 14.8197354, 100.2427286 14.8201607, 100.2464247 14.8205756, 100.2478892 14.8221132, 100.2506465 14.8249214, 100.2532428 14.8276387, 100.2559975 14.8304701, 100.2585858 14.833146, 100.2610266 14.8357439, 100.2634138 14.8381656, 100.2669972 14.8382486, 100.2708811 14.8383575, 100.2747595 14.8384664, 100.2787399 14.8385804, 100.2826452 14.8386738, 100.2864486 14.8387723, 100.2903593 14.8389123, 100.2940017 14.8390212, 100.2978319 14.8391042, 100.3003907 14.8411473, 100.3036416 14.8416969, 100.3069192 14.8422621, 100.3103739 14.8428429, 100.313437 14.8433251, 100.3154755 14.8463378, 100.3176722 14.8494983, 100.3198099 14.8526483, 100.3220308 14.8558942, 100.3242516 14.8590882, 100.3262258 14.8619555, 100.3292781 14.8638791, 100.332309 14.8657923, 100.3336984 14.8676537, 100.3330332 14.8699506, 100.3339398 14.872237, 100.337829 14.872854, 100.3410423 14.8733777, 100.3443146 14.8739117, 100.3468573 14.8743109, 100.3497702 14.8747672, 100.3531766 14.8734399, 100.3569317 14.8719519, 100.3599948 14.8707646, 100.3638303 14.869261, 100.3674781 14.8689395, 100.3705305 14.8687166, 100.3749293 14.8684055, 100.3787434 14.86811, 100.3820103 14.8678404, 100.3854918 14.8675552, 100.3888392 14.8672752, 100.3917199 14.8670523, 100.394378 14.8668526, 100.3960544 14.8655175, 100.3983021 14.8636976, 100.4011774 14.8613748, 100.4036879 14.8593267, 100.4055119 14.8564335, 100.4072888 14.8535207, 100.4090631 14.8505431, 100.4109058 14.8475745, 100.4139045 14.8461486, 100.4170936 14.8446682, 100.4201782 14.8431644, 100.423193 14.8417488, 100.4263902 14.8402087, 100.4300702 14.8418577, 100.4337877 14.8434911, 100.4362446 14.8429518, 100.4390448 14.8423244, 100.4401472 14.8406495, 100.4430145 14.8391457, 100.4432237 14.8368381, 100.4466033 14.8351476, 100.4489154 14.8340794, 100.4519784 14.8325911, 100.4553151 14.8309835, 100.4579034 14.8286733, 100.4605964 14.8263604, 100.463528 14.8238427, 100.4665911 14.8211823, 100.4695791 14.8185738, 100.4726368 14.81596, 100.4758823 14.813118, 100.4780549 14.8112147, 100.4815847 14.8119719, 100.485667 14.8128484, 100.4892558 14.8135848, 100.4930913 14.8143886, 100.494875 14.8175807, 100.4964441 14.8193128, 100.4990593 14.8204407, 100.5018568 14.8216257, 100.5056977 14.8224036, 100.5098283 14.823293, 100.5138302 14.8241279, 100.516153 14.8224295, 100.5192482 14.8201218, 100.5222523 14.8178581, 100.52347700903812 14.816963271767793, 100.52924513486163 14.815141679480817)"
way/1361676984-230,TH5-230,230.0,1027.7989492113718,3765.34,Al/St 240/40 2-bundle 220.0,"LINESTRING (99.05861129999998 18.504349671958625, 99.06294174148546 18.504353660281467, 99.0648628 18.505538, 99.0674063 18.507093, 99.06971084539448 18.5084927095901, 99.07666297416974 18.52399387966078)"
way/650122709-230,TH74-230,230.0,2055.597898422744,14566.54,Al/St 240/40 2-bundle 220.0,"LINESTRING (101.33385453998298 12.675620707815684, 101.33984354994045 12.674784581373956, 101.3414302 12.6755846, 101.3425182 12.678491, 101.3436744 12.681518, 101.3467931 12.6823112, 101.3505994 12.6833281, 101.3542405 12.6843248, 101.3566552 12.6853369, 101.3601795 12.6867732, 101.3634694 12.6881274, 101.3668285 12.6895255, 101.3703919 12.6909676, 101.3741055 12.6924303, 101.3773384 12.693717, 101.3801987 12.6948982, 101.3834886 12.6962993, 101.3838784 12.6988209, 101.3843702 12.7021748, 101.3826456 12.7048244, 101.3810811 12.7081632, 101.3797074 12.7108768, 101.3780577 12.7142839, 101.376408 12.7175933, 101.3770637 12.7209027, 101.3777471 12.724239, 101.3784063 12.7277099, 101.3791449 12.7312716, 101.3797247 12.7341532, 101.3775573 12.7370753, 101.3780129 12.7395058, 101.3785029 12.7423133, 101.37793 12.7434713, 101.3771983 12.745003, 101.3739095 12.7461182, 101.3711393 12.7480054, 101.37127732823936 12.749705508126707, 101.37160889999998 12.753967576263266)"
way/1364467990-230,TH44-230,230.0,1027.7989492113718,52565.12,Al/St 240/40 2-bundle 220.0,"LINESTRING (101.79242226967868 14.028084812249059, 101.79894207665836 14.026427863025216, 101.8011956 14.0256327, 101.8048713 14.0247439, 101.8085522 14.0238857, 101.8124804 14.0229266, 101.8164894 14.0219099, 101.8201003 14.0209946, 101.8234513 14.0201203, 101.8271241 14.0191557, 101.8310831 14.0181182, 101.8348561 14.0171467, 101.8387506 14.0161613, 101.8421803 14.0152175, 101.8443368 14.0146345, 101.8469904 14.0138885, 101.8494383 14.0129318, 101.8529915 14.0115432, 101.8582479 14.0094889, 101.8619926 14.0080253, 101.8655413 14.0066384, 101.8693168 14.0051628, 101.8729648 14.0037371, 101.876577 14.0023253, 101.8804475 14.0008126, 101.8841048 13.9993831, 101.8879098 13.997896, 101.8903559 13.9976618, 101.8928397 13.9974067, 101.8929577 13.9959493, 101.8957983 13.994845, 101.8987648 13.9936918, 101.9025782 13.9922094, 101.9059968 13.9908804, 101.9097492 13.9894216, 101.9135775 13.9879334, 101.9173077 13.9864833, 101.9203518 13.9852998, 101.92412 13.9838349, 101.9278428 13.9823876, 101.9311819 13.9810895, 101.9346495 13.9797414, 101.9383021 13.9783214, 101.9421895 13.9768101, 101.9454056 13.9755598, 101.9471219 13.9734449, 101.9490621 13.9710542, 101.9512548 13.9683524, 101.9537508 13.9652767, 101.9558631 13.9626739, 101.9584373 13.9595018, 101.9608766 13.956496, 101.9641167 13.9554652, 101.9677967 13.9543198, 101.9702046 13.9520814, 101.9727505 13.9497148, 101.9757423 13.9469336, 101.9786439 13.9442362, 101.9816798 13.941414, 101.9840333 13.939226, 101.9870254 13.9364445, 101.9894126 13.9342252, 101.9915247 13.9322617, 101.9938366 13.9301123, 101.9964319 13.9276995, 102.0005306 13.9267634, 102.0032231 13.9261485, 102.0060986 13.9254918, 102.0097035 13.9262208, 102.013362 13.9269809, 102.0165895 13.9258574, 102.0205727 13.9244706, 102.0240783 13.9232502, 102.0279264 13.9219105, 102.0309324 13.920864, 102.0342773 13.9196995, 102.0377025 13.918507, 102.0410156 13.9173535, 102.042282 13.9139757, 102.0435019 13.9107221, 102.0444205 13.9082719, 102.0457779 13.9046511, 102.0469849 13.9014316, 102.0479304 13.8989098, 102.0515084 13.8973788, 102.0550382 13.8958895, 102.0584339 13.8944523, 102.0618832 13.8929421, 102.0656168 13.8942908, 102.0688033 13.8954729, 102.0721829 13.8967123, 102.0747524 13.8976132, 102.0785987 13.8990192, 102.0818353 13.897604, 102.0856579 13.8959326, 102.089316 13.8943331, 102.0923366 13.8930124, 102.0957585 13.8915161, 102.0994187 13.8899157, 102.1031081 13.8883025, 102.1067787 13.8866974, 102.1105027 13.8850691, 102.1141962 13.883454, 102.1178854 13.8818408, 102.1215708 13.8802293, 102.1252276 13.8786303, 102.1288676 13.8770385, 102.1322517 13.8755588, 102.1349116 13.8743956, 102.138531 13.8728129, 102.1421227 13.8712423, 102.1456379 13.8697051, 102.149232 13.8681636, 102.1527591 13.8666142, 102.1563908 13.8649866, 102.1601808 13.8633773, 102.163724 13.8617914, 102.1675864 13.8600988, 102.1705046 13.8588618, 102.1737179 13.857466, 102.1769178 13.8560337, 102.1796536 13.8548514, 102.1827114 13.8523514, 102.1857503 13.8499868, 102.1887088 13.8475805, 102.191737 13.8451819, 102.1943173 13.8431089, 102.1972811 13.8407442, 102.2002798 13.8383899, 102.2025356 13.8365798, 102.2053465 13.8343166, 102.2084069 13.8318919, 102.2106063 13.8285374, 102.2126341 13.8255683, 102.2143614 13.8230263, 102.2163355 13.8201404, 102.2184813 13.8169003, 102.220391 13.8140144, 102.2225368 13.810743, 102.2246611 13.8077007, 102.2268927 13.8042625, 102.2290599 13.801043, 102.2313559 13.797761, 102.2335231 13.7944893, 102.2357654 13.7911551, 102.23685445713917 13.789516263219822, 102.24012139999998 13.784601075130686)"
TH76-230,way/1366689320-230,230.0,513.8994746056859,3302.83,Al/St 240/40 2-bundle 220.0,"LINESTRING (101.10826567090264 12.735030041449917, 101.11437541695028 12.733079863961063, 101.1147685 12.7329238, 101.1168921 12.7320884, 101.1179113 12.7316534, 101.1206578 12.7305901, 101.1235245 12.7294785, 101.1264833 12.7283117, 101.128989 12.726841, 101.1316364 12.7252944, 101.13417047132911 12.72381529506031, 101.13882799999999 12.721068776301939)"
way/1366689326-500,way/155847885-500,500.0,4468.691083527704,8168.0,Al/St 240/40 4-bundle 380.0,"LINESTRING (101.1558059693429 12.957213239608187, 101.15134843091103 12.962394712097057, 101.1511445 12.962568, 101.1511202 12.9657956, 101.1522255 12.9674434, 101.1541258 12.9702386, 101.1583873 12.9720137, 101.1627936 12.9738824, 101.1640013 12.9742878, 101.1659255 12.974915, 101.1695282 12.9736033, 101.1730063 12.9723224, 101.1742577 12.9710433, 101.1759679 12.9724998, 101.1765576 12.9745508, 101.1791128 12.9760942, 101.1828595 12.9755342, 101.1839336 12.9790671, 101.1850793 12.9825104, 101.1858393 12.9844253, 101.18615938878762 12.98523194723501, 101.19315990871247 12.987482205836553)"
way/401936547-500,TH28-500,500.0,4468.691083527704,86167.81,Al/St 240/40 4-bundle 380.0,"LINESTRING (100.2741372 14.962841574027006, 100.2772679804409 14.964620740772007, 100.2774203 14.9647073, 100.2807677 14.9666041, 100.2815124 14.9702493, 100.282287 14.9740404, 100.2830118 14.977588, 100.2838118 14.9815035, 100.284616 14.9854398, 100.2853596 14.9890791, 100.2878058 14.9916597, 100.2903163 14.9943076, 100.2912475 14.9975712, 100.2922636 15.0011324, 100.2932356 15.0045387, 100.2942427 15.0080682, 100.2952309 15.0115314, 100.2963364 15.0154057, 100.2972437 15.0185853, 100.2983188 15.0223528, 100.2992375 15.0255724, 100.3003558 15.029491, 100.3013247 15.0328863, 100.3020315 15.0353631, 100.3027296 15.0378093, 100.3019425 15.0409905, 100.3011043 15.0443783, 100.3003532 15.0474141, 100.2990657 15.0501131, 100.2975851 15.053211, 100.2993447 15.0554126, 100.3007877 15.0572257, 100.304001 15.056687, 100.3062594 15.0573707, 100.3093278 15.0578111, 100.3117964 15.059541, 100.3146612 15.0615486, 100.3182789 15.0640839, 100.321687 15.0664722, 100.3241008 15.0681637, 100.3284359 15.0712015, 100.3302766 15.074192, 100.3323739 15.0775993, 100.3343727 15.0808464, 100.3361579 15.0837465, 100.3383389 15.0872895, 100.3402854 15.0904517, 100.3422652 15.0936677, 100.3443307 15.0970229, 100.3462377 15.1001207, 100.3483938 15.103623, 100.3503031 15.1067245, 100.3524451 15.1102038, 100.3543935 15.1133685, 100.3563164 15.1164919, 100.3580857 15.1193657, 100.3600826 15.122609, 100.362137 15.1259459, 100.3640831 15.1291067, 100.3659516 15.1321415, 100.36791 15.1353221, 100.3699 15.1385542, 100.3718098 15.1416559, 100.3738667 15.1449964, 100.375965 15.1484041, 100.3779716 15.1516628, 100.3799655 15.154901, 100.3819886 15.1581863, 100.3839685 15.1614016, 100.3860673 15.1648099, 100.3879917 15.1679349, 100.3880391 15.1713051, 100.3880891 15.174857, 100.3881399 15.1784705, 100.3881926 15.1822188, 100.3882419 15.1857183, 100.388291 15.1892083, 100.3883343 15.1922844, 100.3883874 15.1960582, 100.3884393 15.1997487, 100.3884922 15.203512, 100.3885545 15.207934, 100.3885931 15.2106819, 100.3886354 15.2136838, 100.390792 15.2167061, 100.3929454 15.2197239, 100.3950455 15.2226669, 100.3973393 15.2258814, 100.3996622 15.2291367, 100.402038 15.2324659, 100.4039527 15.235149, 100.4058552 15.2378149, 100.4052651 15.2410032, 100.4052651 15.2456406, 100.403763 15.2496361, 100.4027867 15.2555879, 100.4019928 15.2597385, 100.4016012 15.2627091, 100.4009521 15.2661402, 100.4002011 15.2700785, 100.3994608 15.2739494, 100.3994954 15.2771688, 100.3995326 15.2806351, 100.3995627 15.2834397, 100.3996003 15.286938, 100.3973945 15.2900289, 100.3952853 15.2929845, 100.3930918 15.2960581, 100.390763 15.2993214, 100.3884852 15.302513, 100.387278 15.3059744, 100.385995 15.3096528, 100.384871 15.3128755, 100.3836119 15.3164856, 100.3824089 15.3199345, 100.3811671 15.3234948, 100.3799057 15.327111, 100.378679 15.3306279, 100.3796918 15.3339151, 100.3807437 15.3373294, 100.3818318 15.3408613, 100.3829376 15.3444502, 100.3839898 15.3478654, 100.3833792 15.3517939, 100.3828409 15.3552565, 100.382231 15.3591803, 100.3816545 15.3628891, 100.3810179 15.3669843, 100.3822088 15.3707603, 100.3834212 15.3749293, 100.3843653 15.3780017, 100.3853309 15.3813844, 100.3864467 15.3848602, 100.3874123 15.38816, 100.3885066 15.3916873, 100.3895473 15.3954525, 100.3906953 15.3990625, 100.3917575 15.4028586, 100.3929591 15.4066339, 100.3939891 15.410192, 100.3950727 15.4138534, 100.3960168 15.4173338, 100.3972292 15.421114, 100.3982109 15.4241134, 100.3983772 15.4273091, 100.3984601 15.4289222, 100.3986246 15.4321197, 100.3988192 15.4359043, 100.3990206 15.4398198, 100.3992235 15.4437641, 100.3994124 15.4474375, 100.3996189 15.4514518, 100.3998141 15.4552469, 100.400008 15.4590161, 100.4014848 15.4618616, 100.4029574 15.4646987, 100.4045351 15.4677385, 100.4062395 15.4710222, 100.4080877 15.474583, 100.4097835 15.47785, 100.4116532 15.481452, 100.413276 15.4845784, 100.4150598 15.4880148, 100.4168715 15.491505, 100.4185931 15.4948214, 100.4203533 15.4982123, 100.4221156 15.5016071, 100.4240089 15.5052542, 100.4257348 15.5085787, 100.4272932 15.5115806, 100.4288452 15.51457, 100.4305463 15.5178468, 100.4322722 15.5211711, 100.4338467 15.5242038, 100.4333065 15.5272837, 100.4326657 15.5309367, 100.4319588 15.5349666, 100.4312669 15.5389109, 100.4305794 15.5428302, 100.4299266 15.5465514, 100.4291964 15.5507133, 100.4285383 15.5544647, 100.4278943 15.5581356, 100.4272689 15.5617009, 100.4265464 15.565819, 100.4258567 15.5697502, 100.4252548 15.5731804, 100.4247381 15.5761256, 100.4241886 15.5792575, 100.4236489 15.5823333, 100.4244429 15.5854491, 100.4251778 15.5883427, 100.4260737 15.5918821, 100.42666811204921 15.594232969854309, 100.43122987068188 15.60239642507601)"
way/1221557706-230,TH66-230,230.0,1027.7989492113718,6419.51,Al/St 240/40 2-bundle 220.0,"LINESTRING (101.00116802454312 13.203815448706957, 101.00698316842168 13.20022445605981, 101.0090998 13.1996388, 101.0105253 13.1987189, 101.013047 13.1982128, 101.0152699 13.1977824, 101.0163232 13.1988778, 101.0190281 13.1985347, 101.0218832 13.1981892, 101.0217615 13.1971463, 101.0213947 13.1940007, 101.02108 13.1912361, 101.0206723 13.187876, 101.0236085 13.1858321, 101.0274959 13.1840737, 101.0288679 13.1813809, 101.0298657 13.1794927, 101.031121 13.1770744, 101.0327089 13.1739849, 101.0343182 13.170783, 101.0363654896035 13.1703083759206, 101.04063210000001 13.169887175787597)"
way/147606553-230,way/301623867-230,230.0,1027.7989492113718,6883.67,Al/St 240/40 2-bundle 220.0,"LINESTRING (100.39139859000485 13.711104334071589, 100.39289127538967 13.698626835995222, 100.3931727 13.6969818, 100.3935031 13.6950498, 100.3938411 13.6930736, 100.3941768 13.6911109, 100.3945153 13.6891315, 100.3948152 13.6873782, 100.3951422 13.685466, 100.3954694 13.6835529, 100.3957496 13.681915, 100.3960507 13.6801545, 100.3963357 13.6784879, 100.3966755 13.6765011, 100.3969903 13.6746604, 100.3972962 13.6728713, 100.3989536 13.6716724, 100.4005574 13.6705122, 100.402362 13.6692068, 100.4039842 13.6680333, 100.4053125 13.6670724, 100.406365 13.666311, 100.40764 13.6653886, 100.4089483 13.6644422, 100.4103167 13.6634523, 100.4119135 13.6622972, 100.4135068 13.6611445, 100.4152091 13.659913, 100.4170221 13.6586014, 100.418365 13.6576299, 100.41837862816334 13.657620041734729, 100.42353437309298 13.653379175508425)"
way/388836605-500,way/250742034-500,500.0,4468.691083527704,2387.44,Al/St 240/40 4-bundle 380.0,"LINESTRING (99.50827583046699 11.406165720270431, 99.50588823664287 11.412422912533684, 99.5059231 11.4124813, 99.5084202 11.4135461, 99.51012176819947 11.41553973515921, 99.51280117531321 11.422721957729243)"
way/382334126-230,way/382334127-230,230.0,1027.7989492113718,10934.33,Al/St 240/40 2-bundle 220.0,"LINESTRING (102.74623393044122 16.41590334232871, 102.749205281548 16.421431114710717, 102.7494031 16.4226249, 102.7473861 16.4246445, 102.7462891 16.4277601, 102.7459191 16.4314516, 102.7455047 16.4355872, 102.7451153 16.4394729, 102.7473397 16.4397383, 102.7496308 16.4400116, 102.755881 16.440738, 102.7593352 16.441159, 102.7628673 16.4415663, 102.7658438 16.4419057, 102.7691246 16.4422588, 102.7724132 16.4426528, 102.7756403 16.4430327, 102.7781278 16.4409791, 102.7810553 16.4385622, 102.7831941 16.4368565, 102.785645 16.4349019, 102.7881992 16.4328244, 102.7906948 16.4307764, 102.7932737 16.4286486, 102.7956861 16.4266952, 102.7982157 16.4246442, 102.8007376 16.4225964, 102.803467 16.4203621, 102.8059694 16.4183136, 102.8082215 16.4164699, 102.80952662011276 16.415426619707915, 102.8139789118364 16.41115437004777)"
way/295988731-230,TH89-230,230.0,2055.597898422744,10516.81,Al/St 240/40 2-bundle 220.0,"LINESTRING (100.65123359999998 6.911215585352635, 100.65382289841493 6.913319576862476, 100.6543403 6.91374, 100.657049 6.915946, 100.6598241 6.9182179, 100.6620131 6.9200069, 100.6645339 6.9220264, 100.6680607 6.9249348, 100.6708731 6.9271965, 100.6740198 6.9298078, 100.6768059 6.9320797, 100.6790724 6.9331333, 100.6818585 6.9344832, 100.6848657 6.9358331, 100.6862587 6.9384342, 100.6871985 6.9401902, 100.688492 6.9424839, 100.6903936 6.9444375, 100.6928259 6.9469178, 100.6950482 6.9491676, 100.6969277 6.9522624, 100.697188117325 6.9526923266576, 100.70418587104447 6.9567994985692)"
way/324258748-230,TH89-230,230.0,1027.7989492113718,43042.7,Al/St 240/40 2-bundle 220.0,"LINESTRING (100.45215624900318 6.7157079582440256, 100.45636656311494 6.7189755650927685, 100.4590349 6.7192338, 100.4616768 6.7194895, 100.4650944 6.7198203, 100.4671862 6.720613, 100.4706413 6.7219225, 100.4738248 6.723129, 100.4770718 6.7243596, 100.4798897 6.7254276, 100.4827219 6.726501, 100.4833124 6.7294884, 100.4839453 6.7326904, 100.4846258 6.736133, 100.4852594 6.7393389, 100.4858851 6.7425039, 100.4867064 6.7466591, 100.487348 6.7499049, 100.4881026 6.7537224, 100.4888385 6.7574453, 100.4893738 6.7601536, 100.4902764 6.7625023, 100.4909764 6.7643239, 100.4924229 6.7680881, 100.493582 6.771104, 100.4949892 6.7747658, 100.4961608 6.7778145, 100.4968786 6.7796824, 100.4996074 6.781176, 100.5019448 6.7824552, 100.5046539 6.783938, 100.508638 6.7861186, 100.5116565 6.7877706, 100.5152185 6.7897202, 100.5181941 6.7913488, 100.519987 6.79233, 100.5228741 6.7939102, 100.5251991 6.7951827, 100.5280976 6.796769, 100.5309423 6.7983259, 100.5339618 6.7999785, 100.5370004 6.8016415, 100.5392253 6.8028592, 100.5419976 6.8034027, 100.5446595 6.8039246, 100.5476314 6.8048935, 100.5507535 6.8059114, 100.5539882 6.8062097, 100.5565953 6.8078396, 100.5598441 6.8089217, 100.5625766 6.8098318, 100.5649971 6.8110281, 100.5686653 6.8128413, 100.5718142 6.8129212, 100.5756918 6.8141761, 100.5786822 6.8151439, 100.5826353 6.8164233, 100.5855851 6.8173779, 100.5893416 6.8185936, 100.5957672 6.8206731, 100.5997995 6.8219781, 100.602682 6.822911, 100.6049287 6.823638, 100.6065397 6.8267158, 100.607535 6.8286172, 100.6098774 6.8330923, 100.6124149 6.8360582, 100.6143306 6.8382973, 100.6170228 6.8414439, 100.6196429 6.8452762, 100.6223409 6.8492225, 100.6240495 6.8517216, 100.6265939 6.8554431, 100.6295297 6.859737, 100.6314617 6.8625629, 100.633596 6.8656844, 100.6354914 6.8684567, 100.6377615 6.8717769, 100.6393627 6.8741188, 100.6415945 6.8773829, 100.6438211 6.8806395, 100.6460815 6.8839454, 100.6493508 6.8887269, 100.6508026 6.8908501, 100.6508101 6.8934543, 100.6508209 6.8972116, 100.6508306 6.9005827, 100.6508421 6.9045715, 100.65084928585273 6.907039055750812, 100.65123359999998 6.911215585352635)"
way/1419197270-230,TH72-230,230.0,2055.597898422744,8440.02,Al/St 240/40 2-bundle 220.0,"LINESTRING (100.97845225805764 13.008202258787174, 100.97586549143229 13.004402176043666, 100.9749875 13.0028658, 100.9760738 12.99957, 100.9772657 12.9959647, 100.9783856 12.9925768, 100.9804543 12.9910526, 100.9812745 12.9892753, 100.9828819 12.9857923, 100.984096 12.9831614, 100.9869252 12.9826024, 100.9902688 12.9819347, 100.991176 12.9792956, 100.9922839 12.9760729, 100.9948292 12.9731313, 100.9970488 12.9705822, 101.0002839 12.9705173, 101.0037245 12.9704504, 101.0069365 12.970388, 101.0102686 12.9703232, 101.016223 12.9675542, 101.0179821 12.9666987, 101.0209304 12.9650785, 101.0236416 12.9634634, 101.02466403571654 12.963019028921318, 101.02931579999999 12.96099717602338)"
TH30-230,way/550636268-230,230.0,1027.7989492113718,48814.15,Al/St 240/40 2-bundle 220.0,"LINESTRING (101.54534439999789 14.807252674324305, 101.54428588047669 14.803395408850937, 101.5440653 14.8027473, 101.5427805 14.7990779, 101.5416473 14.7957871, 101.5407574 14.7932476, 101.5399032 14.7908294, 101.5390375 14.7882749, 101.5388511 14.7851058, 101.5386915 14.7818653, 101.5385346 14.7787726, 101.538379 14.7755243, 101.538778 14.7734443, 101.5393863 14.7702128, 101.5396706 14.7686878, 101.5421489 14.7661688, 101.5410241 14.7632052, 101.5400488 14.7606712, 101.5389071 14.7577011, 101.5376405 14.7543577, 101.5403911 14.751537, 101.5432677 14.7485667, 101.5460194 14.7457158, 101.5486486 14.7430129, 101.5505359 14.74105, 101.5539983 14.7418042, 101.5573933 14.7425363, 101.5608493 14.7433073, 101.5642295 14.7440531, 101.5676346 14.7448073, 101.5683226 14.7481793, 101.5692822 14.7527275, 101.5699225 14.7557875, 101.5679558 14.7574281, 101.564253 14.7605243, 101.5627711 14.7636458, 101.563785 14.7668567, 101.5648243 14.7702712, 101.5662419 14.7747516, 101.5678049 14.7797541, 101.5686532 14.7824672, 101.5729192 14.7843837, 101.5776292 14.7864941, 101.5810866 14.7880417, 101.5843729 14.7895199, 101.5870109 14.7907024, 101.5905869 14.792296, 101.5946136 14.7941133, 101.5976479 14.7954864, 101.6014378 14.7972025, 101.6064971 14.7994645, 101.6096635 14.8008797, 101.6138598 14.8027728, 101.6167948 14.8040823, 101.6203749 14.8056972, 101.6238658 14.8072622, 101.6280222 14.8073393, 101.6315175 14.8073925, 101.6322458 14.8074029, 101.6355002 14.8074495, 101.6392281 14.8075173, 101.642947 14.8075841, 101.6471199 14.8076557, 101.650656 14.8077033, 101.6547501 14.807787, 101.6586373 14.8078463, 101.6623675 14.8079124, 101.666176 14.8079701, 101.669805 14.8080385, 101.6736141 14.8081004, 101.6775183 14.808163, 101.6812889 14.8082239, 101.6850701 14.8082881, 101.687526 14.8100725, 101.6900164 14.8118332, 101.6932438 14.8118209, 101.6965315 14.8117891, 101.6997367 14.8117632, 101.7025906 14.8142668, 101.7054257 14.8167574, 101.7082447 14.8192142, 101.7110811 14.8216983, 101.7142193 14.8244481, 101.716636 14.8265756, 101.7196588 14.829197, 101.7221761 14.8313971, 101.7256308 14.8319234, 101.7293617 14.8324809, 101.733043 14.8330396, 101.736998 14.8336308, 101.7410991 14.8342479, 101.7450674 14.8348468, 101.749265 14.8354821, 101.7530268 14.8360201, 101.756629 14.8365646, 101.7606296 14.8371752, 101.7646033 14.8377404, 101.7685984 14.8383432, 101.7724903 14.8389214, 101.7766209 14.8395307, 101.7803197 14.8400803, 101.7820832 14.8403539, 101.7824011 14.8407603, 101.7819035 14.8438916, 101.7813429 14.8475071, 101.7808212 14.8507233, 101.7803358 14.8539109, 101.7799053 14.856554, 101.7794077 14.8597687, 101.7789142 14.8628914, 101.7798087 14.8655901, 101.7799128060797 14.865903556781685, 101.78244958160182 14.871778903954677)"
way/550636268-230,way/550622477-230,230.0,1027.7989492113718,40722.92,Al/St 240/40 2-bundle 220.0,"LINESTRING (101.78244958160182 14.871778903954677, 101.7799128060797 14.865903556781685, 101.7798087 14.8655901, 101.7789142 14.8628914, 101.7794077 14.8597687, 101.7799053 14.856554, 101.7803358 14.8539109, 101.7808212 14.8507233, 101.7813429 14.8475071, 101.7819035 14.8438916, 101.7824011 14.8407603, 101.7828255 14.8404492, 101.7842404 14.8406527, 101.7884166 14.8412827, 101.7920416 14.8418168, 101.7961802 14.84243, 101.7998864 14.8429803, 101.8037769 14.8435598, 101.8076836 14.8441444, 101.8115902 14.8447161, 101.8157597 14.845341, 101.8196677 14.8459438, 101.8234348 14.8465064, 101.8271376 14.8470443, 101.830992 14.8476069, 101.834908 14.8481825, 101.8386778 14.848771, 101.8424436 14.8501659, 101.8460633 14.8515322, 101.8497634 14.8529309, 101.8534528 14.8543063, 101.8573017 14.8557581, 101.8610971 14.8571749, 101.8646966 14.8585191, 101.8684517 14.8599282, 101.8718889 14.8612128, 101.8755676 14.862614, 101.8792731 14.8639854, 101.8831408 14.8654281, 101.8866384 14.8667496, 101.8902902 14.8681307, 101.8939944 14.869515, 101.8976717 14.8709, 101.9013543 14.8722863, 101.9050558 14.8736628, 101.9085735 14.8749875, 101.9121221 14.8763251, 101.9157176 14.8776628, 101.9191468 14.8789641, 101.9226336 14.8802745, 101.9261406 14.8815849, 101.9297254 14.8829471, 101.9331358 14.8842134, 101.9366898 14.8855367, 101.9401807 14.886838, 101.9436863 14.8881704, 101.9472161 14.8894898, 101.9507217 14.8908079, 101.954222 14.892148, 101.9577438 14.8934648, 101.9612695 14.8947427, 101.9651158 14.8961774, 101.9682352 14.8973309, 101.9716242 14.8994628, 101.9750782 14.9016071, 101.9785403 14.9037409, 101.9820144 14.9058631, 101.9852619 14.9078881, 101.9885664 14.9098851, 101.9920532 14.9119898, 101.994608 14.9142278, 101.9977167 14.9169428, 102.0008026 14.919637, 102.003808 14.9222572, 102.0067008 14.9253505, 102.0097008 14.9285512, 102.0123368 14.9308675, 102.0146187 14.9328922, 102.014848 14.9358829, 102.0131958 14.9383009, 102.0122516 14.9410233, 102.0126191 14.9441785, 102.0138904 14.9447311, 102.0152986 14.9452565, 102.0161515 14.9457431, 102.0175262 14.9464486, 102.01801677421189 14.947094742923733, 102.02054973328457 14.951340472335335)"
way/381823435-230,way/404563246-230,230.0,1027.7989492113718,7800.35,Al/St 240/40 2-bundle 220.0,"LINESTRING (101.02521800557109 14.603557219702399, 101.03146592662284 14.604369109536117, 101.0342463 14.6041658, 101.0381814 14.6039164, 101.042107 14.6036671, 101.0459244 14.6034116, 101.0493664 14.6031622, 101.0529389 14.6029467, 101.0561269 14.6027737, 101.0596567 14.6025167, 101.0631221 14.6023039, 101.0658781 14.6020716, 101.0670338 14.60202, 101.0690125 14.6018641, 101.0723505 14.6033059, 101.0758441 14.6047854, 101.077951 14.6074211, 101.07950156494847 14.609347537596568, 101.08308500559933 14.613447645004326)"
way/404563246-230,TH39-230,230.0,513.8994746056859,60564.33,Al/St 240/40 2-bundle 220.0,"LINESTRING (100.90820069999997 14.32867547459544, 100.91244812749161 14.328409281794373, 100.9130436 14.3284339, 100.9168661 14.3284947, 100.9205276 14.3285587, 100.9235763 14.3299062, 100.926698 14.3312803, 100.9294598 14.3324953, 100.9330312 14.3340684, 100.9364457 14.3355735, 100.9397937 14.3368802, 100.9432309 14.3382341, 100.945153 14.3389802, 100.9486268 14.3403377, 100.9511183 14.3421753, 100.9534841 14.3439205, 100.9554743 14.3453796, 100.9568382 14.3482107, 100.9582534 14.351113, 100.9594274 14.3535219, 100.9607082 14.3561672, 100.9619709 14.3587408, 100.9650427 14.3608935, 100.9683854 14.3631817, 100.9716721 14.365466, 100.9741398 14.367151, 100.9771214 14.3692329, 100.9801305 14.3693401, 100.9841772 14.3694804, 100.9880581 14.3696188, 100.9911359 14.3697325, 100.9942339 14.3704015, 100.9969489 14.3709881, 100.9996891 14.3715912, 101.0026335 14.3722577, 101.0052822 14.3742967, 101.0080858 14.376447, 101.0111485 14.3787994, 101.0142052 14.3811653, 101.0173739 14.3836086, 101.020496 14.3860157, 101.0236852 14.3884897, 101.0265665 14.3907007, 101.0301185 14.3908728, 101.0338132 14.3909988, 101.0372104 14.3911374, 101.0405335 14.3912729, 101.0432291 14.3913846, 101.0464236 14.3924563, 101.0499038 14.3936651, 101.052012 14.394375, 101.0558543 14.3956941, 101.058967 14.3967684, 101.0629185 14.3981427, 101.0645728 14.3977582, 101.0678096 14.3970225, 101.0716868 14.3960962, 101.0731472 14.3957651, 101.0748055 14.3969549, 101.0751327 14.3980402, 101.0770907 14.4004641, 101.0787114 14.4016689, 101.0811529 14.4034069, 101.0836816 14.4066504, 101.085767 14.4093359, 101.0875359 14.4115717, 101.0894292 14.4140113, 101.0904974 14.4168643, 101.0916206 14.4199004, 101.0935008 14.4218954, 101.0944677 14.4259601, 101.0967241 14.4295221, 101.0970343 14.4315862, 101.0974493 14.4343883, 101.0955145 14.4371943, 101.0941304 14.4391957, 101.092154 14.4420938, 101.089919 14.4453302, 101.0887355 14.4470666, 101.0873207 14.4475419, 101.0833885 14.4489497, 101.079956 14.450164, 101.0774977 14.4510419, 101.0757422 14.4516451, 101.0731432 14.4523412, 101.0701015 14.4531879, 101.0666804 14.4540632, 101.0631694 14.4550132, 101.0597603 14.455917, 101.0575924 14.4564995, 101.0549927 14.457165, 101.0533283 14.4576579, 101.0524452 14.4579695, 101.050398 14.4587143, 101.0468736 14.4600428, 101.0432184 14.4614141, 101.0401714 14.462579, 101.0365223 14.4639055, 101.0347953 14.4645632, 101.0338351 14.4673708, 101.0329861 14.4698517, 101.0319438 14.4728228, 101.0309815 14.4756718, 101.0305906 14.4795251, 101.0302741 14.4831538, 101.029916 14.4869382, 101.0295512 14.4908478, 101.0323655 14.4936914, 101.03509 14.4965654, 101.0378419 14.4993213, 101.0403773 14.5019064, 101.0428248 14.5044181, 101.0451952 14.5068324, 101.0474483 14.5091317, 101.0501667 14.5119121, 101.0528878 14.5146944, 101.0554386 14.5173085, 101.0580993 14.5200095, 101.060854 14.5228242, 101.0635952 14.525629, 101.0643536 14.529179, 101.0651669 14.5328932, 101.065977 14.536741, 101.0667488 14.5401987, 101.0674247 14.5434116, 101.0681341 14.5466556, 101.0687202 14.5493745, 101.0695383 14.5532207, 101.0726155 14.5552596, 101.0744494 14.5564882, 101.0777264 14.5586969, 101.0804596 14.5605751, 101.081275 14.5632036, 101.0818959 14.5651526, 101.0807587 14.5678161, 101.0796259 14.5704917, 101.078633 14.5735563, 101.0770773 14.576857, 101.0760728 14.5788623, 101.0747016 14.5820837, 101.0731895 14.5856393, 101.071758 14.5890895, 101.0706414 14.591712, 101.0695148 14.5943934, 101.0685204 14.5970734, 101.0677794 14.5991083, 101.0669875 14.601262, 101.0670338 14.60202, 101.0690125 14.6018641, 101.0723505 14.6033059, 101.0758441 14.6047854, 101.077951 14.6074211, 101.07950156494847 14.609347537596568, 101.08308500559933 14.613447645004326)"
TH39-230,way/381823390-230,230.0,513.8994746056859,24169.89,Al/St 240/40 2-bundle 220.0,"LINESTRING (100.77856071847899 14.227560932469604, 100.78685512167239 14.233760312512409, 100.7877909 14.2349913, 100.7894002 14.2372115, 100.791208 14.2396502, 100.7927423 14.241704, 100.7949309 14.2446677, 100.7969158 14.2475846, 100.7998233 14.2489729, 100.8029027 14.2504388, 100.8061214 14.252009, 100.8090195 14.2532948, 100.8099676 14.2562152, 100.8110242 14.2594491, 100.8121668 14.2629533, 100.813288 14.2664366, 100.8142804 14.2694936, 100.8154069 14.2729404, 100.8165549 14.2764964, 100.8175527 14.2795741, 100.8199023 14.2823397, 100.8223592 14.2852821, 100.8244956 14.287793, 100.8265112 14.2901063, 100.8287895 14.2927009, 100.8310227 14.2953567, 100.8331363 14.2978415, 100.8351319 14.2999883, 100.8371167 14.3021144, 100.83913 14.304294, 100.8411776 14.3064704, 100.843259 14.3087004, 100.8466493 14.3084405, 100.8502021 14.3081613, 100.853961 14.3078479, 100.8572762 14.3078947, 100.86035 14.3079518, 100.8633112 14.3080194, 100.8664762 14.307115, 100.8700773 14.3061705, 100.8731672 14.3052868, 100.8757351 14.306959, 100.878353 14.3086536, 100.8812927 14.3104833, 100.8842646 14.3123857, 100.8873883 14.3143822, 100.8904337 14.3163361, 100.8928155 14.3187167, 100.8952364 14.3211508, 100.8975147 14.3234154, 100.9000467 14.3258999, 100.9022568 14.3281141, 100.90430977958879 14.328160624817988, 100.90820069999997 14.32867547459544)"
way/550172093-230,way/254460966-230,230.0,513.8994746056859,121387.06,Al/St 240/40 2-bundle 220.0,"LINESTRING (100.10094369220522 15.705527516577842, 100.09496407975963 15.709584528456661, 100.0938363 15.7102264, 100.0913325 15.7116497, 100.0904663 15.7121285, 100.0891234 15.7128709, 100.0888199 15.7130387, 100.0863429 15.7144408, 100.0857333 15.7174572, 100.0851037 15.7207117, 100.08447 15.7239422, 100.0838431 15.7272172, 100.0832302 15.7303954, 100.0826173 15.7335377, 100.0820078 15.7366861, 100.0813667 15.7400067, 100.0807438 15.743226, 100.0801168 15.7464639, 100.0795093 15.7496031, 100.0788568 15.7529271, 100.0782356 15.7562016, 100.0797651 15.7588599, 100.0814012 15.7616406, 100.0830112 15.7643891, 100.084587 15.7670995, 100.0862111 15.7698608, 100.0876937 15.7723911, 100.0895786 15.775626, 100.0910887 15.7782071, 100.0924801 15.7806127, 100.0939365 15.7830951, 100.0955988 15.7859446, 100.0972035 15.788685, 100.0988349 15.7914712, 100.1004684 15.7942838, 100.1021143 15.7971222, 100.10379 15.7999837, 100.1054328 15.8027949, 100.1070536 15.8055596, 100.1085864 15.8081998, 100.1102474 15.8110438, 100.1119043 15.8138567, 100.1134935 15.8166032, 100.1152169 15.8195593, 100.1167839 15.8222767, 100.118346 15.8249276, 100.120023 15.827812, 100.1216505 15.8305822, 100.1232893 15.8333916, 100.1249831 15.8363017, 100.1265985 15.8390485, 100.1282863 15.8419921, 100.1299559 15.8448291, 100.131574 15.8477223, 100.1319495 15.8509824, 100.1323216 15.8541489, 100.132671 15.8572806, 100.1330653 15.8605761, 100.1334079 15.8636889, 100.1337975 15.8670159, 100.1341797 15.8703486, 100.1345496 15.8736219, 100.1349291 15.8768964, 100.1353147 15.8803238, 100.1367563 15.8928337, 100.1371158 15.8959045, 100.1374701 15.8990145, 100.1378319 15.9021613, 100.1381793 15.9051523, 100.1385313 15.9082567, 100.1388937 15.911484, 100.1392655 15.914686, 100.1396364 15.9178773, 100.139981 15.9209268, 100.1403391 15.9240729, 100.1407086 15.927246, 100.1410683 15.9304055, 100.1414214 15.9335112, 100.1417825 15.9366526, 100.1421499 15.9397865, 100.142509 15.9428795, 100.1428624 15.9460523, 100.1432325 15.9492741, 100.1435839 15.9524139, 100.1439534 15.9555654, 100.1443115 15.9587019, 100.1447037 15.9618055, 100.1450464 15.9649516, 100.145436 15.9681151, 100.1458135 15.9713571, 100.1461662 15.9744225, 100.1464666 15.9777296, 100.1468361 15.9809244, 100.1472049 15.9841631, 100.1475254 15.9872592, 100.1478533 15.9903533, 100.1481691 15.9934345, 100.1484994 15.9967078, 100.1488293 15.9998527, 100.1491233 16.0028422, 100.1494298 16.0059426, 100.1497543 16.0090702, 100.1500678 16.0122046, 100.1503773 16.0153309, 100.1507048 16.0185136, 100.1510334 16.0217432, 100.1513365 16.0248446, 100.1516523 16.0280612, 100.1519869 16.0312237, 100.1522873 16.0342927, 100.1526112 16.0375372, 100.1529311 16.0406367, 100.1532442 16.0437767, 100.1535557 16.0468842, 100.1538692 16.0500338, 100.1541964 16.0532619, 100.154533 16.0564881, 100.1548448 16.0596263, 100.1551724 16.0628124, 100.155502 16.0660565, 100.1558123 16.0692309, 100.1561387 16.0724096, 100.1564659 16.0756503, 100.1567834 16.0787225, 100.1570969 16.0819054, 100.1574187 16.0850844, 100.157749 16.0882666, 100.1580527 16.0913717, 100.158376 16.0945467, 100.1586982 16.0977761, 100.1590022 16.1008762, 100.1593117 16.1039796, 100.1596218 16.1071589, 100.159946 16.1102631, 100.1602612 16.1134252, 100.1605777 16.116661, 100.1608781 16.1197, 100.1611926 16.122937, 100.1615061 16.1260513, 100.1618236 16.1292151, 100.1615473 16.1323176, 100.1612784 16.1355281, 100.1609963 16.1386814, 100.1607401 16.1418547, 100.1604552 16.1450195, 100.1601732 16.1481205, 100.1599113 16.1513529, 100.1596549 16.1544558, 100.1593742 16.1576787, 100.1590993 16.1607882, 100.1588375 16.1638977, 100.1585531 16.1670957, 100.1582873 16.170255, 100.1580123 16.173439, 100.1577515 16.176575, 100.1574598 16.179767, 100.1571886 16.1829502, 100.156919 16.1861398, 100.1566471 16.1892798, 100.1563849 16.1924503, 100.1560959 16.1956926, 100.1558444 16.1987816, 100.1555628 16.2019831, 100.1552865 16.2051428, 100.1550083 16.2082989, 100.1547377 16.2115232, 100.1544596 16.2146887, 100.1541929 16.2178249, 100.1539129 16.2211102, 100.1536263 16.224285, 100.1533557 16.2275731, 100.1530623 16.2308338, 100.1528011 16.2340072, 100.1525195 16.2371242, 100.1522258 16.240398, 100.1519703 16.2434983, 100.1516994 16.2465823, 100.151446 16.249703, 100.151157 16.25285, 100.1508928 16.2559941, 100.1506058 16.2592871, 100.1503235 16.2625727, 100.1500673 16.2657565, 100.149783 16.2688344, 100.1495195 16.2719251, 100.1492429 16.275122, 100.148973 16.2782731, 100.1487153 16.2813972, 100.1484216 16.2845715, 100.1481517 16.2877054, 100.1478845 16.2908592, 100.1476002 16.2941131, 100.1473273 16.2973466, 100.147057 16.3005382, 100.1467727 16.303788, 100.1465129 16.3069339, 100.1462333 16.3101215, 100.1459523 16.3133676, 100.1456777 16.3165207, 100.1453984 16.3196701, 100.1451262 16.3228511, 100.1448492 16.3260816, 100.1445656 16.3292464, 100.1442994 16.3323747, 100.1440094 16.3356042, 100.1437297 16.3388139, 100.1434478 16.3420319, 100.1431762 16.3451095, 100.1428966 16.3482666, 100.1426116 16.3515761, 100.1423387 16.3547315, 100.142053 16.3579781, 100.1417587 16.3612308, 100.1414904 16.3644674, 100.1412034 16.3677471, 100.1409258 16.3710582, 100.1406415 16.3742411, 100.1403549 16.3774506, 100.1400742 16.380683, 100.1397976 16.3838389, 100.139514 16.386867, 100.1392444 16.3901787, 100.1389574 16.3934187, 100.1386781 16.3966139, 100.1384014 16.3998089, 100.1381269 16.4029765, 100.137856 16.4060133, 100.1375815 16.4091974, 100.1375058 16.4244504, 100.1376472 16.4276197, 100.1377793 16.4307604, 100.1379167 16.4339515, 100.1380589 16.4371123, 100.1382014 16.440374, 100.1383482 16.4435854, 100.1384803 16.4466904, 100.1386141 16.4498497, 100.138765 16.4530868, 100.1388957 16.4561958, 100.1390386 16.4593128, 100.1391831 16.4625706, 100.1393343 16.4658839, 100.1394523 16.468932, 100.1396012 16.4721372, 100.13975 16.4753227, 100.1398888 16.4784677, 100.1400146 16.4815734, 100.1400722 16.482725, 100.1404689 16.4831523, 100.1429291 16.4831497, 100.1452807 16.4831465, 100.1475593 16.4828559, 100.1494978 16.4825987, 100.1525931 16.4828687, 100.1556803 16.4831266, 100.1594777 16.4831247, 100.1630222 16.4831079, 100.1663984 16.4830989, 100.1694039 16.4830938, 100.1722913 16.4830835, 100.1750043 16.4827427, 100.1782256 16.4823576, 100.1818822 16.4819203, 100.1851873 16.4815249, 100.1884308 16.4811249, 100.1915891 16.4807558, 100.1949821 16.4803302, 100.198192 16.4799463, 100.2010392 16.4810266, 100.2044489 16.4823453, 100.2078969 16.4836506, 100.2109848 16.4848395, 100.2139714 16.485968, 100.217284 16.4872449, 100.2204496 16.4884499, 100.223452 16.4896005, 100.2261104 16.490616, 100.2288912 16.4916776, 100.2310698 16.4925147, 100.2335137 16.4934608, 100.237191 16.4931066, 100.2402145 16.4928185, 100.2434841 16.4925003, 100.2473485 16.4921241, 100.2509286 16.4917917, 100.2544899 16.4914554, 100.2579318 16.4911217, 100.2610948 16.4895767, 100.2637013 16.488301, 100.2669072 16.4867354, 100.2698284 16.4853083, 100.2727008 16.4839223, 100.2755995 16.4825218, 100.2784581 16.4811458, 100.2817545 16.4795467, 100.2849464 16.4779977, 100.2874995 16.4767724, 100.2908496 16.4751517, 100.2932354 16.4740052, 100.2956628 16.4728336, 100.2987111 16.4724233, 100.302249 16.4719398, 100.3059216 16.4714376, 100.3094292 16.4709585, 100.3126338 16.4705289, 100.3156989 16.4701155, 100.3187479 16.4696975, 100.3213711 16.47069, 100.32446 16.4718764, 100.32768 16.4731117, 100.3308842 16.4744106, 100.3328731 16.4752137, 100.3346427 16.476802, 100.3375435 16.478468, 100.339698 16.4797116, 100.3432774 16.480498, 100.3450936 16.4794206, 100.3482713 16.4775067, 100.3511238 16.4757899, 100.3537692 16.4742138, 100.3566524 16.4724353, 100.3595361 16.4707236, 100.3617398 16.4693985, 100.3644364 16.4680157, 100.3675946 16.4663952, 100.3724528 16.4646662, 100.3763097 16.4645945, 100.3779582 16.4631945, 100.37988485466171 16.461558383593466, 100.38546573367628 16.460609932836064)"
way/401998847-230,way/254460966-230,230.0,513.8994746056859,144415.06,Al/St 240/40 2-bundle 220.0,"LINESTRING (100.10094369220522 15.705527516577842, 100.09496407975963 15.709584528456661, 100.0938363 15.7102264, 100.0913325 15.7116497, 100.0904663 15.7121285, 100.0891234 15.7128709, 100.0888199 15.7130387, 100.0863429 15.7144408, 100.0857333 15.7174572, 100.0851037 15.7207117, 100.08447 15.7239422, 100.0838431 15.7272172, 100.0832302 15.7303954, 100.0826173 15.7335377, 100.0820078 15.7366861, 100.0813667 15.7400067, 100.0807438 15.743226, 100.0801168 15.7464639, 100.0795093 15.7496031, 100.0788568 15.7529271, 100.0782356 15.7562016, 100.0797651 15.7588599, 100.0814012 15.7616406, 100.0830112 15.7643891, 100.084587 15.7670995, 100.0862111 15.7698608, 100.0876937 15.7723911, 100.0895786 15.775626, 100.0910887 15.7782071, 100.0924801 15.7806127, 100.0939365 15.7830951, 100.0955988 15.7859446, 100.0972035 15.788685, 100.0988349 15.7914712, 100.1004684 15.7942838, 100.1021143 15.7971222, 100.10379 15.7999837, 100.1054328 15.8027949, 100.1070536 15.8055596, 100.1085864 15.8081998, 100.1102474 15.8110438, 100.1119043 15.8138567, 100.1134935 15.8166032, 100.1152169 15.8195593, 100.1167839 15.8222767, 100.118346 15.8249276, 100.120023 15.827812, 100.1216505 15.8305822, 100.1232893 15.8333916, 100.1249831 15.8363017, 100.1265985 15.8390485, 100.1282863 15.8419921, 100.1299559 15.8448291, 100.131574 15.8477223, 100.1319495 15.8509824, 100.1323216 15.8541489, 100.132671 15.8572806, 100.1330653 15.8605761, 100.1334079 15.8636889, 100.1337975 15.8670159, 100.1341797 15.8703486, 100.1345496 15.8736219, 100.1349291 15.8768964, 100.1353147 15.8803238, 100.1367563 15.8928337, 100.1371158 15.8959045, 100.1374701 15.8990145, 100.1378319 15.9021613, 100.1381793 15.9051523, 100.1385313 15.9082567, 100.1388937 15.911484, 100.1392655 15.914686, 100.1396364 15.9178773, 100.139981 15.9209268, 100.1403391 15.9240729, 100.1407086 15.927246, 100.1410683 15.9304055, 100.1414214 15.9335112, 100.1417825 15.9366526, 100.1421499 15.9397865, 100.142509 15.9428795, 100.1428624 15.9460523, 100.1432325 15.9492741, 100.1435839 15.9524139, 100.1439534 15.9555654, 100.1443115 15.9587019, 100.1447037 15.9618055, 100.1450464 15.9649516, 100.145436 15.9681151, 100.1458135 15.9713571, 100.1461662 15.9744225, 100.1464666 15.9777296, 100.1468361 15.9809244, 100.1472049 15.9841631, 100.1475254 15.9872592, 100.1478533 15.9903533, 100.1481691 15.9934345, 100.1484994 15.9967078, 100.1488293 15.9998527, 100.1491233 16.0028422, 100.1494298 16.0059426, 100.1497543 16.0090702, 100.1500678 16.0122046, 100.1503773 16.0153309, 100.1507048 16.0185136, 100.1510334 16.0217432, 100.1513365 16.0248446, 100.1516523 16.0280612, 100.1519869 16.0312237, 100.1522873 16.0342927, 100.1526112 16.0375372, 100.1529311 16.0406367, 100.1532442 16.0437767, 100.1535557 16.0468842, 100.1538692 16.0500338, 100.1541964 16.0532619, 100.154533 16.0564881, 100.1548448 16.0596263, 100.1551724 16.0628124, 100.155502 16.0660565, 100.1558123 16.0692309, 100.1561387 16.0724096, 100.1564659 16.0756503, 100.1567834 16.0787225, 100.1570969 16.0819054, 100.1574187 16.0850844, 100.157749 16.0882666, 100.1580527 16.0913717, 100.158376 16.0945467, 100.1586982 16.0977761, 100.1590022 16.1008762, 100.1593117 16.1039796, 100.1596218 16.1071589, 100.159946 16.1102631, 100.1602612 16.1134252, 100.1605777 16.116661, 100.1608781 16.1197, 100.1611926 16.122937, 100.1615061 16.1260513, 100.1618236 16.1292151, 100.1615473 16.1323176, 100.1612784 16.1355281, 100.1609963 16.1386814, 100.1607401 16.1418547, 100.1604552 16.1450195, 100.1601732 16.1481205, 100.1599113 16.1513529, 100.1596549 16.1544558, 100.1593742 16.1576787, 100.1590993 16.1607882, 100.1588375 16.1638977, 100.1585531 16.1670957, 100.1582873 16.170255, 100.1580123 16.173439, 100.1577515 16.176575, 100.1574598 16.179767, 100.1571886 16.1829502, 100.156919 16.1861398, 100.1566471 16.1892798, 100.1563849 16.1924503, 100.1560959 16.1956926, 100.1558444 16.1987816, 100.1555628 16.2019831, 100.1552865 16.2051428, 100.1550083 16.2082989, 100.1547377 16.2115232, 100.1544596 16.2146887, 100.1541929 16.2178249, 100.1539129 16.2211102, 100.1536263 16.224285, 100.1533557 16.2275731, 100.1530623 16.2308338, 100.1528011 16.2340072, 100.1525195 16.2371242, 100.1522258 16.240398, 100.1519703 16.2434983, 100.1516994 16.2465823, 100.151446 16.249703, 100.151157 16.25285, 100.1508928 16.2559941, 100.1506058 16.2592871, 100.1503235 16.2625727, 100.1500673 16.2657565, 100.149783 16.2688344, 100.1495195 16.2719251, 100.1492429 16.275122, 100.148973 16.2782731, 100.1487153 16.2813972, 100.1484216 16.2845715, 100.1481517 16.2877054, 100.1478845 16.2908592, 100.1476002 16.2941131, 100.1473273 16.2973466, 100.147057 16.3005382, 100.1467727 16.303788, 100.1465129 16.3069339, 100.1462333 16.3101215, 100.1459523 16.3133676, 100.1456777 16.3165207, 100.1453984 16.3196701, 100.1451262 16.3228511, 100.1448492 16.3260816, 100.1445656 16.3292464, 100.1442994 16.3323747, 100.1440094 16.3356042, 100.1437297 16.3388139, 100.1434478 16.3420319, 100.1431762 16.3451095, 100.1428966 16.3482666, 100.1426116 16.3515761, 100.1423387 16.3547315, 100.142053 16.3579781, 100.1417587 16.3612308, 100.1414904 16.3644674, 100.1412034 16.3677471, 100.1409258 16.3710582, 100.1406415 16.3742411, 100.1403549 16.3774506, 100.1400742 16.380683, 100.1397976 16.3838389, 100.139514 16.386867, 100.1392444 16.3901787, 100.1389574 16.3934187, 100.1386781 16.3966139, 100.1384014 16.3998089, 100.1381269 16.4029765, 100.137856 16.4060133, 100.1375815 16.4091974, 100.1375058 16.4244504, 100.1376472 16.4276197, 100.1377793 16.4307604, 100.1379167 16.4339515, 100.1380589 16.4371123, 100.1382014 16.440374, 100.1383482 16.4435854, 100.1384803 16.4466904, 100.1386141 16.4498497, 100.138765 16.4530868, 100.1388957 16.4561958, 100.1390386 16.4593128, 100.1391831 16.4625706, 100.1393343 16.4658839, 100.1394523 16.468932, 100.1396012 16.4721372, 100.13975 16.4753227, 100.1398888 16.4784677, 100.1400146 16.4815734, 100.1400722 16.482725, 100.1401175 16.4836243, 100.1401691 16.4847296, 100.1403106 16.4879303, 100.1404621 16.4912436, 100.1405942 16.4946037, 100.1413262 16.4977645, 100.1420269 16.5007815, 100.1426988 16.503827, 100.1435557 16.5075188, 100.1441559 16.5100872, 100.1448643 16.5132146, 100.1455889 16.5163323, 100.1462936 16.5193995, 100.1469756 16.5224094, 100.1476783 16.5254926, 100.1483649 16.5285008, 100.1490714 16.5315292, 100.1497724 16.5346048, 100.1504809 16.5376945, 100.1511722 16.5407401, 100.1518889 16.5438522, 100.1526253 16.5470498, 100.1533602 16.5502521, 100.1540677 16.5533133, 100.1547858 16.5564914, 100.1555221 16.5596997, 100.1562329 16.5627912, 100.1569544 16.5659116, 100.1576464 16.5690063, 100.1583505 16.5720585, 100.1590499 16.5751094, 100.1597627 16.578229, 100.1604634 16.5813074, 100.1611695 16.5843114, 100.1618886 16.5874778, 100.1625927 16.5905548, 100.1633149 16.5936966, 100.1640371 16.5967889, 100.164765 16.6000437, 100.1655334 16.6033117, 100.1662771 16.6064874, 100.1670174 16.6098114, 100.1677583 16.6130435, 100.1685144 16.6162534, 100.1692365 16.619407, 100.1699742 16.6226692, 100.1698367 16.6258789, 100.1696862 16.629149, 100.1695242 16.6324219, 100.1693901 16.6357426, 100.1692382 16.6389804, 100.1690954 16.6422791, 100.1689576 16.6454722, 100.1688034 16.648641, 100.1686562 16.6519204, 100.168514 16.6551351, 100.1683662 16.6584123, 100.1682042 16.6616131, 100.1680835 16.6647319, 100.1679531 16.6679194, 100.167811 16.6711621, 100.167652 16.6744475, 100.1675199 16.6776374, 100.1673711 16.6808799, 100.1672437 16.6840916, 100.1666335 16.6869717, 100.1660367 16.6898345, 100.165523 16.6922566, 100.1649792 16.6949093, 100.1642034 16.6986326, 100.1635912 16.7015703, 100.1629626 16.7045404, 100.1624016 16.7073802, 100.1617981 16.710321, 100.1622025 16.7132528, 100.1626423 16.7161537, 100.1630782 16.7190661, 100.1634564 16.7216025, 100.163847 16.7242085, 100.1642413 16.7268851, 100.1646342 16.7294429, 100.1650956 16.7325966, 100.1647744 16.7357303, 100.164447 16.738877, 100.1640862 16.7419229, 100.1637759 16.7450138, 100.163448 16.7482012, 100.1631288 16.7513257, 100.1628183 16.7544652, 100.1625052 16.7576297, 100.1621803 16.760776, 100.1618597 16.7638804, 100.1615324 16.7670497, 100.161209 16.7701806, 100.16089 16.7733715, 100.1605818 16.7764538, 100.1602679 16.7795934, 100.1599564 16.7827088, 100.1596272 16.785835, 100.1592842 16.7891732, 100.158964 16.792289, 100.1586363 16.7955029, 100.1583084 16.7987193, 100.1579669 16.8020684, 100.157645 16.8053069, 100.1573125 16.8085793, 100.1568907 16.8118222, 100.1569551 16.8150945, 100.1569001 16.8183094, 100.1568404 16.8214526, 100.1567834 16.8246214, 100.1567188 16.8277263, 100.1566491 16.8310782, 100.1565842 16.8341982, 100.1565192 16.8373996, 100.156455 16.8406618, 100.1564101 16.8439413, 100.1563323 16.8470924, 100.15628 16.850268, 100.1562277 16.8534363, 100.1561573 16.8566514, 100.1561043 16.8598659, 100.1560487 16.8631785, 100.1559876 16.8663611, 100.1559253 16.8696106, 100.1558556 16.8729025, 100.1557945 16.8760839, 100.1557392 16.8792503, 100.1556715 16.8825054, 100.1556111 16.8857465, 100.1555496 16.8890495, 100.1554871 16.8924046, 100.1554542 16.8935415, 100.1554308 16.8951552, 100.1553516 16.8984511, 100.1553101 16.9016802, 100.1552457 16.9049478, 100.155184 16.9081935, 100.1551303 16.9113267, 100.1550747 16.914568, 100.1550056 16.9178527, 100.1549453 16.921016, 100.15489 16.9243391, 100.1548206 16.9270177, 100.1558009 16.9302842, 100.1561388588553 16.931424373246706, 100.1572004694861 16.93803885684044)"
way/401998847-230,way/550172093-230,230.0,1027.7989492113718,81573.67,Al/St 240/40 2-bundle 220.0,"LINESTRING (100.1572004694861 16.93803885684044, 100.1561388588553 16.931424373246706, 100.1558009 16.9302842, 100.1548206 16.9270177, 100.15489 16.9243391, 100.1549453 16.921016, 100.1550056 16.9178527, 100.1550747 16.914568, 100.1551303 16.9113267, 100.155184 16.9081935, 100.1552457 16.9049478, 100.1553101 16.9016802, 100.1553516 16.8984511, 100.1554308 16.8951552, 100.1554542 16.8935415, 100.1554871 16.8924046, 100.1555496 16.8890495, 100.1556111 16.8857465, 100.1556715 16.8825054, 100.1557392 16.8792503, 100.1557945 16.8760839, 100.1558556 16.8729025, 100.1559253 16.8696106, 100.1559876 16.8663611, 100.1560487 16.8631785, 100.1561043 16.8598659, 100.1561573 16.8566514, 100.1562277 16.8534363, 100.15628 16.850268, 100.1563323 16.8470924, 100.1564101 16.8439413, 100.156455 16.8406618, 100.1565192 16.8373996, 100.1565842 16.8341982, 100.1566491 16.8310782, 100.1567188 16.8277263, 100.1567834 16.8246214, 100.1568404 16.8214526, 100.1569001 16.8183094, 100.1569551 16.8150945, 100.1568907 16.8118222, 100.1573125 16.8085793, 100.157645 16.8053069, 100.1579669 16.8020684, 100.1583084 16.7987193, 100.1586363 16.7955029, 100.158964 16.792289, 100.1592842 16.7891732, 100.1596272 16.785835, 100.1599564 16.7827088, 100.1602679 16.7795934, 100.1605818 16.7764538, 100.16089 16.7733715, 100.161209 16.7701806, 100.1615324 16.7670497, 100.1618597 16.7638804, 100.1621803 16.760776, 100.1625052 16.7576297, 100.1628183 16.7544652, 100.1631288 16.7513257, 100.163448 16.7482012, 100.1637759 16.7450138, 100.1640862 16.7419229, 100.164447 16.738877, 100.1647744 16.7357303, 100.1650956 16.7325966, 100.1646342 16.7294429, 100.1642413 16.7268851, 100.163847 16.7242085, 100.1634564 16.7216025, 100.1630782 16.7190661, 100.1626423 16.7161537, 100.1622025 16.7132528, 100.1617981 16.710321, 100.1624016 16.7073802, 100.1629626 16.7045404, 100.1635912 16.7015703, 100.1642034 16.6986326, 100.1649792 16.6949093, 100.165523 16.6922566, 100.1660367 16.6898345, 100.1666335 16.6869717, 100.1672437 16.6840916, 100.1673711 16.6808799, 100.1675199 16.6776374, 100.167652 16.6744475, 100.167811 16.6711621, 100.1679531 16.6679194, 100.1680835 16.6647319, 100.1682042 16.6616131, 100.1683662 16.6584123, 100.168514 16.6551351, 100.1686562 16.6519204, 100.1688034 16.648641, 100.1689576 16.6454722, 100.1690954 16.6422791, 100.1692382 16.6389804, 100.1693901 16.6357426, 100.1695242 16.6324219, 100.1696862 16.629149, 100.1698367 16.6258789, 100.1699742 16.6226692, 100.1692365 16.619407, 100.1685144 16.6162534, 100.1677583 16.6130435, 100.1670174 16.6098114, 100.1662771 16.6064874, 100.1655334 16.6033117, 100.164765 16.6000437, 100.1640371 16.5967889, 100.1633149 16.5936966, 100.1625927 16.5905548, 100.1618886 16.5874778, 100.1611695 16.5843114, 100.1604634 16.5813074, 100.1597627 16.578229, 100.1590499 16.5751094, 100.1583505 16.5720585, 100.1576464 16.5690063, 100.1569544 16.5659116, 100.1562329 16.5627912, 100.1555221 16.5596997, 100.1547858 16.5564914, 100.1540677 16.5533133, 100.1533602 16.5502521, 100.1526253 16.5470498, 100.1518889 16.5438522, 100.1511722 16.5407401, 100.1504809 16.5376945, 100.1497724 16.5346048, 100.1490714 16.5315292, 100.1483649 16.5285008, 100.1476783 16.5254926, 100.1469756 16.5224094, 100.1462936 16.5193995, 100.1455889 16.5163323, 100.1448643 16.5132146, 100.1441559 16.5100872, 100.1435557 16.5075188, 100.1426988 16.503827, 100.1420269 16.5007815, 100.1413262 16.4977645, 100.1405942 16.4946037, 100.1404621 16.4912436, 100.1403106 16.4879303, 100.1401691 16.4847296, 100.1401175 16.4836243, 100.1404689 16.4831523, 100.1429291 16.4831497, 100.1452807 16.4831465, 100.1475593 16.4828559, 100.1494978 16.4825987, 100.1525931 16.4828687, 100.1556803 16.4831266, 100.1594777 16.4831247, 100.1630222 16.4831079, 100.1663984 16.4830989, 100.1694039 16.4830938, 100.1722913 16.4830835, 100.1750043 16.4827427, 100.1782256 16.4823576, 100.1818822 16.4819203, 100.1851873 16.4815249, 100.1884308 16.4811249, 100.1915891 16.4807558, 100.1949821 16.4803302, 100.198192 16.4799463, 100.2010392 16.4810266, 100.2044489 16.4823453, 100.2078969 16.4836506, 100.2109848 16.4848395, 100.2139714 16.485968, 100.217284 16.4872449, 100.2204496 16.4884499, 100.223452 16.4896005, 100.2261104 16.490616, 100.2288912 16.4916776, 100.2310698 16.4925147, 100.2335137 16.4934608, 100.237191 16.4931066, 100.2402145 16.4928185, 100.2434841 16.4925003, 100.2473485 16.4921241, 100.2509286 16.4917917, 100.2544899 16.4914554, 100.2579318 16.4911217, 100.2610948 16.4895767, 100.2637013 16.488301, 100.2669072 16.4867354, 100.2698284 16.4853083, 100.2727008 16.4839223, 100.2755995 16.4825218, 100.2784581 16.4811458, 100.2817545 16.4795467, 100.2849464 16.4779977, 100.2874995 16.4767724, 100.2908496 16.4751517, 100.2932354 16.4740052, 100.2956628 16.4728336, 100.2987111 16.4724233, 100.302249 16.4719398, 100.3059216 16.4714376, 100.3094292 16.4709585, 100.3126338 16.4705289, 100.3156989 16.4701155, 100.3187479 16.4696975, 100.3213711 16.47069, 100.32446 16.4718764, 100.32768 16.4731117, 100.3308842 16.4744106, 100.3328731 16.4752137, 100.3346427 16.476802, 100.3375435 16.478468, 100.339698 16.4797116, 100.3432774 16.480498, 100.3450936 16.4794206, 100.3482713 16.4775067, 100.3511238 16.4757899, 100.3537692 16.4742138, 100.3566524 16.4724353, 100.3595361 16.4707236, 100.3617398 16.4693985, 100.3644364 16.4680157, 100.3675946 16.4663952, 100.3724528 16.4646662, 100.3763097 16.4645945, 100.3779582 16.4631945, 100.37988485466171 16.461558383593466, 100.38546573367628 16.460609932836064)"
way/1415498617-230,TH86-230,230.0,513.8994746056859,18439.66,Al/St 240/40 2-bundle 220.0,"LINESTRING (99.66577918877151 8.129163744698914, 99.67535575990382 8.131928447744889, 99.6763118 8.1322208, 99.6798241 8.1332935, 99.6834147 8.1343831, 99.686649 8.1353646, 99.6877836 8.1360523, 99.6891233 8.1361598, 99.6917278 8.1369019, 99.6939097 8.137587, 99.6973188 8.1386026, 99.7001056 8.1394947, 99.7036877 8.1405462, 99.7072242 8.1416414, 99.7108331 8.1427433, 99.7138292 8.1436401, 99.7171578 8.1446683, 99.7208109 8.1454795, 99.7246546 8.1462827, 99.7282071 8.1470234, 99.7317235 8.1477775, 99.735209 8.1489736, 99.7387013 8.1502215, 99.7417885 8.1513194, 99.7448757 8.1503118, 99.7479844 8.1492803, 99.7510931 8.1482103, 99.7537217 8.1468031, 99.7546618 8.1459826, 99.7580226 8.1448157, 99.7593597 8.1441191, 99.7616255 8.1425645, 99.7652123 8.1401237, 99.7672307 8.1387582, 99.7692557 8.1373802, 99.7710723 8.1373497, 99.7742641 8.1373072, 99.7754201 8.137278, 99.7782619 8.1372581, 99.7817917 8.137197, 99.7855743 8.1371439, 99.7888721 8.1370828, 99.7912331 8.1370264, 99.7937255 8.1369932, 99.7973204 8.1369494, 99.79965156407853 8.136905826839653, 99.80365900000002 8.13678508310981)"
TH86-230,way/324258748-230,230.0,513.8994746056859,166633.18,Al/St 240/40 2-bundle 220.0,"LINESTRING (99.80365900000002 8.13678508310981, 99.80781549908708 8.136307150745735, 99.8086333 8.1362766, 99.812216 8.1361223, 99.8158269 8.1366726, 99.8193594 8.1371957, 99.8225023 8.1366168, 99.8259536 8.1359962, 99.8289738 8.1354373, 99.8323983 8.1344044, 99.8356149 8.1334352, 99.8389087 8.1324422, 99.8414534 8.1304613, 99.8441867 8.1283332, 99.8470727 8.1260861, 99.849893 8.1238862, 99.8529288 8.1215404, 99.8558368 8.1192932, 99.8577391 8.1178215, 99.858179 8.1142647, 99.8585679 8.1110942, 99.8589362 8.1080698, 99.8594055 8.104216, 99.8598789 8.1005621, 99.8603121 8.0970377, 99.8607687 8.0932984, 99.8610979 8.0906701, 99.8592526 8.0892209, 99.856501 8.0871034, 99.855811 8.0842195, 99.8550512 8.0809445, 99.8542191 8.0774292, 99.8533299 8.0737303, 99.8524441 8.0700502, 99.853753 8.0668369, 99.8565282 8.0662204, 99.8596526 8.0657374, 99.8638945 8.0598325, 99.8662005 8.0566045, 99.8683315 8.0535942, 99.8704297 8.0506522, 99.8725171 8.0477236, 99.8744315 8.0450425, 99.8764331 8.0422486, 99.8784006 8.0394864, 99.8839782 8.0390097, 99.8866718 8.0370516, 99.8892903 8.0352111, 99.8904034 8.0321582, 99.8915367 8.0290043, 99.8924044 8.0265695, 99.8908816 8.0231234, 99.8892608 8.0194707, 99.8877601 8.0161342, 99.8861696 8.0124768, 99.8848674 8.0095273, 99.8856747 8.005761, 99.8865243 8.0018566, 99.8872371 7.9985849, 99.8880632 7.9947408, 99.88888 7.9910159, 99.8897141 7.9871648, 99.8905651 7.9832459, 99.8912752 7.9799269, 99.8918847 7.9761292, 99.8923105 7.9733959, 99.8928516 7.9700543, 99.8934799 7.9661143, 99.8940202 7.9626919, 99.8945361 7.9594236, 99.89506 7.9560308, 99.8955486 7.9524924, 99.8947384 7.9492041, 99.893952 7.9460127, 99.8940023 7.9424544, 99.8940318 7.9397162, 99.894061 7.9360509, 99.8940932 7.932434, 99.8941227 7.9286106, 99.8941367 7.9250527, 99.8941696 7.9211854, 99.8941857 7.9180094, 99.8942145 7.9149522, 99.8942367 7.9109845, 99.8942507 7.9073136, 99.8942896 7.9038247, 99.8943151 7.9003025, 99.8943245 7.8966269, 99.8943473 7.8931671, 99.8943567 7.8892669, 99.8943795 7.8855075, 99.8943862 7.8816032, 99.8944211 7.877574, 99.8951493 7.8745535, 99.8959527 7.871191, 99.8968659 7.8675504, 99.897749 7.8638911, 99.8985999 7.8604404, 99.8994623 7.8569025, 99.8998659 7.8534571, 99.9002636 7.8500626, 99.9006505 7.8466974, 99.901081 7.8430652, 99.9015289 7.8391545, 99.9019876 7.8352737, 99.9023597 7.8320486, 99.9043298 7.8290353, 99.9064112 7.825837, 99.9085759 7.8225104, 99.9105546 7.8194699, 99.9125394 7.8164187, 99.9146496 7.8131589, 99.9161553 7.8108457, 99.9180453 7.8079558, 99.9179266 7.8045192, 99.9177992 7.8009729, 99.9176557 7.7971337, 99.9175296 7.7936079, 99.917413 7.7903034, 99.9172809 7.7868474, 99.9171541 7.7831681, 99.9181787 7.7793858, 99.9192183 7.7755569, 99.9202112 7.7719001, 99.9211902 7.7683124, 99.9221656 7.7647273, 99.9231408 7.7611427, 99.9240379 7.7578455, 99.926077 7.7503945, 99.9280999 7.7429147, 99.9301223 7.7354436, 99.9311361 7.7317307, 99.9319945 7.7285287, 99.933001 7.7249286, 99.9339411 7.7214441, 99.9349677 7.7176719, 99.9356335 7.7141588, 99.9362615 7.7109068, 99.936765 7.7078872, 99.937402 7.7047507, 99.9379317 7.7019107, 99.938499 7.6987835, 99.9391146 7.6956576, 99.9400896 7.6925397, 99.9409812 7.6897031, 99.9419119 7.6866762, 99.9427454 7.6839489, 99.9452224 7.6823295, 99.9477541 7.6805857, 99.950962 7.6783761, 99.9539165 7.6763413, 99.9566751 7.6744434, 99.9582885 7.6713492, 99.9597104 7.6686046, 99.961144 7.665852, 99.9601007 7.6626768, 99.9589862 7.6592124, 99.9555986 7.6485898, 99.9570584 7.6455951, 99.958486 7.6426802, 99.9565742 7.6397061, 99.9544043 7.6365167, 99.9525581 7.6336317, 99.9505866 7.6309319, 99.9460506 7.6248321, 99.9445458 7.6223584, 99.9425959 7.6191526, 99.9405257 7.6157493, 99.936516 7.6091574, 99.9349268 7.6066629, 99.9336154 7.6045927, 99.9329922 7.6036088, 99.931684 7.6015281, 99.9307794 7.6000772, 99.9320307 7.5974704, 99.933005 7.5936319, 99.9339451 7.5899244, 99.9347424 7.5868569, 99.9364944 7.5832553, 99.938258 7.5796494, 99.9435238 7.5769826, 99.9446564 7.5745073, 99.9449628 7.5726206, 99.9454416 7.5696729, 99.9458922 7.5667149, 99.9457393 7.5642754, 99.9473192 7.5627705, 99.9501469 7.5603442, 99.9513559 7.5593292, 99.9524811 7.5568425, 99.9539744 7.5535886, 99.9556065 7.5500263, 99.9584921 7.5472992, 99.9614269 7.5445255, 99.9634292 7.5426345, 99.9663146 7.5399095, 99.9689405 7.5374386, 99.9716119 7.5349271, 99.9744014 7.532296, 99.9771963 7.5296649, 99.9799274 7.5270928, 99.9827941 7.5243899, 99.9855138 7.5218245, 99.9882403 7.5192591, 99.9911143 7.5165514, 99.9938045 7.5140126, 99.9965696 7.5114002, 99.9990127 7.5091117, 100.0005221 7.5067662, 100.0007975 7.5063227, 100.0020888 7.5042431, 100.0037867 7.5016636, 100.0054 7.4992344, 100.0077805 7.496837, 100.0106578 7.4940481, 100.0135124 7.4913017, 100.0161208 7.4887727, 100.0188526 7.4860974, 100.0217414 7.4833423, 100.0245899 7.4805606, 100.0274827 7.4777629, 100.0303164 7.4750091, 100.0315998 7.4729574, 100.0336987 7.4695626, 100.0355695 7.4665521, 100.037663 7.4631932, 100.03968 7.459926, 100.0387399 7.4561801, 100.0379312 7.4526721, 100.0389813 7.4491828, 100.0400582 7.4456402, 100.0411405 7.4420032, 100.0422697 7.4382106, 100.0433506 7.4345762, 100.0443967 7.431104, 100.0452831 7.4281517, 100.0463721 7.4244999, 100.0474504 7.4209213, 100.0494754 7.4186232, 100.0516681 7.4161231, 100.0538327 7.4136415, 100.0557692 7.4114365, 100.0581457 7.4087288, 100.0574014 7.4060145, 100.0566275 7.4029809, 100.0556606 7.3992664, 100.0548868 7.3963977, 100.0562038 7.3929119, 100.0575757 7.389208, 100.0589798 7.3854335, 100.0603652 7.3817016, 100.0617385 7.3780388, 100.0629763 7.3746805, 100.0643241 7.371031, 100.0657605 7.3673069, 100.0670801 7.3637544, 100.0682335 7.3607511, 100.069419 7.3574738, 100.0724633 7.3557554, 100.075639 7.3539798, 100.0790401 7.3520418, 100.0807782 7.3489587, 100.08294 7.3451506, 100.0849248 7.3416471, 100.0866468 7.3385866, 100.0885928 7.3351921, 100.0905347 7.3318228, 100.092486 7.3283538, 100.0944333 7.3249194, 100.0960842 7.321997, 100.0980033 7.3186157, 100.0997615 7.3155337, 100.1015103 7.3124237, 100.1033717 7.3091514, 100.1050709 7.3061079, 100.1062323 7.3030058, 100.1074031 7.2997786, 100.1088488 7.2972033, 100.110375 7.2944404, 100.1120245 7.2915351, 100.1133214 7.2878982, 100.1145646 7.2844115, 100.1158333 7.2808344, 100.1170658 7.2774035, 100.1182821 7.2739368, 100.1195267 7.2704726, 100.1212245 7.2698207, 100.1238383 7.268819, 100.126939 7.2676324, 100.1285376 7.2644209, 100.1301979 7.2609913, 100.1329109 7.2583945, 100.1357353 7.2557045, 100.1384188 7.2531448, 100.141266 7.2503989, 100.1440937 7.2477069, 100.1468463 7.2450933, 100.1494722 7.2426015, 100.1520216 7.2401935, 100.1547588 7.2375566, 100.1573297 7.2351192, 100.1596847 7.2328828, 100.1622207 7.2304867, 100.1633433 7.2270748, 100.1644966 7.2236628, 100.1656459 7.2202329, 100.1668181 7.2167177, 100.1679875 7.2131787, 100.1692374 7.2094187, 100.1704833 7.2057145, 100.1716353 7.2023137, 100.172684 7.1991018, 100.1738953 7.1956191, 100.1751693 7.1918829, 100.1763931 7.1882219, 100.1776229 7.1845335, 100.1788949 7.1807587, 100.1801341 7.1770743, 100.1814628 7.1731786, 100.182533 7.1699213, 100.1814065 7.1663792, 100.180229 7.1626188, 100.1790367 7.1588903, 100.1777842 7.1549789, 100.176605 7.1512309, 100.1754474 7.1474777, 100.1754462 7.1474663, 100.1750478 7.1435554, 100.1746626 7.1396147, 100.1742425 7.1356572, 100.1738421 7.1317279, 100.1737597 7.1309304, 100.1734397 7.127839, 100.1731349 7.1246338, 100.1730475 7.1238713, 100.1726358 7.119899, 100.172212 7.1159719, 100.1718767 7.1120648, 100.1714838 7.1081229, 100.1710921 7.1042064, 100.170891 7.1020931, 100.1705482 7.0986957, 100.1731734 7.095728, 100.175392 7.0931809, 100.1778756 7.0903515, 100.180275 7.0876211, 100.182907 7.0846245, 100.185497 7.0816651, 100.1881573 7.0786431, 100.1902736 7.0762373, 100.1927213 7.0734592, 100.1950094 7.0708631, 100.1966008 7.0681998, 100.1986035 7.0649187, 100.2006424 7.0615316, 100.2023693 7.0586567, 100.2041778 7.0557282, 100.2059775 7.052722, 100.2079986 7.0493743, 100.2101362 7.048617, 100.2129734 7.0475937, 100.2161038 7.046518, 100.2193563 7.0453516, 100.2224085 7.0460674, 100.2254014 7.0467507, 100.2285544 7.0474365, 100.2312627 7.0480534, 100.2340205 7.0465442, 100.2372568 7.0447387, 100.2407369 7.0428194, 100.2436428 7.041164, 100.2454165 7.0376364, 100.2470727 7.0342185, 100.249983 7.0317599, 100.2529207 7.0292277, 100.2555795 7.0269442, 100.2571625 7.0243816, 100.2601987 7.0193851, 100.2617528 7.0169182, 100.2628333 7.0134032, 100.2640037 7.0099127, 100.2650414 7.0067316, 100.2661241 7.0033972, 100.2671534 7.0001645, 100.2682574 6.9968591, 100.2691649 6.9941024, 100.2701942 6.9908175, 100.2713856 6.9871329, 100.2738303 6.9842046, 100.2757859 6.981893, 100.2780357 6.9791468, 100.280539 6.9761652, 100.2829957 6.973239, 100.2854131 6.9703159, 100.2879252 6.9673399, 100.2904871 6.9642807, 100.2927546 6.9615429, 100.2946746 6.9580903, 100.2960863 6.9555519, 100.2977944 6.9524804, 100.2996191 6.9492495, 100.3015179 6.9458281, 100.3034388 6.9423654, 100.305313 6.9389817, 100.3071166 6.9357144, 100.3090968 6.9321622, 100.3110228 6.9286679, 100.3129505 6.9251908, 100.3144643 6.9224604, 100.3174468 6.9198631, 100.3203481 6.9171938, 100.3231238 6.9146503, 100.3260097 6.9120613, 100.3287297 6.9096047, 100.3314815 6.9071056, 100.3344089 6.9044401, 100.3373604 6.9017753, 100.3403259 6.8990977, 100.3432673 6.896442, 100.3461866 6.8937607, 100.3491158 6.8911349, 100.3506835 6.8879462, 100.3521118 6.8849092, 100.3536366 6.8816326, 100.3552419 6.8781655, 100.3567573 6.874938, 100.3584029 6.8714483, 100.3600558 6.8678519, 100.3617275 6.8642955, 100.3632738 6.8609575, 100.3648764 6.8575715, 100.3665514 6.8539591, 100.3682189 6.8503797, 100.3728653 6.8404053, 100.3744344 6.8370977, 100.3793389 6.8265742, 100.3810032 6.8230268, 100.3826407 6.8195034, 100.3843023 6.8159287, 100.385976 6.8123286, 100.3876643 6.8087292, 100.389291 6.8052613, 100.3909775 6.8016658, 100.3923397 6.7987617, 100.3940468 6.7951222, 100.3957431 6.7914603, 100.3972559 6.7881577, 100.3987472 6.7849829, 100.4002063 6.7819998, 100.4019229 6.7781218, 100.4035537 6.7746061, 100.4051952 6.7710903, 100.4068582 6.7676277, 100.4084568 6.7640905, 100.4099266 6.7609582, 100.4114823 6.7575808, 100.41292 6.7545976, 100.4158865 6.7480611, 100.4174958 6.7446399, 100.418605 6.7422269, 100.4218202 6.7402855, 100.4252081 6.7381958, 100.4286483 6.736108, 100.4312882 6.7345218, 100.4346852 6.7324374, 100.4380836 6.7303397, 100.4414867 6.728264, 100.4446429 6.7263481, 100.4477932 6.7244169, 100.4489317520649 6.722531999548334, 100.45215624900318 6.7157079582440256)"
way/199773788-230,way/195977249-230,230.0,1027.7989492113718,37307.83,Al/St 240/40 2-bundle 220.0,"LINESTRING (99.86891696432978 13.852969440922054, 99.875417591659 13.851004336136432, 99.8781335 13.8503091, 99.8806944 13.8496489, 99.8832485 13.8489861, 99.8859857 13.8482661, 99.8883521 13.8476437, 99.8908801 13.8469799, 99.893277 13.8463575, 99.8957614 13.8457168, 99.8983108 13.8450475, 99.9011586 13.8443118, 99.9028364 13.8426861, 99.9049151 13.8407341, 99.9066625 13.8390816, 99.9085918 13.8372569, 99.9106664 13.8352949, 99.9126868 13.8333716, 99.9144892 13.8316865, 99.9164422 13.8298807, 99.918444 13.8279445, 99.9205321 13.8260117, 99.9223984 13.8242503, 99.9241556 13.8225918, 99.9254313 13.8213878, 99.9277504 13.819199, 99.9296409 13.8174147, 99.931557 13.8156062, 99.9334337 13.8138349, 99.9350951 13.8122668, 99.9370743 13.810402, 99.9396475 13.8080423, 99.9414706 13.8062492, 99.9432332 13.8045855, 99.9453222 13.8026137, 99.9470169 13.8010141, 99.9487001 13.7992513, 99.9508935 13.7971707, 99.9530225 13.795152, 99.9544045 13.7938984, 99.9552756 13.7930258, 99.9577737 13.7906439, 99.959664 13.7905869, 99.9625417 13.7908113, 99.9653091 13.791032, 99.9680188 13.7912391, 99.9709169 13.7915003, 99.9737164 13.7916865, 99.9761264 13.7918936, 99.9791037 13.7921111, 99.9819129 13.7923465, 99.9845294 13.7922684, 99.9868806 13.7922127, 99.9901158 13.7921362, 99.9930133 13.7920717, 99.9960629 13.7919874, 99.9989678 13.791921, 100.0018337 13.7918454, 100.0048029 13.7917862, 100.0079451 13.7917269, 100.0103967 13.7916455, 100.0129032 13.7915856, 100.0154657 13.791529, 100.0182106 13.7914684, 100.0210155 13.7914013, 100.0237333 13.7913437, 100.0264674 13.791272, 100.0291275 13.7912076, 100.0319787 13.7911288, 100.0347032 13.7910568, 100.0372962 13.791068, 100.0397954 13.7909964, 100.0418319 13.7909482, 100.0442586 13.7908915, 100.0472627 13.7908192, 100.0494299 13.79076, 100.0526928 13.7906825, 100.0555467 13.7906187, 100.0584837 13.7905353, 100.0605228 13.7905171, 100.0635303 13.790422, 100.0656485 13.7903666, 100.0682905 13.7902976, 100.0705462 13.7902468, 100.073036 13.7901863, 100.0755821 13.7901198, 100.0774127 13.7900729, 100.080286 13.7900443, 100.0831499 13.790028, 100.0858663 13.7900055, 100.0886967 13.7899808, 100.0915134 13.7899616, 100.0942114 13.7899463, 100.0972148 13.7899212, 100.1002108 13.7898955, 100.1031656 13.7898763, 100.1055303 13.7898561, 100.1075835 13.7898492, 100.1094765 13.7898317, 100.1118067 13.7898069, 100.1145331 13.7897851, 100.1171972 13.7897744, 100.1194349 13.7897535, 100.1217248 13.789732, 100.1243587 13.7897118, 100.1270872 13.7897047, 100.129233 13.7883211, 100.1313757 13.786935, 100.1332258 13.78574, 100.1356679 13.7841539, 100.1380601 13.7826241, 100.1405231 13.7810234, 100.1428901 13.7794952, 100.1446185 13.7783858, 100.1471662 13.776742, 100.1497311 13.775091, 100.1520009 13.7736176, 100.1544896 13.772019, 100.1569434 13.7704396, 100.1594338 13.7688152, 100.1618438 13.7672784, 100.164339 13.7656682, 100.1669097 13.7639942, 100.1692953 13.7624644, 100.1716396 13.760944, 100.1746923 13.7589815, 100.1763306 13.7579009, 100.1788428 13.7562812, 100.1813575 13.7546568, 100.18285328175497 13.75368212429018, 100.18888285741056 13.74957428760844)"
way/293324904-500,way/401936547-500,500.0,4468.691083527704,305137.8,Al/St 240/40 4-bundle 380.0,"LINESTRING (99.74803644989194 18.297772472284464, 99.74041845292697 18.292121689974135, 99.7401661 18.2917031, 99.7387548 18.2893078, 99.7364697 18.2856063, 99.738556 18.2822317, 99.7401928 18.2795713, 99.7419772 18.2767001, 99.7440407 18.2733481, 99.7458882 18.2703342, 99.747837 18.2671549, 99.7498698 18.2638939, 99.751352 18.2614883, 99.7531775 18.2585085, 99.7555432 18.2550342, 99.7592821 18.2539167, 99.7635201 18.2526614, 99.7662383 18.2518365, 99.7698942 18.2507638, 99.7738077 18.2495713, 99.7777501 18.2498134, 99.7813807 18.2500518, 99.7845658 18.2502402, 99.7879159 18.2504381, 99.7912148 18.2506304, 99.795205 18.2508752, 99.8012131 18.2512171, 99.8058319 18.2503775, 99.8129229 18.2478154, 99.8155871 18.2468192, 99.8187319 18.2456803, 99.8226372 18.2430157, 99.8242359 18.2419448, 99.8276839 18.2374766, 99.8283531 18.2329303, 99.8280352 18.2282481, 99.8271501 18.2204803, 99.8256609 18.2169673, 99.824659 18.2145694, 99.8230035 18.210699, 99.8225448 18.2067804, 99.8229069 18.1985353, 99.8228828 18.1955032, 99.8228036 18.19098, 99.8227485 18.1876496, 99.8265331 18.1828921, 99.8282108 18.1807576, 99.8302371 18.178216, 99.8338304 18.1737088, 99.8359091 18.1710342, 99.8376696 18.1688199, 99.8405771 18.1651718, 99.8429848 18.162154, 99.8450509 18.1594855, 99.8467328 18.157359, 99.8500078 18.1532251, 99.8547472 18.1472534, 99.8589301 18.1419987, 99.8609324 18.139533, 99.8625283 18.1375358, 99.8669861 18.1320262, 99.8681516 18.1305861, 99.8707949 18.1273296, 99.8742402 18.1230753, 99.8765697 18.1202366, 99.8801091 18.1158764, 99.8836105 18.1116025, 99.8867648 18.1077489, 99.8897015 18.1043895, 99.8918542 18.1019895, 99.8951682 18.0982256, 99.898017 18.0949901, 99.901056 18.09152, 99.9029955 18.0893191, 99.9083033 18.0832859, 99.9117299 18.0793298, 99.9135312 18.0772421, 99.9166852 18.0737153, 99.9190892 18.0709393, 99.9204086 18.0694263, 99.9205926 18.0692162, 99.9247226 18.0644992, 99.9282469 18.0604141, 99.930034 18.058357, 99.9321712 18.055897, 99.9332955 18.0546029, 99.9356552 18.0518513, 99.9370196 18.0509084, 99.9424266 18.0471784, 99.946016 18.0446966, 99.9477842 18.043461, 99.9498334 18.039533, 99.9522107 18.0327827, 99.9542912 18.0269675, 99.9559005 18.0219938, 99.9575729 18.0170978, 99.9587195 18.0117885, 99.9599346 18.0068777, 99.9632069 17.9996898, 99.9639097 17.9975108, 99.9655056 17.9924292, 99.9665792 17.9890347, 99.9673887 17.9865238, 99.9683702 17.9834021, 99.9703443 17.9779851, 99.9723211 17.9765878, 99.9763437 17.9736923, 99.9799317 17.9711059, 99.9828336 17.9690139, 99.9856551 17.9669798, 99.99039 17.9635664, 99.9975757 17.9584226, 99.9996152 17.9569508, 100.0054249 17.9526846, 100.0087897 17.9504104, 100.0117375 17.9473057, 100.0148903 17.9425243, 100.017299 17.9386629, 100.0201355 17.9341116, 100.0227599 17.9299584, 100.0260872 17.9245993, 100.0295299 17.9190128, 100.0329846 17.9135104, 100.0376838 17.9060584, 100.0428122 17.8977678, 100.04543 17.8935614, 100.0476401 17.890039, 100.0497752 17.8866288, 100.051642 17.8836474, 100.0548714 17.87844, 100.0571781 17.8747544, 100.0601071 17.8700874, 100.0620919 17.866881, 100.0654715 17.8614602, 100.0683575 17.8568235, 100.0717049 17.8514218, 100.07373 17.8482356, 100.0758221 17.8448659, 100.0789657 17.8398208, 100.080406 17.8375224, 100.0838071 17.8320991, 100.0857168 17.8292184, 100.0889354 17.8244389, 100.0928085 17.8175955, 100.0946003 17.8148065, 100.0967031 17.811426, 100.0976794 17.8098626, 100.0994028 17.8070394, 100.1023358 17.8024364, 100.1039773 17.799781, 100.1049536 17.7982283, 100.1086845 17.7921883, 100.1101248 17.7899442, 100.1122492 17.7865819, 100.1150072 17.7840081, 100.1178472 17.7813577, 100.1208041 17.7786407, 100.1237077 17.7759347, 100.1268404 17.7730355, 100.1306492 17.7698069, 100.1342159 17.7668059, 100.1362174 17.7647188, 100.1385885 17.762236, 100.1425689 17.7584555, 100.1462918 17.7548481, 100.1497538 17.7515247, 100.1527467 17.7486517, 100.1556454 17.7459099, 100.1585662 17.7431202, 100.1608699 17.7409135, 100.1644203 17.7375001, 100.1656715 17.7362879, 100.1711803 17.7310143, 100.1754611 17.7269368, 100.1805412 17.7220416, 100.1859485 17.716915, 100.1911038 17.712, 100.1916778 17.708151, 100.1922979 17.7042157, 100.1928713 17.7002723, 100.193463 17.6963483, 100.1940302 17.692581, 100.1945737 17.6889699, 100.1951678 17.68498, 100.1958653 17.6804667, 100.19636 17.6771326, 100.1969444 17.673182, 100.19743 17.6699232, 100.1979698 17.6661221, 100.1986233 17.6618372, 100.1990216 17.6590829, 100.1985686 17.6547924, 100.1981598 17.6508673, 100.1977553 17.6467593, 100.1972552 17.6421596, 100.1969049 17.6387362, 100.1964418 17.6344999, 100.1960381 17.6306996, 100.1956418 17.6268831, 100.1951951 17.6226091, 100.1948172 17.6187691, 100.1943465 17.614466, 100.1939388 17.6105554, 100.1935825 17.6067901, 100.1931972 17.6029502, 100.1928116 17.5990863, 100.1925158 17.5961298, 100.1919885 17.59086, 100.1915908 17.5868556, 100.1912 17.582887, 100.1908546 17.5794855, 100.1904504 17.5755444, 100.1900938 17.5717075, 100.1897367 17.5680198, 100.1893581 17.5641102, 100.1889344 17.5599752, 100.1885552 17.5561064, 100.1881884 17.5523346, 100.1878448 17.5488742, 100.1874675 17.545178, 100.1871771 17.5423442, 100.1868787 17.5392513, 100.1864677 17.5350603, 100.1860918 17.5311879, 100.1857192 17.5275467, 100.1852642 17.5229587, 100.1849068 17.5193268, 100.1845615 17.5159597, 100.1841335 17.5115684, 100.1837571 17.5077955, 100.1833953 17.5041683, 100.1830769 17.5010138, 100.1826307 17.4963375, 100.1822014 17.4921606, 100.1818142 17.4880265, 100.182062 17.4843259, 100.1823459 17.4805346, 100.1826126 17.4767837, 100.182884 17.4729655, 100.1831639 17.469211, 100.1834299 17.4653973, 100.1837239 17.4616298, 100.1839563 17.4579906, 100.1842124 17.4544338, 100.1844925 17.4506825, 100.1848063 17.4464785, 100.1850162 17.4431613, 100.1853256 17.4390205, 100.1856293 17.4349087, 100.185913 17.4309065, 100.186169 17.427252, 100.1864357 17.4235552, 100.1867598 17.4191026, 100.1870205 17.4153992, 100.1872838 17.4116501, 100.1875495 17.4078694, 100.1878456 17.4039999, 100.1881471 17.3996244, 100.188435 17.3956565, 100.1887106 17.3917229, 100.1890033 17.3875449, 100.1892987 17.3833837, 100.1895885 17.3793369, 100.1898577 17.3755014, 100.1901198 17.3717319, 100.1904325 17.3676532, 100.1906819 17.3636739, 100.1909639 17.3598293, 100.1912461 17.3558507, 100.1915342 17.3517879, 100.1928083 17.347648, 100.1939368 17.3439633, 100.1950444 17.3403121, 100.1962416 17.336418, 100.1974299 17.3325164, 100.1985599 17.3288255, 100.1996753 17.325149, 100.2008773 17.3212486, 100.202129 17.317164, 100.2032438 17.3135289, 100.2044088 17.3097172, 100.2056135 17.3057744, 100.2068235 17.3018298, 100.2080475 17.2978334, 100.2092531 17.2939721, 100.2103582 17.2903899, 100.2115578 17.2864479, 100.2127594 17.2824956, 100.2139547 17.2785577, 100.2151381 17.2747016, 100.2163686 17.270658, 100.2175876 17.26672, 100.2188309 17.2627861, 100.2200346 17.2588736, 100.2212539 17.2548947, 100.2224572 17.2509675, 100.2236573 17.247051, 100.2248667 17.2431041, 100.2260727 17.2391182, 100.227257 17.2351732, 100.2283917 17.2313933, 100.2296183 17.2274004, 100.2308052 17.223503, 100.231994 17.2196138, 100.2332452 17.2155785, 100.2343729 17.2118851, 100.2356122 17.2078161, 100.236765 17.2040854, 100.237977 17.2001739, 100.2391874 17.1961678, 100.240388 17.1921941, 100.241594 17.1882691, 100.2427262 17.184584, 100.2439031 17.1807303, 100.2451412 17.1766793, 100.2463402 17.1727944, 100.2475739 17.1688455, 100.2486161 17.1653932, 100.2499048 17.1611058, 100.2511753 17.1570205, 100.2522925 17.1533954, 100.253483 17.1494216, 100.2546965 17.1454897, 100.2558507 17.1417129, 100.2569466 17.1381146, 100.2588989 17.1352001, 100.2610289 17.1319982, 100.2632617 17.1286976, 100.2654845 17.1254117, 100.26782 17.1219184, 100.2701157 17.1185163, 100.2722606 17.1153128, 100.2743698 17.1121394, 100.2765761 17.1088739, 100.2788964 17.1053974, 100.2812135 17.1019262, 100.2833493 17.0987264, 100.2857017 17.0952022, 100.2879222 17.0918728, 100.2900535 17.088677, 100.2923463 17.0852391, 100.2946619 17.0817669, 100.296721 17.0786844, 100.296762 17.0769935, 100.2968043 17.0744193, 100.2969283 17.0703155, 100.2970314 17.0664079, 100.2971369 17.0624106, 100.2972178 17.0583513, 100.2973414 17.0542613, 100.2974439 17.0501584, 100.2975668 17.0460979, 100.2976545 17.0424371, 100.2977413 17.0383968, 100.2978445 17.0342822, 100.29794 17.0303328, 100.2980514 17.0261909, 100.2981641 17.0219974, 100.2982698 17.018067, 100.298384 17.0140584, 100.2984741 17.0099033, 100.2985814 17.0058803, 100.29867 17.0021483, 100.2987454 16.9983957, 100.2988859 16.9941262, 100.299522 16.9918692, 100.3005506 16.9883117, 100.3016305 16.9845573, 100.3027187 16.9806865, 100.3034714 16.9781126, 100.3042671 16.9754172, 100.3050641 16.9725739, 100.3054374 16.9696265, 100.3058991 16.9661606, 100.3064426 16.961771, 100.3070478 16.9575349, 100.3075513 16.9533977, 100.3080713 16.9494352, 100.308618 16.9452028, 100.3090866 16.9415741, 100.3096943 16.9370495, 100.31016 16.9335417, 100.3107035 16.9295025, 100.3112601 16.9253661, 100.3118026 16.9213342, 100.3123368 16.9171631, 100.3128177 16.9133918, 100.3133476 16.9094349, 100.3137811 16.9062343, 100.3142849 16.902515, 100.3148186 16.8985099, 100.3153698 16.894373, 100.315944 16.8903369, 100.3164487 16.8863748, 100.3169257 16.8827906, 100.3174448 16.8788905, 100.318053 16.8746717, 100.3186167 16.8703442, 100.3191582 16.8660545, 100.3196708 16.8622673, 100.3202201 16.8582848, 100.3207667 16.8542184, 100.3213199 16.8501037, 100.3217869 16.8464444, 100.322332 16.8424595, 100.3228751 16.8384776, 100.3233003 16.8353892, 100.3251682 16.8327589, 100.3275314 16.829431, 100.3298707 16.8261435, 100.3319306 16.8232652, 100.3340088 16.8203551, 100.3358948 16.8177023, 100.3378199 16.8150137, 100.3398827 16.8120868, 100.3418247 16.8093865, 100.3435574 16.8069431, 100.3461572 16.8032803, 100.3488278 16.7995361, 100.3505788 16.7970347, 100.3521883 16.7947898, 100.354803 16.7911491, 100.356821 16.7883061, 100.3592409 16.7849589, 100.3614607 16.7818112, 100.3635357 16.778931, 100.365733 16.7758129, 100.3678908 16.7727482, 100.3702832 16.7694092, 100.3727058 16.765943, 100.3749541 16.7627128, 100.3771784 16.7596187, 100.3793966 16.7565303, 100.3818114 16.7531416, 100.384094 16.7499572, 100.3863 16.7467998, 100.3887017 16.7434548, 100.3910553 16.7400696, 100.393293 16.736948, 100.3955489 16.7337442, 100.3978541 16.7305011, 100.3997956 16.7277806, 100.4022272 16.7243177, 100.4044945 16.7211962, 100.406538 16.7182613, 100.40865 16.7152602, 100.4109913 16.7119461, 100.4134143 16.7085351, 100.415671 16.7053571, 100.4160619 16.7023538, 100.4164731 16.6996782, 100.4168708 16.6968116, 100.4174522 16.6927363, 100.418012 16.688765, 100.4185742 16.6846472, 100.4192775 16.6812221, 100.4199654 16.6776154, 100.4206382 16.6742085, 100.4213124 16.6707432, 100.4220059 16.6672371, 100.4227302 16.6635865, 100.4234876 16.6598081, 100.424227 16.656001, 100.4249562 16.652178, 100.4256587 16.648588, 100.4261861 16.64583, 100.4263081 16.6425775, 100.4264287 16.6386948, 100.4265635 16.634268, 100.4266539 16.6312376, 100.4267827 16.6272225, 100.4269262 16.6232461, 100.4270268 16.6192935, 100.4271736 16.6154847, 100.4272912 16.6116976, 100.4274082 16.6076351, 100.4275292 16.6039697, 100.4276357 16.6005768, 100.4277479 16.5969628, 100.4278844 16.5933914, 100.4279925 16.5894282, 100.4279549 16.5854121, 100.4279297 16.5814084, 100.4279055 16.5773576, 100.427896 16.5733556, 100.4278387 16.5692796, 100.42781 16.565039, 100.427772 16.5611672, 100.4277451 16.5573069, 100.4277059 16.5532524, 100.4276985 16.5491978, 100.4276613 16.5452794, 100.4276457 16.5413693, 100.4275962 16.5373371, 100.4272406 16.5331098, 100.4269351 16.5290842, 100.4265988 16.5249136, 100.4262942 16.5208683, 100.4259568 16.51677, 100.4255863 16.5121087, 100.4252667 16.5080418, 100.4249599 16.5043167, 100.4246346 16.5002135, 100.4243166 16.4961277, 100.4239845 16.4920687, 100.4236439 16.4878894, 100.4234827 16.4851745, 100.42331 16.4831896, 100.4239604 16.4787215, 100.4244005 16.4755824, 100.424938 16.4718137, 100.4254026 16.468359, 100.4259127 16.4648278, 100.426498 16.4607996, 100.4270312 16.456838, 100.4275618 16.4530832, 100.4281061 16.4493648, 100.4287401 16.4447751, 100.4294217 16.4401569, 100.4300257 16.4355621, 100.430606 16.4314888, 100.4311843 16.4273022, 100.4317751 16.4232334, 100.4323628 16.4190364, 100.432841 16.4155779, 100.4333676 16.4118171, 100.4339302 16.4078788, 100.4344953 16.4038597, 100.4350839 16.3996332, 100.4356082 16.3959162, 100.4362176 16.3916604, 100.4367157 16.3878769, 100.4372695 16.3839, 100.4378448 16.3797655, 100.4384098 16.3760506, 100.4390225 16.3716175, 100.4396566 16.3670896, 100.4401905 16.3633682, 100.440737 16.3592978, 100.4413201 16.3551808, 100.4417993 16.3517969, 100.4423493 16.3478323, 100.4428912 16.3438682, 100.4434864 16.3396456, 100.4441794 16.3348478, 100.4445571 16.3316758, 100.4458012 16.3281203, 100.4469869 16.3247059, 100.4483328 16.3208163, 100.4497321 16.3168929, 100.4510978 16.3129902, 100.452368 16.3092812, 100.4536325 16.3056235, 100.4549801 16.3017148, 100.4563083 16.2977898, 100.4576377 16.2940951, 100.458867 16.2905692, 100.4601201 16.2869432, 100.4613556 16.2833542, 100.4625659 16.2798963, 100.4637756 16.2763896, 100.4634159 16.2726818, 100.463087 16.2692386, 100.4627288 16.2654804, 100.4623514 16.2614137, 100.4620232 16.2576398, 100.4615989 16.2535823, 100.4612158 16.2494785, 100.4608472 16.2454677, 100.4604803 16.2414302, 100.4600735 16.2373642, 100.4597113 16.2333116, 100.4593399 16.2294345, 100.4589952 16.2257452, 100.4586 16.2214613, 100.4583004 16.2183258, 100.4579357 16.2145039, 100.4575464 16.210197, 100.4571455 16.2062669, 100.4567798 16.2020859, 100.4563974 16.1980846, 100.4560236 16.1942401, 100.4554371 16.1902759, 100.4550295 16.1874525, 100.4544489 16.1834898, 100.4538184 16.1793875, 100.4532247 16.1753802, 100.4526067 16.1712164, 100.4519478 16.1668247, 100.4514638 16.1635674, 100.4508265 16.1594198, 100.450221 16.1553559, 100.4496746 16.1515885, 100.4490838 16.147682, 100.4485177 16.143695, 100.4479347 16.13992, 100.4473957 16.1362178, 100.4468308 16.1326419, 100.4462905 16.1289982, 100.4457267 16.1251996, 100.4451662 16.1215025, 100.4445625 16.1174938, 100.4439807 16.1135272, 100.443494 16.1101741, 100.4430271 16.1069883, 100.4424497 16.1031672, 100.4418584 16.0992623, 100.4412964 16.0955137, 100.4407148 16.091814, 100.4408449 16.0877575, 100.4409659 16.0832769, 100.4410661 16.0799399, 100.4411495 16.0760999, 100.4412466 16.0720568, 100.441355 16.0678995, 100.4414314 16.0641697, 100.4415492 16.0600509, 100.4416295 16.0559023, 100.4417357 16.0521118, 100.4418406 16.0483665, 100.4419499 16.0444675, 100.4420328 16.0408787, 100.4421101 16.0379153, 100.4422196 16.0335928, 100.4423069 16.0301031, 100.4424148 16.0263894, 100.44249 16.0233437, 100.4425901 16.0193952, 100.4426921 16.0152897, 100.4428025 16.0113916, 100.4429181 16.0072858, 100.4430222 16.0033102, 100.4431211 15.9992299, 100.443227 15.9951472, 100.4433482 15.9910824, 100.4434524 15.9868664, 100.443551 15.982911, 100.4436823 15.9788035, 100.4437783 15.9746791, 100.4438721 15.9705455, 100.44397 15.9667652, 100.4440825 15.9629487, 100.4441787 15.9594157, 100.4442668 15.9556208, 100.4443809 15.9511464, 100.4444706 15.9479553, 100.4440964 15.944763, 100.4436643 15.9411637, 100.4432608 15.9377022, 100.4428297 15.9341065, 100.4423802 15.9302145, 100.4419335 15.9264341, 100.4414792 15.9225902, 100.4410313 15.9188727, 100.4405728 15.9149363, 100.4401398 15.911218, 100.4397297 15.9077259, 100.4392766 15.9039928, 100.4388354 15.9002675, 100.4383804 15.8963598, 100.4379276 15.8925653, 100.4374533 15.8886367, 100.4369721 15.8845921, 100.4367563 15.8804612, 100.436535 15.8764169, 100.4362929 15.8722942, 100.4360868 15.8682939, 100.4358669 15.8644957, 100.435645 15.8603863, 100.4354091 15.8562695, 100.4357373 15.8521667, 100.4360661 15.8480424, 100.4363827 15.8439373, 100.4366885 15.8398127, 100.4370378 15.8356615, 100.4373836 15.8315269, 100.4376749 15.8278665, 100.4379002 15.8247054, 100.4376414 15.8209511, 100.4373682 15.8173105, 100.4370868 15.8137351, 100.4368038 15.8096617, 100.4364995 15.8056281, 100.4361899 15.8015232, 100.4358798 15.7974112, 100.4355922 15.7936274, 100.4352952 15.7895101, 100.4349824 15.7853775, 100.4346695 15.7810312, 100.4343797 15.777135, 100.4340783 15.7731122, 100.4337841 15.7691068, 100.4334875 15.7650878, 100.4332052 15.7612165, 100.432935 15.7576962, 100.4326534 15.7538498, 100.432338 15.7497741, 100.4320429 15.745725, 100.4317544 15.7417274, 100.4314786 15.738063, 100.4311764 15.7340176, 100.4308826 15.7300833, 100.4305753 15.7260088, 100.4302808 15.7220896, 100.4299558 15.7178795, 100.4296577 15.7138819, 100.4293631 15.7099225, 100.429062 15.7059371, 100.4287561 15.7017633, 100.4284403 15.6977479, 100.4281489 15.6938887, 100.4278638 15.6901621, 100.4275558 15.6861393, 100.4272458 15.6820205, 100.4269532 15.6780123, 100.4266054 15.6735604, 100.4263291 15.6699039, 100.4260206 15.6658106, 100.4257192 15.6617267, 100.4253968 15.6576071, 100.4250871 15.6535616, 100.4247922 15.6494863, 100.4244738 15.6454143, 100.4241625 15.6413156, 100.4238451 15.6373028, 100.4235758 15.6335066, 100.4247023 15.6303096, 100.4260232 15.6265607, 100.4274241 15.6225847, 100.4287772 15.618744, 100.4297927 15.6158617, 100.4309652 15.6125338, 100.43134971899919 15.611437593616493, 100.43122987068188 15.60239642507601)"
way/293324904-500,way/401936547-500,500.0,2234.345541763852,318452.11,Al/St 240/40 4-bundle 380.0,"LINESTRING (99.74803644989194 18.297772472284464, 99.74091341264084 18.291688446176853, 99.7402037 18.290509, 99.7386588 18.2879977, 99.7405473 18.2849108, 99.7421137 18.2823233, 99.743487 18.280082, 99.7475747 18.2788392, 99.7510452 18.2777647, 99.7553636 18.2778512, 99.7595103 18.2779735, 99.7635953 18.2780848, 99.7671519 18.278202, 99.7715346 18.2783089, 99.7752951 18.2789049, 99.7795705 18.2796231, 99.7836743 18.2802499, 99.7882233 18.2810137, 99.7916619 18.2815691, 99.7962538 18.2823024, 99.8000626 18.2829136, 99.8040644 18.2835299, 99.8060385 18.2838457, 99.8105862 18.2846085, 99.8130445 18.2849717, 99.8164187 18.2855014, 99.82078 18.2862041, 99.824476 18.2867847, 99.8266164 18.2871667, 99.831718 18.2881449, 99.8348884 18.288491, 99.8396573 18.2892805, 99.8430798 18.2898869, 99.8474304 18.2906203, 99.8510031 18.291201, 99.8536791 18.2916591, 99.8570802 18.2918221, 99.8591401 18.2912621, 99.8639359 18.289362, 99.8709418 18.2854097, 99.8726155 18.2811818, 99.8737581 18.2782226, 99.8748739 18.2751663, 99.8745038 18.2721253, 99.8738654 18.266909, 99.8734953 18.2638013, 99.8730125 18.2595884, 99.8725726 18.255778, 99.8722829 18.2533174, 99.8719718 18.2504645, 99.8710116 18.2476013, 99.8700782 18.2447381, 99.8728784 18.2409068, 99.8740425 18.239317, 99.877583 18.2344617, 99.8798789 18.2313231, 99.8829259 18.2271295, 99.8856672 18.2233998, 99.8890682 18.2178916, 99.8923351 18.2142075, 99.8955001 18.2098813, 99.8984827 18.2058097, 99.9006822 18.2027878, 99.9033429 18.1991595, 99.9054565 18.1962852, 99.9075754 18.1933447, 99.9103059 18.1896706, 99.9145545 18.1838555, 99.9167593 18.1808588, 99.9199486 18.1765379, 99.9227355 18.1727375, 99.9259412 18.1683677, 99.9290882 18.1641224, 99.9316792 18.1605469, 99.9340231 18.1574007, 99.9363317 18.1542075, 99.9379837 18.1520004, 99.9397064 18.1496591, 99.943637 18.1464177, 99.94808 18.1427696, 99.9507109 18.1405779, 99.9520588 18.1394678, 99.9558458 18.1363736, 99.9588795 18.13412, 99.961126 18.1320326, 99.9645506 18.128389, 99.9694029 18.1246599, 99.9745548 18.1212818, 99.9778896 18.1191183, 99.9827519 18.1171256, 99.9878738 18.1147722, 99.9911187 18.1138517, 99.9932454 18.113178, 99.997948 18.1101793, 100.0010031 18.1082529, 100.0024409 18.1073608, 100.0022112 18.1026064, 100.0019716 18.0978138, 100.001762 18.0943593, 100.0015223 18.090079, 100.0013726 18.0863681, 100.0011429 18.0821351, 100.0008134 18.0766301, 100.0005039 18.0706884, 100.0001745 18.0642718, 99.9999548 18.0602233, 99.9997138 18.0559719, 99.9994185 18.0502719, 99.9992481 18.0472476, 99.9988061 18.0393176, 99.9985829 18.0346244, 99.9982973 18.0290739, 99.9983062 18.0263156, 99.9988507 18.0209345, 99.9982756 18.0150217, 99.9973766 18.0116022, 99.9959977 18.004871, 99.9976993 17.9989086, 99.998878 17.9960562, 100.0009246 17.9910975, 100.0022119 17.9879349, 100.0035123 17.9848013, 100.0054018 17.981514, 100.0072975 17.9785397, 100.0093711 17.9753058, 100.0124693 17.9702501, 100.0161698 17.9647709, 100.0198702 17.9594658, 100.0213888 17.9572574, 100.0262151 17.950001, 100.0286239 17.9458911, 100.0309978 17.9422378, 100.0341135 17.9374137, 100.0365921 17.9331375, 100.0390969 17.929542, 100.0417239 17.925523, 100.0442723 17.9217779, 100.0473793 17.9167166, 100.0498676 17.9126057, 100.0518454 17.9094058, 100.0549746 17.9043635, 100.0580288 17.9002979, 100.0597312 17.8976377, 100.0626602 17.8931113, 100.0642874 17.8905463, 100.0661149 17.8877907, 100.0697282 17.8821919, 100.0717476 17.8790232, 100.074226 17.8752111, 100.0769213 17.8716284, 100.0798748 17.8665264, 100.0809503 17.8648073, 100.0840516 17.8598975, 100.0873618 17.8553156, 100.0902777 17.8505055, 100.0916901 17.8482494, 100.0944711 17.8439173, 100.0959279 17.8416478, 100.0974951 17.8395991, 100.1013476 17.8332046, 100.104731 17.8278959, 100.1075163 17.8232924, 100.1126769 17.8157639, 100.116679 17.8095237, 100.1192464 17.8054688, 100.1214291 17.8021552, 100.1240005 17.7980793, 100.1252631 17.7962741, 100.1305273 17.7905222, 100.133929 17.7876067, 100.1359021 17.7854522, 100.1397355 17.7811529, 100.1449558 17.7760415, 100.1488406 17.7713229, 100.1530561 17.7667572, 100.1558778 17.7638447, 100.1583577 17.7611973, 100.1597713 17.7597532, 100.1633252 17.7560603, 100.1650706 17.7540445, 100.1673451 17.7516452, 100.1689325 17.7498852, 100.1707252 17.7479822, 100.1736868 17.7448306, 100.1758744 17.7409643, 100.1785942 17.7359691, 100.1808234 17.7319457, 100.1824064 17.7316842, 100.185847 17.7312149, 100.18869 17.7288993, 100.1924375 17.7248066, 100.1958774 17.7212365, 100.1985453 17.7183962, 100.200858 17.716028, 100.2027412 17.7139508, 100.2036588 17.7103221, 100.204531 17.7068937, 100.2055335 17.7029659, 100.2060582 17.6996014, 100.2069977 17.6960965, 100.2079067 17.6932509, 100.2086753 17.6901957, 100.2095322 17.6870647, 100.210292 17.683942, 100.2110783 17.6809876, 100.2125448 17.6752807, 100.2129953 17.6720737, 100.2133841 17.6695568, 100.213323 17.6661134, 100.2128275 17.6625364, 100.2127745 17.6595396, 100.2126685 17.6561807, 100.2126155 17.6528723, 100.2125271 17.6495301, 100.2124476 17.6461879, 100.2125251 17.6428604, 100.2124199 17.6389271, 100.2123404 17.6351837, 100.2122043 17.6312196, 100.2121275 17.6275387, 100.212018 17.6237384, 100.2119414 17.619805, 100.2118684 17.6158257, 100.2117598 17.611953, 100.2116448 17.6078489, 100.2115874 17.6039031, 100.2108564 17.5928588, 100.2106949 17.5894899, 100.2103947 17.5849891, 100.2101729 17.5811312, 100.2099003 17.5771588, 100.2096832 17.5734505, 100.2094245 17.5696364, 100.2091427 17.5658222, 100.2089302 17.5618626, 100.2086853 17.5578853, 100.2084312 17.5539564, 100.2082233 17.5499921, 100.2079415 17.5460498, 100.2076874 17.5421118, 100.2074796 17.5380768, 100.2071747 17.5338435, 100.2069511 17.5299899, 100.2067188 17.5260935, 100.2065001 17.5219689, 100.2062097 17.5182286, 100.205974 17.5143482, 100.2057354 17.510552, 100.2055131 17.5067874, 100.2052667 17.5028338, 100.2050638 17.4992349, 100.2047787 17.4953318, 100.204711 17.4916129, 100.2046144 17.4878157, 100.2045902 17.4841243, 100.2045468 17.4802762, 100.2044791 17.4765109, 100.2043487 17.4726534, 100.204339 17.4687498, 100.2042327 17.4650212, 100.2041651 17.4609238, 100.2040926 17.4588727, 100.2040552 17.4551581, 100.2039861 17.4515332, 100.2039416 17.4476396, 100.2038477 17.4438684, 100.2038181 17.4401207, 100.2037242 17.4364248, 100.2037071 17.4326372, 100.2036214 17.4289416, 100.2035856 17.4249528, 100.2034999 17.4212981, 100.2032426 17.4176433, 100.2029496 17.4139611, 100.2026137 17.4103607, 100.202628 17.4064124, 100.2026852 17.4025254, 100.2027923 17.3987451, 100.2031199 17.3947609, 100.2030248 17.3909077, 100.2029297 17.3871553, 100.2028451 17.3833726, 100.2027923 17.3796402, 100.2033102 17.3760389, 100.203807 17.372609, 100.2043566 17.3689167, 100.2053502 17.3619053, 100.2058365 17.3587274, 100.2064073 17.3547322, 100.2070095 17.3508521, 100.207575 17.3469072, 100.2081352 17.3430682, 100.2086901 17.3391786, 100.2098317 17.3354049, 100.2109574 17.3315606, 100.2120778 17.3278725, 100.2133198 17.323806, 100.2143821 17.3202188, 100.2153229 17.3169796, 100.216475 17.3132509, 100.2176061 17.3093758, 100.2187318 17.3056268, 100.2198359 17.3018792, 100.221025 17.2979779, 100.2221236 17.2942032, 100.2232472 17.2904519, 100.2244167 17.2866567, 100.2255556 17.2828323, 100.2266716 17.2790151, 100.2278105 17.2752708, 100.2289418 17.2714753, 100.2300731 17.2676505, 100.2311967 17.2638476, 100.2322974 17.2600957, 100.2334592 17.256205, 100.2345981 17.2523434, 100.2357141 17.2486059, 100.2371894 17.2449778, 100.2386875 17.2413715, 100.240201 17.2377505, 100.2417527 17.2340346, 100.2432279 17.2303624, 100.2446802 17.226785, 100.2461402 17.2232367, 100.2476384 17.2196811, 100.2490448 17.2161912, 100.2505124 17.2126865, 100.2520947 17.2089847, 100.2535775 17.2052901, 100.2551164 17.2015661, 100.256629 17.1979057, 100.2581399 17.1942492, 100.2596225 17.1906611, 100.2610846 17.1871228, 100.2625831 17.183496, 100.2654415 17.1765782, 100.2669323 17.17297, 100.2685064 17.1691602, 100.2695778 17.1665668, 100.2710101 17.1630999, 100.272541 17.1593946, 100.2740601 17.1557175, 100.2755378 17.1521406, 100.277074 17.1484221, 100.2785789 17.144755, 100.2799539 17.1410729, 100.2815288 17.1374137, 100.2830637 17.1337773, 100.2844867 17.130286, 100.2859976 17.1267259, 100.2875006 17.123074, 100.2889875 17.1194908, 100.2903705 17.1161292, 100.2918335 17.1125229, 100.2933204 17.1088632, 100.2949113 17.1052186, 100.2976933 17.1024297, 100.3005153 17.0996637, 100.3033933 17.0968213, 100.3061833 17.0940093, 100.3090292 17.0912356, 100.3118432 17.0884541, 100.3146224 17.0856997, 100.3175084 17.0828551, 100.3202881 17.0801043, 100.323076 17.0773612, 100.3259211 17.0745087, 100.3286763 17.0717655, 100.331505 17.0690301, 100.3343174 17.0662165, 100.3370235 17.063567, 100.339784 17.0609, 100.342369 17.0582859, 100.3452201 17.0554483, 100.3478956 17.0517954, 100.3505065 17.0483933, 100.3527353 17.0453976, 100.3551357 17.0422379, 100.3575655 17.0390272, 100.3597293 17.0361331, 100.3623118 17.0327383, 100.3649836 17.0291728, 100.3675931 17.0256003, 100.3700962 17.0223396, 100.3725751 17.0190096, 100.3723696 17.0150782, 100.3721035 17.0111815, 100.3718859 17.0072846, 100.3716078 17.0033645, 100.3713417 16.9994213, 100.3711482 16.9956976, 100.3709669 16.9919161, 100.3707976 16.9880651, 100.3705799 16.9842256, 100.3703864 16.980467, 100.3702413 16.9768008, 100.3700478 16.9731345, 100.3698665 16.9696186, 100.3696367 16.9661257, 100.3694311 16.9625749, 100.3693102 16.9587464, 100.3690776 16.9552549, 100.3688764 16.951951, 100.3687016 16.9484462, 100.3684567 16.9445984, 100.3682556 16.9411521, 100.3681507 16.9376137, 100.3678621 16.9332052, 100.367626 16.9289807, 100.3674773 16.9253416, 100.3672325 16.9215519, 100.3670663 16.9176534, 100.3668471 16.9138402, 100.366651 16.9099077, 100.3664171 16.906199, 100.3662021 16.9022422, 100.3660377 16.8985999, 100.3659302 16.8948909, 100.36578 16.8913231, 100.3656701 16.8875856, 100.3655537 16.8838295, 100.3653532 16.8801537, 100.3652109 16.876515, 100.3650945 16.8728082, 100.3649652 16.869126, 100.3648164 16.8654747, 100.3646936 16.8619224, 100.3645513 16.8579986, 100.364422 16.8546813, 100.3643304 16.8513947, 100.3642114 16.8483375, 100.3641056 16.8450144, 100.3639667 16.8415394, 100.363808 16.8378364, 100.3636691 16.8339055, 100.3635236 16.8303226, 100.3634178 16.8271575, 100.3657589 16.8242645, 100.3683713 16.8212385, 100.3708249 16.8183328, 100.3733314 16.815484, 100.375785 16.8126605, 100.3782518 16.809818, 100.3807253 16.806988, 100.3832119 16.8040884, 100.3856721 16.8012774, 100.3881985 16.7983397, 100.3906256 16.7955476, 100.3930726 16.7926668, 100.3955858 16.7897796, 100.3981128 16.7869394, 100.4005041 16.7841922, 100.403077 16.7813076, 100.4055352 16.7784229, 100.408156 16.7755199, 100.4106047 16.7727358, 100.4130629 16.7698877, 100.4154828 16.7670852, 100.4162289 16.763312, 100.4168793 16.7595936, 100.4175584 16.7559209, 100.4182184 16.7521932, 100.418907 16.7484655, 100.4196914 16.7447193, 100.4202461 16.7411105, 100.4209348 16.7374924, 100.4215374 16.7338468, 100.4222548 16.7301187, 100.4229435 16.7263722, 100.4236321 16.7225157, 100.4243112 16.7187507, 100.4249904 16.7151047, 100.4256606 16.7113731, 100.4263107 16.7077162, 100.4269609 16.7039997, 100.4276803 16.7003029, 100.4283789 16.6966061, 100.4290083 16.6927701, 100.4296792 16.6892387, 100.4303363 16.6855218, 100.4310418 16.6818181, 100.4316367 16.6781342, 100.4323491 16.6743508, 100.4330062 16.6706866, 100.4336841 16.6670024, 100.4343342 16.6633182, 100.4350121 16.6595875, 100.4356969 16.6559628, 100.4363816 16.6523248, 100.4369972 16.6486469, 100.4376751 16.6450087, 100.4382974 16.6413657, 100.4382674 16.6374168, 100.4382074 16.6338128, 100.4382074 16.6299596, 100.4381173 16.6262405, 100.4381073 16.6224255, 100.4380273 16.6186104, 100.4380073 16.6149006, 100.4379373 16.6110278, 100.4379173 16.6071262, 100.4378673 16.6032149, 100.4378873 16.599457, 100.4378072 16.5954592, 100.4377272 16.5916723, 100.4376472 16.5879046, 100.4376372 16.5840983, 100.4376072 16.5802825, 100.4375671 16.5766103, 100.4374971 16.5728614, 100.4374571 16.568959, 100.4374171 16.5650853, 100.4373671 16.5613554, 100.437247 16.5574719, 100.437227 16.5536939, 100.437217 16.549935, 100.4371519 16.5461297, 100.4370795 16.5423712, 100.4370578 16.5383698, 100.4369657 16.5348801, 100.4368839 16.5311532, 100.4369657 16.5273773, 100.4368839 16.5234149, 100.4368123 16.5195799, 100.4367407 16.5157252, 100.4366486 16.5119293, 100.4365872 16.5082805, 100.4365974 16.5045727, 100.4365258 16.5010218, 100.4363621 16.4973041, 100.4364542 16.4934784, 100.4364031 16.4897606, 100.4364338 16.4863664, 100.4363315 16.4825111, 100.4362858 16.4786892, 100.4363171 16.4747964, 100.4362648 16.4709237, 100.4362648 16.4670007, 100.436223 16.4632181, 100.4368926 16.4595457, 100.437468 16.4558734, 100.4381167 16.4522511, 100.438734 16.4486287, 100.439299 16.4449561, 100.4399476 16.4413035, 100.4405963 16.4376509, 100.4411822 16.4340182, 100.4418413 16.4302851, 100.4424796 16.4266724, 100.4430655 16.4229793, 100.4438083 16.4191056, 100.444436 16.4155027, 100.4450115 16.4118495, 100.4456497 16.4078852, 100.4464239 16.403981, 100.4468947 16.4008194, 100.4474702 16.397176, 100.4482025 16.3933519, 100.4487257 16.3897987, 100.4493953 16.3861852, 100.4500858 16.3824814, 100.4506074 16.3789377, 100.451377 16.375226, 100.4520201 16.3715166, 100.4524967 16.3678725, 100.453102 16.3642574, 100.4536089 16.3608455, 100.4542596 16.3570923, 100.4549632 16.3533971, 100.4555004 16.3499704, 100.4561662 16.3462896, 100.4567412 16.3426959, 100.4573313 16.339073, 100.4584208 16.3351597, 100.4595405 16.3313552, 100.4605544 16.3276087, 100.4615303 16.3240509, 100.4625971 16.3203914, 100.4635656 16.3167826, 100.4645567 16.3130939, 100.4656916 16.3093543, 100.4666297 16.3057163, 100.4676965 16.302042, 100.468733 16.2982586, 100.469762 16.2946204, 100.4708061 16.2907933, 100.4717972 16.2871041, 100.472864 16.2834657, 100.4738173 16.2797546, 100.474907 16.2759619, 100.4758742 16.2724042, 100.4769497 16.2686161, 100.4779787 16.2648355, 100.4790647 16.260971, 100.4800861 16.257101, 100.4793905 16.2533264, 100.4787676 16.2497415, 100.4782375 16.2461026, 100.4776361 16.2424333, 100.4770347 16.2388854, 100.4764729 16.2351324, 100.4758557 16.2315084, 100.4752262 16.227824, 100.474689 16.2240945, 100.4740596 16.2204023, 100.4735217 16.2166991, 100.4729037 16.2130947, 100.47224 16.2093254, 100.4716677 16.205545, 100.4711528 16.2018745, 100.4704661 16.1981709, 100.469871 16.1942914, 100.4692416 16.1906317, 100.4686809 16.1869739, 100.4680599 16.1831708, 100.4674558 16.1792366, 100.4668434 16.1756997, 100.4662889 16.1721468, 100.4657096 16.1685462, 100.4651965 16.1650329, 100.4646834 16.161313, 100.4637151 16.1503593, 100.4635553 16.1465038, 100.4634114 16.1426503, 100.4632845 16.1387724, 100.4631491 16.13487, 100.4630136 16.131057, 100.4629036 16.1274715, 100.4627682 16.1236177, 100.4626582 16.1200321, 100.4625312 16.1161699, 100.4623535 16.112324, 100.462235 16.1085675, 100.4620827 16.1048759, 100.4620065 16.1011761, 100.4618626 16.0973868, 100.4617611 16.0935649, 100.4615594 16.0898542, 100.4614859 16.0861847, 100.4612901 16.0826916, 100.4611799 16.0790455, 100.4610086 16.0754817, 100.4608617 16.0715296, 100.4606903 16.0675658, 100.4606169 16.0636018, 100.4603721 16.059873, 100.4603231 16.0558619, 100.4601517 16.0520035, 100.4599314 16.0481452, 100.4598335 16.0444043, 100.4597478 16.0406634, 100.4596009 16.0366872, 100.4588053 16.0337343, 100.4580219 16.0307109, 100.4572018 16.0276521, 100.4564918 16.0246167, 100.4566142 16.020746, 100.4566999 16.0168988, 100.4568345 16.0130044, 100.4569783 16.0092836, 100.4570784 16.0054331, 100.4571911 16.0015465, 100.4573413 15.9976718, 100.4574289 15.9938933, 100.4575541 15.9900065, 100.4577919 15.9860955, 100.4578295 15.9822806, 100.4579422 15.9784417, 100.4580799 15.9746027, 100.4581675 15.9708478, 100.4583052 15.9668522, 100.4583928 15.9630851, 100.458493 15.9592458, 100.4587779 15.9552266, 100.4593267 15.9438561, 100.4588442 15.940192, 100.4587344 15.9365247, 100.4583902 15.9329377, 100.458217 15.9291921, 100.4579916 15.9253531, 100.4577781 15.9217184, 100.4575505 15.9179413, 100.4573262 15.9141809, 100.4571176 15.9106768, 100.4569092 15.9072209, 100.4567165 15.9038449, 100.456512 15.9004393, 100.4562184 15.8889182, 100.4560891 15.8849855, 100.4560178 15.8811311, 100.4560382 15.8773188, 100.4559268 15.8736199, 100.455603 15.8659669, 100.4554944 15.8582606, 100.4549881 15.8391384, 100.45491 15.8351468, 100.4547742 15.8306617, 100.4547471 15.827239, 100.4545233 15.8198037, 100.4545313 15.8159765, 100.454694 15.7969931, 100.4549368 15.7930743, 100.4550124 15.7893212, 100.4551695 15.7854535, 100.455337 15.7816619, 100.4555128 15.7776975, 100.4556517 15.7736529, 100.4558276 15.770312, 100.4559665 15.7668997, 100.4560776 15.7635587, 100.4562349 15.7599771, 100.4552566 15.756626, 100.4541242 15.7532743, 100.453044 15.7498344, 100.4519836 15.7464636, 100.4509231 15.7430551, 100.4498234 15.7396905, 100.4487891 15.7362251, 100.4475715 15.7325959, 100.4464456 15.7288594, 100.4453654 15.7250725, 100.4440983 15.7214671, 100.4438773 15.7177359, 100.4437635 15.7138629, 100.4432413 15.7061682, 100.4430606 15.7022756, 100.4428062 15.698557, 100.4426054 15.6945998, 100.4423443 15.6907779, 100.4421568 15.6869688, 100.4419359 15.6830436, 100.4417552 15.6791055, 100.4415342 15.6753671, 100.4413401 15.6716222, 100.4411058 15.6677676, 100.4409451 15.6639839, 100.4406974 15.6601807, 100.440502 15.6563255, 100.4402599 15.6525962, 100.4401244 15.6488669, 100.4398639 15.6449639, 100.439638 15.6412456, 100.4394394 15.6372437, 100.4391861 15.6333077, 100.4389944 15.6295298, 100.4387911 15.6255499, 100.438567 15.6217604, 100.438329 15.6178697, 100.4368166 15.6138845, 100.4354038922114 15.609872854765687, 100.43122987068188 15.60239642507601)"
way/245311456-500,TH12-500,500.0,4468.691083527704,351220.34,Al/St 240/40 4-bundle 380.0,"LINESTRING (103.51026840272972 16.124517026358767, 103.51392732687377 16.128282593042847, 103.5171548 16.1298, 103.5206189 16.1314166, 103.5239556 16.1329677, 103.5267196 16.1342472, 103.5296687 16.1346734, 103.5329785 16.1351526, 103.5367188 16.1356282, 103.5405852 16.1361781, 103.5443417 16.1367877, 103.5482778 16.1372911, 103.552167 16.1372087, 103.5563727 16.1371881, 103.5603746 16.1370799, 103.5641042 16.1370196, 103.5672853 16.1369577, 103.569242 16.138095, 103.5726229 16.1399671, 103.5762908 16.1419443, 103.5795323 16.1437597, 103.5800298 16.1440209, 103.5820096 16.1450927, 103.5827241 16.1454446, 103.5863719 16.1474439, 103.5889683 16.1488558, 103.5913501 16.1502573, 103.5952768 16.1503192, 103.5989718 16.1503691, 103.6028085 16.1503295, 103.606364 16.1513997, 103.6100719 16.1526173, 103.6133335 16.1535241, 103.6166058 16.1544619, 103.6203222 16.1554393, 103.6245236 16.1564817, 103.6281929 16.1574298, 103.6317441 16.1584706, 103.6352782 16.1593553, 103.6390612 16.1603255, 103.6429386 16.1612308, 103.6467001 16.1622731, 103.650466 16.163283, 103.6536996 16.1639615, 103.6563067 16.1639924, 103.6594138 16.1640558, 103.6631839 16.164044, 103.6670356 16.1639924, 103.6709409 16.1641367, 103.6746316 16.1641573, 103.6785433 16.1642413, 103.682528 16.1642295, 103.6863646 16.1642825, 103.6904352 16.1643531, 103.6940894 16.164365, 103.6979303 16.164365, 103.7014644 16.1659503, 103.7049293 16.1673724, 103.7079334 16.168578, 103.7115452 16.1699397, 103.7153148 16.1715354, 103.7190769 16.1730928, 103.7226962 16.1744824, 103.7262437 16.1760089, 103.7298953 16.1774293, 103.7334895 16.1788101, 103.7370514 16.1802629, 103.7402915 16.1815921, 103.7432527 16.1827873, 103.7464928 16.1835498, 103.7498724 16.1844668, 103.75337 16.1852602, 103.756542 16.1860758, 103.7588739 16.1867542, 103.76196 16.1876625, 103.7654077 16.1888149, 103.7690234 16.1898556, 103.7731969 16.1911126, 103.7770914 16.1922356, 103.7803707 16.1932572, 103.7839112 16.1943081, 103.7876808 16.1954399, 103.7912176 16.1965027, 103.7952623 16.1977596, 103.7993001 16.1990048, 103.8020859 16.1997687, 103.8065354 16.2011042, 103.8102207 16.2022014, 103.8140509 16.2033759, 103.8180742 16.2045814, 103.8220868 16.2057971, 103.8256059 16.2068273, 103.8291142 16.2079297, 103.8327942 16.2090217, 103.8366244 16.2101447, 103.8406477 16.2113088, 103.8445959 16.2124112, 103.8475463 16.2132869, 103.85128 16.2144716, 103.8549359 16.2156581, 103.8586736 16.2168686, 103.8624494 16.2180765, 103.8666089 16.2193984, 103.8691087 16.2202174, 103.8726123 16.2213396, 103.8756801 16.2223176, 103.8795385 16.2232899, 103.8835296 16.2242852, 103.8872606 16.2252272, 103.8914287 16.2262483, 103.895393 16.2272424, 103.8986311 16.2262837, 103.9020952 16.2252414, 103.905749 16.2241378, 103.9098045 16.2229428, 103.9137923 16.2217536, 103.9177184 16.220587, 103.9217658 16.2193765, 103.9254525 16.2182729, 103.9289917 16.2196096, 103.9325939 16.2212321, 103.9359728 16.2227561, 103.9396119 16.2243908, 103.9432939 16.2260558, 103.9468726 16.227688, 103.9504098 16.2292589, 103.9539825 16.2308736, 103.9567351 16.2321085, 103.9602998 16.2337039, 103.9636505 16.2352252, 103.9666566 16.236601, 103.9677285 16.237465, 103.9705311 16.2396977, 103.9733206 16.2419619, 103.9763897 16.2444418, 103.9796412 16.2470723, 103.9825386 16.2494098, 103.9853483 16.2516894, 103.9881656 16.2539637, 103.991798 16.2569012, 103.9944272 16.2590384, 103.9975459 16.2615354, 104.0005762 16.2639976, 104.0039551 16.2665738, 104.0057723 16.2682359, 104.0074634 16.2697826, 104.0109503 16.2726252, 104.0137116 16.2751497, 104.0164515 16.2779935, 104.019336 16.2809786, 104.0222048 16.2839474, 104.0250735 16.2869069, 104.0276846 16.2895902, 104.0304365 16.2924588, 104.0327493 16.294828, 104.0348213 16.2982462, 104.0367545 16.3014456, 104.0387152 16.3046995, 104.0408462 16.308198, 104.0429685 16.31171, 104.0451491 16.3152984, 104.0472433 16.3187819, 104.0493461 16.322239, 104.0514892 16.3258054, 104.0540825 16.3281935, 104.0570239 16.3309023, 104.0600535 16.3336922, 104.0629228 16.3363575, 104.0658973 16.3391038, 104.0690101 16.341966, 104.0718297 16.3445745, 104.0745931 16.3471284, 104.0775254 16.3498527, 104.0803944 16.3524679, 104.0831819 16.3550873, 104.0856838 16.3574384, 104.0883971 16.3599881, 104.0909535 16.3626772, 104.093511 16.3654535, 104.096043 16.3682496, 104.0986186 16.3710264, 104.1011976 16.3738662, 104.1038838 16.3767973, 104.10657 16.3797232, 104.1091423 16.3825481, 104.1116286 16.385282, 104.1140976 16.387997, 104.1165834 16.3906937, 104.119047 16.3934033, 104.1215899 16.396174, 104.1239615 16.398758, 104.1255963 16.4016012, 104.1274443 16.4048169, 104.1293823 16.4081215, 104.1313375 16.4114552, 104.1332386 16.4147967, 104.1350344 16.4178945, 104.1365297 16.4204738, 104.138113 16.4232052, 104.1402485 16.4268889, 104.1422193 16.4302913, 104.143958 16.433302, 104.1457491 16.4363602, 104.1473302 16.4390884, 104.1490777 16.4421111, 104.1509713 16.445357, 104.1527127 16.4483886, 104.1544052 16.4513115, 104.1562942 16.4545881, 104.1583172 16.4581148, 104.1621501 16.4647499, 104.163694 16.4674193, 104.1655665 16.4706567, 104.1674173 16.4738567, 104.1692157 16.4769084, 104.1709001 16.4798451, 104.1724008 16.4824621, 104.1738707 16.4849466, 104.1740457 16.4879924, 104.1742784 16.4920927, 104.1745136 16.4962369, 104.1780227 16.4978863, 104.181409 16.4958109, 104.1852996 16.4968325, 104.1887522 16.4977491, 104.1957277 16.4996191, 104.1995579 16.500613, 104.2036764 16.5017022, 104.2084011 16.5029643, 104.2122487 16.5039788, 104.2142906 16.5034844, 104.2178435 16.5025753, 104.2212197 16.4997817, 104.223749 16.49766, 104.226678 16.4952335, 104.2296251 16.4928166, 104.2313357 16.4913606, 104.2338375 16.4892922, 104.2370226 16.4885965, 104.2413872 16.4876147, 104.2450371 16.4867801, 104.2488545 16.4859346, 104.2528349 16.4850382, 104.2562239 16.4841895, 104.2587874 16.4836269, 104.2620114 16.4829125, 104.2658255 16.482049, 104.2697496 16.4811861, 104.2730675 16.4831253, 104.2766228 16.4851739, 104.2802209 16.4872778, 104.2836166 16.4892292, 104.2856719 16.4904341, 104.2890534 16.4923945, 104.2923821 16.4907202, 104.2951246 16.489343, 104.2979631 16.4878391, 104.3014546 16.4860857, 104.3048114 16.484356, 104.3079349 16.4850337, 104.3111381 16.4857269, 104.3144084 16.4864522, 104.3165253 16.4889559, 104.3183566 16.4911973, 104.3212299 16.4925945, 104.3246584 16.4943022, 104.3280856 16.4959867, 104.3313821 16.4975684, 104.332292 16.4999042, 104.3332931 16.5024547, 104.334649 16.5059407, 104.3361095 16.5095127, 104.3374338 16.5128879, 104.3390029 16.5162509, 104.3401683 16.5191098, 104.3416247 16.5228153, 104.3430557 16.5263767, 104.3437343 16.5280622, 104.3461704 16.5286665, 104.3486367 16.5305912, 104.3488513 16.5338079, 104.3472245 16.5367906, 104.348516 16.5399442, 104.3518674 16.5405883, 104.3559015 16.5413365, 104.3592757 16.5419755, 104.3612163 16.5419826, 104.3627612 16.5426909, 104.3646026 16.5435523, 104.3686487 16.5436879, 104.3725459 16.5443783, 104.3769555 16.5451895, 104.3802586 16.5458991, 104.384064 16.5467051, 104.3880524 16.547578, 104.3907407 16.5481418, 104.3936683 16.5487678, 104.397119 16.5494974, 104.3997952 16.5500823, 104.4034121 16.5508517, 104.4073355 16.5516841, 104.4107708 16.5524149, 104.4134141 16.5540218, 104.4159984 16.5555496, 104.4192439 16.5574985, 104.4225524 16.5594775, 104.4252636 16.5611795, 104.4283906 16.5630542, 104.4311847 16.564661, 104.4346861 16.5667864, 104.4372365 16.5683078, 104.4402445 16.570171, 104.4432868 16.5719647, 104.4471702 16.571755, 104.4512484 16.57151, 104.4551591 16.5712592, 104.4585872 16.5710878, 104.4623624 16.5708863, 104.4663478 16.5706948, 104.470775 16.5704831, 104.4745186 16.5702513, 104.4778941 16.57009, 104.4810384 16.5698884, 104.4843613 16.5697473, 104.4882732 16.5695558, 104.4922797 16.5692938, 104.4962441 16.5691224, 104.5001139 16.5689208, 104.5035 16.5687092, 104.5071805 16.5684471, 104.5111345 16.5681649, 104.5146678 16.5679129, 104.5178856 16.5676912, 104.5210613 16.5674694, 104.5247313 16.5671771, 104.528822 16.5669957, 104.5326689 16.5667554, 104.5368469 16.5664943, 104.5405975 16.5663103, 104.5448793 16.5661002, 104.5491134 16.5658924, 104.5532869 16.5657039, 104.5570243 16.5655264, 104.5609068 16.5653193, 104.5644281 16.5651598, 104.5683165 16.5649547, 104.5721607 16.5647765, 104.5751027 16.5637834, 104.5778817 16.5628473, 104.5811895 16.5617498, 104.5843332 16.5606951, 104.5880713 16.5594434, 104.5916692 16.558239, 104.5955272 16.5569676, 104.5992106 16.555726, 104.6032063 16.5543991, 104.6069814 16.5531247, 104.6102696 16.5549224, 104.6131182 16.5564883, 104.6160787 16.5581156, 104.6191485 16.5598031, 104.6225256 16.5616594, 104.6258202 16.5634493, 104.6293125 16.5653899, 104.6325502 16.5671677, 104.6357554 16.5689194, 104.6393185 16.5708635, 104.6427893 16.5727789, 104.6463063 16.5747178, 104.6495576 16.5764903, 104.6532183 16.5784888, 104.6561251 16.5801391, 104.6589154 16.5816569, 104.6618385 16.5832785, 104.6650437 16.5850068, 104.6687125 16.587013, 104.6718472 16.5887698, 104.6750035 16.5905058, 104.6770047 16.5936295, 104.6785584 16.5959813, 104.6805596 16.5991178, 104.6827072 16.6023739, 104.6845539 16.6052011, 104.6868072 16.6086754, 104.6888111 16.6117104, 104.6910075 16.6151143, 104.6932033 16.6185292, 104.6955143 16.622026, 104.6987492 16.6268406, 104.702389 16.6288807, 104.7059296 16.6308652, 104.709227 16.6326996, 104.7117434 16.634022, 104.7147316 16.6356511, 104.7178852 16.6382232, 104.7204586 16.6403692, 104.7236393 16.6429595, 104.7267875 16.6455497, 104.7297161 16.6479736, 104.7332017 16.6479003, 104.7363989 16.6478316, 104.7382934 16.6477801, 104.7415683 16.64774, 104.7464269 16.6476198, 104.7512615 16.6475511, 104.7561011 16.6475214, 104.7620149 16.6474486, 104.7662527 16.6476465, 104.7679318 16.6508235, 104.7695037 16.6538685, 104.771244 16.6570711, 104.7728542 16.6601233, 104.7734279 16.6611603, 104.7750388 16.6642161, 104.7766553 16.6672476, 104.7785831 16.6708325, 104.7808363 16.6750224, 104.7827683 16.6786558, 104.7847808 16.6824409, 104.7870804 16.6867658, 104.7894822 16.691242, 104.7919302 16.6958044, 104.7943685 16.7004319, 104.7964915 16.7043964, 104.798814 16.7087599, 104.8009558 16.7127405, 104.8034438 16.7173642, 104.8059274 16.7220089, 104.8083428 16.7265259, 104.8107462 16.7310205, 104.8132271 16.73566, 104.8157227 16.7403269, 104.8181556 16.7448768, 104.8205255 16.7493048, 104.8229507 16.7538362, 104.8252464 16.7581183, 104.8277471 16.7627827, 104.8301594 16.7672143, 104.8324555 16.7717896, 104.8349702 16.7763143, 104.8374419 16.7809519, 104.8396184 16.7850358, 104.8421197 16.7896705, 104.8445972 16.7943299, 104.8469569 16.7986797, 104.8495264 16.8034163, 104.8518451 16.8076905, 104.8542705 16.8122489, 104.8566108 16.8166474, 104.8587313 16.8206327, 104.861191 16.8252242, 104.86368 16.8298765, 104.8661044 16.8344082, 104.8681193 16.8381726, 104.8703643 16.8423669, 104.8728258 16.8469659, 104.8751933 16.8513809, 104.8773751 16.8554496, 104.8795926 16.8595849, 104.8815613 16.8632562, 104.8836911 16.8672462, 104.8856669 16.8708464, 104.8874193 16.8741088, 104.8896153 16.8781969, 104.891838 16.8826727, 104.8935863 16.8873704, 104.8952723 16.8921601, 104.8970917 16.8973287, 104.8987859 16.902154, 104.9004119 16.9067848, 104.901864 16.9109641, 104.9034455 16.9155156, 104.9051637 16.920461, 104.9066117 16.9245499, 104.9081243 16.9288212, 104.90983 16.9338908, 104.9131394 16.9374815, 104.9166066 16.9412434, 104.9199654 16.9448876, 104.9234547 16.9487216, 104.9267894 16.9523858, 104.9299016 16.9558055, 104.9331648 16.9593612, 104.9362637 16.962738, 104.9393433 16.9661418, 104.9428317 16.9699551, 104.946384 16.9738477, 104.9495428 16.9772926, 104.9534249 16.9814346, 104.956938 16.9852777, 104.9607925 16.9894942, 104.9645864 16.9936615, 104.9677908 16.9971811, 104.970794 17.0004799, 104.9744826 17.0045314, 104.9775111 17.0078155, 104.980935 17.0115283, 104.9838556 17.0146617, 104.9875758 17.0187184, 104.9910799 17.0225319, 104.994278 17.0260123, 104.9973901 17.0294208, 104.9971793 17.03463, 104.9970362 17.0397664, 104.996926 17.0443266, 104.9967073 17.0490786, 104.996631 17.0544858, 104.9962658 17.0592374, 104.9962082 17.064201, 104.9961925 17.069899, 104.9960273 17.0750254, 104.9957393 17.0805329, 104.9958148 17.084834, 104.9956545 17.0901308, 104.9954274 17.094156, 104.9953998 17.097895, 104.995189 17.1030918, 104.9951238 17.1076424, 104.9949654 17.1133627, 104.9948018 17.118785, 104.9946383 17.1234206, 104.9945518 17.1289792, 104.9944292 17.1339487, 104.9942907 17.1386535, 104.9941523 17.1432085, 104.9939996 17.1485588, 104.9938464 17.1537372, 104.9936287 17.1583223, 104.9934935 17.1639492, 104.993466 17.1672117, 104.9952159 17.172065, 104.9968516 17.1768835, 104.998614 17.1815578, 104.9997836 17.1846933, 105.0016301 17.1894755, 105.0028864 17.1931636, 105.0047823 17.198306, 105.0063577 17.2028236, 105.0082339 17.2078202, 105.0101219 17.2127448, 105.0115804 17.2169925, 105.0142098 17.220406, 105.0170397 17.2240803, 105.0197259 17.2274683, 105.0219691 17.2303748, 105.0242613 17.2332461, 105.027076 17.2369587, 105.0300949 17.2409422, 105.0330003 17.2445842, 105.035933 17.2484382, 105.0388878 17.2522056, 105.0422073 17.2566662, 105.0451869 17.2602783, 105.0483829 17.2644228, 105.0516061 17.2685585, 105.0540425 17.2716596, 105.0571708 17.2756624, 105.0604681 17.2799263, 105.0651875 17.2860267, 105.0685595 17.2892698, 105.0711854 17.291863, 105.0744501 17.2950321, 105.0775321 17.2980834, 105.0808256 17.301316, 105.0841588 17.3045813, 105.0878753 17.3082043, 105.0912583 17.3114945, 105.0939625 17.3141495, 105.0971587 17.3172989, 105.0993716 17.3194547, 105.103148 17.3231574, 105.1054096 17.32386, 105.1103088 17.3253328, 105.1143912 17.32656, 105.1185099 17.3278215, 105.123126 17.3292142, 105.1277598 17.3305901, 105.1321583 17.3318962, 105.1361673 17.3331301, 105.1415196 17.334718, 105.1467057 17.3363267, 105.1515799 17.337807, 105.1568618 17.3393917, 105.1620011 17.3409577, 105.1659292 17.3421476, 105.1700038 17.3433814, 105.1736496 17.344484, 105.1771828 17.3455415, 105.177398 17.3478523, 105.1778535 17.3521462, 105.178295 17.3567944, 105.1787197 17.3607706, 105.179106 17.3647244, 105.1793936 17.3681241, 105.1799018 17.3724634, 105.1800658 17.3743456, 105.1805923 17.3797196, 105.1809745 17.3839212, 105.181458 17.3890121, 105.1819203 17.3939106, 105.1821309 17.3952778, 105.182478 17.3995423, 105.1828266 17.4027452, 105.1831588 17.4066631, 105.1835439 17.4105422, 105.1839239 17.4147693, 105.1843702 17.4189611, 105.1846575 17.4232208, 105.1836825 17.4275564, 105.1827462 17.4313666, 105.181588 17.4359032, 105.1804869 17.4402848, 105.1792403 17.4453394, 105.1779848 17.4501507, 105.1769066 17.45438, 105.1758426 17.4585482, 105.1746013 17.4636366, 105.173276 17.4686737, 105.1721592 17.473082, 105.1709062 17.4779075, 105.1700384 17.4814994, 105.1668742 17.4817565, 105.1626078 17.4821203, 105.1575228 17.4825629, 105.1525949 17.48295, 105.1502186 17.4851511, 105.1475528 17.4878608, 105.1443692 17.4909917, 105.1411246 17.4942025, 105.1378648 17.4974422, 105.1350315 17.5001953, 105.1364398 17.5039197, 105.1378876 17.5081708, 105.1396622 17.512863, 105.1410637 17.5168433, 105.1425717 17.5209688, 105.1440569 17.5250724, 105.1455269 17.5291395, 105.1501238 17.5307382, 105.154008 17.5320907, 105.158048 17.5335074, 105.162127 17.5349279, 105.1664283 17.5364264, 105.1707178 17.5379249, 105.1756196 17.5396427, 105.178712 17.5406876, 105.1806891 17.5413792, 105.1808497 17.5454752, 105.1809855 17.5494625, 105.1811453 17.5541993, 105.1813038 17.559295, 105.1814796 17.5637976, 105.1816473 17.5678128, 105.1818267 17.5720286, 105.1819476 17.576315, 105.1821176 17.5806916, 105.1822439 17.5849953, 105.1823999 17.5894226, 105.1825871 17.5941583, 105.1827782 17.5990464, 105.180766 17.6030199, 105.178434 17.6076586, 105.1762581 17.6119182, 105.1744174 17.6155569, 105.1724325 17.6194631, 105.1704528 17.6233743, 105.170449 17.6272607, 105.1704284 17.6314887, 105.1704228 17.6357443, 105.1703399 17.6396769, 105.1673785 17.6430075, 105.1675476 17.6481658, 105.1675827 17.6501504, 105.1676504 17.652984, 105.1677238 17.6566105, 105.1677505 17.6600532, 105.1643866 17.6629357, 105.1608691 17.6659062, 105.1556819 17.6703341, 105.153498 17.6722378, 105.15189892572228 17.674641532402482, 105.14874 17.679558272273436)"
way/261489769-500,TH51-500,500.0,4468.691083527704,27797.79,Al/St 240/40 4-bundle 380.0,"LINESTRING (99.66651463368606 13.6380910379675, 99.67004399133232 13.631157491211173, 99.6712894 13.6290153, 99.6727574 13.6266307, 99.6749461 13.6255463, 99.6773718 13.6243425, 99.679611 13.6233087, 99.6815754 13.6221278, 99.68458 13.6208818, 99.6881195 13.619387, 99.6924555 13.6175529, 99.6968077 13.6157082, 99.7006363 13.6141076, 99.7017966 13.6104736, 99.7028159 13.607314, 99.70538 13.605583, 99.7081357 13.6037947, 99.71054 13.6022854, 99.712622 13.6009635, 99.7162955 13.6001565, 99.7196923 13.5993472, 99.7222458 13.5977829, 99.7250567 13.596031, 99.7273527 13.5945815, 99.7301958 13.5927878, 99.7329532 13.5910359, 99.7356461 13.5894195, 99.7380585 13.5892265, 99.7415684 13.5889502, 99.7452699 13.5886686, 99.7484778 13.5884079, 99.7501247 13.5891168, 99.7522956 13.5900399, 99.7546345 13.5902016, 99.7592087 13.590439, 99.7623807 13.5912079, 99.7655666 13.5919156, 99.7692252 13.592632, 99.7708259 13.5917082, 99.7742967 13.5903525, 99.7774188 13.5896069, 99.7813241 13.5884076, 99.7831518 13.5878395, 99.785798 13.5869946, 99.7887254 13.5895237, 99.7923909 13.5926572, 99.7947603 13.5947511, 99.7954706 13.5987284, 99.7980031 13.5999505, 99.8007862 13.6015263, 99.8035044 13.6030647, 99.8073523 13.6023293, 99.8120039 13.6014531, 99.8166262 13.6006096, 99.8194286 13.6001226, 99.8221337 13.5996166, 99.8247172 13.599139, 99.8273094 13.5997786, 99.8303842 13.6005446, 99.8317855 13.6018356, 99.8331818 13.603103, 99.835418 13.6025279, 99.8388953 13.6016777, 99.8417599 13.600979, 99.8442812 13.6018445, 99.847296 13.6026475, 99.8503 13.6015525, 99.8540122 13.601881, 99.8579121 13.6022408, 99.8624292 13.6026008, 99.8671322 13.602984, 99.8717564 13.6033073, 99.8761659 13.6036618, 99.87805141015497 13.6038153396305, 99.88396232838646 13.602330127403732)"
way/261489769-500,way/250742034-500,500.0,4468.691083527704,284376.27,Al/St 240/40 4-bundle 380.0,"LINESTRING (99.51280117531321 11.422721957729243, 99.5140263465484 11.429870498913901, 99.5163664 11.4299369, 99.5193258 11.4300462, 99.5225052 11.4301525, 99.5256303 11.4302825, 99.5283215 11.430377, 99.5304461 11.4295027, 99.5321412 11.4288325, 99.536056 11.4303785, 99.5388814 11.4315493, 99.5400589 11.4344306, 99.5411327 11.436988, 99.5425698 11.4403914, 99.5445643 11.4408631, 99.5463547 11.4415151, 99.5485434 11.4445147, 99.5506436 11.4473814, 99.551235 11.4508449, 99.5511398 11.4524893, 99.5509493 11.4548578, 99.5506959 11.4567098, 99.5526644 11.4602679, 99.5541677 11.4629852, 99.5553751 11.4652264, 99.557177 11.4683609, 99.5582808 11.4704346, 99.5603663 11.4739576, 99.5623359 11.4775193, 99.5638452 11.4803429, 99.5643757 11.4834355, 99.5649397 11.4873586, 99.5652142 11.4899581, 99.5654803 11.4930265, 99.5659164 11.4968, 99.5678667 11.5001585, 99.5695739 11.5032041, 99.5712069 11.5063828, 99.5731711 11.5095784, 99.5755476 11.5125042, 99.5777664 11.5152103, 99.5797714 11.51765, 99.58127 11.5196052, 99.5808763 11.5222087, 99.5800946 11.5243332, 99.5790811 11.52731, 99.5802393 11.530029, 99.5815797 11.5329757, 99.5831423 11.5365084, 99.5862558 11.5383715, 99.5891274 11.54018, 99.5908598 11.5408616, 99.5927799 11.5415767, 99.5962445 11.543511, 99.5988741 11.5450083, 99.6020274 11.5459159, 99.6056922 11.5468873, 99.6090854 11.5478286, 99.610237 11.5500202, 99.6117157 11.5528055, 99.6130719 11.5552847, 99.6143947 11.5578767, 99.6158361 11.5606081, 99.6177669 11.5632813, 99.6209474 11.5678041, 99.6230337 11.5706294, 99.6246155 11.5729413, 99.627145 11.5751779, 99.6283429 11.5789469, 99.6295223 11.5827484, 99.6307863 11.58674, 99.6319021 11.5901851, 99.6327707 11.5930144, 99.6335616 11.5955463, 99.6350446 11.597255, 99.6376574 11.6002018, 99.6400867 11.6030518, 99.6424274 11.6057258, 99.6446448 11.6102062, 99.6462299 11.6133207, 99.6478042 11.6164059, 99.6490874 11.6189936, 99.6505123 11.622032, 99.6521851 11.6253383, 99.6531738 11.62728, 99.654542 11.6299603, 99.6559851 11.6328165, 99.6572285 11.635306, 99.6586359 11.6381439, 99.6599679 11.64083, 99.6614553 11.6437144, 99.6628285 11.6464459, 99.6641722 11.649178, 99.6656888 11.6522076, 99.666974 11.6547751, 99.6681928 11.6572098, 99.6698768 11.6606294, 99.6716745 11.6642581, 99.6733837 11.6676806, 99.6750174 11.6709521, 99.6764728 11.6738664, 99.6779312 11.6767867, 99.6792403 11.6793912, 99.6805367 11.6819701, 99.681988 11.6849348, 99.6832296 11.6875953, 99.6843561 11.6899764, 99.6857538 11.6928629, 99.6871244 11.6956931, 99.6884375 11.6984934, 99.6897303 11.7011909, 99.6908039 11.7034041, 99.6911449 11.7041071, 99.6921005 11.7061063, 99.6929047 11.7077888, 99.6945494 11.7112186, 99.6958997 11.7140353, 99.6977069 11.7177235, 99.6992704 11.72113, 99.7010878 11.7248114, 99.7027799 11.7283305, 99.7039948 11.7308654, 99.7056971 11.7345931, 99.7073486 11.7379099, 99.7071974 11.7416394, 99.7070538 11.7451912, 99.7069628 11.7481714, 99.7068432 11.7511984, 99.7067331 11.7541504, 99.7066326 11.7568165, 99.7064842 11.7598669, 99.7064029 11.7637137, 99.706513 11.7666515, 99.706623 11.7701984, 99.7067905 11.7741716, 99.7069102 11.7782993, 99.7069931 11.7815581, 99.7071077 11.7846255, 99.7072231 11.7877139, 99.7073427 11.7911481, 99.7074815 11.7941746, 99.7076107 11.7971121, 99.707716 11.8001386, 99.7078118 11.803849, 99.7067349 11.8093067, 99.7061175 11.8125345, 99.7054522 11.8155374, 99.707208 11.8180416, 99.7081682 11.8194105, 99.7107322 11.8230507, 99.7128162 11.8259792, 99.7125692 11.8274128, 99.7120995 11.8303412, 99.7115637 11.8336816, 99.7111115 11.8364806, 99.7107218 11.8388846, 99.7103252 11.841377, 99.711181 11.8446935, 99.7121065 11.8486023, 99.7130701 11.852392, 99.713919 11.8557764, 99.7148027 11.8591607, 99.715589 11.8624123, 99.7169493 11.8678428, 99.7176076 11.8704323, 99.718365 11.8734008, 99.7191478 11.8765855, 99.7201408 11.8805363, 99.7211265 11.8844658, 99.7217463 11.886966, 99.7225291 11.889952, 99.7231379 11.8925018, 99.723928 11.8956686, 99.724776 11.8990375, 99.7254682 11.9015908, 99.7257509 11.9036759, 99.7264503 11.9081653, 99.7269215 11.9105908, 99.7277296 11.9161191, 99.7281029 11.9185374, 99.7286139 11.9217678, 99.7291466 11.9247073, 99.7295562 11.9277638, 99.7299657 11.9304338, 99.7305564 11.9341604, 99.731129 11.9377629, 99.7327272 11.9410214, 99.7340573 11.9437232, 99.7351952 11.9460952, 99.7364347 11.9486515, 99.7382721 11.951137, 99.7398434 11.9532506, 99.7417802 11.955856, 99.7437122 11.9584707, 99.7457325 11.961205, 99.7472246 11.9632243, 99.7492449 11.9659585, 99.7511194 11.9684953, 99.7529568 11.9710337, 99.7547109 11.973324, 99.7566643 11.9759474, 99.760234 11.9768231, 99.7634014 11.9776066, 99.7664783 11.9783333, 99.7693232 11.9790034, 99.7717545 11.9813504, 99.7740793 11.9835443, 99.7744109 11.9866967, 99.7743997 11.9899948, 99.7733416 11.9928629, 99.7718924 11.9965035, 99.7722128 11.9994699, 99.7725742 12.0028663, 99.7730026 12.0066416, 99.7733156 12.0093746, 99.7737328 12.0133758, 99.7741277 12.0171692, 99.7744556 12.0202155, 99.7748412 12.023444, 99.7751362 12.0263968, 99.7754655 12.0295144, 99.7758818 12.0334204, 99.7762698 12.0370121, 99.7766843 12.0409133, 99.777071 12.044552, 99.7783633 12.0471869, 99.7796283 12.0498136, 99.7808302 12.0523998, 99.7826482 12.0562123, 99.7842622 12.059597, 99.7856927 12.0626451, 99.7871233 12.0655252, 99.7870997 12.0684416, 99.787093 12.0713908, 99.7882172 12.0741622, 99.7892304 12.0765091, 99.7902772 12.0790928, 99.791637 12.0821637, 99.7931887 12.0860541, 99.794626 12.0897437, 99.7961876 12.0934552, 99.7971266 12.0956869, 99.7982762 12.0984564, 99.7995067 12.1014211, 99.8006587 12.1042044, 99.801826 12.1071479, 99.8030256 12.1101034, 99.804487 12.1135987, 99.8059722 12.117308, 99.8075002 12.1210872, 99.8090615 12.1247173, 99.8102753 12.1277796, 99.8114939 12.1306092, 99.8129648 12.1342252, 99.8144654 12.1374269, 99.8148067 12.138155, 99.8159257 12.1413734, 99.8170253 12.1441935, 99.8184343 12.1474929, 99.8169996 12.1498459, 99.8154222 12.1524896, 99.8137046 12.155379, 99.8116248 12.158785, 99.8095304 12.1622771, 99.8074459 12.1657105, 99.805387 12.1691978, 99.8032348 12.1726614, 99.8014735 12.1755872, 99.7994839 12.1788648, 99.7975081 12.1822538, 99.7954977 12.1854806, 99.7939925 12.1880003, 99.7926499 12.1901954, 99.7910963 12.1927828, 99.7895011 12.1954242, 99.7882935 12.1974738, 99.7865807 12.2002471, 99.7851447 12.2026687, 99.7833385 12.2056178, 99.7825945 12.2083877, 99.7817635 12.2114688, 99.781005 12.2142978, 99.7801951 12.2173922, 99.7819396 12.2198505, 99.78353 12.222058, 99.785277 12.2244923, 99.7871316 12.2270701, 99.7889178 12.229557, 99.7906109 12.2319339, 99.7923334 12.234239, 99.7941147 12.2367497, 99.7959497 12.239313, 99.7975646 12.2415751, 99.7992235 12.2438801, 99.8011662 12.2465629, 99.8014125 12.2491805, 99.8017192 12.2524401, 99.8019981 12.2558305, 99.8022575 12.2592209, 99.8024875 12.2617936, 99.8027174 12.2639932, 99.8022546 12.2663567, 99.8016214 12.2695904, 99.8022931 12.2725423, 99.8030436 12.2758407, 99.803762 12.2789469, 99.8044983 12.2820684, 99.8051774 12.2850223, 99.8060712 12.288721, 99.8068905 12.2925953, 99.8075872 12.2954977, 99.8085248 12.2992005, 99.8093441 12.3031131, 99.8085248 12.3067945, 99.8076573 12.3107455, 99.8067941 12.3146708, 99.8060756 12.3178169, 99.8055937 12.3202268, 99.806115 12.3238009, 99.8066277 12.3269512, 99.8070526 12.329956, 99.8075214 12.3327296, 99.8080866 12.3364576, 99.8087358 12.3404553, 99.8093536 12.3444657, 99.8099319 12.3482021, 99.8104533 12.351549, 99.8109834 12.3547804, 99.8115048 12.3582128, 99.8121094 12.3621416, 99.8127009 12.3658521, 99.8133274 12.3695968, 99.8138751 12.3733714, 99.8144973 12.3770646, 99.8150142 12.3809803, 99.814655 12.3835436, 99.8143614 12.3863809, 99.8138008 12.3904241, 99.8132748 12.3942174, 99.8127676 12.398034, 99.8124239 12.4006203, 99.8119902 12.4038638, 99.8116799 12.4062782, 99.8112059 12.4094693, 99.8108642 12.4125373, 99.8103384 12.4165038, 99.8098214 12.4204489, 99.809414 12.4235424, 99.8091423 12.425793, 99.8075913 12.4295668, 99.8061944 12.4329537, 99.8047867 12.4364122, 99.8048886 12.4390557, 99.8049427 12.4435373, 99.8049587 12.4469023, 99.8038089 12.4496422, 99.8026115 12.4526526, 99.8010095 12.4564715, 99.7998406 12.459401, 99.7983565 12.4628747, 99.7993327 12.466323, 99.8000038 12.4688006, 99.8000125 12.4715894, 99.8000202 12.4740305, 99.800083 12.4771256, 99.8001348 12.4796792, 99.8001152 12.4828087, 99.8001675 12.485999, 99.8002003 12.4889526, 99.800374 12.4915877, 99.8005351 12.4940326, 99.801834 12.4959371, 99.8048712 12.4991827, 99.805592 12.4999903, 99.8077529 12.5025376, 99.8079433 12.5054374, 99.8082717 12.5093733, 99.808545 12.5130029, 99.8087721 12.5160177, 99.8090143 12.5192339, 99.8093522 12.5235553, 99.8095474 12.527347, 99.8099567 12.5316125, 99.8101519 12.5354738, 99.8105309 12.5382785, 99.8109616 12.5414663, 99.8115292 12.5446283, 99.8121898 12.5480434, 99.8128063 12.5515063, 99.813325 12.5544246, 99.8140541 12.5581023, 99.8146878 12.5618121, 99.8138657 12.5645065, 99.8129118 12.5676326, 99.812072 12.5703847, 99.8111246 12.5734384, 99.8093409 12.5771509, 99.8077118 12.5805583, 99.8064137 12.5832635, 99.805196 12.5857901, 99.8038138 12.5887201, 99.8023073 12.5917749, 99.803258 12.5946477, 99.803982 12.5976524, 99.8046841 12.6002789, 99.8044427 12.6029553, 99.8041977 12.6059778, 99.8039162 12.6089896, 99.8036346 12.6122047, 99.8033969 12.6152807, 99.8031373 12.6177892, 99.8028887 12.6206831, 99.8026144 12.6240373, 99.8023438 12.6267384, 99.8020586 12.6306634, 99.8016513 12.6344999, 99.801416 12.6372096, 99.8011626 12.6401463, 99.8008834 12.6433, 99.8006248 12.6464486, 99.800387 12.6492288, 99.8000353 12.6527608, 99.7998233 12.6557529, 99.7981323 12.6582555, 99.7977393 12.6621557, 99.7973669 12.6661063, 99.7969739 12.6696481, 99.7979203 12.6723776, 99.7989338 12.6751878, 99.7999371 12.6779677, 99.8009916 12.6807637, 99.7999616 12.6845448, 99.7988076 12.6882781, 99.7978903 12.6915309, 99.7978415 12.6949304, 99.7977738 12.6988432, 99.7976686 12.7028513, 99.7987963 12.7066357, 99.7998263 12.710277, 99.8007472 12.7133132, 99.801811 12.7170754, 99.8023147 12.7188245, 99.8033485 12.7223629, 99.8041868 12.725322, 99.8051265 12.7284423, 99.806149 12.7320613, 99.8068369 12.7343493, 99.8066565 12.7372459, 99.8064835 12.7402341, 99.8064347 12.7429986, 99.8062717 12.7459416, 99.8060064 12.7493975, 99.8058047 12.7534209, 99.8056455 12.7564298, 99.8054686 12.7594732, 99.8053024 12.7624164, 99.8051009 12.7658096, 99.8049608 12.7688837, 99.8047657 12.7719481, 99.8045855 12.77592, 99.8043504 12.7799845, 99.8041302 12.7836489, 99.8039943 12.7860013, 99.8052009 12.7898113, 99.8060865 12.7926314, 99.8065368 12.7950856, 99.8070372 12.7976178, 99.8074474 12.8001216, 99.8069521 12.8032969, 99.8064872 12.8059584, 99.8079286 12.8071011, 99.8102547 12.808875, 99.8146339 12.8122144, 99.8154241 12.8152431, 99.8136686 12.8171284, 99.8145337 12.8199268, 99.815518 12.8230206, 99.8163937 12.8257726, 99.8173001 12.8286215, 99.8180678 12.8312834, 99.8170957 12.8341269, 99.816119 12.8371253, 99.8149652 12.8402921, 99.8138568 12.8436979, 99.8128211 12.8464571, 99.8117763 12.84942, 99.8097433 12.8509203, 99.8077947 12.8523584, 99.8060572 12.8536406, 99.8058982 12.8568869, 99.8060754 12.8602925, 99.8062389 12.8630117, 99.8063798 12.8658637, 99.8065804 12.8696515, 99.8067114 12.8721255, 99.8069294 12.8755708, 99.8070929 12.8786706, 99.8072565 12.8815047, 99.8074382 12.8849056, 99.8076081 12.8878212, 99.8077716 12.8908367, 99.8079533 12.8940869, 99.8080714 12.8973282, 99.8082985 12.9003923, 99.8084802 12.9034697, 99.8086256 12.9066312, 99.8088436 12.9105542, 99.8090435 12.9138218, 99.8092161 12.9165138, 99.8093342 12.9190331, 99.8098918 12.9201505, 99.8111773 12.9226653, 99.8121267 12.926349, 99.8129171 12.9303027, 99.8153792 12.9336143, 99.8169055 12.9358811, 99.8187543 12.9383471, 99.8205259 12.940844, 99.8223066 12.9433852, 99.82416 12.945984, 99.8259407 12.9484676, 99.8279212 12.9511548, 99.830095 12.9541719, 99.830354 12.9573105, 99.8306129 12.9601437, 99.8309491 12.9632956, 99.8311615 12.965862, 99.8312034 12.9663678, 99.8315668 12.9698871, 99.8318303 12.9727113, 99.8321392 12.9757656, 99.8324436 12.9795282, 99.832325 12.9817992, 99.8320972 12.9848403, 99.8319149 12.9880202, 99.8317555 12.9910668, 99.8315675 12.9941356, 99.8313739 12.9972987, 99.8311803 13.0002837, 99.8314034 13.0054754, 99.83154 13.0084719, 99.8316881 13.0117125, 99.8317963 13.0156799, 99.8320412 13.0195973, 99.831802 13.0243414, 99.8316596 13.0269881, 99.830606 13.0299233, 99.8297233 13.0327197, 99.8285558 13.0355439, 99.8275648 13.0383569, 99.8265739 13.0411477, 99.8255601 13.0439994, 99.8245009 13.0470121, 99.8230828 13.0509845, 99.8221488 13.0536365, 99.8212432 13.0561663, 99.8201327 13.0592343, 99.8192385 13.061814, 99.8182305 13.0646212, 99.8172737 13.0673507, 99.81626 13.0701078, 99.8162315 13.073331, 99.8161973 13.07631, 99.8161575 13.0794942, 99.8161176 13.0827338, 99.8160265 13.0858514, 99.8160436 13.0889967, 99.8160151 13.0918978, 99.8159525 13.0952704, 99.8158898 13.0991922, 99.8158841 13.103247, 99.8158386 13.1065196, 99.8158044 13.1096258, 99.8157702 13.1123159, 99.8157417 13.1152223, 99.8163454 13.1179457, 99.8169548 13.1207633, 99.8179059 13.1250229, 99.8187829 13.1289192, 99.8177407 13.1325797, 99.8166871 13.1362541, 99.8158015 13.1393377, 99.81497 13.1422687, 99.8141044 13.1452635, 99.813253 13.1484219, 99.8123617 13.1513446, 99.8115003 13.1543767, 99.8106389 13.1574088, 99.8097647 13.1604284, 99.8089474 13.1633176, 99.8081159 13.1661679, 99.8072816 13.1689656, 99.8064928 13.1717715, 99.8056727 13.1747022, 99.8049067 13.1773861, 99.8041237 13.1801226, 99.8032893 13.1830865, 99.8024806 13.1858839, 99.8015953 13.1889924, 99.8004689 13.192866, 99.7993425 13.1967397, 99.7983287 13.2002372, 99.7980205 13.2013736, 99.7977483 13.2023775, 99.7974969 13.2033046, 99.7965864 13.2063183, 99.7956865 13.2094506, 99.7948513 13.2123713, 99.7939212 13.2157797, 99.7931218 13.218439, 99.7922589 13.2214922, 99.7913364 13.224557, 99.7905568 13.2275696, 99.7897117 13.2306227, 99.7887 13.23378, 99.7878371 13.2366129, 99.7871051 13.2397933, 99.7860398 13.2434545, 99.783207 13.2457659, 99.7803087 13.2482337, 99.7771545 13.2507478, 99.7773152 13.2541134, 99.777687 13.25749, 99.7780095 13.2608538, 99.776221 13.2629919, 99.7745841 13.2649456, 99.772724 13.2671164, 99.7708093 13.2692995, 99.7690797 13.2715113, 99.7666095 13.2746527, 99.7643503 13.2774788, 99.7627285 13.2795061, 99.7617823 13.2796798, 99.7596636 13.2809135, 99.7562119 13.282767, 99.7535181 13.284148, 99.7507115 13.2857446, 99.7477872 13.2873112, 99.7446515 13.2890243, 99.7422036 13.2903231, 99.7393463 13.2918927, 99.7364808 13.2934624, 99.7338774 13.2948567, 99.7314294 13.2962032, 99.7278681 13.2981632, 99.7245605 13.2999559, 99.721081 13.3018522, 99.7177079 13.3036289, 99.7168319 13.3054375, 99.7153419 13.3083694, 99.7139173 13.3113013, 99.7125255 13.3140898, 99.7112729 13.3165197, 99.709922 13.3192524, 99.7074823 13.3241519, 99.7046086 13.3299436, 99.7032578 13.3326602, 99.7015221 13.3361893, 99.7001715 13.3388694, 99.6969842 13.3453022, 99.6955425 13.3481953, 99.6941234 13.3510061, 99.6927212 13.3538498, 99.6911839 13.3570551, 99.6893705 13.360611, 99.6865718 13.3663309, 99.6856313 13.369273, 99.6845613 13.3727466, 99.6835308 13.3761324, 99.6826129 13.3791894, 99.6817175 13.3822136, 99.68058 13.3858732, 99.6794424 13.3897464, 99.6774489 13.3916035, 99.6752358 13.3936852, 99.6730846 13.3957669, 99.6708658 13.3978705, 99.6685119 13.4001166, 99.6657525 13.4027351, 99.6631846 13.4051399, 99.6616078 13.4066025, 99.6592595 13.4089306, 99.6563594 13.4116148, 99.6565508 13.414633, 99.6567761 13.4175745, 99.6569845 13.4205544, 99.6572041 13.423452, 99.6573956 13.4261962, 99.657649 13.4294553, 99.6578799 13.4326651, 99.6581389 13.4359131, 99.6583642 13.4391063, 99.6585781 13.4421242, 99.658809 13.4454159, 99.6590681 13.4484776, 99.6592877 13.451468, 99.6595073 13.4545679, 99.6597269 13.457487, 99.6599466 13.4606635, 99.6601944 13.4639276, 99.660459 13.4672026, 99.6607406 13.4712826, 99.6610391 13.4750723, 99.6612925 13.4786045, 99.6615684 13.4826624, 99.6617993 13.4859262, 99.6616754 13.4880947, 99.6614896 13.4908108, 99.6612699 13.4936693, 99.6610503 13.4970095, 99.660842 13.5002293, 99.6606167 13.5031041, 99.6603802 13.506395, 99.6601944 13.5095708, 99.6599353 13.5127959, 99.6597157 13.5159772, 99.6594961 13.5188298, 99.6618218 13.520675, 99.6640744 13.52246, 99.6666254 13.5245296, 99.66903 13.5265062, 99.6716542 13.5285484, 99.6738505 13.5304045, 99.6763621 13.5324138, 99.6786463 13.5342774, 99.6784873 13.5357435, 99.6780015 13.5382282, 99.6796062 13.5404271, 99.6821627 13.5422814, 99.6847487 13.5440593, 99.6844807 13.5473368, 99.6843412 13.5506119, 99.6849635 13.5531673, 99.6858003 13.5562337, 99.6864763 13.5588516, 99.6865085 13.5619597, 99.6865514 13.5651199, 99.6865439 13.5681361, 99.6865884 13.5713981, 99.6866045 13.5745738, 99.6865884 13.5784743, 99.6864972 13.5822286, 99.6884713 13.5855293, 99.690358 13.5887906, 99.6903596 13.5921775, 99.6904245 13.5951552, 99.6910683 13.5979708, 99.6912829 13.6012139, 99.6903924 13.6034663, 99.6904245 13.607408, 99.6903924 13.6110989, 99.6904031 13.6140186, 99.6878282 13.615958, 99.6856111 13.6175409, 99.6828967 13.6195533, 99.6802158 13.6215184, 99.6777673 13.6233272, 99.6758304 13.6248368, 99.672539 13.62637, 99.6710051 13.6288615, 99.66971 13.6310326, 99.66955483393947 13.631268277087116, 99.66651463368606 13.6380910379675)"
way/381823390-500,way/223601302-500,500.0,2234.345541763852,46767.13,Al/St 240/40 4-bundle 380.0,"LINESTRING (100.77884237295204 14.227414301554559, 100.77197194723803 14.226066658475991, 100.7726311 14.222782, 100.7734357 14.2185856, 100.7741988 14.2146335, 100.7740151 14.210749, 100.7738058 14.2068279, 100.7736235 14.2030615, 100.7734398 14.1991547, 100.7732641 14.1950644, 100.7730266 14.1908259, 100.7728083 14.1866709, 100.7726042 14.1825657, 100.7724272 14.1785258, 100.7722341 14.174261, 100.772041 14.1699544, 100.7718264 14.165627, 100.7715904 14.1613203, 100.7713329 14.1570551, 100.7711397 14.1526858, 100.7709252 14.1483164, 100.7706891 14.1438637, 100.7704746 14.1395774, 100.7702278 14.1352702, 100.7700186 14.1309057, 100.7697879 14.1263642, 100.7698523 14.1221816, 100.7698308 14.11777, 100.7698952 14.1136289, 100.7699167 14.1092795, 100.7699167 14.1048261, 100.7699167 14.1003101, 100.7699596 14.0958981, 100.7699596 14.0912779, 100.769981 14.0868865, 100.7699596 14.0824326, 100.7700239 14.077937, 100.7700239 14.073587, 100.7700669 14.0690912, 100.7700669 14.0645745, 100.7700883 14.0602451, 100.7701205 14.0555201, 100.7701849 14.0511488, 100.7701527 14.0469857, 100.7700454 14.0432387, 100.7700669 14.0404597, 100.7700883 14.0377432, 100.7700561 14.0352035, 100.7700883 14.0318415, 100.770099 14.0288646, 100.7701634 14.025846, 100.7702171 14.0229835, 100.7701849 14.0200169, 100.7702814 14.0170607, 100.7702278 14.0140315, 100.7702814 14.0112001, 100.7703136 14.0082542, 100.770378 14.0053602, 100.7703351 14.0023101, 100.7703351 13.9994994, 100.7703458 13.9966262, 100.7704102 13.993857, 100.7704102 13.9909421, 100.7704424 13.9879126, 100.7704746 13.9849143, 100.7702922 13.9819368, 100.7702063 13.9788343, 100.7700132 13.9757838, 100.7698308 13.9727541, 100.7697343 13.9696723, 100.7695733 13.9668508, 100.7694339 13.9638626, 100.7692944 13.9607599, 100.7691442 13.9578133, 100.7690154 13.9548459, 100.7688116 13.9518367, 100.7686721 13.9488171, 100.7685434 13.9457454, 100.7684361 13.9428924, 100.7682751 13.9398726, 100.7680713 13.9367488, 100.7679747 13.9338748, 100.7677923 13.9308133, 100.7676636 13.9277622, 100.7674812 13.9247839, 100.7673203 13.9217744, 100.767213 13.9188481, 100.7670413 13.9158073, 100.7669019 13.9129642, 100.7667195 13.9098712, 100.7677602 13.9069969, 100.7687043 13.90431, 100.7697343 13.9016126, 100.7707106 13.8989361, 100.771644 13.8962178, 100.7726525 13.8935203, 100.7735752 13.8908541, 100.7745086 13.888292, 100.7755922 13.8854695, 100.7765471 13.8827198, 100.7775019 13.8799805, 100.77821 13.8775641, 100.778886 13.8754185, 100.7797979 13.8724916, 100.7808386 13.8706376, 100.7818793 13.8680648, 100.7827591 13.8657524, 100.7839822 13.86294, 100.7848297 13.8607422, 100.7857095 13.8586068, 100.7866751 13.8561693, 100.7877163 13.8537318, 100.7886277 13.8513256, 100.7895397 13.8489922, 100.7907521 13.8459296, 100.7920079 13.8429602, 100.7930588 13.8401793, 100.7942818 13.8372103, 100.7967227 13.8354602, 100.7992278 13.8336058, 100.801674 13.8317515, 100.8040183 13.8299805, 100.8042597 13.8272718, 100.804485 13.8242089, 100.8046781 13.8214065, 100.80472624927441 13.820424284731681, 100.80615494832888 13.813138445314307)"
way/199773777-500,way/147606553-500,500.0,2234.345541763852,27760.08,Al/St 240/40 4-bundle 380.0,"LINESTRING (100.34211484536758 13.97429205569383, 100.34145933018807 13.966259713739442, 100.3414479 13.9646785, 100.3414337 13.9605613, 100.3413757 13.9566955, 100.3413719 13.9528882, 100.3413349 13.948629, 100.341308 13.9444728, 100.341282 13.9404409, 100.341256 13.9364234, 100.341244 13.9323343, 100.3411932 13.9286443, 100.341164 13.9250166, 100.3411019 13.9172863, 100.3410813 13.9132408, 100.3410454 13.9062047, 100.3410152 13.9030498, 100.340935 13.8921726, 100.3408789 13.884557, 100.3408213 13.8767336, 100.3407917 13.8727183, 100.3407615 13.8686123, 100.3406997 13.8602352, 100.340685 13.8559823, 100.3418919 13.8525505, 100.3431637 13.8489339, 100.344413 13.8453814, 100.345637 13.8420049, 100.346903 13.8384654, 100.3482358 13.8345762, 100.3495328 13.8309487, 100.3507408 13.8275928, 100.3520687 13.823824, 100.3533839 13.8201226, 100.3546047 13.8167081, 100.3560598 13.8125776, 100.3575016 13.8084844, 100.3586393 13.8052687, 100.3600407 13.8015152, 100.3614419 13.7975685, 100.362886 13.7933833, 100.3646434 13.7884395, 100.3659258 13.7849238, 100.3670437 13.7817666, 100.3681515 13.7784928, 100.369386 13.7751001, 100.370807 13.771026, 100.3722082 13.7669944, 100.3735386 13.7633666, 100.3750329 13.7591712, 100.3762957 13.7555926, 100.3776153 13.7517902, 100.3790196 13.7478085, 100.3803368 13.7441206, 100.3817515 13.7401595, 100.3831701 13.7360981, 100.3843276 13.73284, 100.3858297 13.7286764, 100.3872566 13.7247213, 100.3886387 13.7208063, 100.38935541879434 13.718142087282752, 100.3916796852856 13.710960152252968)"
way/247878196-230,way/550709376-230,230.0,513.8994746056859,63071.45,Al/St 240/40 2-bundle 220.0,"LINESTRING (103.64772609798855 16.077868954423746, 103.65375122777873 16.07850749447342, 103.6563638 16.0787759, 103.6591346 16.0791084, 103.6611208 16.0793133, 103.6639873 16.0796148, 103.6669211 16.0799576, 103.6691641 16.0790145, 103.6719456 16.0778431, 103.6747108 16.0766935, 103.6771283 16.0756728, 103.6795682 16.0746426, 103.6819605 16.0736543, 103.6845824 16.0725639, 103.6874195 16.0713888, 103.6899518 16.0703403, 103.6926218 16.069206, 103.6952653 16.0680928, 103.6977358 16.0670738, 103.700576 16.0659264, 103.7025955 16.0650728, 103.7054361 16.0638774, 103.7075376 16.0629997, 103.7102454 16.0618927, 103.7105806 16.0615164, 103.713455 16.060323, 103.7159772 16.0592611, 103.7187701 16.058116, 103.7211158 16.0571283, 103.7239461 16.0559476, 103.7265021 16.0548493, 103.7287526 16.0539074, 103.7315582 16.0527527, 103.7340178 16.0517139, 103.7368435 16.0505204, 103.7396759 16.0493438, 103.7421333 16.0482946, 103.7447036 16.0472358, 103.7472504 16.0461783, 103.7493547 16.0452903, 103.7515138 16.0447722, 103.7544031 16.0440285, 103.75683 16.0434317, 103.7598502 16.0426584, 103.7627416 16.0419315, 103.765515 16.0412406, 103.7683957 16.0405137, 103.7713931 16.0397713, 103.7740967 16.0390882, 103.7770651 16.0383355, 103.7799963 16.037615, 103.7825443 16.0369706, 103.7851675 16.0363003, 103.7879174 16.0356288, 103.7906298 16.0349469, 103.7933442 16.0342767, 103.7955692 16.0337051, 103.7972938 16.0332494, 103.7995769 16.0332559, 103.8024624 16.0332597, 103.8054853 16.0332559, 103.8086146 16.033243, 103.8118301 16.0332288, 103.8146804 16.0332121, 103.8176572 16.0332043, 103.820698 16.0331966, 103.8236913 16.0331721, 103.826778 16.0331759, 103.8298282 16.0331734, 103.832851 16.0331618, 103.83588 16.0331411, 103.8389432 16.033145, 103.8416763 16.0331385, 103.8447587 16.0331218, 103.8474967 16.0331257, 103.8490497 16.0331063, 103.8517963 16.0325559, 103.85474 16.0319656, 103.8576958 16.031374, 103.8606415 16.0307984, 103.8632563 16.0302558, 103.8661158 16.0296932, 103.8686795 16.0291737, 103.871642 16.0285757, 103.8745902 16.0279789, 103.8775562 16.0273937, 103.8803417 16.0268369, 103.8830642 16.0262839, 103.8851697 16.0258662, 103.8874468 16.0254216, 103.8901671 16.0248634, 103.8930097 16.024295, 103.8953224 16.0238206, 103.8978391 16.0233192, 103.9004883 16.0227933, 103.9031834 16.0222635, 103.9047696 16.021947, 103.9074468 16.0213908, 103.9093673 16.0210086, 103.911977 16.0204898, 103.9150924 16.0198556, 103.9177849 16.0193232, 103.9207532 16.0187257, 103.9235427 16.018169, 103.926047 16.0176632, 103.9286945 16.0171508, 103.9311669 16.016653, 103.933841 16.0161052, 103.9364092 16.0155985, 103.9386368 16.0151499, 103.9411568 16.0146408, 103.9431751 16.0142399, 103.9456803 16.0137436, 103.9480152 16.0132692, 103.9495373 16.0117004, 103.9506223 16.0105931, 103.9524869 16.0086938, 103.9542835 16.0068637, 103.9561918 16.0049043, 103.958284 16.0027553, 103.9603533 16.0006359, 103.9622657 15.9986751, 103.9643337 15.9965635, 103.9664755 15.9943744, 103.9686534 15.9921506, 103.9706537 15.9900718, 103.9747648 15.9859069, 103.976696 15.9839266, 103.9788203 15.98174, 103.980891 15.9796256, 103.9829187 15.9775318, 103.9850323 15.9753967, 103.9870641 15.9733299, 103.9890918 15.9712708, 103.9911726 15.9691279, 103.9932721 15.9669799, 103.9954031 15.9648202, 103.9974845 15.9627073, 103.9994385 15.9607354, 104.0011456 15.9589029, 104.0028248 15.9571644, 104.0046724 15.9560079, 104.0063781 15.9549402, 104.0090084 15.9532762, 104.0110211 15.9520139, 104.0136501 15.9503625, 104.0162412 15.9487253, 104.0184481 15.9473308, 104.0207233 15.9458905, 104.023319 15.9442676, 104.0258845 15.9426428, 104.0284279 15.9410432, 104.0309552 15.9394667, 104.0335026 15.9378722, 104.0360755 15.9362435, 104.0385117 15.9347063, 104.0408184 15.9332794, 104.0432954 15.9317351, 104.0457536 15.9301322, 104.0483902 15.9285234, 104.050705 15.927059, 104.05306 15.9255798, 104.0554927 15.9240464, 104.0575205 15.922771, 104.0601169 15.9211602, 104.0622707 15.9197932, 104.0642233 15.9185641, 104.0663342 15.9172344, 104.0678416 15.9146886, 104.069408 15.9120898, 104.0709221 15.9095568, 104.0724295 15.9070134, 104.0738384 15.9046654, 104.0752445 15.9022671, 104.0766507 15.89989, 104.0782137 15.8973194, 104.0796393 15.8949242, 104.0811809 15.8923317, 104.0826742 15.8898113, 104.0842058 15.8872625, 104.0857031 15.8847911, 104.0871951 15.8822409, 104.0887655 15.879634, 104.0903688 15.8773741, 104.0938208 15.8724032, 104.0954791 15.8700219, 104.0972534 15.8674748, 104.0989472 15.8650548, 104.1006323 15.8626327, 104.1023422 15.8601894, 104.1040689 15.8577402, 104.1057499 15.8553426, 104.1073499 15.8530392, 104.1090699 15.8506163, 104.1104539 15.848596, 104.1118935 15.8465034, 104.1127747 15.84531, 104.1146784 15.8435309, 104.1168509 15.8415221, 104.1188653 15.8396849, 104.1208246 15.8379051, 104.1229919 15.8359085, 104.1251993 15.8339035, 104.1273122 15.8319792, 104.1295512 15.8299277, 104.1316118 15.8280246, 104.1338347 15.8260169, 104.1359925 15.8240538, 104.1384863 15.8226312, 104.1410626 15.8211848, 104.1436006 15.8197571, 104.1461487 15.8183235, 104.1482449 15.8171494, 104.1507581 15.8157339, 104.1531251 15.8143932, 104.1550469 15.8133093, 104.1572946 15.812037, 104.1596644 15.810695, 104.1620649 15.8093427, 104.1646211 15.8084111, 104.1668929 15.8075878, 104.1697213 15.8065697, 104.1725484 15.8055606, 104.1747665 15.8047322, 104.1768305 15.8039889, 104.179168 15.8031346, 104.1813098 15.8023707, 104.1832665 15.801652, 104.1860546 15.8005925, 104.18662093092281 15.800384396500814, 104.19318528544969 15.798227432351137)"
way/64680187-500,way/223601302-500,500.0,2234.345541763852,22166.99,Al/St 240/40 4-bundle 380.0,"LINESTRING (100.68489002111698 13.725256788114292, 100.6891866051472 13.727724456710051, 100.6916689 13.7275019, 100.6949519 13.7272726, 100.697925 13.7270605, 100.7006382 13.7268661, 100.7011665 13.7312611, 100.7014482 13.7344971, 100.7016185 13.7357284, 100.7018688 13.7375377, 100.7021815 13.7406957, 100.7033379 13.7445372, 100.7042484 13.7478474, 100.7051604 13.7511406, 100.7063083 13.7547984, 100.7082503 13.7573308, 100.7107501 13.7605508, 100.7130692 13.7635294, 100.7155117 13.7666892, 100.7180282 13.7699372, 100.720531 13.7731674, 100.7214321 13.7743213, 100.7227371 13.7759923, 100.7260565 13.7775697, 100.7295013 13.7792129, 100.7327374 13.7807421, 100.7363309 13.7815495, 100.7403804 13.7824809, 100.7443984 13.7833664, 100.7479765 13.7841635, 100.7521607 13.7850908, 100.7560123 13.7859974, 100.7596387 13.7868049, 100.7640965 13.7877791, 100.7682556 13.788719, 100.7722022 13.7896286, 100.7759642 13.7904591, 100.7802112 13.7914104, 100.7839068 13.7922439, 100.787737 13.7930777, 100.7908196 13.7937959, 100.7929085 13.7963802, 100.7953655 13.7995164, 100.7978867 13.8027306, 100.8001373 13.8056561, 100.80158859558853 13.807508315176708, 100.80615494832888 13.813138445314307)"
way/64680187-230,way/345996520-230,230.0,513.8994746056859,11784.86,Al/St 240/40 2-bundle 220.0,"LINESTRING (100.68460887695501 13.725402557498102, 100.68597204195513 13.719129366448678, 100.6861972 13.7183717, 100.6881069 13.7120033, 100.6890296 13.70872, 100.6901347 13.7049885, 100.6922912 13.6975461, 100.6933855 13.6938248, 100.6944477 13.6902077, 100.6954991 13.6864341, 100.6965827 13.6828274, 100.6976797 13.6791345, 100.6983918 13.6766169, 100.6998657 13.6743835, 100.6998575 13.6715511, 100.69724 13.6685587, 100.6944333 13.6653895, 100.6916009 13.662312, 100.6888972 13.6594096, 100.6861249 13.6562569, 100.6833611 13.6532543, 100.681444 13.6510937, 100.6804642 13.6499749, 100.6780468 13.6472675, 100.6767285 13.6457655, 100.6790636 13.6437495, 100.6816296 13.6415703, 100.68353200952247 13.639956439487014, 100.68935175984359 13.639142947508812)"
way/147606553-230,way/199806286-230,230.0,513.8994746056859,22944.5,Al/St 240/40 2-bundle 220.0,"LINESTRING (100.39139859000485 13.711104334071589, 100.39304048168022 13.716421414649064, 100.3941218 13.7193004, 100.3952168 13.7221947, 100.3960108 13.7243241, 100.3969556 13.7268216, 100.3982484 13.7302265, 100.3996391 13.7339146, 100.4011197 13.7378756, 100.4024461 13.7413754, 100.4038931 13.7452405, 100.4053132 13.7489909, 100.4067041 13.7526639, 100.4080693 13.7562579, 100.4096364 13.7604074, 100.4123092 13.7637459, 100.4150464 13.767173, 100.4173585 13.7700537, 100.4200521 13.7734201, 100.4220892 13.7759581, 100.4242853 13.7786875, 100.4258229 13.7806315, 100.4280182 13.7833264, 100.4317163 13.7855686, 100.4356055 13.7878935, 100.4395608 13.7902841, 100.4441279 13.7908188, 100.4485288 13.7913294, 100.451775 13.7926439, 100.4549837 13.7938891, 100.4581794 13.7951533, 100.4613799 13.7964101, 100.4645771 13.7976673, 100.4676308 13.798859, 100.4706818 13.8000552, 100.4737885 13.8012723, 100.4768996 13.8024425, 100.4800481 13.8032819, 100.4833351 13.804146, 100.4865384 13.8049808, 100.4894148 13.8057276, 100.489583 13.8057713, 100.4898743 13.8058469, 100.4932901 13.8067397, 100.4955122 13.8073224, 100.5001502 13.8085385, 100.503731 13.8094638, 100.50676538427523 13.810240918121226, 100.51104723351119 13.812156288877611)"
way/64680223-230,way/345996520-230,230.0,513.8994746056859,4576.78,Al/St 240/40 2-bundle 220.0,"LINESTRING (100.66211728198772 13.629087229548773, 100.66497153498884 13.632771182794913, 100.6669801 13.6350167, 100.6698339 13.6381695, 100.6725204 13.6411743, 100.6751046 13.6440165, 100.6765725 13.6455832, 100.6788666 13.643557, 100.6814303 13.6413734, 100.6836089326282 13.639494536610142, 100.68935175984359 13.639142947508812)"
way/26120059-230,way/64680223-230,230.0,513.8994746056859,13551.28,Al/St 240/40 2-bundle 220.0,"LINESTRING (100.55624984550693 13.62020378361007, 100.56088873854982 13.623351718307402, 100.5615397 13.6233549, 100.5630686 13.6233423, 100.5652376 13.623349, 100.5674433 13.6233558, 100.5695762 13.6233529, 100.5717158 13.623354, 100.5737518 13.6233339, 100.5758089 13.6233225, 100.5778787 13.6232962, 100.5799419 13.6232739, 100.5814035 13.6232518, 100.581964 13.6232548, 100.5839968 13.6232362, 100.5859787 13.6232283, 100.5882696 13.6232091, 100.5908265 13.6231999, 100.5949384 13.6231514, 100.598324 13.623127, 100.6019248 13.623128, 100.6042213 13.6230976, 100.6054885 13.6230949, 100.6065302 13.6230937, 100.6069611 13.6230949, 100.6101155 13.6230938, 100.6137624 13.6230513, 100.6169492 13.6230627, 100.6201469 13.6230593, 100.6235006 13.6230232, 100.6238304 13.6230197, 100.6239423 13.6230185, 100.6241538 13.6230174, 100.627678 13.6229986, 100.6315787 13.6229841, 100.6348448 13.6229829, 100.6383949 13.622916, 100.6416443 13.6229274, 100.6417911 13.6229277, 100.6450913 13.6229352, 100.6486864 13.6228777, 100.6523734 13.6228589, 100.656067 13.6228178, 100.6584606 13.6255413, 100.6587576174136 13.625870072102098, 100.66211728198772 13.629087229548773)"
way/27828836-230,way/659640311-230,230.0,513.8994746056859,19485.43,Al/St 240/40 2-bundle 220.0,"LINESTRING (100.56757690934785 13.975433076830353, 100.57352524483193 13.977184847378151, 100.573632 13.9773049, 100.5758612 13.9798273, 100.5778712 13.9820578, 100.579922 13.9844453, 100.5827201 13.9875352, 100.5851577 13.9902836, 100.587621 13.9930486, 100.5897926 13.9954971, 100.5916808 13.9976708, 100.5938867 14.000111, 100.5960582 14.0026094, 100.5983499 14.005266, 100.6007531 14.0079726, 100.603371 14.0108956, 100.6059974 14.0138186, 100.6085895 14.0167249, 100.608706 14.0201022, 100.6088004 14.0238828, 100.6089191 14.0275307, 100.6090384 14.0311848, 100.6091445 14.0348705, 100.609252 14.038606, 100.60936 14.0423544, 100.6094695 14.0461593, 100.6095918 14.0499248, 100.6096876 14.0537396, 100.6098054 14.057508, 100.6099105 14.0610372, 100.6099693 14.0631068, 100.6099778 14.0638142, 100.610023 14.0645025, 100.610127 14.0680203, 100.6102112 14.0717374, 100.6103209 14.0751811, 100.6104037 14.0786675, 100.610551 14.0825172, 100.6106557 14.0858104, 100.6107353 14.0894666, 100.6108717 14.093288, 100.6109499 14.0968019, 100.6111138 14.1004721, 100.6112078 14.1042278, 100.6113603 14.1078778, 100.61141010622225 14.109987912245012, 100.61074544678078 14.115538891588798)"
way/26238367-230,way/27828836-230,230.0,513.8994746056859,8337.0,Al/St 240/40 2-bundle 220.0,"LINESTRING (100.55569407229957 13.908885857988324, 100.55740741878489 13.913339179758735, 100.5578415 13.9152196, 100.5588077 13.9192891, 100.5597947 13.923363, 100.560756 13.927495, 100.5616143 13.9312188, 100.5625337 13.9352043, 100.5634855 13.9393077, 100.5644468 13.9432896, 100.5654681 13.9473963, 100.5663694 13.9514613, 100.5671333 13.9550598, 100.56815 13.9592986, 100.569034 13.963355, 100.5698666 13.9670366, 100.5692270742225 13.96865810980976, 100.56757690934785 13.975433076830353)"
way/27828836-500,way/199773777-500,500.0,2234.345541763852,27857.4,Al/St 240/40 4-bundle 380.0,"LINESTRING (100.34211484536758 13.97429205569383, 100.34883639959244 13.970147798086144, 100.3490222 13.9700303, 100.3524433 13.9678478, 100.355708 13.9657651, 100.3588564 13.9658582, 100.3627301 13.9659727, 100.3669107 13.9660963, 100.3709839 13.9662167, 100.375078 13.9663378, 100.379164 13.9664586, 100.3831967 13.9665778, 100.3874 13.9666981, 100.3913691 13.9668171, 100.3957865 13.9669741, 100.3996309 13.9670772, 100.4037037 13.9672006, 100.4077565 13.9673347, 100.4116912 13.9674804, 100.416015 13.9676158, 100.4198774 13.9677511, 100.4230676 13.9678542, 100.4262842 13.9679345, 100.4294 13.9680666, 100.4334413 13.9681806, 100.4377516 13.9683654, 100.4422684 13.9684591, 100.4441782 13.968532, 100.4484617 13.9686511, 100.4524412 13.9687792, 100.4562193 13.9688692, 100.4602062 13.9690029, 100.4644263 13.9691741, 100.4683635 13.9692994, 100.472675 13.9694365, 100.4766032 13.9695524, 100.4806674 13.9696908, 100.4846528 13.9698164, 100.4887433 13.9699575, 100.4929097 13.9701146, 100.4969521 13.9702552, 100.5012387 13.9703766, 100.5051974 13.9704668, 100.5057885 13.9704821, 100.5069141 13.9705111, 100.508825 13.9705605, 100.5128453 13.9706984, 100.5162766 13.9708162, 100.5201033 13.9709341, 100.5238364 13.9710253, 100.5280879 13.971147, 100.5327717 13.9713088, 100.5365164 13.9714799, 100.5405314 13.9728046, 100.5448166 13.9741969, 100.5482445 13.9752832, 100.5517979 13.9764944, 100.5558594 13.9778507, 100.5596087 13.9790676, 100.5610113 13.9795631, 100.56109432639202 13.97959242654483, 100.56785829083259 13.975287758157624)"
way/27828836-230,way/659641345-230,230.0,513.8994746056859,22218.0,Al/St 240/40 2-bundle 220.0,"LINESTRING (100.56757690934785 13.975433076830353, 100.57372398543492 13.97687714700312, 100.5745233 13.9776989, 100.5766004 13.9801559, 100.5789951 13.9827462, 100.5814821 13.9855567, 100.583793 13.9881681, 100.5860715 13.990755, 100.5884879 13.9934983, 100.5909463 13.9962467, 100.5936206 13.9992365, 100.5966245 14.0015121, 100.5997489 14.0037836, 100.6030276 14.0042833, 100.6058686 14.004708, 100.608744 14.0051411, 100.6116021 14.0055575, 100.6145118 14.0060238, 100.6177081 14.0065769, 100.6215207 14.0072358, 100.6253317 14.0077988, 100.6291546 14.0083701, 100.6330443 14.0089594, 100.6368054 14.0095391, 100.6407588 14.0098367, 100.6439468 14.0100318, 100.647404 14.0102736, 100.650892 14.010509, 100.6539857 14.0107178, 100.657442 14.0109387, 100.6595116 14.0082173, 100.6614572 14.0056073, 100.6634518 14.0029905, 100.6648148 13.9996805, 100.6662841 13.9962381, 100.6677073 13.9927659, 100.6691004 13.9894168, 100.6705616 13.9859098, 100.6720688 13.9822976, 100.6735682 13.9786899, 100.6771019 13.9774365, 100.6805021 13.9762176, 100.6840824 13.9749091, 100.687509 13.9736839, 100.6905584 13.9725572, 100.6914554 13.9691402, 100.6923695 13.9655614, 100.693217 13.9621061, 100.6941334 13.9585075, 100.6949859 13.9550076, 100.6958768 13.9515122, 100.6967615 13.9480084, 100.6976447 13.9445371, 100.69807798551436 13.942794602183161, 100.69859791277267 13.93719393331153)"
way/387737843-230,way/573736537-230,230.0,513.8994746056859,123734.53,Al/St 240/40 2-bundle 220.0,"LINESTRING (99.79024539850045 13.50424597340916, 99.78873822665396 13.49935598267879, 99.7882559 13.4968677, 99.7876518 13.4936721, 99.7870402 13.4904718, 99.7864193 13.4872083, 99.7869681 13.4836544, 99.787582 13.4796782, 99.7882083 13.4758335, 99.7898177 13.4730203, 99.7915292 13.4700471, 99.7931596 13.4671902, 99.7947653 13.4643766, 99.7963626 13.4615797, 99.7979109 13.4587813, 99.7981127 13.4554078, 99.7982924 13.4519097, 99.7984882 13.4484017, 99.798676 13.4447326, 99.7988738 13.4411123, 99.7990609 13.437509, 99.7992667 13.4338756, 99.7994565 13.4302108, 99.7996523 13.4265564, 99.7998508 13.4228987, 99.8000365 13.419284, 99.8002417 13.4155205, 99.8004241 13.4119057, 99.8006239 13.4083117, 99.8008184 13.4046857, 99.80087 13.4010029, 99.8009378 13.3972769, 99.8010041 13.3935731, 99.8010846 13.3899456, 99.801149 13.3863264, 99.8012227 13.382749, 99.801273 13.3788147, 99.8013515 13.3749899, 99.8014138 13.3712831, 99.8014863 13.3675724, 99.8015513 13.3637337, 99.8016324 13.3601592, 99.8016975 13.3564333, 99.8017612 13.352725, 99.8018202 13.3490283, 99.801898 13.345312, 99.801953 13.3416929, 99.802016 13.3379986, 99.802081 13.3342561, 99.8021394 13.3305878, 99.8022178 13.3268686, 99.8022876 13.3231624, 99.8023452 13.3194829, 99.802411 13.3158915, 99.8024767 13.3124304, 99.8025433 13.3086411, 99.8026148 13.3045699, 99.8035274 13.3008973, 99.8044293 13.2973108, 99.8054016 13.293439, 99.8065581 13.2886879, 99.8079826 13.2829844, 99.8088872 13.2793441, 99.809783 13.2757272, 99.8106815 13.2721181, 99.8115855 13.2684979, 99.8124739 13.264935, 99.8133778 13.2613121, 99.8142274 13.2577034, 99.8150898 13.2540947, 99.8160272 13.2504507, 99.8169365 13.2467989, 99.8178229 13.2431802, 99.8178347 13.2395915, 99.8178471 13.235805, 99.8178531 13.2319401, 99.8178518 13.2285099, 99.8182326 13.2245156, 99.8184573 13.2222975, 99.8186672 13.2199664, 99.8189059 13.2175198, 99.8192753 13.2136108, 99.819622 13.2100811, 99.8197816 13.2083375, 99.8199401 13.2067297, 99.8203181 13.2028943, 99.8206714 13.1990556, 99.8209759 13.1954317, 99.8213581 13.1918345, 99.8217235 13.1881686, 99.8220762 13.184459, 99.8223478 13.1807219, 99.8225953 13.1769991, 99.8228621 13.1732711, 99.8231371 13.169509, 99.8234039 13.1657645, 99.8236755 13.1620415, 99.8239404 13.158291, 99.8242213 13.1544255, 99.8244855 13.150605, 99.8247598 13.1467616, 99.825028 13.1429286, 99.825256 13.1393306, 99.8255189 13.1356372, 99.8257636 13.1321612, 99.8260198 13.1285611, 99.826284 13.1249113, 99.8265341 13.1212217, 99.8267922 13.1175581, 99.8270477 13.1138555, 99.8273086 13.1101964, 99.8275614 13.1064699, 99.8278142 13.1027551, 99.8280623 13.0990524, 99.8283285 13.0953333, 99.8285779 13.0916392, 99.8288314 13.0879641, 99.8290768 13.0842686, 99.8293313 13.0805799, 99.8295848 13.0768752, 99.8298262 13.0731803, 99.8300682 13.0694826, 99.830317 13.0657771, 99.8305577 13.0622217, 99.8308072 13.0583966, 99.831062 13.0546987, 99.8313067 13.0509916, 99.8315498 13.0472969, 99.8317976 13.0436228, 99.8320966 13.039911, 99.832338 13.0361749, 99.8325908 13.0324428, 99.832652 13.0288249, 99.8327135 13.025188, 99.8327437 13.0216059, 99.8328054 13.0180623, 99.8327746 13.0144658, 99.8327967 13.0109411, 99.8328752 13.0073346, 99.832914 13.0037288, 99.8329556 13.0001287, 99.8330166 12.9965816, 99.8330535 12.9928919, 99.8330897 12.9892637, 99.8331407 12.9856223, 99.8332037 12.9819952, 99.8332942 12.9783505, 99.8333331 12.9747429, 99.8333264 12.971134, 99.8332996 12.9677752, 99.8333712 12.96388, 99.8333938 12.9626503, 99.8334357 12.960367, 99.8335021 12.9567532, 99.8335538 12.9531199, 99.8335829 12.949508, 99.8336121 12.9458896, 99.8336578 12.9422959, 99.833704 12.9386589, 99.83375 12.9350424, 99.8337972 12.9313277, 99.8338317 12.9278129, 99.8338662 12.9243046, 99.8339053 12.9208419, 99.8339407 12.9177002, 99.8339804 12.9140937, 99.8340214 12.9103734, 99.8340614 12.9067498, 99.8340982 12.9032713, 99.8341231 12.8996698, 99.834141 12.8977233, 99.8341826 12.8932197, 99.8342069 12.890596, 99.8342455 12.8870139, 99.8342842 12.8834161, 99.834321 12.8799975, 99.8343602 12.8763655, 99.8343993 12.8727304, 99.8344228 12.8691402, 99.8344831 12.8654827, 99.8345126 12.8615159, 99.8345308 12.8579857, 99.8345707 12.8544704, 99.8346132 12.8507207, 99.8346441 12.8474133, 99.8346273 12.844164, 99.8347215 12.8405767, 99.8336634 12.8370188, 99.832556 12.8332938, 99.8315894 12.8300064, 99.8305968 12.8266306, 99.8295995 12.8232388, 99.8285734 12.819826, 99.8275575 12.8164467, 99.8265465 12.813084, 99.8255821 12.8098174, 99.824606 12.806511, 99.8236402 12.8032394, 99.8226231 12.7997944, 99.8215779 12.7962538, 99.8206351 12.7930601, 99.8196163 12.789609, 99.8187206 12.7865748, 99.8178609 12.7836622, 99.8168317 12.7801758, 99.8158196 12.7767473, 99.8147889 12.7732556, 99.8137505 12.7697376, 99.8126949 12.7661613, 99.8116745 12.7627045, 99.8106321 12.759173, 99.8098234 12.756433, 99.8087935 12.7529805, 99.8076858 12.7492672, 99.8067845 12.7462419, 99.8060318 12.7438098, 99.8056549 12.742221, 99.8045337 12.7386951, 99.8035476 12.7351113, 99.8024599 12.7315967, 99.8013934 12.7279085, 99.8015353 12.7244474, 99.8018345 12.7207889, 99.8021367 12.7166921, 99.8023212 12.7135619, 99.8025389 12.7098707, 99.8028334 12.7062684, 99.8030628 12.7026023, 99.8032894 12.6989806, 99.8035277 12.6953616, 99.8037652 12.6917552, 99.8040046 12.6881203, 99.8042405 12.6845384, 99.8044645 12.6808892, 99.804689 12.6772529, 99.8049114 12.6736505, 99.8051552 12.6700487, 99.8054014 12.6664125, 99.8056481 12.6627691, 99.805894 12.6591365, 99.8061362 12.6556135, 99.806365 12.6520866, 99.8065892 12.6486312, 99.8068242 12.6450078, 99.8070446 12.6416114, 99.8072885 12.6378516, 99.8075276 12.6341658, 99.8077528 12.6306956, 99.8079931 12.6269903, 99.808231 12.6233238, 99.8084848 12.6194117, 99.8087265 12.6156845, 99.8090409 12.6119932, 99.8092627 12.6082801, 99.8094909 12.604459, 99.8097102 12.6007884, 99.8099662 12.5972209, 99.8102141 12.5937683, 99.8104795 12.5900703, 99.8107392 12.5864523, 99.8110037 12.5827675, 99.8111659 12.5791208, 99.8124735 12.5757751, 99.8138661 12.5722116, 99.8152558 12.5686555, 99.8166274 12.5651458, 99.8180147 12.5615958, 99.8193078 12.5582869, 99.820703 12.5547168, 99.8220172 12.5513536, 99.8232984 12.5480749, 99.8244908 12.5450235, 99.8257958 12.5416839, 99.8271088 12.5383238, 99.8284294 12.5349441, 99.8297325 12.5316093, 99.8310556 12.5282232, 99.8323714 12.5248555, 99.8334805 12.5220712, 99.8339532 12.5215946, 99.8358992 12.522333, 99.838859 12.5234668, 99.8438479 12.5253507, 99.8465167 12.5273184, 99.849278 12.5294733, 99.8520354 12.5315313, 99.8547685 12.5335709, 99.8578262 12.5358698, 99.8608732 12.5381791, 99.8639095 12.5405146, 99.8673571 12.5430488, 99.8707045 12.5435882, 99.8741364 12.5440909, 99.8778194 12.5446461, 99.8817623 12.5452483, 99.8857158 12.5458818, 99.889664 12.5464945, 99.8937531 12.5471058, 99.8977442 12.5476975, 99.9004439 12.5492265, 99.904093 12.5511927, 99.9074806 12.5530607, 99.9109286 12.5549104, 99.914392 12.556819, 99.9179319 12.5587406, 99.9187674 12.5626362, 99.91916172038212 12.564282958078689, 99.9191943292283 12.57075638414234)"
way/550825256-230,way/573736537-230,230.0,513.8994746056859,108662.89,Al/St 240/40 2-bundle 220.0,"LINESTRING (99.73643363835697 11.833425310135107, 99.74032092846421 11.836980293213683, 99.7405051 11.8372091, 99.7426079 11.8398395, 99.7447309 11.8424646, 99.7468431 11.8450792, 99.7489835 11.8477568, 99.7510703 11.8503346, 99.7531852 11.8529859, 99.754696 11.8562619, 99.7561879 11.8595418, 99.7576994 11.8628571, 99.7591625 11.8660936, 99.7606713 11.8693799, 99.7621733 11.872703, 99.7637156 11.8760719, 99.7652015 11.8793188, 99.7667116 11.8826601, 99.7682297 11.8859384, 99.769721 11.889231, 99.7712499 11.8925342, 99.7727419 11.8958819, 99.7742768 11.8991902, 99.7758043 11.902564, 99.7773526 11.90593, 99.7788486 11.9092342, 99.7803493 11.9124964, 99.7818406 11.9157743, 99.7833011 11.9186953, 99.7848071 11.9216897, 99.7863454 11.9247536, 99.7878085 11.9276837, 99.7892998 11.9306557, 99.790889 11.9338468, 99.7923093 11.9366626, 99.7939709 11.9399953, 99.7957063 11.9434408, 99.7973934 11.9468614, 99.7990309 11.9500903, 99.8005992 11.9531799, 99.8021529 11.9562805, 99.8039282 11.959825, 99.8055264 11.9631385, 99.8055099 11.9669401, 99.8054665 11.9705422, 99.8054554 11.9742754, 99.8054335 11.9778512, 99.805401 11.9816158, 99.8053952 11.9854486, 99.8053572 11.9892446, 99.8053407 11.9929933, 99.8053135 11.9966108, 99.805297 12.0003122, 99.8052591 12.0039453, 99.8052104 12.0073895, 99.8052422 12.011096, 99.8052257 12.0147289, 99.8051824 12.0184039, 99.8051551 12.0219738, 99.8050923 12.0255342, 99.8050919 12.0290621, 99.8050915 12.0326004, 99.8050267 12.0361176, 99.805037 12.0396296, 99.8050044 12.043194, 99.8049718 12.0466954, 99.8049607 12.0502492, 99.8049565 12.0537484, 99.8048852 12.0573231, 99.806211 12.0605927, 99.8074942 12.063915, 99.8087457 12.0671968, 99.8100596 12.0705563, 99.8113788 12.073816, 99.8127034 12.077233, 99.814028 12.0805871, 99.8153902 12.0839569, 99.8166968 12.0873151, 99.8180375 12.0907949, 99.8193406 12.0940911, 99.8206491 12.0973243, 99.8220167 12.100825, 99.8233627 12.1042627, 99.8246981 12.1075954, 99.8260602 12.1109701, 99.8273366 12.1143657, 99.8288811 12.1177036, 99.8302594 12.121718, 99.8294543 12.125297, 99.8286814 12.1288393, 99.8280105 12.1329951, 99.8270123 12.1363328, 99.8261624 12.1401046, 99.8253573 12.1436572, 99.8243357 12.1469255, 99.8229643 12.151052, 99.8227307 12.1537853, 99.8223655 12.1573219, 99.8214746 12.1610525, 99.8206642 12.1647307, 99.8197733 12.1686343, 99.8189843 12.1724224, 99.8181329 12.1761696, 99.8173385 12.1794543, 99.8167158 12.1824138, 99.8160181 12.1855148, 99.8153686 12.1883065, 99.8145528 12.1920105, 99.8137645 12.1954855, 99.8147521 12.1990641, 99.8157461 12.2026484, 99.8166829 12.2063333, 99.8176213 12.2095966, 99.8185401 12.2128976, 99.8194542 12.216421, 99.820458 12.2198505, 99.8212502 12.2227908, 99.8220142 12.2257397, 99.8227889 12.2286423, 99.8238024 12.2322589, 99.8247086 12.2356084, 99.8256133 12.238863, 99.8264703 12.2421543, 99.8276043 12.2458854, 99.8289036 12.2499687, 99.8298301 12.2528802, 99.8309402 12.2565308, 99.832001 12.2600446, 99.8331195 12.2636934, 99.834114 12.2668969, 99.8353119 12.2706649, 99.8363734 12.2741622, 99.8375182 12.2779263, 99.8386053 12.281576, 99.8397567 12.2852546, 99.8408399 12.2887947, 99.8420261 12.2925585, 99.8431477 12.2963197, 99.8442215 12.2997763, 99.8453448 12.3033923, 99.8463555 12.3067656, 99.8475322 12.310341, 99.8489649 12.3139186, 99.8503919 12.3172555, 99.8519054 12.3207264, 99.8534262 12.3241879, 99.8548578 12.3275819, 99.8564315 12.3311728, 99.8579385 12.334675, 99.8594735 12.3382455, 99.8609641 12.3418127, 99.8624994 12.3453442, 99.8639375 12.3488008, 99.8653449 12.3520403, 99.8655652 12.3554391, 99.8657751 12.3586534, 99.866049 12.3619945, 99.8662655 12.3652758, 99.8664752 12.3688657, 99.866715 12.372292, 99.8669712 12.3757408, 99.8700225 12.3776982, 99.8732139 12.3795762, 99.8762408 12.3814116, 99.8792859 12.3832995, 99.8826493 12.3853062, 99.8858531 12.3872228, 99.8889641 12.389174, 99.8921306 12.3910581, 99.8954263 12.3931235, 99.8984636 12.3949502, 99.9016364 12.3968636, 99.9047512 12.3987173, 99.9080633 12.4007634, 99.9112456 12.4027284, 99.9144645 12.4046946, 99.9177578 12.4066294, 99.91831 12.4098045, 99.918974 12.4135158, 99.9196739 12.4172002, 99.920325 12.4209169, 99.9176476 12.4235926, 99.9150163 12.426318, 99.9124599 12.4289658, 99.909962 12.4315308, 99.9072628 12.4343024, 99.9044741 12.437166, 99.9018771 12.4398327, 99.8993568 12.4424381, 99.8967439 12.4451392, 99.8940743 12.4478822, 99.8915504 12.4504754, 99.8887988 12.4533026, 99.8861614 12.4559856, 99.8829687 12.4574395, 99.8795801 12.4589826, 99.8762529 12.4604977, 99.8731825 12.4618952, 99.8698101 12.4634301, 99.8664727 12.464949, 99.8631997 12.4664484, 99.8599324 12.4679453, 99.8567144 12.4694195, 99.8534146 12.4709312, 99.8520987 12.4742384, 99.8507646 12.4776684, 99.8494449 12.4810614, 99.8480561 12.4846319, 99.8467672 12.4879456, 99.8454666 12.4912891, 99.8441433 12.4946911, 99.8428458 12.4979805, 99.8415067 12.5013755, 99.8401945 12.5047653, 99.8389037 12.5081002, 99.8375829 12.5115123, 99.8362877 12.5148584, 99.8349689 12.5182655, 99.8340218 12.5207122, 99.8339532 12.5215946, 99.8358992 12.522333, 99.838859 12.5234668, 99.8438479 12.5253507, 99.8465167 12.5273184, 99.849278 12.5294733, 99.8520354 12.5315313, 99.8547685 12.5335709, 99.8578262 12.5358698, 99.8608732 12.5381791, 99.8639095 12.5405146, 99.8673571 12.5430488, 99.8707045 12.5435882, 99.8741364 12.5440909, 99.8778194 12.5446461, 99.8817623 12.5452483, 99.8857158 12.5458818, 99.889664 12.5464945, 99.8937531 12.5471058, 99.8977442 12.5476975, 99.9004439 12.5492265, 99.904093 12.5511927, 99.9074806 12.5530607, 99.9109286 12.5549104, 99.914392 12.556819, 99.9179319 12.5587406, 99.9187674 12.5626362, 99.91916172038212 12.564282958078689, 99.9191943292283 12.57075638414234)"
way/64680159-230,way/64680187-230,230.0,1027.7989492113718,9223.2,Al/St 240/40 2-bundle 220.0,"LINESTRING (100.60287725586039 13.74157903252073, 100.60897601357216 13.740145476681679, 100.6090139 13.7401393, 100.6114822 13.7397615, 100.6142227 13.7393642, 100.6168453 13.7388802, 100.619466 13.738372, 100.6221728 13.7378218, 100.6247799 13.7373007, 100.6268169 13.7369182, 100.6289427 13.736519, 100.6308589 13.7361726, 100.6315423 13.7360065, 100.6339137 13.7355391, 100.6369786 13.7349349, 100.6392531 13.7345388, 100.6424664 13.7339116, 100.6464468 13.7331716, 100.6476915 13.7329166, 100.6510851 13.7322213, 100.6538765 13.7315998, 100.6567089 13.7311308, 100.6590012 13.7306854, 100.6591595 13.7306546, 100.6619661 13.7301094, 100.6648843 13.7294841, 100.6673734 13.728963, 100.6700449 13.7287754, 100.673403 13.7285878, 100.6764178 13.7284314, 100.67833994188571 13.728292834466842, 100.68460887695501 13.725402557498102)"
way/64680159-230,way/64680187-230,230.0,1027.7989492113718,9230.12,Al/St 240/40 2-bundle 220.0,"LINESTRING (100.60287725586039 13.74157903252073, 100.60895087807504 13.740440699535425, 100.6090756 13.7404207, 100.6113823 13.7400767, 100.6143729 13.7396456, 100.6169138 13.7391519, 100.618128 13.738916, 100.6222801 13.738124, 100.6258743 13.7374257, 100.6298547 13.736592, 100.6327035 13.7360286, 100.6340711 13.7357582, 100.6379227 13.7350495, 100.6420373 13.7342867, 100.6463181 13.7335259, 100.6503951 13.7326922, 100.6548958 13.7317353, 100.6574238 13.7312624, 100.6583504 13.7310891, 100.6589774 13.7309629, 100.6599175 13.7307737, 100.6625454 13.7302449, 100.6671696 13.7293277, 100.6710963 13.7290255, 100.6747978 13.7287962, 100.67834557085845 13.728558172548837, 100.68460887695501 13.725402557498102)"
TH41-500,way/658704544-500,500.0,4468.691083527704,97377.73,Al/St 240/40 4-bundle 380.0,"LINESTRING (100.28534654471525 14.057173766956025, 100.29021784171779 14.05625118956431, 100.2942662 14.055431, 100.2977257 14.0547097, 100.2994517 14.0564775, 100.3016085 14.058631, 100.3042961 14.061363, 100.3051273 14.0654174, 100.3059912 14.069798, 100.3066991 14.0735609, 100.3072623 14.0764175, 100.3099555 14.0786281, 100.3127021 14.0808343, 100.3143863 14.0834887, 100.316071 14.0861624, 100.3176964 14.0887743, 100.319295 14.091303, 100.3210274 14.094077, 100.3230447 14.097276, 100.3255713 14.0979783, 100.3280977 14.0986243, 100.3306512 14.099233, 100.3331244 14.0998722, 100.334122 14.1032909, 100.335388 14.1078432, 100.336611 14.1121978, 100.3378449 14.1165002, 100.3389338 14.1205165, 100.3395347 14.122535, 100.3407741 14.1268731, 100.34138 14.1291262, 100.3422705 14.1295736, 100.3435743 14.1301297, 100.3453607 14.1308996, 100.34609 14.133782, 100.3445504 14.1355195, 100.3435472 14.1365755, 100.3445289 14.1401336, 100.345763 14.1445755, 100.3470609 14.1490391, 100.3475866 14.1509845, 100.3484557 14.1540066, 100.3494859 14.1577096, 100.3497327 14.1624897, 100.3499473 14.1670304, 100.3500814 14.170921, 100.3526026 14.1726217, 100.3553975 14.1744213, 100.3580743 14.1761949, 100.3603971 14.1777032, 100.3635887 14.1798049, 100.3667752 14.1819165, 100.3706483 14.1844597, 100.3745697 14.1870446, 100.3781265 14.1893792, 100.3815276 14.1916103, 100.3854543 14.1941742, 100.3890378 14.1965041, 100.3920416 14.1985068, 100.3947884 14.2003005, 100.3974275 14.2020432, 100.4000241 14.2037588, 100.4031513 14.2058083, 100.4055277 14.2073684, 100.4081834 14.2090372, 100.4115576 14.2112369, 100.4149104 14.2134626, 100.417732 14.2151007, 100.4205696 14.2167704, 100.4234505 14.2184339, 100.4262666 14.2200985, 100.4289437 14.2216424, 100.431926 14.2234005, 100.4348767 14.2250847, 100.4374731 14.2266343, 100.4396779 14.2279707, 100.4419899 14.2292915, 100.4446933 14.2308623, 100.4475636 14.2325517, 100.4504011 14.2342266, 100.4531691 14.2358593, 100.4559052 14.2374239, 100.4586035 14.2389733, 100.4611675 14.2404817, 100.4638443 14.2420572, 100.4666875 14.2437263, 100.4696057 14.2454265, 100.4716874 14.2466374, 100.4734791 14.2499651, 100.4755283 14.2538853, 100.477213 14.2569362, 100.4786506 14.2584336, 100.4796801 14.259527, 100.4796162 14.2635079, 100.4801087 14.2659421, 100.480496 14.2677295, 100.4825103 14.2685551, 100.4849163 14.2695179, 100.4869118 14.2703706, 100.4895511 14.2689357, 100.4928985 14.2671472, 100.4962459 14.265338, 100.4998937 14.2657747, 100.5032411 14.266253, 100.50661 14.2666065, 100.5098716 14.267064, 100.5131546 14.2674384, 100.5163947 14.2677919, 100.5196777 14.2682494, 100.5229436 14.2686549, 100.5262008 14.2691436, 100.529398 14.2695387, 100.5335179 14.2699546, 100.5379596 14.2705577, 100.542852 14.2711192, 100.5470148 14.2717587, 100.5503836 14.269076, 100.5539671 14.266123, 100.5577436 14.26317, 100.5612198 14.2602585, 100.564889 14.2573054, 100.5685154 14.2543938, 100.5722276 14.2514406, 100.57506 14.2490905, 100.578402 14.2472811, 100.5819425 14.2452845, 100.5836805 14.244619, 100.5878433 14.2429967, 100.5905685 14.2419152, 100.5937871 14.2407089, 100.5968341 14.2395234, 100.5999884 14.2382339, 100.6030997 14.2374644, 100.606887 14.2364868, 100.6108889 14.2354157, 100.6143693 14.2345526, 100.615631 14.2341782, 100.6187638 14.233367, 100.6217465 14.2326391, 100.6244716 14.234511, 100.627068 14.2365076, 100.6296214 14.2383795, 100.6321963 14.2403762, 100.6348786 14.2424144, 100.6366135 14.2437851, 100.637432 14.2444318, 100.6402001 14.2464492, 100.6424317 14.2482378, 100.6450709 14.2501512, 100.6476244 14.2521685, 100.6501993 14.2541026, 100.6527743 14.2561408, 100.6553492 14.2580957, 100.6578168 14.2599673, 100.6601986 14.261839, 100.6638035 14.261813, 100.6682024 14.2616467, 100.6723008 14.2616051, 100.6756911 14.2615219, 100.6795212 14.2613737, 100.6824824 14.2621848, 100.6869885 14.2634117, 100.6913444 14.2646179, 100.6952807 14.2656848, 100.6991979 14.2667391, 100.7037684 14.2679453, 100.7081672 14.2692554, 100.712507 14.2704356, 100.7166645 14.2714389, 100.7195586 14.2713168, 100.7226056 14.2712544, 100.7259315 14.2711504, 100.7291716 14.2710672, 100.7320282 14.2709814, 100.7347962 14.2724579, 100.7376286 14.2740799, 100.7405254 14.2756812, 100.7433364 14.2773656, 100.7462546 14.278946, 100.7488724 14.2804848, 100.7519838 14.2821899, 100.7553741 14.2840822, 100.7586963 14.2861624, 100.7598289 14.2866134, 100.7598875 14.2874657, 100.7592462 14.290727, 100.7586287 14.2936184, 100.758027 14.2968964, 100.7573547 14.3002927, 100.7566487 14.3038169, 100.7561408 14.3064235, 100.7552288 14.3109099, 100.7544355 14.3151561, 100.7535179 14.319766, 100.7528439 14.3232487, 100.7521653 14.3266433, 100.7515611 14.3297971, 100.7509249 14.3330192, 100.7502033 14.3366431, 100.7494982 14.3402981, 100.7488564 14.3435506, 100.7482945 14.3464616, 100.7476445 14.3497315, 100.7470301 14.352884, 100.7465258 14.355481, 100.7459749 14.3583353, 100.7446496 14.3617322, 100.7433028 14.3651955, 100.7420374 14.3684057, 100.7408823 14.3714171, 100.7396992 14.3744633, 100.7385817 14.3773135, 100.7374186 14.3802998, 100.7362946 14.3831809, 100.7352338 14.3859284, 100.7348552 14.3869618, 100.7340973 14.3888275, 100.7319985 14.394223, 100.7306554 14.3976225, 100.7296019 14.4003748, 100.728304 14.4037256, 100.7269958 14.4070411, 100.7257968 14.4101125, 100.7266458 14.4108816, 100.7290555 14.4128988, 100.7310449 14.4146085, 100.733081 14.4162911, 100.7351452 14.4180821, 100.7372093 14.4198642, 100.7399926 14.4221708, 100.7422996 14.4241518, 100.7440835 14.4256353, 100.747035 14.4253549, 100.7501545 14.4250473, 100.7533395 14.4246765, 100.75605465054906 14.424381504576585, 100.76200318080451 14.422966751857553)"
TH63-230,way/155851424-230,230.0,1027.7989492113718,30337.96,Al/St 240/40 2-bundle 220.0,"LINESTRING (100.99049089999998 13.338918475601476, 100.9927784612015 13.341609543149033, 100.9931731 13.3420708, 100.9949394 13.3441939, 100.9985147 13.3484439, 100.9997123 13.3512194, 101.0008188 13.3540013, 101.0019051 13.3566436, 101.0031912 13.3597269, 101.004248 13.362313, 101.0055555 13.3654223, 101.0064943 13.3677383, 101.0076745 13.3706531, 101.0088895 13.3735771, 101.0102507 13.3767789, 101.0115141 13.3797615, 101.0138784 13.3855406, 101.0150532 13.3884819, 101.016149 13.3909557, 101.0182733 13.393111, 101.0206551 13.3953596, 101.0229481 13.3975751, 101.0253222 13.3998689, 101.0276072 13.4020501, 101.0286481 13.4047057, 101.029662 13.4073096, 101.0306595 13.4098305, 101.031727 13.4126483, 101.0328857 13.4155444, 101.0338945 13.4181372, 101.0350747 13.4211479, 101.0362653 13.4241122, 101.037365 13.4269557, 101.0385133 13.4298565, 101.0397256 13.4329871, 101.0409216 13.4360136, 101.0420804 13.4390241, 101.0432934 13.4419882, 101.0443663 13.44479, 101.0455036 13.4476857, 101.0466998 13.450696, 101.0475849 13.4529966, 101.0482999 13.454793, 101.0486793 13.4557463, 101.0497897 13.4586575, 101.0501612 13.4595987, 101.0509323 13.4615527, 101.0518926 13.4640154, 101.0529064 13.466556, 101.053973 13.4693621, 101.0549005 13.4717561, 101.0558634 13.4742237, 101.0570419 13.4771253, 101.0578195 13.4791389, 101.0585919 13.4810639, 101.059461 13.4832963, 101.0604256 13.4858312, 101.0608354 13.4869191, 101.0611686 13.4877389, 101.0615585 13.4885963, 101.0614458 13.4914395, 101.0613439 13.4943189, 101.061258 13.497125, 101.0611829 13.4997647, 101.0611132 13.5022059, 101.0610166 13.5050121, 101.0610281 13.5076043, 101.0610496 13.5105774, 101.0610025 13.51359, 101.0609824 13.5143315, 101.0605235 13.5147602, 101.0596227 13.5146664, 101.056495 13.5143148, 101.0563289 13.5142961, 101.0530405 13.5139521, 101.0496609 13.5135922, 101.0463457 13.5132373, 101.043052 13.5128777, 101.039726 13.5125279, 101.0365288 13.5121944, 101.0334979 13.5118707, 101.0308265 13.5115841, 101.0296172804849 13.510037127378647, 101.02603356835249 13.503831497670792)"
way/550257735-230,way/382334126-230,230.0,1027.7989492113718,29679.04,Al/St 240/40 2-bundle 220.0,"LINESTRING (102.74202541978129 16.679931194787454, 102.73979818506604 16.675671844319456, 102.7398276 16.6721933, 102.7398759 16.668262, 102.7399671 16.6642741, 102.7399242 16.6603737, 102.7399841 16.6564288, 102.7400045 16.6524435, 102.7399991 16.6486608, 102.7400849 16.6445903, 102.7400903 16.6407047, 102.7401225 16.6367779, 102.7401869 16.6327996, 102.7401708 16.6290165, 102.7402298 16.6246885, 102.7402566 16.6211161, 102.7403049 16.6170501, 102.7403156 16.6131176, 102.7404068 16.6093548, 102.7403854 16.6053194, 102.7404605 16.6012325, 102.7404658 16.5970118, 102.7404658 16.5931252, 102.7404873 16.5891306, 102.7405463 16.5856243, 102.7405356 16.581681, 102.7405624 16.5775216, 102.7406321 16.5736706, 102.740675 16.5697013, 102.7407233 16.565953, 102.7407233 16.5620606, 102.7407716 16.5580911, 102.7407984 16.5541626, 102.7408306 16.5503008, 102.7408735 16.5466087, 102.7408735 16.5429834, 102.7409218 16.5386535, 102.7409754 16.5343955, 102.7409915 16.5304819, 102.7410066 16.5264379, 102.7410613 16.5228654, 102.7410883 16.5188589, 102.7411149 16.514904, 102.7411471 16.5110107, 102.7412061 16.5070195, 102.74119 16.5028945, 102.7412651 16.4984917, 102.7412978 16.4945571, 102.7413456 16.4908842, 102.7413724 16.4871961, 102.7414153 16.4832147, 102.7414421 16.4792281, 102.7414912 16.4752988, 102.7415012 16.4714141, 102.741867 16.4676446, 102.7422897 16.4637387, 102.7426277 16.4602906, 102.7429603 16.4570559, 102.7432017 16.4543241, 102.7452112 16.4515235, 102.7431758 16.4487436, 102.744442 16.4466027, 102.7442419 16.4440999, 102.7445877 16.4406541, 102.7448507 16.4382033, 102.745248 16.434179, 102.7456881 16.430319, 102.7460651 16.4262823, 102.7442054 16.422554, 102.74412398111947 16.42238860266337, 102.74623393044122 16.41590334232871)"
way/199773788-230,way/387737843-230,230.0,1027.7989492113718,46388.96,Al/St 240/40 2-bundle 220.0,"LINESTRING (99.79024539850045 13.50424597340916, 99.78252668791144 13.515517391399777, 99.7818487 13.5164064, 99.781201 13.5196165, 99.780568 13.5232153, 99.780057 13.5262068, 99.7810226 13.5295917, 99.782074 13.5332582, 99.7829752 13.5363144, 99.7837102 13.538823, 99.7845685 13.5417593, 99.7857165 13.5455299, 99.7866298 13.5486353, 99.7875618 13.5518141, 99.7885556 13.5551332, 99.789666 13.5588776, 99.7907335 13.5625905, 99.7896499 13.5656673, 99.7883678 13.5693176, 99.7871488 13.5727986, 99.7859686 13.5762089, 99.7847307 13.5796894, 99.7837316 13.582581, 99.7828317 13.5851645, 99.7821674 13.5870841, 99.7812806 13.589723, 99.7804325 13.5921388, 99.7796278 13.5942662, 99.7817092 13.5974989, 99.7835546 13.6002936, 99.7854 13.60313, 99.7872882 13.6060915, 99.7890907 13.6089487, 99.7908931 13.6117641, 99.7930781 13.6151551, 99.7949663 13.6181269, 99.7969726 13.6212342, 99.799047 13.6244645, 99.8011177 13.6276968, 99.8032206 13.6309499, 99.8050085 13.6337881, 99.8067573 13.6364468, 99.8057418 13.6397812, 99.8047011 13.6435346, 99.8037355 13.64685, 99.8027807 13.650447, 99.8017936 13.6537936, 99.8008028 13.6572049, 99.7997514 13.6609059, 99.8008066 13.6644067, 99.8020082 13.668118, 99.8031417 13.6717792, 99.8041073 13.6750631, 99.8050407 13.6781279, 99.8060221 13.6812396, 99.8071151 13.6847818, 99.8081679 13.6882186, 99.8090463 13.6910415, 99.809847 13.6937017, 99.8109829 13.6974261, 99.8120088 13.7007116, 99.8131407 13.704339, 99.8139776 13.7071585, 99.8148895 13.709978, 99.8194065 13.724655, 99.8205496 13.7283691, 99.8216859 13.7320612, 99.8236616 13.7384803, 99.8246102 13.7415622, 99.8256804 13.7450393, 99.8267044 13.7483663, 99.8278302 13.7520237, 99.8289529 13.7556711, 99.8299278 13.7588382, 99.8309034 13.7620077, 99.8320585 13.7657604, 99.833204 13.7694814, 99.8342573 13.772903, 99.8352623 13.7761679, 99.8363123 13.7796321, 99.8372877 13.7827051, 99.8416111 13.7967448, 99.8426809 13.8001447, 99.8464478 13.8123645, 99.847508 13.8158398, 99.8486366 13.8195665, 99.8496866 13.8229284, 99.8506552 13.82603, 99.8516869 13.8293903, 99.8527204 13.8327563, 99.8536997 13.8358526, 99.8546196 13.8389373, 99.855789 13.8425932, 99.8576466 13.8459635, 99.8578778 13.8472004, 99.860489 13.8502108, 99.8624159 13.8524583, 99.86273928380096 13.85282127161646, 99.86891696432978 13.852969440922054)"
TH26-230,TH25-230,230.0,1027.7989492113718,76581.32,Al/St 240/40 2-bundle 220.0,"LINESTRING (104.90345179999998 15.153685173867734, 104.90749475555839 15.153821625339068, 104.9075009 15.1538218, 104.9116074 15.1539493, 104.9157849 15.1540684, 104.9199611 15.1542134, 104.9241232 15.1543473, 104.9282937 15.154471, 104.9324149 15.1546036, 104.9365858 15.1547357, 104.940656 15.1548593, 104.9447457 15.1549823, 104.9489072 15.155113, 104.9530096 15.155236, 104.9571972 15.1553751, 104.961295 15.1554975, 104.9654557 15.1556153, 104.9696313 15.1557395, 104.9738316 15.1558832, 104.9780091 15.1559932, 104.9821927 15.1561259, 104.9853604 15.1562398, 104.988689 15.155836, 104.992477 15.1553654, 104.9965968 15.1548612, 105.0007516 15.1543609, 105.0048406 15.1538684, 105.0085742 15.1539292, 105.0123273 15.153959, 105.0165156 15.1540114, 105.0205946 15.1540839, 105.0246393 15.1541448, 105.0286492 15.1542017, 105.0324164 15.1543059, 105.0366462 15.154315, 105.0407131 15.1544024, 105.0440726 15.1544263, 105.0473892 15.1544917, 105.0513246 15.1545266, 105.0553151 15.1545965, 105.058519 15.1546224, 105.0618302 15.1546697, 105.0660298 15.1546891, 105.070206 15.1546949, 105.0767594 15.1546918, 105.0782373 15.1546968, 105.0822767 15.1547372, 105.086454 15.1547407, 105.0905094 15.1547514, 105.0946127 15.1547586, 105.0981357 15.1547336, 105.1023168 15.1547407, 105.1058435 15.1547372, 105.1100393 15.1547407, 105.1139615 15.1547336, 105.1176878 15.15473, 105.1219428 15.1546908, 105.1261053 15.1547407, 105.1303085 15.1546801, 105.1341827 15.1547158, 105.1383009 15.1547086, 105.1422121 15.1546444, 105.1458201 15.1546515, 105.1498311 15.1546051, 105.1536313 15.1562037, 105.1574689 15.1578838, 105.1607882 15.1592652, 105.164607 15.1609279, 105.1684294 15.1625621, 105.1720966 15.1641427, 105.1759116 15.1657947, 105.1797452 15.1674502, 105.1834086 15.1690023, 105.1872311 15.1706507, 105.1910831 15.1722705, 105.1948205 15.1739082, 105.1984655 15.1754531, 105.2021918 15.1770657, 105.2060401 15.1786712, 105.2096851 15.1802589, 105.2128976 15.1816467, 105.2157367 15.1828669, 105.2187384 15.1841727, 105.2221284 15.1855962, 105.2254517 15.1870161, 105.2279027 15.1880828, 105.2307603 15.1893029, 105.233714 15.1917681, 105.2368821 15.1944117, 105.240028 15.1970766, 105.2432146 15.1997308, 105.2460389 15.2021031, 105.249 15.203605, 105.2523222 15.2052615, 105.2550956 15.2066813, 105.2571959 15.2076929, 105.2607859 15.2095493, 105.2642876 15.2113027, 105.2679144 15.2131413, 105.2714603 15.2149408, 105.2749473 15.2167013, 105.2782394 15.2183446, 105.2811526 15.2198105, 105.284441 15.2214431, 105.2877257 15.2231148, 105.2911686 15.2231219, 105.2951007 15.22309, 105.2991615 15.2230297, 105.3032113 15.2230474, 105.3072243 15.2230438, 105.3109614 15.2230048, 105.3147096 15.2243925, 105.3183437 15.2257448, 105.3222354 15.2272354, 105.3257077 15.2285167, 105.3296287 15.2299825, 105.3332997 15.231324, 105.3371986 15.2327827, 105.3407537 15.2341216, 105.3449297 15.2339627, 105.3491244 15.2338925, 105.3532941 15.2337519, 105.3574783 15.233636, 105.3611746 15.2335235, 105.3653479 15.2334498, 105.3695249 15.2333198, 105.3735635 15.2332214, 105.3777696 15.2330914, 105.3818045 15.2329754, 105.3859123 15.232877, 105.3900565 15.2327365, 105.393862 15.2326381, 105.3968117 15.2325503, 105.4006245 15.2324659, 105.4048197 15.2323465, 105.4089967 15.2322375, 105.4127439 15.232111, 105.4166332 15.2320056, 105.420679 15.2319143, 105.4248924 15.2317667, 105.4290366 15.2316507, 105.4332573 15.2315418, 105.434856 15.2314715, 105.4374524 15.2314294, 105.4397867 15.2313661, 105.4430642 15.2312642, 105.4452893 15.2286219, 105.4473395 15.226222, 105.4499688 15.2231333, 105.4526964 15.2215451, 105.4560976 15.2195843, 105.4588762 15.2179855, 105.4642913 15.2148334, 105.4678383 15.2127883, 105.4713743 15.2106974, 105.4745717 15.2088385, 105.4781187 15.2067827, 105.4807151 15.20362, 105.4833262 15.2004185, 105.48556376862936 15.197697548486385, 105.48935679999995 15.193020873835597)"
way/384684882-230,TH6-230,230.0,1027.7989492113718,86093.98,Al/St 240/40 2-bundle 220.0,"LINESTRING (99.12878369083667 18.475732676051916, 99.12878892895235 18.470142701121226, 99.1287857 18.4697333, 99.1297621 18.4663332, 99.1301107 18.4651514, 99.1340858 18.4644849, 99.1359875 18.4641821, 99.1385563 18.463805, 99.142866 18.4630513, 99.1442594 18.4627485, 99.146377 18.4622778, 99.1490203 18.4622537, 99.1518527 18.4622028, 99.1546395 18.462204, 99.1566391 18.4621773, 99.1589203 18.4622842, 99.1612458 18.462419, 99.1644886 18.4624381, 99.1668101 18.4624623, 99.1687869 18.4624699, 99.1708294 18.4625488, 99.1741258 18.4626086, 99.1783201 18.462557, 99.1805591 18.46259, 99.1837562 18.4626406, 99.1898369 18.462703, 99.1921449 18.4627267, 99.1954198 18.4627866, 99.1994445 18.4628366, 99.2024534 18.4628909, 99.2039876 18.4614345, 99.2059416 18.459687, 99.2078559 18.4578891, 99.2098461 18.4560407, 99.2118643 18.4541731, 99.2118937 18.4517943, 99.2119925 18.44861, 99.2119953 18.4478378, 99.2119671 18.44614, 99.2120104 18.4452475, 99.2120598 18.4434805, 99.2121576 18.4382519, 99.2099731 18.4361326, 99.2077998 18.4339361, 99.2080118 18.4309801, 99.2081581 18.4288951, 99.2083984 18.4254717, 99.2085722 18.423919, 99.208536 18.4226008, 99.2084148 18.4191258, 99.2084134 18.4172592, 99.2082914 18.4147652, 99.2082317 18.4119559, 99.2082336 18.4091755, 99.2082354 18.4065501, 99.2106454 18.4030713, 99.2119503 18.4011905, 99.2139512 18.3982828, 99.2148739 18.396958, 99.2171846 18.3936341, 99.2186547 18.3915148, 99.2202222 18.389255, 99.2220998 18.3864794, 99.2232491 18.3848326, 99.2240109 18.383714, 99.2248697 18.38245, 99.2255518 18.3814461, 99.2272094 18.3790725, 99.2281629 18.3777056, 99.2294919 18.3758366, 99.2316645 18.3726173, 99.2334388 18.3701201, 99.2346901 18.3683166, 99.2362632 18.36606, 99.2381662 18.3633094, 99.2394175 18.3614626, 99.2402261 18.3602979, 99.2417 18.3581774, 99.2432141 18.3560364, 99.2445754 18.3540597, 99.2460935 18.3518652, 99.2478342 18.3493678, 99.249284 18.347214, 99.2498472 18.3463306, 99.2521539 18.3431074, 99.2542058 18.3401681, 99.2556636 18.3380524, 99.2571683 18.335854, 99.2589761 18.3334543, 99.2595756 18.3326981, 99.2623825 18.33156, 99.2653692 18.3303786, 99.2674693 18.3294824, 99.2705418 18.328217, 99.2723019 18.327495, 99.274834 18.326538, 99.2774485 18.3253984, 99.2818641 18.3235899, 99.2844494 18.3225207, 99.2870401 18.3214492, 99.2895954 18.3204, 99.292193 18.3193026, 99.2948869 18.3182224, 99.2968543 18.3173356, 99.2987342 18.3164978, 99.3010782 18.31544, 99.303474 18.3143554, 99.305881 18.3132847, 99.3084588 18.3121382, 99.3111053 18.3109611, 99.313621 18.3097984, 99.3159543 18.3087398, 99.3183944 18.3076537, 99.3211605 18.3063939, 99.3236415 18.3052995, 99.326262 18.3041269, 99.3287779 18.302995, 99.3312483 18.3018847, 99.3336917 18.3007897, 99.3359663 18.2997844, 99.3383373 18.2987148, 99.3409364 18.2975453, 99.3435924 18.2963478, 99.3461204 18.2952215, 99.3484734 18.2941666, 99.3507687 18.2931435, 99.3535146 18.2919179, 99.3559199 18.2908266, 99.3586101 18.2896189, 99.3610087 18.2885378, 99.3634871 18.2874357, 99.3660667 18.2862947, 99.3685471 18.2851742, 99.3712561 18.2839504, 99.3739631 18.282742, 99.3761813 18.2817455, 99.3787649 18.2806351, 99.3810301 18.2800143, 99.3829827 18.2795241, 99.3852237 18.2789446, 99.3880554 18.2782188, 99.3910427 18.2774579, 99.3934185 18.2768365, 99.3955509 18.2763016, 99.3975927 18.2751905, 99.3996801 18.2740858, 99.4015697 18.2732402, 99.4038784 18.2722068, 99.40611 18.2712115, 99.4082732 18.270252, 99.4107275 18.2691504, 99.4130818 18.2680991, 99.4156969 18.266923, 99.4183579 18.2657443, 99.4210097 18.2645695, 99.4236685 18.2633679, 99.4263238 18.2621593, 99.42876 18.2610685, 99.4309051 18.2601102, 99.4336074 18.2589035, 99.436295 18.2577063, 99.4388605 18.2565569, 99.4415098 18.2553794, 99.443558 18.2544567, 99.4454292 18.2536193, 99.4480712 18.2524425, 99.4495079 18.2510472, 99.4511209 18.2494768, 99.4518102 18.2487101, 99.4522923 18.2488935, 99.452698 18.2483286, 99.4537675 18.2482127, 99.4552542 18.2480853, 99.4577976 18.2478981, 99.4604536 18.2477007, 99.4635965 18.2472797, 99.4650449 18.2454393, 99.466333 18.2438045, 99.467774 18.2420188, 99.4692767 18.2401554, 99.470768 18.2383205, 99.4711201 18.2361087, 99.4713843 18.2345471, 99.4716941 18.2326199, 99.4720428 18.2306557, 99.4724143 18.2283813, 99.4727891 18.2260764, 99.474615 18.2252567, 99.4762109 18.2245389, 99.4780234 18.2237128, 99.4798607 18.223893, 99.4822077 18.2241249, 99.4841187 18.2242994, 99.4865327 18.2245484, 99.4884458 18.2247376, 99.4899264 18.2248822, 99.4926622 18.2252497, 99.4940235 18.2242217, 99.4955155 18.2230797, 99.4974279 18.2216058, 99.4991505 18.2202721, 99.5008497 18.2189658, 99.5029532 18.2173537, 99.5055711 18.2169779, 99.5065816 18.2146791, 99.5075224 18.2124956, 99.509015 18.2120912, 99.5104761 18.2116822, 99.5127453 18.2123351, 99.5151459 18.2130256, 99.5176792 18.2137555, 99.5186636 18.2161893, 99.519656 18.2186664, 99.5205465 18.2207466, 99.5213793 18.2227899, 99.522306 18.2250662, 99.5243063 18.2265757, 99.5254992 18.2274954, 99.5275685 18.2290686, 99.5295708 18.2296392, 99.5319499 18.2303283, 99.5331918 18.2317677, 99.5345516 18.2333345, 99.5358539 18.23484, 99.5374022 18.2366112, 99.5389364 18.2383842, 99.5400944 18.2397204, 99.5412706 18.2410979, 99.5424018 18.2424105, 99.5435739 18.2437733, 99.5448641 18.2452521, 99.5461683 18.2467397, 99.5477233 18.2485451, 99.5490108 18.2500175, 99.5506167 18.251877, 99.5522931 18.2538479, 99.5539454 18.2555476, 99.5556995 18.2556902, 99.5565438 18.2551731, 99.5585279 18.2539135, 99.5609164 18.2524081, 99.5631849 18.2509791, 99.5641404 18.2497513, 99.5658182 18.2475905, 99.566761 18.246087, 99.568324 18.2444127, 99.5695672 18.242897, 99.5707534 18.2414004, 99.5718987 18.2399987, 99.5739868 18.2397204, 99.5762841 18.239414, 99.5779894 18.2391841, 99.5800379 18.2394319, 99.5813455 18.2395739, 99.5841309 18.2402006, 99.5870338 18.2408342, 99.5898172 18.2414437, 99.5919905 18.2419143, 99.5940182 18.242348, 99.5965865 18.2429148, 99.5988791 18.2442452, 99.6012984 18.245631, 99.6036065 18.2470206, 99.6059494 18.2483579, 99.6083231 18.249736, 99.6106566 18.2510969, 99.6130405 18.2524667, 99.6153928 18.2538339, 99.6177484 18.2551948, 99.620086 18.2565435, 99.622445 18.2578986, 99.6247711 18.2592594, 99.6271194 18.260626, 99.629465 18.2619664, 99.6315618 18.2616302, 99.634246 18.2611946, 99.6369691 18.2607349, 99.6417052 18.2599771, 99.6443271 18.259532, 99.646269 18.2592149, 99.6484604 18.2588481, 99.6504828 18.2585144, 99.6526674 18.2581578, 99.6553168 18.2577279, 99.6580774 18.257272, 99.660537 18.25686, 99.6626285 18.2565174, 99.6648856 18.2561493, 99.6673411 18.2557558, 99.6699813 18.2553155, 99.6726606 18.2548687, 99.6750686 18.2544681, 99.6775845 18.2548146, 99.6802117 18.2551871, 99.6826914 18.2555151, 99.6854252 18.2558876, 99.6881007 18.2562525, 99.6907286 18.2566161, 99.6933351 18.2569612, 99.6955539 18.2572644, 99.6978016 18.2573981, 99.6997442 18.2575108, 99.7008533 18.2578088, 99.7033994 18.2584615, 99.7054392 18.2588538, 99.7066985 18.2590805, 99.7099493 18.2596562, 99.7114614 18.2617206, 99.7131157 18.263948, 99.7150415 18.2643186, 99.7177673 18.2642556, 99.7194725 18.2642136, 99.7217363 18.2641442, 99.7234288 18.2657565, 99.7234234 18.2682182, 99.7234065 18.2707041, 99.7233899 18.273139, 99.7234093 18.2758088, 99.7234026 18.2784034, 99.7234207 18.2809605, 99.72435 18.2819701, 99.7268024 18.284564, 99.73028401965323 18.284110486530086, 99.73688728532144 18.28041199877084)"
TH51-230,way/550125387-230,230.0,1027.7989492113718,37497.82,Al/St 240/40 2-bundle 220.0,"LINESTRING (99.8836814158957 13.602471504375883, 99.88055700982926 13.597447544891255, 99.8785917 13.5955408, 99.8785434 13.5922246, 99.8786134 13.5894256, 99.8785423 13.5859555, 99.8803568 13.5842296, 99.8825508 13.5819933, 99.8847335 13.5798345, 99.8884906 13.5798964, 99.8906391 13.5813832, 99.8934473 13.5833295, 99.8964648 13.5853891, 99.8995011 13.5874735, 99.9026439 13.589644, 99.9056259 13.5916984, 99.9088593 13.5939189, 99.9118593 13.5959968, 99.9151652 13.5981267, 99.918758 13.5992438, 99.9223937 13.6002593, 99.9295613 13.6022836, 99.9332714 13.6033068, 99.9368753 13.6043519, 99.9401046 13.6052539, 99.9430846 13.6052825, 99.9465041 13.6052985, 99.9495122 13.6053168, 99.9527852 13.606529, 99.9552246 13.6074284, 99.9589965 13.6088394, 99.9623606 13.6100646, 99.9659448 13.6114176, 99.9698366 13.6128494, 99.9735321 13.6142174, 99.9768915 13.6154778, 99.9799938 13.6150969, 99.9827468 13.6147589, 99.9867969 13.6142708, 99.9906901 13.6138068, 99.9947282 13.613333, 99.9979931 13.6129478, 100.0014049 13.6125229, 100.0091417 13.6115949, 100.012864 13.6111563, 100.0165788 13.6107001, 100.0231174 13.6099193, 100.0266227 13.6094941, 100.0310926 13.6089759, 100.0337916 13.6086312, 100.0361734 13.608319, 100.0393786 13.6069621, 100.0430968 13.6053803, 100.0465193 13.6038839, 100.0501155 13.6023784, 100.0536044 13.6008612, 100.0561149 13.6006539, 100.0591619 13.6003756, 100.0618392 13.6001311, 100.064236 13.5999122, 100.0664917 13.5989711, 100.0715758 13.5964501, 100.0746671 13.5949393, 100.0774629 13.593552, 100.0798286 13.5911548, 100.0821233 13.5887347, 100.0852548 13.5873855, 100.0877801 13.5862397, 100.0900787 13.5852359, 100.0924055 13.5843417, 100.0938539 13.5821125, 100.0958951 13.5796148, 100.0987865 13.5765161, 100.1008894 13.5742712, 100.1027401 13.5722754, 100.1033744 13.5692365, 100.1041764 13.5653281, 100.1055537 13.5585214, 100.1062551 13.5552803, 100.1069887 13.5515359, 100.107623 13.548519, 100.1116946 13.5438553, 100.1138847 13.5414302, 100.1149218 13.5386163, 100.1162048 13.5351353, 100.1175097 13.5315607, 100.1186751 13.5284216, 100.1197278 13.5255543, 100.120845 13.5225201, 100.1217341 13.5201105, 100.1242353 13.518564, 100.12636058210299 13.51724176335183, 100.13173127147797 13.512085886460792)"
way/550881475-230,way/1415498617-230,230.0,1027.7989492113718,92238.95,Al/St 240/40 2-bundle 220.0,"LINESTRING (99.04575878393472 7.9934670132266525, 99.0411184963473 7.998935117848142, 99.0406452 7.9999541, 99.0391062 8.0033047, 99.0376646 8.0063931, 99.0378744 8.0079993, 99.0382245 8.0111879, 99.0405888 8.0126806, 99.0422183 8.0137556, 99.0455214 8.0134754, 99.0493275 8.0131308, 99.0521673 8.0129123, 99.0552391 8.0126427, 99.0589284 8.0123353, 99.0622014 8.010257, 99.0652095 8.0083347, 99.0676832 8.0067576, 99.0714557 8.0063911, 99.0753194 8.0060192, 99.079157 8.0056321, 99.0829791 8.0052523, 99.0867932 8.0048698, 99.0903324 8.0060186, 99.0933352 8.0069767, 99.0969595 8.008176, 99.099702 8.0090498, 99.1020988 8.0071936, 99.1047862 8.0051122, 99.1078318 8.0027297, 99.1111645 8.002395, 99.1143415 8.0020736, 99.1178391 8.0017124, 99.1216345 8.0013246, 99.1250489 8.0009899, 99.1287078 8.0005454, 99.1317719 8.0002303, 99.1336655 8.000729, 99.1369479 8.000387, 99.1407787 7.9999952, 99.1444272 7.9996101, 99.1482372 7.9992587, 99.1514693 7.9989294, 99.1551735 7.9985277, 99.1583789 7.998205, 99.1621696 7.9977901, 99.1660667 7.997362, 99.1697972 7.9969576, 99.1727081 7.998285, 99.1760019 7.9997891, 99.1795253 8.001398, 99.1825776 8.0027901, 99.1855468 8.0040776, 99.1894736 8.0059303, 99.1930174 8.0075498, 99.1956346 8.0087523, 99.1991268 8.0103449, 99.2017165 8.0115259, 99.2052906 8.0131315, 99.2079993 8.0143711, 99.2114714 8.0159322, 99.2138049 8.017982, 99.2152184 8.0192144, 99.2187549 8.0206718, 99.2222471 8.0220775, 99.2250501 8.0232362, 99.2281708 8.0245024, 99.2310937 8.0257142, 99.234712 8.027167, 99.2376961 8.028386, 99.2408134 8.0296595, 99.2436931 8.031118, 99.246917 8.0327508, 99.2502762 8.0344521, 99.2533635 8.0360144, 99.2565546 8.0376471, 99.2597303 8.0392406, 99.2628876 8.0408746, 99.2663919 8.0426404, 99.269794 8.0443734, 99.2726848 8.0458145, 99.2753716 8.047154, 99.2780337 8.0485184, 99.2815347 8.0502493, 99.2849683 8.0519623, 99.2867449 8.0528908, 99.2901083 8.0525443, 99.2936841 8.0521601, 99.2966345 8.0518839, 99.2997452 8.050975, 99.3024952 8.0501663, 99.3057403 8.0510238, 99.3094779 8.0519951, 99.3131117 8.0529532, 99.3157802 8.0536581, 99.3193927 8.0545731, 99.3218882 8.0556196, 99.3253275 8.0570769, 99.3289402 8.0578852, 99.3319027 8.0585511, 99.3339412 8.0590212, 99.3374106 8.0597873, 99.341163 8.0606305, 99.3449919 8.061471, 99.3485003 8.0622688, 99.3522218 8.0631149, 99.3559621 8.0628361, 99.3598272 8.0625161, 99.3636695 8.0621961, 99.367383 8.0619205, 99.3704957 8.061653, 99.3719354 8.0615607, 99.3743648 8.062702, 99.3776397 8.0643113, 99.3810233 8.0659685, 99.3845156 8.0676269, 99.3857829 8.0700044, 99.3871153 8.0723759, 99.3883136 8.0745117, 99.3911433 8.0758089, 99.3945269 8.0773412, 99.3968564 8.0783756, 99.3990532 8.0793986, 99.4026715 8.0784938, 99.4064648 8.0776055, 99.4102098 8.0766694, 99.4133084 8.0759603, 99.4159638 8.0753177, 99.419383 8.0762796, 99.4224286 8.0771626, 99.4242257 8.0776367, 99.4260925 8.0767723, 99.428021 8.0758282, 99.4306254 8.0745396, 99.4334257 8.0726169, 99.4360871 8.0707035, 99.4392809 8.0684608, 99.4423547 8.0662632, 99.4445139 8.0647376, 99.447636 8.0625572, 99.4514561 8.0624543, 99.4552186 8.062362, 99.458959 8.0632052, 99.4620891 8.063905, 99.4656591 8.0647216, 99.4694471 8.0655734, 99.4727656 8.0663602, 99.4758368 8.068093, 99.4791158 8.0700489, 99.4826563 8.0707274, 99.4860975 8.0714444, 99.4897333 8.0721774, 99.4933259 8.0728673, 99.4971845 8.0736605, 99.5008765 8.0743444, 99.5042534 8.0750428, 99.5078275 8.0758129, 99.511667 8.0765127, 99.5144445 8.077065, 99.5182063 8.0778777, 99.5218118 8.0784154, 99.5256078 8.079236, 99.5294045 8.0800433, 99.5330577 8.0807629, 99.536853 8.081549, 99.5407194 8.08227, 99.5443712 8.0830016, 99.5470373 8.0835154, 99.550378 8.0841694, 99.553818 8.0853624, 99.5575315 8.0865853, 99.561072 8.0877444, 99.564005 8.0883153, 99.5671083 8.0889035, 99.5702313 8.0895311, 99.5729689 8.0900813, 99.5761353 8.0906456, 99.5789824 8.0912351, 99.5819704 8.0894546, 99.5851716 8.0875691, 99.588417 8.085614, 99.5916666 8.0836562, 99.594833 8.0817687, 99.5981026 8.0798123, 99.600888 8.0781286, 99.6038707 8.0763533, 99.6073119 8.0771991, 99.6110938 8.0780835, 99.6143809 8.0800977, 99.61757 8.0819686, 99.620275 8.0836442, 99.6234975 8.0855345, 99.6264388 8.0872598, 99.6296132 8.0891386, 99.6321063 8.0916812, 99.634708 8.0943792, 99.6372011 8.0969304, 99.6398203 8.0994764, 99.6424422 8.102096, 99.6442768 8.1054099, 99.6461369 8.1087823, 99.6480018 8.1121744, 99.6496278 8.1151318, 99.6498129 8.1154685, 99.6499479 8.1155719, 99.6528183 8.1177694, 99.6534971 8.1182916, 99.6558264 8.1200795, 99.6564143 8.1205408, 99.6567334 8.1207913, 99.6587567 8.122379, 99.6601309 8.1234366, 99.6614805 8.1244754, 99.66228496109268 8.125093783719182, 99.66577918877151 8.129163744698914)"
way/377077088-230,TH21-230,230.0,513.8994746056859,94501.23,Al/St 240/40 2-bundle 220.0,"LINESTRING (99.14191746876816 16.810383980432608, 99.14670876924633 16.804961655994155, 99.1471833 16.8043962, 99.1498032 16.8012431, 99.152546 16.797986, 99.1548951 16.7951771, 99.1574319 16.7921839, 99.1601221 16.7896327, 99.162866 16.7870494, 99.1656207 16.78445, 99.1682412 16.781988, 99.1710434 16.7793314, 99.1741508 16.7764174, 99.1790525 16.7717749, 99.1819982 16.768993, 99.1849634 16.7662001, 99.1880097 16.7633478, 99.1911654 16.76035, 99.1942626 16.7574376, 99.1972935 16.7545797, 99.2001816 16.7518649, 99.2029932 16.7492034, 99.2056399 16.7461168, 99.208139 16.7432202, 99.2108038 16.7401148, 99.2133761 16.7371282, 99.2161132 16.7339265, 99.2189309 16.7306643, 99.2216788 16.7274483, 99.2241166 16.7246057, 99.2267713 16.7215238, 99.2293536 16.7185254, 99.231881 16.7155994, 99.2345296 16.7125161, 99.2371153 16.7095182, 99.2398659 16.706316, 99.2422378 16.7035566, 99.2448132 16.7005604, 99.2476426 16.6972954, 99.2504764 16.6940081, 99.2526972 16.6914184, 99.2553872 16.688296, 99.2581305 16.6851117, 99.2608807 16.6819192, 99.2635461 16.6788193, 99.2661311 16.675835, 99.2706302 16.673262, 99.2731514 16.6718263, 99.2766859 16.6698408, 99.2802325 16.6678263, 99.2839453 16.6657247, 99.2878707 16.6635326, 99.291546 16.6614445, 99.295462 16.6592744, 99.299301 16.6571127, 99.3026485 16.6552552, 99.3065947 16.6530202, 99.3105128 16.6508668, 99.3138283 16.649057, 99.3176089 16.6470763, 99.3210065 16.6452823, 99.3244435 16.6434674, 99.3279884 16.6415956, 99.3315108 16.6397433, 99.3349997 16.6378943, 99.3382009 16.6362091, 99.3414967 16.6336269, 99.3448132 16.6310113, 99.3480325 16.6284715, 99.3513008 16.6258931, 99.3546703 16.6232613, 99.3579326 16.6206712, 99.3613175 16.618031, 99.3645382 16.6154853, 99.3678581 16.6128707, 99.3743028 16.6078104, 99.3776626 16.6051691, 99.3809107 16.6026302, 99.384238 16.6000084, 99.3875653 16.5974071, 99.3909214 16.5947576, 99.3942889 16.5921042, 99.3973017 16.5897162, 99.400521 16.5871848, 99.4036874 16.5846926, 99.4069643 16.582129, 99.4102655 16.5795268, 99.413643 16.5768771, 99.4168818 16.5743295, 99.4201206 16.571778, 99.4233728 16.5691982, 99.4265203 16.5667244, 99.4296397 16.5642711, 99.4330237 16.5615986, 99.4364361 16.558912, 99.4398077 16.5562465, 99.4431457 16.553626, 99.4465413 16.5509392, 99.4498834 16.5483129, 99.45322 16.5457244, 99.4567244 16.542934, 99.4600677 16.5402985, 99.4634939 16.5376024, 99.4669103 16.5349263, 99.4702658 16.532256, 99.4714956 16.5285221, 99.4727867 16.5246396, 99.4740266 16.5208519, 99.475302 16.5169541, 99.4766337 16.5129039, 99.4778098 16.5093538, 99.4790565 16.5055603, 99.4802532 16.5019503, 99.4814565 16.4982526, 99.48245 16.4952428, 99.4831447 16.4930904, 99.4838886 16.4908079, 99.4849745 16.4875267, 99.4862715 16.483561, 99.4875335 16.4797283, 99.4888042 16.4758091, 99.4900578 16.4720126, 99.491304 16.4682381, 99.4925412 16.4644653, 99.4937824 16.4606944, 99.4950186 16.4569079, 99.496131 16.4534372, 99.4974768 16.44945, 99.4987824 16.4454788, 99.5000625 16.4415872, 99.5013442 16.4376605, 99.5026354 16.4337498, 99.5039204 16.4297707, 99.5052348 16.4258497, 99.5065128 16.421914, 99.5078231 16.4180092, 99.509136 16.4140074, 99.5104225 16.4100341, 99.5117482 16.4059836, 99.5130226 16.4021334, 99.5143368 16.3981915, 99.5156806 16.3939947, 99.5169641 16.3901208, 99.5181831 16.3863954, 99.5214568 16.3843039, 99.5249658 16.3820664, 99.5284969 16.3798225, 99.5321463 16.3775083, 99.5356766 16.3752695, 99.5394014 16.3728621, 99.5431397 16.3704855, 99.5469813 16.3680292, 99.5504166 16.3658326, 99.5537452 16.3634219, 99.5572294 16.3608842, 99.5604554 16.3585346, 99.5638082 16.3561154, 99.5669996 16.3537632, 99.5702435 16.3514004, 99.5736861 16.3489251, 99.5770134 16.3464974, 99.5803125 16.3440896, 99.5836538 16.3416644, 99.5868383 16.3393376, 99.590122 16.3369272, 99.5935277 16.3344742, 99.596798 16.3320817, 99.6001092 16.3296789, 99.6034412 16.3272548, 99.606818 16.3248019, 99.6101178 16.3223679, 99.6133787 16.3199933, 99.6167422 16.3175479, 99.62009 16.315075, 99.6234217 16.3127032, 99.6266505 16.3103185, 99.6299496 16.3079109, 99.6332232 16.3055206, 99.6365156 16.3031162, 99.6399063 16.3006393, 99.6432091 16.29822, 99.6465518 16.2957994, 99.6499756 16.293281, 99.6531695 16.2909542, 99.6564961 16.2885245, 99.6598388 16.2860755, 99.661497 16.2822625, 99.6632009 16.2783484, 99.6648921 16.2744876, 99.6665899 16.270628, 99.6682441 16.2667883, 99.6699742 16.2628321, 99.6715875 16.2591854, 99.6731673 16.2555559, 99.6748129 16.251763, 99.6764443 16.2480343, 99.6780818 16.2442705, 99.6795725 16.2408439, 99.6812307 16.2370583, 99.682887 16.2332624, 99.68456 16.2295025, 99.6862149 16.2256813, 99.6878705 16.2218105, 99.6895328 16.2179879, 99.6911844 16.214151, 99.6928548 16.2103444, 99.6945291 16.2065074, 99.696184 16.202707, 99.6978292 16.1988963, 99.6995284 16.1950703, 99.7011833 16.1912523, 99.7028527 16.1874346, 99.7045187 16.1836126, 99.7061756 16.1797896, 99.707848 16.175972, 99.7095002 16.1721807, 99.7111739 16.1683333, 99.7128449 16.1645058, 99.7145162 16.1606881, 99.7161654 16.1568656, 99.7178094 16.1530493, 99.719513 16.1491674, 99.7211199 16.1454583, 99.7227665 16.1416449, 99.7243926 16.1379354, 99.7259694 16.1342503, 99.7276505 16.1304562, 99.7292313 16.1267761, 99.7308419 16.1231044, 99.7324446 16.1194183, 99.7340462 16.1157629, 99.7356662 16.1120519, 99.7381178 16.108845, 99.740637 16.1055562, 99.7431342 16.102287, 99.7456615 16.0989942, 99.748168 16.095703, 99.7506876 16.0924192, 99.7531827 16.0891095, 99.7557275 16.0858345, 99.7581874 16.0825921, 99.7606302 16.0793969, 99.7630824 16.0762101, 99.7655212 16.0730155, 99.7679822 16.0698163, 99.7704149 16.0666068, 99.7728829 16.0634156, 99.775324 16.0602314, 99.7777689 16.0570294, 99.7802325 16.0538345, 99.7826659 16.050635, 99.7851111 16.0474197, 99.787568 16.0442162, 99.7899981 16.0410372, 99.7924322 16.037842, 99.794883 16.0346558, 99.79499889672472 16.034503290265455, 99.79854309999995 16.0298611732064)"
way/155847885-230,way/296560688-230,230.0,1027.7989492113718,39503.99,Al/St 240/40 2-bundle 220.0,"LINESTRING (101.19287939600036 12.987630191584788, 101.19314499460043 12.980556611225701, 101.1929256 12.9785071, 101.1925705 12.9753498, 101.1921621 12.9717192, 101.1941118 12.9686964, 101.1958539 12.9659972, 101.1977306 12.9629471, 101.2011629 12.962537, 101.2050715 12.9617562, 101.2086386 12.9610952, 101.2123133 12.9602617, 101.2148387 12.9615833, 101.216807 12.962669, 101.2194942 12.9641104, 101.2223686 12.9656184, 101.2237162 12.9685767, 101.2249881 12.9714782, 101.2262529 12.9744304, 101.2275336 12.9772723, 101.22894 12.9799681, 101.2300333 12.9821076, 101.2327712 12.9836949, 101.2352026 12.98519, 101.2383725 12.9871618, 101.2417451 12.9892324, 101.2447431 12.9901883, 101.2474963 12.9909422, 101.2509658 12.9893992, 101.2537559 12.9880596, 101.2568546 12.9866167, 101.2594141 12.9853803, 101.2628121 12.9837946, 101.2659856 12.9823335, 101.2687352 12.9810485, 101.2722486 12.9794962, 101.2742936 12.9770386, 101.2765507 12.9744169, 101.2789106 12.9716677, 101.2806002 12.9696687, 101.2821839 12.9678186, 101.2845469 12.9657042, 101.2871063 12.9634197, 101.2898933 12.9609163, 101.2918012 12.9581791, 101.2936654 12.955618, 101.2957666 12.9526133, 101.2974936 12.9501706, 101.2993251 12.9476049, 101.3014622 12.9445363, 101.3009814 12.9416965, 101.3003444 12.9379884, 101.2997073 12.9341857, 101.2990769 12.9303701, 101.2984795 12.9267069, 101.2978711 12.9228826, 101.2972979 12.9193074, 101.296727 12.9155925, 101.2961891 12.9121397, 101.2958977 12.9102688, 101.2955763 12.9082055, 101.2950341 12.9047354, 101.2944521 12.9010375, 101.2938481 12.8975178, 101.293308 12.8940282, 101.2933345 12.8908695, 101.2933191 12.8880954, 101.2933301 12.8850805, 101.2933345 12.8819582, 101.2933477 12.878881, 101.2915908 12.8761691, 101.2898957 12.8734872, 101.287839 12.8702143, 101.2857713 12.86695, 101.2847485 12.8640294, 101.2835118 12.8603546, 101.2824185 12.8572148, 101.2811598 12.8535677, 101.2799518 12.850041, 101.2787063 12.8464261, 101.2774697 12.8427832, 101.2762176 12.839181, 101.2749457 12.8355638, 101.2737553 12.8321142, 101.2726245 12.8288795, 101.2713019 12.8249676, 101.270085 12.8214813, 101.2688837 12.8179262, 101.2675853 12.8142033, 101.2664523 12.8108029, 101.2653148 12.8074776, 101.2640649 12.8038943, 101.2628084 12.8003411, 101.2616357 12.796863, 101.2599339 12.7949155, 101.2581308 12.7930238, 101.2550292 12.7934193, 101.2529851780484 12.79188073669232, 101.24932436132381 12.78771823549466)"
TH68-230,TH65-230,230.0,1027.7989492113718,15075.28,Al/St 240/40 2-bundle 220.0,"LINESTRING (100.94058679999999 13.13822817582294, 100.94440478527578 13.138794746692925, 100.9471488 13.1392019, 100.9505904 13.1397239, 100.9570037 13.1406875, 100.9586236 13.1409248, 100.9609732 13.1412996, 100.9645204 13.1418246, 100.9680945 13.142377, 100.9715384 13.1429099, 100.9746847 13.1450177, 100.9777223 13.1470903, 100.980662 13.1490929, 100.9837036 13.1511648, 100.9870429 13.1534541, 100.9896467 13.1552131, 100.9926836 13.1572863, 100.9956944 13.159332, 100.9987468 13.161441, 101.0017723 13.1634899, 101.0045873 13.1654395, 101.0075551 13.1674858, 101.0103795 13.1694119, 101.0133822 13.1714438, 101.0166545 13.1736898, 101.0197147 13.1757881, 101.0200848 13.179175, 101.0205066 13.1828132, 101.0209079 13.1864556, 101.0213223 13.1902331, 101.021732 13.1939149, 101.021776036007 13.19430152352969, 101.0222524 13.198484375755855)"
way/403525677-230,way/659861082-230,230.0,1027.7989492113718,12192.96,Al/St 240/40 2-bundle 220.0,"LINESTRING (101.1340492494741 12.677699991741523, 101.12943154668386 12.682230703343306, 101.1295594 12.6828407, 101.1298987 12.6846502, 101.1304137 12.6870772, 101.1309676 12.6897306, 101.1314779 12.6921615, 101.1320458 12.6948213, 101.1326373 12.6975387, 101.1329685 12.6998857, 101.1339757 12.7023165, 101.1348796 12.7042737, 101.1357352 12.7061217, 101.1364561 12.7077125, 101.1375913 12.7101439, 101.1384657 12.7121049, 101.1396177 12.7146062, 101.1405605 12.7168852, 101.141573 12.7190594, 101.1403238 12.7197691, 101.1385797 12.7206187, 101.1371675 12.7216339, 101.1380553 12.7230339, 101.1375262 12.7251564, 101.1369874 12.7273028, 101.1383507 12.7296084, 101.1395731 12.7316648, 101.1411311 12.7341908, 101.1425875 12.7366389, 101.1440591 12.7390422, 101.1454706 12.741368, 101.146772 12.7435141, 101.1468861 12.7436977, 101.1481736 12.7458338, 101.1494704 12.747977, 101.1508464 12.7502294, 101.1522519 12.7525433, 101.1537512 12.7550011, 101.15388766929249 12.755227136116146, 101.16021755625701 12.757737830693532)"
TH68-230,TH67-230,230.0,1027.7989492113718,2639.53,Al/St 240/40 2-bundle 220.0,"LINESTRING (100.94058679999999 13.13822817582294, 100.94121806226056 13.14230779637099, 100.9414159 13.1443601, 100.9417297 13.1476636, 100.9419939 13.1504087, 100.9422863 13.1536669, 100.94245422326406 13.155678586156444, 100.94291294759239 13.16042527699905)"
TH67-230,TH64-230,230.0,1027.7989492113718,8733.13,Al/St 240/40 2-bundle 220.0,"LINESTRING (100.94291294759239 13.16042527699905, 100.94335196146325 13.165183249353992, 100.943792 13.1698017, 100.9440334 13.172542, 100.9443378 13.1757634, 100.9445792 13.1783815, 100.9448649 13.1815885, 100.9451666 13.1846414, 100.9452998 13.1860595, 100.9454858 13.1880389, 100.9460913 13.1898794, 100.9466211 13.1915429, 100.9465607 13.1931202, 100.946096 13.1945727, 100.9472534 13.1968682, 100.9479964 13.1983194, 100.9494045 13.2010489, 100.9502534 13.2026941, 100.950238 13.2049633, 100.9502957 13.2079747, 100.9503346 13.2112747, 100.9503554 13.2144453, 100.9503896 13.2170036, 100.9504204 13.2203374, 100.9504573 13.2235856, 100.9503735 13.2251634, 100.9503962 13.2267484, 100.9504204 13.2284324, 100.95042257626018 13.22881742295015, 100.9505465 13.233203375717451)"
TH57-230,way/387737843-230,230.0,1027.7989492113718,5903.22,Al/St 240/40 2-bundle 220.0,"LINESTRING (99.74268969999999 13.534003475391815, 99.74735494804582 13.531918799782861, 99.7484157 13.5316042, 99.7511878 13.5307449, 99.7534596 13.5300395, 99.7559414 13.5281359, 99.7580831 13.5264995, 99.7612226 13.5264493, 99.7646565 13.5264049, 99.7681005 13.5263547, 99.7712159 13.5263111, 99.7740161 13.5252771, 99.7757106 13.5221874, 99.7775278 13.5189113, 99.7793691 13.5156468, 99.7811099 13.5125271, 99.78155561041083 13.511749514227937, 99.79024539850045 13.50424597340916)"
way/324258748-230,way/238578822-230,230.0,1027.7989492113718,132802.73,Al/St 240/40 2-bundle 220.0,"LINESTRING (100.45215624900318 6.7157079582440256, 100.45579833233197 6.719706528288028, 100.4579438 6.72128, 100.4606957 6.7231446, 100.4637097 6.7242884, 100.4673575 6.7256256, 100.4702178 6.7267117, 100.4732065 6.7278365, 100.4753221 6.7349446, 100.4763768 6.7384081, 100.4774698 6.7421352, 100.478463 6.7454619, 100.4795009 6.7489388, 100.4805765 6.7526499, 100.4817433 6.7563749, 100.4828343 6.7600873, 100.4839547 6.7638249, 100.4850639 6.7674732, 100.4860321 6.7706582, 100.4869903 6.7738883, 100.4879217 6.7771471, 100.4888209 6.7799677, 100.4882905 6.7839982, 100.490032 6.7864885, 100.4931031 6.7863267, 100.4959425 6.7880828, 100.4990221 6.7899595, 100.5022618 6.7919364, 100.50517 6.7937209, 100.5074036 6.7950859, 100.5099178 6.7966155, 100.5121322 6.7979627, 100.5145624 6.7994877, 100.5175494 6.8012699, 100.5207359 6.8032544, 100.5240255 6.8052623, 100.5276473 6.807473, 100.5301277 6.8089869, 100.5329605 6.810716, 100.5357495 6.8124183, 100.5389627 6.8143796, 100.5420869 6.8162865, 100.5450528 6.8181145, 100.5477819 6.819783, 100.5505439 6.8214535, 100.5543232 6.8220001, 100.5581661 6.8225361, 100.5618749 6.8230534, 100.5654812 6.8235555, 100.5692128 6.8240781, 100.5717082 6.8264896, 100.5732159 6.8279447, 100.5759629 6.8305959, 100.5780678 6.8326472, 100.5808023 6.8352818, 100.5835395 6.8379729, 100.5862505 6.8405468, 100.588977 6.8431919, 100.5912662 6.8454023, 100.5941295 6.8481579, 100.5967487 6.8507111, 100.5988854 6.8506332, 100.6026868 6.8504808, 100.6063037 6.8503283, 100.6101406 6.8501805, 100.6139363 6.8500274, 100.6178717 6.8498703, 100.6216932 6.8497171, 100.6249347 6.8495913, 100.6287867 6.8494338, 100.6309747 6.8493516, 100.634825 6.8491825, 100.6368708 6.8491013, 100.6396734 6.8507177, 100.6426228 6.8524188, 100.6478749 6.8554467, 100.6509437 6.8572013, 100.6538673 6.8561753, 100.6564376 6.8552946, 100.6600123 6.8540676, 100.6628346 6.8530869, 100.6651608 6.8522886, 100.6680042 6.851315, 100.6705815 6.8513672, 100.6744345 6.8514518, 100.678262 6.8515423, 100.6821324 6.8516116, 100.6859506 6.8517028, 100.6894924 6.8517674, 100.6895327 6.8494026, 100.6896037 6.8460118, 100.689701 6.8422042, 100.6897707 6.8385764, 100.6898431 6.8352914, 100.6899075 6.8318513, 100.6899675 6.8287337, 100.6900373 6.8253621, 100.6900956 6.8215251, 100.6901774 6.8181055, 100.6902384 6.8146033, 100.6902766 6.8107689, 100.6904201 6.8043716, 100.6905435 6.7977533, 100.6906448 6.7940652, 100.6906682 6.7902808, 100.6907249 6.7866599, 100.6907879 6.783554, 100.6931583 6.7809259, 100.6957071 6.7781173, 100.6982901 6.7752627, 100.7007329 6.772546, 100.7032632 6.7697121, 100.7052058 6.7675862, 100.707428 6.7651384, 100.7097557 6.7625556, 100.7120669 6.7599911, 100.7145211 6.757225, 100.7171074 6.7543516, 100.719671 6.7515489, 100.7222217 6.7487041, 100.724853 6.7458088, 100.7274266 6.7429933, 100.7300243 6.7401179, 100.7326046 6.7372318, 100.7351674 6.73438, 100.7366366 6.7327935, 100.7388218 6.7310344, 100.7408539 6.7294314, 100.7426128 6.7280134, 100.745783 6.7277216, 100.7496236 6.7273188, 100.7533285 6.7269721, 100.7556089 6.7267172, 100.758717 6.726409, 100.7603559 6.7248841, 100.7626777 6.7238566, 100.7654671 6.722603, 100.7667336 6.7213617, 100.7692457 6.7203629, 100.7711867 6.7193477, 100.7737693 6.7185051, 100.7759876 6.7183859, 100.7790584 6.7181927, 100.7824852 6.7189613, 100.7851588 6.7195573, 100.7881096 6.7201779, 100.7910729 6.7207986, 100.7934899 6.7213329, 100.7958447 6.7216494, 100.7972809 6.7214644, 100.798688 6.7202971, 100.8024583 6.7196025, 100.806241 6.7189038, 100.8092332 6.7183448, 100.812867 6.7181516, 100.8152301 6.718016, 100.8180011 6.7178949, 100.8212319 6.7178135, 100.8240881 6.7176914, 100.8280694 6.716812, 100.8305861 6.7162482, 100.834252 6.7153828, 100.8372153 6.7147292, 100.8393248 6.7147193, 100.8430853 6.7147106, 100.8568117 6.7127175, 100.8642115 6.7116201, 100.8680364 6.7110795, 100.8714838 6.7105738, 100.8746473 6.7110098, 100.876608 6.7113149, 100.8786946 6.7116201, 100.8820103 6.7120677, 100.8851504 6.7125356, 100.8890191 6.7130849, 100.8922529 6.7135383, 100.8952876 6.7139627, 100.8986179 6.714448, 100.9014007 6.7148483, 100.9046736 6.7153397, 100.9084663 6.7158712, 100.9123179 6.7164266, 100.9161642 6.716982, 100.9200253 6.7175214, 100.9238769 6.7180835, 100.9277554 6.7186136, 100.9317251 6.7191903, 100.9347989 6.7196311, 100.9385887 6.7201687, 100.9422728 6.7206913, 100.94558 6.7211641, 100.9493221 6.7217012, 100.9531063 6.7222443, 100.9568064 6.7227504, 100.9607439 6.7232978, 100.9644842 6.7238412, 100.9682004 6.724378, 100.9720534 6.724924, 100.9759587 6.7254621, 100.9797326 6.7260009, 100.9834857 6.7257671, 100.98723 6.7255294, 100.9909268 6.725293, 100.994653 6.7250612, 100.9984168 6.7248295, 101.0022599 6.7245662, 101.006127 6.724324, 101.0098284 6.7240922, 101.0174274 6.7236163, 101.0212548 6.7233783, 101.0251314 6.7231373, 101.0290193 6.722911, 101.0326346 6.7226748, 101.0355005 6.7224875, 101.0389798 6.7222602, 101.0423909 6.7220373, 101.0454007 6.7218407, 101.0495554 6.7215692, 101.0704239 6.7202029, 101.074232 6.719958, 101.0780503 6.7197124, 101.0818823 6.719466, 101.0857655 6.7192163, 101.0895924 6.7189702, 101.0934545 6.7187218, 101.0970383 6.7185263, 101.1008487 6.7182831, 101.1043539 6.7180594, 101.1077208 6.7178517, 101.1107852 6.7176551, 101.1141278 6.7174585, 101.116332 6.7157849, 101.1191621 6.7136361, 101.1222971 6.7113139, 101.125416 6.7090035, 101.1275745 6.7074046, 101.1315988 6.7043531, 101.1346922 6.7019756, 101.1376511 6.6997831, 101.1405869 6.6975848, 101.1429795 6.6958514, 101.1458806 6.6934981, 101.1488337 6.69134, 101.1503536 6.6889523, 101.1514228 6.6874829, 101.153509 6.6845326, 101.1556242 6.6813642, 101.1575833 6.678345, 101.159542 6.6754709, 101.1616897 6.6722297, 101.1636166 6.6692818, 101.1654177 6.6666443, 101.1678628 6.6641024, 101.1728911 6.6591388, 101.1781327 6.653921, 101.1805099 6.6514349, 101.1831821 6.6488189, 101.190614 6.6413508, 101.1914688 6.6378008, 101.192299 6.6341322, 101.1931747 6.6304169, 101.1940169 6.6266722, 101.1949048 6.6228515, 101.1957542 6.6191516, 101.1965559 6.615659, 101.1974128 6.6119265, 101.1982766 6.6081631, 101.1992304 6.6040083, 101.2018036 6.5927985, 101.202659 6.5890722, 101.2043873 6.5815427, 101.2052232 6.5779009, 101.2060642 6.5742373, 101.2069468 6.5703921, 101.2111502 6.5520789, 101.2119045 6.5487928, 101.2126226 6.5456643, 101.2170483 6.5263819, 101.222184 6.5235891, 101.2247537 6.5221922, 101.2281025 6.5203715, 101.2340124 6.5171459, 101.2368287 6.5155439, 101.2392424 6.5142212, 101.2440653 6.5115109, 101.253356 6.506406, 101.2560752 6.5049294, 101.261004 6.5022087, 101.2624935 6.5011849, 101.2647771 6.4999172, 101.2673335 6.4985856, 101.2688921 6.4978534, 101.2692937 6.4972697, 101.2692645 6.4939715, 101.2692489 6.4922169, 101.2692477 6.4896791, 101.2692263 6.4869662, 101.2692011 6.4837593, 101.2691865 6.4819099, 101.26917207432287 6.480075164976702, 101.26685804228764 6.476114279885922)"
TH50-230,way/550152207-230,230.0,1027.7989492113718,6208.79,Al/St 240/40 2-bundle 220.0,"LINESTRING (100.28329569999998 13.604451275317468, 100.28745802966299 13.604355957354233, 100.2876905 13.6043379, 100.2897973 13.6049844, 100.2918613 13.6056244, 100.2943088 13.6058629, 100.2973746 13.6061653, 100.3003076 13.6057378, 100.3029254 13.6069917, 100.3058557 13.6070947, 100.3083877 13.6072993, 100.3108339 13.6075248, 100.3132868 13.607822, 100.3152274 13.608028, 100.3170606 13.6082131, 100.3188054 13.6083929, 100.3208587 13.6085911, 100.3224049 13.6072511, 100.3240746 13.6058434, 100.3257416 13.6044369, 100.3279477 13.6025782, 100.3280699822276 13.602402724032322, 100.33167465288747 13.596808522681279)"
TH50-230,TH55-230,230.0,1027.7989492113718,12317.88,Al/St 240/40 2-bundle 220.0,"LINESTRING (100.21273609999996 13.555926975368614, 100.21589557316976 13.557592452650711, 100.2162927 13.5578018, 100.2204153 13.5600468, 100.2227193 13.5613479, 100.2264395 13.5633973, 100.2313171 13.5660438, 100.2334656 13.5672197, 100.2356932 13.5684374, 100.2380522 13.5697254, 100.2420326 13.5719143, 100.244531 13.5732896, 100.2467117 13.574485, 100.2511641 13.576902, 100.2560303 13.5795816, 100.2585556 13.5809953, 100.2604446 13.5820852, 100.2623302 13.5831033, 100.2650017 13.5845776, 100.2675354 13.585947, 100.2700643 13.5873138, 100.271915 13.588358, 100.2739321 13.5895051, 100.2764413 13.59081, 100.2790645 13.5922647, 100.2813108 13.5935161, 100.2813242 13.5937925, 100.2815965 13.5965977, 100.2820228 13.5982636, 100.2824521 13.5999412, 100.28257222598886 13.600421631720947, 100.28329569999998 13.604451275317468)"
TH50-230,way/408050988-230,230.0,1027.7989492113718,10295.44,Al/St 240/40 2-bundle 220.0,"LINESTRING (100.28329569999998 13.604451275317468, 100.28367139135717 13.608700475208872, 100.2837449 13.609523, 100.2840199 13.6123789, 100.2842304 13.6147094, 100.2844302 13.6171129, 100.284732 13.6201329, 100.2849479 13.6227305, 100.2852 13.6252578, 100.2854562 13.6280899, 100.2856654 13.6304281, 100.2859108 13.6330661, 100.2861442 13.6354146, 100.2863091 13.6376798, 100.2865559 13.6403333, 100.2868214 13.642713, 100.2870427 13.6454056, 100.2872935 13.6481137, 100.2874705 13.6501181, 100.2876623 13.6522984, 100.2878554 13.6542558, 100.2881478 13.6573209, 100.2882792 13.6588782, 100.2885622 13.6617386, 100.2888197 13.6645561, 100.2890182 13.6668965, 100.2892488 13.6691939, 100.289403 13.6712971, 100.2896042 13.6732453, 100.2898054 13.6756573, 100.2900334 13.6779312, 100.2902091 13.680519, 100.2905108 13.6831903, 100.2900749 13.6838809, 100.2890289 13.6854198, 100.2895957669486 13.686687504845398, 100.29200583717653 13.69035388185522)"
way/550881475-230,TH88-230,230.0,1027.7989492113718,8894.52,Al/St 240/40 2-bundle 220.0,"LINESTRING (99.00822589999999 8.076175383217082, 99.0120861398804 8.071531067532707, 99.0121921 8.0714026, 99.0140926 8.0690966, 99.0164595 8.0662242, 99.0185851 8.0636715, 99.0210229 8.0607168, 99.0233624 8.0578835, 99.0256908 8.0550578, 99.0272253 8.0532294, 99.0277709 8.051184, 99.0286779 8.0477851, 99.0295492 8.0444304, 99.0303772 8.0413272, 99.0313049 8.037883, 99.0322919 8.0341881, 99.0333179 8.0303131, 99.0342365 8.0268817, 99.0352397 8.0230704, 99.0361328 8.0197385, 99.0367323 8.0175354, 99.0366934 8.0168714, 99.0361033 8.0138116, 99.0355642 8.0108595, 99.034836 8.0072645, 99.0364172 8.004299, 99.0380225 8.0011701, 99.0394722 7.9983772, 99.03982550826302 7.997699183202879, 99.04575878393472 7.9934670132266525)"
way/550665519-230,way/1387094571-230,230.0,1027.7989492113718,47566.67,Al/St 240/40 2-bundle 220.0,"LINESTRING (103.10999762111953 15.022250911274323, 103.11517117501647 15.022371096792591, 103.1173266 15.0220146, 103.1198564 15.0215801, 103.1222033 15.0211772, 103.125017 15.020685, 103.1273264 15.0202809, 103.1295392 15.0198962, 103.1317238 15.0195128, 103.1342009 15.0190892, 103.1370722 15.0185815, 103.1390356 15.0182486, 103.1415944 15.0177901, 103.1443477 15.0173121, 103.1469709 15.0168587, 103.1496732 15.0163788, 103.1515581 15.0148264, 103.1531306 15.0135479, 103.1543604 15.0124534, 103.156317 15.0108173, 103.1603484 15.0074546, 103.1646211 15.0038729, 103.1707929 14.9987341, 103.1728582 14.9970086, 103.1750818 14.9951703, 103.1772074 14.9934098, 103.179325 14.9916402, 103.1814721 14.9898383, 103.1836259 14.9880505, 103.1875594 14.9847522, 103.1894356 14.983195, 103.1913574 14.9816015, 103.1934904 14.9798279, 103.1956194 14.9780317, 103.1978095 14.9762173, 103.1996723 14.9746658, 103.2018314 14.9728605, 103.2033811 14.9715752, 103.2053384 14.969935, 103.2072133 14.96837, 103.2090063 14.9668787, 103.2140978 14.9648031, 103.2165722 14.9638088, 103.2191491 14.9627645, 103.2217482 14.9617079, 103.224358 14.9606584, 103.2269181 14.9596128, 103.2295078 14.9585633, 103.2319151 14.9575867, 103.2345316 14.9565253, 103.2370656 14.9554842, 103.2394963 14.9545105, 103.2421846 14.953849, 103.24495 14.9531759, 103.2475872 14.9525294, 103.2502193 14.9518875, 103.252961 14.9512188, 103.255485 14.9505936, 103.2582396 14.9499185, 103.2609339 14.9492642, 103.2635021 14.948641, 103.2662205 14.9479685, 103.2689162 14.947309, 103.2712939 14.9467194, 103.2738876 14.9460936, 103.2764384 14.9454613, 103.2791635 14.9447991, 103.2818478 14.9441318, 103.2845689 14.9434703, 103.2872638 14.9428102, 103.2900365 14.9421286, 103.292816 14.9414444, 103.2953989 14.9408121, 103.298163 14.9401357, 103.3009538 14.939458, 103.3036521 14.9387894, 103.3060943 14.9381817, 103.30938 14.9373731, 103.3108163 14.9370219, 103.3133362 14.9364077, 103.3157744 14.9358065, 103.3184794 14.9351612, 103.3211508 14.9344861, 103.3239323 14.9338058, 103.326642 14.9331373, 103.3292663 14.9324898, 103.3346751 14.9311555, 103.3399395 14.9298567, 103.352821 14.9266787, 103.3554697 14.9259984, 103.3574679 14.9254982, 103.3599383 14.9248969, 103.3623744 14.9242645, 103.3647897 14.9236846, 103.3671903 14.9231002, 103.3697323 14.9224717, 103.3720732 14.9218996, 103.3748145 14.9212166, 103.3774866 14.9208285, 103.3801728 14.9204365, 103.3829141 14.9200283, 103.3856593 14.9196227, 103.3885118 14.9191996, 103.3912108 14.9188069, 103.3938354 14.9184175, 103.3963962 14.9180585, 103.3985218 14.9177333, 103.4004745 14.917456, 103.4031433 14.9170711, 103.4060816 14.9166104, 103.408725 14.91623, 103.4113146 14.9158438, 103.4143844 14.9153825, 103.4174281 14.9149516, 103.4196952 14.9146224, 103.4222071 14.9142512, 103.4250724 14.9138254, 103.4277546 14.9134891, 103.430597 14.9130757, 103.4334616 14.9126559, 103.4359092 14.9122787, 103.4386081 14.91189, 103.4414573 14.9114753, 103.4443729 14.9110463, 103.4467647 14.9107016, 103.4498043 14.910261, 103.4522405 14.9098942, 103.4549931 14.9095093, 103.4576645 14.9091153, 103.4602368 14.9087421, 103.4629619 14.9083553, 103.4658319 14.907936, 103.4686482 14.9075258, 103.4715208 14.9071111, 103.4740716 14.9067379, 103.4766921 14.9063705, 103.4783893 14.9061307, 103.4818889 14.9056253, 103.4846979 14.9062085, 103.486562 14.9065746, 103.4881928 14.9069122, 103.4913692 14.9075511, 103.4945208 14.9082134, 103.4967149 14.9086614, 103.4976684 14.9088561, 103.4987748 14.9090726, 103.4982873 14.9113055, 103.5001977 14.9135254, 103.5021188 14.9157415, 103.5049995 14.9163583, 103.5082148 14.9153294, 103.5108621 14.9144792, 103.5145274 14.9132961, 103.5174483 14.9122269, 103.5188457 14.9109491, 103.5187884280595 14.91064955304881, 103.51740918249696 14.905231637168553)"
TH45-230,way/64680159-230,230.0,1027.7989492113718,3746.64,Al/St 240/40 2-bundle 220.0,"LINESTRING (100.58322671086978 13.778254454109016, 100.5864648122544 13.773205545891336, 100.5875209 13.7715251, 100.5896267 13.7681304, 100.5917357 13.7646835, 100.5936478 13.7615997, 100.5959519 13.7578105, 100.5979006 13.7547252, 100.599705 13.751834, 100.600857 13.7499946, 100.602241 13.7477449, 100.6023005686591 13.74732255161505, 100.60287725586039 13.74157903252073)"
way/876135539-500,TH84-500,500.0,4468.691083527704,143061.82,Al/St 240/40 4-bundle 380.0,"LINESTRING (98.50498590000001 8.499227182477048, 98.50122313482923 8.503914603578739, 98.5001161 8.5053311, 98.4977313 8.510271, 98.4964567 8.5129937, 98.4989541 8.5165804, 98.5011531 8.5197131, 98.5035742 8.5232954, 98.506455 8.5274079, 98.5087283 8.5296758, 98.5104417 8.5317704, 98.5140382 8.5339627, 98.5171795 8.5358446, 98.5223573 8.539066, 98.5249112 8.5406033, 98.5290682 8.5409867, 98.5331281 8.5414135, 98.5358603 8.5416671, 98.5409089 8.5420869, 98.5441726 8.5422566, 98.5483834 8.5424722, 98.5553665 8.5429857, 98.5577174 8.5431601, 98.5603879 8.5433521, 98.563108 8.5435063, 98.5676037 8.551137, 98.5691863 8.5537562, 98.5696895 8.5546094, 98.572445 8.5591938, 98.5748465 8.5633282, 98.5768627 8.5666692, 98.5790116 8.5702221, 98.5805535 8.5726971, 98.5830425 8.5769671, 98.5842271 8.5790911, 98.5899454 8.5792163, 98.5944908 8.5792389, 98.5982017 8.5792982, 98.603229 8.579275, 98.605523 8.579219, 98.613239 8.579419, 98.6144342 8.5794431, 98.6221911 8.5795798, 98.6248662 8.5795878, 98.6285576 8.5781165, 98.6341029 8.5760502, 98.6376968 8.5746352, 98.6406402 8.5735337, 98.6439088 8.5723196, 98.6462668 8.5711297, 98.6499501 8.5694654, 98.6518365 8.5668523, 98.6544872 8.5651639, 98.6568533 8.5633789, 98.6590893 8.5616261, 98.6615367 8.5612643, 98.6631629 8.5610633, 98.6691066 8.5600502, 98.6736437 8.559415, 98.6756683 8.5590934, 98.6789288 8.558611, 98.6840269 8.5578954, 98.6905723 8.5569225, 98.6934506 8.556424, 98.6979308 8.5558612, 98.7014434 8.5553707, 98.7054682 8.5547757, 98.7088425 8.5542611, 98.7130869 8.5536983, 98.7165913 8.55324, 98.7180793 8.5547918, 98.7216731 8.5569466, 98.7248117 8.5589567, 98.7277876 8.5608543, 98.730918 8.5627759, 98.7336744 8.5624623, 98.7369756 8.5620201, 98.7408621 8.5626312, 98.745126 8.563278, 98.7484316 8.5637189, 98.751355 8.5650978, 98.7544978 8.5665957, 98.7552269 8.5697804, 98.7579851 8.5725895, 98.7609666 8.575778, 98.7636327 8.5784402, 98.7663367 8.5811047, 98.768571 8.5833158, 98.7714849 8.5836786, 98.7729645 8.5857468, 98.7750821 8.5888772, 98.7768446 8.5911307, 98.7790983 8.593227, 98.781891 8.595275, 98.7837908 8.5969772, 98.7852047 8.5999613, 98.7901008 8.6019633, 98.7940455 8.6035229, 98.7979689 8.6051582, 98.7998798 8.6060082, 98.8029153 8.6074211, 98.8060995 8.6089591, 98.8100661 8.6108634, 98.813798 8.6126278, 98.8191297 8.6151932, 98.8224127 8.6167844, 98.8248055 8.6178139, 98.8290421 8.6181099, 98.8330423 8.6183894, 98.8373274 8.6186706, 98.841371 8.6189244, 98.8450716 8.6191963, 98.8479568 8.6206168, 98.8507135 8.6220548, 98.8530536 8.6223962, 98.8565033 8.6230071, 98.8581102 8.6255307, 98.8603219 8.6290403, 98.862611 8.6324299, 98.8649087 8.6358914, 98.8670435 8.6391671, 98.869238 8.6427121, 98.8715761 8.6461124, 98.8738211 8.6496591, 98.8763407 8.6506664, 98.8797414 8.6520859, 98.8832602 8.653526, 98.8869483 8.6550045, 98.8895431 8.6560755, 98.8925978 8.6567387, 98.8954844 8.6573653, 98.8990317 8.658106, 98.9026623 8.6589236, 98.9056547 8.6595823, 98.9088829 8.6602777, 98.9133459 8.6609165, 98.9179343 8.6614706, 98.9206769 8.6641127, 98.9236116 8.6668714, 98.9264425 8.6695616, 98.9288771 8.6718111, 98.9314696 8.674296, 98.9339029 8.676574, 98.9360857 8.6786311, 98.9382951 8.6806289, 98.9422773 8.6818116, 98.9458962 8.6828191, 98.9499393 8.6839761, 98.9538686 8.6851103, 98.9579107 8.686257, 98.9610013 8.6870833, 98.9616262 8.6895386, 98.9623439 8.6921102, 98.9642376 8.6934995, 98.9671397 8.6956684, 98.9697683 8.6975243, 98.9725846 8.6996083, 98.9751971 8.7014854, 98.9779866 8.7035694, 98.9795154 8.7073714, 98.9810443 8.7111998, 98.9826429 8.7150653, 98.9841932 8.718899, 98.9856201 8.7226001, 98.9872026 8.7264708, 98.9886564 8.7301453, 98.9922666 8.7307869, 98.9961076 8.7314921, 99.0003133 8.7322927, 99.0041971 8.7329979, 99.0078664 8.7336607, 99.0105915 8.7367996, 99.0132415 8.7399119, 99.0159666 8.7430455, 99.0189171 8.7465395, 99.02183 8.7494291, 99.0234876 8.7529178, 99.025641 8.7553016, 99.0283398 8.758289, 99.0311419 8.7613908, 99.0338345 8.7643713, 99.0363622 8.7671692, 99.0390392 8.7688708, 99.0420491 8.770784, 99.0452986 8.7728495, 99.0486089 8.7749535, 99.0521014 8.7771734, 99.0550211 8.7800296, 99.0579192 8.7828646, 99.060537 8.7854253, 99.0631978 8.7880282, 99.0663385 8.7911005, 99.0671423 8.793815, 99.0681747 8.7973013, 99.0692302 8.8008657, 99.0702889 8.804441, 99.0714316 8.8083, 99.0723104 8.8112676, 99.0734804 8.8152184, 99.0744838 8.8186069, 99.0754267 8.8217909, 99.0766278 8.8258467, 99.0775848 8.8290783, 99.0784769 8.8320905, 99.0795757 8.8358011, 99.0804234 8.8386634, 99.0816246 8.8427195, 99.0827269 8.8464413, 99.0838733 8.8503125, 99.0849423 8.853922, 99.0867379 8.857338, 99.0889732 8.8615904, 99.0911883 8.8658044, 99.0924901 8.8682807, 99.0959257 8.8704828, 99.0984746 8.8721165, 99.1011482 8.8738301, 99.1044626 8.8759544, 99.107506 8.877905, 99.1105677 8.8798673, 99.1136524 8.8818444, 99.117009 8.8839957, 99.1197628 8.8857607, 99.1224169 8.8886035, 99.1249596 8.8913269, 99.1275493 8.8941007, 99.1296901 8.8963936, 99.1320683 8.8989408, 99.134478 8.9015217, 99.1372012 8.9044383, 99.1396004 8.9070079, 99.1421485 8.9096949, 99.145512 8.9112371, 99.1484249 8.9125567, 99.1520941 8.9142102, 99.1548836 8.91633, 99.1570294 8.9180471, 99.1593897 8.9197959, 99.1607523 8.9227425, 99.1624045 8.9262825, 99.1638529 8.929441, 99.1655052 8.9329492, 99.1671038 8.9364997, 99.1687131 8.9399124, 99.1702902 8.943394, 99.1719961 8.9469922, 99.173423 8.9500286, 99.1751826 8.9539446, 99.176572 8.9569597, 99.1779882 8.9600437, 99.1794687 8.9632337, 99.181298 8.9662064, 99.1831239 8.9692258, 99.1849659 8.9723293, 99.1871589 8.9759171, 99.188969 8.9789417, 99.1910064 8.9822971, 99.1929721 8.9854949, 99.1950215 8.9889093, 99.1981155 8.9910674, 99.1999137 8.9923237, 99.2022182 8.9939304, 99.2020787 8.9971285, 99.2020257 9.0003273, 99.2030742 9.0021606, 99.2050514 9.0054676, 99.2068979 9.0083657, 99.208791 9.0116274, 99.2099871 9.0156346, 99.2109008 9.0193794, 99.211913 9.0229923, 99.2130037 9.0271817, 99.2139576 9.0306059, 99.2150111 9.0345044, 99.2159454 9.0379634, 99.2168023 9.0411875, 99.2176894 9.0443388, 99.2201179 9.0468215, 99.2227143 9.049831, 99.2250143 9.0525867, 99.2275725 9.0555979, 99.2300577 9.0584996, 99.2318598 9.0606061, 99.23246776197216 9.061304186828673, 99.23626405027056 9.065476093336583)"
