bus0,bus1,voltage,s_nom,length,type,geometry
way/648848845-300,NO60-300,300.0,1005.455,2841.47,Al/St 240/40 3-bundle 300.0,"LINESTRING (5.478204000000013 60.89772739712796, 5.487271642705905 60.897019217254986, 5.5053300696397365 60.8952195587208, 5.52742893813602 60.8898785822002)"
way/445514503-300,NO79-300,300.0,1005.455,7433.01,Al/St 240/40 3-bundle 300.0,"LINESTRING (5.548759499999992 59.901443996965014, 5.556364084912543 59.90377490068135, 5.5574392 59.9041045, 5.5622967 59.9055879, 5.5666928 59.907645, 5.5729812 59.9105873, 5.5761047 59.9120497, 5.5799671 59.9138555, 5.5894996 59.9139181, 5.5993339 59.9139954, 5.6059121 59.9140424, 5.6130816 59.9140969, 5.6251127 59.914185, 5.6280845 59.9142051, 5.6350999 59.9142549, 5.6415895 59.9142999, 5.6527729 59.9122474, 5.6591284 59.9110788, 5.661099134070503 59.909771144534076, 5.6675139950622615 59.90655291992831)"
NO82-300,NO83-300,300.0,1005.455,1855.55,Al/St 240/40 3-bundle 300.0,"LINESTRING (6.1192238 59.78724229694518, 6.127181966621507 59.78524094206953, 6.140414911235529 59.7814156935966, 6.147843000000002 59.778948596943685)"
relation/11512349-300,NO80-300,300.0,1005.455,1871.05,Al/St 240/40 3-bundle 300.0,"LINESTRING (5.9576985506085105 59.83931299705047, 5.964905851040964 59.84193009672933, 5.975963658279627 59.84585788815125, 5.9868091778913435 59.84627020441584)"
NO97-420,NO98-420,420.0,1876.85,2272.12,Al/St 240/40 4-bundle 380.0,"LINESTRING (6.0864204000000015 58.87127399677581, 6.0925309006629 58.874441716741195, 6.107161109436004 58.88297837731653, 6.112912599999998 58.88633029677879)"
NO59-300,NO56-300,300.0,1005.455,4790.19,Al/St 240/40 3-bundle 300.0,"LINESTRING (7.049800200000007 61.14694249716598, 7.051193679240898 61.14249236944484, 7.0642337345772 61.108941983325124, 7.065871500000009 61.10451489715958)"
way/100648754-300,way/206628449-300,300.0,1005.455,11008.65,Al/St 240/40 3-bundle 300.0,"LINESTRING (9.595714892524091 59.040960572815614, 9.602390457580162 59.045825209758, 9.6041094 59.0465646, 9.6060339 59.047673, 9.6131042 59.051761, 9.6151346 59.0529348, 9.6202925 59.055925, 9.6239215 59.0586406, 9.6281353 59.0612207, 9.6356481 59.0652433, 9.6506524 59.0730559, 9.6515107 59.0735018, 9.6570468 59.0737534, 9.662957 59.0739678, 9.6678494 59.0741428, 9.6699522 59.074076, 9.6797182 59.0757322, 9.6796873 59.0764406, 9.6795499 59.0788158, 9.6794607 59.0809228, 9.6793789 59.0826462, 9.6792233 59.085454, 9.6790704 59.0885509, 9.6788988 59.0921911, 9.6788196 59.0938485, 9.6787459 59.0953136, 9.678597 59.0982705, 9.6784455 59.1012782, 9.678371 59.1027936, 9.6782564 59.105041, 9.6781316 59.1073037, 9.678078 59.1088033, 9.6780002 59.1099649, 9.677958333770231 59.11089837471046, 9.672889631494694 59.115598344341784)"
NO28-300,NO27-300,300.0,1005.455,1969.89,Al/St 240/40 3-bundle 300.0,"LINESTRING (8.60269020120513 62.84224651114559, 8.612066833019616 62.84438221952441, 8.62943396127407 62.847133971289956, 8.63849354032925 62.84866975706129)"
NO27-420,NO28-420,420.0,1876.85,1991.53,Al/St 240/40 4-bundle 380.0,"LINESTRING (8.603095707016992 62.84244148355891, 8.612861771424056 62.84352715290583, 8.630745720921817 62.84610550601075, 8.638899362720311 62.84886463528845)"
NO27-420,NO28-420,420.0,1876.85,1976.36,Al/St 240/40 4-bundle 380.0,"LINESTRING (8.603095707016992 62.84244148355891, 8.61274619974039 62.84368118166881, 8.630134553874715 62.84651069297412, 8.638899362720311 62.84886463528845)"
way/548201553-420,NO42-420,420.0,1876.85,16277.14,Al/St 240/40 4-bundle 380.0,"LINESTRING (5.5488392060253195 61.828839776086156, 5.559276682264167 61.831661566907975, 5.5620217 61.8325064, 5.5684751 61.8344866, 5.5751002 61.8365376, 5.5805826 61.8382238, 5.5866122 61.8381276, 5.591526 61.8380364, 5.6006992 61.8378947, 5.607748 61.8377833, 5.6127798 61.8377022, 5.6211698 61.8375655, 5.6316304 61.8373934, 5.6380677 61.837287, 5.6420588 61.8372262, 5.648008 61.833175, 5.6507438 61.8313289, 5.6523049 61.8302577, 5.6558025 61.8278898, 5.6591552 61.8256103, 5.6756884 61.8193079, 5.6807309 61.8186898, 5.688386 61.8186062, 5.6921732 61.8194371, 5.6987929 61.8208963, 5.7058954 61.82347, 5.7125044 61.825861, 5.7168817 61.8274617, 5.7219458 61.8292903, 5.7312906 61.829655, 5.740571 61.8300247, 5.7485103 61.8303387, 5.7545185 61.8305515, 5.7602155 61.8307844, 5.774045 61.8313416, 5.7870698 61.8330433, 5.7983351 61.8345069, 5.8068055 61.8356242, 5.8124113 61.8363654, 5.815253543638055 61.836734072973755, 5.824357900000004 61.83792759726604)"
NO97-420,NO98-420,420.0,1876.85,2272.19,Al/St 240/40 4-bundle 380.0,"LINESTRING (6.0864204000000015 58.87127399677581, 6.0921557847874706 58.87463192767087, 6.106782977183251 58.88317129338218, 6.112912599999998 58.88633029677879)"
NO97-420,NO98-420,420.0,1876.85,2275.58,Al/St 240/40 4-bundle 380.0,"LINESTRING (6.0864204000000015 58.87127399677581, 6.092882900425488 58.874250210118184, 6.107558377796318 58.8828112928667, 6.112912599999998 58.88633029677879)"
NO94-420,NO95-420,420.0,1876.85,2652.22,Al/St 240/40 4-bundle 380.0,"LINESTRING (6.287580700000001 58.99528349679987, 6.290408135599652 58.99952983507782, 6.298362554740139 59.01379801711167, 6.30128150000001 59.018028296804154)"
NO94-420,NO95-420,420.0,1876.85,2658.83,Al/St 240/40 4-bundle 380.0,"LINESTRING (6.287580700000001 58.99528349679987, 6.291379792942808 58.999318350747714, 6.299353390448781 59.013649505122544, 6.30128150000001 59.018028296804154)"
NO94-420,NO95-420,420.0,1876.85,2653.54,Al/St 240/40 4-bundle 380.0,"LINESTRING (6.287580700000001 58.99528349679987, 6.2908705276342225 58.99943460207992, 6.298855252257909 59.0137194436848, 6.30128150000001 59.018028296804154)"
NO31-420,NO32-420,420.0,1876.85,3105.52,Al/St 240/40 4-bundle 380.0,"LINESTRING (6.734604400000001 62.44613689734849, 6.742765065387238 62.448518456186214, 6.774054789351009 62.460582432312385, 6.781450499999999 62.46345639735074)"
way/749676336-300,relation/9032385-300,300.0,1005.455,6528.63,Al/St 240/40 3-bundle 300.0,"LINESTRING (10.558026444673699 59.9267164711536, 10.567682988241888 59.92731246438209, 10.569482 59.9276805, 10.5734181 59.9284688, 10.5787101 59.9295365, 10.5824438 59.9302865, 10.5853231 59.930864, 10.5905105 59.9319059, 10.5951762 59.9328358, 10.5987664 59.9330676, 10.6031303 59.9333572, 10.6067929 59.9336058, 10.6120889 59.933968, 10.6153236 59.9341971, 10.6189392 59.934447, 10.6221136 59.9348737, 10.6250788 59.9352721, 10.6271937 59.9355546, 10.6303644 59.9359946, 10.6311849 59.9361085, 10.6365614 59.936859, 10.6387172 59.9379577, 10.6406383 59.9389436, 10.6433809 59.9390195, 10.6454636 59.9390756, 10.6471346 59.9391186, 10.6490296 59.9384223, 10.6520042 59.937336, 10.6539451 59.9366306, 10.658406409744407 59.936264451385306, 10.667719434832179 59.93493704090485)"
way/118231876-300,relation/8847096-300,300.0,1005.455,49424.3,Al/St 240/40 3-bundle 300.0,"LINESTRING (5.334456378313149 59.3789266634663, 5.34040081263581 59.38391930252351, 5.3439662 59.3873626, 5.3446019 59.3900853, 5.345424 59.3935992, 5.3462568 59.3971551, 5.3477789 59.4015939, 5.3484857 59.4036766, 5.3497691 59.4074478, 5.3508353 59.4105484, 5.3539373 59.4150032, 5.3562641 59.418361, 5.3595217 59.4216619, 5.3621019 59.4242727, 5.3644851 59.4266971, 5.366026 59.4282653, 5.3658114 59.4316116, 5.3655486 59.4355876, 5.3652066 59.440901, 5.3649183 59.4454514, 5.3647533 59.4482063, 5.3673175 59.4499112, 5.3708138 59.4522397, 5.3739882 59.4543663, 5.3792104 59.4578218, 5.3842677 59.4612176, 5.3883219 59.4639262, 5.3921655 59.4666714, 5.3965402 59.4697884, 5.4014513 59.4732981, 5.4043239 59.4753505, 5.4086249 59.4784217, 5.4119065 59.4807592, 5.4119924 59.4841833, 5.4120728 59.4875302, 5.4121694 59.4914894, 5.4122324 59.4940486, 5.4123102 59.4974571, 5.4123786 59.5001186, 5.4124443 59.5027921, 5.4125288 59.5060578, 5.4139893 59.5099132, 5.4154176 59.5136821, 5.4170155 59.5179179, 5.4188045 59.5226297, 5.4200377 59.5258928, 5.42171 59.5303141, 5.423031 59.5337924, 5.4247355 59.5382847, 5.4276136 59.5410035, 5.4306619 59.543877, 5.4327111 59.545817, 5.4352766 59.5477413, 5.4381533 59.5498871, 5.4444967 59.5546103, 5.4481217 59.5573095, 5.4535398 59.5613597, 5.4562314 59.5633715, 5.4597156 59.5659754, 5.4644269 59.5695091, 5.4682839 59.5718369, 5.473258 59.5748253, 5.4776488 59.577463, 5.4849753 59.585599, 5.4883133 59.5892895, 5.491493 59.5928003, 5.4932821 59.5971715, 5.4940492 59.5990229, 5.4951315 59.6016309, 5.496602 59.6052019, 5.4975294 59.6074889, 5.4986867 59.6103588, 5.5001787 59.6140391, 5.5013327 59.6168901, 5.5044495 59.6245324, 5.5069439 59.6306494, 5.50799 59.6331946, 5.5103879 59.6390484, 5.5120374 59.6430766, 5.5129239 59.6452468, 5.5143683 59.6487817, 5.5132605 59.6506601, 5.5103691 59.6555833, 5.5085345 59.6587004, 5.5055143 59.6638169, 5.503099 59.6679065, 5.5029622 59.6737089, 5.5028737 59.6773853, 5.5028079 59.6801744, 5.5026859 59.6849894, 5.5026215 59.6877353, 5.5025397 59.6913587, 5.5006045 59.6940749, 5.4993479 59.6958446, 5.4965088 59.6998393, 5.4953876 59.701406, 5.4925123 59.7046237, 5.4880786 59.7095725, 5.4861099 59.7117698, 5.4858181 59.7120859, 5.4615405 59.748165, 5.460543 59.749047, 5.456973 59.7499348, 5.4524173 59.7510624, 5.4480748 59.753337, 5.4464212 59.7555757, 5.4442097 59.7585437, 5.4415235 59.7621699, 5.4398605 59.7644094, 5.4374653 59.7676325, 5.4353544 59.7704624, 5.4300758 59.7738734, 5.425909 59.7765549, 5.4203367 59.779677, 5.4168673 59.7816095, 5.4163846154898065 59.782449464537805, 5.413107695518586 59.787236458639406)"
way/118231876-300,relation/13989591-300,300.0,1005.455,8426.62,Al/St 240/40 3-bundle 300.0,"LINESTRING (5.316238069958961 59.31761072325926, 5.32628054079448 59.31856637634402, 5.3383939 59.318165, 5.3418016 59.3180076, 5.3400998 59.3180869, 5.3381807 59.3224691, 5.3366196 59.3260352, 5.3343585 59.3311619, 5.3335404 59.3330212, 5.3349017 59.3351689, 5.3362374 59.3372509, 5.3376482 59.3394648, 5.3376831 59.3427521, 5.3377113 59.346368, 5.3377435 59.3496786, 5.337773 59.3539282, 5.3377877 59.3566126, 5.3378253 59.3609405, 5.3378454 59.3627756, 5.3378883 59.3675661, 5.3362763 59.3721202, 5.335784485603161 59.373513251233256, 5.334456378313149 59.3789266634663)"
NO2-420,NO1-420,420.0,1876.85,1912.89,Al/St 240/40 4-bundle 380.0,"LINESTRING (17.73434005390037 68.42580734830972, 17.738803913682133 68.4302228008591, 17.74427663142798 68.43791650745798, 17.7429803048289 68.44255425036224)"
NO2-420,NO1-420,420.0,1876.85,1883.34,Al/St 240/40 4-bundle 380.0,"LINESTRING (17.73434005390037 68.42580734830972, 17.73582247632487 68.43053168607258, 17.739843935648036 68.43815933026444, 17.7429803048289 68.44255425036224)"
relation/3993780-300,NO59-300,300.0,1005.455,35729.47,Al/St 240/40 3-bundle 300.0,"LINESTRING (7.065871500000009 61.10451489715958, 7.067899860518892 61.10012421252507, 7.0689277 61.0979007, 7.070005 61.0955647, 7.0720739 61.0910944, 7.0738421 61.0872598, 7.075489 61.0836804, 7.0770997 61.0801986, 7.0784938 61.0771753, 7.0801319 61.0736257, 7.0816286 61.0703769, 7.0827109 61.0680252, 7.0841908 61.0648122, 7.0853971 61.0621894, 7.0869943 61.0587085, 7.0881142 61.0562793, 7.0893896 61.0535065, 7.0911759 61.0510464, 7.0921884 61.049654, 7.093659 61.047622, 7.0956344 61.0449056, 7.0974647 61.0423823, 7.1008855 61.0406728, 7.1050993 61.038563, 7.1097422 61.0362453, 7.1160159 61.0331044, 7.1197964 61.0312124, 7.1243864 61.0289113, 7.1282494 61.0269816, 7.1311039 61.0255527, 7.1347511 61.0237268, 7.1388951 61.0216529, 7.1427058 61.019743, 7.1462229 61.0190422, 7.1525797 61.017779, 7.1583492 61.0166314, 7.1637243 61.0155623, 7.16942 61.0144264, 7.176043 61.0131107, 7.1818909 61.0119424, 7.1888418 61.0105561, 7.1945999 61.0094085, 7.2007582 61.0081709, 7.2075261 61.0075622, 7.2137468 61.0069944, 7.2194043 61.0064792, 7.2240123 61.0060599, 7.2284889 61.0056459, 7.2323459 61.0043548, 7.2383092 61.0023534, 7.2428575 61.0008275, 7.2485518 60.9989157, 7.2545949 60.9968863, 7.2587 60.9954987, 7.2647752 60.9942248, 7.2708256 60.9929498, 7.2769618 60.9916563, 7.2792336 60.9911793, 7.2877309 60.9885881, 7.2931208 60.9869256, 7.2978334 60.9856826, 7.3022859 60.9845111, 7.3090558 60.9827332, 7.3146375 60.9812643, 7.321408 60.9794853, 7.3262984 60.9781993, 7.3305175 60.9770887, 7.3353448 60.9758199, 7.3372833 60.9738678, 7.341257 60.9698741, 7.3448512 60.96626, 7.3473765 60.9637137, 7.3482482 60.9604296, 7.3491776 60.9568842, 7.3500486 60.9535313, 7.3504275 60.9506906, 7.3507628 60.9479894, 7.3503739 60.9445708, 7.3499702 60.9411395, 7.3495585 60.9377059, 7.3458932 60.9350094, 7.3424801 60.9324935, 7.3389973 60.9299253, 7.3353508 60.9272359, 7.3316239 60.9244929, 7.3286802 60.9223187, 7.3252617 60.9197976, 7.3224658 60.9177371, 7.3188043 60.915035, 7.315249 60.9124099, 7.3119653 60.9099904, 7.308058 60.9071093, 7.3065171 60.9045308, 7.3045725 60.9013085, 7.3029893 60.8986771, 7.3007128 60.8949026, 7.2983571 60.8909897, 7.2987065 60.8890604, 7.2992121 60.8862978, 7.3003775 60.8798654, 7.3005237 60.8782827, 7.3000791 60.8722185, 7.301199324213568 60.86796070052776, 7.301546250295709 60.862811152822616)"
way/546262597-300,NO58-300,300.0,1005.455,23285.71,Al/St 240/40 3-bundle 300.0,"LINESTRING (6.568989198760499 61.02070844338942, 6.568386624150746 61.025627603970975, 6.5688573 61.026853, 6.5741748 61.0308457, 6.5772077 61.0331226, 6.5819934 61.0367258, 6.587103 61.0405702, 6.5903833 61.0430448, 6.5956251 61.0469835, 6.5991092 61.0496114, 6.6028637 61.052431, 6.6058731 61.054695, 6.6093224 61.0586384, 6.6117525 61.0614211, 6.614719 61.0648317, 6.6142865 61.0673972, 6.6142631 61.067536, 6.6142409 61.0676665, 6.6138124 61.070183, 6.613512 61.071976, 6.6127288 61.0766023, 6.6121709 61.0799178, 6.6117257 61.0824911, 6.6112482 61.0853366, 6.6104704 61.0899453, 6.6131043 61.0916633, 6.6184312 61.0951445, 6.6221702 61.0975844, 6.6261613 61.1001874, 6.6293183 61.10226, 6.6316116 61.1029379, 6.6365468 61.1043947, 6.6432685 61.1063881, 6.6473615 61.1075907, 6.6511917 61.108726, 6.6565186 61.1103004, 6.6628942 61.1121781, 6.6685939 61.1138573, 6.6738027 61.1153966, 6.6790599 61.1161973, 6.6851646 61.1171301, 6.6905075 61.1179411, 6.6949546 61.1186225, 6.6997719 61.1193558, 6.7033178 61.1198973, 6.7071211 61.1204828, 6.7130917 61.121799, 6.7209721 61.1235503, 6.7271358 61.1249103, 6.7316902 61.1259206, 6.7371592 61.127129, 6.7404771 61.1278659, 6.7468876 61.1282311, 6.7527294 61.1285678, 6.7599124 61.1289693, 6.7675352 61.1294045, 6.7734951 61.129736, 6.776998 61.129938, 6.7841059 61.129104, 6.7885047 61.128586, 6.793912 61.127954, 6.7975411 61.1275292, 6.8020713 61.1269969, 6.806277 61.1269878, 6.8106115 61.1269722, 6.8151176 61.1269567, 6.8188673 61.1269463, 6.8237811 61.1279073, 6.8285394 61.1288372, 6.8328148 61.1296712, 6.8370366 61.1304923, 6.8429696 61.1316604, 6.847945482771928 61.13262984708348, 6.856514800000004 61.13429939716405)"
NO58-300,NO57-300,300.0,1005.455,5011.53,Al/St 240/40 3-bundle 300.0,"LINESTRING (6.856514800000004 61.13429939716405, 6.865460316580169 61.13542493718933, 6.939025241896554 61.140162576370784, 6.948259800000007 61.139891397164845)"
relation/13989591-300,relation/8864887-300,300.0,1005.455,22624.96,Al/St 240/40 3-bundle 300.0,"LINESTRING (5.316238069958961 59.31761072325926, 5.325776589004036 59.316243033794905, 5.334939 59.3154859, 5.342377 59.315175, 5.3465706 59.3159484, 5.3505027 59.3161324, 5.356421 59.3164062, 5.3619598 59.3166717, 5.3669702 59.3183408, 5.3719765 59.3200112, 5.3791863 59.3224082, 5.389264 59.3257577, 5.3952205 59.3277401, 5.3997454 59.3298676, 5.4064254 59.3330075, 5.4110704 59.3351895, 5.4154631 59.337253, 5.4197413 59.3392603, 5.4286757 59.3434557, 5.4355609 59.346688, 5.4411842 59.3493258, 5.4461879 59.3516722, 5.4499885 59.3534558, 5.4560637 59.3563063, 5.4601139 59.3582066, 5.4643048 59.360171, 5.471117 59.3618598, 5.4783609 59.3636504, 5.4830548 59.3650623, 5.4907528 59.3676508, 5.4931037 59.3673365, 5.4940318 59.3660207, 5.4960917 59.36312, 5.4975066 59.3610943, 5.4996215 59.3581519, 5.5009237 59.356361, 5.5007561 59.3543752, 5.5004194 59.35062, 5.5001472 59.3476446, 5.504019 59.3441731, 5.5066167 59.341831, 5.5104294 59.3383739, 5.5134261 59.3356696, 5.5144098 59.331809, 5.5098789 59.3278044, 5.5068165 59.3250995, 5.5038942 59.3225112, 5.5012697 59.3201857, 5.4991642 59.317315, 5.4970734 59.3144537, 5.4989979 59.3097864, 5.4997945 59.3078485, 5.5014843 59.3037497, 5.5026792 59.3008512, 5.5041289 59.2973308, 5.5054828 59.2940476, 5.5068567 59.2907131, 5.5065094 59.2882433, 5.5060273 59.2847541, 5.505802339529817 59.283081177598405, 5.505430665996321 59.27827213375187)"
way/295444099-300,way/120279477-300,300.0,1005.455,48306.69,Al/St 240/40 3-bundle 300.0,"LINESTRING (11.133257233221997 60.00540320377441, 11.139388495543137 60.011028062293335, 11.1395256 60.0122316, 11.1397777 60.0146955, 11.1400107 60.0168105, 11.1421725 60.01886, 11.144962 60.0214547, 11.1473653 60.0236915, 11.150018 60.0261814, 11.1539125 60.0269908, 11.1587405 60.0279985, 11.1652636 60.0293625, 11.171658 60.0295367, 11.1777681 60.0295153, 11.1817324 60.0295448, 11.1859971 60.0303165, 11.1919945 60.0313965, 11.1957067 60.0340599, 11.1996764 60.0369188, 11.2032545 60.0394854, 11.2059045 60.0413847, 11.2093538 60.0446367, 11.2125993 60.0476955, 11.2154746 60.0504112, 11.2187093 60.0534601, 11.2226281 60.0571594, 11.2258977 60.0602626, 11.2280488 60.0622892, 11.2307391 60.0648458, 11.2328888 60.0689084, 11.2346952 60.072308, 11.2364119 60.0755786, 11.2376726 60.0779522, 11.2391263 60.0807203, 11.2403762 60.0830895, 11.2424469 60.0870115, 11.2438524 60.0896679, 11.2454188 60.0926583, 11.2470549 60.0957688, 11.2485141 60.0985394, 11.2498605 60.1011039, 11.2515449 60.1042992, 11.2526232 60.1063579, 11.2541413 60.1092693, 11.2549299 60.1122633, 11.2555039 60.1144258, 11.2562978 60.1174541, 11.2572473 60.1210353, 11.2575477 60.1238839, 11.2578213 60.1264411, 11.258111 60.1291476, 11.2584597 60.1322988, 11.2602514 60.134675, 11.2616726 60.1364928, 11.2619144 60.1367879, 11.2640655 60.139539, 11.2667638 60.1429763, 11.2677455 60.1451768, 11.2688345 60.1476188, 11.2699181 60.150078, 11.2713611 60.1533766, 11.2728095 60.1566496, 11.2744886 60.1604614, 11.2755454 60.1628609, 11.2768918 60.1659221, 11.2784207 60.1692913, 11.279971 60.1728335, 11.2815535 60.176422, 11.2847882 60.179866, 11.2877601 60.1830403, 11.2900132 60.1854489, 11.2921804 60.1877586, 11.294058 60.1897747, 11.2969118 60.1928094, 11.2978828 60.1956278, 11.2991059 60.1990939, 11.3014072 60.202173, 11.3038319 60.2053958, 11.3056746 60.2078387, 11.3076407 60.2104653, 11.3094485 60.2128558, 11.3113314 60.2153554, 11.3137937 60.2186462, 11.3147753 60.2214571, 11.3162076 60.225629, 11.3177794 60.2282741, 11.3197643 60.2315929, 11.3214594 60.2344533, 11.323176 60.2373001, 11.3245386 60.2396008, 11.3273013 60.2442284, 11.3285029 60.2462517, 11.3305628 60.2502155, 11.3322473 60.2534921, 11.334216 60.2572635, 11.3355195 60.2597889, 11.3374561 60.2635116, 11.3379818 60.2672791, 11.3382822 60.2695006, 11.3386846 60.2725013, 11.3391137 60.2758688, 11.3396341 60.2797811, 11.3400793 60.2831559, 11.3382715 60.2872854, 11.3370323 60.2900957, 11.3357717 60.2929669, 11.3341463 60.2966672, 11.3329017 60.2995219, 11.3313353 60.3031125, 11.3304073 60.3070429, 11.3296133 60.3103975, 11.327666 60.3133818, 11.3258582 60.3161667, 11.3233155 60.3200689, 11.3212234 60.3232615, 11.3186485 60.3272213, 11.3167548 60.3301078, 11.3148451 60.333026, 11.3133109 60.3353969, 11.3131231 60.3392544, 11.3130265 60.3416249, 11.311444 60.3439501, 11.3095987 60.3466706, 11.3080484 60.3489531, 11.305975 60.3519969, 11.3044059 60.3543028, 11.3027859 60.3566802, 11.3010639 60.3592166, 11.2996101 60.3613602, 11.2958443 60.3632887, 11.2938219 60.3643233, 11.2913275 60.3655965, 11.28901 60.3666548, 11.2851477 60.3684027, 11.2822616 60.3697368, 11.2783295 60.37158, 11.2741479 60.3735226, 11.269784 60.3755525, 11.2654656 60.3775585, 11.2619948 60.3790499, 11.2560618 60.3817118, 11.2503755 60.3842675, 11.2431443 60.3871569, 11.242913715697703 60.38718505561655, 11.232323528249694 60.388173424242495)"
NO96-300,relation/17099135-300,300.0,2010.911,4745.35,Al/St 240/40 3-bundle 300.0,"LINESTRING (5.650635389844621 58.96284174844709, 5.646814933021727 58.958184356853494, 5.6463743 58.9576167, 5.644685 58.9554804, 5.6464333 58.9530899, 5.6506958 58.9496282, 5.65454 58.9477353, 5.6575113 58.9461493, 5.6603822 58.9436553, 5.6629436 58.9414552, 5.675680176326465 58.93022973913683, 5.680166271739917 58.9262588766886)"
NO23-420,NO24-420,420.0,1876.85,48186.97,Al/St 240/40 4-bundle 380.0,"LINESTRING (13.579501199999985 66.68888459781653, 13.580033821760425 66.68437128086426, 13.5801114 66.6837139, 13.5812366 66.6824824, 13.5832375 66.680327, 13.5873091 66.6759298, 13.5918984 66.6739693, 13.5989231 66.6709773, 13.6015436 66.6679191, 13.6040622 66.6649732, 13.6066867 66.6619004, 13.6097324 66.6583426, 13.6115509 66.6562139, 13.6174867 66.6492685, 13.6174639 66.6480815, 13.6173123 66.63897, 13.6124065 66.6358228, 13.6098786 66.6342766, 13.6047247 66.6310298, 13.6019057 66.6292174, 13.5980701 66.6267462, 13.5931858 66.6236022, 13.5904312 66.6218009, 13.5746062 66.6108804, 13.5740697 66.5993974, 13.5759634 66.589301, 13.5770416 66.5876352, 13.5781977 66.5858202, 13.5795549 66.5836841, 13.5840529 66.5824359, 13.5912171 66.5804435, 13.5980219 66.5785447, 13.6021364 66.5774018, 13.6062616 66.5762492, 13.6139146 66.5741138, 13.6174679 66.5731217, 13.6229865 66.5715834, 13.6281458 66.5691309, 13.6299026 66.5673327, 13.6331588 66.5639971, 13.6350873 66.5620245, 13.6378017 66.5597392, 13.6406234 66.5573683, 13.6435121 66.5549406, 13.6469293 66.5520633, 13.6536723 66.5463889, 13.6567743 66.5450684, 13.6640015 66.5419956, 13.6699748 66.5394639, 13.6775373 66.5360231, 13.6822553 66.5338785, 13.6846639 66.5327821, 13.6858427 66.5307062, 13.6877511 66.5273672, 13.6897729 66.5238313, 13.6916524 66.5205529, 13.692508 66.5192705, 13.7047926 66.513362, 13.7098914 66.5106189, 13.7144083 66.5081888, 13.7196413 66.5053735, 13.7365177 66.5035893, 13.747099 66.502468, 13.7575167 66.5002703, 13.7657404 66.4984863, 13.7707052 66.4970358, 13.7777808 66.4949082, 13.7861654 66.491932, 13.7999976 66.4870251, 13.8060057 66.4855419, 13.8120997 66.4840415, 13.823837 66.4811496, 13.8295072 66.4805609, 13.8352472 66.4799679, 13.8388628 66.4795933, 13.8484544 66.4787926, 13.861624 66.477689, 13.8697725 66.4770071, 13.876403 66.4764536, 13.8863862 66.4756153, 13.9040968 66.4741347, 13.9104831 66.4713359, 13.9147907 66.4694534, 13.9193398 66.4674755, 13.9240658 66.4654471, 13.9291942 66.4632129, 13.9340383 66.4611155, 13.9404461 66.458341, 13.9456362 66.4560933, 13.9495978 66.4543897, 13.9546913 66.4522037, 13.9612064 66.4505942, 13.9705056 66.44832, 13.9801776 66.4459578, 13.9892489 66.4437433, 13.999452 66.4412498, 14.0080082 66.4379648, 14.0158457 66.4349668, 14.023852 66.4318955, 14.0288436 66.4299779, 14.034487 66.4284033, 14.0393257 66.4270583, 14.0457255 66.4256959, 14.0523773 66.4242756, 14.059115 66.4228423, 14.0701336 66.4204949, 14.0766782 66.4190957, 14.0805767 66.418263, 14.0840757 66.4165622, 14.0865138 66.4152401, 14.0930316 66.4117081, 14.0979052 66.4090665, 14.1023684 66.4066544, 14.1123408 66.4012518, 14.1175765 66.3984083, 14.1209936 66.3965654, 14.1259611 66.3938675, 14.1302821 66.3915194, 14.1341096 66.3897169, 14.1416252 66.3878283, 14.146937131311105 66.38625824691675, 14.156500699999983 66.38399899778727)"
way/350332649-300,NO73-300,300.0,1005.455,25369.56,Al/St 240/40 3-bundle 300.0,"LINESTRING (5.841260249729807 60.3975734319112, 5.843449540507736 60.3924357783153, 5.8473337 60.3863484, 5.8487485 60.3841177, 5.8535591 60.3820273, 5.8571827 60.3804472, 5.8628318 60.3784854, 5.8680457 60.3775956, 5.8721843 60.3769632, 5.8776239 60.3761399, 5.8880335 60.3745594, 5.8973139 60.3739614, 5.9036761 60.3735544, 5.9087616 60.3732242, 5.9115243 60.3730452, 5.9194529 60.3725613, 5.9284289 60.372005, 5.9316811 60.3715515, 5.9365922 60.370844, 5.9471816 60.3684346, 5.9497485 60.3674015, 5.9557914 60.3649519, 5.9624165 60.3622741, 5.9685427 60.3598016, 5.9791911 60.3563326, 5.9816426 60.3541993, 5.986433 60.3502123, 5.9903115 60.3469759, 5.992468 60.345187, 5.9951878 60.3429256, 5.9974059 60.3410761, 6.0002893 60.3386743, 6.0038781 60.3356857, 6.005234 60.3345819, 6.0099614 60.3307265, 6.0123056 60.3288226, 6.01605 60.325766, 6.0196173 60.3229321, 6.0238633 60.3195496, 6.0265589 60.3174006, 6.0305205 60.3142446, 6.0328513 60.3123822, 6.0352814 60.3104334, 6.0394227 60.3071279, 6.0437733 60.3036573, 6.0455167 60.3022621, 6.0482526 60.3000814, 6.0520801 60.297026, 6.0573989 60.2926851, 6.0601938 60.2899149, 6.0641125 60.2860091, 6.0688466 60.2822251, 6.0719982 60.2795085, 6.0735404 60.2781894, 6.076456 60.2757744, 6.0807207 60.275023, 6.084221 60.274483, 6.087783 60.2738845, 6.0947111 60.2730799, 6.0966128 60.2728471, 6.1053514 60.2718602, 6.1149296 60.2707416, 6.1194401 60.270214, 6.1291292 60.2690816, 6.135012 60.2684777, 6.1397065 60.2679958, 6.142844 60.2676769, 6.1565588 60.2662686, 6.161260569364195 60.265777961999184, 6.170076499999991 60.26485889702665)"
way/113442999-300,relation/8239198-300,300.0,1005.455,7053.89,Al/St 240/40 3-bundle 300.0,"LINESTRING (10.811297459917274 59.92182039330386, 10.833084428701964 59.9240732482582, 10.8342141 59.923905, 10.8391473 59.9231703, 10.8444339 59.9223866, 10.8504179 59.9241643, 10.8546679 59.9253492, 10.858718 59.9264688, 10.862014 59.9273961, 10.8676806 59.9275575, 10.873501 59.9276234, 10.8781493 59.9276899, 10.8852705 59.9277954, 10.890997 59.9278855, 10.8980834 59.928122, 10.9068114 59.9283854, 10.9112397 59.9285158, 10.9189859 59.9287503, 10.922871740235438 59.92886550209123, 10.933286297062818 59.92992896116603)"
way/244179408-420,relation/8182117-420,420.0,1876.85,30768.29,Al/St 240/40 4-bundle 380.0,"LINESTRING (7.249616362912333 59.3460548524069, 7.252951966418036 59.34133356838652, 7.2529882 59.3413037, 7.2571832 59.3403559, 7.2663993 59.3382837, 7.2697091 59.3375341, 7.2728339 59.3368337, 7.2806042 59.3350786, 7.2834152 59.3339131, 7.2864783 59.3326408, 7.2892356 59.3314985, 7.298221 59.3277743, 7.3010293 59.3265989, 7.3029202 59.3258108, 7.3044839 59.3242399, 7.3073325 59.321377, 7.3086682 59.3200317, 7.3102963 59.318581, 7.3115006 59.3175066, 7.3172687 59.3110821, 7.3211975 59.3088811, 7.3271191 59.3052137, 7.3324192 59.302011, 7.3355198 59.3001433, 7.3374751 59.2989519, 7.342169 59.2961129, 7.3501754 59.2912658, 7.3520502 59.289981, 7.3572349 59.2864385, 7.3642462 59.2816352, 7.3672289 59.2795882, 7.3702678 59.2778918, 7.3736393 59.2760131, 7.379154 59.2729283, 7.3843735 59.2700091, 7.3880321 59.2679655, 7.3927045 59.2653543, 7.4002629 59.2611293, 7.4088192 59.2563443, 7.4114317 59.2548799, 7.4161255 59.2523925, 7.4194407 59.2506372, 7.423448 59.248517, 7.4289733 59.2455929, 7.4379319 59.2408387, 7.4416548 59.2389099, 7.445147 59.236339, 7.447907 59.2343524, 7.453317 59.2304391, 7.456651 59.2280446, 7.4631232 59.2233662, 7.4673624 59.2202814, 7.4696249 59.2180639, 7.4731627 59.2145977, 7.476773 59.2110708, 7.4784775 59.209393, 7.4804422 59.2074721, 7.4824351 59.2055194, 7.4849161 59.2030888, 7.4844682 59.2015425, 7.4824566 59.1946586, 7.4850985 59.1900731, 7.4880154 59.186205, 7.4903476 59.1830997, 7.4924397 59.1803191, 7.4935126 59.1788899, 7.4967407 59.1745944, 7.4976486 59.1734021, 7.5028601 59.1669895, 7.5049791 59.1657825, 7.5086859 59.1636701, 7.5111294 59.1622794, 7.5111991 59.1603077, 7.5112769 59.1583675, 7.5098124 59.1566857, 7.5070524 59.1535379, 7.5019455 59.147698, 7.4982957 59.1435168, 7.4991111 59.140914, 7.5002208 59.1385744, 7.5027072 59.1351304, 7.5051963 59.1316613, 7.5059943 59.1296988, 7.506266812007554 59.129031694354104, 7.510166755533548 59.12271433245022)"
way/631983832-300,relation/8837899-300,300.0,1005.455,18996.56,Al/St 240/40 3-bundle 300.0,"LINESTRING (4.9691103102373235 60.43943356053071, 4.975437618502395 60.435963903863225, 4.9765961 60.4353511, 4.9784508 60.4336842, 4.9837938 60.4288977, 4.9845663 60.426158, 4.9879888 60.4220712, 4.9921046 60.4187638, 4.995739 60.4158487, 4.9984595 60.4136684, 4.9984078 60.4121903, 4.9982999 60.4086177, 4.9982348 60.4064004, 4.9977648 60.4043965, 4.9975173 60.4011499, 4.9995825 60.3979067, 5.0019631 60.3941542, 5.00374 60.3913767, 5.0056149 60.3884313, 5.0069144 60.3863975, 5.0088671 60.3833893, 5.0102136 60.381216, 5.012016 60.3783871, 5.0141028 60.3756122, 5.0163907 60.3725652, 5.0177217 60.3707841, 5.021739 60.3654241, 5.0226188 60.3642463, 5.0254498 60.3604714, 5.0273287 60.357969, 5.0309899 60.3565177, 5.034041 60.3553045, 5.0386544 60.3534736, 5.0439504 60.3513713, 5.0484766 60.3495741, 5.0533444 60.3476378, 5.0557575 60.3466813, 5.0618018 60.3467184, 5.0645792 60.346733, 5.0687769 60.3467549, 5.0755897 60.3467914, 5.0847186 60.3468418, 5.0880526 60.3468578, 5.092658 60.3455904, 5.0942894 60.3450823, 5.095459 60.3447179, 5.0976469 60.3440364, 5.1030233 60.3426183, 5.1096967 60.3408485, 5.1151469 60.3393991, 5.1316331 60.3430079, 5.1310189 60.3487076, 5.1306729 60.3519617, 5.1334664 60.3541502, 5.1358107 60.3559784, 5.1376748 60.3574423, 5.1374951 60.3594739, 5.1373596 60.3609191, 5.137312579024309 60.36104280050392, 5.1325271512389765 60.365700709538054)"
NO21-420,way/475820066-420,420.0,1876.85,4415.47,Al/St 240/40 4-bundle 380.0,"LINESTRING (13.833783099999927 66.74994389782232, 13.84191557745553 66.7468413784837, 13.8460028 66.7452819, 13.8492161 66.7440683, 13.853859 66.7422901, 13.8699871 66.73996, 13.883708 66.7386174, 13.8996658 66.7355055, 13.908238887586867 66.73412063551112, 13.913956495521669 66.72933238066089)"
NO18-420,NO19-420,420.0,1876.85,3090.94,Al/St 240/40 4-bundle 380.0,"LINESTRING (13.853123399999971 66.79301279782638, 13.862036206671265 66.79579275407069, 13.896905947968454 66.8086091568686, 13.905244799999975 66.81166819782824)"
NO19-420,NO18-420,420.0,1876.85,3095.29,Al/St 240/40 4-bundle 380.0,"LINESTRING (13.853123399999971 66.79301279782638, 13.86244579443767 66.79556680445, 13.897372077488413 66.80841854093737, 13.905244799999975 66.81166819782824)"
way/640796702-300,way/71356608-300,300.0,1005.455,32320.79,Al/St 240/40 3-bundle 300.0,"LINESTRING (7.019095450421817 58.76786785400218, 7.008430283565087 58.77916810857416, 7.0073099 58.7815389, 7.0062679 58.783743, 7.0074521 58.7866641, 7.0090467 58.7906011, 7.0097092 58.7930089, 7.0101692 58.7946717, 7.0073401 58.7983437, 7.0042938 58.8019403, 7.0023948 58.8041861, 6.9995758 58.8075189, 6.9947036 58.8107485, 6.9994229 58.8131875, 7.004098 58.8155917, 7.0068204 58.8166173, 7.0143306 58.8190039, 7.0197675 58.8207307, 7.0219065 58.8227094, 7.0234421 58.8241292, 7.0270886 58.8274989, 7.0290157 58.8292801, 7.0343935 58.8342484, 7.0361799 58.8361514, 7.0387977 58.8394978, 7.0400302 58.8410736, 7.0419225 58.843421, 7.0438027 58.8457516, 7.045278 58.8475805, 7.0474787 58.850309, 7.0499316 58.8531365, 7.0503728 58.8550329, 7.0513009 58.8590613, 7.0518507 58.8614449, 7.052312 58.8634366, 7.052772 58.8653844, 7.0531529 58.8676075, 7.053794 58.8713972, 7.0542258 58.8739499, 7.0497867 58.8768018, 7.0490679 58.8791863, 7.0484135 58.8813779, 7.0472816 58.8851412, 7.0467344 58.8869458, 7.0501086 58.8900586, 7.0543519 58.8939567, 7.0575169 58.8968624, 7.0621061 58.9005693, 7.0645925 58.9025747, 7.0680352 58.9058522, 7.0693602 58.9090679, 7.0696995 58.9111877, 7.0702332 58.9144824, 7.0706651 58.9171953, 7.0720818 58.9190364, 7.0734438 58.9207429, 7.0764211 58.9245518, 7.0794104 58.9283657, 7.083545 58.9290856, 7.088802 58.9300025, 7.089116 58.9300573, 7.0893675 58.930103, 7.0918894 58.9305612, 7.0976347 58.931926, 7.1029696 58.9331939, 7.1053004 58.9366471, 7.1070063 58.9413233, 7.1083488 58.9449936, 7.1097851 58.9489222, 7.1107386 58.9515279, 7.1119764 58.9549122, 7.1117042 58.9581606, 7.1114239 58.9613672, 7.1104315 58.9637279, 7.1094055 58.966179, 7.1077707 58.9700568, 7.1059817 58.9729782, 7.1046701 58.9751155, 7.1030058 58.9778319, 7.1012208 58.9807361, 7.0994854 58.9835709, 7.0979163 58.9861277, 7.0960709 58.987775, 7.0934249 58.990138, 7.0902023 58.9924373, 7.0857874 58.9955903, 7.0820256 58.9982719, 7.0790657 59.00038, 7.0792634 59.0037245, 7.0795409 59.0077423, 7.079739 59.0103469, 7.0791113 59.0137938, 7.0824574 59.0169655, 7.0847614 59.0191471, 7.0867633987926775 59.02103473055417, 7.085492907821135 59.02561429608148)"
relation/8890360-300,NO99-300,300.0,1005.455,2446.85,Al/St 240/40 3-bundle 300.0,"LINESTRING (6.689654599999997 58.64749649673163, 6.697895411727719 58.648750743856226, 6.71391492249214 58.651674014372766, 6.725059939090403 58.65803214887904)"
relation/7883882-300,NO85-300,300.0,1005.455,64455.07,Al/St 240/40 3-bundle 300.0,"LINESTRING (8.036144306932275 59.448024771517176, 8.03851901714042 59.452857636063854, 8.0385268 59.4528696, 8.0400395 59.4551638, 8.0455273 59.457282, 8.050527 59.4592161, 8.0540112 59.4605586, 8.0615991 59.4633688, 8.0693507 59.4662279, 8.0737871 59.4678794, 8.0805087 59.4703511, 8.0844516 59.4707299, 8.0948478 59.47173, 8.1017733 59.4723976, 8.1081891 59.4730161, 8.1145298 59.4736265, 8.1200391 59.4741632, 8.1291157 59.4750488, 8.1375807 59.4753948, 8.1502515 59.4759206, 8.1521237 59.4759969, 8.1617314 59.4764015, 8.1676671 59.4768538, 8.1732756 59.4772856, 8.1790799 59.4777318, 8.1826365 59.4775935, 8.1912947 59.4772516, 8.1996095 59.476926, 8.2037401 59.4767652, 8.2114971 59.4764656, 8.2181382 59.4762149, 8.2229099 59.4760337, 8.2283038 59.4770622, 8.2373133 59.4787909, 8.2480395 59.4808572, 8.2558018 59.4826824, 8.2666808 59.4828567, 8.2730323 59.4829194, 8.283965 59.4836903, 8.291325 59.4843324, 8.2949567 59.4846464, 8.2986199 59.4854959, 8.307378 59.487524, 8.3128148 59.488781, 8.3168489 59.4897124, 8.3205101 59.490573, 8.3252556 59.4917083, 8.3282818 59.491883, 8.3313972 59.4920627, 8.3395269 59.4925284, 8.3445829 59.493457, 8.3496737 59.494391, 8.3552474 59.4954122, 8.3584553 59.4959976, 8.3613199 59.4965204, 8.3663008 59.4974326, 8.3726254 59.4985966, 8.3777565 59.4995373, 8.3843788 59.5007502, 8.389298 59.5016514, 8.3960599 59.5028888, 8.4021592 59.5040063, 8.4073868 59.5038116, 8.4145349 59.5035421, 8.4186977 59.5033951, 8.4240594 59.5032059, 8.4339735 59.5028564, 8.4405094 59.5028153, 8.4441546 59.5027907, 8.4481484 59.5027417, 8.4562969 59.502641, 8.4619326 59.5020334, 8.4694129 59.5012362, 8.4754345 59.5005842, 8.4847015 59.5009667, 8.4918711 59.5013261, 8.5038418 59.5017719, 8.5107726 59.5020312, 8.5184276 59.5023157, 8.526485 59.5033856, 8.5316871 59.5040655, 8.5385783 59.5045414, 8.5433668 59.504872, 8.5501541 59.5052463, 8.5546777 59.5054926, 8.5610318 59.505837, 8.5641915 59.5060071, 8.5719618 59.5064291, 8.5758738 59.505426, 8.5796463 59.5044609, 8.5818957 59.5038866, 8.5859871 59.502837, 8.59155 59.4996517, 8.596671 59.4996932, 8.604438 59.4987913, 8.6101726 59.4981208, 8.6153331 59.4975225, 8.6197078 59.4970174, 8.6236694 59.4986987, 8.6261505 59.4997565, 8.6295435 59.5012063, 8.6390036 59.5044391, 8.6488809 59.5055791, 8.6547857 59.5062671, 8.6603245 59.5069088, 8.6667028 59.5076486, 8.6781237 59.5089633, 8.6846575 59.50972, 8.6886406 59.5110455, 8.6938038 59.5127642, 8.7011236 59.5151918, 8.7079579 59.5174587, 8.7146728 59.5196826, 8.7217149 59.5220148, 8.7265053 59.5236034, 8.7316069 59.5252929, 8.7378323 59.5273544, 8.7439866 59.5293913, 8.7492599 59.5311308, 8.7572086 59.5337563, 8.7629968 59.5356684, 8.7687126 59.5375531, 8.7739482 59.5385091, 8.7782854 59.5393032, 8.7855622 59.540637, 8.7921122 59.541839, 8.8004941 59.5433631, 8.8070333 59.5445649, 8.8131058 59.5456729, 8.8193232 59.5476115, 8.8243282 59.5491707, 8.8291213 59.5506632, 8.8349846 59.5524887, 8.8414273 59.5544975, 8.8475628 59.5564098, 8.8538808 59.558379, 8.860538 59.5604513, 8.8658541 59.5621037, 8.8708055 59.5636446, 8.8768244 59.5630739, 8.8836747 59.5623673, 8.8892484 59.5617912, 8.8962972 59.5610628, 8.9052075 59.5601578, 8.9127499 59.5593887, 8.9226633 59.5583831, 8.9269844 59.5579441, 8.93498 59.5571301, 8.9459342 59.5560238, 8.9527953 59.5553225, 8.9618531 59.554397, 8.9665791 59.5539131, 8.9753151 59.5533327, 8.9836031 59.5527891, 8.9938357 59.5521108, 9.0004286 59.5516759, 9.0051708 59.5513605, 9.0116697 59.5509296, 9.0203762 59.5503397, 9.0261215 59.5499482, 9.0358633 59.5492876, 9.0466189 59.5485209, 9.0541184 59.5479826, 9.0605235 59.5475177, 9.064402 59.5472839, 9.0696967 59.5469821, 9.077636 59.5466191, 9.0796772 59.5465444, 9.0845733 59.544993, 9.086280429348843 59.54447486460462, 9.094020200013784 59.54227654690203)"
NO27-300,way/617330634-300,300.0,1005.455,75602.27,Al/St 240/40 3-bundle 300.0,"LINESTRING (8.63849354032925 62.84866975706129, 8.643197219349585 62.85279774113983, 8.6438477 62.8533344, 8.6436385 62.854284, 8.6429277 62.8575219, 8.6429022 62.858529, 8.6428633 62.8609088, 8.6456944 62.8622222, 8.6481272 62.8632688, 8.6529659 62.8653399, 8.6627989 62.8695429, 8.6657828 62.8711324, 8.6721611 62.8745256, 8.6765492 62.8768637, 8.6793615 62.8783586, 8.6824876 62.8800246, 8.6853227 62.8815205, 8.6881457 62.882803, 8.6919062 62.8843379, 8.6951704 62.8856637, 8.6987217 62.8871062, 8.7026377 62.8886953, 8.7070969 62.8905079, 8.7120523 62.8925173, 8.7163706 62.894268, 8.7215902 62.8963846, 8.7260453 62.8981913, 8.7285398 62.899192, 8.7318282 62.900227, 8.738063 62.9021764, 8.7519085 62.9065005, 8.7566333 62.9080617, 8.7636231 62.9103727, 8.7683424 62.9119306, 8.7737605 62.9137187, 8.7760122 62.9144594, 8.7820968 62.9163492, 8.7870388 62.9177731, 8.791506 62.9190504, 8.7976938 62.920816, 8.8025822 62.9222097, 8.8050511 62.9228873, 8.8106811 62.9241137, 8.8157277 62.9249958, 8.821874 62.9259156, 8.8255982 62.9264674, 8.8410813 62.9364015, 8.8531136 62.9453112, 8.855356 62.9463323, 8.8591754 62.9480737, 8.864218 62.9503724, 8.8678578 62.9520325, 8.8725865 62.9541876, 8.8772455 62.9563145, 8.8827574 62.9588108, 8.8848799 62.9596044, 8.8879475 62.9607374, 8.8937545 62.9628663, 8.8982083 62.9644958, 8.9076269 62.9666012, 8.9115523 62.9674509, 8.9187929 62.9690021, 8.922253 62.9697481, 8.9274538 62.9708622, 8.9342451 62.9723103, 8.9387029 62.9732695, 8.9436932 62.9743493, 8.946197 62.9749794, 8.9614025 62.9788462, 8.9643851 62.979737, 8.9752427 62.9830013, 8.9787939 62.9840686, 8.9848691 62.9858942, 8.9904454 62.9878599, 8.9961103 62.9898625, 9.0055302 62.9931976, 9.0086308 62.9942919, 9.0138933 62.9961498, 9.0191075 62.9979881, 9.0228398 62.9985872, 9.0305927 62.9998397, 9.0364681 63.000784, 9.0417239 63.0016248, 9.0476596 63.0025855, 9.0523884 63.0034475, 9.0583067 63.0045652, 9.0605409 63.0049591, 9.0646353 63.005538, 9.0680806 63.0059111, 9.0747687 63.0066276, 9.0794907 63.0071322, 9.0843073 63.0076517, 9.0884292 63.0082114, 9.0933685 63.0089662, 9.0982944 63.0097659, 9.103286 63.0107611, 9.1110603 63.0122874, 9.1227427 63.0145897, 9.1300437 63.0165248, 9.1360438 63.0181579, 9.140979 63.0195647, 9.1474244 63.0214046, 9.1536686 63.0231847, 9.160578 63.0251545, 9.1651672 63.0264539, 9.1712022 63.0281777, 9.1770145 63.0298407, 9.1822314 63.0313259, 9.1891435 63.0332879, 9.1950484 63.0349724, 9.1992876 63.0361753, 9.2117009 63.0397117, 9.216215 63.0409764, 9.2204636 63.0421674, 9.2224807 63.0427322, 9.2308304 63.04508, 9.2361519 63.0465682, 9.2437506 63.0486951, 9.2475902 63.0497636, 9.2507565 63.050648, 9.2574164 63.0525296, 9.2638564 63.0543467, 9.2667747 63.0552656, 9.2771052 63.0585208, 9.2849319 63.0609901, 9.2887808 63.0622034, 9.2981873 63.0651785, 9.3028772 63.0666613, 9.3075322 63.0681307, 9.3095988 63.0687813, 9.3188457 63.0716973, 9.3212664 63.0722075, 9.3280685 63.0736402, 9.3364316 63.0753977, 9.3450871 63.077217, 9.3542442 63.0791437, 9.3605205 63.080468, 9.3674165 63.0819045, 9.3734837 63.0831649, 9.3794221 63.0844119, 9.3872514 63.0864164, 9.3931845 63.0879461, 9.3986562 63.0893544, 9.4021806 63.09026, 9.4129658 63.0930313, 9.4198456 63.0948082, 9.4253093 63.0962101, 9.4316675 63.0978436, 9.4370976 63.0992447, 9.4443262 63.1011178, 9.4590649 63.1049558, 9.462069 63.1058257, 9.4662425 63.1071724, 9.4695845 63.1082522, 9.4783097 63.1110666, 9.4856268 63.1134271, 9.4920641 63.1155061, 9.4970021 63.1170112, 9.5012131 63.1182968, 9.5086737 63.12057, 9.5124556 63.1217214, 9.5186529 63.1236124, 9.5247214 63.1254603, 9.5290162 63.1267703, 9.5337336 63.1282027, 9.5381498 63.1295417, 9.5455098 63.1317795, 9.5545971 63.1345408, 9.5582718 63.1356571, 9.5634645 63.1372303, 9.5670345 63.1397111, 9.5692232 63.1412186, 9.5764907 63.1462393, 9.5793807 63.1482401, 9.5861185 63.1528835, 9.589372 63.155128, 9.5961982 63.1598398, 9.5973837 63.1606603, 9.6035555 63.1649281, 9.6066011 63.1670343, 9.6096253 63.1691251, 9.6132383 63.1716225, 9.6164757 63.1738619, 9.6200752 63.1763493, 9.6237767 63.1789042, 9.6292484 63.1826726, 9.6348488 63.186518, 9.6410769 63.1907917, 9.6455576 63.1938666, 9.6503976 63.1971947, 9.655007 63.2003615, 9.6575671 63.2021119, 9.6604827 63.2040159, 9.6653751 63.2054173, 9.668638 63.206309, 9.6765116 63.2084502, 9.6808729 63.2096386, 9.6861139 63.2110615, 9.6911913 63.212448, 9.6987163 63.2145006, 9.7079444 63.2170291, 9.7129494 63.2184021, 9.7175628 63.2196729, 9.7199942 63.2203424, 9.7244936 63.2215817, 9.7286537 63.2227309, 9.7320735 63.2236723, 9.7380522 63.2253222, 9.7404367 63.22602, 9.7486979 63.2284606, 9.7547811 63.2302522, 9.7636485 63.2328386, 9.7696084 63.234578, 9.7754905 63.2362896, 9.7803801 63.237716, 9.7864071 63.2394684, 9.7885233 63.2400892, 9.7901487 63.240658, 9.795097401176738 63.24242470793093, 9.802905545022565 63.24618006584437)"
NO28-420,NO27-420,420.0,1876.85,1982.8,Al/St 240/40 4-bundle 380.0,"LINESTRING (8.603095707016992 62.84244148355891, 8.612808389032878 62.84360601742134, 8.630410096178078 62.8463081760288, 8.638899362720311 62.84886463528845)"
way/114414014-420,way/60495669-420,420.0,1876.85,33044.6,Al/St 240/40 4-bundle 380.0,"LINESTRING (10.738862503910772 59.51654999769921, 10.754989246002522 59.513994957493324, 10.7580829 59.5128064, 10.7614893 59.5114796, 10.765239 59.5100153, 10.7687098 59.5086639, 10.7726392 59.5071463, 10.7769442 59.5054695, 10.7798973 59.5043248, 10.7842183 59.5026465, 10.7874799 59.5013805, 10.7915997 59.4997823, 10.7948452 59.4985244, 10.7986057 59.4970596, 10.8022964 59.4956219, 10.8054399 59.4943938, 10.8110619 59.4922125, 10.8160883 59.4902544, 10.8198032 59.4888014, 10.825299 59.4866674, 10.8283326 59.4854894, 10.8316961 59.4841792, 10.8343394 59.483155, 10.8384526 59.4815519, 10.8427575 59.4798751, 10.8454719 59.4788127, 10.8489722 59.4774627, 10.8520272 59.4762694, 10.8558226 59.4748008, 10.8601275 59.4731237, 10.8649582 59.4712327, 10.8680212 59.4700432, 10.872117 59.4684463, 10.8766258 59.4666912, 10.8800215 59.4653707, 10.8848548 59.4634929, 10.8884007 59.4621764, 10.8923864 59.4607263, 10.8953771 59.4587336, 10.8979413 59.4570258, 10.9006262 59.4552306, 10.9040755 59.4529159, 10.90657 59.4512568, 10.9092602 59.4494681, 10.9126425 59.447194, 10.915727 59.4451324, 10.9183878 59.4433584, 10.9209546 59.4416456, 10.9250396 59.4388991, 10.9277004 59.4371179, 10.9301305 59.4354881, 10.9335288 59.4332252, 10.9380645 59.4301915, 10.9407949 59.4283622, 10.946095 59.4248178, 10.9487262 59.4230645, 10.9509122 59.4215895, 10.9540987 59.4194445, 10.9574702 59.4171983, 10.9589347 59.4162103, 10.9642374 59.4126578, 10.9675741 59.4104248, 10.970377 59.4085412, 10.9743896 59.4058343, 10.9765649 59.4043817, 10.9792122 59.4026151, 10.9812158 59.4012731, 10.9840617 59.399363, 10.9872964 59.3971933, 10.9910193 59.3946944, 10.9937498 59.3928577, 10.9970355 59.3906425, 10.9998947 59.388725, 11.0030356 59.3866216, 11.005286 59.3851095, 11.0079762 59.3833091, 11.0119861 59.3806084, 11.0149044 59.3786493, 11.0170931 59.3771792, 11.0212558 59.3743823, 11.0226694 59.3734381, 11.026116 59.371122, 11.0295653 59.3694206, 11.0328725 59.3677847, 11.0375609 59.3654634, 11.0411552 59.3636791, 11.0455218 59.3615194, 11.0482255 59.3601839, 11.0510015 59.3588074, 11.0543516 59.3571492, 11.0570687 59.3558012, 11.0641363 59.3518157, 11.0671431 59.3506057, 11.0693242 59.3497293, 11.0728347 59.3479939, 11.0753828 59.3467304, 11.0785371 59.3451659, 11.0814661 59.3437149, 11.085366 59.3417797, 11.0891426 59.3399168, 11.0928923 59.3380539, 11.0977149 59.3356628, 11.1006868 59.334184, 11.1045197 59.3322892, 11.1084974 59.3310046, 11.1143982 59.3290891, 11.1182016 59.3278509, 11.1225066 59.3264552, 11.1275598 59.3248296, 11.1319345 59.3233969, 11.1387527 59.3211936, 11.1433795 59.3196978, 11.147396522409784 59.31839700829939, 11.155547713004776 59.314499993066384)"
relation/10220813-420,relation/3993780-420,420.0,1876.85,55594.7,Al/St 240/40 4-bundle 380.0,"LINESTRING (7.1446578037500315 60.49908465691788, 7.135496669000569 60.51081740146967, 7.1350139 60.511845, 7.1329794 60.5161528, 7.1349496 60.5180947, 7.1375781 60.5207043, 7.1388797 60.5226126, 7.1401101 60.528078, 7.139634 60.5321567, 7.1391063 60.5363463, 7.1388817 60.5382244, 7.1382728 60.5394262, 7.1369076 60.5421192, 7.1339786 60.5444004, 7.1285056 60.5486199, 7.1208613 60.5542695, 7.1184472 60.5580826, 7.1130708 60.5633327, 7.1145011 60.5691241, 7.1148618 60.5706173, 7.1153466 60.5726036, 7.1154177 60.5767018, 7.1168192 60.5822319, 7.1203852 60.5863614, 7.1240008 60.5884742, 7.1259306 60.5894664, 7.1314748 60.5923007, 7.135366 60.5942936, 7.1405357 60.596469, 7.1427578 60.600452, 7.1482283 60.6028804, 7.1544933 60.6045466, 7.1567518 60.6051464, 7.1625408 60.607012, 7.1677161 60.6086927, 7.1772637 60.6113897, 7.185654 60.6140095, 7.189847 60.6146356, 7.1962494 60.6154749, 7.2023535 60.6163337, 7.2060683 60.6168509, 7.2095954 60.6171891, 7.2159858 60.6177698, 7.2231004 60.6179586, 7.2291042 60.6181154, 7.2337611 60.6182478, 7.2380859 60.6183656, 7.242877 60.6184873, 7.2470498 60.6185998, 7.2522023 60.6187367, 7.2561847 60.618837, 7.260725 60.6189624, 7.2653183 60.6186018, 7.2696407 60.6182619, 7.2741352 60.6179018, 7.2780371 60.6175987, 7.281543 60.6173154, 7.2847241 60.617068, 7.2888185 60.6167413, 7.2932818 60.6163856, 7.2955656 60.6164021, 7.2995715 60.616412, 7.3030346 60.6164215, 7.3072458 60.6164382, 7.3122243 60.6164542, 7.3162857 60.6176444, 7.3195237 60.6185928, 7.3245474 60.6200672, 7.3246696 60.6225129, 7.3248245 60.6243115, 7.3250438 60.6271007, 7.3250411 60.6290013, 7.3249941 60.6318352, 7.3249593 60.6340812, 7.3233251 60.6375363, 7.3207435 60.6394913, 7.3177502 60.6417663, 7.3149073 60.6434493, 7.3077311 60.6459443, 7.3038107 60.6473089, 7.2965258 60.6489918, 7.2915208 60.6499462, 7.2847161 60.651253, 7.2778523 60.6525978, 7.2723967 60.6536665, 7.266807 60.6548706, 7.262446 60.6558081, 7.258494 60.657136, 7.2545801 60.6584482, 7.250934 60.659676, 7.2458187 60.660613, 7.2408828 60.66152, 7.2361069 60.6638422, 7.2313862 60.6661399, 7.228871 60.6673601, 7.221365 60.671011, 7.2154858 60.6738711, 7.211825 60.6777722, 7.208778 60.6810223, 7.2066772 60.6832559, 7.2052985 60.6847228, 7.2036302 60.6890759, 7.2014308 60.6948293, 7.1994084 60.7001025, 7.1994084 60.7066348, 7.201758 60.7108603, 7.2033942 60.7152191, 7.2081491 60.7190354, 7.2101295 60.7256307, 7.2109788 60.728653, 7.210728 60.7308105, 7.208779 60.7337306, 7.2056335 60.7384429, 7.2030777 60.7425326, 7.2043383 60.7448567, 7.2061971 60.7467507, 7.2098181 60.7504441, 7.2118753 60.7535592, 7.2136322 60.7562075, 7.2204477 60.7590992, 7.2234839 60.7600255, 7.2292969 60.7633987, 7.2331905 60.765657, 7.2365429 60.7676034, 7.2385358 60.7695019, 7.240406 60.771286, 7.2428059 60.7735751, 7.2459799 60.776599, 7.2501645 60.7805898, 7.2522821 60.7826063, 7.2545493 60.7847626, 7.2553056 60.7857366, 7.2567004 60.7875235, 7.2588867 60.7903234, 7.2602999 60.7921232, 7.2629607 60.7955334, 7.2669702 60.8006664, 7.2682909 60.8023544, 7.2696374 60.8040774, 7.2704749 60.8064129, 7.271136 60.8082639, 7.2720507 60.8101254, 7.2731594 60.8109144, 7.2757494 60.8127599, 7.2778248 60.8142325, 7.2806847 60.8162652, 7.2837505 60.8184493, 7.2866097 60.8204789, 7.289021 60.822192, 7.2910917 60.8236604, 7.2931328 60.8251088, 7.2953537 60.8266912, 7.2974576 60.828184, 7.2999296 60.8294943, 7.3024294 60.8308133, 7.305589 60.8324853, 7.308349 60.833948, 7.3112284 60.8358035, 7.3135981 60.8373347, 7.3163065 60.8390792, 7.3165941 60.8451327, 7.3153352 60.8476594, 7.3132011 60.8506975, 7.3099771 60.8541607, 7.3069945 60.8568268, 7.305433320615513 60.85822071841556, 7.301919374829291 60.86300925163511)"
NO54-300,way/469098816-300,300.0,1005.455,3354.7,Al/St 240/40 3-bundle 300.0,"LINESTRING (7.017723198907909 61.187861297639884, 7.018757068761752 61.192443175726545, 7.0193222 61.1969782, 7.0197326 61.2002449, 7.0222056 61.2074052, 7.022793 61.2100444, 7.023086540328389 61.211852587787355, 7.021945659212094 61.21787072253332)"
NO54-300,way/469098816-300,300.0,1005.455,3348.53,Al/St 240/40 3-bundle 300.0,"LINESTRING (7.017723198907909 61.187861297639884, 7.018220202740742 61.192452962852805, 7.0188019 61.1969911, 7.0192257 61.2003496, 7.0215243 61.2070461, 7.02202 61.209868, 7.022325142101332 61.211756151276425, 7.021945659212094 61.21787072253332)"
NO34-420,NO33-420,420.0,1876.85,3432.09,Al/St 240/40 4-bundle 380.0,"LINESTRING (6.4076390999999955 62.29007759732778, 6.414202041981071 62.293347378520245, 6.4471847335894985 62.30881310262094, 6.452568800000006 62.31252759733077)"
way/1028850314-300,way/636875282-300,300.0,1005.455,1348.87,Al/St 240/40 3-bundle 300.0,"LINESTRING (4.846363256439626 60.55227948598777, 4.855867143075617 60.5510241899129, 4.8602995 60.5502192, 4.860694668746665 60.55014679214082, 4.869643699789878 60.54846387179329)"
way/287115458-300,way/290562151-300,300.0,1005.455,47007.72,Al/St 240/40 3-bundle 300.0,"LINESTRING (9.84364273959598 59.72003347872525, 9.856551451588969 59.71893520411985, 9.8581159 59.7188779, 9.8618442 59.7187416, 9.8657676 59.7186006, 9.870334 59.7184337, 9.8735678 59.7183152, 9.8786992 59.7181286, 9.8824127 59.7179952, 9.8878676 59.7177964, 9.8945497 59.7175512, 9.8988996 59.7173938, 9.9029453 59.7172486, 9.9080405 59.7170657, 9.9147782 59.7168234, 9.9188914 59.7166727, 9.9220755 59.7165571, 9.9267443 59.7163879, 9.9307025 59.7162453, 9.9350376 59.7160869, 9.939879 59.7159094, 9.9434383 59.7157799, 9.9496396 59.7155546, 9.9539465 59.7154028, 9.9586441 59.7152376, 9.9622671 59.715111, 9.9671903 59.714938, 9.9721346 59.7147647, 9.9774548 59.7145801, 9.9841883 59.7143453, 9.9900554 59.7141423, 9.9935199 59.7140207, 9.9973058 59.7138899, 10.0028513 59.7136988, 10.0062456 59.7130045, 10.0095786 59.7123248, 10.0122222 59.7117884, 10.0187729 59.7104495, 10.0211889 59.7099591, 10.02483 59.709215, 10.0281334 59.7085345, 10.032205 59.7076935, 10.0378253 59.7065338, 10.0427992 59.705506, 10.0452697 59.7049961, 10.0496367 59.7040911, 10.0530971 59.7033772, 10.0559697 59.7027831, 10.0622045 59.7014919, 10.0661091 59.700685, 10.0715272 59.6995615, 10.0797562 59.6978604, 10.0846063 59.6968555, 10.0895134 59.6958395, 10.0931391 59.6950822, 10.0973314 59.6942059, 10.1013923 59.6933562, 10.1052137 59.6925563, 10.10997 59.6915607, 10.1139919 59.6907191, 10.1186228 59.6897563, 10.1216778 59.6891208, 10.1273252 59.6879451, 10.1319869 59.6869738, 10.1368363 59.6859625, 10.1415054 59.6849925, 10.1465687 59.6839368, 10.1522382 59.6827551, 10.1570756 59.6817468, 10.16187 59.6807465, 10.1663312 59.6798169, 10.1724688 59.6785387, 10.178894 59.6771984, 10.1848894 59.6759475, 10.1909727 59.6746762, 10.1963845 59.6728289, 10.2014534 59.6711017, 10.2081784 59.6688052, 10.2111161 59.6678049, 10.2167474 59.6658834, 10.2205474 59.6645874, 10.2246961 59.6631683, 10.229404 59.6615619, 10.2353572 59.6595307, 10.2392726 59.658192, 10.243493 59.656751, 10.2482365 59.655127, 10.2529237 59.6535304, 10.259019 59.6514427, 10.2644766 59.6495755, 10.2735358 59.6464741, 10.2794574 59.645219, 10.2834056 59.6443786, 10.2871715 59.6435761, 10.2915783 59.6425927, 10.3003773 59.640625, 10.3050678 59.6395744, 10.3108225 59.6382834, 10.3179686 59.636686, 10.3219724 59.6357891, 10.3285284 59.6343222, 10.3389756 59.6319796, 10.3424806 59.6311928, 10.3479295 59.6299693, 10.3514191 59.6291855, 10.3587274 59.6275378, 10.3621754 59.6267614, 10.3674399 59.6255723, 10.3746078 59.6239535, 10.3779743 59.6231921, 10.3832602 59.6219956, 10.3876564 59.6210044, 10.3909864 59.6202516, 10.396041 59.6191125, 10.3996013 59.6183077, 10.403118 59.6175162, 10.4093608 59.6162616, 10.4141177 59.6153059, 10.4207642 59.6139675, 10.4263942 59.6130988, 10.4331929 59.611876, 10.4404362 59.610565, 10.4432495 59.610479, 10.4480758 59.610332, 10.4527509 59.6101892, 10.4573214 59.6092987, 10.4618724 59.6084028, 10.4675963 59.6072758, 10.4730184 59.6062065, 10.4783687 59.6051507, 10.4836822 59.6041023, 10.4908188 59.6026919, 10.4948442 59.6018966, 10.4986073 59.6011552, 10.5074063 59.5994176, 10.5133796 59.5982394, 10.5158177 59.5977579, 10.521225 59.5966896, 10.5271755 59.5960292, 10.5316682 59.5950674, 10.5368067 59.5939675, 10.5441794 59.592387, 10.5478071 59.5916067, 10.5520463 59.5906964, 10.5563546 59.5897701, 10.5613576 59.5886975, 10.5665798 59.5875756, 10.5756082 59.5856336, 10.5823935 59.5841776, 10.5869995 59.5831887, 10.594226 59.5816361, 10.5969116 59.5810586, 10.6035923 59.5808071, 10.608176132860214 59.58063408982119, 10.61736464559159 59.58124905617709)"
NO79-300,relation/8846916-300,300.0,1005.455,2866.2,Al/St 240/40 3-bundle 300.0,"LINESTRING (5.509854259280807 59.88481605203459, 5.5173198905790235 59.88817821283927, 5.541635484007287 59.89875625023776, 5.548759499999992 59.901443996965014)"
way/445514503-300,relation/7809753-300,300.0,1005.455,7768.1,Al/St 240/40 3-bundle 300.0,"LINESTRING (5.6675139950622615 59.90655291992831, 5.67081597619131 59.90229082456247, 5.6710324 59.9021814, 5.7379935 59.8767554, 5.742393 59.8759796, 5.7516888 59.8744512, 5.7587124 59.873295, 5.761782 59.8710597, 5.7639733 59.8694718, 5.76410673470722 59.867287506057025, 5.766324384182823 59.862325992728884)"
way/252924745-420,way/572898618-420,420.0,1876.85,71609.61,Al/St 240/40 4-bundle 380.0,"LINESTRING (17.611423957004657 68.57737877028471, 17.624046698788916 68.58104341244398, 17.6257718 68.5815964, 17.6288938 68.5841439, 17.6346713 68.588865, 17.638008 68.5918042, 17.6416196 68.5949687, 17.6444265 68.5974232, 17.648364 68.600693, 17.6524222 68.6040779, 17.6551822 68.6063822, 17.6582587 68.6089552, 17.6628962 68.6112482, 17.6698646 68.6146882, 17.6739791 68.6167205, 17.6797418 68.6195622, 17.6871568 68.6232136, 17.692599 68.6258878, 17.7008709 68.6299374, 17.7007543 68.631271, 17.7005035 68.634301, 17.7002352 68.6374639, 17.7011874 68.639499, 17.7023461 68.6420438, 17.7038026 68.6452339, 17.7119487 68.6488738, 17.7174309 68.6513082, 17.7376722 68.6515943, 17.7419811 68.6519156, 17.7493545 68.6524653, 17.7563927 68.6529954, 17.7648684 68.6536281, 17.7702275 68.6556481, 17.7759647 68.6578221, 17.7801034 68.6593858, 17.7855858 68.6598719, 17.7915537 68.6604097, 17.8032911 68.6614804, 17.8127164 68.6623275, 17.821176 68.6630985, 17.8290242 68.6638032, 17.8386319 68.6646707, 17.8480464 68.6655177, 17.8586116 68.666476, 17.8671062 68.6672449, 17.8747532 68.667921, 17.8842911 68.6692168, 17.8916457 68.6702412, 17.901881 68.6716558, 17.9116899 68.6729991, 17.917529 68.673798, 17.9245886 68.6747695, 17.9304653 68.6755791, 17.9419774 68.6771582, 17.9513007 68.6784397, 17.9585293 68.6794325, 17.9662862 68.6804135, 17.9772726 68.6818021, 17.9865745 68.6829732, 17.995348 68.6840818, 18.0038264 68.6851416, 18.0114815 68.6861117, 18.019921 68.6871753, 18.0305225 68.6885138, 18.0396339 68.6896562, 18.0447462 68.6902947, 18.0521733 68.692939, 18.0580983 68.6943804, 18.0688298 68.6969716, 18.0735397 68.6981263, 18.0801406 68.7023577, 18.0835766 68.7045545, 18.086476 68.7064169, 18.08613 68.7087184, 18.0858055 68.7109282, 18.08532 68.7142478, 18.0851296 68.7156362, 18.082387 68.7177966, 18.0793816 68.7201554, 18.0782443 68.7218238, 18.0764231 68.7244867, 18.0748808 68.7267377, 18.0724159 68.7303683, 18.0698007 68.7342093, 18.0708548 68.7371655, 18.0719787 68.7395971, 18.0730596 68.7419691, 18.078424 68.7446404, 18.0851094 68.7479705, 18.0888954 68.7498585, 18.0943027 68.7525463, 18.1029448 68.7568646, 18.1079069 68.7593271, 18.1170264 68.7638675, 18.1200908 68.7653952, 18.1210175 68.767253, 18.1224015 68.7700242, 18.1229272 68.7718287, 18.1248718 68.7784609, 18.1248397 68.7818374, 18.1247994 68.7859811, 18.1247807 68.7893497, 18.1247646 68.7921492, 18.1247485 68.7949027, 18.124727 68.797881, 18.1246868 68.8034289, 18.124668 68.8065456, 18.1246358 68.8096668, 18.125411 68.8136182, 18.12617 68.817536, 18.12628 68.8195519, 18.1264141 68.8217119, 18.1264839 68.822833, 18.1273851 68.8281451, 18.1279457 68.8314696, 18.1288362 68.8367099, 18.1293753 68.8399081, 18.1298205 68.8425502, 18.1305876 68.8471308, 18.1311536 68.8505424, 18.1327334 68.8526229, 18.1400532 68.8556486, 18.1454632 68.8578921, 18.1548482 68.8617934, 18.1576163 68.8629464, 18.1639597 68.865578, 18.16897 68.8676503, 18.175469 68.8703384, 18.1839529 68.8738566, 18.1878689 68.8754797, 18.1948426 68.8783573, 18.1946388 68.8817022, 18.194451 68.88515, 18.1943223 68.8877181, 18.1941989 68.8899449, 18.1940997 68.8919773, 18.1938475 68.8967649, 18.1962267 68.8977432, 18.2062528 68.9018798, 18.2131004 68.9047066, 18.2195672 68.9075379, 18.2261386 68.9104296, 18.2309264 68.9125162, 18.2371062 68.9152239, 18.2442865 68.9169472, 18.2518825 68.9188189, 18.2612756 68.9211429, 18.2684398 68.922913, 18.2761377 68.924818, 18.2834467 68.9266186, 18.2882988 68.928395, 18.2964233 68.9313553, 18.3042043 68.9341871, 18.3116019 68.9368902, 18.3175591 68.9390581, 18.3233017 68.9411631, 18.3301037 68.9436264, 18.3360153 68.945785, 18.3419806 68.9479664, 18.3501023 68.9509049, 18.3570573 68.9534104, 18.3627623 68.9554842, 18.3687651 68.9576724, 18.3748215 68.9598652, 18.3822137 68.9625565, 18.3899948 68.9649424, 18.3981594 68.9674531, 18.4050876 68.9693764, 18.411667 68.9712167, 18.4177798 68.9729183, 18.4236887 68.9745591, 18.4277952 68.9763422, 18.4329236 68.9785582, 18.4383845 68.9809327, 18.4447199 68.9836763, 18.4507522 68.9862887, 18.4559637 68.9884738, 18.4624037 68.9911405, 18.4703752 68.9944684, 18.4766141 68.9970728, 18.4797469 68.9983735, 18.4856182 69.0008275, 18.4911302 69.0026364, 18.4952983 69.004005, 18.4975219 69.0068245, 18.5019234 69.0114134, 18.5050455 69.0146767, 18.507548 69.0173037, 18.5098305 69.019698, 18.515549 69.0205604, 18.5238746 69.0206295, 18.5352632 69.020714, 18.5435057 69.0207765, 18.5500073 69.0208129, 18.5549909 69.0220459, 18.5624474 69.0238512, 18.5686272 69.0253567, 18.5747829 69.0268342, 18.5785997 69.0287542, 18.580960792082536 69.02994049548252, 18.591798209253888 69.03408405230084)"
way/307323708-300,way/114669733-300,300.0,1005.455,21708.76,Al/St 240/40 3-bundle 300.0,"LINESTRING (5.809583403091764 60.58140603650173, 5.800671727808493 60.58389967799796, 5.8003253 60.5861401, 5.8037317 60.5900864, 5.808388 60.5954888, 5.810287 60.5981751, 5.8126849 60.6015854, 5.8159786 60.6062565, 5.8190605 60.6084272, 5.8249104 60.6125696, 5.827598 60.6144596, 5.8295292 60.6158362, 5.8567174 60.6186241, 5.8583173 60.6190781, 5.864072 60.6207125, 5.8780342 60.6283456, 5.8997454 60.6362668, 5.9023565 60.6371677, 5.9092498 60.6395745, 5.9176826 60.6424991, 5.9239858 60.6442716, 5.9285778 60.645547, 5.9338081 60.6470039, 5.9402561 60.6481661, 5.9469509 60.6493757, 5.9553301 60.6508271, 5.9619498 60.6520049, 5.9752133 60.6543527, 5.9892668 60.6568403, 5.9958047 60.6580068, 6.0011148 60.6589363, 6.0081831 60.6601911, 6.0174374 60.6618309, 6.0246994 60.6631152, 6.0357602 60.6650693, 6.0483237 60.6651126, 6.0523027 60.664882, 6.0614946 60.6643498, 6.0661711 60.6640844, 6.0771333 60.6634451, 6.0824199 60.6615211, 6.0891992 60.6590451, 6.0963486 60.6564282, 6.100651451737233 60.656694875083126, 6.111216358108371 60.656383795079606)"
NO18-420,NO19-420,420.0,1876.85,3090.3,Al/St 240/40 4-bundle 380.0,"LINESTRING (13.853123399999971 66.79301279782638, 13.861432493228635 66.79608178068735, 13.896450964971612 66.80882586615277, 13.905244799999975 66.81166819782824)"
way/350332649-300,relation/8836351-300,300.0,1005.455,32842.7,Al/St 240/40 3-bundle 300.0,"LINESTRING (5.342035561947889 60.287229421451144, 5.353569314872762 60.28698370806592, 5.3549849 60.2873301, 5.3613925 60.2883074, 5.3619835 60.2883975, 5.3674851 60.2892336, 5.3679989 60.2896785, 5.3703283 60.2916955, 5.3719939 60.2931364, 5.3750785 60.2959123, 5.3856044 60.29953, 5.388832 60.3006444, 5.3934664 60.3022714, 5.3966059 60.3048147, 5.403986 60.3108047, 5.4091801 60.3150144, 5.4123572 60.3175899, 5.4150823 60.3198003, 5.4182713 60.3204291, 5.4278291 60.3223135, 5.4386723 60.3244467, 5.4437215 60.324678, 5.4555742 60.325221, 5.4593632 60.325394, 5.4655789 60.3256783, 5.4717955 60.3259576, 5.4750645 60.3261109, 5.4888082 60.3267346, 5.4952619 60.3270246, 5.4999842 60.3272501, 5.5056845 60.3275003, 5.5187872 60.328089, 5.5255514 60.330039, 5.534698 60.3326153, 5.5437957 60.3352234, 5.5532051 60.3379023, 5.5558194 60.3386452, 5.5642116 60.3410299, 5.5725494 60.3434191, 5.579037 60.3444737, 5.5904907 60.3458592, 5.5994721 60.3475491, 5.6042129 60.3484428, 5.6097604 60.3494871, 5.6136388 60.3501771, 5.6157491 60.3505536, 5.6223285 60.3517329, 5.6272598 60.3526072, 5.6407821 60.3550152, 5.66585 60.3538145, 5.6946167 60.352442, 5.7018842 60.3532321, 5.7078267 60.3538729, 5.7114631 60.354259, 5.7197577 60.3551599, 5.7229261 60.3555035, 5.7276857 60.3560202, 5.7413328 60.3574961, 5.7525001 60.3590388, 5.7599869 60.3600748, 5.7643231 60.3606723, 5.7712405 60.3616323, 5.7796481 60.3627953, 5.788486 60.3640189, 5.7947087 60.3648757, 5.8080581 60.3667218, 5.8221638 60.369156, 5.8248373 60.3724804, 5.8262072 60.3741782, 5.8337396 60.3834907, 5.842549759385698 60.392371930521634, 5.841260249729807 60.3975734319112)"
way/350332649-300,way/307323708-300,300.0,1005.455,37177.98,Al/St 240/40 3-bundle 300.0,"LINESTRING (5.841260249729807 60.3975734319112, 5.849884265044901 60.40163135470438, 5.8522528 60.4028456, 5.8653367 60.4083852, 5.8737159 60.4119241, 5.8798206 60.414488, 5.884949 60.4166597, 5.8874743 60.417732, 5.8877049 60.4193229, 5.8881944 60.4226339, 5.8884325 60.4239124, 5.8881884 60.4263417, 5.8878431 60.4295722, 5.887536 60.4323375, 5.8871745 60.4354407, 5.8863866 60.4422487, 5.8865992 60.4439594, 5.8868547 60.4459962, 5.8876848 60.4526786, 5.8882856 60.4577785, 5.8884935 60.4593235, 5.8889508 60.4628777, 5.8894873 60.4663525, 5.8898252 60.4711251, 5.8899486 60.4732746, 5.8897233 60.4752785, 5.8890152 60.4812101, 5.890715 60.4858131, 5.8912944 60.4873891, 5.8918107 60.4887893, 5.8926362 60.4910155, 5.8903945 60.4928502, 5.8881106 60.4947251, 5.8848041 60.4974327, 5.8810222 60.5005403, 5.879665 60.5016401, 5.876677 60.5039447, 5.87466 60.5054947, 5.8708627 60.5084081, 5.8712288 60.5115314, 5.8692326 60.5139099, 5.867229 60.5161496, 5.8654057 60.5181848, 5.863735 60.5200462, 5.8616392 60.5223793, 5.859649 60.5246045, 5.857683 60.5267824, 5.8549585 60.5299297, 5.8538762 60.531178, 5.8558255 60.5329557, 5.8591193 60.5359622, 5.8617264 60.5383451, 5.8640834 60.5405043, 5.8669044 60.5424094, 5.8704785 60.5448215, 5.8735831 60.5469222, 5.8767293 60.5490528, 5.8809699 60.5519171, 5.8839559 60.5538723, 5.8886974 60.5571372, 5.8923465 60.559602, 5.8966018 60.5624759, 5.8993189 60.5643115, 5.9065025 60.5691563, 5.9077397 60.575813, 5.910906 60.5789134, 5.9149857 60.5828916, 5.9202824 60.5866482, 5.9227118 60.5885763, 5.9246698 60.5901345, 5.9279273 60.5927251, 5.9359324 60.5966278, 5.9385744 60.5979137, 5.9542492 60.6015597, 5.9660684 60.604605, 5.9694231 60.6057615, 5.9720544 60.6066721, 5.9895618 60.6127064, 5.9987055 60.6158579, 6.0020985 60.6170321, 6.0057845 60.6182984, 6.009734 60.6196595, 6.0269062 60.6255749, 6.0304561 60.6271365, 6.0341428 60.6287652, 6.0395461 60.6311403, 6.0435976 60.6329233, 6.0558084 60.638308, 6.0590176 60.6397842, 6.0630973 60.6416595, 6.0679829 60.6439087, 6.0718212 60.6456687, 6.0803097 60.6501454, 6.0955741 60.6561114, 6.100659562238305 60.656418733669796, 6.111216358108371 60.656383795079606)"
NO30-420,NO29-420,420.0,1876.85,3923.32,Al/St 240/40 4-bundle 380.0,"LINESTRING (8.478052055141129 62.71502358922529, 8.482668702110457 62.71901021313582, 8.499223457972652 62.743110803484406, 8.499886187501556 62.74863401654456)"
NO30-420,NO29-420,420.0,1876.85,3908.87,Al/St 240/40 4-bundle 380.0,"LINESTRING (8.478052055141129 62.71502358922529, 8.48197031937689 62.719154647569134, 8.498466933089055 62.743189786886305, 8.499886187501556 62.74863401654456)"
NO30-420,NO29-420,420.0,1876.85,3900.05,Al/St 240/40 4-bundle 380.0,"LINESTRING (8.478052055141129 62.71502358922529, 8.481256853420764 62.71927205312387, 8.497719646148616 62.743295782502386, 8.499886187501556 62.74863401654456)"
relation/10104222-420,relation/7839089-420,420.0,1876.85,9086.08,Al/St 240/40 4-bundle 380.0,"LINESTRING (6.945521884026759 62.84251191211328, 6.955954761970824 62.8407707798691, 6.9969928 62.8420633, 6.9997019 62.8420193, 7.0020542 62.8419323, 7.0026764 62.8418834, 7.0033658 62.841772, 7.0041355 62.8417193, 7.0047941 62.8420443, 7.0091862 62.8441727, 7.0137781 62.8464068, 7.0171228 62.848025, 7.0228869 62.8508132, 7.0292652 62.8516626, 7.0366278 62.8526331, 7.0404634 62.8531373, 7.04483 62.8532566, 7.052536 62.8531508, 7.0607597 62.8530406, 7.0669985 62.8529574, 7.0740044 62.853863, 7.0806456 62.8547295, 7.088204 62.8557133, 7.0955908 62.8566752, 7.099285947347439 62.85715152798171, 7.110930011268621 62.85919205077578)"
NO71-420,NO72-420,420.0,1876.85,2281.16,Al/St 240/40 4-bundle 380.0,"LINESTRING (6.213347899999986 60.433477697054336, 6.220508686557593 60.43621723890372, 6.2391502551523725 60.44306904377668, 6.246148699999998 60.445906897056304)"
NO71-420,NO72-420,420.0,1876.85,2281.64,Al/St 240/40 4-bundle 380.0,"LINESTRING (6.213347899999986 60.433477697054336, 6.220227867800782 60.436385129439685, 6.238861141090917 60.44324867487564, 6.246148699999998 60.445906897056304)"
NO71-420,NO72-420,420.0,1876.85,2287.9,Al/St 240/40 4-bundle 380.0,"LINESTRING (6.213347899999986 60.433477697054336, 6.219657075972139 60.43668838124174, 6.238566131184914 60.443465086648075, 6.246148699999998 60.445906897056304)"
NO69-420,NO70-420,420.0,1876.85,3117.97,Al/St 240/40 4-bundle 380.0,"LINESTRING (6.6630685 60.50492589706585, 6.672122132400989 60.50518767405317, 6.71049947790504 60.506344610277715, 6.7195397 60.50667459706621)"
NO69-420,NO70-420,420.0,1876.85,3120.76,Al/St 240/40 4-bundle 380.0,"LINESTRING (6.6630685 60.50492589706585, 6.672132507949599 60.50486269210219, 6.710554749320335 60.50606652172431, 6.7195397 60.50667459706621)"
NO69-420,NO70-420,420.0,1876.85,3127.63,Al/St 240/40 4-bundle 380.0,"LINESTRING (6.6630685 60.50492589706585, 6.672106579044334 60.504563508092495, 6.710656134078283 60.505793495235245, 6.7195397 60.50667459706621)"
NO68-420,NO67-420,420.0,1876.85,2483.21,Al/St 240/40 4-bundle 380.0,"LINESTRING (7.004368899999994 60.5876943970792, 7.012674736095974 60.58585955191643, 7.0375013210520265 60.58057526355289, 7.046404500000005 60.57967169707794)"
NO68-420,NO67-420,420.0,1876.85,2479.2,Al/St 240/40 4-bundle 380.0,"LINESTRING (7.004368899999994 60.5876943970792, 7.012902341248241 60.58612775084694, 7.037598047494171 60.58080550298288, 7.046404500000005 60.57967169707794)"
NO68-420,NO67-420,420.0,1876.85,2478.58,Al/St 240/40 4-bundle 380.0,"LINESTRING (7.004368899999994 60.5876943970792, 7.013070025892801 60.586388883058184, 7.037729718059129 60.581016465418195, 7.046404500000005 60.57967169707794)"
way/114669733-300,relation/8834935-300,300.0,1005.455,31547.26,Al/St 240/40 3-bundle 300.0,"LINESTRING (5.456969708946896 60.39448342194228, 5.46729142797038 60.395156005290396, 5.4782215 60.3949664, 5.4808393 60.3997005, 5.4835188 60.4045187, 5.4925632 60.4072448, 5.496828 60.4085283, 5.499427 60.409315, 5.5035657 60.410364, 5.5075474 60.4113719, 5.5109538 60.412236, 5.5176097 60.4139186, 5.5207774 60.4147211, 5.5372032 60.418879, 5.5391586 60.4192709, 5.5411984 60.4196807, 5.5444251 60.435717, 5.55103 60.4390015, 5.5542594 60.4404465, 5.5575049 60.4419086, 5.565121 60.4453281, 5.5660531 60.4463098, 5.567531 60.4478675, 5.5697975 60.4502566, 5.5746576 60.4553768, 5.5772164 60.4572879, 5.5794212 60.4589291, 5.5824521 60.4611878, 5.5845469 60.4627508, 5.5867168 60.4643679, 5.5892166 60.4662309, 5.5922301 60.4684765, 5.5938368 60.4696729, 5.5978373 60.4726553, 5.5998355 60.4741417, 5.6024668 60.4761006, 5.6037569 60.477347, 5.6057015 60.4792304, 5.6076917 60.4811592, 5.6121267 60.4863585, 5.6169668 60.4920615, 5.6188242 60.4942439, 5.6207071 60.4964559, 5.6229199 60.4990521, 5.624949 60.5014737, 5.6273469 60.5044478, 5.6283849 60.5057341, 5.6307265 60.5086365, 5.6359702 60.5151337, 5.6404871 60.5207175, 5.6406426 60.5223027, 5.641171 60.5275897, 5.6415305 60.5326819, 5.6418657 60.5374355, 5.6446391 60.5400238, 5.6520125 60.5441683, 5.6579348 60.5474827, 5.6635058 60.5509023, 5.6689346 60.554224, 5.674763 60.5577826, 5.679481 60.558666, 5.6841186 60.5595179, 5.6952344 60.560605, 5.7042521 60.5616145, 5.7075659 60.5619799, 5.7343885 60.5634072, 5.7389563 60.5655367, 5.7445005 60.5681122, 5.7532109 60.5721648, 5.7821453 60.5772974, 5.7942501 60.5774594, 5.7993436 60.5775266, 5.801164474095363 60.578237194276085, 5.809583403091764 60.58140603650173)"
NO76-300,NO77-300,300.0,1005.455,2335.82,Al/St 240/40 3-bundle 300.0,"LINESTRING (6.245588099999998 60.134566797004844, 6.247968490544772 60.1302288749958, 6.254517602698441 60.11864905333218, 6.257223500000008 60.114361597001455)"
NO73-300,NO74-300,300.0,1005.455,3143.13,Al/St 240/40 3-bundle 300.0,"LINESTRING (6.170076499999991 60.26485889702665, 6.1780893412348705 60.26280077531674, 6.211889558884101 60.253405653576245, 6.218808900000004 60.250522997024234)"
relation/8836351-300,way/1028850312-300,300.0,1005.455,15044.73,Al/St 240/40 3-bundle 300.0,"LINESTRING (5.194458247057923 60.36721824761237, 5.203226069404395 60.36533292833022, 5.2072527 60.3633869, 5.2126452 60.3607818, 5.2247299 60.3587138, 5.2299985 60.3553579, 5.2313335 60.3545065, 5.2391361 60.351033, 5.2441357 60.3490413, 5.2468823 60.3462652, 5.2505743 60.3421074, 5.2534671 60.3366487, 5.2565758 60.3343044, 5.2590508 60.3324362, 5.2608767 60.3304882, 5.2619516 60.3277019, 5.2585472 60.3255249, 5.2554475 60.3235408, 5.2590032 60.3142167, 5.2600801 60.3114091, 5.2611771 60.3096708, 5.262537 60.3075112, 5.2623627 60.3029444, 5.2671316 60.2994103, 5.2692519 60.2978385, 5.2715573 60.2936262, 5.273992 60.2891372, 5.274678 60.2878723, 5.2797246 60.2838452, 5.2835716 60.2830166, 5.2877433 60.2821193, 5.298138 60.2798671, 5.3016517 60.280407, 5.3054121 60.2809845, 5.3086107 60.2814723, 5.3137623 60.2827403, 5.3166578 60.283453, 5.3215724 60.2836172, 5.331192227659027 60.28528230708801, 5.342035561947889 60.287229421451144)"
relation/10220813-420,relation/7847764-420,420.0,1876.85,102213.57,Al/St 240/40 4-bundle 380.0,"LINESTRING (7.1446578037500315 60.49908465691788, 7.136066216644664 60.5109906866902, 7.1356174 60.5119453, 7.1337547 60.5159192, 7.1367547 60.5188511, 7.1394396 60.5214606, 7.1407592 60.5280491, 7.1402556 60.5321762, 7.1397547 60.5363517, 7.1395133 60.5383567, 7.138875 60.5395809, 7.1374615 60.5423032, 7.1339142 60.5450362, 7.1288549 60.5489262, 7.1215117 60.5544996, 7.1188791 60.5583133, 7.1136904 60.5632905, 7.1150932 60.5689412, 7.1155208 60.5705651, 7.115989 60.5726206, 7.1161453 60.5766764, 7.1174502 60.5821551, 7.120927 60.5861954, 7.1242241 60.5881377, 7.1268875 60.5895041, 7.1319359 60.5920852, 7.1359008 60.5940759, 7.1410326 60.5962846, 7.1433251 60.6002502, 7.1487683 60.6024811, 7.1548964 60.6042361, 7.1571301 60.604788, 7.1628177 60.6066998, 7.1678512 60.6083684, 7.177466 60.611077, 7.1858123 60.6136817, 7.1898249 60.6142503, 7.1964258 60.6151782, 7.2025359 60.6160362, 7.2062165 60.6165465, 7.2098509 60.6168966, 7.2160508 60.6174658, 7.2229529 60.6176474, 7.2291346 60.6178142, 7.2338641 60.6179392, 7.2377533 60.6180418, 7.2439223 60.6182024, 7.2476124 60.6182991, 7.2523646 60.6184221, 7.256003 60.6185179, 7.260777 60.6186414, 7.2657381 60.6182481, 7.2697139 60.6179373, 7.2739504 60.617599, 7.2778657 60.6172897, 7.2823423 60.6169355, 7.284891 60.6167319, 7.2887132 60.6164307, 7.293227 60.6160705, 7.2957292 60.6160849, 7.2995579 60.616093, 7.3031502 60.6161077, 7.3073431 60.6161233, 7.3123936 60.6161407, 7.3163152 60.6172878, 7.3197471 60.6182919, 7.3250283 60.6198397, 7.3287016 60.62095, 7.3324808 60.6220921, 7.3360589 60.623175, 7.3401667 60.6244092, 7.3436543 60.6254598, 7.3501021 60.626784, 7.3546701 60.6279241, 7.3591765 60.6285452, 7.3659253 60.6277179, 7.3714885 60.6270374, 7.3787945 60.6261419, 7.3855054 60.625321, 7.392959 60.6244363, 7.3959278 60.6238612, 7.4018911 60.6225882, 7.4069202 60.6215101, 7.4120432 60.6204184, 7.4172682 60.6193012, 7.4216536 60.6183629, 7.4256159 60.6175153, 7.4311546 60.6168449, 7.4368429 60.6161034, 7.442033 60.6154256, 7.4476522 60.6146886, 7.4541351 60.611804, 7.4575556 60.6102788, 7.4620637 60.6098413, 7.4678725 60.6092928, 7.4723872 60.6088596, 7.4760583 60.6100418, 7.479542 60.6111252, 7.4832963 60.6111521, 7.4892161 60.6111971, 7.4953915 60.611241, 7.5027287 60.6112981, 7.5076278 60.6113294, 7.5116933 60.6110084, 7.5154598 60.610708, 7.5194803 60.6103869, 7.5233663 60.6100779, 7.52748 60.6097489, 7.5301945 60.6083075, 7.532173 60.6058892, 7.5338919 60.6037848, 7.5359023 60.6013273, 7.5374801 60.5992201, 7.5395715 60.5964343, 7.5418437 60.5936442, 7.5461684 60.5923109, 7.5506598 60.5909267, 7.5536132 60.5900119, 7.5578807 60.5883544, 7.5625681 60.5852928, 7.5676207 60.5820041, 7.5723415 60.5789232, 7.5732118 60.5773685, 7.5746924 60.5747253, 7.5757706 60.5729621, 7.5772123 60.5706151, 7.5788122 60.5690822, 7.5815957 60.5664211, 7.5837545 60.5646268, 7.5862044 60.5625919, 7.5899863 60.5594557, 7.5946668 60.5555715, 7.6014394 60.5539959, 7.6065573 60.5527979, 7.6131767 60.5512557, 7.6200163 60.5518122, 7.6244286 60.5521696, 7.6303184 60.5526479, 7.6347658 60.5530096, 7.6413453 60.5532614, 7.6484585 60.5530254, 7.653147 60.5528711, 7.6575673 60.5527221, 7.6615185 60.5516642, 7.6659679 60.5504777, 7.6694065 60.5495625, 7.6727046 60.5494728, 7.6789445 60.5492987, 7.6864456 60.549081, 7.6906651 60.5489618, 7.6946354 60.5488477, 7.6995814 60.5487053, 7.7066463 60.5485048, 7.7100795 60.5484046, 7.7131051 60.5474313, 7.7190707 60.546777, 7.7252126 60.5461467, 7.7333132 60.54543, 7.7418121 60.5446951, 7.7497135 60.542646, 7.7553157 60.5399862, 7.7587724 60.538359, 7.7609316 60.5347476, 7.7623451 60.5323771, 7.7622861 60.5290624, 7.7621996 60.5246936, 7.7621282 60.5209878, 7.7624094 60.5177277, 7.7669732 60.516734, 7.7713422 60.5158421, 7.7745438 60.5151693, 7.7785396 60.5145852, 7.7843177 60.5137389, 7.7931516 60.5124436, 7.7979165 60.5117473, 7.8021196 60.5111347, 7.8061724 60.5091515, 7.812033 60.5062887, 7.8171624 60.503787, 7.8236228 60.5006364, 7.8284642 60.4982715, 7.834474 60.4950616, 7.8407997 60.4916751, 7.8431761 60.4904015, 7.8487766 60.4900844, 7.8559273 60.4896722, 7.8602403 60.4899391, 7.8660554 60.4899021, 7.8730489 60.4898501, 7.8814942 60.4897938, 7.8876632 60.4897515, 7.8928828 60.4897092, 7.9000121 60.4896588, 7.9064109 60.4896103, 7.9098505 60.489186, 7.915467 60.4884831, 7.9198819 60.4879308, 7.9266398 60.4870867, 7.9321933 60.4863955, 7.936753 60.4866967, 7.9422408 60.4870641, 7.9464921 60.4872094, 7.951583 60.4873865, 7.9558879 60.4864563, 7.9627812 60.4849631, 7.9681563 60.4838029, 7.97321 60.4827102, 7.9793707 60.4813793, 7.9825947 60.4792071, 7.9900623 60.4777809, 7.9951984 60.4768011, 8.000713 60.475749, 8.0076545 60.4744259, 8.0108408 60.4738132, 8.01627 60.473902, 8.0233971 60.474019, 8.0312231 60.474143, 8.0369661 60.4742351, 8.0447791 60.474361, 8.0496821 60.474438, 8.0546581 60.474519, 8.0581005 60.4748871, 8.0630542 60.4754169, 8.0735407 60.4765411, 8.0796668 60.477198, 8.0897194 60.4782735, 8.0953976 60.4788815, 8.1017733 60.4795582, 8.1065449 60.4800683, 8.1109813 60.4792449, 8.1175688 60.4780171, 8.1253231 60.4765791, 8.1314304 60.4754463, 8.1354806 60.4746929, 8.1405902 60.472455, 8.1447778 60.4706127, 8.1503481 60.4681691, 8.1547781 60.4662238, 8.1591538 60.464304, 8.1631881 60.4620766, 8.1672996 60.4598046, 8.170765 60.4578976, 8.1754063 60.4574001, 8.1801581 60.4568991, 8.1878749 60.4560769, 8.1919327 60.4556459, 8.1964036 60.4552009, 8.2077688 60.4539801, 8.2106411 60.4533942, 8.2147972 60.4513395, 8.2206273 60.4488521, 8.2249222 60.4470199, 8.2294823 60.4470079, 8.2379383 60.4469878, 8.2449067 60.4469666, 8.2506198 60.4469507, 8.2576954 60.4469282, 8.2637304 60.4469137, 8.269524 60.4468925, 8.2746765 60.4468793, 8.2801026 60.4472775, 8.2869518 60.447787, 8.2930993 60.4482432, 8.2998356 60.4487393, 8.3057261 60.4491719, 8.3118345 60.449623, 8.3180257 60.4500777, 8.3252496 60.4506098, 8.3307239 60.450161, 8.3379528 60.4495661, 8.3440901 60.4490631, 8.3499936 60.448582, 8.3561969 60.4480752, 8.3618402 60.4476069, 8.3671135 60.4471756, 8.3731421 60.4466769, 8.3788669 60.4462072, 8.3841187 60.4457706, 8.3903146 60.4452626, 8.3971354 60.4453354, 8.4039938 60.4454148, 8.4109072 60.4454908, 8.4168849 60.4455591, 8.4226245 60.4456251, 8.4279393 60.4456792, 8.4328108 60.4446042, 8.4378557 60.4434896, 8.444023 60.442129, 8.4485769 60.4411223, 8.4547654 60.4397584, 8.4587431 60.4388798, 8.4635228 60.4379118, 8.4702283 60.4365573, 8.4759602 60.4344048, 8.4809303 60.433373, 8.4853667 60.4324388, 8.4914898 60.4311501, 8.4982493 60.4297333, 8.5023028 60.430131, 8.5095495 60.4305209, 8.5153419 60.430844, 8.5193342 60.4311509, 8.5223815 60.4313779, 8.5292624 60.4319041, 8.5369027 60.4324917, 8.5423744 60.4334671, 8.5490102 60.434653, 8.5545462 60.4356882, 8.560136 60.4367611, 8.565772314201434 60.43719230042812, 8.576666757981386 60.437592416219715)"
way/469098816-300,NO49-300,300.0,1005.455,25972.74,Al/St 240/40 3-bundle 300.0,"LINESTRING (7.021945659212094 61.21787072253332, 7.034374064323993 61.22088277877521, 7.0365232 61.2232704, 7.0381325 61.2250574, 7.0416731 61.2289926, 7.0479119 61.2340347, 7.0516026 61.2364832, 7.055068 61.2387792, 7.0576242 61.2404763, 7.0628732 61.2439566, 7.0675993 61.2470842, 7.0691711 61.2486505, 7.0709896 61.2504335, 7.0746642 61.2540352, 7.077384 61.2567234, 7.0809406 61.260198, 7.0852965 61.2644589, 7.0890087 61.2680977, 7.0905644 61.2696036, 7.0927289 61.2717348, 7.0953602 61.2743092, 7.0981456 61.277035, 7.1011832 61.2800079, 7.1039486 61.2827177, 7.1062264 61.2849515, 7.1063371 61.2850605, 7.1095946 61.2882621, 7.1117136 61.2903327, 7.1135884 61.292179, 7.1156859 61.2942326, 7.1176225 61.2961238, 7.1213239 61.2997692, 7.1230888 61.3015004, 7.1262538 61.304612, 7.1303844 61.3086557, 7.1371007 61.3142798, 7.1402013 61.3168598, 7.1435487 61.3196559, 7.1462202 61.3218647, 7.1498465 61.324892, 7.1533549 61.327816, 7.1578932 61.3316147, 7.1595776 61.3330096, 7.1631288 61.3359688, 7.1658057 61.3381997, 7.168225 61.340204, 7.1706873 61.3422647, 7.1736646 61.3447575, 7.1764111 61.3470264, 7.1793294 61.3494596, 7.1819579 61.3516509, 7.1837711 61.353158, 7.1863782 61.3553285, 7.1899831 61.3583268, 7.192204 61.3601781, 7.1967316 61.3639318, 7.2009909 61.3674845, 7.2053575 61.3711191, 7.2090268 61.3741622, 7.2117895 61.3764494, 7.2150028 61.3791271, 7.2193265 61.3827089, 7.2228777 61.3856686, 7.2250771 61.3874978, 7.22821 61.3900923, 7.2299588 61.391541, 7.2334564 61.3944511, 7.2361922 61.3967137, 7.2388905 61.3989582, 7.2428441 61.4022374, 7.2458857 61.4047511, 7.2488737 61.4072312, 7.2517222 61.4095956, 7.2538948 61.4113874, 7.25091147869926 61.4150967270986, 7.247752500000001 61.41933499720628)"
NO46-300,NO47-300,300.0,1005.455,2138.39,Al/St 240/40 3-bundle 300.0,"LINESTRING (7.579235999999994 61.53302419722276, 7.58845911049097 61.53224555731407, 7.608416488383227 61.528598755523106, 7.617256299999994 61.52711579722198)"
relation/7814748-300,NO48-300,300.0,1005.455,10638.52,Al/St 240/40 3-bundle 300.0,"LINESTRING (7.245772182273138 61.43798342457297, 7.243233086630489 61.44372912328571, 7.2426134 61.4457351, 7.2418302 61.4481709, 7.2416478 61.4501963, 7.2412991 61.453183, 7.2410202 61.4557105, 7.2405803 61.4594246, 7.2401673 61.4629024, 7.2395933 61.4658725, 7.2391641 61.4697902, 7.2382522 61.4779779, 7.238059 61.4806007, 7.2392821 61.4842273, 7.2428119 61.4856921, 7.2498447 61.4962692, 7.2533208 61.497841, 7.2572905 61.5027325, 7.2589803 61.5063718, 7.2601712 61.5088925, 7.2620434 61.5129021, 7.2729707 61.5182799, 7.281629254756149 61.52246384239184, 7.287025399999993 61.52613119722185)"
NO53-420,NO51-420,420.0,1876.85,1982.56,Al/St 240/40 4-bundle 380.0,"LINESTRING (6.511985100000007 61.20847229717521, 6.518504915136544 61.211655636446956, 6.529287371567107 61.21868474809227, 6.53686207955831 61.221398852691294)"
NO51-420,NO53-420,420.0,1876.85,1980.29,Al/St 240/40 4-bundle 380.0,"LINESTRING (6.511985100000007 61.20847229717521, 6.518776438102567 61.211524293948436, 6.529558606307817 61.21855353126964, 6.53686207955831 61.221398852691294)"
NO53-420,NO51-420,420.0,1876.85,1979.29,Al/St 240/40 4-bundle 380.0,"LINESTRING (6.511985100000007 61.20847229717521, 6.519032631268011 61.211379537727574, 6.529870163947946 61.218411745808446, 6.53686207955831 61.221398852691294)"
NO51-420,NO52-420,420.0,1876.85,4140.72,Al/St 240/40 4-bundle 380.0,"LINESTRING (6.53686207955831 61.221398852691294, 6.558116680011768 61.22110022648883, 6.604389684735823 61.22042083662733, 6.613458399999996 61.21948699717683)"
NO42-420,NO41-420,420.0,1876.85,3651.39,Al/St 240/40 4-bundle 380.0,"LINESTRING (5.824357900000004 61.83792759726604, 5.825264513443051 61.842402624821325, 5.830922846016514 61.86612445956313, 5.83293020000001 61.870517697270586)"
NO42-420,NO41-420,420.0,1876.85,3649.7,Al/St 240/40 4-bundle 380.0,"LINESTRING (5.824357900000004 61.83792759726604, 5.825930295299156 61.842359587760825, 5.8316084435056466 61.866063046401585, 5.83293020000001 61.870517697270586)"
NO42-420,NO41-420,420.0,1876.85,3658.13,Al/St 240/40 4-bundle 380.0,"LINESTRING (5.824357900000004 61.83792759726604, 5.824574867501657 61.84242626041529, 5.830275878039541 61.86620623583105, 5.83293020000001 61.870517697270586)"
relation/13447791-420,NO44-420,420.0,1876.85,64509.87,Al/St 240/40 4-bundle 380.0,"LINESTRING (5.2864945 61.75702789725478, 5.279221212666418 61.75418298402103, 5.2765381 61.7530168, 5.2709913 61.7505997, 5.2647471 61.747893, 5.2614856 61.7460901, 5.2581167 61.7442413, 5.2550751 61.7425677, 5.2477634 61.7385496, 5.2452059 61.7359555, 5.2404571 61.7311471, 5.2329361 61.7267693, 5.2269065 61.7233032, 5.2201366 61.7204619, 5.2176368 61.7194249, 5.2081311 61.7184591, 5.2037108 61.7180067, 5.1993012 61.7175644, 5.1957178 61.7173509, 5.1931214 61.7171882, 5.1925743 61.7152513, 5.1913726 61.7116669, 5.1920807 61.7067193, 5.1923704 61.7043444, 5.1934782 61.7002921, 5.1943874 61.6969387, 5.1956534 61.6923246, 5.1963186 61.6898824, 5.1968765 61.6878318, 5.1972198 61.6811907, 5.1972198 61.6792159, 5.1972842 61.6759939, 5.1964581 61.6730133, 5.1957554 61.6702921, 5.1941138 61.664518, 5.193513 61.6618369, 5.193053 61.6597908, 5.1955193 61.6539014, 5.1968417 61.650748, 5.1982605 61.6473498, 5.2024716 61.6451716, 5.2050841 61.6438213, 5.2096653 61.6414542, 5.2146006 61.6402541, 5.2242136 61.6398438, 5.2339688 61.6388424, 5.2381504 61.6388475, 5.2428174 61.6388551, 5.247353 61.6388589, 5.2497885 61.6388628, 5.2646264 61.6353944, 5.2751487 61.6352186, 5.2792901 61.6351497, 5.2876747 61.6325539, 5.2902818 61.6317421, 5.3067613 61.6266492, 5.316605 61.6226976, 5.3208858 61.6209868, 5.3244048 61.6194059, 5.3312845 61.618438, 5.3336209 61.6181093, 5.3367081 61.617728, 5.3404659 61.6172665, 5.3453314 61.6166647, 5.3523588 61.6158155, 5.3677976 61.6150759, 5.3730551 61.6148265, 5.37328 61.6148158, 5.3756511 61.6147062, 5.3783923 61.6140558, 5.3854224 61.612365, 5.3914413 61.6109226, 5.3963658 61.6097443, 5.4059869 61.607455, 5.4117107 61.6061821, 5.4168445 61.6050418, 5.4229706 61.6036617, 5.4258406 61.6030188, 5.4298586 61.6020238, 5.4368484 61.6002863, 5.4419553 61.5990221, 5.4447502 61.5983293, 5.4515308 61.596362, 5.4556882 61.5954025, 5.4606771 61.5942516, 5.4689276 61.592187, 5.4738092 61.5909646, 5.4824969 61.5888551, 5.4854286 61.5881417, 5.4921985 61.5865005, 5.4964551 61.5854667, 5.5001378 61.5845707, 5.5096435 61.5810273, 5.5142569 61.5795644, 5.5211288 61.5773788, 5.5235589 61.5766064, 5.5332631 61.5735205, 5.5383566 61.571927, 5.5435775 61.5702887, 5.5494904 61.5684895, 5.5540448 61.5669315, 5.5610669 61.5646735, 5.5670696 61.5627615, 5.5737752 61.5606233, 5.5811244 61.5582819, 5.587948 61.5560871, 5.5906784 61.5552388, 5.5994654 61.5524357, 5.6022951 61.5515298, 5.6068629 61.5503096, 5.6106555 61.5492976, 5.6156713 61.5479507, 5.6253326 61.5453642, 5.6319898 61.5435801, 5.6395161 61.5415659, 5.6431425 61.5405919, 5.6493813 61.5401982, 5.6545526 61.5398736, 5.6623793 61.5393802, 5.6668478 61.539099, 5.6732047 61.5386951, 5.6815624 61.5381659, 5.6867123 61.5378488, 5.6906068 61.5375983, 5.6974518 61.5371688, 5.7018292 61.5359263, 5.7092428 61.5338297, 5.7140493 61.5324847, 5.7186627 61.5311755, 5.7222783 61.5301526, 5.7265726 61.5289494, 5.7334363 61.5270327, 5.7384467 61.5257271, 5.7510893 61.5201022, 5.7550871 61.5189322, 5.7621145 61.5161258, 5.7682085 61.5137004, 5.7749569 61.5119093, 5.7795811 61.5106965, 5.785321 61.5091714, 5.7923913 61.5073033, 5.7963931 61.5062388, 5.8089459 61.5029219, 5.8112204 61.5023998, 5.8157694 61.5013504, 5.8239555 61.4994588, 5.8270401 61.4987523, 5.8362347 61.4959057, 5.8387935 61.4952862, 5.8500427 61.4925468, 5.8543396 61.4913613, 5.8625364 61.4891132, 5.8694082 61.4872235, 5.8754218 61.4855717, 5.8778894 61.4848905, 5.8917618 61.4805853, 5.8983922 61.4789666, 5.9016216 61.4779061, 5.9105372 61.4749654, 5.9120822 61.4745043, 5.9197533 61.4722037, 5.9285509 61.4695648, 5.9368336 61.4670691, 5.9438717 61.4649576, 5.9486997 61.4635072, 5.9543592 61.461803, 5.9587634 61.4604805, 5.968827 61.4574535, 5.9723246 61.4556798, 5.9771097 61.4545211, 5.9790516 61.4540341, 5.9873235 61.4519986, 5.9924412 61.4507322, 5.9970009 61.4496092, 6.0020918 61.4483555, 6.006308525163204 61.44795311574861, 6.016692726490472 61.44620588741697)"
NO40-420,NO39-420,420.0,1876.85,2420.26,Al/St 240/40 4-bundle 380.0,"LINESTRING (6.188285299999997 61.926731797278464, 6.1907814376491075 61.92238565537947, 6.1959172139480065 61.90981581396514, 6.198193399999999 61.90544289727545)"
NO39-420,NO40-420,420.0,1876.85,2420.95,Al/St 240/40 4-bundle 380.0,"LINESTRING (6.188285299999997 61.926731797278464, 6.190311678454045 61.92233450105713, 6.195452893523663 61.90975288795199, 6.198193399999999 61.90544289727545)"
NO39-420,NO40-420,420.0,1876.85,2422.09,Al/St 240/40 4-bundle 380.0,"LINESTRING (6.188285299999997 61.926731797278464, 6.191233605170138 61.9224520287053, 6.196378563908423 61.9098605560058, 6.198193399999999 61.90544289727545)"
NO36-420,NO38-420,420.0,1876.85,3146.27,Al/St 240/40 4-bundle 380.0,"LINESTRING (6.186622400000008 62.073048397298436, 6.1883515686222825 62.0774686395831, 6.200172597696422 62.09596310973501, 6.202313299999997 62.10034589730227)"
NO31-420,NO32-420,420.0,1876.85,3103.23,Al/St 240/40 4-bundle 380.0,"LINESTRING (6.734604400000001 62.44613689734849, 6.742425103176886 62.44875636436334, 6.773670504913996 62.460805497344644, 6.781450499999999 62.46345639735074)"
NO31-420,NO32-420,420.0,1876.85,3105.35,Al/St 240/40 4-bundle 380.0,"LINESTRING (6.734604400000001 62.44613689734849, 6.742010444314536 62.44900280827333, 6.773296350637116 62.46106748960237, 6.781450499999999 62.46345639735074)"
NO33-420,NO34-420,420.0,1876.85,3430.73,Al/St 240/40 4-bundle 380.0,"LINESTRING (6.4076390999999955 62.29007759732778, 6.413155959678549 62.29374959687292, 6.446076345275163 62.30922282375079, 6.452568800000006 62.31252759733077)"
NO34-420,NO33-420,420.0,1876.85,3428.76,Al/St 240/40 4-bundle 380.0,"LINESTRING (6.4076390999999955 62.29007759732778, 6.413681849416676 62.29355954936669, 6.446597312315476 62.309016806077906, 6.452568800000006 62.31252759733077)"
way/297388897-300,way/265770276-300,300.0,1005.455,60488.69,Al/St 240/40 3-bundle 300.0,"LINESTRING (9.804870054285397 61.57784018917, 9.80808413543619 61.57313777554528, 9.8091495 61.5707804, 9.8098522 61.5692761, 9.8106897 61.5674331, 9.8118055 61.5649759, 9.8124948 61.5627102, 9.8131782 61.560456, 9.8140579 61.5575793, 9.8144978 61.5561076, 9.8167509 61.5541631, 9.8184407 61.5526938, 9.8198515 61.5514647, 9.8215091 61.5500259, 9.8233759 61.5484057, 9.8251784 61.5468415, 9.8268413 61.5453898, 9.8285848 61.5438766, 9.8302746 61.5424682, 9.8317712 61.5412182, 9.8335361 61.5397585, 9.8350006 61.5385314, 9.8367065 61.53711, 9.838568 61.5355555, 9.8400968 61.5342899, 9.8414272 61.5331879, 9.8427844 61.5320526, 9.8446083 61.5305362, 9.8461211 61.5292729, 9.8479021 61.5277922, 9.8495489 61.5264087, 9.8513728 61.5248946, 9.8531055 61.5234444, 9.8549616 61.521902, 9.8568231 61.5203417, 9.8583037 61.5191112, 9.8601758 61.5175482, 9.8619568 61.5160618, 9.8636091 61.5146956, 9.8649904 61.5135315, 9.8664522 61.5121243, 9.8677504 61.5108526, 9.8690915 61.5095553, 9.8706204 61.5080685, 9.8721385 61.5066073, 9.8738176 61.5049617, 9.8753732 61.5034568, 9.8770738 61.5018034, 9.8786884 61.500219, 9.8799705 61.498806, 9.8812205 61.4974365, 9.8827386 61.495747, 9.884026 61.4943261, 9.8854691 61.4927362, 9.88666 61.49141, 9.8881406 61.4897866, 9.8894709 61.4883066, 9.8907369 61.4868982, 9.8922175 61.4852542, 9.8936069 61.4837125, 9.89483 61.4823679, 9.8962891 61.4807493, 9.8973191 61.4796018, 9.8986012 61.4781776, 9.8996204 61.4770506, 9.9009722 61.4755469, 9.9022436 61.4741379, 9.9035418 61.4727033, 9.904899 61.4711661, 9.9060363 61.4698594, 9.9073961 61.4683144, 9.9087453 61.4667719, 9.9099898 61.4653471, 9.9112076 61.4639685, 9.9126667 61.4622873, 9.9138468 61.4609547, 9.9153113 61.4592785, 9.9165344 61.4578906, 9.9178004 61.4564539, 9.9190289 61.4550543, 9.9198772 61.4540604, 9.9212712 61.4524831, 9.9226284 61.4509244, 9.9240661 61.4492785, 9.9253106 61.4478683, 9.9263889 61.4466325, 9.9275047 61.4453504, 9.9288458 61.4438324, 9.9301654 61.4423194, 9.931308 61.4410115, 9.9328262 61.4392933, 9.9340385 61.437898, 9.9354601 61.4362719, 9.9368924 61.4346252, 9.9381155 61.4332272, 9.9395049 61.431647, 9.9408942 61.4300591, 9.9422193 61.4285326, 9.943555 61.427015, 9.9449283 61.4254538, 9.9463874 61.4237808, 9.9476159 61.4223849, 9.9490213 61.4207683, 9.9504375 61.4191412, 9.9517626 61.4176296, 9.9530822 61.4161231, 9.954257 61.4147769, 9.955405 61.4134653, 9.9567676 61.4119034, 9.9584493 61.4103927, 9.9602061 61.4088101, 9.9619281 61.4072389, 9.9632424 61.4060554, 9.9649697 61.4044815, 9.9666113 61.4030077, 9.9680811 61.4016776, 9.9694651 61.4004271, 9.9710262 61.3990122, 9.972598 61.3975843, 9.9742716 61.3960794, 9.9756288 61.3948415, 9.9767768 61.3938013, 9.9785149 61.3922345, 9.9809879 61.3909939, 9.9830264 61.3899664, 9.9853116 61.3888233, 9.9870926 61.3879371, 9.9888307 61.3870636, 9.9901986 61.3863751, 9.9923658 61.3852884, 9.9949461 61.3839858, 9.997403 61.3827603, 9.9997365 61.3815835, 10.0022632 61.3803194, 10.0042802 61.3793095, 10.0061846 61.3783639, 10.0082231 61.3773309, 10.0108463 61.3760151, 10.0130027 61.3749357, 10.0156957 61.3735788, 10.0175732 61.3726381, 10.0196975 61.3715766, 10.0214893 61.3700165, 10.0231469 61.3685822, 10.024665 61.3672789, 10.026285 61.3658676, 10.0279266 61.3644434, 10.0292194 61.3633199, 10.0306731 61.3620653, 10.032036 61.36093, 10.0335699 61.3595494, 10.03519 61.3581417, 10.0368422 61.356712, 10.0384033 61.3553594, 10.0398838 61.3540607, 10.0422335 61.3530243, 10.0449076 61.3518425, 10.0470829 61.3508845, 10.0498 61.3496898, 10.0522596 61.3486057, 10.0545716 61.347582, 10.0569212 61.3465402, 10.0595444 61.3453878, 10.0618833 61.3443511, 10.064587 61.3431549, 10.0669581 61.3421104, 10.0694901 61.3409964, 10.0718343 61.3399544, 10.07442 61.3388121, 10.0768769 61.3377263, 10.0794196 61.3366018, 10.0817853 61.3355571, 10.0842208 61.3344789, 10.0871658 61.3331794, 10.0899714 61.3319416, 10.0925893 61.3307758, 10.0954002 61.3295378, 10.0983882 61.3282124, 10.1020145 61.3266166, 10.1055121 61.3250644, 10.1083499 61.3238006, 10.1115686 61.3223847, 10.1147389 61.3209766, 10.1184672 61.3193263, 10.1217449 61.3178794, 10.1245612 61.3166307, 10.127871 61.315163, 10.1311648 61.3137005, 10.1349467 61.3120267, 10.1382029 61.310582, 10.1413304 61.3092016, 10.1452839 61.3074452, 10.1492107 61.3057067, 10.1526439 61.3041819, 10.1554602 61.3029377, 10.1575255 61.3015441, 10.159741 61.30005, 10.1618814 61.2986125, 10.1644993 61.2968426, 10.1674712 61.2948407, 10.1691985 61.2936735, 10.1708829 61.2920424, 10.1734418 61.2895532, 10.1748928 61.2881448, 10.1770923 61.2860058, 10.1805228 61.2826693, 10.1827651 61.2804758, 10.1845568 61.2787306, 10.1865148 61.2768229, 10.1881939 61.2751884, 10.1898837 61.2735538, 10.1914287 61.272048, 10.1932257 61.2702998, 10.195629 61.2689499, 10.1980698 61.2675948, 10.2013582 61.2664266, 10.2052045 61.2650727, 10.2084982 61.2639095, 10.2128273 61.2623827, 10.2162284 61.2611833, 10.2193719 61.2600742, 10.2227944 61.258867, 10.2264744 61.2575695, 10.2305782 61.2561275, 10.2335554 61.2550723, 10.2366883 61.253963, 10.24032 61.2526833, 10.2436781 61.2514939, 10.2469128 61.2503561, 10.2519071 61.2485964, 10.2556461 61.2472752, 10.2595997 61.2458791, 10.2629578 61.2443282, 10.2661818 61.2428417, 10.2698779 61.2411383, 10.2732629 61.2395768, 10.2762347 61.2382036, 10.2793381 61.2367788, 10.2827927 61.2358004, 10.2854937 61.2350389, 10.2891576 61.2340115, 10.2922153 61.2331518, 10.2955145 61.232225, 10.2993983 61.2311329, 10.302912 61.2301389, 10.3057685 61.2286388, 10.308271 61.2273181, 10.3109425 61.2259057, 10.3136221 61.2244932, 10.3160226 61.2232291, 10.3192145 61.2215453, 10.3205073 61.2205485, 10.3229991 61.2186217, 10.3251529 61.2169506, 10.3278995 61.2148351, 10.3298253 61.2133343, 10.331507 61.212022, 10.3336501 61.2103622, 10.3352299 61.2088417, 10.3384539 61.2057387, 10.3400633 61.2041948, 10.342024 61.2023045, 10.3442931 61.2001235, 10.3470612 61.1974615, 10.3495073 61.1951069, 10.3515083 61.1931812, 10.3539383 61.1908341, 10.3560305 61.1888331, 10.3579617 61.1869717, 10.359984 61.1850145, 10.3622961 61.1828038, 10.3642058 61.1809653, 10.3661585 61.1790827, 10.3677866 61.1775194, 10.3690445 61.1763168, 10.3711072 61.174699, 10.3735024 61.1728264, 10.3772353 61.1699119, 10.3798988 61.1678304, 10.3818025 61.1663445, 10.383743 61.1648258, 10.3866626 61.1625451, 10.3877597 61.1613717, 10.3897136 61.1592783, 10.3927077 61.1560698, 10.3947093 61.1539305, 10.3967806 61.1517121, 10.3986816 61.1496728, 10.4006758 61.1475378, 10.4027143 61.1453517, 10.4050612 61.1428372, 10.4077515 61.1399561, 10.411053383205388 61.139111081422385, 10.422128197478317 61.1382818391442)"
way/297388897-300,relation/7842286-300,300.0,1005.455,73930.35,Al/St 240/40 3-bundle 300.0,"LINESTRING (9.312599820193672 61.48306439232077, 9.320896610468655 61.47980704065488, 9.3238199 61.4790946, 9.3297918 61.4776552, 9.3374401 61.4761361, 9.3434912 61.4749372, 9.3480027 61.4740508, 9.3566716 61.4723267, 9.3610918 61.4714428, 9.3709516 61.4694802, 9.3770349 61.4682708, 9.384293 61.4668206, 9.3898719 61.4657008, 9.3944371 61.4647885, 9.3991041 61.4647014, 9.4059062 61.4645835, 9.4136953 61.4644349, 9.421168 61.4643093, 9.430722 61.4641376, 9.4389617 61.4639787, 9.4505381 61.4637225, 9.4576406 61.4634764, 9.4649094 61.4632227, 9.4710034 61.4630087, 9.4766629 61.4628076, 9.4827354 61.4619029, 9.4891566 61.4609418, 9.497053 61.4597603, 9.5035279 61.4587838, 9.5110542 61.457656, 9.519428 61.4564026, 9.5280218 61.4551107, 9.532434 61.4544506, 9.5388365 61.4534906, 9.5453945 61.4525037, 9.5506006 61.4511603, 9.5556217 61.449863, 9.5611042 61.4484529, 9.5653421 61.447353, 9.5720261 61.4454158, 9.5764196 61.4441478, 9.5800781 61.443081, 9.5847586 61.4417193, 9.5882159 61.4406782, 9.5923895 61.4394266, 9.5960104 61.4383392, 9.6007687 61.4368978, 9.6046901 61.4357205, 9.6098614 61.4341661, 9.6150488 61.4325987, 9.6179724 61.4317189, 9.6225965 61.4303284, 9.6273386 61.4288969, 9.6307665 61.427863, 9.6348703 61.4266263, 9.6387809 61.4254435, 9.6430832 61.4241452, 9.6466505 61.4230701, 9.6504754 61.4219205, 9.6551719 61.4205001, 9.6601957 61.4189693, 9.6650264 61.417509, 9.6701628 61.4159537, 9.6752349 61.4144124, 9.6792287 61.4131971, 9.6852636 61.411372, 9.6901131 61.4098934, 9.6941364 61.4086791, 9.6987712 61.4072749, 9.7040445 61.4056728, 9.7091138 61.4041349, 9.7183514 61.4013233, 9.7228736 61.3999469, 9.7264999 61.3988401, 9.7394335 61.3964389, 9.74527 61.3952986, 9.7515464 61.3940864, 9.7582412 61.3927945, 9.764362 61.3916155, 9.7702467 61.3904776, 9.7757748 61.3894026, 9.7839957 61.3883018, 9.7885233 61.387693, 9.7930402 61.3870816, 9.7983187 61.3863674, 9.8070574 61.3851857, 9.8139775 61.3842659, 9.8212731 61.3832793, 9.8273134 61.3824674, 9.8321521 61.3818096, 9.8374736 61.3810953, 9.843235 61.3803142, 9.8482561 61.3796436, 9.8521882 61.3791142, 9.8556215 61.3786517, 9.8589528 61.3782046, 9.8629868 61.3776624, 9.8663825 61.3772075, 9.8716718 61.3760305, 9.875679 61.3751388, 9.8819125 61.3737484, 9.8869497 61.3726304, 9.8921585 61.3714712, 9.89748 61.3702838, 9.9035042 61.3689446, 9.91036 61.3674177, 9.914335 61.3665231, 9.9239641 61.3643817, 9.9298221 61.3630705, 9.9339098 61.3621566, 9.9395049 61.3609083, 9.945454 61.3595816, 9.9521649 61.3580851, 9.9577787 61.3568328, 9.9642992 61.3553761, 9.969441 61.3542291, 9.9728581 61.3534615, 9.9791211 61.3520624, 9.9836943 61.3510362, 9.9940985 61.3489786, 9.9994898 61.3478546, 10.002864 61.3470984, 10.009253 61.3456502, 10.0147891 61.3442996, 10.019483 61.3431484, 10.0248635 61.3418351, 10.0295359 61.3402271, 10.0337309 61.3387889, 10.037443 61.3375127, 10.0421905 61.3358814, 10.0440413 61.3352381, 10.0478071 61.333936, 10.0521201 61.3324383, 10.0568569 61.3307938, 10.0642276 61.328269, 10.0700989 61.3262446, 10.0752461 61.3244647, 10.0801921 61.3227631, 10.0858784 61.3208041, 10.0984794 61.3164556, 10.1045787 61.3143494, 10.1108122 61.3121863, 10.1152539 61.3106335, 10.1208021 61.3086911, 10.1262617 61.3067756, 10.1309381 61.3051342, 10.1361993 61.3032945, 10.1412284 61.3015287, 10.1462147 61.2998014, 10.1510614 61.2981179, 10.1554656 61.296594, 10.160307 61.2949128, 10.1630723 61.2926351, 10.1675463 61.2889759, 10.1708293 61.2862751, 10.1772237 61.2812207, 10.1799434 61.2790838, 10.1833016 61.276654, 10.1860857 61.2746418, 10.1889288 61.2734352, 10.1916218 61.2724683, 10.1968789 61.2705783, 10.2012294 61.2690286, 10.2054915 61.2674929, 10.209386 61.2664111, 10.2151957 61.2648019, 10.2196294 61.2635691, 10.2267694 61.2615883, 10.2332094 61.2598046, 10.2382439 61.2584091, 10.2492356 61.2553561, 10.2561021 61.2534548, 10.2631617 61.2515017, 10.2686387 61.2499794, 10.2735418 61.2486222, 10.2791315 61.2470713, 10.2837342 61.2458069, 10.2874893 61.2444353, 10.2926928 61.2425423, 10.2957773 61.2403408, 10.298827 61.2381688, 10.302853 61.2352996, 10.3051865 61.2327491, 10.3083569 61.2292895, 10.3113073 61.2260671, 10.3155881 61.2238024, 10.3209525 61.2209668, 10.3235274 61.2196032, 10.3261936 61.217475, 10.3292298 61.2150495, 10.3317216 61.2130592, 10.3339291 61.2112961, 10.3352809 61.2096737, 10.3365442 61.2081635, 10.3406614 61.2041496, 10.3430888 61.2018084, 10.3451246 61.1998392, 10.3479838 61.1970945, 10.3508377 61.1943418, 10.3544909 61.1908237, 10.3570417 61.188382, 10.3592062 61.1862982, 10.3611803 61.1844004, 10.3635755 61.1820953, 10.3664643 61.1793232, 10.368256 61.1775853, 10.3693798 61.1765056, 10.3713298 61.174968, 10.3739235 61.172948, 10.3776383 61.1700367, 10.3800577 61.1681554, 10.3819889 61.1666465, 10.3843895 61.1647747, 10.3870824 61.1626738, 10.3881982 61.1614771, 10.3904714 61.1590409, 10.3934902 61.1558113, 10.3951639 61.1540165, 10.3971983 61.151834, 10.3994085 61.1494715, 10.400999 61.1477676, 10.4031824 61.1454293, 10.4054998 61.1429414, 10.4081203 61.140127, 10.411063812572511 61.13937315235952, 10.422128197478317 61.1382818391442)"
way/296229069-420,way/295444099-420,420.0,1876.85,184817.73,Al/St 240/40 4-bundle 380.0,"LINESTRING (8.4114797704165 60.57446959226896, 8.422763747324073 60.57356395656391, 8.4266853 60.573534, 8.4328222 60.573476, 8.4387177 60.5734233, 8.4436208 60.5733759, 8.4492588 60.5733311, 8.4540921 60.5747437, 8.4589389 60.5761616, 8.4629273 60.5773237, 8.4669077 60.5784885, 8.4710115 60.5796875, 8.4763008 60.5812263, 8.4793693 60.5821195, 8.4822553 60.5829601, 8.4857959 60.5839929, 8.4879363 60.585002, 8.4912246 60.5865695, 8.493703 60.5877577, 8.49675 60.5892145, 8.4996843 60.5906133, 8.5029352 60.5921647, 8.5057622 60.5935134, 8.5087985 60.5949646, 8.5119849 60.5964817, 8.5158151 60.5983094, 8.5188192 60.5997341, 8.5226172 60.601538, 8.5262221 60.6032548, 8.5305995 60.6045766, 8.5348052 60.6058379, 8.5398638 60.6073544, 8.5441446 60.6086392, 8.5485274 60.6099502, 8.5531408 60.6113297, 8.5576576 60.6126854, 8.5611981 60.6137462, 8.5651249 60.6149255, 8.5698241 60.6163284, 8.5742497 60.617647, 8.5780209 60.6187761, 8.5821032 60.6200052, 8.5864538 60.6211263, 8.5896724 60.6219579, 8.5924458 60.6226658, 8.5970002 60.6226816, 8.6005193 60.6227, 8.6054277 60.6227369, 8.6102128 60.6227606, 8.6143112 60.6227895, 8.6189568 60.6227658, 8.6233824 60.6227421, 8.6256194 60.6227237, 8.6317509 60.6226895, 8.6365145 60.6226632, 8.6408275 60.6226395, 8.6452264 60.6226132, 8.649593 60.6225842, 8.6540347 60.6225606, 8.6582941 60.6225316, 8.6624998 60.6225053, 8.6664534 60.6224816, 8.6708522 60.6224553, 8.6755675 60.6224264, 8.6799717 60.6224106, 8.6832708 60.6231869, 8.6869132 60.6240579, 8.6905396 60.6249263, 8.6945897 60.6258946, 8.698082 60.6267287, 8.7007266 60.6273602, 8.7046641 60.6283021, 8.707931 60.6290862, 8.7117559 60.6299992, 8.7163103 60.6310936, 8.7209558 60.6321986, 8.7246466 60.6330799, 8.7285197 60.6340085, 8.7341899 60.6353633, 8.7377894 60.6362182, 8.7413192 60.637052, 8.7453586 60.6373335, 8.7494838 60.637636, 8.754403 60.637991, 8.757678 60.6382304, 8.7609208 60.6384671, 8.7659633 60.6388327, 8.7706679 60.6391773, 8.774938 60.639485, 8.7792993 60.639798, 8.7840468 60.6401452, 8.7887406 60.6404871, 8.7933218 60.6408185, 8.7978065 60.641142, 8.8023636 60.6414734, 8.8070977 60.6418153, 8.8114428 60.6421283, 8.8162279 60.6424754, 8.8207018 60.6428015, 8.8255405 60.6431487, 8.8299555 60.6434669, 8.8334852 60.6437272, 8.8368434 60.6439613, 8.8410866 60.644269, 8.8446486 60.6445267, 8.8490421 60.6448423, 8.8537252 60.6451789, 8.8582206 60.645505, 8.862142 60.6457864, 8.8658863 60.6460546, 8.8696307 60.6463202, 8.8731766 60.6465779, 8.8773179 60.646875, 8.88147 60.6471748, 8.8859278 60.647493, 8.8905573 60.6478243, 8.8932717 60.6480241, 8.8977992 60.6483449, 8.9003581 60.6485264, 8.9042365 60.6488051, 8.9089626 60.6491416, 8.9144397 60.6495361, 8.9203781 60.6499567, 8.9232051 60.6501592, 8.9289719 60.6505746, 8.9342773 60.6509506, 8.9400762 60.6513634, 8.9460415 60.651792, 8.951481 60.6521758, 8.9557296 60.6524808, 8.9600801 60.652791, 8.9656591 60.653188, 8.9710182 60.6535666, 8.975594 60.6538926, 8.9799929 60.6542055, 8.9863014 60.6546498, 8.9921969 60.6550704, 8.9977813 60.6554674, 9.0041596 60.6559169, 9.0094542 60.6562928, 9.0147114 60.6566635, 9.0215403 60.6571446, 9.0252256 60.6574127, 9.0282458 60.6576204, 9.0337121 60.6580068, 9.0401065 60.6584563, 9.0428209 60.6575441, 9.0468603 60.6561141, 9.0523374 60.6541608, 9.0562856 60.6527542, 9.0605879 60.6512188, 9.0641284 60.6499646, 9.0677226 60.6486762, 9.0713167 60.6474009, 9.0746105 60.6462202, 9.0776521 60.6446976, 9.080919 60.6430277, 9.0843522 60.6412919, 9.0887806 60.6390524, 9.0931874 60.6368205, 9.0972429 60.6347661, 9.1010892 60.6328115, 9.1044581 60.631112, 9.1077948 60.6294203, 9.1102892 60.6281548, 9.1141462 60.6262025, 9.1185021 60.6235974, 9.1222572 60.6217, 9.1270691 60.6192578, 9.1308135 60.6171127, 9.1336217 60.6155085, 9.1371542 60.613483, 9.1413492 60.6110743, 9.1454101 60.6087497, 9.149723 60.6062696, 9.1523302 60.6047715, 9.158113 60.6033549, 9.1623563 60.6023227, 9.1671359 60.6011535, 9.1728115 60.5997657, 9.1787499 60.5983147, 9.1831219 60.5972507, 9.1868287 60.5963447, 9.190439 60.595465, 9.1947788 60.5943983, 9.1981262 60.5935766, 9.2027503 60.5924492, 9.2057973 60.5917038, 9.2103463 60.5905869, 9.215861 60.5892382, 9.2186263 60.5885638, 9.2219335 60.5877498, 9.2274427 60.585658, 9.2319649 60.5839323, 9.2360419 60.5823778, 9.2404675 60.5806914, 9.2454833 60.5787731, 9.2508799 60.5767123, 9.2555845 60.574915, 9.2616624 60.5725957, 9.2645109 60.5715098, 9.2690706 60.5697623, 9.2734533 60.5680858, 9.2776591 60.5664804, 9.282605 60.5645876, 9.2870253 60.5629003, 9.2901742 60.5616981, 9.2930174 60.5606092, 9.2967939 60.5591617, 9.2997336 60.5580384, 9.304685 60.5561398, 9.3076515 60.5550085, 9.3125975 60.553115, 9.3170392 60.5514087, 9.3200326 60.5502693, 9.3230581 60.5491062, 9.3259281 60.548009, 9.3286854 60.5469499, 9.3318397 60.5457431, 9.3351334 60.5444796, 9.338792 60.5430709, 9.3416351 60.541984, 9.345932 60.5403325, 9.3491238 60.5391188, 9.3518811 60.5380635, 9.357841 60.5357772, 9.3632644 60.5336939, 9.3674487 60.5320947, 9.3722176 60.530258, 9.3746799 60.5284554, 9.3784296 60.5257237, 9.3810153 60.5238364, 9.3841428 60.521553, 9.387061 60.5194174, 9.3905532 60.5168829, 9.3945229 60.5139891, 9.3972319 60.5120008, 9.4006437 60.5095133, 9.4052517 60.5081268, 9.4097686 60.5067614, 9.4168657 60.5046142, 9.4188115 60.5040255, 9.4197697 60.5037357, 9.4220692 60.50304, 9.4275141 60.5013971, 9.4340265 60.4994212, 9.4387203 60.4980027, 9.4450289 60.49609, 9.4512302 60.4942063, 9.4568252 60.4925259, 9.4609451 60.4912656, 9.467023 60.4894185, 9.4721729 60.4878489, 9.4756973 60.486961, 9.4814694 60.4854811, 9.4855893 60.4851217, 9.4901383 60.4847147, 9.4949448 60.4842918, 9.5011246 60.4837474, 9.5091069 60.4830497, 9.5135915 60.4826585, 9.51828 60.4822356, 9.525522 60.481596, 9.5324635 60.4809828, 9.5370126 60.4798198, 9.5408589 60.4788286, 9.5433694 60.4772347, 9.547618 60.4745383, 9.5518559 60.4718469, 9.5564961 60.4688989, 9.5603639 60.4664451, 9.5649183 60.4635468, 9.5683622 60.4613597, 9.571656 60.4592703, 9.5749175 60.4577151, 9.5790535 60.4557339, 9.5828462 60.453914, 9.5860165 60.4523955, 9.590925 60.4500489, 9.5958656 60.4476836, 9.6009725 60.4452362, 9.6035743 60.4439951, 9.6081877 60.4417803, 9.6124899 60.4397267, 9.6186 60.4368048, 9.6230739 60.4346636, 9.6277571 60.4324136, 9.6329176 60.4299518, 9.6372038 60.4279053, 9.6416026 60.4257979, 9.6474123 60.4230125, 9.6512532 60.4211775, 9.6559954 60.4189081, 9.6619391 60.4160559, 9.6675128 60.41341, 9.6712518 60.4116407, 9.6756399 60.4095508, 9.6794915 60.4077203, 9.683826 60.4056632, 9.6892977 60.4030576, 9.6954024 60.4001589, 9.7001713 60.3978828, 9.7071612 60.3945703, 9.7130406 60.3917769, 9.7196013 60.3886705, 9.7250354 60.3860913, 9.7311723 60.3831806, 9.7350669 60.3813274, 9.7400773 60.3789412, 9.7439074 60.3771117, 9.7514015 60.3752131, 9.7568679 60.3738289, 9.7635734 60.3721422, 9.7694421 60.3706518, 9.7755468 60.369087, 9.7817373 60.3675328, 9.7862273 60.3663949, 9.79105 60.3651774, 9.7985816 60.3632649, 9.8043752 60.3617899, 9.8079613 60.3608919, 9.8122984 60.3598003, 9.8199695 60.3578662, 9.825924 60.3563698, 9.8315138 60.3549609, 9.8354834 60.3539526, 9.8410946 60.3525356, 9.8472208 60.3509938, 9.8530143 60.3495263, 9.8564208 60.3486664, 9.8620212 60.3472625, 9.8672676 60.3459408, 9.8714679 60.3448738, 9.8781198 60.3431751, 9.8842728 60.3416143, 9.8885858 60.340518, 9.8940468 60.3391296, 9.8984563 60.3380146, 9.9048024 60.3364085, 9.9108589 60.3348739, 9.9147427 60.3338862, 9.921754 60.3321099, 9.9267429 60.3308487, 9.9312597 60.3297015, 9.9360877 60.3284774, 9.9424607 60.3268654, 9.9484849 60.3253304, 9.9547183 60.3237635, 9.9588972 60.3226958, 9.9642563 60.3213412, 9.9691111 60.3201087, 9.9737835 60.3189267, 9.9789387 60.3176251, 9.9833482 60.3165147, 9.987672 60.3154175, 9.9931115 60.314044, 9.9971509 60.3130265, 10.002974 60.3115586, 10.0100952 60.3097585, 10.0172836 60.3079357, 10.0211084 60.3069631, 10.024488 60.3061075, 10.0288063 60.3050073, 10.0355011 60.3033092, 10.0416273 60.3017465, 10.0467771 60.3004442, 10.0522381 60.297765, 10.05867 60.2946044, 10.0640291 60.2919833, 10.0696081 60.2892715, 10.0749832 60.2866446, 10.0799131 60.2842408, 10.0859588 60.2813156, 10.0898641 60.2794141, 10.096001 60.276438, 10.1019341 60.2735587, 10.1066977 60.2712484, 10.112915 60.2682396, 10.119245 60.2651826, 10.1225281 60.2635994, 10.1275706 60.2611687, 10.1303655 60.2595375, 10.1343673 60.2572289, 10.1388252 60.2546459, 10.1428646 60.2523117, 10.1460189 60.250491, 10.1480854 60.2492964, 10.1482767 60.2491857, 10.1485732 60.2491583, 10.1555112 60.2485152, 10.1597947 60.2481172, 10.1673813 60.2474124, 10.173997 60.2467961, 10.1795438 60.246281, 10.1859248 60.24569, 10.192983 60.2450331, 10.2011778 60.244664, 10.2074347 60.2443821, 10.2161734 60.2439901, 10.2222486 60.2437238, 10.23239 60.2432879, 10.237918 60.2430472, 10.2483696 60.2426123, 10.2533381 60.2424059, 10.2588648 60.2421783, 10.2666123 60.2414421, 10.2717964 60.2409505, 10.2773526 60.2404206, 10.2834734 60.2398405, 10.2894205 60.2392746, 10.2957129 60.2386755, 10.3027349 60.2380059, 10.3086405 60.2374459, 10.3143074 60.2369093, 10.321717 60.2362063, 10.3292097 60.2354952, 10.3376895 60.2346897, 10.3443803 60.2340532, 10.3526562 60.2332648, 10.3600182 60.232567, 10.3656998 60.2320251, 10.3703266 60.2315876, 10.3757395 60.2310734, 10.3794032 60.2304876, 10.3865339 60.2293469, 10.3923744 60.2284153, 10.3993669 60.2273019, 10.4041332 60.2265407, 10.4093917 60.2257029, 10.413655 60.225023, 10.4197534 60.2240436, 10.4236659 60.2234185, 10.4292494 60.2225268, 10.4352656 60.2215623, 10.441153 60.2206192, 10.4477362 60.2195613, 10.4527563 60.2187581, 10.4570988 60.218064, 10.4620931 60.2172646, 10.4657838 60.2166704, 10.4711241 60.2158151, 10.4771134 60.2148491, 10.4804367 60.2143162, 10.4867238 60.2133035, 10.489803 60.2128092, 10.4966104 60.2117139, 10.5031925 60.2106572, 10.5091014 60.209703, 10.5163649 60.2085357, 10.5207959 60.2078227, 10.5269542 60.2068325, 10.5330965 60.205845, 10.5402955 60.2046828, 10.543533 60.2036458, 10.549053 60.2018791, 10.5551322 60.1999343, 10.5598086 60.198438, 10.5632123 60.1973489, 10.5658892 60.1964931, 10.5702639 60.1950919, 10.575344 60.1934707, 10.5807379 60.1914228, 10.5849329 60.1898281, 10.5888006 60.1883586, 10.5958763 60.1880813, 10.6029332 60.1878012, 10.6095421 60.1875425, 10.6142575 60.1873585, 10.6197466 60.1871418, 10.6259345 60.1868991, 10.6296828 60.1867531, 10.6358063 60.1857036, 10.6397062 60.1832484, 10.643566 60.180837, 10.6474127 60.1784188, 10.6509232 60.1762045, 10.654217 60.1741342, 10.6572506 60.1722218, 10.660091 60.170436, 10.6643605 60.1677473, 10.6670916 60.1660242, 10.6704618 60.1638945, 10.6752348 60.1617226, 10.678723 60.1601391, 10.6819564 60.1586717, 10.6863391 60.156679, 10.6894505 60.1552695, 10.6939834 60.1532191, 10.6986719 60.1510926, 10.7036608 60.1488297, 10.707255 60.1471956, 10.7115519 60.1452516, 10.7152265 60.1435905, 10.7172918 60.1426531, 10.7212347 60.1408691, 10.725199 60.1390155, 10.7296997 60.1369134, 10.734061 60.1348686, 10.7368585 60.1335624, 10.7411849 60.1315307, 10.7446825 60.1298904, 10.7488829 60.1279213, 10.753625 60.1256956, 10.7585657 60.1233735, 10.762471 60.1215484, 10.7665372 60.1196429, 10.7717138 60.1172082, 10.7759517 60.1152223, 10.7801629 60.1132479, 10.7849961 60.1109802, 10.7900548 60.1086117, 10.7953012 60.1061494, 10.8005047 60.1037056, 10.8053595 60.1014355, 10.8095276 60.0994781, 10.8122474 60.0981985, 10.8138433 60.0965016, 10.8161634 60.0940464, 10.8183038 60.0917863, 10.8202404 60.0897347, 10.8223218 60.0875359, 10.8244085 60.0853235, 10.8259213 60.0837236, 10.8279651 60.0815645, 10.8306044 60.0787791, 10.8336461 60.0755559, 10.8368942 60.0721183, 10.8388227 60.0700735, 10.8414996 60.0672389, 10.8439833 60.0646236, 10.8456087 60.0628889, 10.8470088 60.0614165, 10.8472851 60.0595664, 10.8476686 60.056909, 10.8479154 60.0552141, 10.8481756 60.0533905, 10.8484089 60.0517851, 10.8487549 60.049435, 10.8512413 60.0471719, 10.854004 60.0446742, 10.856241 60.0426357, 10.8593523 60.0398095, 10.8618844 60.0375136, 10.8648992 60.03477, 10.8667767 60.0330578, 10.8703655 60.0297913, 10.8724415 60.0279073, 10.8743995 60.0261225, 10.8769315 60.0238175, 10.8789593 60.0219895, 10.8809012 60.020207, 10.8830631 60.0182474, 10.8862951 60.0153092, 10.8877408 60.0139955, 10.8906832 60.0113197, 10.8929068 60.0093033, 10.8934915 60.0067612, 10.8940414 60.0043623, 10.8950096 60.0006089, 10.8955032 59.9979548, 10.8964366 59.9961736, 10.8976006 59.9939457, 10.8992261 59.9908578, 10.9004304 59.9885168, 10.9049445 59.9885785, 10.9121194 59.9888375, 10.917964 59.9890467, 10.9237522 59.989256, 10.9281832 59.9894143, 10.9348994 59.9896585, 10.9406877 59.9898597, 10.9470418 59.9925775, 10.9528622 59.9950684, 10.9560031 59.996411, 10.960713 59.9984255, 10.9658629 60.0006384, 10.9709912 60.0028404, 10.977045 60.0054565, 10.9814948 60.0073726, 10.9858346 60.0092443, 10.9900135 60.0110516, 10.9950507 60.0138762, 10.9987843 60.0159553, 11.0032529 60.0182461, 11.0094219 60.0207953, 11.0123724 60.0220163, 11.0147354 60.023, 11.0198691 60.0228606, 11.0246676 60.0227266, 11.0332185 60.0225845, 11.0387438 60.0223594, 11.0470694 60.0219788, 11.0502547 60.0218328, 11.054376 60.0218179, 11.0595685 60.0218528, 11.0636616 60.020467, 11.0689294 60.0187031, 11.0733943 60.0169058, 11.0781348 60.0149821, 11.0834465 60.0130075, 11.0882226 60.0111776, 11.0924873 60.0098691, 11.0961512 60.0088541, 11.1022961 60.0071581, 11.1057401 60.0062141, 11.1102086 60.0049738, 11.1150688 60.0050234, 11.1214578 60.005073, 11.122511647504448 60.00508198486783, 11.133642821639393 60.005591020864685)"
relation/7879876-300,way/287115458-300,300.0,1005.455,81960.52,Al/St 240/40 3-bundle 300.0,"LINESTRING (8.493090650804385 59.86546681192415, 8.50303788589741 59.86610641641976, 8.5064977 59.8663629, 8.5150856 59.8667526, 8.5214907 59.8670421, 8.5275471 59.8671444, 8.5352933 59.8672656, 8.5451102 59.8674204, 8.5530388 59.8675443, 8.5625553 59.8677032, 8.5686815 59.8676211, 8.5752046 59.8675335, 8.5844019 59.867411, 8.5914534 59.8673195, 8.5985935 59.8673572, 8.6054975 59.8673976, 8.6130184 59.867438, 8.6203945 59.86642, 8.6272556 59.8656929, 8.6327004 59.8656202, 8.6390895 59.8655313, 8.6447114 59.8654586, 8.6497942 59.865911, 8.6536834 59.8662611, 8.6618239 59.8669936, 8.6652303 59.8674204, 8.670938 59.8681408, 8.6761469 59.868911, 8.6852181 59.8702183, 8.6908668 59.8720937, 8.6984199 59.8753058, 8.7029207 59.8772173, 8.708902 59.8756585, 8.7142825 59.8745143, 8.7193412 59.8736339, 8.7287718 59.872052, 8.7365234 59.8710705, 8.7413728 59.8704647, 8.7481588 59.8696353, 8.7541294 59.8688975, 8.7599283 59.867411, 8.7646276 59.8662019, 8.7706035 59.8646533, 8.7811393 59.8619344, 8.7852108 59.8608019, 8.7896794 59.8602793, 8.7925655 59.8599399, 8.795768 59.8592921, 8.8010184 59.8564354, 8.8061951 59.8536175, 8.8113141 59.8508291, 8.8166946 59.8477628, 8.8181162 59.8458227, 8.8194734 59.8440064, 8.8274556 59.8407563, 8.8335764 59.8382524, 8.8383561 59.8375112, 8.8454908 59.8363926, 8.8538513 59.8350799, 8.8600954 59.8341041, 8.8687348 59.8327508, 8.8752499 59.8317305, 8.8824838 59.8305969, 8.8894388 59.8295036, 8.8964903 59.8283915, 8.9016375 59.8275934, 8.9081204 59.8265689, 8.9147025 59.825307, 8.9192216 59.8244653, 8.9270461 59.8223463, 8.9360905 59.8199112, 8.9400816 59.8188419, 8.9525324 59.8155016, 8.9584333 59.8139129, 8.9627302 59.8126506, 8.9705461 59.8102781, 8.9753017 59.8088376, 8.9816719 59.8069006, 8.984853 59.8038694, 8.9879698 59.8009014, 8.9901262 59.7988614, 8.992846 59.7962734, 8.9954075 59.7938432, 8.9967298 59.7924275, 9.0009087 59.7876418, 9.0029365 59.7857117, 9.0230209 59.7854998, 9.0257111 59.784887, 9.02851 59.7842418, 9.0406752 59.7814542, 9.0454924 59.7803472, 9.0508783 59.7791106, 9.0584797 59.7773555, 9.0638709 59.7761242, 9.0743798 59.7736938, 9.0808546 59.772203, 9.0881985 59.7704206, 9.0947646 59.768584, 9.1047049 59.7658127, 9.1106969 59.7638219, 9.1146398 59.7624901, 9.1241482 59.7593157, 9.1310817 59.7569827, 9.1392973 59.7542132, 9.1485858 59.7510799, 9.1571742 59.7481802, 9.1624314 59.7463991, 9.1679674 59.7445314, 9.1776931 59.7435422, 9.1839105 59.7429016, 9.195106 59.7417609, 9.2091286 59.7408742, 9.2185861 59.7402714, 9.2288911 59.7400173, 9.2363477 59.7398389, 9.2443514 59.7396361, 9.2526555 59.7394199, 9.2602193 59.7392198, 9.2685449 59.7389927, 9.274081 59.7386494, 9.2827713 59.7380979, 9.2884952 59.7377276, 9.2978132 59.7371382, 9.3032137 59.7367932, 9.3102077 59.7363357, 9.3205047 59.7377113, 9.3268615 59.7370003, 9.3349457 59.7360919, 9.339838 59.7355431, 9.3481743 59.7346049, 9.3556845 59.7337587, 9.3625939 59.7329732, 9.370898 59.7328664, 9.376992 59.7327826, 9.3850654 59.7326717, 9.3946999 59.7325528, 9.4030684 59.7326717, 9.4088727 59.7327501, 9.4152135 59.7328394, 9.4231045 59.7329448, 9.4321543 59.7330584, 9.4382912 59.733126, 9.4449967 59.7332179, 9.4565892 59.7333531, 9.4634074 59.7334315, 9.4712287 59.7335153, 9.4781381 59.7335937, 9.485997 59.7336803, 9.4928902 59.733756, 9.4998586 59.7338371, 9.5061725 59.734002, 9.5142192 59.7342183, 9.5233333 59.7344616, 9.5245185 59.7344914, 9.5268464 59.7345499, 9.5321578 59.7346833, 9.5420551 59.7349375, 9.5510942 59.7351619, 9.5587116 59.7356053, 9.5657605 59.7360243, 9.578914 59.7367813, 9.5885579 59.7372818, 9.5992552 59.7378391, 9.6055269 59.7381682, 9.614051 59.7386089, 9.6229881 59.7390711, 9.6283847 59.7393523, 9.6367425 59.7397848, 9.6414149 59.74002, 9.6483672 59.7403768, 9.6539193 59.7405079, 9.6598068 59.7406404, 9.6703076 59.739355, 9.6783221 59.7383791, 9.6844536 59.7376248, 9.6952361 59.7363055, 9.7027624 59.7353863, 9.7104683 59.7344414, 9.7165918 59.7336938, 9.7244346 59.7327447, 9.7321808 59.7320309, 9.7425878 59.7310575, 9.7507954 59.7303004, 9.7606659 59.7293891, 9.7689512 59.7286211, 9.7754395 59.7281452, 9.7849667 59.7274975, 9.791109 59.7271581, 9.8001365 59.726675, 9.8073323 59.7282432, 9.8124894 59.7293563, 9.8184514 59.7278315, 9.8202968 59.7273677, 9.8249772 59.7258397, 9.8309531 59.7238972, 9.8340272 59.7229253, 9.834940811986932 59.72263829529418, 9.84364273959598 59.72003347872525)"
relation/7879879-420,NO84-420,420.0,1876.85,69684.3,Al/St 240/40 4-bundle 380.0,"LINESTRING (8.67793104060643 59.882397858616, 8.68744073708231 59.88068570670368, 8.6921114 59.8797155, 8.696993 59.878733, 8.7031755 59.8774919, 8.7091756 59.8759224, 8.7143442 59.8748225, 8.7192661 59.8739543, 8.728922 59.8723415, 8.738063 59.8711998, 8.7453157 59.8703004, 8.7537271 59.8694711, 8.7602556 59.8677988, 8.7649709 59.8665843, 8.7712741 59.864963, 8.7785268 59.8630966, 8.7815469 59.8623156, 8.7855381 59.8612032, 8.7898725 59.8606955, 8.7937269 59.8602409, 8.7960309 59.858546, 8.8004029 59.8561472, 8.8040319 59.8541658, 8.8066471 59.8527406, 8.8115528 59.8499359, 8.8127746 59.8479702, 8.8159345 59.8452298, 8.8213268 59.8424178, 8.8270774 59.8405191, 8.8341263 59.8376972, 8.8380879 59.8370799, 8.8452226 59.8359694, 8.8543099 59.8345489, 8.8598138 59.8336916, 8.8684693 59.8323478, 8.8749951 59.8313167, 8.8822424 59.830179, 8.8891679 59.8290979, 8.8962543 59.8279952, 8.9013934 59.8271863, 8.9077771 59.8261793, 8.9145631 59.8249484, 8.9191329 59.8241236, 8.9267725 59.8220766, 8.935774 59.8196577, 8.9398026 59.8185843, 8.9522105 59.8152494, 8.9581865 59.8136378, 8.9624673 59.8123647, 8.970257 59.810019, 8.9742476 59.8088012, 8.9812213 59.8066915, 8.9843434 59.8037251, 8.987436 59.8007624, 8.9897025 59.7986347, 8.992213 59.796241, 8.9945975 59.793966, 8.9958876 59.7923304, 9.0003455 59.7875325, 9.0020095 59.7853868, 9.0230397 59.7850959, 9.0260035 59.7844834, 9.0288037 59.7838301, 9.0407181 59.7811194, 9.0452778 59.7800772, 9.0502667 59.7789378, 9.0582544 59.7770909, 9.0636295 59.7758514, 9.0741384 59.7734291, 9.0806428 59.7719222, 9.087925 59.7701586, 9.094482 59.7683236, 9.104737 59.7654426, 9.110375 59.7635841, 9.1136634 59.7624712, 9.123593 59.7591509, 9.130902 59.7567368, 9.1326025 59.7568301, 9.1401905 59.7542686, 9.1487628 59.7513772, 9.1576034 59.7483964, 9.1621256 59.7468586, 9.1681888 59.7448006, 9.1778326 59.743826, 9.1840231 59.7431989, 9.1951919 59.7420555, 9.2105395 59.7410824, 9.2186344 59.7405688, 9.2289072 59.7403174, 9.2363691 59.7401362, 9.2440885 59.7399389, 9.2526984 59.7397172, 9.2602569 59.7395118, 9.2682391 59.7393009, 9.2741561 59.7389414, 9.2822617 59.7384169, 9.2885703 59.7380195, 9.2978883 59.7374302, 9.3036419 59.7370991, 9.3122971 59.7375626, 9.3185509 59.7379004, 9.3204859 59.7380182, 9.3270171 59.7372923, 9.334538 59.7364353, 9.339956 59.735827, 9.348295 59.7348902, 9.3562129 59.7340006, 9.3625376 59.7327312, 9.3708846 59.732619, 9.3769732 59.7325379, 9.3849635 59.7324324, 9.3946141 59.7322986, 9.4031811 59.7323689, 9.4088834 59.73245, 9.4153824 59.7325433, 9.4230965 59.7326433, 9.432165 59.7327596, 9.4382644 59.7328434, 9.4450182 59.7329232, 9.4566576 59.7330543, 9.4639438 59.7331368, 9.4711161 59.7332152, 9.4778377 59.7332909, 9.486013 59.7333855, 9.493196 59.7334694, 9.4966213 59.7335059, 9.4969567 59.7335095, 9.4976334 59.7335167, 9.5005453 59.7335478, 9.5062128 59.7337032, 9.5143157 59.7339236, 9.5233709 59.7341534, 9.53219 59.7343846, 9.5420712 59.7346401, 9.5511156 59.7348618, 9.5576012 59.7352457, 9.5654494 59.7357107, 9.5789462 59.7364867, 9.588621 59.7369858, 9.5993122 59.737541, 9.6055913 59.7378708, 9.6140563 59.7383115, 9.6232429 59.7387873, 9.6284679 59.7390603, 9.6368068 59.7394888, 9.6416026 59.7397335, 9.6490914 59.7401011, 9.6540749 59.7402146, 9.6596351 59.7403444, 9.6784347 59.7380574, 9.6843088 59.7373383, 9.6947291 59.7360649, 9.7027034 59.7350916, 9.7102189 59.7341696, 9.7168279 59.7333585, 9.7244078 59.7324392, 9.7320574 59.7317362, 9.7424859 59.7307668, 9.7507122 59.7300016, 9.7598666 59.7291592, 9.7688252 59.7283264, 9.775359 59.7278464, 9.7849023 59.7271987, 9.79105 59.7268688, 9.8002392 59.7263685, 9.809619215843979 59.72652971754054, 9.819521813347576 59.727689974523784)"
NO87-300,way/206538656-300,300.0,1005.455,69319.07,Al/St 240/40 3-bundle 300.0,"LINESTRING (8.631587606653556 59.49973348061359, 8.637126508616733 59.50351261969196, 8.6392719 59.5042411, 8.6495313 59.5054028, 8.6549064 59.5060235, 8.6607895 59.5067047, 8.6665338 59.5073723, 8.6782256 59.5087169, 8.6848533 59.5094818, 8.6891019 59.5108999, 8.6941188 59.512564, 8.7008285 59.5147904, 8.7073168 59.5169485, 8.7126517 59.5187132, 8.7161815 59.5198655, 8.7233672 59.5222681, 8.7270552 59.5234816, 8.7310785 59.5248175, 8.7379423 59.5270946, 8.7440148 59.5291036, 8.7496448 59.5309615, 8.7574607 59.5335415, 8.7635574 59.5355555, 8.7689218 59.537322, 8.7735593 59.5381746, 8.7791705 59.5391998, 8.7864608 59.5405364, 8.7930965 59.5417479, 8.80003 59.5430205, 8.8069555 59.5442726, 8.8134947 59.5454772, 8.8195807 59.5473872, 8.8239178 59.5487384, 8.8297623 59.5505586, 8.8372645 59.5529046, 8.8425109 59.5545383, 8.8481382 59.5562929, 8.8549375 59.5584157, 8.8612086 59.5603617, 8.8661599 59.5619026, 8.8707465 59.5633429, 8.8760939 59.5628955, 8.882221 59.5622668, 8.8891572 59.5615493, 8.8962007 59.5608182, 8.9037162 59.5600545, 8.9114544 59.5592664, 8.9219794 59.5581955, 8.9272191 59.5576601, 8.9348808 59.5568786, 8.9456257 59.5558023, 8.9520979 59.555135, 8.9612335 59.5541972, 8.9664826 59.5536589, 8.9741296 59.5531397, 8.9816612 59.5526287, 8.9926502 59.5519273, 8.9998828 59.5514747, 9.0055409 59.5510928, 9.0122437 59.5506401, 9.0209234 59.550057, 9.0260357 59.5497036, 9.0364587 59.548975, 9.0468335 59.5482518, 9.0540326 59.5477325, 9.0604752 59.5472676, 9.0639192 59.5470691, 9.067803 59.5468326, 9.0696457 59.5467252, 9.0780008 59.546354, 9.0795189 59.5462969, 9.0842932 59.5447825, 9.0920287 59.5423964, 9.0939331 59.5418635, 9.0948504 59.5398471, 9.0962398 59.536623, 9.1010678 59.5327513, 9.1069686 59.5280236, 9.110131 59.5254854, 9.1137305 59.5226123, 9.1189849 59.5184281, 9.1238397 59.5145645, 9.1296521 59.5099295, 9.131881 59.5081549, 9.1338243 59.5065978, 9.1380461 59.5028643, 9.1407189 59.5004963, 9.1440877 59.4975048, 9.1539623 59.4934107, 9.1563347 59.4924317, 9.1619821 59.4901679, 9.1645342 59.4891459, 9.1737194 59.4874141, 9.1815904 59.4859361, 9.188642 59.4838495, 9.1947681 59.4820531, 9.1995746 59.480642, 9.202812 59.4796913, 9.205175 59.4772775, 9.2075729 59.4748172, 9.2099601 59.472324, 9.2121327 59.4700595, 9.2150027 59.4671109, 9.2174756 59.464579, 9.220363 59.4616087, 9.2231727 59.4599085, 9.2280731 59.4569358, 9.2309698 59.4551856, 9.2351849 59.4526317, 9.2392337 59.4490932, 9.2443997 59.4445051, 9.2483211 59.4425525, 9.2551982 59.4391432, 9.2615014 59.4359982, 9.2663884 59.4336003, 9.2708194 59.4314206, 9.2760095 59.4288765, 9.2791396 59.4273363, 9.2845738 59.424594, 9.2905444 59.4211011, 9.2952195 59.4183596, 9.2994708 59.4158719, 9.3015763 59.4146477, 9.3057981 59.4121774, 9.3103284 59.4095308, 9.3138179 59.4074915, 9.3173745 59.4054138, 9.3195632 59.4041333, 9.3225458 59.4024008, 9.3243188 59.4013727, 9.3264592 59.4005631, 9.3302464 59.3991268, 9.3331325 59.3980344, 9.3386578 59.3959302, 9.3443844 59.3937658, 9.3514118 59.3927088, 9.3544695 59.39225, 9.3671671 59.388964, 9.369212 59.3884565, 9.3732691 59.3873892, 9.3775552 59.3862801, 9.3849421 59.3843637, 9.3911299 59.3827518, 9.3950567 59.3817327, 9.4032866 59.3795927, 9.4073653 59.3785345, 9.4171715 59.3759796, 9.4197893 59.3746515, 9.4236544 59.3724556, 9.4296545 59.36915, 9.4375348 59.3647985, 9.4426042 59.3620047, 9.4476092 59.3592462, 9.4529575 59.3563016, 9.4565785 59.3543219, 9.4615942 59.3515819, 9.4643784 59.3500533, 9.4678116 59.347488, 9.4717652 59.3445245, 9.4762498 59.3411724, 9.4792539 59.3389279, 9.4834113 59.3358023, 9.4865441 59.3334931, 9.4906318 59.330456, 9.4941983 59.3277933, 9.4980615 59.3249254, 9.5019722 59.3220243, 9.5059928 59.3190491, 9.5098311 59.3162105, 9.5140046 59.3131252, 9.5188245 59.3095482, 9.5235452 59.3058298, 9.5266807 59.3033611, 9.5308113 59.3000994, 9.5338261 59.297325, 9.53852 59.2929944, 9.5421302 59.2896714, 9.5466793 59.2855206, 9.5474195 59.2812022, 9.5479479 59.2781741, 9.54791027077407 59.27806369333084, 9.543963792055218 59.27247517968105)"
NO85-300,way/128406208-300,300.0,1005.455,78918.29,Al/St 240/40 3-bundle 300.0,"LINESTRING (9.094020200013784 59.54227654690203, 9.095386588842386 59.546750478788454, 9.0955612 59.54722, 9.09628 59.5491354, 9.096846 59.5506578, 9.1005367 59.5540912, 9.1046083 59.5578938, 9.1092366 59.5623133, 9.1115284 59.5643647, 9.114114 59.566775, 9.1176814 59.5701116, 9.1203448 59.5725806, 9.1227937 59.5748715, 9.1240221 59.5765774, 9.1257763 59.5789869, 9.1283941 59.5826129, 9.1302878 59.5852446, 9.1357031 59.5896981, 9.1400725 59.593304, 9.1429102 59.5956444, 9.1469014 59.598932, 9.1502514 59.6016927, 9.1541433 59.6048996, 9.1559082 59.606353, 9.1593254 59.6091728, 9.1633111 59.612489, 9.1658699 59.6146109, 9.1711807 59.6190172, 9.1736376 59.6213829, 9.1773283 59.6251752, 9.180665 59.6286173, 9.183417 59.6314433, 9.1867429 59.6348698, 9.1910934 59.6393371, 9.1935503 59.6418749, 9.1959804 59.6443664, 9.197402 59.6457707, 9.201597 59.6498015, 9.2052984 59.6532925, 9.2071491 59.6550216, 9.2095578 59.6574823, 9.2134523 59.6589538, 9.2178619 59.6606176, 9.2247713 59.6619074, 9.2269653 59.6623165, 9.231627 59.663189, 9.2367098 59.6641359, 9.2413634 59.6649311, 9.2462531 59.665748, 9.249292 59.6662695, 9.2528717 59.6668705, 9.2574567 59.6676471, 9.2635882 59.6686779, 9.2691898 59.669625, 9.27198 59.6701023, 9.2781955 59.6711891, 9.2816555 59.6718284, 9.2884791 59.6730798, 9.2924166 59.6738003, 9.2990363 59.6750192, 9.3027484 59.6757017, 9.3065143 59.6763951, 9.3117982 59.6773592, 9.3161005 59.6781501, 9.3208802 59.6788447, 9.3246809 59.6793931, 9.3272504 59.6797668, 9.330858 59.6802922, 9.3342081 59.6807756, 9.3380249 59.6813308, 9.3421233 59.6819292, 9.3457174 59.6824532, 9.3499795 59.6830693, 9.3545097 59.683732, 9.3587691 59.684346, 9.3615156 59.6847522, 9.3653834 59.6852693, 9.3685806 59.6856998, 9.3722069 59.6861872, 9.3765521 59.6867693, 9.3799075 59.6872161, 9.3837807 59.6877359, 9.3872809 59.6882043, 9.3897942 59.6885468, 9.395223 59.6892683, 9.3986508 59.6897286, 9.400692 59.6899993, 9.4058847 59.6906964, 9.4075128 59.6909117, 9.4100636 59.6912081, 9.4138616 59.6916643, 9.4160503 59.691916, 9.4196767 59.6923478, 9.4242686 59.6928933, 9.427903 59.693321, 9.4309124 59.6936783, 9.4343322 59.6940817, 9.4384897 59.6945716, 9.4409251 59.6948545, 9.4444844 59.6952754, 9.4478452 59.6956788, 9.4516915 59.6961362, 9.455747 59.6967534, 9.4605911 59.6974896, 9.4651401 59.6981825, 9.4706815 59.6990243, 9.4758743 59.699824, 9.4804957 59.7011651, 9.4829231 59.7018701, 9.4869652 59.7030568, 9.4899264 59.7039242, 9.4927883 59.7043071, 9.4972971 59.7048963, 9.5033187 59.7056994, 9.5080447 59.7063231, 9.5135915 59.7065342, 9.5194723 59.7067485, 9.5253148 59.7069604, 9.5310205 59.7071728, 9.535988 59.7073514, 9.5414597 59.7075516, 9.5470601 59.7077464, 9.5507079 59.7078898, 9.5545998 59.7080224, 9.5572069 59.7081225, 9.5605409 59.7082402, 9.5640412 59.7083593, 9.5686663 59.7085319, 9.5740217 59.7090276, 9.5773503 59.7093347, 9.5819181 59.7097406, 9.5874971 59.7102614, 9.5912703 59.7106021, 9.5952353 59.710973, 9.5991433 59.7113369, 9.6032444 59.7117536, 9.6082869 59.7122676, 9.6143983 59.7128858, 9.6178785 59.7132375, 9.6217677 59.7135324, 9.6273293 59.7139572, 9.6332127 59.7144063, 9.6353129 59.7145672, 9.639257 59.7148601, 9.6442017 59.7152422, 9.6486649 59.7155803, 9.6515912 59.7158008, 9.656505 59.7161741, 9.6595842 59.7164122, 9.6625453 59.7159523, 9.6632699 59.7158406, 9.6676683 59.7151624, 9.6718901 59.7145212, 9.6744168 59.7141317, 9.6818358 59.7129873, 9.6880478 59.7120295, 9.6932995 59.7116995, 9.6984869 59.7113667, 9.703331 59.7110664, 9.7036263 59.7110476, 9.7060726 59.7108921, 9.7097576 59.7106578, 9.7167367 59.7102168, 9.7225034 59.7098488, 9.7258776 59.7102303, 9.7289139 59.7105766, 9.7373307 59.7115317, 9.7406942 59.7119105, 9.7470885 59.7126275, 9.7543037 59.7134337, 9.761197 59.7142074, 9.7661698 59.7147593, 9.7722048 59.7154275, 9.7767062 59.7159162, 9.7802406 59.7168991, 9.7829282 59.7176295, 9.7888666 59.7192606, 9.7932386 59.7204508, 9.7965699 59.7213596, 9.8005128 59.7224395, 9.8057592 59.7238749, 9.8116171 59.7254665, 9.8144749 59.7262858, 9.8185285 59.7274328, 9.8187177 59.7274863, 9.8188755 59.7275729, 9.8223728 59.7294918, 9.8267609 59.7319092, 9.8309773 59.7342237, 9.8344347 59.7361271, 9.8388308 59.7385278, 9.8425832 59.7405958, 9.8470008 59.7430962, 9.8504448 59.7450423, 9.8540819 59.7471045, 9.8566461 59.7493693, 9.8590547 59.7515015, 9.8617315 59.7538551, 9.8642367 59.7560681, 9.865213 59.7586646, 9.8663396 59.7617391, 9.8674232 59.7646755, 9.8684853 59.7675576, 9.8698693 59.7697697, 9.8711085 59.7717952, 9.8721278 59.7734359, 9.8748207 59.7750184, 9.8792168 59.7775918, 9.8816335 59.7790121, 9.8841199 59.780466, 9.8874244 59.7823884, 9.8902488 59.7846589, 9.8931777 59.7870318, 9.8950633 59.7885623, 9.8989338 59.7919012, 9.9010473 59.7937392, 9.905237 59.7950455, 9.9105638 59.7967106, 9.9131951 59.7975364, 9.9208474 59.7992527, 9.9248975 59.8001593, 9.9284971 59.8009635, 9.9334431 59.8020752, 9.9386412 59.8032327, 9.9439841 59.8044387, 9.9494666 59.8056609, 9.9548605 59.8068709, 9.9621132 59.8084829, 9.9677432 59.8093245, 9.9722654 59.8100043, 9.9749905 59.8104009, 9.9816799 59.8113828, 9.9886054 59.8124078, 9.9945982 59.8132845, 10.000391 59.8141328, 10.0046048 59.8147525, 10.0104842 59.815627, 10.015811 59.8167949, 10.0212613 59.8179896, 10.0244249 59.8186834, 10.0294796 59.8197952, 10.0346321 59.8209352, 10.0397685 59.822078, 10.0461173 59.8236528, 10.0498684 59.8245871, 10.0531286 59.825338, 10.0589329 59.8266646, 10.0634229 59.8276919, 10.0665383 59.8289604, 10.0704449 59.8305483, 10.0744455 59.8321766, 10.0766408 59.8330689, 10.079838 59.8343723, 10.084096 59.8361042, 10.0886397 59.8379505, 10.0939196 59.840096, 10.1005554 59.8427829, 10.1033637 59.8438575, 10.1060218 59.8448701, 10.112671 59.8474044, 10.1149186 59.8482559, 10.1172897 59.8491559, 10.1226515 59.8511928, 10.1258674 59.8524146, 10.1310468 59.8543827, 10.1349199 59.8558576, 10.1425776 59.8569015, 10.1454046 59.8572894, 10.1504928 59.857987, 10.1539662 59.8584598, 10.1597947 59.8592558, 10.1676857 59.8603386, 10.1718432 59.8607561, 10.1788518 59.861455, 10.1817244 59.8616907, 10.1864156 59.8620759, 10.1922441 59.8625553, 10.1975334 59.8635175, 10.2006689 59.8640904, 10.204565026620577 59.86479895012666, 10.215403544041438 59.86705890115977)"
way/288812256-300,relation/7879876-300,300.0,1005.455,47940.21,Al/St 240/40 3-bundle 300.0,"LINESTRING (7.72521194852504 59.77401381236456, 7.733666747965844 59.7798738154817, 7.7349463 59.7807131, 7.7368158 59.7819402, 7.7429017 59.7853729, 7.7460265 59.7871154, 7.7489018 59.788592, 7.7513266 59.7897959, 7.7541697 59.7909404, 7.7576458 59.7919647, 7.7632302 59.7919174, 7.7664006 59.7917784, 7.7732831 59.791993, 7.7760941 59.7931131, 7.7783632 59.7940253, 7.7807236 59.7949133, 7.7851573 59.79548, 7.7886039 59.7958093, 7.7962428 59.7963099, 7.798453 59.7965136, 7.8009622 59.7967423, 7.8047012 59.7970797, 7.8098416 59.7961196, 7.8157184 59.7949618, 7.8173424 59.7946447, 7.8189746 59.7947351, 7.8238374 59.7950064, 7.826871 59.7945604, 7.8352046 59.7931914, 7.8386043 59.7924458, 7.8409874 59.7919215, 7.8515741 59.7895867, 7.8552514 59.7886339, 7.8613883 59.7871546, 7.8664309 59.7859385, 7.8687161 59.7854687, 7.8750381 59.7843659, 7.8849059 59.7826341, 7.891252 59.7815271, 7.8941596 59.7809817, 7.8972387 59.7806145, 7.9054141 59.779656, 7.9077664 59.7793847, 7.9129525 59.778524, 7.9188198 59.7775337, 7.9259706 59.7776593, 7.9293394 59.7777443, 7.9348326 59.7784599, 7.9435685 59.7795872, 7.9530233 59.7785679, 7.9596189 59.7778537, 7.9680571 59.7780225, 7.9723245 59.7781089, 7.9764363 59.7782128, 7.9824257 59.7785746, 7.9880208 59.7789095, 7.995995 59.779386, 8.0043501 59.7798801, 8.0121794 59.7803432, 8.0177718 59.7806766, 8.0239275 59.7810411, 8.031258 59.7814704, 8.0369818 59.7818093, 8.0457258 59.7823263, 8.0527398 59.782734, 8.0593488 59.7831227, 8.0684361 59.7836883, 8.0751926 59.7841135, 8.0818766 59.784532, 8.0859885 59.7848343, 8.094192 59.7854384, 8.1024545 59.7860545, 8.109895 59.7866025, 8.1149214 59.7869751, 8.1192934 59.7878632, 8.1252855 59.7891022, 8.1363335 59.7913857, 8.1406814 59.7922818, 8.1474352 59.7919309, 8.1537706 59.79163, 8.1618386 59.7912508, 8.1732568 59.790719, 8.1803727 59.790387, 8.1868207 59.7900834, 8.1917909 59.7898512, 8.1985581 59.7895584, 8.2012778 59.7894396, 8.2054138 59.7892398, 8.2093674 59.7890644, 8.2133532 59.7892844, 8.2203028 59.789665, 8.2296932 59.7901778, 8.2337728 59.7903951, 8.2400411 59.7906974, 8.2456362 59.7909538, 8.2491124 59.7911765, 8.2533127 59.7914451, 8.2587415 59.7917663, 8.2645136 59.7920821, 8.2716832 59.7924721, 8.2755911 59.7926813, 8.2814652 59.7929997, 8.2849735 59.79319, 8.2870388 59.793302, 8.2926071 59.7936029, 8.2958043 59.7937743, 8.3001172 59.7945273, 8.3087057 59.7960359, 8.3153576 59.7972045, 8.3182758 59.7977172, 8.3254856 59.7989855, 8.3320007 59.8001324, 8.3390933 59.801376, 8.3424103 59.8019591, 8.3473697 59.802828, 8.3522272 59.8036792, 8.3552045 59.804204, 8.360762 59.805178, 8.3625591 59.8054964, 8.3667377 59.8062247, 8.369548 59.8067229, 8.3718932 59.8078826, 8.3774507 59.8106329, 8.3820587 59.8129203, 8.3851594 59.8144578, 8.3905452 59.816834, 8.3966768 59.819601, 8.399418 59.8208038, 8.4063542 59.8238429, 8.4084088 59.824734, 8.4100315 59.8254486, 8.419159 59.8283079, 8.4245449 59.8300064, 8.4302258 59.8317911, 8.4336944 59.8328938, 8.4373552 59.8352605, 8.4424514 59.8384141, 8.4478962 59.8400151, 8.4511524 59.8411902, 8.4561145 59.8434028, 8.4607896 59.8454387, 8.4643328 59.8469881, 8.4706197 59.8497284, 8.4765154 59.8525695, 8.481971 59.8551989, 8.4845567 59.8564462, 8.4865509 59.8575062, 8.4894919 59.859078, 8.491725562982566 59.86056613892678, 8.493090650804385 59.86546681192415)"
NO86-420,relation/7879879-420,420.0,1876.85,127670.69,Al/St 240/40 4-bundle 380.0,"LINESTRING (6.684334400000002 59.54186069690163, 6.687431424751111 59.54606511774392, 6.6879822 59.5468101, 6.6899215 59.5494426, 6.6919801 59.5522366, 6.6931106 59.5537677, 6.6948071 59.55607, 6.6975845 59.5581418, 6.7006302 59.5600641, 6.7054461 59.5611287, 6.7106871 59.5622606, 6.7152522 59.5632526, 6.7198978 59.5642567, 6.7232211 59.5649136, 6.7298998 59.5662254, 6.7329562 59.5668273, 6.7414856 59.5685031, 6.7454794 59.5692911, 6.7488456 59.5699486, 6.751505 59.5704737, 6.7583714 59.5718892, 6.763925 59.5730357, 6.7673287 59.5737345, 6.7779502 59.5759282, 6.7835507 59.5763153, 6.7893791 59.5762487, 6.7942098 59.5761903, 6.8007249 59.5771852, 6.8138047 59.5791865, 6.8284415 59.5812413, 6.8306409 59.5815502, 6.836187 59.5823253, 6.8392494 59.5827541, 6.8435839 59.5833632, 6.8483756 59.5847143, 6.8508647 59.5854143, 6.8553373 59.5866819, 6.8589851 59.5884124, 6.8631627 59.590398, 6.8688342 59.5921711, 6.8714024 59.5925431, 6.8747874 59.5946955, 6.8786953 59.5971973, 6.8825322 59.5996364, 6.8850012 59.6012129, 6.8888153 59.6036429, 6.8925852 59.6065471, 6.8941878 59.6076768, 6.8961874 59.6092319, 6.898651 59.6111478, 6.9006358 59.6126864, 6.9032925 59.6144732, 6.9054933 59.6160341, 6.9084826 59.6176464, 6.9112118 59.6191535, 6.9160518 59.6222367, 6.9192624 59.6242862, 6.9233447 59.6268861, 6.9257138 59.6283942, 6.9292825 59.6299466, 6.936454 59.6331275, 6.9413437 59.6356698, 6.9436705 59.6368805, 6.9488472 59.6395771, 6.955609 59.6432576, 6.9639721 59.6478031, 6.9665658 59.648783, 6.9702257 59.6498151, 6.975574 59.6513275, 6.9804516 59.6522491, 6.9848196 59.6530777, 6.9891112 59.6538847, 6.9958958 59.6546341, 7.0049255 59.6551307, 7.0092559 59.6557561, 7.0122077 59.6561382, 7.0156315 59.6565792, 7.0301168 59.6588678, 7.0327266 59.6592756, 7.0400785 59.6605072, 7.0486495 59.6633543, 7.0508972 59.6640953, 7.0587373 59.6666827, 7.0656091 59.6689705, 7.0780304 59.6700067, 7.0839098 59.6702979, 7.0945904 59.6708261, 7.100286 59.6712094, 7.1072262 59.6716835, 7.1108794 59.6719313, 7.1145809 59.6723769, 7.118631 59.6728618, 7.1229909 59.6733879, 7.1275976 59.6739405, 7.1331847 59.6746136, 7.1385571 59.6754505, 7.1417275 59.6759448, 7.1493651 59.6754837, 7.1530424 59.6753611, 7.1571261 59.6752277, 7.1621686 59.6750625, 7.1663904 59.674923, 7.1710025 59.6747646, 7.1747844 59.6739479, 7.1813142 59.6733249, 7.1888888 59.6734509, 7.195821 59.6740752, 7.2048292 59.6768893, 7.2091509 59.6782347, 7.2145092 59.6800647, 7.2193873 59.6817111, 7.2220087 59.6828215, 7.2259033 59.6844489, 7.2287303 59.6856538, 7.2328609 59.6874259, 7.2365543 59.6890829, 7.240752 59.6911093, 7.243579 59.6924656, 7.24639 59.6938137, 7.2504133 59.6955651, 7.2539431 59.6970944, 7.2564644 59.697878, 7.2593826 59.6983341, 7.266705 59.6994708, 7.2736788 59.7001231, 7.2785443 59.7005805, 7.2845927 59.7010203, 7.2904828 59.7015508, 7.2968772 59.7033247, 7.3002997 59.7042705, 7.3046207 59.7055708, 7.3103821 59.7073013, 7.3150384 59.7086962, 7.3222053 59.7107971, 7.3250592 59.7118442, 7.3299032 59.7136176, 7.3321831 59.7144401, 7.3397282 59.7172007, 7.3441726 59.7179758, 7.3525733 59.7188427, 7.3585331 59.7194635, 7.3608318 59.7195987, 7.3653996 59.7198692, 7.3721802 59.7202668, 7.3767883 59.7205373, 7.3818952 59.7208376, 7.3874447 59.7211581, 7.3902476 59.7213244, 7.3950756 59.7216003, 7.3988789 59.7218248, 7.4060297 59.7222407, 7.4119299 59.7223657, 7.4185342 59.7225091, 7.4267042 59.7229878, 7.4326318 59.7247025, 7.4355984 59.7255598, 7.4427599 59.7293296, 7.4494654 59.7328745, 7.4613878 59.7349916, 7.4666905 59.7356391, 7.471666 59.7362596, 7.4763089 59.7368395, 7.479533 59.7371585, 7.4829206 59.7373829, 7.4899399 59.7378438, 7.4958354 59.7382263, 7.5032598 59.7387116, 7.5119179 59.7392752, 7.5241649 59.7400714, 7.5292021 59.7404012, 7.5322652 59.7410986, 7.5352237 59.7417933, 7.5442064 59.7438408, 7.5472507 59.7445355, 7.5507054 59.7453653, 7.5539857 59.7464194, 7.5584328 59.7478423, 7.5630851 59.7492193, 7.5673538 59.7497584, 7.5799012 59.7514826, 7.5853622 59.7516312, 7.591086 59.7517771, 7.5954688 59.7518947, 7.5986069 59.7527972, 7.602362 59.7538822, 7.605747 59.7550954, 7.6085365 59.7563653, 7.6132464 59.7585484, 7.6199144 59.7598534, 7.6240236 59.7603991, 7.6320326 59.7616607, 7.6368713 59.7624225, 7.6423082 59.7643162, 7.6483002 59.7650185, 7.6527634 59.7655399, 7.6565856 59.7659855, 7.6641494 59.7673388, 7.6673841 59.7679438, 7.6732475 59.768927, 7.6807737 59.7702315, 7.6847273 59.7707636, 7.6911566 59.770981, 7.6962662 59.7711525, 7.7004021 59.7712929, 7.7047688 59.7714198, 7.7243596 59.7745174, 7.7284232 59.7768897, 7.7330527 59.7799463, 7.7348739 59.7811491, 7.7366093 59.7822183, 7.7432933 59.7862476, 7.7469975 59.7883666, 7.7490252 59.7894612, 7.7541375 59.7913169, 7.7576727 59.7924302, 7.7623504 59.7938958, 7.7656844 59.7965244, 7.7690291 59.7991555, 7.770853 59.8005911, 7.7733797 59.8013115, 7.779294 59.8029925, 7.7841367 59.8035828, 7.7901864 59.8043983, 7.7965875 59.8062302, 7.8092489 59.8076371, 7.8167161 59.806701, 7.8236791 59.8053075, 7.8282309 59.8043989, 7.8347969 59.8031086, 7.8419906 59.8019348, 7.8480229 59.8009513, 7.8520784 59.8002916, 7.8566046 59.7997903, 7.8623405 59.7986927, 7.867666 59.7977374, 7.8735039 59.7967052, 7.8779295 59.7959239, 7.8835702 59.7951683, 7.8907773 59.7939255, 7.8982405 59.7927197, 7.904714 59.791518, 7.9106873 59.7904801, 7.9191142 59.7890212, 7.9290926 59.7885326, 7.9353154 59.7878105, 7.9423267 59.7872747, 7.9498556 59.7870493, 7.9571754 59.7853203, 7.9624446 59.7840953, 7.9690227 59.7844415, 7.9743898 59.7835155, 7.9822111 59.782167, 7.9887852 59.7810371, 7.9958957 59.7798099, 8.0042347 59.780304, 8.012284 59.7807873, 8.0176753 59.7811005, 8.023847 59.7814677, 8.0301502 59.781839, 8.0368933 59.7822372, 8.0456346 59.7827508, 8.0526325 59.7831592, 8.0593085 59.7835547, 8.0683261 59.7841189, 8.075096 59.7845394, 8.0817667 59.7849585, 8.0858678 59.7852609, 8.0892742 59.7855132, 8.0940673 59.7858683, 8.1023338 59.7864797, 8.1097716 59.7870318, 8.1149268 59.7874394, 8.1189662 59.7882721, 8.1243789 59.789387, 8.136009 59.7917838, 8.1405526 59.7927231, 8.1475264 59.7923628, 8.1538457 59.7920605, 8.1619137 59.7916853, 8.173348 59.7911468, 8.1804451 59.7908094, 8.1869039 59.7905105, 8.1914422 59.7902993, 8.1986627 59.7899848, 8.2013476 59.7898688, 8.2051349 59.7896866, 8.2093701 59.789499, 8.2132539 59.7897136, 8.2202062 59.7900928, 8.2299185 59.7906259, 8.2336897 59.790827, 8.2399607 59.7911252, 8.2455397 59.7913844, 8.2490319 59.791607, 8.2532054 59.7918742, 8.2586476 59.7921954, 8.2644224 59.7925112, 8.2715946 59.7929053, 8.2755093 59.7931185, 8.2813847 59.7934289, 8.2859096 59.7936745, 8.2925239 59.7940334, 8.2954355 59.7941886, 8.2993984 59.794862, 8.3087379 59.7965015, 8.3150572 59.7976147, 8.3179915 59.7981274, 8.3251986 59.799393, 8.3317351 59.8005425, 8.3388269 59.8017891, 8.3421421 59.802372, 8.3470881 59.80323, 8.3519375 59.804088, 8.355073 59.804637, 8.3604777 59.8055881, 8.3622882 59.8059037, 8.3671617 59.8067698, 8.3709598 59.8080512, 8.3761632 59.8107408, 8.3812541 59.813128, 8.3859962 59.8154207, 8.3900946 59.8172385, 8.3954751 59.8196253, 8.3993053 59.8213296, 8.4057856 59.8241664, 8.4078294 59.8250589, 8.4097659 59.825822, 8.4187031 59.8286854, 8.4246576 59.8305672, 8.4295555 59.8320818, 8.4326523 59.8330677, 8.4357029 59.8351284, 8.4404719 59.8381662, 8.4475368 59.84029, 8.4506267 59.8415352, 8.4555727 59.8437342, 8.4603792 59.8458362, 8.4637642 59.8473155, 8.4700566 59.8500558, 8.47592 59.8528713, 8.4808874 59.8552232, 8.4835213 59.8563977, 8.4888697 59.8593473, 8.4938499 59.8627281, 8.4964925 59.8651475, 8.4982815 59.8661709, 8.5064167 59.8666597, 8.5150319 59.8670448, 8.5214531 59.8673356, 8.5275364 59.867438, 8.535862 59.867578, 8.5450888 59.8677207, 8.553012 59.8678473, 8.5625607 59.8680089, 8.568601 59.8679227, 8.574931 59.8678378, 8.5837179 59.867718, 8.5914481 59.8676157, 8.5986149 59.8676561, 8.6055028 59.8676938, 8.6130774 59.8677369, 8.6191875 59.8670448, 8.6225295 59.8666624, 8.6273548 59.8661184, 8.6327165 59.8660537, 8.6391377 59.8659676, 8.6446309 59.8658975, 8.649314 59.866315, 8.6534232 59.8666812, 8.6580151 59.8670933, 8.6616629 59.8674245, 8.6650962 59.8677988, 8.6707878 59.8684236, 8.6759806 59.8691964, 8.6810902 59.8699504, 8.6832225 59.8713438, 8.6824286 59.8739596, 8.6815327 59.8768862, 8.68122944031625 59.8778829255647, 8.67793104060643 59.882397858616)"
NO38-420,NO36-420,420.0,1876.85,3147.55,Al/St 240/40 4-bundle 380.0,"LINESTRING (6.186622400000008 62.073048397298436, 6.188980523104814 62.07740504143473, 6.2008695562442595 62.09589934476098, 6.202313299999997 62.10034589730227)"
NO38-420,NO36-420,420.0,1876.85,3150.36,Al/St 240/40 4-bundle 380.0,"LINESTRING (6.186622400000008 62.073048397298436, 6.187678550396709 62.077517908049415, 6.199518953786558 62.09605023416144, 6.202313299999997 62.10034589730227)"
relation/7883264-300,NO89-300,300.0,1005.455,18736.3,Al/St 240/40 3-bundle 300.0,"LINESTRING (7.850781238790937 59.624699733692246, 7.856104758570664 59.62045869386698, 7.8570324 59.6199152, 7.8615278 59.6172293, 7.8649396 59.6138322, 7.8678739 59.6109015, 7.8716934 59.6071048, 7.8740215 59.6047761, 7.8743434 59.602678, 7.875076 59.5978171, 7.875604 59.5942679, 7.8758293 59.5927854, 7.8769451 59.5870424, 7.8778517 59.5829116, 7.8783023 59.5808393, 7.8789514 59.5779302, 7.8794637 59.575628, 7.8813037 59.5724319, 7.8827575 59.5699106, 7.8843319 59.5671595, 7.8859037 59.5644218, 7.8880119 59.560719, 7.8895918 59.5579699, 7.8914398 59.5547517, 7.8925556 59.5528, 7.896426 59.5497185, 7.8992638 59.5474538, 7.9019058 59.5453372, 7.9060176 59.5424508, 7.908217 59.5409022, 7.9118755 59.5383309, 7.9144505 59.536521, 7.9176691 59.5342677, 7.9216254 59.531481, 7.925241 59.5289377, 7.9292482 59.5261193, 7.9332125 59.5233252, 7.9349399 59.5221103, 7.9371205 59.5198343, 7.9384884 59.5183989, 7.9415113 59.5152435, 7.9438099 59.512835, 7.9472727 59.5091388, 7.9495847 59.5066673, 7.9516822 59.5044323, 7.9542223 59.5017685, 7.9572129 59.5006155, 7.9602438 59.4994488, 7.9673517 59.4967178, 7.9690361 59.4945136, 7.9741162 59.4878904, 7.9760313 59.4853873, 7.9789576 59.4815587, 7.9804677 59.4795857, 7.981087290018101 59.478786413425524, 7.98704244972473 59.47544844699188)"
relation/8182117-420,NO91-420,420.0,1876.85,132759.65,Al/St 240/40 4-bundle 380.0,"LINESTRING (7.249616362912333 59.3460548524069, 7.257933459562742 59.34876164545334, 7.2612172 59.3490017, 7.2661123 59.34936, 7.2677216 59.349453, 7.2712246 59.3504375, 7.2756287 59.3516065, 7.284531 59.3530244, 7.2883934 59.3535453, 7.2923201 59.3544805, 7.298921 59.3560418, 7.3093361 59.358508, 7.3151672 59.3598887, 7.3232675 59.3618078, 7.3273632 59.3627852, 7.3320839 59.3639087, 7.3366034 59.3646809, 7.3435557 59.3658891, 7.3491856 59.3668581, 7.3545688 59.3677888, 7.3583293 59.3684435, 7.3605207 59.3688193, 7.369203 59.3699672, 7.3761231 59.3698415, 7.3793551 59.36978, 7.389341 59.3701367, 7.3966795 59.3704237, 7.4036318 59.3706833, 7.4083015 59.3708596, 7.4115792 59.3709894, 7.4179199 59.3712203, 7.4235365 59.3714335, 7.4285737 59.3699085, 7.4350566 59.3679501, 7.4388331 59.3668117, 7.441577 59.3661092, 7.4500126 59.3657005, 7.4553032 59.365445, 7.4596444 59.3652317, 7.4659878 59.3649256, 7.4692842 59.364767, 7.4740237 59.3645347, 7.4762593 59.3647008, 7.4781436 59.3648832, 7.4807239 59.3651716, 7.4887946 59.3654108, 7.4911791 59.3655092, 7.4930298 59.3655885, 7.5070846 59.3661898, 7.5137687 59.3664768, 7.5185966 59.3666791, 7.5211769 59.3667884, 7.523725 59.3669005, 7.5275069 59.367059, 7.5319594 59.3677096, 7.5375438 59.3685296, 7.5422215 59.3692129, 7.546851 59.3689833, 7.5496995 59.3688412, 7.5540554 59.3686225, 7.5568745 59.3686293, 7.5632286 59.3686252, 7.5694299 59.3686416, 7.5738931 59.3686471, 7.5804752 59.3686635, 7.5866872 59.3684066, 7.5917351 59.3679884, 7.5946104 59.3664686, 7.5987625 59.36429, 7.6014233 59.3628959, 7.6045185 59.3612337, 7.6072812 59.36008, 7.6102853 59.3588402, 7.6141316 59.3572476, 7.6308525 59.3548551, 7.6404011 59.3533074, 7.6430994 59.352148, 7.6493597 59.3485655, 7.6524603 59.3467796, 7.6608744 59.3459359, 7.6647449 59.3457417, 7.6715174 59.3459728, 7.6762569 59.346156, 7.6847327 59.345434, 7.6914543 59.3450182, 7.6967061 59.3447693, 7.7046508 59.3439816, 7.7128964 59.3431957, 7.7162996 59.342919, 7.7192943 59.3432718, 7.7233887 59.343916, 7.7281952 59.3446422, 7.734147 59.3455461, 7.7379101 59.3460685, 7.74479 59.3469437, 7.7516645 59.3478189, 7.7576593 59.3485833, 7.7642065 59.3494174, 7.7701771 59.3501777, 7.774018 59.3506713, 7.7779636 59.3515833, 7.7809945 59.3522635, 7.7891993 59.3541045, 7.7958995 59.3555196, 7.8015053 59.356698, 7.8045537 59.3573419, 7.8100669 59.3585094, 7.8171158 59.3599953, 7.8203317 59.3606719, 7.8233573 59.3613062, 7.8266215 59.361991, 7.8331608 59.3633497, 7.8408077 59.3649502, 7.8495276 59.3642026, 7.8562278 59.3646017, 7.8612757 59.3650445, 7.8680026 59.3656541, 7.8754431 59.3658181, 7.8782648 59.365296, 7.8822237 59.3645689, 7.8881299 59.3634864, 7.8952271 59.3621851, 7.8995857 59.3618728, 7.9032576 59.3618133, 7.9068089 59.3617532, 7.9111433 59.3616821, 7.9189968 59.3606651, 7.9233098 59.3600965, 7.928752 59.359387, 7.9355112 59.3585039, 7.9434103 59.3574704, 7.949 59.356739, 7.9558369 59.3564273, 7.9637253 59.3560637, 7.9683065 59.3558504, 7.9711765 59.3557164, 7.9761466 59.3554881, 7.9788677 59.3552837, 7.9888523 59.3544983, 8.0000438 59.353611, 8.0041838 59.3532842, 8.0074427 59.3530299, 8.0171978 59.3522546, 8.0231175 59.3517952, 8.0277121 59.3523627, 8.0323336 59.3529355, 8.0392885 59.3537942, 8.0452055 59.354527, 8.0493629 59.3550424, 8.0529141 59.3553651, 8.056452 59.3556826, 8.0638388 59.3573829, 8.0722448 59.3593268, 8.0805999 59.3612638, 8.0876648 59.3629041, 8.0965108 59.3649543, 8.1007808 59.364845, 8.1059307 59.3647192, 8.1139451 59.3645224, 8.1178558 59.3644212, 8.1280428 59.3631583, 8.1311528 59.3627653, 8.1359982 59.3636012, 8.1420278 59.3646317, 8.1464186 59.3653835, 8.1545565 59.3667734, 8.1641829 59.3684196, 8.1721276 59.3697814, 8.1814939 59.3713775, 8.1852503 59.372017, 8.1883818 59.3725499, 8.19233 59.3732974, 8.1968039 59.3741596, 8.2031393 59.3745367, 8.208096 59.3748264, 8.2125512 59.3750846, 8.2164565 59.3753114, 8.2220569 59.3756366, 8.2259166 59.3755239, 8.2342905 59.3752814, 8.2400009 59.3757309, 8.2493082 59.3764523, 8.2539779 59.376591, 8.2667908 59.3769715, 8.270275 59.376869, 8.2765044 59.3766525, 8.281948 59.3764633, 8.284889 59.3761804, 8.2965875 59.3750477, 8.3014744 59.3745627, 8.3051893 59.3741883, 8.3093736 59.3737647, 8.3148453 59.3732154, 8.3180867 59.3726408, 8.3283824 59.3708036, 8.334994 59.3696201, 8.3416995 59.3684284, 8.3470935 59.3674595, 8.3510765 59.3667502, 8.3568594 59.3660395, 8.3609283 59.3655106, 8.3697635 59.3656732, 8.3757609 59.3657716, 8.3790144 59.3658167, 8.3816859 59.3657757, 8.3925542 59.3656144, 8.3981453 59.3655304, 8.4023067 59.3654614, 8.4148333 59.364221, 8.4182096 59.3638834, 8.4252691 59.3631815, 8.433702 59.3613513, 8.4373364 59.3604901, 8.4407937 59.3596659, 8.4533894 59.3566679, 8.4583676 59.3554785, 8.4618652 59.3546459, 8.4652045 59.3536834, 8.4700647 59.3523025, 8.4825128 59.3487597, 8.4868741 59.3475249, 8.4932014 59.3457239, 8.4995475 59.3439187, 8.5037392 59.342723, 8.5098392 59.3412545, 8.5159278 59.3397992, 8.5213995 59.3384861, 8.5254443 59.3375135, 8.5285342 59.3367681, 8.5311574 59.3360773, 8.5335499 59.3354658, 8.5355776 59.3349377, 8.5414731 59.3334022, 8.5473405 59.3318686, 8.5510835 59.3308938, 8.5574913 59.3292191, 8.5617399 59.3281081, 8.5692877 59.3261309, 8.5731769 59.3251129, 8.5793352 59.3226429, 8.5858396 59.3200235, 8.5889482 59.3188164, 8.5939747 59.3171056, 8.6002403 59.3149731, 8.6064953 59.3128487, 8.6156416 59.3098453, 8.6220413 59.3074358, 8.6259037 59.3059845, 8.6338846 59.3029764, 8.6398244 59.300743, 8.6432362 59.2994613, 8.6467311 59.2981494, 8.6493087 59.2971579, 8.6525917 59.2957938, 8.6563736 59.2942311, 8.6609977 59.2923164, 8.6659625 59.2902604, 8.6699617 59.2886029, 8.6762059 59.2862536, 8.6833638 59.2851113, 8.6870474 59.2845069, 8.6930314 59.2833081, 8.7015903 59.2815886, 8.7076172 59.2805953, 8.7125444 59.2797937, 8.7177882 59.2789853, 8.7285733 59.2773218, 8.7348846 59.276353, 8.7394229 59.2756527, 8.7438244 59.2748086, 8.7471543 59.2741693, 8.7510502 59.2734203, 8.7560029 59.2724658, 8.7601791 59.2716627, 8.7653196 59.2709945, 8.7722021 59.2700968, 8.7738436 59.2698823, 8.7795433 59.2695979, 8.7827754 59.269441, 8.7874022 59.2692237, 8.7908354 59.2690606, 8.7961757 59.2688057, 8.8002205 59.268607, 8.804056 59.2684205, 8.8085863 59.268204, 8.8131461 59.2679819, 8.8173223 59.267775, 8.8259576 59.2670622, 8.832116 59.2665523, 8.8377821 59.2660828, 8.8400634 59.26581, 8.8518262 59.2638491, 8.8577646 59.2628539, 8.8646445 59.2617009, 8.8669538 59.2613157, 8.8743728 59.2601175, 8.8783506 59.25948, 8.8828862 59.2588232, 8.8893342 59.257895, 8.8990599 59.256491, 8.9024261 59.2558233, 8.9066747 59.2549156, 8.9126721 59.2527627, 8.917205 59.2511336, 8.9246321 59.2492904, 8.9275262 59.2485732, 8.940838 59.2444792, 8.9459181 59.2421144, 8.9501184 59.2410856, 8.9527416 59.2404422, 8.9577654 59.2392145, 8.9700687 59.23621, 8.9770263 59.2345047, 8.9786571 59.2341068, 8.9816719 59.2333604, 8.9883453 59.2317056, 8.9939591 59.2303156, 8.9991814 59.2290203, 9.0031162 59.2280858, 9.0104681 59.2272336, 9.0145853 59.2273104, 9.0196493 59.2274051, 9.0251157 59.2275094, 9.0335593 59.2276658, 9.0394789 59.2277749, 9.0438268 59.2278566, 9.046623 59.2278532, 9.0503472 59.227858, 9.0557975 59.2278607, 9.0597349 59.2278648, 9.0676904 59.2278676, 9.0744764 59.2278785, 9.0818699 59.2257329, 9.0844515 59.2249808, 9.0860152 59.2245286, 9.0882495 59.2238822, 9.0977365 59.2211262, 9.10375 59.2193803, 9.1094604 59.2177276, 9.1182983 59.2151606, 9.1211763 59.2143287, 9.1241294 59.2136313, 9.1310683 59.2120085, 9.1344747 59.2112081, 9.1429102 59.2092296, 9.1518956 59.2071233, 9.1579608 59.2056959, 9.1689759 59.2038661, 9.1731816 59.2035365, 9.1820759 59.2028416, 9.1888779 59.2023006, 9.1928825 59.2022566, 9.2009211 59.2021893, 9.2133021 59.2020918, 9.2168856 59.2025642, 9.2221695 59.2033333, 9.2273247 59.2040776, 9.2316163 59.204701, 9.2390513 59.2057776, 9.2471194 59.2069311, 9.2577678 59.2084552, 9.2613834 59.2084991, 9.2721981 59.2086584, 9.2795902 59.2087641, 9.2846864 59.2088383, 9.2944591 59.2089797, 9.3014449 59.209084, 9.3100709 59.2088637, 9.3155614 59.2087257, 9.321308 59.2085726, 9.3273676 59.208863, 9.3327207 59.2091402, 9.3388617 59.2094452, 9.3436573 59.2096428, 9.3505347 59.2108717, 9.3562317 59.211863, 9.3626556 59.2129723, 9.3687415 59.2140211, 9.3749428 59.2150906, 9.3839711 59.2166487, 9.3900329 59.2177002, 9.4011158 59.2188697, 9.4089639 59.2188601, 9.4184107 59.2188422, 9.4252449 59.218845, 9.4272633 59.2194603, 9.430925566984643 59.2209326285668, 9.438009547951506 59.224103446902994)"
NO90-420,way/206538656-420,420.0,1876.85,8390.69,Al/St 240/40 4-bundle 380.0,"LINESTRING (9.457948001302611 59.231361847007264, 9.456629558916818 59.23602897072929, 9.4560112 59.2375703, 9.4618088 59.2430211, 9.4685197 59.2433338, 9.4715881 59.2432148, 9.4755293 59.2430936, 9.4809221 59.2429272, 9.4879754 59.2426356, 9.4928715 59.2424347, 9.4965756 59.2422797, 9.5010388 59.2420925, 9.509819 59.2417228, 9.5157091 59.2414772, 9.517183 59.2424848, 9.5230678 59.2464871, 9.5269918 59.2493234, 9.5297974 59.2510444, 9.5310795 59.2539447, 9.5320505 59.2561195, 9.5337269 59.2598474, 9.5354462 59.2637093, 9.5363447 59.2657257, 9.539034385583555 59.2675371786382, 9.544332509392458 59.27266723104603)"
way/51854396-420,way/206538656-420,420.0,1876.85,49697.43,Al/St 240/40 4-bundle 380.0,"LINESTRING (9.544332509392458 59.27266723104603, 9.550725912178113 59.27725442625016, 9.5519927 59.2786715, 9.5566785 59.2838397, 9.56307 59.287072, 9.5716696 59.2914102, 9.5814702 59.2959787, 9.584831 59.2964882, 9.5899057 59.2974058, 9.5925343 59.2978686, 9.6044326 59.2999461, 9.6080402 59.3005828, 9.6114627 59.3011881, 9.6146843 59.3017575, 9.6270464 59.3039371, 9.6309519 59.3045331, 9.6430167 59.306429, 9.6485708 59.3065355, 9.654024 59.3066363, 9.6617163 59.30679, 9.6698107 59.307225, 9.6731635 59.3074108, 9.6805262 59.307821, 9.6880411 59.3082213, 9.6910808 59.3083913, 9.6947043 59.3086684, 9.7048404 59.3094205, 9.7093471 59.3097927, 9.715402 59.3103305, 9.7212784 59.3108767, 9.7296089 59.3123254, 9.7348111 59.3132327, 9.7476674 59.3154957, 9.7542409 59.3166446, 9.7583171 59.3173288, 9.7645948 59.3184072, 9.7706994 59.3191047, 9.7814603 59.320288, 9.7862251 59.3196422, 9.7919835 59.3188811, 9.797301 59.3181496, 9.8054325 59.3170309, 9.8119987 59.316114, 9.8175676 59.3153396, 9.8229153 59.3145953, 9.8328959 59.3132122, 9.8350293 59.3129101, 9.838508 59.3130497, 9.8458467 59.3133762, 9.8533672 59.3137019, 9.8599253 59.3139839, 9.8694404 59.3143979, 9.877696 59.3149505, 9.8825482 59.3152633, 9.8867297 59.3155494, 9.8977362 59.3162871, 9.9078347 59.316955, 9.9124749 59.3172623, 9.915839 59.3174695, 9.9196102 59.3177169, 9.9227652 59.3178204, 9.9305302 59.3180541, 9.9361897 59.3182183, 9.9394579 59.3183121, 9.9425815 59.3183952, 9.9502782 59.3186069, 9.9599036 59.3188811, 9.9706304 59.3191927, 9.9776459 59.3193995, 9.983251 59.3195722, 9.9892382 59.3197488, 9.994906 59.3199185, 9.9980347 59.3200078, 10.0049487 59.3201245, 10.0100188 59.3202312, 10.0190485 59.3203892, 10.0243096 59.3204847, 10.0322369 59.3204775, 10.042034 59.3204392, 10.053592 59.3205018, 10.0640271 59.3210132, 10.0690255 59.3212604, 10.0736026 59.3214981, 10.0815818 59.3218926, 10.0936129 59.3224792, 10.1035397 59.3229773, 10.1069478 59.3231253, 10.1086798 59.3232086, 10.1206869 59.323796, 10.1234974 59.3241076, 10.1274486 59.3245611, 10.1355442 59.3254847, 10.1406068 59.3252644, 10.1473559 59.3249685, 10.1559605 59.3245886, 10.1626962 59.3242997, 10.1699576 59.3247108, 10.1764663 59.3250855, 10.1861116 59.3256806, 10.1923668 59.3260687, 10.197355 59.3263803, 10.2029011 59.3267253, 10.2090655 59.3271086, 10.2146318 59.3274469, 10.221983 59.3278362, 10.2293192 59.3282298, 10.2376994 59.328706, 10.2398057 59.3288004, 10.2454517 59.3290478, 10.2492004 59.3292123, 10.2622061 59.3297951, 10.2680299 59.3300547, 10.2738818 59.3305651, 10.2818691 59.3309605, 10.2851283 59.3305551, 10.2887727 59.3300712, 10.298658 59.3291353, 10.3053548 59.3283915, 10.3130045 59.3275367, 10.3180122 59.3277517, 10.325745 59.3280507, 10.3319965 59.3282862, 10.3385985 59.328542, 10.3449979 59.3287827, 10.3510975 59.3290171, 10.3577028 59.3292643, 10.3590236 59.3293193, 10.3667664 59.3296192, 10.370911446024738 59.3294173151856, 10.38125934288526 59.329750485236865)"
way/206628449-420,way/358915801-420,420.0,1876.85,72615.97,Al/St 240/40 4-bundle 380.0,"LINESTRING (8.72976767832068 58.588295802832285, 8.737464710110936 58.592106757801986, 8.739565 58.5931283, 8.7421721 58.594389, 8.7466755 58.5965749, 8.7514874 58.598804, 8.7549287 58.6003985, 8.7597942 58.6026567, 8.7650782 58.6044564, 8.7706438 58.6063329, 8.7735647 58.6073172, 8.7790364 58.6091761, 8.7833548 58.6106416, 8.7918735 58.613518, 8.7947448 58.6144854, 8.7972727 58.6153367, 8.8027833 58.6171805, 8.8086238 58.619136, 8.8165504 58.6217889, 8.8199052 58.6229124, 8.8219544 58.6235981, 8.8276206 58.6255008, 8.8314977 58.6268029, 8.8356176 58.6281881, 8.8390589 58.6295802, 8.8480148 58.6332257, 8.851786 58.6350016, 8.8572443 58.6375646, 8.8596475 58.6387009, 8.8623404 58.6399754, 8.8689521 58.6430838, 8.8728239 58.6449045, 8.8770792 58.6468556, 8.8800779 58.6482818, 8.8850453 58.6506451, 8.8889936 58.6525313, 8.8936311 58.6556041, 8.8971663 58.6579459, 8.901435 58.6607724, 8.9053121 58.6633342, 8.9115107 58.6674295, 8.916969 58.6710278, 8.9188439 58.6722662, 8.923755 58.6755042, 8.9287493 58.6790473, 8.9318204 58.6812265, 8.9349854 58.6832132, 8.9387137 58.6855567, 8.941994 58.687617, 8.9443892 58.6891085, 8.9484206 58.6917554, 8.9519517 58.6940781, 8.9564055 58.6969998, 8.9590743 58.6988337, 8.9642912 58.702433, 8.9674669 58.7045801, 8.9714044 58.7072161, 8.973433 58.7086652, 8.9745694 58.7094666, 8.9779946 58.7118968, 8.9805293 58.7137048, 8.9832115 58.7165685, 8.9869398 58.7205559, 8.9884096 58.7221393, 8.9921379 58.7258447, 8.9975533 58.7312093, 9.0001094 58.7337542, 9.002282 58.7359175, 9.0042776 58.7379052, 9.007346 58.7411413, 9.0104091 58.7443966, 9.012689 58.7468069, 9.015221 58.7494815, 9.0172809 58.7516604, 9.0184289 58.7528459, 9.0231067 58.75674, 9.0313464 58.75961, 9.0397391 58.7625366, 9.0437946 58.7639512, 9.0489042 58.7657329, 9.0533191 58.7688677, 9.054459 58.7696966, 9.058831 58.7728769, 9.0636429 58.7763795, 9.0649411 58.7773249, 9.0688276 58.7801473, 9.0717673 58.7822896, 9.0735939 58.7836324, 9.0767831 58.7854576, 9.0813106 58.788075, 9.0868065 58.7912591, 9.0893626 58.7927407, 9.0903416 58.7933035, 9.0950221 58.7972292, 9.0988254 58.7994108, 9.1031224 58.8015769, 9.1099486 58.8058115, 9.1115659 58.8068625, 9.1142857 58.8084857, 9.1188481 58.8111749, 9.1219166 58.8129736, 9.1243574 58.8149403, 9.1286597 58.818422, 9.1314626 58.8207425, 9.1347617 58.8234794, 9.1381761 58.8263035, 9.140448 58.8281889, 9.1437417 58.830921, 9.147411 58.8339625, 9.1509381 58.836894, 9.154728 58.8400099, 9.1582257 58.842902, 9.1605431 58.8448143, 9.1653281 58.8487634, 9.1675705 58.8505365, 9.1708267 58.8530949, 9.1738093 58.8554255, 9.1772318 58.8581111, 9.1810801 58.8610534, 9.18348 58.8628506, 9.1874953 58.865849, 9.1904309 58.8680498, 9.1932848 58.8701853, 9.1962352 58.8723859, 9.1990904 58.8745239, 9.2006662 58.8757564, 9.2031258 58.8777112, 9.2073584 58.8812282, 9.2115745 58.8847419, 9.2130996 58.8860123, 9.2149276 58.8875321, 9.2187846 58.8907307, 9.2217645 58.8932057, 9.2237923 58.8948907, 9.2262773 58.8969559, 9.228875 58.8991111, 9.2319891 58.9016783, 9.2361304 58.9051139, 9.2380294 58.9066986, 9.2410201 58.9091821, 9.2434931 58.91125, 9.2455181 58.9129383, 9.24757 58.9146486, 9.2485142 58.9154518, 9.2521298 58.9184526, 9.2542756 58.9202513, 9.2590093 58.9241639, 9.2691377 58.9288849, 9.2714739 58.9299715, 9.2746952 58.9315025, 9.2784744 58.9333102, 9.2832863 58.9356146, 9.2895573 58.9386234, 9.2933071 58.9404113, 9.2957264 58.9415737, 9.300034 58.9436272, 9.3063533 58.9466574, 9.3096122 58.9483979, 9.312965 58.9501978, 9.3157303 58.9516766, 9.3196249 58.9537586, 9.3261373 58.957254, 9.3306193 58.9596509, 9.3350208 58.9620172, 9.3433356 58.9664535, 9.3474019 58.9686382, 9.35238 58.9712818, 9.3596542 58.9741105, 9.3629372 58.9752358, 9.3699887 58.9776674, 9.373143 58.9787512, 9.3794382 58.980743, 9.3813425 58.9813387, 9.3919292 58.9844292, 9.3954644 58.9852363, 9.4021001 58.9867385, 9.4092308 58.9883519, 9.4117601 58.9889268, 9.417437 58.9902181, 9.4236343 58.9916248, 9.4291314 58.9928725, 9.4328114 58.9937078, 9.4376287 58.9949257, 9.4437186 58.9964724, 9.4481134 58.9975908, 9.4523701 58.9986739, 9.4599876 59.0005997, 9.4633323 59.0014451, 9.4681254 59.0026551, 9.4747102 59.0043265, 9.4797045 59.0055862, 9.4814265 59.006024, 9.4839343 59.0066539, 9.4916806 59.0086123, 9.4954437 59.0097379, 9.5003414 59.0112018, 9.5051587 59.0126545, 9.5138249 59.0152437, 9.515866 59.0158519, 9.5186073 59.0167198, 9.5233898 59.0183268, 9.529202 59.0202875, 9.5331073 59.0215991, 9.5364895 59.0227352, 9.5453194 59.0254203, 9.5488358 59.0265536, 9.5540071 59.0282072, 9.5595673 59.0299878, 9.5629522 59.0310657, 9.5671177 59.0323907, 9.5702505 59.0333871, 9.5760333 59.0351453, 9.5823365 59.0375189, 9.584752814721606 59.03843594928193, 9.596081463920276 59.0411524672579)"
relation/7928148-420,way/358915801-420,420.0,1876.85,63607.55,Al/St 240/40 4-bundle 380.0,"LINESTRING (7.9005754406029824 58.25984794935619, 7.902369924554131 58.26604983520197, 7.9021693 58.2683467, 7.9052941 58.2708109, 7.9082385 58.2722436, 7.9131308 58.2746259, 7.9165506 58.2762874, 7.9211399 58.2785228, 7.9257131 58.2807453, 7.9306993 58.283072, 7.9366726 58.2858766, 7.9398644 58.2874022, 7.9473303 58.2931133, 7.9496464 58.2948839, 7.9531011 58.297524, 7.9554293 58.2993056, 7.9575133 58.3008912, 7.9613784 58.3038508, 7.9634477 58.3054291, 7.9703316 58.3106865, 7.9749101 58.3141849, 7.9762767 58.3152288, 7.9789871 58.3172983, 7.9862639 58.318838, 7.9901451 58.3196522, 7.9957107 58.3206524, 7.9991841 58.3212707, 8.0101946 58.3232131, 8.0175975 58.3245117, 8.0204299 58.3250082, 8.0242333 58.3256723, 8.0309536 58.3270145, 8.0356917 58.3279545, 8.0403587 58.3288889, 8.0467703 58.3301232, 8.0545342 58.3317152, 8.0617547 58.3331501, 8.0660006 58.333871, 8.0722019 58.3349017, 8.0757049 58.3354847, 8.0811068 58.3363844, 8.0856934 58.3371454, 8.0886264 58.3376318, 8.0913012 58.338523, 8.0959985 58.3400745, 8.0997334 58.3413133, 8.1018001 58.3420257, 8.1054908 58.3447707, 8.1093103 58.3476506, 8.1122822 58.3498997, 8.1152433 58.3521361, 8.1177056 58.3540008, 8.1201303 58.3558274, 8.1240812 58.3588161, 8.1267889 58.3608556, 8.1297004 58.3630554, 8.1322941 58.365011, 8.1347752 58.3668891, 8.1381977 58.3694661, 8.1404722 58.3711878, 8.1430551 58.3731359, 8.1467968 58.3759685, 8.149581 58.3780626, 8.1523356 58.3801382, 8.1557903 58.3827439, 8.1601354 58.3860228, 8.16392 58.3888811, 8.1665218 58.3908352, 8.1683457 58.3922087, 8.1713846 58.3945056, 8.1747535 58.3970357, 8.1772962 58.3989556, 8.180472 58.4013449, 8.1817205 58.4022844, 8.1841171 58.4040923, 8.1918713 58.405905, 8.1961763 58.4068676, 8.2005349 58.407861, 8.2068354 58.4093041, 8.2097295 58.4099687, 8.2139848 58.4109416, 8.217009 58.4116364, 8.2201378 58.4123529, 8.2243502 58.4133209, 8.2269359 58.4139124, 8.2312971 58.4149099, 8.2351193 58.4157844, 8.239384 58.4167614, 8.2437479 58.4177602, 8.2493591 58.4190497, 8.2544473 58.4202184, 8.2601979 58.421913, 8.2624161 58.4225668, 8.2663134 58.4237143, 8.2698673 58.4247564, 8.2720613 58.4254053, 8.2844585 58.4292546, 8.2901689 58.4296113, 8.2951444 58.4297236, 8.3095023 58.4300452, 8.3156204 58.4305915, 8.3173813 58.4307459, 8.3202445 58.4310029, 8.3254346 58.4314607, 8.3284333 58.4317232, 8.3329126 58.4321178, 8.3374858 58.4325264, 8.3408359 58.4328255, 8.3465061 58.4336076, 8.3515996 58.434311, 8.3578169 58.4351717, 8.3610409 58.4370798, 8.3659199 58.4400322, 8.3693987 58.4421575, 8.3740738 58.4450098, 8.3762705 58.4463419, 8.3781581 58.4474949, 8.3804682 58.4489005, 8.3840919 58.4511081, 8.3858903 58.4522007, 8.3881581 58.4535809, 8.3910066 58.4553223, 8.3935627 58.4568686, 8.3964515 58.4586254, 8.3996513 58.46057, 8.4015182 58.4617022, 8.4032428 58.462732, 8.408221 58.465765, 8.4125957 58.4684261, 8.4143954 58.4695146, 8.4164125 58.4707363, 8.4181774 58.4718106, 8.4202748 58.4730743, 8.4297591 58.4793459, 8.4321678 58.4809444, 8.4347212 58.4826355, 8.4389859 58.4854579, 8.4474778 58.4879408, 8.4540278 58.4898544, 8.4564579 58.4905665, 8.4622353 58.4922528, 8.4669641 58.4936392, 8.4691662 58.4942825, 8.473168 58.4954431, 8.4816733 58.4976184, 8.484908 58.4982715, 8.4886095 58.4990157, 8.4915036 58.4995945, 8.4949851 58.5002882, 8.5018623 58.501663, 8.5039678 58.5020764, 8.5094127 58.5031666, 8.5149595 58.5042793, 8.5173494 58.5047571, 8.5245189 58.5062018, 8.528105 58.5069234, 8.5359853 58.5087253, 8.5385603 58.5093137, 8.5437289 58.5105004, 8.5474572 58.5113494, 8.558237 58.5138137, 8.5627484 58.5148433, 8.5694003 58.5163646, 8.5722595 58.5170104, 8.577235 58.5179363, 8.5884467 58.5200247, 8.59339 58.5209519, 8.6022654 58.5226018, 8.6049396 58.5231032, 8.6108378 58.5249183, 8.613469 58.5257277, 8.6154967 58.5264195, 8.6205742 58.528205, 8.6232188 58.5291306, 8.6278912 58.5307451, 8.6299163 58.531315, 8.636874 58.5332472, 8.6445987 58.5353865, 8.6465836 58.5374865, 8.648378 58.5393862, 8.6519533 58.543195, 8.6534822 58.5448061, 8.6548394 58.5462603, 8.6568752 58.5483988, 8.6594152 58.5510914, 8.6624515 58.5543211, 8.6649996 58.5570104, 8.6681002 58.5587202, 8.6717963 58.5607516, 8.6767638 58.5634516, 8.6801273 58.5652842, 8.6837643 58.5672761, 8.6896115 58.5708595, 8.692283 58.5725, 8.698326 58.5762228, 8.7012416 58.5779092, 8.7051898 58.5801731, 8.7085694 58.5818803, 8.7145239 58.5845752, 8.718287 58.5851092, 8.720448301584813 58.585688134262746, 8.72976767832068 58.588295802832285)"
relation/8488332-300,way/400655824-300,300.0,1005.455,38437.02,Al/St 240/40 3-bundle 300.0,"LINESTRING (12.836707504294603 64.70452653703856, 12.848743500326368 64.70803933178178, 12.8508979 64.7087934, 12.8548166 64.7101696, 12.8615409 64.7125184, 12.8671038 64.7144638, 12.8706604 64.7157057, 12.8758478 64.7175179, 12.8813195 64.7194469, 12.8902647 64.7230308, 12.8975013 64.7259431, 12.9040526 64.7285162, 12.9097348 64.7306648, 12.9177386 64.7336844, 12.9231915 64.7357474, 12.9291701 64.7380081, 12.9341885 64.7398636, 12.9413849 64.7421103, 12.9474387 64.7439935, 12.9532671 64.7458067, 12.9579422 64.747268, 12.9627272 64.748728, 12.9690063 64.7506925, 12.9755858 64.7527473, 12.9811943 64.754485, 12.9879883 64.7565944, 12.9953617 64.75889, 13.0022898 64.7610351, 13.0083999 64.7629021, 13.0155534 64.7650931, 13.0212504 64.7668266, 13.0283153 64.7689808, 13.0354822 64.7712593, 13.0423057 64.7736063, 13.0455726 64.7757405, 13.0498373 64.7785317, 13.0544642 64.781574, 13.0594209 64.7853405, 13.0624437 64.7876462, 13.066223 64.7905847, 13.0694926 64.7931282, 13.0740041 64.7966423, 13.078419 64.8000755, 13.0816832 64.8026129, 13.0851567 64.8053083, 13.0899981 64.8090697, 13.095101 64.8130115, 13.0976987 64.8150182, 13.1022906 64.8185574, 13.1049916 64.8209299, 13.1076255 64.8233091, 13.1121987 64.8274451, 13.1151679 64.8301305, 13.1209668 64.8353672, 13.1235766 64.837728, 13.1268623 64.8406896, 13.1303304 64.8438184, 13.1340989 64.8472147, 13.1382617 64.8509504, 13.1417808 64.8541201, 13.1454259 64.8573921, 13.1486888 64.8603167, 13.1520872 64.8633493, 13.1558999 64.8667073, 13.1588772 64.8691115, 13.1635925 64.8725183, 13.1674227 64.8752653, 13.1718068 64.8780667, 13.1759119 64.8806777, 13.1807908 64.8837734, 13.1860332 64.8870947, 13.1909698 64.8902278, 13.1937419 64.89198, 13.1967513 64.8938897, 13.2000142 64.8959615, 13.203776 64.8983499, 13.2090265 64.9016894, 13.2132027 64.9043464, 13.217808 64.907279, 13.2224067 64.9102055, 13.2265964 64.9125817, 13.2270844 64.9161084, 13.2275042 64.9191562, 13.2279588 64.9223788, 13.2283477 64.925169, 13.2288909 64.9289665, 13.2293951 64.9326595, 13.2298055 64.9356226, 13.2302803 64.9389767, 13.2308811 64.9424229, 13.2313505 64.9450282, 13.2319634 64.9485174, 13.2315516 64.9510573, 13.2310018 64.9544265, 13.2305847 64.9569932, 13.2302347 64.9591327, 13.22965 64.9627029, 13.229198 64.9667914, 13.2288668 64.9698692, 13.2285234 64.9729728, 13.2281613 64.976194, 13.2276168 64.9794693, 13.227111721370303 64.98175874239045, 13.225783253723597 64.98667888084609)"
relation/8294222-420,NO15-420,420.0,1876.85,26177.91,Al/St 240/40 4-bundle 380.0,"LINESTRING (15.450191799999981 67.11210119785649, 15.455746867841892 67.11606368876289, 15.4664862 67.1219062, 15.4693669 67.123464, 15.4734331 67.1256745, 15.4768127 67.1275073, 15.4801655 67.1293296, 15.483073 67.1314957, 15.4848969 67.1328757, 15.4881048 67.1353, 15.4900789 67.1367902, 15.4956311 67.1409792, 15.4999173 67.1442174, 15.5031305 67.1466488, 15.5057457 67.1486165, 15.5086237 67.1507757, 15.5147016 67.1553642, 15.51902 67.1586087, 15.5260232 67.1638766, 15.5309021 67.1675384, 15.5336863 67.1696303, 15.5361646 67.1714993, 15.5415666 67.1755533, 15.5457348 67.1786661, 15.5482185 67.1806114, 15.5549347 67.1858307, 15.5616134 67.1910219, 15.570454 67.1978814, 15.5727071 67.1992525, 15.5784094 67.2027333, 15.5833179 67.2057158, 15.5877382 67.2084008, 15.5955487 67.2131695, 15.600822 67.2175302, 15.6025171 67.2189427, 15.611068 67.2279808, 15.6147909 67.2319235, 15.6173015 67.2345765, 15.6190503 67.2364364, 15.6222957 67.239863, 15.6247097 67.2449762, 15.6266677 67.249163, 15.6282341 67.2529321, 15.6295645 67.2561698, 15.6299454 67.2617232, 15.6311685 67.2635768, 15.6341082 67.2680609, 15.6366455 67.2719308, 15.63833 67.2744944, 15.6391507 67.2751576, 15.645808 67.2805677, 15.6509256 67.2847111, 15.6542838 67.2874411, 15.6622821 67.2939067, 15.6666434 67.297439, 15.6737244 67.3031712, 15.6764495 67.3053818, 15.6809556 67.3089993, 15.684936 67.3108596, 15.6891525 67.3128336, 15.6931329 67.3146936, 15.6993449 67.3173189, 15.702607905561973 67.31933630719831, 15.707444381570049 67.32420494410522)"
way/244179408-420,relation/7928148-420,420.0,1876.85,120600.8,Al/St 240/40 4-bundle 380.0,"LINESTRING (7.510166755533548 59.12271433245022, 7.520140256259482 59.122232483151265, 7.5240979 59.121735, 7.527523 59.1213014, 7.532469 59.1206806, 7.5369805 59.1201134, 7.5408482 59.1196288, 7.5496218 59.1185206, 7.5545289 59.1179018, 7.5588942 59.1177621, 7.5668254 59.1175032, 7.5750196 59.1162435, 7.577852 59.1128303, 7.5800621 59.1093824, 7.5823688 59.1057853, 7.5842839 59.1028105, 7.5863278 59.0996205, 7.5886908 59.0959398, 7.5897235 59.0932382, 7.5906408 59.0908754, 7.5935054 59.0883649, 7.5955009 59.0866039, 7.600109 59.082536, 7.6022547 59.0806451, 7.6057577 59.077125, 7.6077855 59.0750464, 7.6105213 59.0722371, 7.6119965 59.0707261, 7.6134074 59.0692827, 7.6159045 59.0667128, 7.6189032 59.0636325, 7.6220548 59.0604002, 7.6243722 59.0580214, 7.6278484 59.0544424, 7.6295596 59.0531693, 7.6327354 59.0507803, 7.6353103 59.0488546, 7.6393443 59.0458279, 7.6421606 59.043717, 7.6435232 59.0427043, 7.6453578 59.0400248, 7.6465327 59.0383289, 7.6482841 59.0357829, 7.649982 59.0333264, 7.651661 59.0308863, 7.6539785 59.0275129, 7.6555073 59.025296, 7.6566392 59.023656, 7.6581681 59.0214361, 7.6606089 59.0178796, 7.6629853 59.0159824, 7.6658875 59.0136709, 7.6687252 59.0113951, 7.672314 59.0085198, 7.6753503 59.0060917, 7.6788425 59.0032912, 7.6806745 59.0018208, 7.6821631 59.0006328, 7.684494 58.9987575, 7.6879084 58.9960269, 7.6906335 58.9943523, 7.6933613 58.993153, 7.6986533 58.9907985, 7.7020839 58.9892923, 7.7053562 58.9878441, 7.7125418 58.9846655, 7.7153903 58.9834023, 7.7184695 58.982034, 7.7229863 58.9800394, 7.7295229 58.9771325, 7.7343267 58.9753506, 7.7376299 58.9741222, 7.7414305 58.9727093, 7.7480087 58.9705435, 7.7538344 58.9686299, 7.7602208 58.9665226, 7.7656737 58.9636878, 7.7719903 58.9604019, 7.7757937 58.9584296, 7.7841622 58.9558749, 7.7861577 58.9539093, 7.789363 58.950747, 7.7933943 58.9466989, 7.7962884 58.9436881, 7.7988982 58.94107, 7.8016046 58.9383466, 7.8031522 58.9367883, 7.8049225 58.9334887, 7.8049385 58.929613, 7.804952 58.9268139, 7.8049493 58.9251332, 7.8049654 58.9219627, 7.8049761 58.9190702, 7.8095332 58.9174487, 7.8132105 58.9161304, 7.8165686 58.914945, 7.8187734 58.9141556, 7.8246179 58.9120796, 7.8281799 58.9108068, 7.8319994 58.9096434, 7.8372538 58.9080353, 7.8423822 58.9064631, 7.8447801 58.9033034, 7.8457108 58.9020746, 7.8466845 58.9007945, 7.8527945 58.898913, 7.8594947 58.8968569, 7.8672275 58.8944694, 7.874676 58.8938182, 7.8785518 58.8934745, 7.8831947 58.8930699, 7.8921345 58.8922869, 7.8957823 58.8909857, 7.9004842 58.889306, 7.9062939 58.8872327, 7.9117388 58.8852937, 7.9165909 58.883733, 7.9219982 58.8819948, 7.927368 58.8802703, 7.931221 58.8790296, 7.9370373 58.8765245, 7.9402184 58.8748608, 7.9438555 58.8729751, 7.9463392 58.8716773, 7.9505825 58.8694892, 7.9541445 58.867631, 7.9569635 58.8661694, 7.9618236 58.8636397, 7.9647875 58.8620919, 7.9699829 58.8593886, 7.9728878 58.8578864, 7.9769647 58.8557598, 7.9799473 58.8542103, 7.9842308 58.8519739, 7.9872188 58.8504214, 7.990762 58.8485691, 7.9941228 58.8466612, 7.9967688 58.8451591, 7.9994711 58.8435501, 8.0023679 58.8418029, 8.0048972 58.8400696, 8.0068579 58.8387316, 8.0101597 58.8364748, 8.013263 58.8343553, 8.0161035 58.8324105, 8.0189359 58.8303893, 8.0217174 58.8285693, 8.0241206 58.8269213, 8.0267197 58.8251539, 8.029929 58.8229548, 8.0323362 58.8213063, 8.036432 58.8185012, 8.0388614 58.8166934, 8.0420284 58.8143341, 8.0472708 58.8104332, 8.0494782 58.8087844, 8.0535927 58.8057226, 8.0560711 58.8038791, 8.0596465 58.8012115, 8.0624923 58.7990898, 8.0661093 58.7963979, 8.0680123 58.7942207, 8.0717486 58.7899583, 8.0738823 58.7863507, 8.0758417 58.7830152, 8.0775824 58.7800541, 8.0789289 58.7777796, 8.080439 58.7752254, 8.0824319 58.7718339, 8.0845427 58.7682502, 8.0854869 58.7666453, 8.0874798 58.7632599, 8.0889496 58.7607576, 8.091723 58.7572297, 8.0909009 58.7538602, 8.0905911 58.7521766, 8.0902237 58.750116, 8.0895692 58.7465203, 8.0888705 58.7425721, 8.0881128 58.7382671, 8.0874824 58.7346563, 8.0866617 58.7299375, 8.0862325 58.7278887, 8.0859992 58.7239649, 8.0858047 58.720558, 8.0856907 58.7187106, 8.0855459 58.7161758, 8.0854467 58.7145266, 8.0853018 58.7119804, 8.085106 58.7087652, 8.0849236 58.7056612, 8.0847453 58.70258, 8.084583 58.6998844, 8.0844167 58.6970528, 8.0842906 58.6952759, 8.0850551 58.693492, 8.0858476 58.6916314, 8.0872062 58.6884422, 8.0884132 58.6856236, 8.0899259 58.6820756, 8.0916694 58.6779751, 8.0927409 58.6754708, 8.0937722 58.6737109, 8.0959421 58.6700181, 8.0974066 58.6675453, 8.0994317 58.6642507, 8.1026262 58.6587781, 8.1048176 58.6550404, 8.1060353 58.6529475, 8.1077251 58.6500708, 8.1096214 58.6468381, 8.1169921 58.6439505, 8.1221232 58.6419504, 8.1248912 58.6388628, 8.1281206 58.635285, 8.1304293 58.6327116, 8.1299257 58.6291348, 8.12951 58.6257794, 8.1290996 58.6223929, 8.1286477 58.6187637, 8.1280965 58.6166064, 8.1279355 58.6144288, 8.1294858 58.6127734, 8.132734 58.6093235, 8.135038 58.6068722, 8.1362155 58.6051928, 8.138034 58.6025742, 8.1412634 58.5979375, 8.1433341 58.5949578, 8.1453055 58.5921317, 8.147234 58.5893668, 8.148272 58.587864, 8.1506438 58.5854605, 8.1519131 58.5841725, 8.15494 58.5811015, 8.1577 58.5782924, 8.1593174 58.5766563, 8.1621176 58.5738119, 8.1645691 58.5713196, 8.1665191 58.5693406, 8.1682558 58.5675733, 8.1714678 58.5643119, 8.1741688 58.5615616, 8.1769931 58.5586929, 8.1802909 58.5553391, 8.1805792 58.5524782, 8.1809252 58.5489181, 8.1812015 58.5460658, 8.1815743 58.5423398, 8.1818318 58.5397879, 8.1822932 58.5351597, 8.1825855 58.5321915, 8.182835 58.5297397, 8.1831354 58.5267388, 8.1835431 58.522627, 8.183822 58.5198454, 8.1831461 58.5169488, 8.1823361 58.5134032, 8.181349 58.5090867, 8.1807777 58.5066235, 8.1805819 58.503807, 8.1804129 58.5014332, 8.1802601 58.4992133, 8.1801032 58.4969372, 8.1799167 58.494305, 8.1796271 58.4901431, 8.1801032 58.4859941, 8.1807885 58.4800456, 8.1811371 58.4770208, 8.1815113 58.4737847, 8.1818747 58.4706311, 8.1824487 58.468506, 8.1837013 58.4638698, 8.1836933 58.4604578, 8.1836772 58.4555721, 8.1836665 58.4514071, 8.1836691 58.4481237, 8.1836584 58.4452344, 8.1836557 58.4425871, 8.1836504 58.4405067, 8.1836437 58.4376764, 8.1836343 58.4349218, 8.1836209 58.4289239, 8.1836128 58.4263575, 8.183594 58.4208462, 8.1835907 58.4181092, 8.183578 58.414383, 8.1835726 58.4113962, 8.1835645 58.4096989, 8.1822489 58.4076629, 8.1806047 58.4051069, 8.1792864 58.4030538, 8.1776811 58.4005529, 8.1766934 58.3990185, 8.1742801 58.3972037, 8.1709233 58.3946701, 8.167879 58.3923781, 8.1642419 58.3898779, 8.1595802 58.3862351, 8.1554684 58.3830237, 8.1521076 58.3804856, 8.1494442 58.3784817, 8.1463274 58.3761246, 8.1427574 58.3734313, 8.1400618 58.3714185, 8.1377363 58.3696434, 8.1343406 58.3670818, 8.1318837 58.365222, 8.1292257 58.3632172, 8.1264308 58.3611124, 8.1227106 58.3583011, 8.1198674 58.3561552, 8.1172335 58.3541654, 8.1144346 58.3520453, 8.1118262 58.3500743, 8.1088436 58.3478181, 8.1050268 58.3449354, 8.1012797 58.3422045, 8.0960682 58.3404673, 8.0909961 58.338775, 8.0883796 58.3379007, 8.0857927 58.3374727, 8.0804819 58.3365857, 8.0755627 58.3357733, 8.0720302 58.3351833, 8.0663976 58.334247, 8.0615428 58.3334317, 8.054333 58.3319954, 8.0465305 58.3304429, 8.0401683 58.3291706, 8.0354878 58.3282383, 8.0307484 58.3272975, 8.0240348 58.3259539, 8.0202636 58.3252934, 8.0176753 58.3248399, 8.009516 58.3234019, 7.9990715 58.3215637, 7.9955336 58.3209327, 7.9899439 58.3199368, 7.9862103 58.3191451, 7.9786143 58.3175406, 7.9751247 58.3148766, 7.9698569 58.3108556, 7.9628777 58.3055179, 7.9609171 58.3040199, 7.9570708 58.3010829, 7.9549733 58.2994769, 7.953026 58.2979934, 7.9493393 58.2951792, 7.9472472 58.2935743, 7.9394225 58.2875886, 7.9362756 58.2861121, 7.9303023 58.2833089, 7.9255119 58.2810569, 7.9208677 58.2787971, 7.9161778 58.2765138, 7.9127446 58.2748389, 7.9078616 58.2724609, 7.9047231 58.2710628, 7.9013621 58.2685257, 7.901737448896902 58.2660695159997, 7.9005754406029824 58.25984794935619)"
relation/8894066-300,relation/8896922-300,300.0,1005.455,23485.17,Al/St 240/40 3-bundle 300.0,"LINESTRING (6.775453084729332 58.077008504879245, 6.769822558624203 58.08083785656331, 6.7691928 58.0820932, 6.7675352 58.0854135, 6.7663121 58.0878729, 6.7654927 58.0895169, 6.7672107 58.091932, 6.768647 58.093736, 6.7715438 58.0973515, 6.7744271 58.1009517, 6.7764911 58.1035319, 6.7771348 58.1064881, 6.7768096 58.1097938, 6.7766654 58.1112161, 6.7758729 58.1182483, 6.7752238 58.1219973, 6.7749166 58.1243809, 6.7744687 58.1278498, 6.7734911 58.1321529, 6.7724369 58.1367146, 6.7718053 58.1394281, 6.7721204 58.1420678, 6.7726448 58.1440278, 6.7728916 58.1502631, 6.773251 58.1538623, 6.7736761 58.1578675, 6.7754813 58.1663588, 6.7768338 58.1680324, 6.7774795 58.1687585, 6.7793557 58.1711063, 6.7826387 58.1752896, 6.7839262 58.1779316, 6.7866299 58.1834837, 6.7877685 58.1857401, 6.7906384 58.1916779, 6.7911091 58.1930662, 6.791376 58.1942742, 6.7927185 58.2005028, 6.7982009 58.2042163, 6.8003708 58.2056796, 6.8067826 58.2100154, 6.8088935 58.2114393, 6.8163715 58.216438, 6.8190625 58.2183024, 6.8207395 58.2199273, 6.8219385 58.2213886, 6.823246 58.222852, 6.8277052 58.2278321, 6.8305913 58.2308988, 6.8356687 58.2362216, 6.8398261 58.2406873, 6.840506 58.2413904, 6.8434538 58.2448571, 6.8437462 58.2479199, 6.8443537 58.2506037, 6.8447453 58.2523122, 6.8450698 58.2536762, 6.8457337 58.2566934, 6.8460099 58.2577722, 6.847516 58.2668494, 6.8472719 58.2682044, 6.8470842 58.2693301, 6.846864757750652 58.27064872674974, 6.84788073238772 58.27602566732688)"
relation/8894066-300,relation/8896922-300,300.0,1005.455,23515.35,Al/St 240/40 3-bundle 300.0,"LINESTRING (6.775453084729332 58.077008504879245, 6.769405313728603 58.080683143415854, 6.7687368 58.0820283, 6.7670766 58.0853497, 6.7658528 58.0878052, 6.7649844 58.0895289, 6.7667761 58.0920291, 6.7682138 58.0938317, 6.7710972 58.0974387, 6.7739913 58.1010502, 6.7760284 58.1035843, 6.7766373 58.1066752, 6.7762437 58.1097796, 6.7760593 58.1112288, 6.7751192 58.1186308, 6.7747182 58.1222431, 6.7744191 58.1244365, 6.7740127 58.1277358, 6.7730016 58.1321749, 6.7717758 58.1367054, 6.7712232 58.1387719, 6.7715813 58.1421216, 6.771934 58.1438834, 6.7722934 58.1502773, 6.7725644 58.1532424, 6.7729989 58.157829, 6.774804 58.166397, 6.7760982 58.16813, 6.7788488 58.1712464, 6.7822391 58.1754862, 6.7834595 58.1779995, 6.7861927 58.1835438, 6.7873715 58.185932, 6.7901154 58.1918525, 6.7906035 58.1935398, 6.7908423 58.1946572, 6.7922236 58.2006123, 6.7978241 58.2043696, 6.7999953 58.2058372, 6.8063092 58.2102107, 6.8088922 58.211984, 6.8159008 58.2166301, 6.8186957 58.2184525, 6.8205692 58.2204514, 6.8215187 58.2215129, 6.8230221 58.2231994, 6.8272734 58.227962, 6.8304142 58.2312864, 6.8353763 58.2366056, 6.8394265 58.2408285, 6.8400326 58.2414906, 6.8429482 58.244921, 6.8432915 58.2480617, 6.8438776 58.2506291, 6.8442678 58.2523418, 6.8445978 58.2537065, 6.8451825 58.2566355, 6.8453407 58.2578928, 6.8468535 58.266982, 6.8466201 58.2681331, 6.8464458 58.2690613, 6.846147389077948 58.27067147560024, 6.84788073238772 58.27602566732688)"
relation/8894066-300,relation/10175479-300,300.0,1005.455,24580.21,Al/St 240/40 3-bundle 300.0,"LINESTRING (6.4536389229455455 58.29499065865814, 6.4620735699829925 58.29254885900616, 6.4621094 58.2925424, 6.4663922 58.2917026, 6.4708474 58.2908236, 6.4735785 58.2902272, 6.4773886 58.2893852, 6.4836173 58.2880183, 6.4952286 58.2826071, 6.4982186 58.2823606, 6.5065858 58.2816721, 6.5155095 58.2809399, 6.519915 58.2805824, 6.5317255 58.2796217, 6.5354691 58.2793203, 6.5401883 58.2790149, 6.5446577 58.2785587, 6.5547663 58.2775909, 6.5637624 58.2768522, 6.5676932 58.2765441, 6.572556 58.2762222, 6.5768489 58.275927, 6.585774 58.273688, 6.5922542 58.2724207, 6.5970956 58.2714749, 6.6020657 58.2704991, 6.6146091 58.267499, 6.6222896 58.2657296, 6.629555 58.2640634, 6.6350314 58.2628045, 6.6412568 58.2613788, 6.643369 58.2609336, 6.648252 58.2616666, 6.6630618 58.2641872, 6.6652565 58.2643674, 6.6768544 58.2657045, 6.6799872 58.2660632, 6.6904646 58.2672701, 6.6934204 58.2676087, 6.6987707 58.2682259, 6.7019854 58.2685955, 6.7110982 58.2696464, 6.7145348 58.2701454, 6.7197228 58.2709004, 6.7240398 58.2715303, 6.7352052 58.273152, 6.7464477 58.2748975, 6.7504576 58.2755194, 6.7610423 58.2772408, 6.7645083 58.2779149, 6.7721526 58.2795466, 6.7854618 58.282404, 6.790794 58.2835518, 6.7968263 58.2838948, 6.7999785 58.2838173, 6.8162991 58.2835148, 6.8173197 58.2834944, 6.8280003 58.2821942, 6.8323588 58.281315, 6.8383007673668095 58.28070869272417, 6.84788073238772 58.27602566732688)"
relation/8894066-420,relation/7928148-420,420.0,1876.85,63375.63,Al/St 240/40 4-bundle 380.0,"LINESTRING (6.848224705554573 58.27622463397408, 6.859630739132525 58.27285066879696, 6.86005 58.2728149, 6.863105 58.2725525, 6.8699656 58.2719598, 6.8876311 58.2693068, 6.8914962 58.2686981, 6.8971181 58.267815, 6.9019166 58.2670582, 6.9081607 58.2658738, 6.912353 58.2663443, 6.9215007 58.2673713, 6.9263689 58.2679166, 6.9307476 58.2684075, 6.9405551 58.2695071, 6.9454133 58.2698749, 6.9516192 58.270333, 6.9545522 58.2705072, 6.9616105 58.2709382, 6.9678909 58.2712845, 6.9734484 58.2716082, 6.9777144 58.2718557, 6.9838446 58.2722112, 6.9871826 58.2724016, 6.9921514 58.2728403, 6.9964349 58.2732197, 7.0052674 58.2740011, 7.0115465 58.2745568, 7.018358 58.275346, 7.0232382 58.2759129, 7.0300108 58.2767049, 7.036027 58.2774058, 7.0416784 58.2780503, 7.0507631 58.2778007, 7.0585388 58.2775765, 7.0641205 58.2772902, 7.0682712 58.2770765, 7.0767376 58.2766379, 7.0814636 58.2763946, 7.0908594 58.2758572, 7.0987129 58.2755025, 7.10304 58.2752793, 7.1050872 58.2751753, 7.1075508 58.2750505, 7.1118638 58.2748276, 7.1173328 58.2745392, 7.1243924 58.2741817, 7.1286464 58.2739609, 7.135659 58.2735984, 7.1435608 58.2731908, 7.1460727 58.2730589, 7.1527863 58.2727133, 7.1554209 58.2725769, 7.1605191 58.2723113, 7.1628177 58.2721907, 7.167297 58.2719587, 7.1709958 58.2717662, 7.1754496 58.2715348, 7.1804197 58.2712774, 7.1831757 58.2710983, 7.1948896 58.2703066, 7.2055882 58.2697751, 7.2099361 58.2695501, 7.2184333 58.2691298, 7.2212 58.2689922, 7.2270378 58.2687016, 7.2361828 58.2682439, 7.2434717 58.267882, 7.2497924 58.2675717, 7.2569337 58.2672211, 7.2627769 58.2669382, 7.2728714 58.2664445, 7.2810495 58.2660375, 7.2926621 58.2654612, 7.297132 58.2652383, 7.3008656 58.265052, 7.3084912 58.2646753, 7.3141426 58.2643896, 7.3209245 58.2638867, 7.3252335 58.2635678, 7.3326311 58.2632913, 7.3378184 58.2631022, 7.3420456 58.2629456, 7.3532908 58.2624793, 7.3597455 58.2622204, 7.3627496 58.2622536, 7.371971 58.2623587, 7.3768204 58.2624137, 7.38594 58.2625181, 7.391527 58.2625809, 7.3967412 58.2622966, 7.4035755 58.261728, 7.4088916 58.2612864, 7.4158171 58.2607093, 7.4238422 58.2600405, 7.4293837 58.2595805, 7.4344517 58.2591536, 7.4400723 58.2586873, 7.4462789 58.2581666, 7.4527565 58.2574582, 7.4579626 58.2568937, 7.4641022 58.2559102, 7.468434 58.2552102, 7.4733102 58.2544256, 7.4786103 58.2535647, 7.4810243 58.2531759, 7.490794 58.254408, 7.4996999 58.2529396, 7.5027823 58.2524272, 7.5060493 58.2518359, 7.5140959 58.2504047, 7.5237744 58.2501098, 7.5274533 58.2499997, 7.5342473 58.2497964, 7.5408295 58.2495988, 7.546277 58.2494351, 7.5509521 58.2492939, 7.5535485 58.2492777, 7.5614342 58.2492982, 7.5657526 58.2493109, 7.5689471 58.2493222, 7.5745529 58.2493419, 7.5811404 58.2493589, 7.588546 58.2489905, 7.5922152 58.2488042, 7.6003423 58.2483454, 7.6067689 58.2479799, 7.6117444 58.2476976, 7.6166716 58.2474167, 7.6203543 58.2472078, 7.6297796 58.24667, 7.6342401 58.2464131, 7.6369196 58.246262, 7.6410851 58.2458696, 7.644521 58.2455478, 7.6514411 58.2446048, 7.659308 58.2433964, 7.6638168 58.2427019, 7.6698571 58.241773, 7.6754844 58.2409076, 7.6818252 58.2399292, 7.69014 58.2386518, 7.6947373 58.2385442, 7.6994701 58.2384362, 7.7030173 58.2383521, 7.7175616 58.2386105, 7.7234504 58.2387623, 7.7262345 58.2388336, 7.7296114 58.2389211, 7.7341202 58.2390524, 7.7384815 58.2391809, 7.7422962 58.2392942, 7.7468446 58.239435, 7.7518362 58.2395805, 7.7565917 58.2397202, 7.7604783 58.2398332, 7.7714512 58.2401579, 7.7799672 58.2404007, 7.7836847 58.240508, 7.7939992 58.2408356, 7.7973425 58.2409443, 7.8019184 58.2410883, 7.809969 58.2413403, 7.8163272 58.2415414, 7.8197765 58.2415669, 7.8287002 58.2416459, 7.8336436 58.2416911, 7.8437662 58.2420991, 7.8494847 58.2423348, 7.8588536 58.2427428, 7.8644192 58.2429856, 7.8665905 58.244206, 7.8697863 58.2459967, 7.8768164 58.2500392, 7.8822023 58.2531696, 7.8844714 58.2544312, 7.8869073 58.2556968, 7.888097186873096 58.25632569817373, 7.9005754406029824 58.25984794935619)"
relation/8239198-300,way/297388897-300,300.0,1005.455,141833.41,Al/St 240/40 3-bundle 300.0,"LINESTRING (10.422128197478317 61.1382818391442, 10.415197383107344 61.1345852200565, 10.4131186 61.1335328, 10.409786 61.1318371, 10.4005524 61.1271458, 10.3962435 61.1245476, 10.3922296 61.121773, 10.3887293 61.1194206, 10.3842902 61.1164486, 10.3803581 61.1138081, 10.379422 61.1118891, 10.3782955 61.1095864, 10.3767586 61.1064049, 10.3744955 61.1017315, 10.3731872 61.099011, 10.3711984 61.0948749, 10.3689614 61.0902254, 10.3671475 61.0864694, 10.3653686 61.0825151, 10.3674459 61.0767391, 10.3684947 61.07383, 10.3693557 61.0714532, 10.3706056 61.0679979, 10.3724965 61.0627851, 10.3731088 61.061097, 10.3754067 61.0548287, 10.3760612 61.0530645, 10.377 61.050555, 10.37804 61.0477361, 10.3781278 61.047498, 10.3799357 61.042602, 10.3807765 61.0403335, 10.3818648 61.0374051, 10.3833478 61.0333668, 10.3848709 61.0292643, 10.3860953 61.025935, 10.3871226 61.0231258, 10.3884342 61.019538, 10.389829 61.0157144, 10.3925729 61.008131, 10.3940454 61.0039979, 10.3953463 61.000283, 10.3964031 60.9972843, 10.3975618 60.9939835, 10.3990102 60.9898551, 10.4002869 60.9861737, 10.4015529 60.9824658, 10.4034144 60.9781421, 10.4048172 60.9748862, 10.4072553 60.9692155, 10.4081002 60.9672474, 10.4098999 60.9630478, 10.411638 60.9589701, 10.412607 60.9556956, 10.4133385 60.9515919, 10.4143631 60.9460721, 10.4145697 60.9418906, 10.4147051 60.9390785, 10.4148915 60.9350908, 10.4150163 60.9325661, 10.415251 60.9276093, 10.4153985 60.9245933, 10.4155594 60.9212615, 10.415715 60.9177905, 10.4159456 60.9132291, 10.4161522 60.9103669, 10.4164512 60.9064494, 10.4168683 60.9008526, 10.4170319 60.8987218, 10.4172023 60.8965255, 10.4185286 60.8913824, 10.4193601 60.8879871, 10.4205134 60.883225, 10.422163 60.8781046, 10.4234719 60.8740603, 10.4253173 60.8683678, 10.4274496 60.8617953, 10.4286271 60.8581631, 10.4298221 60.8544755, 10.4309097 60.8511318, 10.4324251 60.8465099, 10.4334041 60.8426662, 10.4347184 60.8371674, 10.4358973 60.8322925, 10.4374154 60.8273214, 10.4388316 60.824645, 10.4410055 60.8205613, 10.4425894 60.8175672, 10.4438983 60.8150881, 10.445861 60.811358, 10.4473369 60.8085458, 10.4490079 60.8053668, 10.4499266 60.7996378, 10.4502404 60.7965808, 10.4506655 60.7926532, 10.4513159 60.7891192, 10.4519168 60.7857929, 10.4523271 60.7830135, 10.4529655 60.7786168, 10.4533987 60.77544, 10.4539552 60.7722537, 10.4548457 60.7690252, 10.4562056 60.7640318, 10.4573603 60.7598493, 10.458224 60.7567539, 10.4588824 60.7543651, 10.4595664 60.7519565, 10.4609008 60.7476682, 10.4620703 60.7438932, 10.4633966 60.7396262, 10.4645862 60.7358273, 10.4654525 60.7330515, 10.4667816 60.7287981, 10.4680328 60.7247743, 10.4692841 60.7207244, 10.4706751 60.7161548, 10.4718187 60.712385, 10.4731518 60.7079747, 10.4740074 60.705136, 10.4753163 60.7007641, 10.4764898 60.6968451, 10.4776794 60.6928587, 10.478413 60.6903443, 10.4792377 60.6873085, 10.4801269 60.684036, 10.4812172 60.680042, 10.4824349 60.6755957, 10.4838511 60.670375, 10.4849301 60.6664174, 10.4857126 60.66356, 10.4867935 60.6595669, 10.4880635 60.6549298, 10.4891257 60.6510499, 10.4905929 60.645645, 10.4915055 60.642121, 10.4924127 60.6373269, 10.4930699 60.6339421, 10.4935446 60.6314725, 10.4943265 60.6273826, 10.4976471 60.624323, 10.5023235 60.6200381, 10.5057219 60.616914, 10.5094367 60.6136541, 10.5128056 60.6106979, 10.5159572 60.6079362, 10.5195661 60.6046444, 10.5234674 60.6010699, 10.5268604 60.597969, 10.530075 60.5950272, 10.5329838 60.5923689, 10.5376348 60.5880633, 10.5407891 60.5847971, 10.5443484 60.5811084, 10.546704 60.5786733, 10.5476367 60.5757346, 10.5485272 60.5729449, 10.5496135 60.569525, 10.5508822 60.5655367, 10.5520248 60.5619222, 10.5534035 60.557573, 10.5543946 60.554433, 10.5586043 60.5512689, 10.5620697 60.548671, 10.5660716 60.545664, 10.5693465 60.5432067, 10.573917 60.5397969, 10.5792895 60.5357468, 10.5824089 60.5334076, 10.5870116 60.5299512, 10.5901243 60.5276089, 10.5947243 60.5241611, 10.5963229 60.5206212, 10.5976224 60.5177191, 10.5989005 60.5143145, 10.5998419 60.5117975, 10.6007726 60.5093013, 10.602044 60.5059302, 10.6039041 60.5011356, 10.6050012 60.4980707, 10.605775 60.4959744, 10.6069699 60.4914029, 10.6075197 60.48875, 10.6079945 60.4862105, 10.6081876 60.4839113, 10.6081501 60.4807819, 10.6081206 60.4779206, 10.6080669 60.4731609, 10.6080213 60.4699301, 10.6116879 60.4674896, 10.6179133 60.4633286, 10.6228432 60.4601206, 10.6263435 60.4578539, 10.6298733 60.4542737, 10.6334674 60.450623, 10.6370294 60.4470089, 10.6397746 60.4442128, 10.6429222 60.4410102, 10.6466733 60.4371873, 10.6500837 60.4337146, 10.6529644 60.4310252, 10.6573089 60.4271535, 10.6612739 60.4236334, 10.6654957 60.4198747, 10.6685521 60.4171503, 10.6726639 60.4134796, 10.6760421 60.4104514, 10.6783113 60.4072514, 10.6803712 60.4043267, 10.6827772 60.4009313, 10.6859502 60.3964227, 10.6894666 60.3914018, 10.6911926 60.3885943, 10.6935959 60.3844617, 10.6952548 60.3816111, 10.6980953 60.3758986, 10.6995812 60.372898, 10.7008418 60.3703587, 10.7023761 60.3672596, 10.7054016 60.3648054, 10.708407 60.362355, 10.7121259 60.3592856, 10.7162417 60.3558862, 10.7209128 60.352046, 10.7248905 60.3487633, 10.7286724 60.3456488, 10.7309496 60.3425407, 10.7339805 60.3383996, 10.7369363 60.3343748, 10.7399243 60.3307, 10.7424563 60.3280737, 10.7457179 60.3248338, 10.7494716 60.3211081, 10.7532012 60.3173953, 10.7566211 60.3139935, 10.7606363 60.3100056, 10.7635036 60.3071598, 10.7671756 60.3035457, 10.7714376 60.2993146, 10.7749459 60.2958658, 10.7795405 60.2913253, 10.7839072 60.2870261, 10.7875442 60.2834298, 10.7916467 60.2793909, 10.7965069 60.2745841, 10.7999065 60.2712178, 10.8016232 60.2696269, 10.804697 60.2671062, 10.8082214 60.2642314, 10.8104718 60.2604582, 10.813213 60.2558582, 10.8151308 60.2526484, 10.8182985 60.2473672, 10.8203584 60.2439089, 10.8232632 60.2390403, 10.826207 60.2341177, 10.8283553 60.2305381, 10.8312865 60.2259869, 10.8337238 60.2221884, 10.8363444 60.2181373, 10.8387208 60.2144334, 10.8407438 60.2112963, 10.8421379 60.2088595, 10.8441442 60.2053665, 10.8465887 60.2011376, 10.8486932 60.1974356, 10.8506566 60.194012, 10.8521276 60.1914216, 10.8547175 60.1869371, 10.8563536 60.1841019, 10.8584565 60.1803969, 10.8606988 60.1764993, 10.8620775 60.1740768, 10.8649474 60.171019, 10.8683753 60.1673739, 10.8710052 60.164535, 10.8740669 60.1612675, 10.8775779 60.1574998, 10.8814216 60.1533793, 10.8843559 60.1502262, 10.8873922 60.1469526, 10.8909011 60.1431782, 10.8943015 60.139304, 10.8966565 60.1366116, 10.9003177 60.1324297, 10.9032145 60.1291089, 10.9065431 60.1253081, 10.9091127 60.1223688, 10.9121865 60.1188251, 10.9147453 60.1159226, 10.9174919 60.1126055, 10.9205657 60.1085127, 10.9228349 60.1054248, 10.9263056 60.1004621, 10.9286016 60.0971568, 10.9310585 60.0936158, 10.9339499 60.089486, 10.9373778 60.0845476, 10.9398562 60.0809906, 10.9432894 60.0760496, 10.9461808 60.0718881, 10.9489649 60.067876, 10.9511322 60.0647494, 10.9529883 60.0620764, 10.9553218 60.0586963, 10.9562391 60.0549744, 10.9570813 60.0515494, 10.9582937 60.0465786, 10.9591949 60.0428607, 10.9601712 60.0388665, 10.9608364 60.0347325, 10.9610349 60.0308096, 10.9608364 60.0259429, 10.960595 60.0219922, 10.9600425 60.0187621, 10.959211 60.0148427, 10.9585458 60.0112821, 10.9579933 60.0072921, 10.9576124 60.0040258, 10.9571135 59.9997144, 10.9565717 59.9962487, 10.9561318 59.9934682, 10.9553862 59.9886765, 10.954619 59.9838009, 10.9541658 59.9804127, 10.953868 59.9782428, 10.9534255 59.9752474, 10.9527576 59.9709738, 10.9522748 59.967967, 10.9517866 59.965321, 10.9505635 59.9607763, 10.950188 59.957739, 10.9504884 59.9531811, 10.9507781 59.9501713, 10.9511147 59.9470316, 10.9480745 59.944746, 10.9439009 59.9415877, 10.9411812 59.9406244, 10.9378499 59.9394851, 10.9356236 59.9383484, 10.9322172 59.9365748, 10.932289262822211 59.935493785059464, 10.933286297062818 59.92992896116603)"
NO78-300,way/295444099-300,300.0,1005.455,23341.67,Al/St 240/40 3-bundle 300.0,"LINESTRING (10.844127598485267 59.930377758754105, 10.86333592642958 59.937517942321286, 10.8656234 59.937811, 10.8703065 59.9384142, 10.8735198 59.9395885, 10.877727 59.9421193, 10.8813035 59.9442658, 10.8815838 59.9444337, 10.8818726 59.9446052, 10.8845302 59.9462022, 10.8878079 59.94817, 10.8928102 59.9498329, 10.896171 59.950949, 10.9011385 59.952601, 10.9029356 59.953631, 10.9048828 59.9547323, 10.90657 59.9571696, 10.9084555 59.9598834, 10.9108239 59.9633139, 10.9125218 59.9657479, 10.9123421 59.9673253, 10.9120631 59.9700987, 10.9106415 59.9708409, 10.909507 59.9725456, 10.9080291 59.9747629, 10.9061837 59.9775369, 10.9052128 59.9793929, 10.903751 59.9821786, 10.9028015 59.9839901, 10.9012377 59.9870008, 10.9005779 59.9883049, 10.9049445 59.9885785, 10.9121194 59.9888375, 10.917964 59.9890467, 10.9237522 59.989256, 10.9281832 59.9894143, 10.9348994 59.9896585, 10.9406877 59.9898597, 10.9470418 59.9925775, 10.9528622 59.9950684, 10.9560031 59.996411, 10.960713 59.9984255, 10.9658629 60.0006384, 10.9709912 60.0028404, 10.977045 60.0054565, 10.9814948 60.0073726, 10.9858346 60.0092443, 10.9900135 60.0110516, 10.9950507 60.0138762, 10.9987843 60.0159553, 11.0032529 60.0182461, 11.0094219 60.0207953, 11.0123724 60.0220163, 11.0147354 60.023, 11.0198691 60.0228606, 11.0246676 60.0227266, 11.0332185 60.0225845, 11.0387438 60.0223594, 11.0470694 60.0219788, 11.0502547 60.0218328, 11.054376 60.0218179, 11.0595685 60.0218528, 11.0636616 60.020467, 11.0689294 60.0187031, 11.0733943 60.0169058, 11.0781348 60.0149821, 11.0834465 60.0130075, 11.0882226 60.0111776, 11.0924873 60.0098691, 11.0961512 60.0088541, 11.1022961 60.0071581, 11.1057401 60.0062141, 11.1102086 60.0049738, 11.1150688 60.0050234, 11.1214578 60.005073, 11.122511647504448 60.00508198486783, 11.133257233221997 60.00540320377441)"
relation/8239198-300,way/114414014-300,300.0,1005.455,49344.63,Al/St 240/40 3-bundle 300.0,"LINESTRING (10.738484586265812 59.516361140940724, 10.754841476859545 59.52098235755274, 10.7571816 59.5230572, 10.7599685 59.5255099, 10.7640293 59.5291036, 10.7671031 59.5318143, 10.7707697 59.5350442, 10.7742941 59.5381474, 10.7780492 59.5414474, 10.7827418 59.5455744, 10.787217 59.5495133, 10.7906771 59.552558, 10.7939064 59.5554068, 10.7973611 59.5585353, 10.801658 59.5615153, 10.8049464 59.5638063, 10.8080417 59.5667234, 10.8112496 59.5697788, 10.8139345 59.5725568, 10.8171049 59.5758481, 10.8198944 59.5786813, 10.8220321 59.5808488, 10.8248484 59.5836857, 10.8289039 59.5872121, 10.8334985 59.591197, 10.8364718 59.5937703, 10.8378652 59.5958968, 10.8400056 59.5992252, 10.8435005 59.6021677, 10.8463919 59.6046893, 10.8495569 59.6074617, 10.856528 59.613379, 10.8597761 59.6160802, 10.8631799 59.6188924, 10.8666748 59.6217871, 10.8708832 59.6252478, 10.8739355 59.6273655, 10.8797559 59.6312996, 10.8828096 59.6358972, 10.8854516 59.6399601, 10.8873827 59.6431404, 10.8890095 59.646672, 10.8908442 59.6507055, 10.8921531 59.6535737, 10.8938187 59.6572249, 10.8957338 59.6605119, 10.897209 59.6632567, 10.8986092 59.6664117, 10.9003633 59.6700737, 10.9012914 59.6720261, 10.9026056 59.6747889, 10.9054327 59.6786782, 10.905945 59.6805238, 10.9068878 59.6839236, 10.9080157 59.6878862, 10.9091824 59.6920243, 10.9104538 59.6964637, 10.9119558 59.7006076, 10.9133184 59.7043247, 10.9147292 59.7078628, 10.9159818 59.7105618, 10.9175107 59.7138868, 10.9193882 59.7179893, 10.9203309 59.7200394, 10.9208366 59.7211392, 10.9243745 59.724286, 10.9276092 59.7271176, 10.9308064 59.7299056, 10.9355874 59.7340622, 10.938507 59.7365799, 10.9415004 59.7391631, 10.9455264 59.7426421, 10.9508988 59.7472734, 10.952307 59.7499665, 10.9542945 59.7537849, 10.9554291 59.7559654, 10.958342 59.7618876, 10.9593397 59.7665609, 10.9601176 59.7700749, 10.9611046 59.7744823, 10.9604299 59.7784871, 10.9598414 59.7820283, 10.9593436 59.78533, 10.9585565 59.7894598, 10.9572744 59.7927933, 10.9556705 59.7969589, 10.95443 59.8001973, 10.9529051 59.8042917, 10.9521407 59.8078894, 10.951446 59.8112668, 10.9510624 59.8141692, 10.9507433 59.8166317, 10.9500684 59.8218166, 10.9494907 59.8262453, 10.9492171 59.8283996, 10.9487262 59.8323707, 10.9483561 59.8354883, 10.947967 59.8388006, 10.9475667 59.8419015, 10.9472289 59.8449826, 10.9467991 59.8486635, 10.9462666 59.8532215, 10.9459877 59.8556569, 10.945403 59.8608934, 10.9449336 59.8630266, 10.9440243 59.8670555, 10.9434986 59.869393, 10.9428817 59.8721503, 10.9424311 59.8741831, 10.9418786 59.8766856, 10.9409612 59.8808569, 10.9403551 59.8844746, 10.9394512 59.889903, 10.9390327 59.892403, 10.9381208 59.8979203, 10.9371096 59.9012523, 10.9361842 59.9042759, 10.9347318 59.9091444, 10.9332137 59.9142764, 10.9337072 59.9164633, 10.934485 59.9199299, 10.9352736 59.9234505, 10.935454058541346 59.924251704448245, 10.933286297062818 59.92992896116603)"
way/51855380-420,way/493018044-420,420.0,5630.551,10805.5,Al/St 240/40 4-bundle 380.0,"LINESTRING (10.479205015367151 59.34317510643462, 10.488176343707519 59.34427817970457, 10.65472091785203 59.36399463160978, 10.663681613438314 59.365464842058884)"
way/114336709-300,way/120279477-300,300.0,1005.455,54739.15,Al/St 240/40 3-bundle 300.0,"LINESTRING (11.232323528249694 60.388173424242495, 11.24060014740692 60.39129043711045, 11.251148 60.3962875, 11.2532991 60.3980656, 11.2565392 60.4007286, 11.2610561 60.403757, 11.2633333 60.4052817, 11.2652269 60.4065467, 11.2689096 60.4090024, 11.2714201 60.4123665, 11.2730616 60.4145595, 11.2754649 60.4177826, 11.2766397 60.4193583, 11.280309 60.4242755, 11.2820417 60.4266001, 11.2841552 60.4294355, 11.2871164 60.4333957, 11.2893104 60.4363311, 11.2888437 60.4394435, 11.2885863 60.4411372, 11.2880391 60.4447202, 11.2875295 60.4480937, 11.2871325 60.4506653, 11.286757 60.4531124, 11.2861454 60.4571596, 11.2856305 60.4604975, 11.2852389 60.4630232, 11.2848312 60.4656676, 11.2845039 60.4677778, 11.2841284 60.4701998, 11.2837663 60.4726401, 11.2855527 60.4782854, 11.2865424 60.4813978, 11.2872237 60.4835095, 11.2880713 60.4861973, 11.288597 60.4892019, 11.2895036 60.494415, 11.2900829 60.4977517, 11.2906086 60.5007711, 11.2912041 60.5041811, 11.2917459 60.5072738, 11.2922233 60.5100705, 11.2929046 60.5139231, 11.2935269 60.5175033, 11.2939721 60.5200668, 11.2967884 60.5227409, 11.2996638 60.5254492, 11.3029951 60.5290228, 11.3055915 60.5318097, 11.3085526 60.5349869, 11.3109291 60.5375305, 11.3128388 60.5410923, 11.3142335 60.5436908, 11.3156247 60.5462557, 11.3177955 60.5486367, 11.3200915 60.5511318, 11.3275641 60.5558313, 11.3301122 60.5574372, 11.3341302 60.5605169, 11.3362062 60.5621911, 11.3378102 60.5634672, 11.3430458 60.5676561, 11.3470906 60.570893, 11.3512212 60.5741955, 11.3535815 60.5760825, 11.3553894 60.577524, 11.3584149 60.5799352, 11.3605285 60.5818956, 11.3637042 60.5848597, 11.3666332 60.5875785, 11.3702702 60.5909689, 11.3725394 60.5941718, 11.3756132 60.5985201, 11.3774157 60.6010824, 11.3793254 60.6037762, 11.3820398 60.6064619, 11.3843572 60.6087576, 11.3873237 60.6117061, 11.3895982 60.6139515, 11.3929242 60.6172496, 11.3957512 60.6200394, 11.3983101 60.6225737, 11.4013302 60.6255446, 11.40383 60.6280259, 11.4065391 60.6306964, 11.4090657 60.6331956, 11.411646 60.6357342, 11.413368 60.6374439, 11.4169836 60.6410079, 11.418432 60.6424307, 11.4178526 60.6440981, 11.4170158 60.6464359, 11.4160663 60.6491338, 11.4151597 60.6517078, 11.4143121 60.6541003, 11.4133948 60.6566924, 11.412338 60.6597233, 11.4113617 60.6624962, 11.4112973 60.6658261, 11.4112276 60.6696576, 11.4111632 60.6726557, 11.4111096 60.6756115, 11.4110613 60.6780363, 11.410954 60.6813541, 11.410836 60.6848843, 11.410718 60.6884194, 11.4106214 60.6915076, 11.4105356 60.6941007, 11.4104497 60.6969061, 11.4084274 60.7001695, 11.4065123 60.7032513, 11.4045328 60.706451, 11.4026606 60.7094667, 11.4012659 60.7117132, 11.3956761 60.7149803, 11.3929349 60.7165809, 11.3896519 60.7184963, 11.384789 60.721339, 11.3787782 60.7237092, 11.3730061 60.7259862, 11.3685885 60.7277266, 11.3656622 60.7291731, 11.3631302 60.7317644, 11.359933 60.7350295, 11.3573849 60.7376517, 11.3553142 60.7397704, 11.3527286 60.7424264, 11.3500303 60.7451975, 11.3469189 60.7483956, 11.3438666 60.7515332, 11.341179 60.7543009, 11.3362974 60.7570395, 11.3315123 60.7597386, 11.3275373 60.761979, 11.3243937 60.7649816, 11.3216525 60.7676014, 11.319555 60.7695976, 11.3161379 60.7728719, 11.3124794 60.7763632, 11.309368 60.7793278, 11.3059723 60.7825827, 11.303612 60.785442, 11.3020885 60.7887173, 11.3009834 60.791097, 11.2982261 60.7940733, 11.2960428 60.797175, 11.2943342 60.7996129, 11.292446 60.8022927, 11.2907293 60.8047473, 11.2889269 60.8073233, 11.2864324 60.8089573, 11.284335 60.8103282, 11.2841043 60.8126056, 11.2837797 60.8157159, 11.2841552 60.8185448, 11.2835222 60.8216611, 11.2828678 60.8245338, 11.2806603 60.8260636, 11.2777528 60.8280679, 11.2745637 60.8302643, 11.274129769466022 60.83056389432337, 11.26738560882036 60.83557727909898)"
way/252924745-420,way/572898616-420,420.0,1876.85,103170.15,Al/St 240/40 4-bundle 380.0,"LINESTRING (17.611423957004657 68.57737877028471, 17.624727852331915 68.58079246210373, 17.6265979 68.5813937, 17.6302564 68.5843849, 17.6355726 68.5887347, 17.6389736 68.5916828, 17.642557 68.5948312, 17.6459151 68.5977922, 17.6492505 68.6005614, 17.6533073 68.6039341, 17.6563033 68.6064291, 17.6591116 68.6087732, 17.6639611 68.6109029, 17.6697975 68.6140955, 17.6750708 68.616741, 17.6805559 68.6194331, 17.6878756 68.6230166, 17.693696 68.6258683, 17.701799 68.6298309, 17.7017078 68.6312793, 17.701461 68.6344818, 17.7012303 68.6374492, 17.7021423 68.6394452, 17.7033037 68.6419862, 17.7047065 68.645064, 17.7128121 68.6486336, 17.7179673 68.6509118, 17.7378505 68.6512399, 17.7428354 68.6516031, 17.7495879 68.6520972, 17.7566045 68.6526176, 17.7654089 68.653262, 17.7711207 68.6554021, 17.7764475 68.6574121, 17.7806559 68.6590647, 17.785508 68.6594932, 17.7920043 68.660071, 17.8037283 68.6611203, 17.8129739 68.6619518, 17.8215516 68.6627257, 17.8292736 68.6634235, 17.838884 68.6642911, 17.8480411 68.6651225, 17.8588665 68.6661032, 17.8673583 68.6668712, 17.8753835 68.6676117, 17.8842938 68.6688245, 17.8919998 68.6699134, 17.9025704 68.6713709, 17.912237 68.6727064, 17.9180574 68.6735053, 17.9250956 68.674474, 17.9337859 68.6756698, 17.94209 68.6768139, 17.9499328 68.6778828, 17.9589128 68.6791019, 17.9687351 68.6803326, 17.979244 68.6816373, 17.9860675 68.6824837, 17.9931915 68.6832755, 18.0049986 68.6845917, 18.0121118 68.6853844, 18.0208343 68.6863545, 18.0308765 68.6881531, 18.0399316 68.6892926, 18.0456501 68.6900237, 18.0527741 68.6926612, 18.058691 68.6940861, 18.0690551 68.6966121, 18.0742371 68.6978671, 18.0760503 68.6988961, 18.0806154 68.7014605, 18.0850303 68.70397, 18.0874765 68.7063663, 18.0871063 68.7087486, 18.0868167 68.7106263, 18.0862749 68.7141845, 18.0860227 68.7157891, 18.0832761 68.7179387, 18.0803204 68.7202965, 18.0790973 68.7219999, 18.0771768 68.7246862, 18.0756265 68.7268506, 18.0732876 68.7304422, 18.0708146 68.7342239, 18.0717534 68.737076, 18.072896 68.739494, 18.0740091 68.7418281, 18.0792099 68.7444401, 18.0858457 68.7477731, 18.0897778 68.7497302, 18.0950618 68.7523752, 18.1040096 68.7568228, 18.1088269 68.7592095, 18.1177533 68.7636285, 18.1210497 68.765246, 18.1219965 68.7671976, 18.1233698 68.7699795, 18.1242388 68.771987, 18.1258374 68.7784182, 18.1258428 68.7818413, 18.1258482 68.7859889, 18.1258535 68.7893614, 18.1258589 68.7920648, 18.1258535 68.7949173, 18.1258589 68.797878, 18.1258643 68.8031409, 18.1258428 68.8064671, 18.1258321 68.8096532, 18.126508 68.8136144, 18.1271732 68.8175535, 18.1272805 68.8195577, 18.1273878 68.8217187, 18.1274414 68.8228466, 18.1283265 68.8280182, 18.1288093 68.8308216, 18.1298715 68.8368842, 18.130424 68.8401589, 18.1311965 68.844618, 18.1315076 68.8465268, 18.1320012 68.8494381, 18.1336212 68.8524729, 18.1409275 68.8555189, 18.1461418 68.8576822, 18.1555188 68.8615864, 18.1584585 68.8628052, 18.1646275 68.8653623, 18.1695306 68.867397, 18.1761289 68.8701354, 18.1845939 68.8736507, 18.1887138 68.8753502, 18.1957036 68.8782345, 18.1955266 68.8818974, 18.1953978 68.8851481, 18.1952798 68.8877954, 18.1951833 68.8899439, 18.1950652 68.8924323, 18.1948882 68.8961758, 18.1975704 68.8973405, 18.2068133 68.901398, 18.2136369 68.9043832, 18.2186043 68.9065456, 18.2265544 68.910032, 18.2317042 68.9122826, 18.2375756 68.9148505, 18.2449275 68.9166596, 18.2525289 68.9185275, 18.2619274 68.9208352, 18.2691049 68.9226024, 18.2767975 68.9244891, 18.2840824 68.9263601, 18.2892537 68.9282272, 18.2971555 68.9310854, 18.3049875 68.9339104, 18.3121169 68.9364882, 18.3184039 68.9387631, 18.3241761 68.9408451, 18.3308279 68.9432352, 18.3369648 68.9454477, 18.3429515 68.9476061, 18.3511269 68.9505581, 18.3580899 68.9530588, 18.3638513 68.9551201, 18.3697629 68.9573623, 18.3758461 68.9596505, 18.382895 68.962312, 18.3874996 68.9637288, 18.3906305 68.9646921, 18.39872 68.9671604, 18.4056938 68.9691126, 18.4123027 68.9709414, 18.4184074 68.9726353, 18.4243941 68.9743099, 18.4285676 68.9761267, 18.433696 68.978359, 18.4391141 68.9807181, 18.4454656 68.9834579, 18.4515059 68.986055, 18.4566986 68.9882248, 18.4626317 68.9906943, 18.4684789 68.993129, 18.4763968 68.996448, 18.4805167 68.998163, 18.4863532 69.0005949, 18.4918195 69.0023846, 18.4961942 69.0038176, 18.4984258 69.0067169, 18.5028461 69.0113125, 18.5059735 69.0145672, 18.5084787 69.0171884, 18.5106379 69.0194291, 18.5153505 69.020157, 18.5247892 69.0202425, 18.5352981 69.0203318, 18.5435379 69.0204058, 18.5503641 69.0204557, 18.5558277 69.021804, 18.5630107 69.0235612, 18.5692012 69.0250801, 18.5754588 69.0266115, 18.5793453 69.0285785, 18.585611 69.0317385, 18.5951006 69.0338309, 18.5988879 69.03509, 18.6026537 69.037395, 18.6135435 69.0412465, 18.6206299 69.0440708, 18.6295778 69.0476429, 18.635205 69.0498814, 18.6388206 69.0507618, 18.6477685 69.0520756, 18.6563837 69.053351, 18.6632824 69.0543635, 18.6723483 69.0557058, 18.6774123 69.0564556, 18.6811084 69.0577863, 18.6927974 69.0619869, 18.6940312 69.065121, 18.6954367 69.0685862, 18.6966652 69.0716542, 18.6982048 69.0755207, 18.6990416 69.0776127, 18.7005865 69.0814379, 18.7019491 69.0848737, 18.703655 69.0891361, 18.7049961 69.0924884, 18.70969 69.0933307, 18.7149632 69.0942782, 18.7221891 69.0955779, 18.7317753 69.0973101, 18.7412166 69.0989981, 18.7501752 69.1006209, 18.7591123 69.1022322, 18.7676632 69.1037648, 18.7734675 69.1047999, 18.7851727 69.1069083, 18.7907249 69.1079069, 18.800751 69.1097012, 18.8084704 69.1111013, 18.8144195 69.1121495, 18.8221013 69.1135361, 18.8285869 69.1146931, 18.834461 69.1157468, 18.8419068 69.1166055, 18.8514554 69.1177203, 18.8591534 69.1185922, 18.8658804 69.1191639, 18.8783097 69.1202155, 18.8848436 69.1207814, 18.8932013 69.1214773, 18.899703 69.1220317, 18.9102924 69.1233317, 18.9195192 69.1244481, 18.9315033 69.1259199, 18.9379513 69.1267189, 18.9481223 69.1279497, 18.9584219 69.1292035, 18.9672947 69.1303004, 18.9740646 69.1311184, 18.9844394 69.1323796, 18.9899647 69.1330445, 18.9989769 69.1341489, 19.0075064 69.1351845, 19.0140831 69.1359946, 19.019984 69.1367168, 19.028331 69.1386386, 19.03391 69.1399338, 19.0407443 69.1415077, 19.0475035 69.1430778, 19.0543538 69.1446496, 19.0635806 69.1467808, 19.0723085 69.1487858, 19.0772116 69.1499295, 19.0856552 69.1518654, 19.0989 69.1550172, 19.1137326 69.1585694, 19.1211837 69.1603347, 19.1288763 69.1621744, 19.1316497 69.1632181, 19.1383928 69.1657997, 19.1459834 69.1687053, 19.1546148 69.1720149, 19.1611916 69.1745363, 19.167763 69.1770327, 19.1723549 69.1787946, 19.1779903 69.1806985, 19.1852188 69.183155, 19.191954487563823 69.18544009023334, 19.20427589845732 69.18982992962874)"
NO13-420,NO12-420,420.0,1876.85,3138.58,Al/St 240/40 4-bundle 380.0,"LINESTRING (16.28564889999999 67.87187009792655, 16.291842744536922 67.87573531915008, 16.31730996222196 67.8925410529235, 16.32142959999998 67.89678969792875)"
NO13-420,NO12-420,420.0,1876.85,3147.74,Al/St 240/40 4-bundle 380.0,"LINESTRING (16.28564889999999 67.87187009792655, 16.292623445600253 67.87553539882748, 16.318024957586225 67.89244681703585, 16.32142959999998 67.89678969792875)"
NO13-420,NO12-420,420.0,1876.85,3159.78,Al/St 240/40 4-bundle 380.0,"LINESTRING (16.28564889999999 67.87187009792655, 16.293243274545073 67.87535414534825, 16.31867426475446 67.89238603311883, 16.32142959999998 67.89678969792875)"
NO15-420,NO16-420,420.0,1876.85,1542.79,Al/St 240/40 4-bundle 380.0,"LINESTRING (15.434669800000023 67.09953269785525, 15.439991248041279 67.10354768375286, 15.445306853962308 67.10800500349329, 15.450191799999981 67.11210119785649)"
NO22-420,NO23-420,420.0,1876.85,3279.78,Al/St 240/40 4-bundle 380.0,"LINESTRING (13.579501199999985 66.68888459781653, 13.581832488883212 66.69330610620631, 13.593229415466256 66.71343636361527, 13.595381999999983 66.71787269781923)"
NO22-420,NO23-420,420.0,1876.85,3281.25,Al/St 240/40 4-bundle 380.0,"LINESTRING (13.579501199999985 66.68888459781653, 13.581135920840408 66.69335876448666, 13.59253509751692 66.71349408925583, 13.595381999999983 66.71787269781923)"
NO22-420,NO23-420,420.0,1876.85,3286.79,Al/St 240/40 4-bundle 380.0,"LINESTRING (13.579501199999985 66.68888459781653, 13.580416269953018 66.69338806427112, 13.591856189658852 66.71357789332201, 13.595381999999983 66.71787269781923)"
way/636875282-300,way/637005916-300,300.0,1005.455,42042.44,Al/St 240/40 3-bundle 300.0,"LINESTRING (4.846363256439626 60.55227948598777, 4.856033164198488 60.55156933908426, 4.8608051 60.5506986, 4.8651168 60.5499172, 4.8677333 60.5521656, 4.8706783 60.5546858, 4.8745085 60.5579685, 4.878041 60.5598208, 4.8779646 60.5597299, 4.8779699 60.5596495, 4.8780745 60.5596099, 4.8782757 60.5596125, 4.8783776 60.5596771, 4.8785493 60.5604444, 4.8785734 60.5606277, 4.8789918 60.561097, 4.8796892 60.5615557, 4.8803115 60.5621938, 4.8805046 60.5627633, 4.8803115 60.5637756, 4.8805475 60.5642924, 4.8812556 60.5646615, 4.8829937 60.5648724, 4.8859978 60.5650305, 4.8879933 60.5653047, 4.8898387 60.5660428, 4.8974561 60.5687949, 4.8984217 60.5696068, 4.899044 60.5724007, 4.9024772 60.5802856, 4.9044084 60.583574, 4.9039793 60.5850494, 4.903078 60.5866512, 4.9034643 60.5881897, 4.9050521 60.590255, 4.9082708 60.5994629, 4.9093008 60.6012115, 4.9098587 60.6024544, 4.9093866 60.6037183, 4.9079275 60.605277, 4.898529 60.6110691, 4.8960828 60.6128591, 4.8951387 60.6145228, 4.8958683 60.6161231, 4.8969841 60.6173233, 4.8988294 60.6191341, 4.8993873 60.6216185, 4.9009323 60.6240184, 4.9034643 60.6267761, 4.9050521 60.6294072, 4.9053954 60.6312805, 4.9043655 60.6340795, 4.8988294 60.6397823, 4.895954 60.6423492, 4.8906325 60.6463465, 4.8866843 60.6512267, 4.8564291 60.679673, 4.8554849 60.6817534, 4.8557424 60.6835816, 4.8568153 60.6847583, 4.8587894 60.6855987, 4.8612785 60.6857038, 4.8652696 60.6850524, 4.8699474 60.6833294, 4.876213 60.6815433, 4.8789167 60.6814172, 4.8857832 60.6816694, 4.8902463 60.6817744, 4.8947525 60.6813331, 4.8971128 60.6813962, 4.903078 60.6824259, 4.90561 60.6822577, 4.9294495 60.6762368, 4.9312305 60.6760056, 4.9330973 60.6760581, 4.9346638 60.6762998, 4.9353933 60.6766256, 4.9360156 60.6773822, 4.936831 60.6776764, 4.9383974 60.6778866, 4.9415946 60.6782281, 4.9423993 60.6783096, 4.9429464 60.6784567, 4.9433273 60.678743, 4.9435097 60.679074, 4.9438155 60.6796493, 4.9442661 60.6801116, 4.9444431 60.6802115, 4.9447328 60.6802981, 4.9451512 60.6803507, 4.9457145 60.6803034, 4.9466479 60.6801826, 4.9480587 60.6799803, 4.948622 60.6800013, 4.9490887 60.680113, 4.9502233 60.6805516, 4.9503681 60.6806186, 4.9508147 60.6810514, 4.9509676 60.6811775, 4.9511191 60.6812556, 4.9513431 60.6813357, 4.9516274 60.6814237, 4.9519265 60.6815538, 4.9520633 60.6815912, 4.9521692 60.6815859, 4.9522389 60.681561, 4.9522617 60.6815439, 4.9522631 60.6814487, 4.9536552 60.6854707, 4.9548393 60.6888809, 4.9559847 60.6921841, 4.9571568 60.6955697, 4.9582243 60.6986428, 4.959147 60.7013035, 4.9600267 60.7038354, 4.9611402 60.7070435, 4.9613571 60.7076682, 4.9627666 60.7117329, 4.9646113 60.7170473, 4.9687868 60.7180089, 4.9773464 60.7199819, 4.9847259 60.720407, 4.9899723 60.7211757, 4.9959522 60.7228297, 5.0023171 60.7245874, 5.0020596 60.7245618, 5.0019604 60.72459, 5.0019068 60.7246503, 5.0019497 60.7247297, 5.0020435 60.7248307, 5.0022688 60.7250314, 5.0026685 60.7253488, 5.0028348 60.7256845, 5.0028348 60.7270381, 5.0024056 60.72772, 5.0010109 60.7284754, 4.9990797 60.7292099, 4.9978995 60.7302275, 4.997921 60.7309094, 4.9984574 60.7315599, 4.9999594 60.731948, 5.0038647 60.7326299, 5.0062251 60.7326823, 5.0079417 60.732504, 5.010302 60.7320949, 5.014658 60.7314969, 5.024271 60.7293987, 5.0266313 60.7291469, 5.0284552 60.7293462, 5.0297427 60.7297764, 5.0315881 60.7306996, 5.0321674 60.7317907, 5.0330686 60.7328397, 5.0354719 60.734088, 5.0362444 60.7348118, 5.0361156 60.7355251, 5.0345063 60.7373922, 5.0319099 60.7400038, 5.0301289 60.7410525, 5.0275326 60.7432863, 5.0262022 60.7445237, 5.0261378 60.7453731, 5.0261163 60.7464427, 5.0254941 60.7472921, 5.0248718 60.7480365, 5.02352 60.7486761, 5.0213527 60.7495883, 5.0208807 60.7504166, 5.021224 60.7509303, 5.0222969 60.7514231, 5.0244856 60.7517062, 5.0269103 60.7516118, 5.0296783 60.7515384, 5.0314808 60.7518215, 5.0360083 60.7536666, 5.0367164 60.754694, 5.0375318 60.755302, 5.0393128 60.7557109, 5.044012 60.7567067, 5.0465441 60.7576187, 5.047338 60.7583524, 5.0478959 60.7600295, 5.0484752 60.7608051, 5.049634 60.7617065, 5.0501704 60.7626183, 5.0504708 60.7643475, 5.0503635 60.7655632, 5.0495267 60.7669779, 5.0489044 60.7680887, 5.0488615 60.7691522, 5.0492155 60.7700796, 5.049414 60.7703376, 5.0495629 60.770428, 5.0498298 60.7705111, 5.0499679 60.7705242, 5.050039 60.7705085, 5.0500846 60.770478, 5.0500913 60.7704492, 5.0500517 60.7703576, 5.0513674 60.7722275, 5.0536104 60.7754649, 5.0556622 60.7783929, 5.0565715 60.7808741, 5.0512326 60.7822253, 5.0464194 60.7834351, 5.0459298 60.7867721, 5.045527915735341 60.78946764699802, 5.041342473741478 60.794594091862876)"
relation/8860331-300,relation/8864887-300,300.0,1005.455,75702.46,Al/St 240/40 3-bundle 300.0,"LINESTRING (5.505430665996321 59.27827213375187, 5.506471713569859 59.28306508157296, 5.5066978 59.2847322, 5.507184 59.28822, 5.5075273 59.2907405, 5.5061352 59.2941195, 5.5047834 59.2974044, 5.503335 59.3009197, 5.5021387 59.3038205, 5.5004489 59.3079197, 5.499651 59.3098583, 5.4977708 59.314429, 5.4997958 59.3171966, 5.5018786 59.3200406, 5.5044763 59.3223418, 5.5073999 59.3249282, 5.510463 59.3276347, 5.5150992 59.3317379, 5.5140719 59.3357797, 5.5110168 59.3385435, 5.5071974 59.3419985, 5.5045983 59.344345, 5.5008271 59.34773, 5.5010873 59.3505544, 5.5013783 59.3538372, 5.5016036 59.3564171, 5.50017 59.3583945, 5.4982495 59.3610752, 5.4966818 59.3633018, 5.4949343 59.3657573, 5.4937233 59.3674526, 5.494929 59.3690584, 5.4979485 59.3700772, 5.5028294 59.3719637, 5.5089636 59.3749528, 5.5147418 59.3779149, 5.5199499 59.3805817, 5.5249033 59.3831185, 5.5297105 59.3855828, 5.5345492 59.3880564, 5.5415162 59.3916279, 5.5475224 59.3946992, 5.553381 59.3976897, 5.5580695 59.400088, 5.5635446 59.4028872, 5.5680782 59.4051991, 5.573049 59.4077358, 5.5776121 59.4097516, 5.5841097 59.4126189, 5.590024 59.4152311, 5.5967027 59.4181788, 5.601188 59.4201575, 5.6055191 59.4224157, 5.610048 59.4247816, 5.6143919 59.4270409, 5.6192762 59.429503, 5.6248069 59.4322834, 5.6301257 59.4352228, 5.6431907 59.4424195, 5.6486557 59.4454197, 5.6562296 59.4495762, 5.659461 59.4513683, 5.6629868 59.4533031, 5.6670356 59.455265, 5.6710649 59.4571955, 5.6737639 59.4584849, 5.6834011 59.4630929, 5.6934594 59.4679053, 5.7028793 59.4724064, 5.7082236 59.4749609, 5.7161468 59.47702, 5.7203431 59.4781186, 5.7301077 59.4806999, 5.7376394 59.4823119, 5.7435825 59.4837168, 5.7489382 59.4849875, 5.7522393 59.485899, 5.7599996 59.4881392, 5.769966 59.4937552, 5.7725215 59.4960129, 5.775547 59.498683, 5.7785887 59.5013737, 5.7813114 59.5037766, 5.7840134 59.5061611, 5.7869578 59.5087646, 5.7891639 59.51117, 5.7906358 59.5121794, 5.7938256 59.5143808, 5.8017549 59.5198118, 5.8076517 59.5238761, 5.8111373 59.5262723, 5.8146409 59.5287346, 5.8204754 59.5327272, 5.8240048 59.5351525, 5.826847 59.5368763, 5.8316904 59.5398019, 5.8369723 59.5429851, 5.8466765 59.54884, 5.851998 59.5520476, 5.8559509 59.5525951, 5.8648311 59.5510221, 5.8760142 59.54904, 5.8787303 59.5485576, 5.887137 59.5470657, 5.8930814 59.5460019, 5.8995228 59.5458065, 5.906632 59.5457984, 5.9073508 59.5457975, 5.9086905 59.545796, 5.9160036 59.5458646, 5.9286851 59.5459856, 5.9354134 59.5460482, 5.9427908 59.5468108, 5.948984 59.5474497, 5.9539609 59.5480547, 5.9606245 59.5488655, 5.9694298 59.5515787, 5.9737462 59.5529022, 5.9815373 59.555295, 5.9884896 59.5574426, 5.9967756 59.5599832, 6.0052997 59.5626058, 6.0122775 59.564754, 6.0158247 59.5657343, 6.0210114 59.566898, 6.0282701 59.5685262, 6.032046 59.5693736, 6.0379985 59.5707026, 6.0424013 59.5716868, 6.0536934 59.5742181, 6.0567009 59.5744018, 6.0624395 59.5747536, 6.0702306 59.5752314, 6.0735787 59.5754345, 6.0814369 59.5759146, 6.087785 59.5763, 6.091748 59.578192, 6.0958759 59.5801552, 6.1023259 59.5832243, 6.1060917 59.5850019, 6.1093251 59.5865515, 6.1135054 59.5886018, 6.1160427 59.5898393, 6.1212368 59.5923992, 6.1259864 59.5947287, 6.1295497 59.5964799, 6.1365911 59.5999377, 6.1399184 59.6015692, 6.1435314 59.6033294, 6.1457603 59.6044365, 6.1492699 59.6061554, 6.1532725 59.6081042, 6.1581749 59.6105094, 6.1616041 59.6122054, 6.1653726 59.6135147, 6.1701804 59.6151862, 6.1758305 59.6171519, 6.1799531 59.6177102, 6.1828244 59.6181124, 6.1871481 59.6187093, 6.1905988 59.6184963, 6.1948447 59.6182385, 6.2024719 59.6177712, 6.2045945 59.6176389, 6.2078843 59.6186516, 6.2143789 59.6206441, 6.2221201 59.6230323, 6.2272176 59.6248721, 6.2304866 59.6260615, 6.2376407 59.6286661, 6.2460025 59.631701, 6.2525605 59.6340664, 6.2572262 59.6357511, 6.2623894 59.6376113, 6.2650689 59.6385783, 6.2675701 59.6394788, 6.2744218 59.6419413, 6.280548 59.6441489, 6.2903112 59.6476615, 6.2967358 59.6499743, 6.3009113 59.6514712, 6.3054791 59.6528989, 6.3129853 59.6549329, 6.3177904 59.656212, 6.3222429 59.657254, 6.3344845 59.6600648, 6.3409473 59.6611941, 6.3454755 59.6620747, 6.3516654 59.6631883, 6.3642785 59.6643642, 6.3672638 59.6648234, 6.3746385 59.6659579, 6.380585 59.6671141, 6.3822694 59.6674778, 6.3903724 59.669387, 6.3965347 59.6690118, 6.398399496226278 59.66891360722984, 6.410297046557281 59.6687830391661)"
relation/8860331-300,relation/13989591-300,300.0,1005.455,77251.54,Al/St 240/40 3-bundle 300.0,"LINESTRING (5.316238069958961 59.31761072325926, 5.326123516161294 59.31734890577926, 5.3360537 59.3168852, 5.3422952 59.316799, 5.3466739 59.3163761, 5.3509185 59.3165277, 5.3564613 59.3167183, 5.3618109 59.3168982, 5.3665182 59.3184674, 5.3717284 59.3202042, 5.3791299 59.3226655, 5.3892392 59.3260242, 5.3949416 59.3279227, 5.399327 59.3299853, 5.4058166 59.3330355, 5.4103723 59.3351771, 5.4154296 59.3375525, 5.4192786 59.3393806, 5.4288487 59.343879, 5.4349253 59.3467051, 5.4411091 59.3496085, 5.4459961 59.3518992, 5.449782 59.3536752, 5.455937 59.3565647, 5.4598202 59.3583816, 5.4640406 59.3603664, 5.4711726 59.3621284, 5.4781437 59.363854, 5.4828168 59.3652574, 5.4907407 59.3679228, 5.4949008 59.3693119, 5.4979961 59.370369, 5.502533 59.37214, 5.5086444 59.3751229, 5.514035 59.3778825, 5.5193692 59.3806152, 5.5247122 59.3833487, 5.5293806 59.3857433, 5.5343252 59.3882722, 5.5415048 59.3919485, 5.5471938 59.3948593, 5.5531919 59.3979266, 5.557747 59.4002532, 5.5632146 59.4030739, 5.5673841 59.405178, 5.5727345 59.4079075, 5.5773029 59.4099249, 5.5841037 59.4129274, 5.5899006 59.4154853, 5.5962333 59.4182812, 5.6008655 59.4203274, 5.6054319 59.422707, 5.6096497 59.4249044, 5.614066 59.4272039, 5.6190965 59.42974, 5.624475 59.4324443, 5.6296845 59.4353152, 5.6371598 59.4394412, 5.6423123 59.4422797, 5.6482601 59.4455728, 5.6557623 59.44972, 5.6590017 59.4515438, 5.6626294 59.4534977, 5.667218 59.455675, 5.670452 59.4572217, 5.6735131 59.458689, 5.6832227 59.4633808, 5.6928411 59.4679775, 5.7021041 59.4723812, 5.7079513 59.4751489, 5.7158411 59.4772407, 5.7202895 59.4784108, 5.7297617 59.4809056, 5.7374583 59.4825278, 5.7433954 59.4839341, 5.7487377 59.4852003, 5.7519999 59.4861043, 5.7597193 59.4883204, 5.7696086 59.4938893, 5.7724947 59.4964381, 5.7749006 59.4985718, 5.7779536 59.5013016, 5.7781654 59.5014873, 5.782443 59.5052392, 5.7836942 59.5063365, 5.7865521 59.5088721, 5.7887462 59.5112598, 5.7905982 59.5125458, 5.7933234 59.5144128, 5.8014116 59.5200295, 5.8072387 59.5240367, 5.8108556 59.5265263, 5.8147978 59.5292039, 5.8201669 59.5328999, 5.8236484 59.5352924, 5.8261895 59.5368363, 5.8302306 59.5392787, 5.8365874 59.5431367, 5.8461649 59.5488961, 5.8517399 59.5522502, 5.8558007 59.5528638, 5.8652522 59.551192, 5.8765342 59.5491891, 5.8787906 59.5487881, 5.8859333 59.5475201, 5.8873294 59.5472723, 5.8931673 59.5462334, 5.8995348 59.5460383, 5.9014659 59.5460359, 5.9086879 59.5460271, 5.9157206 59.5460917, 5.9287602 59.5462195, 5.9353611 59.546282, 5.9426326 59.5470297, 5.948228 59.5476102, 5.94887 59.5476768, 5.9540427 59.5483034, 5.9604438 59.549081, 5.9691288 59.5517588, 5.973828 59.5532023, 5.9808849 59.5553776, 5.9885355 59.5577358, 5.9972839 59.5604228, 6.0049818 59.5628504, 6.0123096 59.5650325, 6.0156222 59.5659442, 6.0209168 59.567131, 6.0283117 59.5687877, 6.0322089 59.5696606, 6.0387039 59.5711155, 6.0438055 59.5722593, 6.0535727 59.5744422, 6.0565782 59.5746242, 6.0623851 59.5749788, 6.070293 59.575464, 6.0742405 59.5757061, 6.0821892 59.5761951, 6.0875791 59.5765231, 6.0919578 59.5786093, 6.0957827 59.5804278, 6.1020684 59.5834168, 6.1058034 59.5851984, 6.1090174 59.5867178, 6.1135603 59.5889514, 6.1155881 59.5899534, 6.1210062 59.5926354, 6.1256571 59.5948943, 6.1293116 59.5967418, 6.1363524 59.6001705, 6.1397414 59.6018101, 6.1430392 59.603436, 6.1452842 59.6045285, 6.1489695 59.606334, 6.153257 59.6084564, 6.1574104 59.6105223, 6.1613057 59.6123869, 6.1654665 59.6138532, 6.1703575 59.6155308, 6.1756334 59.6173649, 6.1799423 59.6179733, 6.1824851 59.6183172, 6.1872768 59.6189785, 6.1901133 59.6187947, 6.1944544 59.6185187, 6.2022838 59.6180201, 6.2044953 59.6178743, 6.2074149 59.6187778, 6.214233 59.6208729, 6.221876 59.6232262, 6.2269668 59.6250701, 6.2302847 59.6262724, 6.2372088 59.6287827, 6.2457503 59.6318806, 6.2520884 59.6341729, 6.2570491 59.635966, 6.2622352 59.6378357, 6.2648302 59.6387759, 6.2673716 59.639733, 6.274167 59.6421426, 6.2802771 59.644342, 6.2899625 59.6478268, 6.2964267 59.6501952, 6.3006565 59.6516656, 6.3052484 59.6531008, 6.312544 59.6550731, 6.3175772 59.6564248, 6.3220511 59.6574519, 6.3335484 59.660098, 6.335373 59.6604902, 6.3408695 59.6614637, 6.345318 59.6622975, 6.3515259 59.6634471, 6.3641712 59.6645925, 6.3671337 59.6650483, 6.3744883 59.6661794, 6.3804013 59.6673349, 6.3820535 59.6676905, 6.3903254 59.6696322, 6.3966501 59.66924, 6.398343866086557 59.669151085068435, 6.410297046557281 59.6687830391661)"
NO63-300,NO65-300,300.0,1005.455,6840.08,Al/St 240/40 3-bundle 300.0,"LINESTRING (5.054252399876527 60.803278547133424, 5.063324348141332 60.804150712931985, 5.0638497 60.8040264, 5.0650298 60.803974, 5.0664782 60.8040735, 5.0673795 60.8042252, 5.0687206 60.8046387, 5.0701046 60.8052144, 5.0718105 60.8061825, 5.074439 60.8076949, 5.0811553 60.8110437, 5.0822925 60.8121007, 5.0839877 60.8135447, 5.0854897 60.8145702, 5.0869918 60.8151143, 5.0896525 60.8157107, 5.0929785 60.8165896, 5.0963473 60.8177405, 5.0974631 60.818431, 5.1000809 60.8209418, 5.1013899 60.8215486, 5.1029563 60.8218729, 5.1053381 60.8222913, 5.1088786 60.822919, 5.1119685 60.8235153, 5.1144576 60.8237977, 5.116539 60.8238918, 5.1193285 60.8244881, 5.1218605 60.8246241, 5.1237058 60.8248019, 5.1264095 60.8255027, 5.1299286 60.8263395, 5.1326751 60.8266742, 5.1333833 60.8270821, 5.1349068 60.8289962, 5.1356524 60.8305336, 5.134970755911686 60.83577635256536, 5.136890399954042 60.84024799711894)"
way/51854396-300,way/206538656-300,300.0,1005.455,49730.92,Al/St 240/40 3-bundle 300.0,"LINESTRING (9.543963792055218 59.27247517968105, 9.550725912178113 59.27725442625016, 9.5519927 59.2786715, 9.5566785 59.2838397, 9.56307 59.287072, 9.5716696 59.2914102, 9.5805743 59.2960951, 9.5846406 59.2968032, 9.5897394 59.2976906, 9.5923412 59.2981453, 9.6042609 59.300224, 9.6078685 59.3008622, 9.6123116 59.3016434, 9.6147774 59.3020805, 9.6268768 59.3042071, 9.6312028 59.3048824, 9.6428578 59.3067123, 9.6485499 59.3068152, 9.6539997 59.3069196, 9.6614014 59.3070613, 9.6697483 59.3075041, 9.6731142 59.3076941, 9.6804706 59.3080984, 9.6878896 59.3084979, 9.6910276 59.3086793, 9.6946313 59.3089537, 9.7047502 59.3097012, 9.7092663 59.3100818, 9.7147437 59.3105602, 9.7211162 59.3111592, 9.7294183 59.3125945, 9.7346487 59.3135071, 9.7465311 59.3155917, 9.7536407 59.3168354, 9.7574424 59.3174986, 9.7644821 59.3186815, 9.7705753 59.3193827, 9.781354 59.3205929, 9.7861347 59.3199572, 9.7911773 59.3192866, 9.7974426 59.3184387, 9.8055623 59.3173174, 9.8121529 59.3163935, 9.8177158 59.3156147, 9.8230896 59.3148687, 9.8329717 59.3134959, 9.8350667 59.3132048, 9.8387202 59.3133515, 9.8458032 59.3136661, 9.8532617 59.3139852, 9.8595124 59.3142563, 9.8693772 59.314692, 9.8776236 59.3152311, 9.8815303 59.3154891, 9.8866533 59.3158293, 9.8976544 59.3165643, 9.9077515 59.3172421, 9.9123925 59.3175488, 9.9157801 59.3177596, 9.9197041 59.3179976, 9.9227598 59.3181112, 9.9304947 59.318336, 9.936242 59.3185037, 9.9394163 59.318594, 9.9425421 59.318683, 9.9502418 59.3188938, 9.9598654 59.3191644, 9.9705803 59.3194773, 9.9776083 59.3196855, 9.9832457 59.3198572, 9.9892065 59.320036, 9.9948684 59.3202052, 9.9980159 59.3202925, 10.0049387 59.3204119, 10.0099993 59.3205051, 10.0190337 59.3206757, 10.0244933 59.320781, 10.0330161 59.3207694, 10.0420377 59.3207256, 10.0534963 59.320789, 10.0639788 59.3213021, 10.068954 59.3215541, 10.0735409 59.3217789, 10.0815251 59.3221785, 10.0935502 59.3227642, 10.1030948 59.3232279, 10.1063664 59.3233861, 10.1086352 59.3234963, 10.1205754 59.3240804, 10.1233641 59.3243906, 10.1273272 59.3248416, 10.1355066 59.3257704, 10.1406504 59.3255484, 10.1474019 59.3252518, 10.1559792 59.3248734, 10.1626861 59.3245878, 10.1698892 59.3249949, 10.1766266 59.325385, 10.1860542 59.3259643, 10.192301 59.3263523, 10.1972765 59.3266636, 10.2030188 59.3270205, 10.2089985 59.3273905, 10.2145171 59.3277313, 10.2218982 59.3281225, 10.2292471 59.3285141, 10.2374641 59.3289828, 10.2397426 59.3290854, 10.2455287 59.3293414, 10.2494764 59.3295157, 10.2621568 59.3300795, 10.267991 59.3303458, 10.273812 59.3308514, 10.2819291 59.3312447, 10.2888612 59.3303516, 10.2987687 59.3294179, 10.3054641 59.3286965, 10.3130293 59.3278295, 10.317979 59.3280369, 10.3257081 59.3283341, 10.3316012 59.3285602, 10.3386048 59.3288271, 10.344964 59.3290692, 10.3509765 59.3292988, 10.3576639 59.3295516, 10.3667578 59.3298982, 10.370809647999607 59.32970506138146, 10.380885419030704 59.32956067382083)"
way/1028850312-300,relation/8837899-300,300.0,1005.455,4144.9,Al/St 240/40 3-bundle 300.0,"LINESTRING (5.1325271512389765 60.365700709538054, 5.137182070807233 60.37034612253566, 5.1371866 60.3703468, 5.1377392 60.3704105, 5.138222 60.3704264, 5.1388335 60.3704078, 5.1478431 60.3700458, 5.1484171 60.3700338, 5.1489589 60.3700418, 5.149388 60.370071, 5.1498333 60.3701253, 5.1503724 60.3702142, 5.1508766 60.3703203, 5.1514184 60.3704847, 5.1518369 60.3706465, 5.1522285 60.3708242, 5.1527542 60.3711093, 5.1529983 60.3712286, 5.1532745 60.3713347, 5.1535776 60.3714222, 5.153929 60.3714991, 5.1542374 60.3715482, 5.15457 60.3715721, 5.1549536 60.3715734, 5.1553532 60.3715668, 5.1555973 60.371592, 5.1558387 60.3716636, 5.1559862 60.3717431, 5.1560439 60.3718618, 5.1560667 60.3719546, 5.1560855 60.3720972, 5.1561029 60.3721495, 5.1561458 60.3722132, 5.1562176 60.3722795, 5.1563262 60.3723149, 5.1564831 60.3723614, 5.1567111 60.3724164, 5.1569518 60.3724635, 5.1571704 60.3725006, 5.1574293 60.3725361, 5.1576506 60.3725569, 5.157894 60.3725705, 5.1581488 60.3725785, 5.1584237 60.3725768, 5.1723182 60.3725394, 5.1727246 60.372538, 5.1731309 60.3725294, 5.1734903 60.3725135, 5.1738779 60.3724916, 5.1743232 60.3724558, 5.1744338 60.3724449, 5.1746209 60.3724233, 5.1747798 60.3724028, 5.1749521 60.3723789, 5.1756012 60.3722808, 5.1760478 60.3721986, 5.1764166 60.3721303, 5.1768216 60.3720256, 5.177173 60.3718983, 5.1774573 60.3717537, 5.177696 60.3715827, 5.1778597 60.3714209, 5.1779884 60.3712299, 5.1780903 60.3708852, 5.1782191 60.3705431, 5.1784122 60.3702168, 5.178616 60.3699384, 5.1789433 60.3696095, 5.1793241 60.3693032, 5.1796836 60.3690804, 5.1799679 60.3689624, 5.180448 60.3688417, 5.1808208 60.3687873, 5.1814619 60.3686826, 5.1818669 60.3685804, 5.1821673 60.3684743, 5.1827466 60.3682091, 5.1832509 60.3679465, 5.1839161 60.3676999, 5.1845598 60.3675009, 5.18490957616059 60.36741509833511, 5.194458247057923 60.36721824761237)"
NO52-420,NO51-420,420.0,1876.85,4136.49,Al/St 240/40 4-bundle 380.0,"LINESTRING (6.53686207955831 61.221398852691294, 6.558072343757571 61.22082528141677, 6.6042786388187835 61.22014187076752, 6.613458399999996 61.21948699717683)"
NO52-420,NO51-420,420.0,1876.85,4149.05,Al/St 240/40 4-bundle 380.0,"LINESTRING (6.53686207955831 61.221398852691294, 6.558115150296961 61.22137391312036, 6.604554441736234 61.22074316795231, 6.613458399999996 61.21948699717683)"
NO93-300,relation/8886202-300,300.0,1005.455,1785.02,Al/St 240/40 3-bundle 300.0,"LINESTRING (6.647718899999993 59.047809796809894, 6.653286762148676 59.05125047968279, 6.6532731 59.0514258, 6.6530693 59.0521541, 6.6530746 59.0524796, 6.6531283 59.0526259, 6.6532293 59.0527253, 6.6542602 59.053699, 6.6591847 59.0550851, 6.659950196619398 59.05513580717801, 6.663982724931814 59.06038454197493)"
way/287685850-420,relation/8527323-420,420.0,1876.85,75436.52,Al/St 240/40 4-bundle 380.0,"LINESTRING (10.419312245933238 63.32682059054129, 10.426485178862196 63.32264371450358, 10.426817 63.3224512, 10.4323004 63.3201801, 10.4408446 63.3166566, 10.4445648 63.3151642, 10.4472397 63.3122551, 10.4522185 63.3062107, 10.4525363 63.3025741, 10.4528287 63.2992787, 10.4531667 63.2954061, 10.4586478 63.293762, 10.4632732 63.2923751, 10.4689018 63.2906892, 10.4723525 63.2870186, 10.4778095 63.2812632, 10.4799888 63.2790285, 10.4811703 63.2778869, 10.4867654 63.2724879, 10.4879938 63.2713142, 10.4917596 63.2677129, 10.4975076 63.2657251, 10.5025166 63.2639906, 10.5048341 63.2631882, 10.5105002 63.2612314, 10.5197029 63.2580483, 10.5272774 63.2554183, 10.5362441 63.2523131, 10.5404987 63.2508388, 10.5440426 63.2503695, 10.5495183 63.2496475, 10.5555587 63.2488486, 10.5607688 63.2481607, 10.5682603 63.2471695, 10.5754593 63.2462169, 10.580125 63.2455993, 10.5871484 63.2446671, 10.5923009 63.2439861, 10.6004602 63.2429062, 10.6143486 63.241065, 10.6205218 63.2402395, 10.6257547 63.2395349, 10.6315671 63.2387498, 10.6368148 63.2380421, 10.6415074 63.2374068, 10.6482947 63.2364919, 10.654901 63.2355927, 10.6675234 63.2338823, 10.6725888 63.2331938, 10.6753957 63.2328145, 10.6829166 63.2317907, 10.6864572 63.2313105, 10.6978056 63.2297617, 10.7084405 63.2283047, 10.7177532 63.2270313, 10.7265763 63.2258279, 10.7317556 63.2251229, 10.7407558 63.2238946, 10.7462563 63.2231415, 10.7515986 63.2224101, 10.763572 63.2207727, 10.7721001 63.2195944, 10.777258 63.2188843, 10.7874683 63.217471, 10.7909775 63.2163269, 10.7953039 63.2149242, 10.8009446 63.2130905, 10.8070654 63.2111008, 10.8127624 63.2092475, 10.819767 63.2069667, 10.8264604 63.2047825, 10.8337641 63.2023997, 10.8395509 63.200506, 10.8451916 63.1986109, 10.8524027 63.1961817, 10.8590037 63.1939537, 10.8661155 63.1915459, 10.8709033 63.1899315, 10.8768806 63.1879111, 10.8833595 63.1857152, 10.8901079 63.1847055, 10.8956628 63.1838706, 10.9013262 63.1830199, 10.9073853 63.1821063, 10.9143873 63.1810529, 10.9194647 63.1802881, 10.9242189 63.1795716, 10.9311551 63.1785363, 10.9355928 63.1778779, 10.9423962 63.1768679, 10.9504938 63.175657, 10.9563437 63.174662, 10.9619509 63.173661, 10.9679764 63.1725897, 10.9740624 63.1715069, 10.9838136 63.1697679, 10.989646 63.1687238, 10.9945974 63.1678376, 11.0014155 63.1666184, 11.006788 63.1656546, 11.0103366 63.1649772, 11.0156232 63.1639207, 11.0257137 63.1619046, 11.0350518 63.1600433, 11.0424641 63.158564, 11.0497999 63.1570955, 11.057868 63.1554774, 11.0641792 63.1541893, 11.0721186 63.1525213, 11.0779054 63.1513015, 11.0841389 63.1497684, 11.0913903 63.1479391, 11.1009389 63.1455177, 11.1111648 63.1429102, 11.1185382 63.1410302, 11.1240917 63.1396105, 11.1324576 63.137463, 11.1382203 63.1359813, 11.1440326 63.1344844, 11.1478159 63.1335087, 11.1558022 63.1314468, 11.1605993 63.1302091, 11.1654541 63.128958, 11.1689423 63.127796, 11.1754601 63.1256239, 11.1795893 63.1242429, 11.1839841 63.1227482, 11.18752 63.1215404, 11.1941611 63.1192406, 11.1983105 63.117805, 11.2025866 63.1163223, 11.2113346 63.1132858, 11.2168714 63.1113726, 11.2210684 63.1099263, 11.2264743 63.1080678, 11.2295535 63.1070832, 11.2333797 63.1059592, 11.2389252 63.1043357, 11.25438 63.0997769, 11.2604351 63.0979935, 11.2666243 63.0961737, 11.2716334 63.0946996, 11.2792522 63.0924547, 11.2876582 63.0899747, 11.2934659 63.0882557, 11.3005073 63.0861681, 11.3077386 63.0840167, 11.3130842 63.0824254, 11.3176051 63.0810776, 11.3233678 63.0793526, 11.3326818 63.0765588, 11.3386591 63.0747594, 11.34423 63.0730875, 11.3498117 63.0714118, 11.3584296 63.0688177, 11.3629706 63.0674504, 11.3701214 63.0653006, 11.3741165 63.0641001, 11.3795976 63.0624537, 11.3864171 63.0604299, 11.3923877 63.0587481, 11.3985381 63.0570212, 11.4047259 63.055285, 11.4111055 63.0534965, 11.4179197 63.0515839, 11.4243543 63.04978, 11.4327657 63.0474174, 11.439368 63.0455609, 11.4433162 63.0444448, 11.449838 63.0450642, 11.4581743 63.0458515, 11.4623626 63.0462484, 11.4679576 63.0467925, 11.4770932 63.0476976, 11.484759 63.0484556, 11.4935231 63.0493138, 11.501378 63.0500851, 11.5084952 63.0507877, 11.5139468 63.0512478, 11.5178977 63.0512691, 11.5264821 63.0513086, 11.5319833 63.0513354, 11.5374644 63.0513603, 11.5402754 63.0509415, 11.5448593 63.0502656, 11.5504839 63.049433, 11.5602243 63.0479778, 11.5669057 63.046976, 11.5733121 63.046015, 11.5781844 63.0452807, 11.5838686 63.0444305, 11.5957837 63.0426355, 11.6017704 63.0417291, 11.6083954 63.0407168, 11.6172145 63.0393822, 11.6242044 63.038309, 11.6309018 63.0372899, 11.6408139 63.0357709, 11.6457519 63.035015, 11.6536537 63.0338048, 11.6590127 63.0329808, 11.6651711 63.0320314, 11.6749544 63.0305127, 11.676189950104554 63.03030023421363, 11.687439233801033 63.02939217810527)"
NO95-420,NO97-420,420.0,1876.85,16961.23,Al/St 240/40 4-bundle 380.0,"LINESTRING (6.112912599999998 58.88633029677879, 6.121241154548777 58.88753190228622, 6.1231285 58.8875795, 6.1277531 58.8876946, 6.1318302 58.8877961, 6.1343153 58.8886103, 6.1440222 58.8917888, 6.1504474 58.8938937, 6.1614096 58.8948346, 6.1666198 58.89528, 6.1704701 58.8988728, 6.170857 58.901152, 6.1712801 58.9036441, 6.1720352 58.9080817, 6.1737491 58.9093975, 6.1797237 58.9139894, 6.1845249 58.9163513, 6.1915664 58.9201736, 6.1972842 58.9232254, 6.2047306 58.9271967, 6.2068248 58.9289783, 6.2107462 58.9323157, 6.2168831 58.935306, 6.2219632 58.9377819, 6.2259905 58.9397415, 6.2291488 58.9412804, 6.2323406 58.9431014, 6.2368333 58.9454564, 6.2392983 58.9471568, 6.2429756 58.9496914, 6.2468272 58.9523503, 6.2496288 58.9543866, 6.2541738 58.9576917, 6.2567722 58.9595817, 6.258228 58.963786, 6.259101 58.9663131, 6.2602611 58.9696628, 6.262266 58.975456, 6.2638539 58.9800436, 6.2653224 58.9842873, 6.2694637 58.9869696, 6.2761626 58.9900178, 6.281137523828281 58.99228027499869, 6.287580700000001 58.99528349679987)"
way/830770515-420,NO98-420,420.0,1876.85,22283.06,Al/St 240/40 4-bundle 380.0,"LINESTRING (5.76327512798951 58.79024693059147, 5.774648273214714 58.790264218441955, 5.7794201 58.7904392, 5.7831189 58.7907032, 5.7889581 58.7911382, 5.7928044 58.7926364, 5.7962671 58.7939872, 5.7999793 58.7959022, 5.802986 58.7974544, 5.8059847 58.7990009, 5.8085999 58.8003501, 5.8146751 58.8034817, 5.8248863 58.8056629, 5.8339602 58.8075994, 5.8364466 58.8087302, 5.8417064 58.8111166, 5.8437878 58.8165944, 5.8458638 58.8220256, 5.8473243 58.8258599, 5.8499998 58.8277335, 5.8571519 58.8316845, 5.8619168 58.8335488, 5.8663344 58.83527, 5.871141 58.8370175, 5.8763431 58.8389065, 5.8808961 58.8405588, 5.8842328 58.8407718, 5.8883017 58.8410313, 5.8963054 58.8415399, 5.9013775 58.8418626, 5.9037821 58.8422179, 5.9077638 58.8429645, 5.9120581 58.843768, 5.9209147 58.8454262, 5.9313109 58.8451543, 5.9447448 58.8447976, 5.9526385 58.844951, 5.9566015 58.8452021, 5.9605148 58.8454512, 5.9649432 58.8457329, 5.9735852 58.8469845, 5.9796121 58.847856, 5.9870473 58.8489312, 5.9907326 58.8494647, 5.9954828 58.8501522, 5.9985164 58.850592, 6.0045178 58.8514599, 6.0087222 58.8520724, 6.0154331 58.8530477, 6.0242337 58.8543214, 6.0273756 58.8547215, 6.0367674 58.855918, 6.0422297 58.8589884, 6.0460505 58.8611363, 6.0498968 58.8632986, 6.0583819 58.8655557, 6.0673378 58.8661111, 6.0759263 58.8698664, 6.077994699080814 58.87028267590671, 6.0864204000000015 58.87127399677581)"
way/100648754-300,relation/13284562-300,300.0,1005.455,2246.91,Al/St 240/40 3-bundle 300.0,"LINESTRING (9.633863619287672 59.11708854265632, 9.650115744751265 59.116214447088, 9.6547884 59.1160694, 9.660067 59.1159138, 9.663182114350832 59.11582839532868, 9.672889631494694 59.115598344341784)"
way/297388897-300,way/554551085-300,300.0,1005.455,3809.57,Al/St 240/40 3-bundle 300.0,"LINESTRING (10.422128197478317 61.1382818391442, 10.431788281772421 61.14017972315418, 10.4335731 61.1404436, 10.435849 61.1407769, 10.4386532 61.1414734, 10.4413904 61.1421517, 10.4454473 61.1437239, 10.4487048 61.1451679, 10.4516043 61.1487694, 10.4541524 61.151858, 10.4517585 61.1568568, 10.450609940367535 61.15923540792327, 10.448213570042654 61.163791683314734)"
relation/12277754-300,relation/10308957-300,300.0,1005.455,137982.18,Al/St 240/40 3-bundle 300.0,"LINESTRING (8.971500960878783 60.70524496729824, 8.989470755943628 60.696190903396065, 8.9904428 60.696087, 8.9938706 60.6957089, 8.9991814 60.6926315, 9.0040469 60.6898165, 9.0073514 60.6878968, 9.0103072 60.6861765, 9.0127641 60.6835842, 9.015221 60.6809654, 9.0183377 60.6776607, 9.0211219 60.6747024, 9.0238658 60.6717873, 9.0260464 60.6694763, 9.0275967 60.6678195, 9.0302306 60.665022, 9.0326178 60.6624857, 9.0340072 60.661027, 9.0380144 60.6595892, 9.0431535 60.6577597, 9.0471715 60.656327, 9.0526539 60.6543764, 9.0566021 60.6529698, 9.0609097 60.6514397, 9.0642571 60.6502512, 9.0681302 60.6488708, 9.0716976 60.6476034, 9.0749752 60.6464306, 9.077813 60.6449922, 9.0814823 60.6431434, 9.0848833 60.6414155, 9.0891722 60.6392437, 9.0935817 60.6370139, 9.0975434 60.6350029, 9.1012824 60.6331088, 9.1046995 60.6313804, 9.1081971 60.6296071, 9.1102409 60.6285639, 9.1144252 60.6264419, 9.1191298 60.6240566, 9.1233623 60.6219106, 9.1278791 60.6196183, 9.1316396 60.6174668, 9.13481 60.6156546, 9.1379696 60.6138331, 9.1421753 60.6114271, 9.1454101 60.6095738, 9.1506833 60.6065382, 9.1523409 60.6039645, 9.1545027 60.6005847, 9.1585958 60.594185, 9.1602588 60.5915773, 9.1626137 60.5878999, 9.1645449 60.5848781, 9.1663474 60.5820589, 9.1677099 60.5799194, 9.1696411 60.5769021, 9.1711968 60.5744617, 9.1727793 60.5719921, 9.1742384 60.5697043, 9.175778 60.5673029, 9.1777199 60.5642475, 9.1794097 60.5616085, 9.1810781 60.5589955, 9.1817325 60.5566989, 9.182446 60.5541884, 9.1833419 60.5510263, 9.1840875 60.5483967, 9.1847688 60.5459884, 9.1853803 60.5438148, 9.1860643 60.5413653, 9.1868234 60.5387152, 9.1875315 60.5362165, 9.1885078 60.5327888, 9.1894895 60.5293131, 9.1898221 60.5269404, 9.1902566 60.5238311, 9.1905302 60.5218381, 9.1907555 60.5202041, 9.191131 60.5175429, 9.1916031 60.514203, 9.1918927 60.5120536, 9.1922092 60.5098275, 9.1938186 60.5077465, 9.1958356 60.5051425, 9.1976219 60.5028248, 9.1991615 60.5008477, 9.2011517 60.4982695, 9.202525 60.4964968, 9.2069614 60.4948139, 9.2102551 60.493559, 9.2151314 60.4925761, 9.2233872 60.4909194, 9.2268956 60.4890367, 9.2329305 60.4857982, 9.2369968 60.4836126, 9.2392445 60.4824259, 9.2422934 60.4807709, 9.2494556 60.4785616, 9.256086 60.476513, 9.2576981 60.476016, 9.2612332 60.4716381, 9.2636096 60.4687059, 9.2658788 60.4659083, 9.26759 60.4637954, 9.2741293 60.4597146, 9.2804486 60.4557868, 9.2826855 60.4543928, 9.2870468 60.4518902, 9.2897773 60.4503346, 9.2912525 60.4494907, 9.2984998 60.4478583, 9.3033171 60.4467788, 9.3076676 60.4461834, 9.3120235 60.4455987, 9.3187076 60.4442174, 9.3245172 60.4430187, 9.3279451 60.4423069, 9.3324351 60.440809, 9.3350047 60.4399543, 9.3385613 60.4387739, 9.3401706 60.4382367, 9.3480349 60.4370668, 9.3574065 60.4357673, 9.3656194 60.4345894, 9.3674487 60.4343274, 9.3693906 60.4344439, 9.3770671 60.4349256, 9.3821847 60.4354497, 9.387238 60.4359684, 9.3912828 60.436376, 9.4016898 60.4357488, 9.407022 60.4354285, 9.4136524 60.4350315, 9.4215167 60.434563, 9.4255239 60.4343168, 9.4287103 60.4341236, 9.4378781 60.4327948, 9.4415957 60.4322495, 9.4458711 60.4316115, 9.4504577 60.4309471, 9.4523703 60.4298451, 9.4563478 60.4275532, 9.4616103 60.4245006, 9.4663954 60.4217362, 9.4714862 60.4187916, 9.4740955 60.4172787, 9.4752359 60.4166174, 9.4791305 60.4143609, 9.4817215 60.412875, 9.4852191 60.4108461, 9.486486 60.4101166, 9.4882554 60.4090978, 9.4910288 60.4074898, 9.493652 60.407009, 9.4974312 60.4063149, 9.5085651 60.404279, 9.5116925 60.4037067, 9.5154798 60.4030125, 9.5183873 60.4024773, 9.5289311 60.4022455, 9.5388901 60.4020269, 9.5418405 60.4019554, 9.552733 60.401713, 9.556354 60.4011141, 9.5637435 60.3998966, 9.5721871 60.3985028, 9.5767415 60.3977503, 9.5825297 60.3967937, 9.5880014 60.3958927, 9.5912254 60.3953547, 9.5941436 60.394875, 9.5972791 60.3937778, 9.6026972 60.3918855, 9.6066695 60.3904967, 9.6099758 60.3893416, 9.61676 60.386974, 9.6214592 60.3853199, 9.6240127 60.3844318, 9.6309113 60.3820194, 9.6350419 60.3805691, 9.6414793 60.3783181, 9.6445584 60.3767935, 9.6493918 60.3744096, 9.6531844 60.3725427, 9.6574062 60.3704502, 9.6619177 60.3682277, 9.6651256 60.3666336, 9.667722 60.3653551, 9.671917 60.3632808, 9.6752778 60.3616201, 9.6787861 60.3598905, 9.682501 60.3580519, 9.6852368 60.3566935, 9.6889704 60.3548468, 9.6934873 60.3526152, 9.6965343 60.3511, 9.6992272 60.3497678, 9.7025532 60.3481131, 9.7059274 60.346453, 9.7092426 60.3448068, 9.7124505 60.3432122, 9.7158408 60.3415373, 9.7190326 60.3383199, 9.7223398 60.334996, 9.7243602 60.3329589, 9.7265428 60.3307624, 9.7289005 60.3279529, 9.7319743 60.3242654, 9.7344339 60.3213226, 9.7379208 60.3185548, 9.7401524 60.3167803, 9.7418421 60.3154507, 9.745447 60.3125934, 9.7487622 60.3099631, 9.751128 60.3080871, 9.7548938 60.3050924, 9.7579032 60.3027032, 9.7617763 60.2996202, 9.7643566 60.2975763, 9.7667974 60.2956385, 9.7731274 60.2933843, 9.7799295 60.2909571, 9.783411 60.2897181, 9.7881585 60.2880298, 9.7929382 60.2863281, 9.7972512 60.2852326, 9.8030823 60.2837542, 9.8067194 60.2828314, 9.8110002 60.2817438, 9.8158872 60.2805072, 9.822759 60.2787652, 9.8290086 60.2771721, 9.8344749 60.2757863, 9.8400754 60.274366, 9.8448497 60.2731557, 9.8492914 60.2720225, 9.8538029 60.2708839, 9.859162 60.2691441, 9.8640275 60.2675611, 9.8708725 60.2653422, 9.8750085 60.2640012, 9.8792034 60.2626282, 9.883967 60.2610849, 9.8872447 60.2600125, 9.8923624 60.2583546, 9.898054 60.2565076, 9.9012405 60.2554697, 9.9044537 60.2544264, 9.9085307 60.2531009, 9.9134123 60.2515118, 9.9179238 60.2500345, 9.9232024 60.2483202, 9.9304122 60.2469758, 9.9337971 60.2463475, 9.9385339 60.245469, 9.9446815 60.2443242, 9.9495578 60.2434163, 9.9553674 60.2423327, 9.9604207 60.2413955, 9.9654794 60.2404449, 9.970538 60.239505, 9.97388 60.2388792, 9.9800706 60.2377209, 9.9841475 60.2369593, 9.9893296 60.2359926, 9.9938196 60.2351537, 9.9988031 60.2342269, 10.0035238 60.2333454, 10.0096071 60.2328287, 10.017482 60.2321735, 10.0215214 60.231838, 10.0295573 60.2311654, 10.0335592 60.2308338, 10.0376683 60.2304969, 10.0448701 60.229899, 10.0523025 60.2292837, 10.0600111 60.2286391, 10.0662339 60.2281223, 10.0703752 60.2277734, 10.0758362 60.2273192, 10.082554 60.2267621, 10.0837219 60.2266652, 10.088578 60.2262548, 10.0897729 60.2261538, 10.0964463 60.2255997, 10.1012099 60.2252028, 10.1052868 60.2248618, 10.1088268 60.2245655, 10.1133388 60.2241878, 10.118022 60.2236284, 10.1210099 60.2232767, 10.124824 60.2228211, 10.1291692 60.2217475, 10.1334232 60.2206924, 10.1386589 60.2193976, 10.1418561 60.2186089, 10.1465285 60.2174472, 10.1503962 60.2164932, 10.1552778 60.2152861, 10.1632051 60.2133195, 10.1704779 60.211518, 10.1739407 60.2106598, 10.175887 60.2101763, 10.1786613 60.2094872, 10.1822716 60.208597, 10.1855251 60.2077881, 10.1918578 60.2062195, 10.1960796 60.2051679, 10.2001271 60.2041603, 10.2038714 60.203234, 10.2080691 60.2021997, 10.2134576 60.2008681, 10.2179798 60.1997444, 10.2210349 60.1989939, 10.2274936 60.1973956, 10.2317101 60.1963584, 10.2353579 60.1954559, 10.2395985 60.1944066, 10.2446356 60.1931601, 10.2511212 60.1915534, 10.2550994 60.1903078, 10.2584892 60.1892627, 10.2649217 60.1872649, 10.2672574 60.1865357, 10.2717903 60.1851195, 10.2760416 60.1838019, 10.2798048 60.1826269, 10.2839354 60.1813399, 10.2882564 60.1799994, 10.2909654 60.1791564, 10.2966571 60.1773771, 10.3039259 60.1745224, 10.3090864 60.1724893, 10.3127396 60.1710497, 10.3160655 60.1697409, 10.3190535 60.1685641, 10.3214246 60.1676301, 10.3248417 60.1662931, 10.3284144 60.1648853, 10.3328186 60.1631545, 10.3366327 60.1616545, 10.3408219 60.160004, 10.3435045 60.1589466, 10.3482091 60.1577094, 10.3557301 60.155734, 10.3612393 60.154287, 10.3652653 60.1532298, 10.3699082 60.1520124, 10.3731912 60.1511473, 10.3763938 60.1503063, 10.3812432 60.14903, 10.3869617 60.1475187, 10.39253 60.1460473, 10.397535 60.1447308, 10.4013008 60.1437427, 10.4045945 60.1428694, 10.4082759 60.1418939, 10.4117694 60.1409773, 10.4140145 60.140389, 10.4173484 60.139511, 10.4221845 60.1382329, 10.4261783 60.1374597, 10.4291368 60.1368867, 10.4326665 60.1362029, 10.4368159 60.1353976, 10.4414588 60.1344973, 10.4458711 60.1336358, 10.4503906 60.1327623, 10.4544514 60.1319729, 10.4591292 60.1310619, 10.4648906 60.1299398, 10.4700351 60.1289352, 10.4717463 60.1286066, 10.4735622 60.1280509, 10.4769833 60.1270028, 10.4805171 60.125924, 10.4845539 60.1246909, 10.4875821 60.123769, 10.4917127 60.122501, 10.4967365 60.1209684, 10.5022886 60.1192795, 10.5063817 60.118026, 10.5094582 60.1170852, 10.5134493 60.1158611, 10.5166358 60.1148882, 10.520246 60.1137789, 10.5241406 60.1125787, 10.5283195 60.1113037, 10.5318385 60.1102317, 10.5357599 60.1090327, 10.5409902 60.107434, 10.5446032 60.1063338, 10.5519229 60.103108, 10.5547366 60.1018753, 10.5591381 60.0999554, 10.5617639 60.0987908, 10.5663156 60.0967811, 10.5696791 60.0953061, 10.5743301 60.0932628, 10.5771732 60.0920083, 10.5825162 60.0896558, 10.5849302 60.0885979, 10.5884399 60.0870416, 10.5941998 60.0845086, 10.5973984 60.0830996, 10.6005058 60.0817307, 10.6064643 60.0790931, 10.6104554 60.0783054, 10.6137907 60.0776452, 10.6190372 60.0766049, 10.6248347 60.0754495, 10.629776 60.0744647, 10.6380406 60.0745269, 10.6439562 60.0737274, 10.6461154 60.0725258, 10.6497686 60.070493, 10.6524293 60.0690069, 10.6558706 60.067085, 10.6588465 60.0654287, 10.6627652 60.0633721, 10.6660227 60.061563, 10.6689075 60.0598844, 10.6715307 60.0583616, 10.6743108 60.056806, 10.6771687 60.0552101, 10.6807829 60.0531953, 10.6832593 60.0518142, 10.6867106 60.0499941, 10.6900768 60.0482241, 10.693164 60.0464192, 10.6964363 60.0445141, 10.6984426 60.0433295, 10.698857 60.0386381, 10.6990796 60.036123, 10.6992607 60.0339387, 10.6994981 60.0312343, 10.69971 60.0287589, 10.6999514 60.025964, 10.7001404 60.023723, 10.7003738 60.0210487, 10.7005636 60.0188325, 10.7007875 60.0163025, 10.7011382 60.0121864, 10.7012978 60.010469, 10.7024485 60.0085176, 10.7034516 60.0068336, 10.7046445 60.0048186, 10.7058703 60.0027435, 10.7073154 60.0003363, 10.7092117 59.9971336, 10.7103959 59.9951324, 10.7117504 59.9928455, 10.7128937 59.9909071, 10.7137346 59.9894982, 10.7154874 59.98655, 10.7167292 59.9844446, 10.717837 59.9825788, 10.7189421 59.9807016, 10.7208598 59.9774702, 10.721814 59.9758587, 10.722101 59.973572, 10.7224859 59.9704899, 10.7226992 59.9687419, 10.7229345 59.9668887, 10.7232027 59.964789, 10.723365204282748 59.96343208215518, 10.7207909575547 59.95806758250444)"
way/90273427-300,way/830770515-300,300.0,1005.455,3630.88,Al/St 240/40 3-bundle 300.0,"LINESTRING (5.734215455666072 58.81638056035004, 5.742619940109426 58.81310903041804, 5.7449172 58.8124638, 5.7493278 58.8112297, 5.7535714 58.8100394, 5.7568235 58.806967, 5.7580154 58.8030378, 5.7589609 58.799919, 5.760185868539159 58.79588058881958, 5.7629323667755745 58.79004518732627)"
way/128406208-300,way/187555858-300,300.0,1005.455,16695.65,Al/St 240/40 3-bundle 300.0,"LINESTRING (10.215403544041438 59.86705890115977, 10.22790581594213 59.86912880768594, 10.2312528 59.8698023, 10.2355684 59.8694616, 10.2404816 59.8690712, 10.2471596 59.8691493, 10.2557963 59.8705717, 10.2608778 59.8714071, 10.2663521 59.8723044, 10.2728122 59.8731219, 10.2801105 59.8739946, 10.2851035 59.87533, 10.2901608 59.8766822, 10.2956435 59.8781471, 10.2987733 59.878982, 10.3071968 59.8789201, 10.3106113 59.8788938, 10.3147888 59.8788669, 10.3230312 59.8788097, 10.3287443 59.878772, 10.335128 59.8787262, 10.3445345 59.878665, 10.3472811 59.8786482, 10.3528306 59.8786125, 10.3574051 59.8785842, 10.3612219 59.878562, 10.3667338 59.8795796, 10.3702247 59.8802243, 10.3752713 59.8812728, 10.377932 59.8818334, 10.381203 59.8822304, 10.3837886 59.8825433, 10.3892764 59.8832142, 10.3933212 59.8837061, 10.397767 59.8842471, 10.4022503 59.8847908, 10.4053013 59.8851636, 10.41106 59.8858634, 10.4141425 59.8862389, 10.4176676 59.8866681, 10.4221885 59.8872172, 10.4270466 59.8878103, 10.433266 59.888587, 10.4371485 59.8890701, 10.439537 59.8893682, 10.4444414 59.889977, 10.4483903 59.8913986, 10.4511852 59.892888, 10.4543361 59.8945671, 10.4566737 59.8958142, 10.4612656 59.896569, 10.4647095 59.8971373, 10.4690467 59.8978497, 10.4733013 59.8985458, 10.476151160915444 59.89901294248426, 10.498793466950904 59.897017772856586)"
way/114414014-420,way/114845318-420,420.0,1876.85,8725.54,Al/St 240/40 4-bundle 380.0,"LINESTRING (10.648922137102543 59.57585262123904, 10.656294444463908 59.57215985231276, 10.6568107 59.5717323, 10.6587888 59.570094, 10.6616843 59.5677192, 10.6649888 59.565025, 10.6673384 59.5631174, 10.6691676 59.5616308, 10.6715494 59.5596863, 10.6733626 59.5582064, 10.6763506 59.5557574, 10.6789711 59.5536223, 10.6822635 59.5509337, 10.6849283 59.5487622, 10.6873745 59.5467483, 10.6913495 59.5435099, 10.6953192 59.5428247, 10.6995463 59.541514, 10.7050824 59.5397573, 10.7092264 59.538456, 10.712655 59.5374304, 10.720835 59.5350061, 10.7252902 59.5324127, 10.7286349 59.5305208, 10.7304829 59.5291906, 10.7362121 59.5251644, 10.7390392 59.5231483, 10.741040799915265 59.52171800707127, 10.738862503910772 59.51654999769921)"
way/114414014-300,way/114845318-300,300.0,1005.455,8480.17,Al/St 240/40 3-bundle 300.0,"LINESTRING (10.648544060488454 59.57566351556916, 10.65583257843681 59.57195879490028, 10.656293 59.5715856, 10.6585327 59.5697584, 10.6612202 59.5675671, 10.6645596 59.564847, 10.6668636 59.5629693, 10.6689826 59.5612422, 10.6711605 59.5594675, 10.6730662 59.5579156, 10.6760046 59.5555169, 10.6786922 59.5533246, 10.6817713 59.5508114, 10.6846628 59.5484502, 10.6869896 59.5465525, 10.6898528 59.5442155, 10.6920174 59.5424535, 10.6934899 59.5412503, 10.6961668 59.5390639, 10.6986693 59.5370242, 10.701102 59.5350374, 10.7028776 59.5335891, 10.7054901 59.5314525, 10.7072657 59.5300067, 10.7091379 59.5284779, 10.7112958 59.5267185, 10.7133785 59.5250161, 10.7155189 59.5232667, 10.7193062 59.5221566, 10.7229057 59.5211022, 10.7256576 59.5202955, 10.72932747195579 59.51921775524064, 10.738484586265812 59.516361140940724)"
way/114318083-420,way/114845318-420,420.0,1876.85,2728.32,Al/St 240/40 4-bundle 380.0,"LINESTRING (10.61683589412941 59.591600634151966, 10.626181937381679 59.591485388994016, 10.6267619 59.591474, 10.6273091 59.5913002, 10.6389284 59.5815944, 10.6398725 59.5809534, 10.640763 59.580622, 10.642057088873148 59.580381072833326, 10.648922137102543 59.57585262123904)"
way/114414014-420,way/100151486-420,420.0,1876.85,27655.06,Al/St 240/40 4-bundle 380.0,"LINESTRING (10.738862503910772 59.51654999769921, 10.741844637084343 59.521641804841046, 10.7395032 59.5233157, 10.7366735 59.5253385, 10.7310086 59.5293063, 10.7290533 59.5307126, 10.726172 59.5323821, 10.7214197 59.5351516, 10.7130238 59.5376544, 10.7095228 59.538709, 10.7049 59.5401584, 10.6998414 59.5417533, 10.6953192 59.5428247, 10.6917116 59.5437465, 10.6877285 59.5470174, 10.6853709 59.5489451, 10.6794499 59.5537711, 10.676828 59.5559117, 10.6738494 59.5583511, 10.6720899 59.5598195, 10.6726357 59.5615751, 10.6736147 59.5646446, 10.674752 59.5682083, 10.676069 59.5722743, 10.6773698 59.576265, 10.6794834 59.5798982, 10.6814454 59.5832613, 10.6834021 59.5856153, 10.6853467 59.5879548, 10.6870124 59.5899575, 10.6896812 59.5931845, 10.6914461 59.5952928, 10.6899199 59.59818, 10.6879538 59.6018311, 10.6863552 59.6058075, 10.684998 59.6092108, 10.682863 59.6145485, 10.6816506 59.6175413, 10.6802572 59.6209237, 10.6806529 59.6233754, 10.681204 59.6268312, 10.6813985 59.629572, 10.681546 59.6326719, 10.6817257 59.6366283, 10.6816399 59.6380817, 10.6813985 59.6418817, 10.6811035 59.6461827, 10.6810123 59.6495616, 10.680972 59.651108, 10.6839198 59.6537885, 10.687589 59.6571328, 10.6893942 59.6587546, 10.6921381 59.660978, 10.6953889 59.6635995, 10.6979692 59.6656816, 10.6999809 59.6673004, 10.7033671 59.669811, 10.7066341 59.672236, 10.7090762 59.6740522, 10.7121688 59.6763544, 10.7149395 59.6784141, 10.7171309 59.6806361, 10.7192954 59.6828513, 10.7215378 59.6857608, 10.7242978 59.6893712, 10.7271194 59.693007, 10.730609 59.697541, 10.7329559 59.7005778, 10.7346296 59.7027524, 10.7342327 59.7062067, 10.7417536 59.7104819, 10.7452324 59.7124638, 10.7496124 59.7149541, 10.7544807 59.7177161, 10.7587239 59.7201248, 10.7623798 59.7222089, 10.7651854 59.7237911, 10.7696861 59.7261778, 10.7726538 59.7277623, 10.772877892400565 59.72778924938124, 10.782993038428893 59.72889769223971)"
NO16-420,NO18-420,420.0,1876.85,82746.52,Al/St 240/40 4-bundle 380.0,"LINESTRING (13.905244799999975 66.81166819782824, 13.913885843160672 66.81458735636679, 13.9242375 66.8180844, 13.9313158 66.8204684, 13.9354545 66.8218714, 13.9426267 66.8242973, 13.944692 66.8255513, 13.9469719 66.8269382, 13.9518321 66.8298617, 13.9618796 66.8327701, 13.9673889 66.8349986, 13.9733863 66.8373958, 13.9781928 66.8393391, 13.981744 66.8411155, 13.9935028 66.8470199, 13.9969254 66.8485485, 14.0026887 66.8525418, 14.0120476 66.8542493, 14.0224922 66.8561554, 14.0324432 66.8579707, 14.0393257 66.8599808, 14.0466347 66.8621142, 14.0522969 66.8636392, 14.0667191 66.8675088, 14.0710831 66.8686784, 14.07597 66.869416, 14.0816356 66.8702616, 14.0895796 66.8714473, 14.1061825 66.873923, 14.1110855 66.8746515, 14.1239575 66.8765734, 14.1298422 66.8792887, 14.139576 66.8837624, 14.1478506 66.8875699, 14.1551569 66.8898692, 14.1660869 66.8926421, 14.1691607 66.8952199, 14.1737097 66.8990119, 14.1771322 66.901409, 14.1829205 66.9055683, 14.1859782 66.9077702, 14.1892049 66.9100961, 14.1961062 66.9150679, 14.19837 66.9177495, 14.2009449 66.9207863, 14.2053544 66.9260324, 14.2089137 66.9293224, 14.2216328 66.9285362, 14.2316455 66.9279182, 14.2386299 66.9274809, 14.2488331 66.9268397, 14.2538944 66.9265275, 14.2600957 66.9261417, 14.2726082 66.9261921, 14.2815024 66.92623, 14.2896509 66.9262636, 14.29663 66.926291, 14.308759 66.9263309, 14.3148664 66.9273358, 14.3235943 66.9287916, 14.330458 66.929932, 14.3353423 66.9306499, 14.3407899 66.9314465, 14.3463635 66.932261, 14.3541741 66.9345383, 14.3637469 66.937325, 14.3715709 66.9396312, 14.3803042 66.9408604, 14.3887451 66.9420633, 14.3981302 66.9433974, 14.4007292 66.9452451, 14.4043985 66.9478489, 14.4108063 66.952395, 14.4150549 66.9554128, 14.4204783 66.9592626, 14.4259098 66.9631076, 14.4318402 66.967311, 14.4372475 66.971138, 14.4370007 66.9761886, 14.4368881 66.978466, 14.4389588 66.9813808, 14.4419548 66.9855779, 14.445101 66.9899818, 14.4469169 66.9925441, 14.4580615 66.9975829, 14.4612922 66.9990471, 14.463391 66.9999935, 14.4722933 67.0017761, 14.4796586 67.0032453, 14.4852564 67.0043571, 14.4921201 67.0057349, 14.4972378 67.0067513, 14.5053166 67.0067198, 14.5197764 67.0066643, 14.5413387 67.0024615, 14.5444903 67.0018348, 14.5535427 66.9993741, 14.5625684 66.99691, 14.5700021 66.9958493, 14.5787314 66.9945882, 14.5854932 66.9936018, 14.5927513 66.9925566, 14.6021001 66.9912079, 14.6062388 66.990625, 14.614504 66.9894743, 14.6174222 66.98977, 14.6257478 66.9906255, 14.6293151 66.993041, 14.634186 66.9963388, 14.6381825 66.9991624, 14.6462613 67.0048957, 14.6482086 67.0062798, 14.6604153 67.0090562, 14.6648115 67.010064, 14.6715277 67.0115861, 14.6766669 67.0127579, 14.6826965 67.0141366, 14.6894556 67.0156847, 14.6973413 67.0174902, 14.703387 67.0188789, 14.7133005 67.0197753, 14.7211754 67.0204894, 14.7318077 67.0214507, 14.7367269 67.0218926, 14.7445965 67.0226061, 14.7500306 67.0230946, 14.7567093 67.0236956, 14.7646111 67.0246232, 14.7719389 67.0254754, 14.7798353 67.0263967, 14.7878605 67.0273284, 14.7959232 67.0282663, 14.8054612 67.0293759, 14.8135936 67.0303201, 14.8200095 67.0310601, 14.8270315 67.0318775, 14.8330182 67.0325725, 14.841451 67.0335437, 14.8472232 67.0342135, 14.8536229 67.0349503, 14.8593843 67.0356201, 14.8654461 67.0363149, 14.8716474 67.0370328, 14.8808205 67.0380938, 14.88729 67.0388472, 14.8970318 67.0399793, 14.9026215 67.0406134, 14.9133879 67.0418584, 14.9176767 67.0428785, 14.9245861 67.0445188, 14.9327695 67.046476, 14.9408537 67.0483922, 14.9495387 67.0504631, 14.9552518 67.0518227, 14.970358 67.0529918, 14.978866 67.0539643, 14.9872774 67.0549222, 15.0069943 67.0536506, 15.0149819 67.0533547, 15.0306433 67.0527837, 15.0388241 67.0524836, 15.0455913 67.0522347, 15.0512588 67.0520255, 15.0600994 67.0510299, 15.0679421 67.0501535, 15.0764447 67.0491997, 15.085752 67.0481517, 15.0981009 67.0467626, 15.1059249 67.0458777, 15.1159912 67.0447395, 15.1233244 67.0439173, 15.1304537 67.0431076, 15.1388437 67.0444194, 15.1454741 67.0454488, 15.1510745 67.0469676, 15.1571953 67.0486223, 15.1672268 67.0513374, 15.1739645 67.0531612, 15.1804849 67.054918, 15.187794 67.0568942, 15.191313 67.0578477, 15.1958996 67.0590323, 15.203222 67.0609193, 15.2098525 67.0626295, 15.2143049 67.0632191, 15.2229041 67.0643459, 15.2311385 67.0654266, 15.237667 67.0662837, 15.2434123 67.0670341, 15.2505577 67.0679684, 15.2595806 67.0673539, 15.2693653 67.0687272, 15.2755666 67.070556, 15.2838439 67.0730095, 15.2942187 67.0755233, 15.3000927 67.0755546, 15.3070503 67.0755922, 15.3128761 67.0755421, 15.319367 67.0754878, 15.3297418 67.0754021, 15.3364876 67.074701, 15.3569609 67.0750009, 15.3708172 67.0791275, 15.3771687 67.0810181, 15.3835255 67.0829045, 15.3888524 67.0851395, 15.3938359 67.0872386, 15.404495 67.0889532, 15.408057 67.0898178, 15.4142475 67.0913317, 15.4173052 67.0920876, 15.4214573 67.0927287, 15.4274671 67.0935952, 15.4297162503324 67.09544927279195, 15.434669800000023 67.09953269785525)"
way/830770515-300,way/799370310-300,300.0,1005.455,24811.23,Al/St 240/40 3-bundle 300.0,"LINESTRING (5.7629323667755745 58.79004518732627, 5.763355359195404 58.78410586707583, 5.7631525 58.7830291, 5.7633403 58.7823907, 5.7641302 58.7797573, 5.765584 58.7749244, 5.7686363 58.7722476, 5.7714339 58.7687923, 5.7742301 58.7658588, 5.7767017 58.7632683, 5.7808068 58.7589694, 5.7815847 58.7558219, 5.7822311 58.7532188, 5.7829171 58.7504823, 5.7829296 58.7496596, 5.7829466 58.7485467, 5.7829875 58.7464274, 5.7830344 58.7438733, 5.783076 58.7416514, 5.7831404 58.7382539, 5.7831755 58.736039, 5.7831886 58.7352159, 5.7825134 58.7334406, 5.7814506 58.7306942, 5.7802275 58.727533, 5.7787161 58.7236279, 5.7779543 58.7216609, 5.7799794 58.7186486, 5.7813688 58.7165825, 5.7838136 58.7129464, 5.7859191 58.7098135, 5.7886845 58.705701, 5.79171 58.7012005, 5.7937565 58.6973336, 5.7957575 58.6935641, 5.7986087 58.6893249, 5.8008141 58.6867959, 5.8033589 58.6838803, 5.8054047 58.6815367, 5.8072306 58.6794426, 5.8121015 58.673856, 5.8135633 58.6721808, 5.8185858 58.6664232, 5.8211157 58.6635201, 5.8247072 58.6593972, 5.8308166 58.6553062, 5.8347675 58.6526572, 5.838123 58.6504065, 5.8451108 58.6457227, 5.8479539 58.6438148, 5.8491442 58.6430158, 5.857282 58.6375577, 5.8604456 58.6354308, 5.8638588 58.6331413, 5.8667126 58.6312264, 5.8728079 58.627129, 5.8756042 58.6252536, 5.8783722 58.6233921, 5.882362 58.6207128, 5.8896455 58.6158145, 5.8931579 58.6134551, 5.8980274 58.6101792, 5.8997092 58.6090497, 5.9066883 58.6043537, 5.9089561 58.6028286, 5.9116799 58.5999241, 5.9140348 58.5974127, 5.915989700101456 58.5953277275632, 5.9201476946377705 58.590271220212976)"
way/128406208-300,way/187555858-300,300.0,1005.455,16682.2,Al/St 240/40 3-bundle 300.0,"LINESTRING (10.215403544041438 59.86705890115977, 10.228030239493307 59.868883178556615, 10.2313077 59.8695451, 10.2354893 59.8692126, 10.2398036 59.8687925, 10.2475888 59.8689056, 10.2555495 59.8702385, 10.2610534 59.8711419, 10.2665131 59.8720432, 10.2729504 59.8728524, 10.280309 59.8737321, 10.2853636 59.875083, 10.2904236 59.8764366, 10.2959074 59.8779018, 10.2989088 59.8787107, 10.3070232 59.8786455, 10.3105992 59.8786192, 10.3147767 59.8785883, 10.3230956 59.8785324, 10.3287444 59.8784893, 10.3351253 59.8784489, 10.3445292 59.8783877, 10.3471953 59.8783689, 10.3528333 59.8783339, 10.3573984 59.8783009, 10.3612031 59.8782965, 10.3671415 59.8793636, 10.3704379 59.8799518, 10.3754832 59.8810204, 10.3781278 59.8815655, 10.3813411 59.8819646, 10.383908 59.8822735, 10.3894092 59.8829417, 10.3934553 59.8834356, 10.3979011 59.883978, 10.4023764 59.8845223, 10.4054308 59.8848829, 10.411296 59.885605, 10.4145804 59.886006, 10.4177977 59.8863997, 10.4223239 59.8869474, 10.4271962 59.8875421, 10.4334001 59.8883152, 10.4373094 59.888807, 10.4394177 59.889062, 10.4446869 59.8897194, 10.4487477 59.8911988, 10.4515935 59.892697, 10.4548377 59.8944265, 10.4570813 59.8956205, 10.461444 59.8963053, 10.4653358 59.896945, 10.469225 59.8975853, 10.4734723 59.8982815, 10.476099121354567 59.89871156149132, 10.498793466950904 59.897017772856586)"
relation/8476872-300,relation/8473044-300,300.0,1005.455,37256.19,Al/St 240/40 3-bundle 300.0,"LINESTRING (13.290527015659807 65.85201431785116, 13.295281564656054 65.85700546896742, 13.2971182 65.858503, 13.3069593 65.8601342, 13.3197883 65.8622621, 13.3259681 65.8632876, 13.3373822 65.8651746, 13.345964 65.8665986, 13.3514196 65.8675012, 13.3577737 65.8685528, 13.3726278 65.8710101, 13.3811438 65.8724223, 13.3938655 65.8745197, 13.3990502 65.8753759, 13.4077218 65.8768054, 13.4139848 65.877838, 13.422415 65.8792279, 13.4309927 65.880655, 13.4384921 65.8818957, 13.4432155 65.8844909, 13.4488213 65.8875768, 13.4531933 65.8899851, 13.4563985 65.8917326, 13.4542823 65.8941307, 13.4510744 65.8977193, 13.4483546 65.9008057, 13.4478396 65.9048861, 13.4474748 65.9077812, 13.4471744 65.91025, 13.4468445 65.9128336, 13.4465682 65.915059, 13.4465548 65.9184629, 13.4465414 65.9242059, 13.4465387 65.9262574, 13.446528 65.9290571, 13.4465173 65.9337444, 13.4464985 65.9374991, 13.4465012 65.9404484, 13.4464931 65.943873, 13.4464851 65.947436, 13.4464717 65.9511111, 13.446461 65.9541179, 13.4464529 65.9571494, 13.4464475 65.9602735, 13.4464368 65.9636485, 13.4464771 65.9670929, 13.4464341 65.9700804, 13.4464234 65.9728752, 13.4464288 65.9743211, 13.4509832 65.9770129, 13.4550923 65.9794642, 13.458893 65.981722, 13.4618998 65.9835025, 13.4642896 65.9849173, 13.4677041 65.9869258, 13.4747368 65.9888511, 13.4805196 65.9904282, 13.4881639 65.9925344, 13.4911573 65.9933714, 13.4935713 65.9949176, 13.4975785 65.9974807, 13.5013121 65.9998613, 13.5044423 66.0018593, 13.5086238 66.0045345, 13.512902 66.0072209, 13.5182583 66.0087128, 13.5221449 66.0097947, 13.5319135 66.0112145, 13.536846 66.0117205, 13.5419235 66.012209, 13.5450777 66.0125132, 13.5505038 66.0114697, 13.5582501 66.0099692, 13.562724 66.0090564, 13.5655738 66.008474, 13.569687 66.0076266, 13.5713983 66.0076266, 13.5841683 66.0077357, 13.5935989 66.0100466, 13.6015141 66.0120018, 13.6093676 66.013934, 13.6193293 66.0163774, 13.6249271 66.0177587, 13.6272338 66.0186047, 13.6317614 66.0203336, 13.6389416 66.0230183, 13.6408514 66.0237355, 13.6511296 66.0275773, 13.6564082 66.0295475, 13.6609036 66.0312267, 13.6677673 66.0337817, 13.673636 66.0359769, 13.6826509 66.0393343, 13.6887476 66.041601, 13.6945653 66.0437574, 13.6988729 66.0453866, 13.7071717 66.0461043, 13.7132603 66.0466281, 13.7176162 66.047006, 13.7222457 66.0473337, 13.7293214 66.0478586, 13.7377596 66.0484553, 13.7484348 66.0491761, 13.7623286 66.0499187, 13.768646719968118 66.05024966129548, 13.783069811199487 66.05064850497526)"
NO55-300,NO54-300,300.0,1005.455,1723.52,Al/St 240/40 3-bundle 300.0,"LINESTRING (7.017723198907909 61.187861297639884, 7.0260452340498745 61.185636068937434, 7.037766898563641 61.18272602136371, 7.045665649450492 61.18033199721667)"
NO59-300,NO56-300,300.0,1005.455,4793.65,Al/St 240/40 3-bundle 300.0,"LINESTRING (7.049800200000007 61.14694249716598, 7.052091690131212 61.142580313615845, 7.065125548172396 61.108997429361146, 7.065871500000009 61.10451489715958)"
NO57-300,NO55-300,300.0,1005.455,9725.11,Al/St 240/40 3-bundle 300.0,"LINESTRING (6.948259800000007 61.139891397164845, 6.957438039094502 61.13935146098259, 6.9591308 61.1392506, 6.9647222 61.1388889, 6.9731963 61.1384194, 6.9796765 61.1380361, 6.9868112 61.1376141, 6.9917893 61.1373215, 7.0058709 61.1395923, 7.0099586 61.14025, 7.0163691 61.1412779, 7.021932 61.1421738, 7.0296702 61.1434191, 7.0363569 61.1444935, 7.0412198 61.1452779, 7.0429444 61.1465723, 7.0442158 61.1475068, 7.0469087 61.1495673, 7.0492181 61.1512963, 7.0526031 61.1538405, 7.0567122 61.1569254, 7.0595527 61.159072, 7.0621276 61.1609972, 7.0617145 61.1628951, 7.0614195 61.1642922, 7.0609635 61.1663723, 7.0604378 61.1687989, 7.0599228 61.1711839, 7.0594469 61.1733104, 7.0568558 61.1749476, 7.0541467 61.1766546, 7.052893676296007 61.17744556606429, 7.045665649450492 61.18033199721667)"
NO57-300,NO58-300,300.0,1005.455,5030.23,Al/St 240/40 3-bundle 300.0,"LINESTRING (6.856514800000004 61.13429939716405, 6.865154969808425 61.13588569559781, 6.939101308101741 61.140526803871886, 6.948259800000007 61.139891397164845)"
NO59-300,NO56-300,300.0,1005.455,4795.73,Al/St 240/40 3-bundle 300.0,"LINESTRING (7.049800200000007 61.14694249716598, 7.050319042562344 61.14244975111359, 7.063436408281295 61.10885588525929, 7.065871500000009 61.10451489715958)"
NO57-300,NO58-300,300.0,1005.455,5001.32,Al/St 240/40 3-bundle 300.0,"LINESTRING (6.856514800000004 61.13429939716405, 6.865629674672219 61.13503377502017, 6.9390176615523025 61.139732340424075, 6.948259800000007 61.139891397164845)"
NO54-300,NO55-300,300.0,1005.455,1725.2,Al/St 240/40 3-bundle 300.0,"LINESTRING (7.017723198907909 61.187861297639884, 7.026173990114284 61.18575172484168, 7.037940236004567 61.182869145583695, 7.045665649450492 61.18033199721667)"
NO55-300,NO54-300,300.0,1005.455,1725.02,Al/St 240/40 3-bundle 300.0,"LINESTRING (7.017723198907909 61.187861297639884, 7.0256052845491 61.185315753103005, 7.03731728424479 61.182290983860526, 7.045665649450492 61.18033199721667)"
NO55-300,NO54-300,300.0,1005.455,1731.37,Al/St 240/40 3-bundle 300.0,"LINESTRING (7.017723198907909 61.187861297639884, 7.02527701774496 61.18511144428343, 7.037053700954568 61.181994258684405, 7.045665649450492 61.18033199721667)"
NO54-300,NO55-300,300.0,1005.455,1722.95,Al/St 240/40 3-bundle 300.0,"LINESTRING (7.017723198907909 61.187861297639884, 7.025901104772965 61.18552846758501, 7.037607493138325 61.18258287875784, 7.045665649450492 61.18033199721667)"
NO54-300,NO55-300,300.0,1005.455,1727.7,Al/St 240/40 3-bundle 300.0,"LINESTRING (7.017723198907909 61.187861297639884, 7.025446397286263 61.18521062264058, 7.037180635683082 61.182141123614215, 7.045665649450492 61.18033199721667)"
NO55-300,NO56-300,300.0,1005.455,4230.12,Al/St 240/40 3-bundle 300.0,"LINESTRING (7.045665649450492 61.18033199721667, 7.053285614154743 61.17771954362766, 7.054651 61.1768589, 7.0573064 61.175183, 7.0600744 61.1734268, 7.0605531 61.1712175, 7.0610976 61.1687264, 7.0616019 61.1664163, 7.0620578 61.1643207, 7.062369 61.1629235, 7.0627955 61.1609182, 7.0600998 61.1589102, 7.0572513 61.1567533, 7.0530993 61.1536542, 7.05196422462985 61.15131369362733, 7.049800200000007 61.14694249716598)"
relation/8860331-300,NO83-300,300.0,1005.455,23601.82,Al/St 240/40 3-bundle 300.0,"LINESTRING (6.147843000000002 59.778948596943685, 6.155581787459623 59.776737549866404, 6.1571221 59.7758771, 6.1587609 59.774826, 6.1604172 59.7736303, 6.1644123 59.7707531, 6.1671013 59.7688149, 6.1699183 59.7667868, 6.1723845 59.7647322, 6.1745276 59.7625924, 6.175052 59.7592107, 6.1753947 59.7575656, 6.1756924 59.7554953, 6.1762315 59.751821, 6.1766419 59.7490136, 6.1769269 59.7470832, 6.1775431 59.7429316, 6.1780883 59.7414223, 6.1791685 59.7390583, 6.1797331 59.7301821, 6.1796346 59.7282892, 6.1794716 59.7252218, 6.1821324 59.7213643, 6.1893958 59.7197894, 6.1974639 59.7176795, 6.2084234 59.7147965, 6.2173659 59.7122859, 6.2219283 59.7098941, 6.2255372 59.7079926, 6.2278801 59.7066174, 6.2298086 59.7038129, 6.2322266 59.7005534, 6.2348525 59.697742, 6.2370137 59.695425, 6.2391642 59.6931139, 6.2402987 59.6917448, 6.2419134 59.6870367, 6.2456219 59.6838695, 6.2477171 59.6822745, 6.2511738 59.679643, 6.2552051 59.6764269, 6.2583956 59.6738809, 6.2623733 59.6707073, 6.2663752 59.6675184, 6.2708055 59.6661168, 6.2762095 59.6645904, 6.2811944 59.6632357, 6.2873648 59.661568, 6.2934373 59.6599395, 6.2972548 59.6589176, 6.3023745 59.6586727, 6.3060974 59.6585907, 6.3087279 59.6585345, 6.3229564 59.6589301, 6.3333915 59.6603455, 6.3353475 59.660749, 6.3407032 59.6617048, 6.3451436 59.6625285, 6.3513985 59.6636862, 6.3640559 59.6648282, 6.3669889 59.6652799, 6.3743274 59.6664084, 6.3802296 59.6675611, 6.3818309 59.6679072, 6.3902973 59.6698753, 6.3966407 59.6694872, 6.398327287718639 59.66939806663928, 6.410297046557281 59.6687830391661)"
way/60495669-420,way/232893576-420,420.0,1876.85,28133.76,Al/St 240/40 4-bundle 380.0,"LINESTRING (11.155547713004776 59.314499993066384, 11.166654813277134 59.31371803098251, 11.1671452 59.3137008, 11.1722159 59.3135304, 11.1779129 59.3135003, 11.1827986 59.3111143, 11.1890763 59.3078027, 11.1935878 59.3053917, 11.1960286 59.3040992, 11.2002665 59.3018412, 11.2024149 59.3006978, 11.2041208 59.2992134, 11.2089246 59.2950899, 11.2105608 59.2936778, 11.2128514 59.2916466, 11.2156945 59.2890878, 11.2192672 59.2858001, 11.2236392 59.2819284, 11.2289393 59.2772396, 11.230908 59.275491, 11.234816 59.2719909, 11.2376913 59.2702394, 11.2415779 59.2678325, 11.2451774 59.2656229, 11.2481868 59.2637696, 11.2509495 59.2620697, 11.256566 59.2586094, 11.2593502 59.2568983, 11.2634754 59.2543643, 11.2680459 59.2515614, 11.2713182 59.2495318, 11.2745583 59.2476584, 11.2790966 59.2450443, 11.2819987 59.2433709, 11.2857056 59.2412392, 11.2899274 59.2388166, 11.2932962 59.236885, 11.2971801 59.2346597, 11.3001519 59.2329529, 11.3038212 59.230859, 11.3072598 59.2289077, 11.3122112 59.226089, 11.3167065 59.2235254, 11.320408 59.2214145, 11.3239002 59.219438, 11.3295221 59.2161737, 11.3339156 59.2152814, 11.3400096 59.2139607, 11.345197 59.2128487, 11.3530022 59.2111655, 11.3566285 59.2103912, 11.3614619 59.2093559, 11.3649541 59.2086447, 11.3674378 59.2074199, 11.3710856 59.2056911, 11.3737383 59.2044442, 11.377126 59.2028444, 11.3828015 59.2001581, 11.3854167 59.1989275, 11.3884503 59.1974991, 11.3897967 59.1946435, 11.3909823 59.1921228, 11.392495 59.1889136, 11.3941204 59.1854596, 11.395939 59.1816067, 11.3971943 59.1789435, 11.398589 59.175953, 11.3996217 59.1735423, 11.4023334 59.1714502, 11.4051712 59.1691437, 11.408304 59.1666115, 11.4110425 59.1643967, 11.4145374 59.1615727, 11.4183354 59.1576511, 11.4210927 59.1547948, 11.4239278 59.1508972, 11.4256176 59.148537, 11.4273316 59.1461326, 11.4291394 59.1436455, 11.4284232 59.1407344, 11.4276561 59.1375548, 11.4269963 59.1347657, 11.426425 59.1324292, 11.4260736 59.1309113, 11.422087940850426 59.12810394017228, 11.41545806478562 59.12396115858786)"
way/572898618-420,way/572898616-420,420.0,1876.85,31545.62,Al/St 240/40 4-bundle 380.0,"LINESTRING (18.591798209253888 69.03408405230084, 18.603531101409338 69.03821219674943, 18.6125511 69.0413952, 18.619549 69.0441811, 18.6285692 69.047782, 18.6344406 69.0501173, 18.6382788 69.0510313, 18.6457005 69.0521245, 18.6560458 69.0536578, 18.662923 69.0546723, 18.6719835 69.0560088, 18.6768946 69.0567279, 18.6799872 69.0578534, 18.691856 69.0621546, 18.6930495 69.0651699, 18.694447 69.0686571, 18.6956808 69.0717213, 18.6972257 69.0756031, 18.6980358 69.0775878, 18.6993903 69.0810194, 18.7009433 69.0849139, 18.7025794 69.0890308, 18.7040412 69.0926846, 18.7092715 69.0936264, 18.7142926 69.0945338, 18.7208399 69.0957157, 18.7313327 69.0976163, 18.74075 69.0993206, 18.7497058 69.1009405, 18.7587771 69.1025814, 18.7687549 69.1043541, 18.772577 69.1050314, 18.7847409 69.1072277, 18.790234 69.108212, 18.8002735 69.1100187, 18.8081646 69.1114332, 18.8134056 69.1123733, 18.8216454 69.1138507, 18.8281256 69.1150106, 18.8340667 69.1160777, 18.841601 69.1169439, 18.8511416 69.1180453, 18.8588691 69.1189363, 18.8656524 69.119509, 18.8780737 69.1205673, 18.8846156 69.1211207, 18.8929707 69.1218329, 18.8994402 69.1223797, 18.9099652 69.1236681, 18.9192027 69.1247998, 18.9330831 69.1264971, 18.9375705 69.1270447, 18.9477897 69.128289, 18.9580598 69.1295427, 18.9669004 69.1306196, 18.9737025 69.1314489, 18.984037 69.1327082, 18.9895946 69.1333856, 18.9986175 69.1344814, 19.0071523 69.1355246, 19.0142897 69.136392, 19.0195468 69.137032, 19.0277785 69.1389386, 19.0333736 69.1402337, 19.0390921 69.1415498, 19.0469778 69.1433738, 19.0538067 69.1449513, 19.0630281 69.1470749, 19.0717721 69.149097, 19.076702 69.150235, 19.085108 69.152169, 19.0983206 69.1553246, 19.1131747 69.1588728, 19.1206205 69.1606439, 19.1282004 69.162452, 19.1306815 69.1634023, 19.137615 69.1660516, 19.1452271 69.168959, 19.1538691 69.1722552, 19.1604701 69.1747709, 19.167012 69.1772749, 19.1716522 69.1790368, 19.1772956 69.1809359, 19.184736 69.1835001, 19.191354209964725 69.18575587288949, 19.20427589845732 69.18982992962874)"
relation/11568632-420,NO91-420,420.0,1876.85,12896.34,Al/St 240/40 4-bundle 380.0,"LINESTRING (9.438009547951506 59.224103446902994, 9.431821102574109 59.22041669282742, 9.4320624 59.2186391, 9.4323608 59.2164301, 9.4328637 59.2127004, 9.4333023 59.2094658, 9.4337502 59.2061429, 9.4300354 59.2017334, 9.4280787 59.1993928, 9.4235578 59.1938681, 9.4301426 59.1890943, 9.4387579 59.1850529, 9.4443919 59.1826167, 9.448033 59.1814122, 9.4506454 59.18055, 9.4553272 59.1784859, 9.4598682 59.176478, 9.4655934 59.1737574, 9.470192 59.171574, 9.4731626 59.1701626, 9.4762471 59.1686969, 9.4808793 59.165944, 9.4862893 59.1639224, 9.4907659 59.1617926, 9.4962376 59.1584246, 9.4928768 59.1538425, 9.4880515 59.1472523, 9.485305 59.1435076, 9.4831967 59.1406202, 9.4797501 59.1359195, 9.478051706670911 59.1335977357202, 9.475947112534435 59.12861697406245)"
NO90-420,way/206538656-420,420.0,1876.85,8411.83,Al/St 240/40 4-bundle 380.0,"LINESTRING (9.457948001302611 59.231361847007264, 9.455927062233012 59.2359712406725, 9.455284 59.2375459, 9.4612402 59.2433311, 9.4679913 59.2436754, 9.4717977 59.243559, 9.4755658 59.2434943, 9.4801015 59.2433016, 9.4881293 59.2429649, 9.4928125 59.2427701, 9.4964924 59.2426137, 9.5010946 59.2424154, 9.5095557 59.2420588, 9.5153855 59.2418163, 9.5170777 59.2430145, 9.5223436 59.24683, 9.5264152 59.2496895, 9.5287272 59.2513269, 9.5304465 59.2540188, 9.5314121 59.2561551, 9.5330805 59.2599173, 9.5347863 59.2637833, 9.5356929 59.2658258, 9.538420330765678 59.267671159977944, 9.544332509392458 59.27266723104603)"
relation/8836351-300,relation/8834935-300,300.0,1005.455,15572.96,Al/St 240/40 3-bundle 300.0,"LINESTRING (5.342035561947889 60.287229421451144, 5.353542376910956 60.28729033570553, 5.3550021 60.2876456, 5.3618109 60.2886852, 5.3670882 60.2894835, 5.3698066 60.2918444, 5.3714722 60.2932813, 5.3724832 60.2941562, 5.374707 60.2960804, 5.3852682 60.2997678, 5.3884801 60.3008887, 5.3930251 60.3024773, 5.3961043 60.3049748, 5.403294 60.3108106, 5.4089105 60.3153611, 5.4118448 60.3177473, 5.4147108 60.3200529, 5.4188481 60.3226871, 5.4218669 60.3245516, 5.4252908 60.3266762, 5.4316154 60.3305924, 5.4365299 60.333638, 5.4394676 60.3388529, 5.4410541 60.34168, 5.4425602 60.3443662, 5.4445504 60.3483858, 5.4457842 60.3508787, 5.4456829 60.3542139, 5.4455414 60.359064, 5.4438359 60.365155, 5.4431637 60.3675573, 5.4421712 60.3710987, 5.4394475 60.3746708, 5.437987 60.3765714, 5.4351479 60.3802768, 5.4326963 60.3834642, 5.4307075 60.3860337, 5.4320727 60.3879111, 5.4427318 60.3896048, 5.4484481114882275 60.39136228557128, 5.456969708946896 60.39448342194228)"
way/290562151-300,way/114845318-300,300.0,1005.455,1971.23,Al/St 240/40 3-bundle 300.0,"LINESTRING (10.61736464559159 59.58124905617709, 10.626484360644701 59.58030685824216, 10.6275666 59.5804047, 10.6287467 59.5804754, 10.6296855 59.5804319, 10.630517 59.5803395, 10.6316006 59.5801304, 10.6328237 59.5796225, 10.6342024 59.5788619, 10.6362784 59.5776477, 10.6374103 59.5769387, 10.6382579 59.576515, 10.6390411 59.5762623, 10.639087107803668 59.57625471746733, 10.648544060488454 59.57566351556916)"
way/229806970-300,relation/8488332-300,300.0,1005.455,130659.36,Al/St 240/40 3-bundle 300.0,"LINESTRING (11.502596752192956 63.75285827072675, 11.511536243515843 63.75757770485845, 11.5189169 63.7602702, 11.5279761 63.7635751, 11.5406978 63.7682228, 11.5492217 63.7713474, 11.5573356 63.7743443, 11.5654119 63.7773399, 11.5725329 63.7799703, 11.5780342 63.7820049, 11.5863866 63.7850845, 11.5931082 63.7875654, 11.5966326 63.7888698, 11.6001114 63.7901516, 11.6096158 63.7936567, 11.6195387 63.7973562, 11.6306189 63.8014536, 11.6369086 63.8037928, 11.6497122 63.8085008, 11.6551168 63.8104434, 11.6600803 63.8122563, 11.6653454 63.8149846, 11.6721958 63.8185363, 11.6756661 63.8203214, 11.6813958 63.8232862, 11.6863941 63.8258768, 11.6930473 63.8293224, 11.7019442 63.833181, 11.7105152 63.8368635, 11.7164603 63.8394161, 11.7229177 63.8421938, 11.7294449 63.8450032, 11.7363945 63.8480026, 11.7426762 63.8508267, 11.7483088 63.8536706, 11.7550935 63.8570987, 11.7613068 63.8604188, 11.7681357 63.8661646, 11.7695546 63.8673543, 11.7769092 63.8735559, 11.7789772 63.8753063, 11.7828517 63.8785894, 11.7876139 63.8826278, 11.7914119 63.8858416, 11.7962936 63.8899545, 11.7995658 63.8927095, 11.8063277 63.8984039, 11.8121052 63.9032808, 11.8183628 63.9085614, 11.8209752 63.910766, 11.8237057 63.9130401, 11.8277532 63.916221, 11.8340966 63.9211996, 11.8389192 63.924982, 11.8422747 63.9276133, 11.8460485 63.9300063, 11.851657 63.9335611, 11.85711 63.9370182, 11.8639764 63.9413765, 11.866487 63.9429671, 11.8717897 63.9459808, 11.8763816 63.9485819, 11.8827733 63.9522015, 11.8886299 63.9555069, 11.8940654 63.9585834, 11.9021147 63.9630447, 11.9075704 63.9660657, 11.9135034 63.9681575, 11.9232103 63.9715816, 11.9307232 63.9742086, 11.9396536 63.9773107, 11.9450355 63.9795, 11.9534093 63.9827668, 11.9581541 63.9846174, 11.9660398 63.9876831, 11.9759023 63.9915188, 11.9851452 63.9951246, 11.9911694 63.997466, 11.9988339 64.0004462, 12.0045564 64.0026713, 12.0101488 64.0048474, 12.0211458 64.0091203, 12.0301285 64.0125935, 12.0381403 64.0156784, 12.0435879 64.0177889, 12.0518652 64.0209907, 12.0598796 64.0240876, 12.0652467 64.0261634, 12.0756885 64.03021, 12.0812018 64.0323458, 12.0906231 64.0359951, 12.0960036 64.0380818, 12.1018226 64.0403391, 12.110112 64.0435618, 12.11391 64.0450415, 12.1188399 64.0461638, 12.1258673 64.0477684, 12.1318674 64.0491358, 12.1389806 64.0507555, 12.1512383 64.0535523, 12.1580779 64.0551072, 12.1662962 64.0569706, 12.173219 64.0580607, 12.1801901 64.0591601, 12.1893123 64.0605938, 12.1945721 64.0614227, 12.198244 64.0627989, 12.2082567 64.0665533, 12.2149636 64.0690705, 12.2237974 64.0723984, 12.230393 64.0748786, 12.2372688 64.0774701, 12.244665 64.0802952, 12.2517925 64.0833079, 12.2572312 64.0856151, 12.2647279 64.0887893, 12.2732882 64.0924007, 12.2797135 64.09512, 12.286258 64.0978924, 12.2928107 64.1006679, 12.2986767 64.1031562, 12.3028851 64.1055541, 12.3103416 64.1098574, 12.3173784 64.1139486, 12.3223096 64.1168109, 12.3303562 64.1219589, 12.3354793 64.1252412, 12.3395374 64.1278408, 12.3437941 64.130569, 12.3484451 64.1335624, 12.3525703 64.1362104, 12.3583102 64.1398982, 12.3623657 64.1425012, 12.3672574 64.1456346, 12.369975 64.1473625, 12.3732126 64.1512406, 12.3762944 64.1549521, 12.3778474 64.1569609, 12.3808113 64.1610118, 12.3841587 64.1655543, 12.3860711 64.1681677, 12.3872325 64.1697606, 12.3895942 64.1729993, 12.3916769 64.1758767, 12.3936027 64.1785288, 12.3934069 64.183281, 12.3932594 64.1868049, 12.39301 64.1929324, 12.3928356 64.1970481, 12.3927417 64.199529, 12.392621 64.2031943, 12.3924574 64.2084255, 12.392334 64.212344, 12.3922241 64.2157359, 12.3940587 64.2183212, 12.3958021 64.2207488, 12.3994499 64.2256127, 12.4033633 64.2304443, 12.406244 64.2340158, 12.4086848 64.2370308, 12.4115413 64.2405618, 12.4146259 64.245392, 12.417064 64.2493519, 12.4188799 64.2522988, 12.4190354 64.2556205, 12.4192312 64.2592144, 12.4193305 64.2659979, 12.4197181 64.2715956, 12.4197637 64.2774173, 12.4198093 64.2823976, 12.4198669 64.2880699, 12.419883 64.2910632, 12.4199085 64.2945699, 12.4199206 64.2972881, 12.4199353 64.3033603, 12.4199393 64.3051949, 12.4199729 64.3115444, 12.4199849 64.3153496, 12.4200091 64.3208204, 12.4200144 64.3242269, 12.4200144 64.3262222, 12.4200332 64.3300962, 12.4200439 64.3330961, 12.4200547 64.3384792, 12.4200667 64.3411076, 12.4200881 64.3450018, 12.4198991 64.3486739, 12.4196993 64.3525604, 12.420166 64.3560361, 12.4244884 64.3592258, 12.4312301 64.3634039, 12.438 64.3675923, 12.4459447 64.3719733, 12.4554437 64.3772079, 12.4603817 64.3801968, 12.4624282 64.3815433, 12.466996 64.3845375, 12.4739429 64.3890213, 12.4781352 64.3917296, 12.4830222 64.3948838, 12.4871233 64.3979577, 12.4903822 64.4004148, 12.495347 64.4041602, 12.5000381 64.4077243, 12.5057928 64.4120896, 12.5139695 64.4183074, 12.5181538 64.4214853, 12.52395 64.4258808, 12.5284106 64.4293345, 12.5320959 64.432577, 12.537978 64.4377555, 12.5410035 64.4408709, 12.543565 64.4435358, 12.5451475 64.44518, 12.5467998 64.4468959, 12.5528589 64.4531954, 12.5547579 64.4551704, 12.5584272 64.4589765, 12.562362 64.4630585, 12.5656074 64.46643, 12.5687215 64.4696543, 12.5731337 64.4742352, 12.575883 64.4770956, 12.5779188 64.4792243, 12.5824732 64.4839815, 12.5858739 64.4875433, 12.591252 64.4909419, 12.5974265 64.4948528, 12.6017341 64.4975806, 12.6074526 64.5012008, 12.6134996 64.5050265, 12.6165842 64.5069723, 12.6220049 64.5098923, 12.6275799 64.5128916, 12.6345201 64.5166274, 12.6421416 64.5200177, 12.6496813 64.5233799, 12.6569796 64.5266471, 12.6625693 64.5294744, 12.6680142 64.5322391, 12.673392 64.5352112, 12.6769835 64.5374518, 12.6828361 64.5411208, 12.6878478 64.5442539, 12.6916686 64.5466465, 12.69675 64.5498262, 12.7010456 64.554234, 12.7032074 64.5564835, 12.7056804 64.5590582, 12.7140892 64.5619035, 12.7234474 64.5649829, 12.7320948 64.5678304, 12.7395835 64.5703022, 12.7501997 64.5738079, 12.7554072 64.5755318, 12.76325 64.578426, 12.7715018 64.581465, 12.7779378 64.5838923, 12.7861494 64.587329, 12.7916452 64.58999, 12.7920234 64.59208, 12.7926242 64.5953896, 12.7930185 64.5978565, 12.7937025 64.6012747, 12.7943087 64.6046016, 12.7949417 64.6080488, 12.7957758 64.6125662, 12.7965456 64.6146861, 12.7978277 64.6181752, 12.798796 64.6208022, 12.8003892 64.6251203, 12.8035006 64.627738, 12.8069365 64.6306353, 12.8113541 64.6343585, 12.8157932 64.638096, 12.8193095 64.6410531, 12.8236024 64.6446536, 12.8274903 64.6479207, 12.8315645 64.6513394, 12.8352553 64.6544351, 12.839292 64.6578209, 12.8433757 64.6612494, 12.8436023 64.6655904, 12.8439456 64.6714747, 12.8441709 64.6756133, 12.844246 64.6787733, 12.8434212 64.6832159, 12.842685 64.6871538, 12.8417569 64.692111, 12.8414217 64.6939512, 12.8408074 64.6971624, 12.840566627556958 64.69842287727529, 12.836707504294603 64.70452653703856)"
way/229806970-420,way/229806969-420,420.0,1876.85,31866.36,Al/St 240/40 4-bundle 380.0,"LINESTRING (11.503033934039927 63.753045459315146, 11.509815345483785 63.7580595265189, 11.5109803 63.7618865, 11.5115744 63.7637974, 11.5128672 63.7680082, 11.5139776 63.7716429, 11.5149781 63.7743875, 11.5161341 63.777587, 11.5176442 63.7817632, 11.5186903 63.7846414, 11.5197333 63.7875127, 11.5209326 63.7908316, 11.522326 63.794667, 11.52358 63.7981354, 11.5246448 63.8010528, 11.5260261 63.8048572, 11.5271983 63.8080456, 11.5286399 63.8119929, 11.5295586 63.8145165, 11.5315193 63.8178416, 11.5327746 63.8199812, 11.5348801 63.8235796, 11.5364036 63.826185, 11.5374818 63.8280128, 11.5408507 63.8323235, 11.5431789 63.8353029, 11.545735 63.8385635, 11.5478754 63.8413023, 11.5496296 63.8444853, 11.551027 63.8470142, 11.5530279 63.8506612, 11.5545005 63.8533314, 11.5560213 63.85609, 11.5570807 63.8580092, 11.5583387 63.8602864, 11.5592533 63.8619419, 11.558161 63.8648128, 11.556775 63.86831, 11.5556967 63.8710837, 11.5544897 63.8741535, 11.5536475 63.8763361, 11.5516037 63.8815911, 11.5498844 63.8859951, 11.5491709 63.8878497, 11.5476286 63.8917664, 11.5455526 63.8944351, 11.5421006 63.898883, 11.5398422 63.9017882, 11.5386754 63.9053407, 11.5376911 63.908316, 11.5365484 63.9117569, 11.5389276 63.9135909, 11.5418002 63.9158035, 11.5461776 63.9191774, 11.5497261 63.9219177, 11.5541223 63.9253039, 11.5576494 63.9280265, 11.561088 63.9310553, 11.5642744 63.9338617, 11.5671095 63.9363614, 11.5690917 63.9403962, 11.5703939 63.9430561, 11.57157 63.945453, 11.5730828 63.9485465, 11.5749362 63.9523264, 11.5765133 63.9555487, 11.5781361 63.9588766, 11.5798755 63.9624349, 11.582083 63.9669392, 11.5837446 63.9703081, 11.5881367 63.9741038, 11.5906352 63.976261, 11.5941945 63.9793288, 11.5975445 63.9822197, 11.6018361 63.9859209, 11.6037196 63.9875505, 11.6051674 63.9897286, 11.606259 63.9913647, 11.6079032 63.9938275, 11.6094214 63.9961266, 11.6122109 64.000301, 11.6155985 64.0053764, 11.6194421 64.0088782, 11.6232187 64.0123091, 11.6233689 64.0149392, 11.6235486 64.0182601, 11.6237605 64.0220246, 11.623357669927277 64.02264890300675, 11.620849790369794 64.02790251170194)"
way/475820066-420,NO22-420,420.0,1876.85,15473.22,Al/St 240/40 4-bundle 380.0,"LINESTRING (13.595381999999983 66.71787269781923, 13.601294432397827 66.72172812291531, 13.6040756 66.7235398, 13.6098276 66.7272996, 13.6185837 66.7284902, 13.6263379 66.7295478, 13.6331481 66.7304707, 13.6500031 66.7327658, 13.6607802 66.7338761, 13.6644513 66.7342409, 13.6696047 66.7347735, 13.6809719 66.7359282, 13.6925268 66.737101, 13.7150654 66.739388, 13.7287541 66.7403503, 13.7323442 66.7406013, 13.7403372 66.7408576, 13.7535565 66.7405166, 13.768782 66.7400743, 13.7790227 66.7391804, 13.787933 66.7383976, 13.7992653 66.7374082, 13.8054961 66.7368615, 13.8168365 66.7358657, 13.8262403 66.7350405, 13.835223 66.7350712, 13.8449353 66.7351072, 13.8549989 66.7351422, 13.8681981 66.7351835, 13.8739662 66.7364606, 13.8813946 66.7381137, 13.8991642 66.7352672, 13.907195421684609 66.73396463234688, 13.913956495521669 66.72933238066089)"
NO21-420,NO20-420,420.0,1876.85,2178.66,Al/St 240/40 4-bundle 380.0,"LINESTRING (13.821216899999955 66.76737859782399, 13.821057530221598 66.76286318327148, 13.8207766 66.7549036, 13.825648288281162 66.75304590481929, 13.833783099999927 66.74994389782232)"
NO20-420,NO21-420,420.0,1876.85,2159.9,Al/St 240/40 4-bundle 380.0,"LINESTRING (13.821216899999955 66.76737859782399, 13.821239747295845 66.76286274270056, 13.8212796 66.7549857, 13.825871612213431 66.75313405788559, 13.833783099999927 66.74994389782232)"
way/572898626-420,NO2-420,420.0,1876.85,32356.43,Al/St 240/40 4-bundle 380.0,"LINESTRING (17.558935370088122 68.15869657907447, 17.57083910702871 68.16263997927187, 17.5786936 68.1651435, 17.5801286 68.1692453, 17.5812981 68.1724827, 17.5797585 68.1757994, 17.5784388 68.178981, 17.5769931 68.1825371, 17.5860348 68.186553, 17.5939715 68.1902583, 17.598888 68.1924874, 17.6030695 68.1943486, 17.6069909 68.1960812, 17.6062399 68.1981384, 17.605513 68.2001535, 17.6040029 68.20425, 17.6033914 68.205954, 17.6021308 68.2093684, 17.6014388 68.2112223, 17.6004839 68.2137808, 17.5995022 68.2164107, 17.5984937 68.2191598, 17.59785 68.2207422, 17.6010981 68.2260191, 17.6027611 68.2287679, 17.604931 68.2323332, 17.606138 68.2343861, 17.6073289 68.2362976, 17.6085627 68.2383263, 17.6099038 68.2405487, 17.6112959 68.2428386, 17.6131976 68.246, 17.6159844 68.2505832, 17.6180202 68.2539592, 17.6199567 68.2571529, 17.6222527 68.2609422, 17.6239237 68.2636819, 17.6262331 68.267492, 17.6299989 68.2710253, 17.6337084 68.2744926, 17.638118 68.2786274, 17.6401913 68.2805492, 17.6429218 68.2822117, 17.6464194 68.2842978, 17.6501262 68.2867133, 17.6490936 68.2913816, 17.6450863 68.2933777, 17.6383594 68.2967325, 17.6360419 68.2991694, 17.6332605 68.302085, 17.6315519 68.3044956, 17.6305407 68.3071835, 17.6305166 68.3094865, 17.6305139 68.3117, 17.6305354 68.3148162, 17.6305461 68.3186494, 17.6304978 68.3221432, 17.6281214 68.3247507, 17.624672 68.3285367, 17.6213193 68.3322231, 17.6190233 68.3348948, 17.6172423 68.3369564, 17.6149517 68.3396751, 17.6222044 68.3456233, 17.6245326 68.3475364, 17.6269144 68.3494721, 17.6367635 68.3574616, 17.6404059 68.3603965, 17.6427877 68.3622955, 17.6476425 68.3661682, 17.6509201 68.3687925, 17.6552466 68.3722489, 17.6577169 68.3742181, 17.6605278 68.3764323, 17.6639986 68.3792056, 17.6677644 68.3821683, 17.6742741 68.3873066, 17.6774204 68.3898015, 17.6806819 68.3923836, 17.6850754 68.3958463, 17.688455 68.3985204, 17.6926178 68.4017867, 17.6959598 68.4044463, 17.6998571 68.4058718, 17.7050364 68.4077848, 17.7108031 68.409897, 17.7163124 68.4119241, 17.7216607 68.4138741, 17.7290153 68.4165816, 17.7300426 68.4180961, 17.731560802385612 68.42118140341412, 17.73434005390037 68.42580734830972)"
way/114414014-300,way/60495669-300,300.0,1005.455,33042.45,Al/St 240/40 3-bundle 300.0,"LINESTRING (10.738484586265812 59.516361140940724, 10.754564728028292 59.51381817672923, 10.7576805 59.512605, 10.7611218 59.51127, 10.7653074 59.5096438, 10.7685488 59.5083835, 10.7728296 59.5067203, 10.7766035 59.5052504, 10.7802111 59.5038511, 10.7838723 59.5024273, 10.7877776 59.5009095, 10.7912645 59.499555, 10.7946923 59.4982195, 10.7983696 59.49679, 10.8021945 59.4953019, 10.8059335 59.4938478, 10.810968 59.4918898, 10.8155546 59.4901073, 10.818855 59.4888191, 10.8209163 59.4880184, 10.8249396 59.4864536, 10.8281448 59.485202, 10.8315352 59.4838878, 10.8339974 59.4829289, 10.838128 59.4813244, 10.8422506 59.4797185, 10.8452976 59.4785348, 10.8484156 59.4773197, 10.8516625 59.4760582, 10.855498 59.4745719, 10.8597895 59.4729003, 10.8643037 59.4711414, 10.8677986 59.4697829, 10.8719909 59.4681465, 10.87632 59.4664623, 10.8797988 59.4651105, 10.8846027 59.4632407, 10.8880413 59.4619011, 10.8926278 59.4601143, 10.8952296 59.4583765, 10.897775 59.4566768, 10.9006852 59.4547289, 10.903641 59.4527564, 10.9062293 59.4510237, 10.9088123 59.4492977, 10.9124386 59.4468681, 10.9153703 59.4449142, 10.9183127 59.4429425, 10.9207669 59.4413047, 10.9248251 59.438584, 10.9272686 59.4369502, 10.9300044 59.4351198, 10.9331319 59.4330261, 10.9369272 59.4304875, 10.9388638 59.429193, 10.9412187 59.4276159, 10.9455264 59.4247332, 10.9480852 59.4230168, 10.9508103 59.4211979, 10.9536722 59.4192835, 10.9569955 59.4170523, 10.9588811 59.4157859, 10.9616303 59.4139394, 10.9642079 59.4122183, 10.9671396 59.4102542, 10.9699425 59.4083678, 10.9736976 59.4058506, 10.9762323 59.4041565, 10.9792632 59.4021196, 10.9813526 59.400716, 10.9839168 59.3989929, 10.9868485 59.3970295, 10.9905821 59.3945264, 10.9933045 59.3926924, 10.9966063 59.3904745, 10.9994495 59.3885665, 11.0023974 59.3865874, 11.0048193 59.3849592, 11.0077295 59.3830045, 11.0116348 59.3803843, 11.0149768 59.3781376, 11.0169724 59.3767994, 11.0206979 59.3742962, 11.0225621 59.373046, 11.0256064 59.3709894, 11.0291845 59.3692252, 11.0324916 59.3675852, 11.0371801 59.3652618, 11.0411109 59.3633169, 11.0451516 59.3613158, 11.0480028 59.3598914, 11.0513207 59.358251, 11.0543838 59.356739, 11.0566878 59.3556002, 11.0638922 59.3515464, 11.0668346 59.3503719, 11.0689375 59.349535, 11.0723975 59.3478216, 11.0749966 59.3465335, 11.0781643 59.3449622, 11.0810825 59.3435139, 11.0849476 59.3416019, 11.088767 59.3397075, 11.0925195 59.3378514, 11.097326 59.3354658, 11.1004829 59.333909, 11.1041683 59.332069, 11.1087549 59.3305873, 11.1141005 59.3288538, 11.11792 59.3276197, 11.1227694 59.3260475, 11.1272004 59.3246107, 11.1316287 59.3231588, 11.1384469 59.3209624, 11.1430871 59.3194624, 11.147021136886723 59.31818579986868, 11.155169741372333 59.31431228702981)"
relation/8482013-300,way/400655824-300,300.0,1005.455,34610.71,Al/St 240/40 3-bundle 300.0,"LINESTRING (12.792255721247443 65.20460662604397, 12.789667640640243 65.19949591448106, 12.7901512 65.1978671, 12.7904758 65.1957382, 12.7908272 65.1932412, 12.8029521 65.1879859, 12.8079115 65.186786, 12.8176157 65.1845442, 12.8240852 65.1823878, 12.8318408 65.1798631, 12.8420788 65.1764412, 12.8483733 65.1743725, 12.8517026 65.1732216, 12.8579602 65.1710249, 12.8661503 65.1706081, 12.8759739 65.1701007, 12.8842123 65.1696795, 12.8931481 65.1692199, 12.9006582 65.1688358, 12.9054031 65.1685869, 12.9094814 65.1682783, 12.9205924 65.167398, 12.9365073 65.1661769, 12.9437184 65.1647969, 12.9507834 65.1634799, 12.954623 65.1626687, 12.9589118 65.1618998, 12.9631188 65.1611528, 12.9675787 65.1604675, 12.9726447 65.15971, 12.976381 65.159177, 12.9787789 65.1569295, 12.9810467 65.1547777, 12.982762 65.1527828, 12.9812734 65.1491608, 12.9799738 65.1462411, 12.9789975 65.1439424, 12.9778415 65.1412025, 12.9765755 65.1381738, 12.9767337 65.1358563, 12.9769349 65.1333683, 12.977407 65.1316222, 12.9791692 65.1285709, 12.9809716 65.1254369, 12.9822819 65.1238099, 12.9852578 65.1199633, 12.9884845 65.1169253, 12.9920787 65.1135732, 12.9953067 65.1105407, 12.9989532 65.1091606, 13.0041942 65.1071714, 13.0075121 65.1059125, 13.0138877 65.1034895, 13.0195297 65.1013457, 13.023266 65.099925, 13.0280095 65.0981203, 13.034884 65.0955096, 13.0404523 65.0933934, 13.0487926 65.0902152, 13.0524632 65.0888188, 13.0576399 65.0868467, 13.0630566 65.0847829, 13.0674005 65.0831269, 13.0706955 65.0818686, 13.0754779 65.0800452, 13.0799063 65.0783538, 13.0830659 65.0771498, 13.0899779 65.0745085, 13.0928519 65.0727993, 13.0975083 65.0700239, 13.1012526 65.0677887, 13.1050117 65.065551, 13.1109783 65.0619696, 13.11564 65.0591783, 13.1199825 65.0565768, 13.1220451 65.0553399, 13.1309889 65.0519121, 13.1368616 65.0496584, 13.1413355 65.047943, 13.1475301 65.0455701, 13.1499039 65.0429152, 13.1514756 65.0411638, 13.1546929 65.0375616, 13.1584373 65.0322143, 13.1607829 65.030628, 13.1655613 65.0278329, 13.1707486 65.0248042, 13.1745949 65.0225301, 13.1791359 65.0196633, 13.1850167 65.0159653, 13.1881991 65.0139329, 13.1946927 65.009782, 13.198657 65.0073904, 13.2024564 65.005113, 13.2081132 65.001723, 13.2119822 64.9994021, 13.2154101 64.9973406, 13.2204889 64.9942869, 13.225062 64.9915396, 13.225062475002288 64.99153718102365, 13.225783253723597 64.98667888084609)"
way/229806969-420,way/254428135-420,420.0,1876.85,54573.62,Al/St 240/40 4-bundle 380.0,"LINESTRING (11.620849790369794 64.02790251170194, 11.619992385768692 64.03321491543339, 11.6208637 64.034795, 11.6227975 64.0382925, 11.6258901 64.0438852, 11.6266116 64.0451636, 11.6230389 64.0466098, 11.6182512 64.0485572, 11.6130719 64.0506781, 11.6004521 64.0558218, 11.5909088 64.0596939, 11.5827146 64.062566, 11.5790266 64.063867, 11.5726013 64.066195, 11.5665409 64.0683937, 11.5588832 64.0710461, 11.5582931 64.0748229, 11.5585481 64.07588, 11.5587813 64.0768469, 11.5592828 64.0788882, 11.559948 64.0814951, 11.5616271 64.0850712, 11.5630205 64.0880004, 11.5646861 64.0914702, 11.5613374 64.0950925, 11.5590937 64.097525, 11.5540472 64.1029852, 11.5551925 64.1065603, 11.5561768 64.1096161, 11.5575461 64.1138853, 11.5591353 64.1188213, 11.5598783 64.1211464, 11.5606052 64.1234093, 11.5617612 64.1269665, 11.5655981 64.1302934, 11.5698963 64.1340083, 11.5734664 64.1371044, 11.5772563 64.1403826, 11.5804079 64.1431095, 11.5827173 64.1451144, 11.5855712 64.1479987, 11.5880227 64.1504886, 11.5910402 64.1535513, 11.5948248 64.1573876, 11.5983371 64.1609516, 11.6008866 64.1635193, 11.6067633 64.1677668, 11.6110226 64.1708299, 11.6149333 64.1736566, 11.6171019 64.1755332, 11.6197479 64.1781923, 11.623106 64.1815673, 11.6264829 64.184991, 11.6294146 64.1879459, 11.6335304 64.1920904, 11.6338013 64.1954871, 11.6340025 64.1979249, 11.6345564 64.2045792, 11.6349426 64.2092995, 11.6351894 64.2124047, 11.635251 64.2154944, 11.6353261 64.219482, 11.6353798 64.2212259, 11.6358572 64.2234153, 11.6367933 64.2275429, 11.6376114 64.2311661, 11.6384456 64.2348652, 11.6389512 64.2371136, 11.6397384 64.2406131, 11.6411841 64.2430691, 11.6430268 64.246181, 11.6465968 64.2522173, 11.6478896 64.2543996, 11.6505691 64.2589221, 11.6531722 64.2633262, 11.65555 64.2674373, 11.6574074 64.2706588, 11.6588867 64.273696, 11.6604584 64.2769523, 11.6621321 64.2804072, 11.6650128 64.2863231, 11.6656458 64.2877446, 11.6670969 64.2900247, 11.6698985 64.2943954, 11.673093 64.2993598, 11.6743389 64.301297, 11.678035 64.3070381, 11.6792795 64.3089544, 11.6803779 64.3105695, 11.6821763 64.313218, 11.6838621 64.3163621, 11.6868742 64.3182517, 11.6896838 64.3200155, 11.6920227 64.3214917, 11.6952413 64.3236906, 11.6987336 64.3260868, 11.7046653 64.3301474, 11.7091405 64.3351477, 11.7139471 64.3405333, 11.7171684 64.3441272, 11.718826 64.3459806, 11.7218301 64.3483105, 11.7292061 64.3540069, 11.7342621 64.3575207, 11.7386609 64.360795, 11.7420579 64.3633244, 11.7442989 64.3659893, 11.7468055 64.3689522, 11.7506826 64.3724031, 11.7532669 64.3746972, 11.7574431 64.3784037, 11.7609675 64.3815288, 11.7642358 64.3844285, 11.7668939 64.3867859, 11.7686212 64.3881929, 11.7716159 64.3906294, 11.7756084 64.393873, 11.7764828 64.39742, 11.7770943 64.3998481, 11.7784998 64.4055159, 11.7792334 64.4084513, 11.7798302 64.4108333, 11.7806777 64.4142101, 11.7813215 64.4168249, 11.7818217 64.4194957, 11.7825191 64.4232419, 11.7831413 64.4265581, 11.784866 64.4293831, 11.7872907 64.4333381, 11.7905697 64.4367462, 11.7909801 64.4385216, 11.7920288 64.4431378, 11.7926967 64.4460732, 11.7934732 64.449503, 11.7940874 64.4522665, 11.7946319 64.4546372, 11.7953843 64.4578692, 11.7961876 64.4613894, 11.7969185 64.4645593, 11.7974979 64.4671006, 11.7981644 64.4700005, 11.7987236 64.4723789, 11.7926672 64.4748784, 11.788891884902185 64.47644491698404, 11.776470045121782 64.47813375524161)"
way/289304185-300,relation/8860331-300,300.0,1005.455,4230.54,Al/St 240/40 3-bundle 300.0,"LINESTRING (6.378379994824837 59.64454980452516, 6.387851526663403 59.64531905991331, 6.3921104 59.646096, 6.3950273 59.647818, 6.4003851 59.6509765, 6.4029063 59.6524618, 6.4063798 59.6545101, 6.4138766 59.658048, 6.4217066 59.6617462, 6.417776826131876 59.66417920746691, 6.410297046557281 59.6687830391661)"
relation/8332571-300,relation/10175479-300,300.0,1005.455,33851.33,Al/St 240/40 3-bundle 300.0,"LINESTRING (6.031951351867062 58.49502081357644, 6.040982921396608 58.49309626356897, 6.0431725 58.4914384, 6.0467251 58.4888429, 6.0492142 58.4864196, 6.052403 58.4833063, 6.0538678 58.4818762, 6.059078 58.4800386, 6.0659793 58.4776056, 6.0708998 58.4758716, 6.076578 58.4738689, 6.0826237 58.4717342, 6.0883489 58.4698554, 6.0936624 58.4681105, 6.0995284 58.4660414, 6.1096752 58.4624612, 6.1122131 58.4615657, 6.1208653 58.4585124, 6.1230346 58.4570485, 6.127025 58.4543555, 6.1315439 58.4513067, 6.1351857 58.4488465, 6.1402363 58.4454372, 6.1440758 58.4428447, 6.1472529 58.4406976, 6.1576163 58.4360966, 6.1698693 58.4328817, 6.1745605 58.4297931, 6.1770187 58.4281747, 6.1826278 58.4244765, 6.1863669 58.422011, 6.1923409 58.4194901, 6.1978521 58.4171628, 6.2034385 58.4148038, 6.2131246 58.4107091, 6.2185192 58.4084273, 6.2238514 58.4061734, 6.2297483 58.4036812, 6.2347828 58.4015515, 6.2392969 58.3996429, 6.2427235 58.3981938, 6.2461634 58.3971151, 6.2560876 58.3939996, 6.2606272 58.3925728, 6.2690762 58.3890625, 6.2752859 58.3864809, 6.2797004 58.3846456, 6.2852083 58.3823558, 6.2904668 58.3808413, 6.2964052 58.3791286, 6.3018125 58.3775661, 6.3052753 58.3765114, 6.3124663 58.3743258, 6.3171454 58.3728996, 6.3244665 58.370673, 6.3306114 58.3677303, 6.3372452 58.3630864, 6.34198 58.3597592, 6.3449981 58.3574959, 6.3472022 58.3558319, 6.3538789 58.3508033, 6.3597563 58.3474219, 6.3648565 58.344285, 6.3677788 58.342486, 6.3724002 58.3396387, 6.3753775 58.3369958, 6.3772168 58.33536, 6.3824277 58.3307344, 6.385311 58.3281791, 6.393481 58.3231504, 6.3984726 58.3200833, 6.4051607 58.3170166, 6.410906 58.3156818, 6.421887 58.3131346, 6.4285965 58.3104146, 6.4335023 58.3084271, 6.4385945 58.3063606, 6.4447662 58.303812, 6.451719126476001 58.30002030348046, 6.4536389229455455 58.29499065865814)"
way/830770515-300,NO99-300,300.0,1005.455,59695.92,Al/St 240/40 3-bundle 300.0,"LINESTRING (5.7629323667755745 58.79004518732627, 5.774031258072594 58.78902584600642, 5.7748845 58.7890152, 5.7766601 58.7882351, 5.7834468 58.7850048, 5.7853686 58.7840908, 5.7929626 58.7804767, 5.7982157 58.7779763, 5.8043875 58.7758379, 5.8105794 58.7736896, 5.8152625 58.7700275, 5.8194561 58.7667454, 5.8236256 58.7634853, 5.8305283 58.7606247, 5.8359008 58.7583983, 5.8425017 58.7556629, 5.8481833 58.7544348, 5.855623 58.7528243, 5.8595726 58.7519707, 5.8642262 58.7509634, 5.8711356 58.7494662, 5.8770633 58.7481825, 5.8812066 58.7472835, 5.8874635 58.745926, 5.8946532 58.7443667, 5.8989722 58.7434283, 5.9042126 58.7422151, 5.9099177 58.7408964, 5.9156468 58.7380695, 5.9195106 58.7361625, 5.925162 58.7333727, 5.9330048 58.7295017, 5.9399047 58.7283002, 5.9446402 58.7274738, 5.9492402 58.7266704, 5.956112 58.7254736, 5.9655198 58.7238291, 5.971186 58.7229191, 5.9783033 58.7217744, 5.985513 58.7208483, 5.9897415 58.7203031, 5.9962848 58.7194606, 6.0020006 58.7183283, 6.0074092 58.7172552, 6.0174608 58.7152635, 6.020021 58.7147572, 6.0242066 58.7140558, 6.0320695 58.7127368, 6.0410844 58.7112275, 6.0481077 58.710051, 6.0533005 58.7091804, 6.0609622 58.7078952, 6.0670106 58.7074494, 6.0723147 58.7070565, 6.0813765 58.7063864, 6.0902399 58.7057288, 6.0984059 58.7042805, 6.1106421 58.702109, 6.1233893 58.7025152, 6.1293371 58.7027068, 6.1342818 58.7019042, 6.1418268 58.7006801, 6.1479154 58.6996886, 6.1525168 58.6992128, 6.1608866 58.698346, 6.1659814 58.6973789, 6.1708242 58.6964612, 6.1755462 58.6955651, 6.1813371 58.694593, 6.1868638 58.6936669, 6.190934 58.6929833, 6.1961268 58.6921108, 6.2023388 58.6910676, 6.2052248 58.6896709, 6.2109661 58.6868935, 6.2153046 58.6847934, 6.2221476 58.6814782, 6.2256757 58.6797694, 6.2298153 58.6777638, 6.2340868 58.6756987, 6.2392735 58.6728554, 6.240459 58.672202, 6.2459408 58.6723031, 6.2501841 58.6736765, 6.2551528 58.6752846, 6.2576446 58.6755579, 6.262482 58.6760864, 6.2695295 58.6768568, 6.2759252 58.6775575, 6.2815954 58.6779249, 6.287287 58.6782926, 6.2927245 58.6786444, 6.2957869 58.6788396, 6.3005251 58.6798058, 6.3035882 58.6804297, 6.3103098 58.6817968, 6.3149942 58.6827493, 6.3205893 58.6838887, 6.3239448 58.6845704, 6.3275369 58.6842856, 6.3316655 58.6839591, 6.3358618 58.6836266, 6.3407099 58.6832404, 6.3461548 58.6812262, 6.3498992 58.6798414, 6.3549498 58.6779705, 6.3586391 58.6766058, 6.3640076 58.6746173, 6.3731365 58.67123, 6.3782005 58.6693521, 6.384792 58.6672677, 6.3916156 58.6651092, 6.3939732 58.6643637, 6.3976452 58.6638036, 6.4046162 58.6627351, 6.413084 58.6614385, 6.4178677 58.6601251, 6.420971 58.6592734, 6.4290927 58.6570453, 6.4363796 58.6550435, 6.4436585 58.6532115, 6.4479426 58.6521347, 6.4524554 58.6509988, 6.457319 58.6497757, 6.4602654 58.6490333, 6.4667543 58.6471389, 6.4700809 58.6461675, 6.4757323 58.6445144, 6.4824606 58.6425506, 6.4879632 58.641396, 6.4920348 58.6405428, 6.4976238 58.639373, 6.5039143 58.6380532, 6.5084285 58.6371054, 6.5188629 58.6349168, 6.5218811 58.6349373, 6.5281293 58.6349848, 6.5334052 58.6350211, 6.5388501 58.6348522, 6.542691 58.6347328, 6.5444639 58.6346602, 6.5483277 58.6345576, 6.5537041 58.6336585, 6.5602112 58.6325681, 6.5703781 58.6308627, 6.5775758 58.6310268, 6.5813537 58.6311105, 6.5876964 58.6312484, 6.590268 58.631306, 6.5952864 58.6314163, 6.599932 58.63152, 6.6055465 58.6316442, 6.6095404 58.6317308, 6.6175474 58.6335364, 6.6233329 58.6348424, 6.6271142 58.6356943, 6.6351923 58.6375144, 6.6416236 58.6386974, 6.6484854 58.6399572, 6.6537177 58.6409158, 6.6609818 58.6422484, 6.6686039 58.6436449, 6.6761798 58.6450322, 6.681546358506388 58.64601374793869, 6.689654599999997 58.64749649673163)"
way/261717967-300,way/71356608-300,300.0,1005.455,17514.23,Al/St 240/40 3-bundle 300.0,"LINESTRING (6.894989497716259 59.12568777071782, 6.898118138263143 59.12137779876503, 6.899288 59.1198085, 6.9026166 59.1153273, 6.9046082 59.112641, 6.9058742 59.1102203, 6.9047691 59.1061854, 6.9035856 59.1018417, 6.9060847 59.0987403, 6.9077437 59.0966864, 6.9119909 59.0931452, 6.9150822 59.0918798, 6.9229464 59.0886557, 6.9284181 59.0864165, 6.930875 59.0854099, 6.93345 59.084353, 6.9347414 59.0820929, 6.9359028 59.0800552, 6.9375108 59.0772387, 6.9392194 59.0742421, 6.9409105 59.0712865, 6.9425333 59.0687898, 6.9445288 59.065729, 6.9509795 59.0609932, 6.9537489 59.0589709, 6.9617821 59.0559912, 6.9658222 59.0534179, 6.9706589 59.050323, 6.9744073 59.0479317, 6.9786197 59.0457265, 6.9815876 59.0441909, 6.9843328 59.0427829, 6.9884151 59.040981, 6.9934262 59.038777, 6.9958663 59.0377066, 7.0012703 59.0353278, 7.006394 59.0330742, 7.009972 59.0314998, 7.0139202 59.0297593, 7.0197406 59.0279912, 7.0241328 59.0266557, 7.0291331 59.0267513, 7.0353149 59.0268683, 7.0392014 59.0269415, 7.0437102 59.0270236, 7.0475417 59.0270961, 7.0515436 59.027172, 7.0574284 59.027279, 7.0605907 59.0273362, 7.0679963 59.0274743, 7.0729262 59.0275612, 7.0769271490458685 59.027047838184856, 7.085492907821135 59.02561429608148)"
NO99-300,relation/8890360-300,300.0,1005.455,2428.68,Al/St 240/40 3-bundle 300.0,"LINESTRING (6.689654599999997 58.64749649673163, 6.697705085952165 58.649058352452556, 6.713540245558081 58.65194905076928, 6.725059939090403 58.65803214887904)"
relation/8890887-420,relation/8894066-420,420.0,1876.85,46511.61,Al/St 240/40 4-bundle 380.0,"LINESTRING (6.753734136337635 58.66987420117838, 6.751842980456053 58.66339566885528, 6.7517906 58.6616938, 6.7508009 58.6605526, 6.7497522 58.6593473, 6.7477861 58.6570858, 6.746386 58.6554771, 6.7450529 58.6539437, 6.742993 58.6515716, 6.7387363 58.6466707, 6.7369044 58.644566, 6.7334819 58.6406272, 6.7317894 58.6383115, 6.7329535 58.6347035, 6.7341873 58.6323336, 6.7353447 58.6301087, 6.7363009 58.6282817, 6.7368695 58.6272442, 6.737642 58.6260698, 6.7393908 58.6234235, 6.7411396 58.6207826, 6.7429393 58.6180758, 6.74398 58.6165059, 6.7448705 58.6152795, 6.7550307 58.6046451, 6.7565382 58.5996928, 6.7575225 58.5964561, 6.7584747 58.593549, 6.7588448 58.5924252, 6.760194 58.5881017, 6.7607626 58.5862969, 6.7614949 58.5839328, 6.7622781 58.5813825, 6.7631122 58.5787412, 6.7635548 58.5766745, 6.7643997 58.5726329, 6.7650649 58.5694315, 6.765435 58.5676635, 6.766237 58.5638069, 6.7666286 58.5621555, 6.7685893 58.557002, 6.7696863 58.5542637, 6.7712206 58.5503889, 6.7722291 58.547811, 6.7739122 58.5435303, 6.7748791 58.5410646, 6.7762873 58.5374977, 6.7768317 58.5361243, 6.7778537 58.533523, 6.7784598 58.5319787, 6.7792055 58.5300912, 6.7814076 58.5244911, 6.7824134 58.5219646, 6.7833549 58.5200541, 6.7846101 58.518047, 6.7866862 58.5147551, 6.789532 58.5109207, 6.7912889 58.5076282, 6.792933 58.5045441, 6.7959183 58.4997585, 6.7981526 58.4962378, 6.8010011 58.4929649, 6.8041286 58.4894212, 6.807012 58.4861715, 6.8103379 58.4824083, 6.8120894 58.4804396, 6.8131998 58.479193, 6.8173814 58.4750028, 6.8183362 58.4740982, 6.8218473 58.4707699, 6.8243954 58.4683545, 6.8263319 58.4665211, 6.8301567 58.4628905, 6.8342498 58.459007, 6.8372592 58.4561558, 6.8415749 58.4520863, 6.8462849 58.4478156, 6.850858 58.440546, 6.8521643 58.4384682, 6.8533431 58.4365841, 6.8547942 58.4342647, 6.8566865 58.4307852, 6.8603048 58.4240725, 6.8617666 58.4213842, 6.863164 58.4187758, 6.863856 58.4169595, 6.8647009 58.4146977, 6.8656236 58.4122153, 6.8663853 58.4102033, 6.8681824 58.4053795, 6.8700318 58.4004222, 6.8706098 58.3988151, 6.8727905 58.3927625, 6.8735817 58.3905822, 6.8747297 58.3873979, 6.8758884 58.3829871, 6.8763819 58.381072, 6.8771732 58.3779037, 6.8778464 58.3752611, 6.8792599 58.3696589, 6.8806788 58.3639347, 6.8812287 58.3617048, 6.8818912 58.3590159, 6.8830472 58.3544483, 6.8840584 58.3503529, 6.8820038 58.3452718, 6.8806788 58.3419243, 6.8791983 58.3381893, 6.8778437 58.3348004, 6.8768406 58.3322771, 6.8756148 58.3294832, 6.8749389 58.3279425, 6.8735737 58.3241737, 6.8726295 58.3214975, 6.8721119 58.320172, 6.8711758 58.3165573, 6.8705964 58.31433, 6.8694484 58.309882, 6.8685123 58.3070582, 6.8673751 58.3037874, 6.8654653 58.2981978, 6.863455 58.292474, 6.8683843 58.2901535, 6.8722272 58.288344, 6.872303276041377 58.2870957523211, 6.848224705554573 58.27622463397408)"
relation/8886202-420,NO94-420,420.0,1876.85,22440.09,Al/St 240/40 4-bundle 380.0,"LINESTRING (6.30128150000001 59.018028296804154, 6.307287894867595 59.02126288069594, 6.3108237 59.0231678, 6.3191034 59.0238524, 6.3228484 59.0238548, 6.3261757 59.0238566, 6.3333124 59.0238807, 6.3381042 59.0251718, 6.3441485 59.0262036, 6.352753 59.0278221, 6.36029 59.0294626, 6.3650644 59.0305033, 6.3737333 59.0323907, 6.3830734 59.0344232, 6.3907439 59.034919, 6.3970859 59.0353289, 6.4013439 59.0356049, 6.4073226 59.0363059, 6.4128982 59.0375299, 6.4177363 59.0385938, 6.4266479 59.0409203, 6.4310306 59.0420731, 6.4363629 59.0436777, 6.4414322 59.0450656, 6.447185 59.0466396, 6.4538763 59.0484297, 6.4597383 59.0501844, 6.4673384 59.0525983, 6.4709111 59.0537314, 6.4758088 59.0552879, 6.4823346 59.0573614, 6.4899346 59.0597783, 6.4960607 59.0615724, 6.5007506 59.0621129, 6.5085022 59.0629458, 6.5154693 59.0636946, 6.5210724 59.0642951, 6.5289715 59.0649852, 6.5345371 59.0652006, 6.5384585 59.0653933, 6.5450004 59.0662385, 6.5501395 59.0669044, 6.5542446 59.0674339, 6.5608455 59.0682866, 6.5652712 59.0688574, 6.573016 59.0675883, 6.5777983 59.066805, 6.5827511 59.0659938, 6.5901044 59.0655291, 6.593952 59.0652851, 6.6011283 59.0648349, 6.606718 59.0644791, 6.6132143 59.0641013, 6.6265368 59.0633223, 6.634216 59.0639538, 6.637322 59.0642103, 6.6465166 59.0649672, 6.6496146 59.0652209, 6.65297 59.0636608, 6.654792382886223 59.06281297939035, 6.664333187029427 59.06058405356041)"
way/617330634-300,way/287685850-300,300.0,1005.455,33039.91,Al/St 240/40 3-bundle 300.0,"LINESTRING (9.802905545022565 63.24618006584437, 9.81531804170261 63.24676248119833, 9.8154849 63.2467837, 9.8185292 63.2470844, 9.825979 63.2476506, 9.8328554 63.2481045, 9.8414996 63.2485912, 9.8462713 63.2490499, 9.8544037 63.2481559, 9.8616028 63.2473892, 9.864226 63.2470959, 9.8688769 63.2476869, 9.8765293 63.2485561, 9.8798686 63.2489576, 9.8845075 63.2498618, 9.8946731 63.2517952, 9.8975109 63.2523517, 9.9040293 63.252209, 9.9141285 63.2519476, 9.92267 63.2517427, 9.9275503 63.2516304, 9.9355124 63.2514427, 9.9457343 63.251197, 9.9541584 63.2509948, 9.9581885 63.251137, 9.9664148 63.2514469, 9.9755752 63.2518006, 9.9830264 63.2520879, 9.9902415 63.2523686, 10.0000698 63.252747, 10.0085342 63.2530808, 10.0201616 63.2535443, 10.025479 63.2539451, 10.0332675 63.2546322, 10.0432748 63.2555083, 10.0497852 63.2565339, 10.0567757 63.2576357, 10.0606879 63.2582509, 10.0644247 63.2588385, 10.0717202 63.2600008, 10.0778488 63.2612757, 10.0841671 63.2625938, 10.0898454 63.2637731, 10.1001343 63.2659224, 10.1050179 63.266951, 10.1110925 63.2682302, 10.1192913 63.2699606, 10.1247456 63.2711374, 10.1340247 63.2731792, 10.142762 63.2751073, 10.1489894 63.2764839, 10.1564808 63.2781336, 10.1661455 63.2802734, 10.1725063 63.2815559, 10.1793024 63.2826952, 10.1831634 63.283318, 10.1920355 63.284182, 10.2030319 63.285758, 10.2109498 63.2868908, 10.2146418 63.2874198, 10.2220769 63.2884799, 10.2278692 63.2893051, 10.235661 63.2904137, 10.2399096 63.2910318, 10.24308 63.2916973, 10.2520064 63.2935986, 10.2624844 63.2951892, 10.2689914 63.2961733, 10.2767993 63.2973497, 10.2842586 63.2984736, 10.2891529 63.29921, 10.2961978 63.3002717, 10.3043946 63.3015064, 10.3119457 63.302644, 10.316769 63.3033694, 10.3240652 63.304469, 10.3311288 63.3055336, 10.3381294 63.3065897, 10.3442395 63.307506, 10.3479503 63.308062, 10.3552365 63.309153, 10.3660458 63.3107746, 10.3729874 63.311819, 10.3856809 63.3137453, 10.3902997 63.3144921, 10.3925903 63.3152576, 10.40197 63.3183669, 10.4092562 63.3207997, 10.41139891102073 63.32158205990727, 10.418888335657394 63.32663045437207)"
relation/8860331-300,relation/8857363-300,300.0,1005.455,25150.16,Al/St 240/40 3-bundle 300.0,"LINESTRING (6.410297046557281 59.6687830391661, 6.421033535363531 59.67175249767038, 6.4241172 59.6729241, 6.4297311 59.6748533, 6.4340575 59.6760876, 6.443293 59.678712, 6.4455011 59.6793369, 6.4538737 59.6817207, 6.4608528 59.6837042, 6.4676388 59.6859659, 6.4739192 59.688224, 6.4812416 59.6906558, 6.4859368 59.6924927, 6.4878626 59.6932838, 6.4915533 59.6948078, 6.502879 59.6961755, 6.5118979 59.6972676, 6.523084 59.6963616, 6.5316644 59.6956625, 6.5365648 59.6952592, 6.5473956 59.6943767, 6.5519111 59.6941866, 6.5548749 59.6940553, 6.5652738 59.6936012, 6.5727612 59.6932818, 6.5755118 59.6931616, 6.5811029 59.6927837, 6.5837583 59.6926151, 6.5952234 59.6920473, 6.6063653 59.6918849, 6.612985 59.6918978, 6.624383 59.6919194, 6.6304475 59.691933, 6.6429774 59.6909692, 6.6479985 59.6906416, 6.6560546 59.6902667, 6.6645612 59.6901293, 6.6687454 59.6901848, 6.6758037 59.6902585, 6.6798431 59.6894511, 6.6852142 59.6883708, 6.6905799 59.6872865, 6.6997866 59.6854568, 6.7060858 59.6828912, 6.7110707 59.6808582, 6.7165317 59.6786348, 6.7216533 59.6765488, 6.7259033 59.6748174, 6.7331117 59.6719787, 6.7368963 59.6706717, 6.7399487 59.6696545, 6.7446372 59.6681713, 6.7530405 59.6656748, 6.7583191 59.6643188, 6.7697936 59.6616987, 6.7739403 59.6607544, 6.777108 59.6600309, 6.7785564 59.6595351, 6.7843442 59.6575615, 6.7948616 59.6559905, 6.8023905 59.654733, 6.804952 59.6543089, 6.809200318443386 59.65359917856353, 6.816080776838289 59.6496237133601)"
relation/12832053-420,relation/11036958-420,420.0,1876.85,5439.79,Al/St 240/40 4-bundle 380.0,"LINESTRING (6.654956104800672 59.52990729398316, 6.661075263032515 59.52518563143792, 6.6615115 59.5248447, 6.662972 59.5231456, 6.66504 59.5207431, 6.6670677 59.5183948, 6.6687843 59.5159674, 6.6710213 59.5126853, 6.6721505 59.5110278, 6.6735291 59.5089987, 6.6747308 59.5072273, 6.6779414 59.5024886, 6.6793576 59.5003949, 6.6806974 59.4983447, 6.6812472 59.4971038, 6.6771474 59.4909829, 6.6765735 59.4901203, 6.675857074798988 59.48961751556237, 6.670807995082767 59.48494150943383)"
way/432965765-300,NO82-300,300.0,1005.455,11704.41,Al/St 240/40 3-bundle 300.0,"LINESTRING (6.009577670620721 59.86350352732482, 6.020238084911411 59.86245070713441, 6.0226965 59.8620166, 6.0345894 59.8597083, 6.0372823 59.8592531, 6.0423624 59.8586551, 6.04424 59.857284, 6.0478985 59.8546063, 6.0514605 59.8519714, 6.0519862 59.848679, 6.052351 59.845882, 6.0523134 59.8442786, 6.0521471 59.8395812, 6.0526621 59.8353494, 6.0529411 59.8330743, 6.0531878 59.8306049, 6.0533917 59.8278658, 6.0540461 59.8230069, 6.0551298 59.8190751, 6.0557628 59.8168421, 6.0577583 59.8146088, 6.060344 59.8117335, 6.0623932 59.8094298, 6.0689056 59.8054073, 6.0775208 59.802944, 6.0817695 59.8015139, 6.0859215 59.8000622, 6.0898161 59.7987993, 6.0936785 59.7974716, 6.1030689 59.7942453, 6.1082107 59.7924842, 6.1125344 59.7903708, 6.11269271645156 59.79029675852861, 6.1192238 59.78724229694518)"
relation/8721337-300,relation/7883882-300,300.0,1005.455,89704.03,Al/St 240/40 3-bundle 300.0,"LINESTRING (6.603255446253946 59.32739779079445, 6.608399322812484 59.32317637153753, 6.6140431 59.3203116, 6.6159716 59.3203629, 6.6200023 59.3204033, 6.6219623 59.3204225, 6.6258261 59.3205627, 6.63076 59.3207229, 6.6338579 59.3208406, 6.6427307 59.3212552, 6.6475117 59.3214626, 6.6520232 59.3217301, 6.6556321 59.3219422, 6.6618937 59.322311, 6.6660109 59.3217698, 6.6698706 59.3212812, 6.6744907 59.3206859, 6.6773325 59.319964, 6.6813706 59.318928, 6.6847461 59.3180712, 6.6885334 59.3172302, 6.6967477 59.3153701, 6.6991845 59.3148102, 6.7022341 59.3154474, 6.7048761 59.3160004, 6.7081913 59.3166909, 6.71187 59.317456, 6.7184119 59.3179056, 6.723492 59.3167504, 6.7281979 59.3155035, 6.7324465 59.3148349, 6.7357867 59.3147602, 6.7371364 59.3147336, 6.7415312 59.3146439, 6.7455438 59.3151517, 6.7478746 59.3154467, 6.7537983 59.3162009, 6.7570491 59.3167422, 6.7629889 59.3179131, 6.7680153 59.3168791, 6.7718415 59.3166163, 6.7738974 59.3165034, 6.7787522 59.316038, 6.7829311 59.3164431, 6.7905861 59.3158792, 6.7956313 59.3146487, 6.8011084 59.3130705, 6.8034956 59.3120411, 6.8106381 59.3102454, 6.8164158 59.3101382, 6.820541 59.3101957, 6.8227029 59.3102313, 6.8258277 59.3109144, 6.8318921 59.3122437, 6.8368864 59.3133292, 6.8422522 59.3130273, 6.8460113 59.3128076, 6.8520033 59.3124408, 6.8544146 59.3122724, 6.8594706 59.3119233, 6.8629897 59.3116728, 6.8671042 59.3113853, 6.873292 59.310961, 6.8775058 59.3095989, 6.8822962 59.3080573, 6.8873951 59.306272, 6.8915552 59.304818, 6.8948543 59.3036569, 6.8993792 59.302085, 6.9024664 59.3016646, 6.9063207 59.3011401, 6.9094509 59.3007102, 6.9134527 59.3001679, 6.9171917 59.2996571, 6.9195467 59.2993353, 6.9231516 59.2988505, 6.9262683 59.2985082, 6.9292939 59.2982247, 6.9311848 59.2981193, 6.93288 59.2980234, 6.9397072 59.2977322, 6.941805 59.2977351, 6.9493031 59.2977974, 6.9536805 59.2978454, 6.9603565 59.2978851, 6.9649404 59.2994586, 6.9676521 59.3004144, 6.9723353 59.3019398, 6.9754896 59.3029517, 6.9823721 59.3051904, 6.9861031 59.3052794, 6.9942033 59.305467, 6.999262 59.3055957, 7.0047659 59.3057326, 7.0127106 59.3059133, 7.0158702 59.3059845, 7.0210147 59.3060776, 7.0262343 59.3061762, 7.0295897 59.3066773, 7.034533 59.307392, 7.0419359 59.3084325, 7.0459056 59.3090567, 7.0486951 59.3103135, 7.055701 59.313566, 7.0635277 59.313733, 7.0670253 59.313837, 7.0725077 59.3142121, 7.0793742 59.3146829, 7.0846367 59.3150415, 7.0921093 59.3155494, 7.1012972 59.3161756, 7.1066818 59.3150744, 7.1175608 59.310987, 7.118867 59.3104983, 7.1230674 59.3089226, 7.1267045 59.3075535, 7.1330264 59.3073057, 7.1365187 59.3071702, 7.1423793 59.3069429, 7.1463436 59.3067868, 7.1514666 59.3065842, 7.1585637 59.3063076, 7.1687293 59.3059078, 7.1706337 59.3058353, 7.1766606 59.3055957, 7.1853912 59.3036761, 7.1887225 59.3029421, 7.1942425 59.3017262, 7.2046816 59.2994366, 7.2124869 59.2977166, 7.2197288 59.2961184, 7.2235054 59.2952857, 7.2286257 59.2956213, 7.233966 59.2959637, 7.2361976 59.2961855, 7.2423318 59.2967594, 7.2501263 59.2975098, 7.2580683 59.2982493, 7.2637439 59.2987944, 7.2699022 59.2994832, 7.2736841 59.299894, 7.2836593 59.3009347, 7.2891605 59.3014962, 7.2966975 59.3023506, 7.3017883 59.3030079, 7.308526 59.3039225, 7.3131072 59.3045414, 7.3174095 59.3052726, 7.3216286 59.3059722, 7.3301956 59.3074262, 7.338379 59.3087966, 7.3420376 59.3093305, 7.345621 59.3098398, 7.3502183 59.3104969, 7.3543757 59.3110938, 7.3606199 59.3120027, 7.3707855 59.3134784, 7.3750287 59.3140943, 7.3828876 59.3152428, 7.3881286 59.3160065, 7.3930317 59.3166895, 7.3974627 59.3178201, 7.4049622 59.319717, 7.4089238 59.3207133, 7.416375 59.322584, 7.4196902 59.3234188, 7.4240515 59.3245163, 7.4268436 59.3252183, 7.4331066 59.3267973, 7.4378487 59.327985, 7.4413651 59.3288716, 7.4442619 59.3299477, 7.44784 59.3312768, 7.4514556 59.3326203, 7.4566859 59.3345657, 7.4592233 59.3354576, 7.4617124 59.3359227, 7.464813 59.3365027, 7.4702793 59.3375231, 7.4756652 59.3385162, 7.4812925 59.3395694, 7.4860829 59.3404667, 7.4914795 59.3414719, 7.4965328 59.3424922, 7.5016183 59.3435193, 7.5050086 59.3442114, 7.5112474 59.3454641, 7.5162712 59.3464788, 7.5243983 59.3481143, 7.5261819 59.3484725, 7.5350735 59.3502529, 7.5397727 59.349669, 7.5460893 59.3488828, 7.5539321 59.347901, 7.5609246 59.3470326, 7.5663882 59.3463502, 7.5700951 59.3459591, 7.5781631 59.3451194, 7.5814891 59.3447693, 7.5856197 59.3450046, 7.5935107 59.345542, 7.6006669 59.3460521, 7.6045024 59.3462326, 7.611503 59.3465526, 7.6174387 59.3468234, 7.6239954 59.3471201, 7.6277076 59.3472911, 7.6312038 59.3474538, 7.636697 59.348102, 7.6446497 59.3473102, 7.6519132 59.3465389, 7.6606733 59.3456364, 7.6648441 59.3452699, 7.6711607 59.3455981, 7.6755381 59.3458224, 7.6846307 59.3451249, 7.6913202 59.3445697, 7.7000937 59.3438845, 7.7064867 59.3433874, 7.7132258 59.3428601, 7.7184293 59.3434811, 7.7232358 59.3441772, 7.7294236 59.3451276, 7.7339673 59.3458265, 7.737768 59.3463557, 7.7452111 59.347302, 7.7515116 59.3481115, 7.7564362 59.3487419, 7.7640121 59.349708, 7.7700216 59.3504744, 7.7738222 59.3509516, 7.777403 59.3517638, 7.7815336 59.3527031, 7.7889579 59.3543875, 7.7956179 59.355849, 7.8011727 59.3571054, 7.8041178 59.3577575, 7.8098014 59.3589386, 7.8168207 59.3603862, 7.8211498 59.3612652, 7.826356 59.3623191, 7.833834 59.3638458, 7.840164 59.3651374, 7.8457457 59.3662759, 7.849879 59.3671547, 7.8550637 59.3682562, 7.8620133 59.3697267, 7.8714412 59.3717355, 7.8758723 59.3726756, 7.8816739 59.3739106, 7.8861397 59.3748646, 7.8927299 59.3762692, 7.8964984 59.3780509, 7.9019353 59.3806302, 7.9051727 59.3821616, 7.9099014 59.3843992, 7.9137933 59.3862418, 7.9181519 59.388307, 7.9232857 59.390734, 7.9292402 59.393561, 7.9337597 59.3956981, 7.9394728 59.3984154, 7.9436544 59.4003965, 7.9490429 59.4029551, 7.9533385 59.404992, 7.9584467 59.4074232, 7.9624996 59.4103266, 7.9662144 59.4129867, 7.9702404 59.4158705, 7.9742128 59.4187185, 7.9770344 59.4207354, 7.9817122 59.4233251, 7.9867038 59.4261098, 7.9889435 59.4274181, 7.9933664 59.4300115, 7.9981649 59.4329211, 8.0012548 59.4347652, 8.0028051 59.4356899, 8.0113238 59.4407633, 8.0145827 59.4427011, 8.0239785 59.4481647, 8.0249736 59.4487401, 8.025008880528553 59.4487601024144, 8.036144306932275 59.448024771517176)"
way/640796702-420,way/577998803-420,420.0,1876.85,30918.7,Al/St 240/40 4-bundle 380.0,"LINESTRING (7.0194450543350895 58.76806643374832, 7.012615963239695 58.76437801255641, 7.0104763 58.7633712, 7.0103127 58.7625366, 7.0099264 58.7605698, 7.0096904 58.7593637, 7.015893 58.756153, 7.0181608 58.7550045, 7.0228815 58.7526121, 7.0268217 58.7506197, 7.0294435 58.7492901, 7.0321378 58.7479216, 7.0345035 58.746722, 7.037871 58.7450138, 7.0390874 58.743849, 7.0408094 58.7421998, 7.0424013 58.7406785, 7.0448622 58.738732, 7.048848 58.7355792, 7.054655 58.7341356, 7.0606752 58.7326377, 7.065479 58.7314418, 7.0688284 58.7306082, 7.0759249 58.7288439, 7.0792294 58.7280196, 7.0826679 58.7271591, 7.0849666 58.7265869, 7.0892997 58.7255112, 7.092741 58.7254082, 7.0965698 58.7252989, 7.1004832 58.7251861, 7.1044824 58.7250677, 7.1105817 58.7248895, 7.11466 58.7250239, 7.1185921 58.7251513, 7.1243642 58.7253421, 7.127261 58.7254381, 7.1326201 58.7256164, 7.1366461 58.72575, 7.1423404 58.7259359, 7.1466494 58.7260773, 7.1511635 58.7262255, 7.1563952 58.7263961, 7.15895 58.7264797, 7.1631168 58.7266168, 7.1669738 58.7267428, 7.171618 58.7268932, 7.1749359 58.7270025, 7.1790679 58.7271362, 7.1847045 58.7273221, 7.1906778 58.7275156, 7.1968442 58.7279744, 7.2001581 58.7282215, 7.2038703 58.7284986, 7.2072968 58.7287506, 7.2114328 58.7288829, 7.2159147 58.7290277, 7.219989 58.7291599, 7.2235014 58.7292671, 7.2269534 58.7293764, 7.2301331 58.7294767, 7.2333719 58.7295804, 7.2357175 58.7296549, 7.237654 58.7297154, 7.2396362 58.7295212, 7.2421132 58.7292804, 7.2454365 58.7289567, 7.2494692 58.7285647, 7.2537245 58.7281491, 7.2570249 58.7278275, 7.2600974 58.7275295, 7.263599 58.727187, 7.2656523 58.7269868, 7.267562 58.7266523, 7.2700886 58.7262116, 7.2724651 58.7257981, 7.2764522 58.7250991, 7.2827902 58.7239914, 7.2891229 58.7228857, 7.2964494 58.7216031, 7.2992657 58.7211088, 7.3042533 58.7202349, 7.3072077 58.7197168, 7.3133285 58.7186431, 7.3149325 58.7183631, 7.3181538 58.7177977, 7.3218191 58.7171542, 7.3235947 58.7168415, 7.3281182 58.7160462, 7.3309641 58.7156214, 7.3350142 58.7150204, 7.3365598 58.7147902, 7.3409607 58.7141359, 7.3453414 58.713482, 7.3498723 58.7128064, 7.352244 58.7124519, 7.3548424 58.7120643, 7.3588014 58.710928, 7.3607969 58.7103561, 7.3651569 58.7091038, 7.3664081 58.7087443, 7.3699238 58.7077354, 7.3739411 58.7065815, 7.3821688 58.7042143, 7.3870517 58.7028113, 7.3900169 58.7019564, 7.3917617 58.7014541, 7.4092068 58.6992929, 7.4122082 58.6985313, 7.4170335 58.6973057, 7.4195306 58.6966716, 7.4211158 58.6962689, 7.4232133 58.695733, 7.4264004 58.6949226, 7.4272259 58.6947122, 7.4311835 58.6937053, 7.4339542 58.693, 7.4372962 58.6921471, 7.4443062 58.6903637, 7.4513885 58.6885579, 7.45428 58.6878212, 7.4568884 58.6871563, 7.459175 58.6865736, 7.468572506866759 58.68418062445931, 7.476400533880359 58.68086452410385)"
relation/10327289-300,relation/8850169-300,300.0,1005.455,4362.43,Al/St 240/40 3-bundle 300.0,"LINESTRING (6.555750183737348 60.12249768150892, 6.567653522113901 60.12145880327341, 6.5772513 60.1208388, 6.5799898 60.1210259, 6.5849492 60.1219519, 6.5878969 60.1226139, 6.5916145 60.1236073, 6.600624 60.1250142, 6.6081852 60.1266722, 6.6139171 60.1276461, 6.6206630790915515 60.12876283412114, 6.630782372306673 60.12913039376835)"
relation/8857031-300,NO81-300,300.0,1005.455,4248.47,Al/St 240/40 3-bundle 300.0,"LINESTRING (6.816654250267526 59.82130722639875, 6.824140666996528 59.82456884914359, 6.8243363 59.8246734, 6.8298376 59.8276083, 6.8369132 59.8313436, 6.8462084 59.8346479, 6.8509224 59.8348494, 6.8626919 59.8354519, 6.8676996 59.8344478, 6.872300323769162 59.83352335684117, 6.880565000000009 59.83186269695297)"
relation/8850169-300,relation/8857031-300,300.0,1005.455,46662.77,Al/St 240/40 3-bundle 300.0,"LINESTRING (6.630782372306673 60.12913039376835, 6.626719834457078 60.12458033097537, 6.6219583 60.1194532, 6.6246486 60.116389, 6.6272208 60.1138805, 6.62846 60.1125647, 6.6289091 60.1101835, 6.6298601 60.1076131, 6.6311797 60.1054302, 6.6346358 60.1015979, 6.6374078 60.099085, 6.6394879 60.0971829, 6.6424343 60.0944717, 6.6456851 60.0914988, 6.6504337 60.087886, 6.6529781 60.0864952, 6.6585705 60.0834293, 6.6616443 60.0816434, 6.6650641 60.0795671, 6.666829 60.0770317, 6.6679595 60.0754228, 6.6704513 60.0718252, 6.6723034 60.0691621, 6.6732489 60.0678271, 6.6747965 60.065679, 6.6745672 60.063696, 6.6743083 60.0615597, 6.6719359 60.0595517, 6.6699511 60.0578663, 6.6683015 60.0568997, 6.6664454 60.0558112, 6.6644901 60.0546625, 6.6620935 60.0532492, 6.6564301 60.0503818, 6.6488072 60.0465224, 6.640656 60.0440795, 6.635364 60.0425313, 6.6282012 60.0404317, 6.6229963 60.038904, 6.6190776 60.0377667, 6.6156323 60.0367533, 6.6088651 60.034768, 6.6037394 60.0332702, 6.5977889 60.0315304, 6.5920812 60.0298677, 6.5864941 60.0282115, 6.5849626 60.025967, 6.5821892 60.0219064, 6.5798101 60.0184049, 6.5805893 60.015281, 6.5813336 60.0123144, 6.5824735 60.0077534, 6.5828598 60.0062128, 6.583647 60.0030656, 6.5843229 60.0003695, 6.5849599 59.9978448, 6.5858155 59.9917606, 6.586124 59.9892446, 6.5862527 59.9866285, 6.5864365 59.9820746, 6.5865773 59.9785864, 6.5867516 59.9739267, 6.5866417 59.9719094, 6.5862232 59.9675448, 6.5857887 59.9625687, 6.5855809 59.9601231, 6.5853113 59.9559322, 6.5753134 59.9510215, 6.5715489 59.9482614, 6.5694863 59.9467529, 6.5641473 59.9428028, 6.564846 59.9412814, 6.5660557 59.9388072, 6.5676758 59.9357753, 6.5703513 59.9307696, 6.570873 59.9297738, 6.5721443 59.9274097, 6.5777327 59.923677, 6.58106 59.9214523, 6.5826613 59.9203836, 6.5872586 59.9171113, 6.5900709 59.9136317, 6.5952878 59.9097899, 6.5998515 59.9064265, 6.603148 59.9039975, 6.6100292 59.8989231, 6.6135469 59.8963234, 6.6171518 59.8936643, 6.6193083 59.892074, 6.6221192 59.8902939, 6.6249074 59.8885642, 6.6281931 59.8873194, 6.6325718 59.8856461, 6.6379255 59.8836072, 6.6417141 59.8821597, 6.6493115 59.8792629, 6.6528735 59.877895, 6.655962 59.8767213, 6.6617221 59.874521, 6.6655925 59.8730388, 6.669825 59.8714233, 6.6731027 59.8701644, 6.6796419 59.8676668, 6.682477 59.8665392, 6.6873559 59.8646035, 6.6889948 59.8636306, 6.6914222 59.8621876, 6.6938026 59.8607702, 6.7014268 59.8565135, 6.7045462 59.8547666, 6.7067724 59.8535185, 6.7096665 59.8519048, 6.7121047 59.8505364, 6.7162004 59.8485274, 6.7179117 59.8472576, 6.7211384 59.8445225, 6.7228416 59.8430646, 6.7244402 59.8416881, 6.7273799 59.8391452, 6.7294854 59.8372713, 6.7321797 59.8349168, 6.7347774 59.8329685, 6.7380805 59.8305328, 6.7431633 59.8267805, 6.7458951 59.8247205, 6.7500472 59.8224096, 6.755185 59.8195794, 6.7588234 59.817608, 6.7623264 59.8158509, 6.7657784 59.815333, 6.7706104 59.8155131, 6.7739966 59.8156904, 6.7782386 59.8178271, 6.7825744 59.8198889, 6.7877913 59.8221818, 6.7898981 59.8227528, 6.8027933 59.8260428, 6.8096164 59.8261132, 6.810689758571183 59.825468012327754, 6.816654250267526 59.82130722639875)"
relation/8857363-300,relation/8857031-300,300.0,1005.455,19467.77,Al/St 240/40 3-bundle 300.0,"LINESTRING (6.816080776838289 59.6496237133601, 6.814221452200188 59.65498958048544, 6.8125802 59.6572479, 6.8108623 59.6597268, 6.8096419 59.6614921, 6.8103366 59.6630908, 6.8116334 59.6660772, 6.8126728 59.6684693, 6.8136585 59.6707489, 6.8147005 59.6731319, 6.8157182 59.6754229, 6.8162723 59.6774039, 6.8162173 59.6788054, 6.8161556 59.6808162, 6.816047 59.6844232, 6.8159088 59.6887465, 6.8158217 59.691449, 6.8139254 59.6945656, 6.8127076 59.6965686, 6.8110742 59.6992489, 6.8090343 59.7026055, 6.8072654 59.7055174, 6.8048461 59.7094971, 6.8029551 59.7126275, 6.8012466 59.7154268, 6.8007772 59.7174374, 6.8000771 59.7207618, 6.7993824 59.7240507, 6.7986864 59.7273684, 6.7982626 59.7293742, 6.7973855 59.7335119, 6.7963609 59.7383493, 6.7968974 59.740243, 6.7981271 59.7445787, 6.7986622 59.7464633, 6.7995165 59.7494686, 6.8016838 59.7570672, 6.8017374 59.7597142, 6.8011339 59.7637064, 6.8006337 59.7671133, 6.8001804 59.7708763, 6.7997177 59.7721551, 6.7987105 59.7749529, 6.8001187 59.7793415, 6.8011138 59.7824005, 6.8015724 59.7838274, 6.8021049 59.7853513, 6.8026641 59.7882654, 6.8032823 59.7912558, 6.8037276 59.7933837, 6.8044142 59.7967153, 6.8058881 59.798972, 6.806725 59.8002484, 6.8083946 59.8028124, 6.809839 59.8050215, 6.811569 59.8076654, 6.8137416 59.8109991, 6.8146214 59.8138664, 6.815367162805975 59.81625035284629, 6.816654250267526 59.82130722639875)"
relation/7883882-300,NO89-300,300.0,1005.455,4130.83,Al/St 240/40 3-bundle 300.0,"LINESTRING (7.98704244972473 59.47544844699188, 7.9928556640009685 59.47205350787915, 7.9954559 59.4706263, 8.0003321 59.4679503, 8.006933 59.4643582, 8.0113989 59.4619351, 8.0165434 59.4591425, 8.0196065 59.4574838, 8.0241984 59.4550016, 8.0272937 59.4533249, 8.02946422560088 59.452151273807985, 8.036144306932275 59.448024771517176)"
relation/10547156-300,NO89-300,300.0,1005.455,3094.88,Al/St 240/40 3-bundle 300.0,"LINESTRING (7.9388585786964105 59.46328803077655, 7.948479566604013 59.464355441859624, 7.9547989 59.4650737, 7.9584199 59.4660943, 7.9602867 59.4666203, 7.9627329 59.4673044, 7.9718471 59.4703457, 7.9739472 59.4710501, 7.979532059188778 59.4729250554098, 7.98704244972473 59.47544844699188)"
relation/7847764-420,relation/7854485-420,420.0,1876.85,29999.1,Al/St 240/40 4-bundle 380.0,"LINESTRING (8.576666757981386 60.437592416219715, 8.587110687704108 60.43674468156011, 8.5907721 60.4360584, 8.5958415 60.4351029, 8.5996395 60.4343803, 8.6043817 60.4334883, 8.6105668 60.4322521, 8.614971 60.4320324, 8.6187047 60.4318366, 8.6239994 60.4315586, 8.6302811 60.4312277, 8.6361873 60.4309206, 8.6425549 60.4305871, 8.6492658 60.4302324, 8.6550701 60.4289617, 8.6607563 60.4277147, 8.6671561 60.4263142, 8.6721611 60.4252154, 8.6758679 60.4244052, 8.6796981 60.4235686, 8.6846012 60.4224935, 8.6882007 60.4216992, 8.6932379 60.4205949, 8.6964136 60.4192815, 8.7004799 60.4176025, 8.7038541 60.4162042, 8.7072766 60.4147846, 8.7109888 60.4132485, 8.715291 60.4114606, 8.7214225 60.4089256, 8.7251562 60.4073786, 8.7300351 60.4053599, 8.7349194 60.4033384, 8.741067 60.4007869, 8.7452996 60.3990302, 8.7496126 60.3972441, 8.7540543 60.3953997, 8.7575036 60.3939687, 8.7614518 60.3923361, 8.7635493 60.3914588, 8.7656468 60.3894816, 8.76827 60.386982, 8.7706304 60.3847394, 8.7735701 60.3819451, 8.7763113 60.3793469, 8.7780225 60.3777189, 8.7820834 60.3756108, 8.7863857 60.3733886, 8.7900281 60.3715084, 8.7936544 60.3696175, 8.7966049 60.3680871, 8.7996143 60.3665302, 8.8021249 60.3652331, 8.8047641 60.3638617, 8.8075858 60.3623974, 8.8105792 60.3608482, 8.8132828 60.3594447, 8.8159221 60.3580758, 8.8186312 60.3566696, 8.8212812 60.3552209, 8.8235772 60.3539446, 8.8269836 60.3520739, 8.8300735 60.3503622, 8.8328844 60.3488044, 8.835867 60.3470183, 8.8392198 60.3450171, 8.8422024 60.3432255, 8.8464403 60.3406879, 8.8500452 60.338527, 8.8538808 60.3362359, 8.8577002 60.3339473, 8.8625014 60.3310691, 8.867147 60.3282968, 8.8703656 60.3263635, 8.8708699 60.3241406, 8.8714975 60.3207887, 8.8720071 60.3178827, 8.8725355 60.3148736, 8.8728279 60.3131992, 8.8746303 60.311257, 8.8765454 60.3091899, 8.8786161 60.3069764, 8.8805097 60.3051987, 8.8844097 60.3031417, 8.8869041 60.3020468, 8.8906914 60.3003698, 8.8932502 60.2992428, 8.8997894 60.2965662, 8.9082652 60.2922837, 8.9113015 60.2907736, 8.9165479 60.2889684, 8.9217192 60.2872136, 8.9279848 60.2850651, 8.9330918 60.2832144, 8.9361119 60.2822092, 8.9434665 60.2798795, 8.9531131 60.2767917, 8.9550698 60.2751147, 8.9589107 60.2718323, 8.958965293612897 60.271721124148925, 8.961689115714721 60.26700036421985)"
way/296229069-420,relation/7847764-420,420.0,1876.85,19532.55,Al/St 240/40 4-bundle 380.0,"LINESTRING (8.4114797704165 60.57446959226896, 8.402660031974941 60.569518596682975, 8.4025562 60.5694112, 8.399701 60.566118, 8.3977899 60.563918, 8.3966982 60.5626538, 8.3957273 60.5615215, 8.3964032 60.5605749, 8.3978643 60.5585758, 8.3997345 60.5560251, 8.4018588 60.5531414, 8.4034359 60.5509788, 8.4044793 60.5492447, 8.405225 60.5478916, 8.4047985 60.5456218, 8.4044015 60.5435141, 8.4039509 60.5411028, 8.4035754 60.5391492, 8.4069443 60.5365542, 8.4093788 60.5346517, 8.4116348 60.5328887, 8.4137921 60.5319167, 8.4173834 60.5302949, 8.4211275 60.5286009, 8.4239441 60.5273255, 8.4273076 60.5258108, 8.429963 60.5246072, 8.4336343 60.5229402, 8.4357405 60.5218276, 8.4375127 60.5208835, 8.4416155 60.5186966, 8.4479392 60.5153251, 8.4520922 60.5131083, 8.4565447 60.5107306, 8.4601808 60.5087923, 8.464424 60.5065238, 8.469483 60.5038293, 8.4740075 60.501405, 8.4790353 60.4987242, 8.4827891 60.4967115, 8.4838915 60.4953582, 8.4857097 60.4931519, 8.487889 60.4904881, 8.4897816 60.4881739, 8.4924638 60.4849023, 8.494277 60.4826929, 8.4958166 60.4808289, 8.4977424 60.4784823, 8.5006298 60.4749467, 8.5029962 60.4720535, 8.5048985 60.4697344, 8.5065186 60.4677646, 8.5081615 60.4657496, 8.509861 60.4636742, 8.511193 60.462045, 8.5126314 60.4602886, 8.5150413 60.4573534, 8.5165474 60.4555011, 8.519526 60.4545766, 8.5260102 60.4525728, 8.5319164 60.4507421, 8.5352273 60.4497154, 8.5411258 60.4478864, 8.5468054 60.4461305, 8.5530978 60.4441751, 8.5570642 60.4429425, 8.5614395 60.4415897, 8.5646334 60.4409821, 8.568095991567874 60.44032663122183, 8.576666757981386 60.437592416219715)"
relation/7854485-420,way/128406208-420,420.0,1876.85,89045.41,Al/St 240/40 4-bundle 380.0,"LINESTRING (8.961689115714721 60.26700036421985, 8.96609506199648 60.262409655127236, 8.9661473 60.2623781, 8.9702082 60.2605074, 8.9754599 60.2592248, 8.9856899 60.2564704, 8.9935219 60.2538408, 8.996762 60.2531355, 9.0024805 60.2518898, 9.0107363 60.2505735, 9.0209663 60.248038, 9.0298256 60.2458617, 9.032473 60.2452148, 9.0394789 60.2449299, 9.0449433 60.2447252, 9.0556628 60.2440646, 9.0602714 60.2415925, 9.0664887 60.2382907, 9.0685058 60.2349859, 9.0702116 60.2321922, 9.0720463 60.2292064, 9.0733552 60.2270755, 9.0760803 60.222616, 9.0774965 60.2202875, 9.0787786 60.2178682, 9.0812623 60.2155713, 9.0845883 60.2124374, 9.0864068 60.2105666, 9.0891373 60.2076721, 9.090929 60.205753, 9.0927905 60.2035219, 9.0951455 60.2006455, 9.0966689 60.1987793, 9.0998501 60.1955932, 9.1017759 60.1936787, 9.1043293 60.1911508, 9.1074461 60.1883746, 9.1126496 60.1848168, 9.1170484 60.1820854, 9.1234481 60.1781374, 9.1258943 60.1766194, 9.1282278 60.1751654, 9.1316557 60.1730309, 9.1367358 60.1698156, 9.1421324 60.1664239, 9.147588 60.1630024, 9.1523516 60.159997, 9.1574961 60.1567777, 9.1603553 60.1549678, 9.164502 60.1523675, 9.1679567 60.1502102, 9.1740024 60.1464025, 9.1787445 60.1434329, 9.182049 60.1413498, 9.1839829 60.14014, 9.1910666 60.1356767, 9.1943335 60.1336305, 9.1982013 60.1311995, 9.2019832 60.1297755, 9.2051589 60.1286373, 9.2111242 60.1265079, 9.2156035 60.1249367, 9.2208928 60.1230929, 9.224546 60.1218076, 9.2288804 60.1202816, 9.2341483 60.1184376, 9.239679 60.1164946, 9.2435467 60.1151421, 9.2497158 60.112969, 9.2558151 60.1108278, 9.2629445 60.1083202, 9.2652029 60.1075289, 9.2738181 60.1045024, 9.2781848 60.102973, 9.2829001 60.1013232, 9.2866445 60.1000075, 9.2944872 60.0972584, 9.2989665 60.0956832, 9.3025446 60.0944342, 9.3103874 60.0916874, 9.3145126 60.0902456, 9.3232459 60.0871747, 9.3269581 60.0858719, 9.3303376 60.0846841, 9.3346077 60.0831885, 9.3405783 60.0810949, 9.3471417 60.0787924, 9.3516773 60.077203, 9.3572509 60.0770344, 9.360947 60.076922, 9.3684196 60.0765848, 9.3704313 60.0764912, 9.3770993 60.0744386, 9.381938 60.0729479, 9.3869322 60.071409, 9.391492 60.0699959, 9.3970764 60.0681008, 9.4006383 60.0668802, 9.4051605 60.0653277, 9.4121772 60.0628943, 9.4169784 60.0610631, 9.4236302 60.0584955, 9.4294721 60.0562142, 9.4337287 60.05456, 9.4366658 60.0534186, 9.4409949 60.0517235, 9.4468474 60.0494364, 9.4510317 60.0478026, 9.4569701 60.0454885, 9.4609451 60.0439376, 9.4656175 60.0421107, 9.4701022 60.0403721, 9.4733316 60.039121, 9.4794202 60.0367634, 9.4838861 60.0352549, 9.4882983 60.0340974, 9.4931531 60.0328622, 9.5005077 60.0313107, 9.5062476 60.0301075, 9.5126367 60.0287622, 9.5155764 60.0281432, 9.5253664 60.0260689, 9.5323724 60.0245519, 9.5386487 60.023193, 9.5461911 60.0215579, 9.5553428 60.019569, 9.5632231 60.0178614, 9.5677453 60.0168775, 9.5745259 60.015403, 9.5785332 60.0145263, 9.5845628 60.0132099, 9.5884627 60.0123627, 9.5920247 60.0115851, 9.5958388 60.0107566, 9.6055913 60.0086892, 9.6154135 60.006603, 9.6205956 60.0055061, 9.6236479 60.0048571, 9.6262014 60.0043127, 9.6327996 60.0013035, 9.6385986 59.9986482, 9.6428794 59.9964513, 9.6487963 59.9934038, 9.6541178 59.9906646, 9.6577442 59.9888053, 9.6629047 59.9861516, 9.6683174 59.9833715, 9.6727699 59.9810743, 9.6783221 59.9782079, 9.6832305 59.9756795, 9.6863472 59.974069, 9.6927524 59.9707618, 9.6983689 59.9678569, 9.7036743 59.9651156, 9.7076654 59.9630454, 9.7130406 59.9599519, 9.716506 59.9579538, 9.7204006 59.9557059, 9.7237158 59.9537962, 9.7280878 59.951274, 9.7324598 59.948757, 9.7372985 59.9462102, 9.7432154 59.9430977, 9.7482794 59.9404363, 9.7537136 59.9375718, 9.7578978 59.9353708, 9.7643352 59.9319764, 9.7700751 59.9289553, 9.7747207 59.9265065, 9.7810614 59.9231541, 9.7838348 59.9216916, 9.7874719 59.9197692, 9.7935605 59.9161877, 9.7991663 59.9125977, 9.8027229 59.9103251, 9.8072612 59.9074123, 9.8100561 59.9056209, 9.8139077 59.9031542, 9.8168045 59.9012899, 9.8241806 59.8965521, 9.8276192 59.8943458, 9.8347646 59.8897577, 9.8378652 59.8877554, 9.842146 59.8850102, 9.8474836 59.8815702, 9.8502302 59.8811207, 9.8587006 59.8797425, 9.8626703 59.8790883, 9.8698801 59.8779119, 9.8751533 59.8770504, 9.8824006 59.8758631, 9.890179 59.8745775, 9.9010259 59.8728073, 9.9065995 59.8718891, 9.915837 59.8703758, 9.9214643 59.8694495, 9.9324989 59.8706101, 9.940905 59.8717679, 9.9465644 59.8728153, 9.9517626 59.8737685, 9.9579906 59.8749181, 9.9640149 59.8760112, 9.9708652 59.8772712, 9.9777397 59.8779711, 9.9854886 59.878768, 9.9931866 59.879554, 10.0013915 59.880371, 10.0091726 59.8811638, 10.0173694 59.8818206, 10.0194615 59.8819848, 10.0248876 59.8824181, 10.0331086 59.8831126, 10.0383469 59.8835621, 10.0467932 59.8842727, 10.0521415 59.884916, 10.0558108 59.8853682, 10.0664967 59.886765, 10.0711048 59.8873679, 10.0793177 59.8864636, 10.0822815 59.8861406, 10.0938164 59.8848783, 10.1005179 59.8841489, 10.1042435 59.8837418, 10.1126468 59.8828273, 10.1165467 59.8824067, 10.1300959 59.8809255, 10.1347589 59.8804154, 10.1403996 59.8797909, 10.1466152 59.8790974, 10.1529403 59.8783917, 10.1569287 59.8779462, 10.1637094 59.8771884, 10.1715749 59.8762993, 10.1771003 59.8756787, 10.185281 59.8747566, 10.1928972 59.8738883, 10.1992165 59.8731896, 10.2041262 59.8726444, 10.2071075 59.8713088, 10.207181215905479 59.871275781208844, 10.215782447790119 59.867249203351896)"
way/288812256-300,relation/7883264-300,300.0,1005.455,18725.6,Al/St 240/40 3-bundle 300.0,"LINESTRING (7.72521194852504 59.77401381236456, 7.722999531273613 59.76938610803877, 7.721613 59.7658397, 7.7210551 59.7650185, 7.7191508 59.7622956, 7.7211115 59.7566058, 7.722871 59.7520379, 7.7233404 59.7508272, 7.7242845 59.7483774, 7.72569 59.7447288, 7.7269989 59.741323, 7.7277285 59.7394253, 7.7286833 59.7369219, 7.7295577 59.7346644, 7.7307862 59.7314685, 7.7317196 59.7290565, 7.7325672 59.7268471, 7.7332297 59.7251258, 7.7342181 59.7229371, 7.7348632 59.7215151, 7.7370277 59.716653, 7.7377707 59.7149121, 7.7407667 59.7092549, 7.7419925 59.7068981, 7.7468929 59.7036698, 7.7522224 59.7007253, 7.7555484 59.6989079, 7.7580589 59.6973678, 7.7634367 59.6940492, 7.7673152 59.6913678, 7.76941 59.6899154, 7.774305 59.6866042, 7.7774017 59.6843744, 7.7810025 59.68189, 7.7830839 59.6792252, 7.7849668 59.6768176, 7.7861845 59.675271, 7.788679 59.6720695, 7.7908114 59.6693416, 7.7984878 59.6636753, 7.8009233 59.6618803, 7.8045684 59.6591909, 7.8067142 59.657607, 7.8158069 59.6523277, 7.81727 59.6515247, 7.8194681 59.6503084, 7.8228235 59.6484435, 7.8270856 59.6460797, 7.8307387 59.6440546, 7.8321093 59.6427764, 7.8356096 59.639508, 7.8369319 59.6382715, 7.8394452 59.6359369, 7.8436187 59.6317769, 7.846281616020916 59.62920505593402, 7.850781238790937 59.624699733692246)"
NO84-300,way/287115458-300,300.0,1005.455,1615.3,Al/St 240/40 3-bundle 300.0,"LINESTRING (9.819146669586477 59.72749861887493, 9.827037545309478 59.72467919662846, 9.8275734 59.7245041, 9.8305227 59.723549, 9.8335998 59.7225755, 9.834663296540583 59.72224220878434, 9.84364273959598 59.72003347872525)"
way/287115458-300,NO84-300,300.0,1005.455,1612.92,Al/St 240/40 3-bundle 300.0,"LINESTRING (9.819146669586477 59.72749861887493, 9.827258977685679 59.724803805036835, 9.8277528 59.7246427, 9.830697 59.7236883, 9.8337728 59.7227165, 9.834758600712659 59.722407042683464, 9.84364273959598 59.72003347872525)"
way/287115458-300,way/355844786-300,300.0,1005.455,22256.87,Al/St 240/40 3-bundle 300.0,"LINESTRING (9.84364273959598 59.72003347872525, 9.856609756781708 59.7186739141045, 9.8580837 59.7186195, 9.86158 59.7184829, 9.865728 59.7183443, 9.875164 59.714271, 9.8776645 59.7130806, 9.8816483 59.7111753, 9.8868879 59.7084459, 9.8930208 59.7052326, 9.9001837 59.7015277, 9.9037993 59.6994113, 9.9109976 59.6951948, 9.9171121 59.6921834, 9.9196887 59.6909144, 9.9246669 59.6884642, 9.9277876 59.6869365, 9.9355191 59.6839459, 9.9462265 59.6803356, 9.9505609 59.6788786, 9.9546888 59.6774066, 9.9603215 59.6753916, 9.9681026 59.6720478, 9.9746686 59.6692333, 9.9782091 59.6677162, 9.9816048 59.6662614, 9.9854457 59.6646439, 9.9951372 59.6604496, 10.0041749 59.6545653, 10.0096621 59.6510009, 10.0140113 59.6481806, 10.0187118 59.6451329, 10.0234319 59.6420788, 10.0258076 59.640544, 10.0277013 59.6392985, 10.0331307 59.6350891, 10.0401279 59.6296927, 10.0427746 59.6276422, 10.045322 59.6256699, 10.0535893 59.6199708, 10.0560026 59.618302, 10.058723 59.6164299, 10.0602069 59.6153893, 10.0670895 59.6095436, 10.070679 59.6065057, 10.0758187 59.6021487, 10.0784943 59.5998807, 10.0838647 59.5953423, 10.0856708 59.5938207, 10.0928622 59.5877987, 10.0974333 59.5839888, 10.100280558361685 59.58161921862267, 10.105102092528726 59.57656291232156)"
relation/8527323-420,NO26-420,420.0,1876.85,25589.18,Al/St 240/40 4-bundle 380.0,"LINESTRING (11.687439233801033 63.02939217810527, 11.698215472899701 63.030377492541724, 11.7021158 63.0307761, 11.7057221 63.0343071, 11.7075688 63.0361126, 11.7115492 63.0400109, 11.7139927 63.042399, 11.7176217 63.0459445, 11.7230907 63.0512959, 11.7250206 63.0531817, 11.7268927 63.0550146, 11.7304212 63.0566098, 11.7349025 63.0586387, 11.7400396 63.060964, 11.7470509 63.0641378, 11.7529893 63.0668229, 11.7568624 63.0685723, 11.7604673 63.0702032, 11.7650445 63.0722706, 11.7688291 63.0739827, 11.7731796 63.0759479, 11.7776683 63.0779797, 11.7814596 63.079689, 11.7844409 63.0809306, 11.7884722 63.0826051, 11.793032 63.0844999, 11.797817 63.0855313, 11.8035945 63.0867855, 11.8099165 63.0881489, 11.8163015 63.0895274, 11.8220066 63.0907559, 11.8275601 63.0919588, 11.8336822 63.0932758, 11.8406881 63.0947912, 11.846526 63.0960511, 11.8514223 63.0982429, 11.8575324 63.1009752, 11.8624744 63.1031843, 11.8681325 63.1057153, 11.8723999 63.1076231, 11.8766311 63.1095138, 11.880248 63.1111297, 11.8863071 63.1138347, 11.8923314 63.1165237, 11.8982363 63.1191602, 11.9040352 63.1204596, 11.9120161 63.1222507, 11.9185218 63.1237088, 11.9245903 63.1250698, 11.9328462 63.12692, 11.9403926 63.1286095, 11.946795 63.1300448, 11.9520065 63.1312134, 11.9598037 63.1329602, 11.9653451 63.1341978, 11.9711977 63.1367188, 11.9771522 63.1392821, 11.9831791 63.1418693, 11.9907591 63.1451312, 12.0000073 63.1491064, 12.0063078 63.1518151, 12.0139629 63.1551001, 12.0215964 63.1583836, 12.0284092 63.161313, 12.0295874 63.1618952, 12.0313328 63.1627577, 12.0346615 63.1644099, 12.040164 63.1671341, 12.0443805 63.169225, 12.048503 63.1712642, 12.0512856 63.1726414, 12.0523466 63.1731665, 12.052894459462037 63.17343809438006, 12.059827471255737 63.17683667255434)"
relation/8847096-300,relation/8846916-300,300.0,1005.455,12716.88,Al/St 240/40 3-bundle 300.0,"LINESTRING (5.413107695518586 59.787236458639406, 5.41406607847357 59.79219846597183, 5.4140738 59.792468, 5.4142213 59.7979871, 5.4143339 59.8028765, 5.4158467 59.8041743, 5.41884 59.8067293, 5.4225227 59.8098883, 5.4247999 59.8116337, 5.427222 59.8135272, 5.4328304 59.8178561, 5.4377013 59.8202213, 5.4415584 59.8230743, 5.4436719 59.8246518, 5.4531804 59.8299512, 5.4574853 59.8325513, 5.4617876 59.8354195, 5.4632628 59.8364654, 5.4665539 59.8384182, 5.4711217 59.8410905, 5.4790932 59.8462134, 5.4847258 59.8498456, 5.4880249 59.8525776, 5.4907608 59.8548541, 5.4947197 59.85841, 5.496372 59.8597864, 5.4987887 59.8618018, 5.5043167 59.8664227, 5.5071813 59.8688302, 5.5086136 59.8701846, 5.5098528 59.8713371, 5.5129373 59.8755024, 5.5151957 59.8785553, 5.513619260522616 59.88048110726613, 5.509854259280807 59.88481605203459)"
way/432965765-300,relation/7805329-300,300.0,1005.455,42510.45,Al/St 240/40 3-bundle 300.0,"LINESTRING (6.009577670620721 59.86350352732482, 6.016710774513682 59.86715389542002, 6.0189707 59.8684238, 6.0243165 59.8715094, 6.0279 59.8735881, 6.0308504 59.8769266, 6.0289621 59.8791718, 6.0272133 59.8815568, 6.0230291 59.8869184, 6.0218596 59.888431, 6.0189628 59.8921124, 6.0171443 59.8943646, 6.0140651 59.8981638, 6.0119355 59.9007627, 6.0092854 59.9040096, 6.0069573 59.9068528, 6.0069278 59.9110365, 6.0085452 59.9175913, 6.0092854 59.9205973, 6.0087571 59.9225721, 6.0082903 59.9243263, 6.0077405 59.9263882, 6.0067803 59.9299659, 6.0059434 59.933116, 6.0049671 59.9367602, 6.0039478 59.9405948, 6.0032022 59.9433355, 6.0024244 59.9462398, 6.0016411 59.9492996, 6.0010028 59.9515749, 6.0002491 59.9543939, 6.0019201 59.9577336, 6.0040766 59.9620518, 6.0063645 59.9666433, 6.0077619 59.9694382, 6.0099077 59.9737267, 6.0104629 59.9748407, 6.0143226 59.9777248, 6.0167474 59.9795284, 6.0223907 59.9841256, 6.0210121 59.9857101, 6.0191211 59.9878809, 6.0170048 59.9903158, 6.0150737 59.9925399, 6.0114218 59.9967799, 6.0104442 60.0008959, 6.0098648 60.0032185, 6.0092533 60.0058199, 6.0089421 60.0072466, 6.0103691 60.0102069, 6.010884 60.0115047, 6.0118389 60.0138534, 6.0136628 60.0184324, 6.0152292 60.0223406, 6.0159158 60.0240721, 6.0179007 60.0290034, 6.0185176 60.0310963, 6.0191345 60.03324, 6.0196549 60.0350808, 6.0209852 60.0396863, 6.0229084 60.0452528, 6.0248208 60.0503229, 6.026634 60.052717, 6.0311401 60.0582438, 6.0342514 60.0612478, 6.0391867 60.0635769, 6.0421801 60.0650439, 6.0477269 60.0677261, 6.0496366 60.0686629, 6.05793 60.0707453, 6.0606873 60.0714438, 6.0700858 60.0738552, 6.0799777 60.0757606, 6.0852724 60.076724, 6.0944617 60.0783804, 6.097852 60.0789958, 6.104992 60.0802775, 6.1088705 60.0809705, 6.1219865 60.0839524, 6.1250764 60.0847911, 6.129089 60.0858719, 6.1348396 60.0872871, 6.1403382 60.088638, 6.1436373 60.0894432, 6.1476392 60.0904195, 6.1585879 60.0930943, 6.1629975 60.0941828, 6.1686087 60.0960095, 6.18092 60.1001546, 6.1836076 60.1010584, 6.184836 60.1014756, 6.1889344 60.1018446, 6.1946958 60.102366, 6.2100059 60.1027457, 6.2156224 60.1047698, 6.2229717 60.10743, 6.2300152 60.1101301, 6.2324881 60.1126162, 6.2339044 60.1138885, 6.2371874 60.1147599, 6.2407386 60.1157542, 6.2430453 60.1162086, 6.247015 60.1167805, 6.2513012 60.117152, 6.2539244 60.1173431, 6.2586397 60.1173792, 6.2598789 60.1170344, 6.2626469 60.1161658, 6.272209 60.1131594, 6.2777209 60.1161685, 6.279341 60.1170478, 6.2835789 60.1191378, 6.2853491 60.1196723, 6.2930846 60.1217782, 6.2945867 60.1220855, 6.3048327 60.1241511, 6.3102668 60.1252654, 6.3135284 60.125928, 6.3227928 60.1286079, 6.322965885720025 60.12866969986617, 6.3310626541990045 60.13221886183165)"
way/432965765-300,way/440170580-300,300.0,1005.455,4064.74,Al/St 240/40 3-bundle 300.0,"LINESTRING (6.009577670620721 59.86350352732482, 6.017126450599504 59.86699430808324, 6.0191453 59.868159, 6.0246706 59.8713587, 6.027959 59.8732569, 6.0330015 59.8730577, 6.0402435 59.8727507, 6.0452592 59.872538, 6.0509241 59.8723038, 6.0553282 59.8721234, 6.0599631 59.8719295, 6.0641239522164465 59.87183016862147, 6.073471518246711 59.87135687851999)"
way/290360704-300,relation/7842286-300,300.0,1005.455,46904.98,Al/St 240/40 3-bundle 300.0,"LINESTRING (9.081324730938773 61.88132246377089, 9.079834093715315 61.87578344308517, 9.0795967 61.8740321, 9.0824318 61.8729304, 9.0942925 61.8681832, 9.0987021 61.864733, 9.1011375 61.862813, 9.1031223 61.8615025, 9.1057777 61.8597518, 9.1084948 61.8579794, 9.1124886 61.8553796, 9.1124725 61.8525859, 9.1124296 61.8483519, 9.1123974 61.8430237, 9.1125798 61.8389529, 9.1127193 61.835621, 9.1128373 61.832942, 9.1130197 61.8293359, 9.1176009 61.8253773, 9.1212219 61.8222465, 9.1264715 61.8177161, 9.1300839 61.8145904, 9.1346008 61.8106958, 9.1386831 61.8071834, 9.1435633 61.8030016, 9.1492563 61.7981267, 9.1520995 61.7956879, 9.155522 61.7927493, 9.1578501 61.7903759, 9.1611439 61.7869398, 9.1613048 61.7828235, 9.1614282 61.7798583, 9.1615841 61.776066, 9.1617407 61.7721866, 9.1618413 61.7696049, 9.1619861 61.7659469, 9.1621309 61.7621375, 9.1622758 61.7588175, 9.1624689 61.7537594, 9.1626915 61.7484973, 9.1628605 61.7438655, 9.1630375 61.7394666, 9.1636062 61.7378537, 9.1650519 61.7336762, 9.1667604 61.7288935, 9.1684744 61.7239893, 9.1700059 61.7196397, 9.1713041 61.7148649, 9.1717386 61.7107365, 9.1721336 61.7055844, 9.1730314 61.7016082, 9.1739944 61.6983007, 9.1750216 61.6938712, 9.1759416 61.6899244, 9.1769904 61.6854173, 9.1779882 61.6811118, 9.1790503 61.6765716, 9.1801205 61.6719799, 9.1809386 61.6684592, 9.1840178 61.6653888, 9.1878882 61.6615236, 9.1908118 61.6586143, 9.1942906 61.6551392, 9.1977239 61.6517147, 9.2011973 61.6482497, 9.2022997 61.645155, 9.2036596 61.6413803, 9.2048719 61.6379785, 9.2061406 61.6344489, 9.2075863 61.6304065, 9.2091232 61.6261087, 9.2104912 61.6223075, 9.2120522 61.6179295, 9.2136548 61.6134489, 9.2150858 61.6094688, 9.2166173 61.6052038, 9.2179826 61.6013847, 9.2198306 61.5982107, 9.2217109 61.5949763, 9.2239237 61.5911751, 9.2262492 61.5871514, 9.2286471 61.5830339, 9.2309055 61.5791457, 9.2335314 61.5746135, 9.235763 61.5707791, 9.2379476 61.56701, 9.2402691 61.5629978, 9.2425328 61.5590841, 9.2448878 61.5550395, 9.247334 61.5508105, 9.2499411 61.546292, 9.2523926 61.5420516, 9.2561907 61.5384241, 9.2599887 61.5347834, 9.264189 61.5307817, 9.2679334 61.5272015, 9.2720532 61.5232832, 9.2762589 61.5192519, 9.2806041 61.5150717, 9.2849386 61.5108961, 9.2886615 61.5072854, 9.2927921 61.5033109, 9.2972231 61.4990415, 9.3011069 61.4953041, 9.3045455 61.4919656, 9.308707035678482 61.48794655851469, 9.312599820193672 61.48306439232077)"
relation/8206955-300,way/290390502-300,300.0,1005.455,4339.86,Al/St 240/40 3-bundle 300.0,"LINESTRING (10.577146485847889 60.2887244688693, 10.583560845601934 60.292549579738605, 10.5844018 60.293056, 10.5866039 60.2945619, 10.589384 60.2964619, 10.5947953 60.297454, 10.5971771 60.297975, 10.6017262 60.2989744, 10.6090111 60.301793, 10.6108966 60.3025238, 10.6145471 60.3039364, 10.6181815 60.3053408, 10.6200832 60.3060782, 10.6224167 60.3069804, 10.6263757 60.308038, 10.6284249 60.3085893, 10.630904337505669 60.309253526145866, 10.639070512265874 60.31155344038563)"
relation/7839720-300,NO30-300,300.0,1005.455,6420.5,Al/St 240/40 3-bundle 300.0,"LINESTRING (8.477649044390407 62.714828304096024, 8.47724465623474 62.71036773248872, 8.4772235 62.7098237, 8.4771726 62.7082938, 8.4770733 62.705989, 8.477032 62.7034258, 8.4768829 62.701257, 8.4861821 62.6967704, 8.4914124 62.6942358, 8.50043 62.6898797, 8.5072589 62.6862467, 8.5098821 62.6847131, 8.5135701 62.679542, 8.51585 62.676346, 8.5178107 62.673556, 8.5200369 62.6704542, 8.520970993264685 62.66926113551389, 8.522882009399853 62.66384738830419)"
way/202200066-420,relation/7839720-420,420.0,1876.85,3371.52,Al/St 240/40 4-bundle 380.0,"LINESTRING (8.496127588569802 62.689191788980466, 8.4942696684887 62.683522657048215, 8.4952755 62.6810355, 8.4978926 62.6790095, 8.5003656 62.6770798, 8.5026079 62.675329, 8.5067507 62.6720936, 8.5083184 62.6708692, 8.5093178 62.6693835, 8.5099867 62.6683891, 8.512444664647374 62.66675529570792, 8.52328463886981 62.6640425459925)"
way/202200066-420,NO30-420,420.0,1876.85,3433.35,Al/St 240/40 4-bundle 380.0,"LINESTRING (8.478052055141129 62.71502358922529, 8.4779323577981 62.710373766202736, 8.4779102 62.709809, 8.4778404 62.7082938, 8.4777492 62.7059816, 8.4776688 62.703962, 8.4775722 62.7017503, 8.4772718 62.6941041, 8.4825772 62.6926977, 8.485076827206942 62.69203178730666, 8.496127588569802 62.689191788980466)"
NO28-420,NO29-420,420.0,1876.85,12375.86,Al/St 240/40 4-bundle 380.0,"LINESTRING (8.499886187501556 62.74863401654456, 8.50156376073514 62.753790303013105, 8.5016423 62.754516, 8.5038257 62.7585199, 8.5046732 62.7600743, 8.506245 62.7625295, 8.5076183 62.7646827, 8.5088079 62.766325, 8.5128218 62.7719032, 8.5181245 62.7798899, 8.5208577 62.7833863, 8.5224898 62.7854606, 8.5245618 62.7881027, 8.5266566 62.7907801, 8.5283518 62.7929446, 8.5293442 62.7943279, 8.5319607 62.7950324, 8.5380506 62.7966859, 8.5445684 62.798443, 8.5523951 62.8005653, 8.5590202 62.8023515, 8.5636228 62.8035958, 8.5679895 62.8047689, 8.5694405 62.8066432, 8.5708916 62.8084854, 8.5718331 62.8108742, 8.5728013 62.8133694, 8.5737991 62.8158692, 8.5749565 62.8187983, 8.5758752 62.8211244, 8.5765296 62.8227672, 8.5772029 62.8244823, 8.5775784 62.8262132, 8.5778868 62.8276353, 8.5782865 62.8294567, 8.5785587 62.8307237, 8.5800453 62.8318293, 8.5843992 62.8350817, 8.5887444 62.837565, 8.594964302704147 62.83950697346514, 8.603095707016992 62.84244148355891)"
NO28-300,NO27-300,300.0,1005.455,1968.44,Al/St 240/40 3-bundle 300.0,"LINESTRING (8.60269020120513 62.84224651114559, 8.612282589660882 62.844182680382964, 8.629631940206123 62.846934679533724, 8.63849354032925 62.84866975706129)"
NO28-300,NO27-300,300.0,1005.455,1973.58,Al/St 240/40 3-bundle 300.0,"LINESTRING (8.60269020120513 62.84224651114559, 8.611813902101018 62.84456898949537, 8.629267568473992 62.847335209205916, 8.63849354032925 62.84866975706129)"
NO29-300,NO28-300,300.0,1005.455,12417.26,Al/St 240/40 3-bundle 300.0,"LINESTRING (8.49948259256994 62.74843878426659, 8.50063873374666 62.75391081057116, 8.5013768 62.7554037, 8.5029539 62.7585998, 8.5039383 62.7605641, 8.5068351 62.7645869, 8.5081319 62.7663888, 8.5116255 62.7712662, 8.5122505 62.7721228, 8.5174254 62.7800508, 8.5202274 62.7834894, 8.5218447 62.7855624, 8.5243607 62.7887601, 8.5261658 62.7910805, 8.5287917 62.7945523, 8.5316026 62.7953052, 8.5373211 62.7968453, 8.544217 62.7987139, 8.5515583 62.8007013, 8.5586554 62.8026175, 8.5637529 62.8039954, 8.5670587 62.8048927, 8.5685165 62.8067897, 8.5699046 62.808619, 8.5710472 62.8109379, 8.5720503 62.8134331, 8.5730162 62.8160113, 8.5741532 62.8187536, 8.5750598 62.8210423, 8.5758752 62.8231188, 8.5764062 62.8245717, 8.5767898 62.8262451, 8.5770848 62.8275765, 8.5775113 62.8295142, 8.5780558 62.8320274, 8.5799414 62.8331027, 8.5833692 62.8350645, 8.5860836 62.836616, 8.5889026 62.8382274, 8.594229142267855 62.83993065110327, 8.60269020120513 62.84224651114559)"
NO30-300,NO29-300,300.0,1005.455,3911.1,Al/St 240/40 3-bundle 300.0,"LINESTRING (8.477649044390407 62.714828304096024, 8.478469599808655 62.71948401198836, 8.495265109408715 62.74388062934096, 8.49948259256994 62.74843878426659)"
way/60495669-420,way/493018044-420,420.0,1876.85,29811.91,Al/St 240/40 4-bundle 380.0,"LINESTRING (10.663681613438314 59.365464842058884, 10.67216012784184 59.363671485845956, 10.6770694 59.3626389, 10.6857437 59.3608305, 10.6942704 59.3590562, 10.7015768 59.358482, 10.7069492 59.3580692, 10.714159 59.357506, 10.720548 59.3570124, 10.7275432 59.3569441, 10.7330525 59.3568921, 10.7401657 59.3568252, 10.7450983 59.3567759, 10.7510528 59.3567185, 10.755288 59.3559775, 10.761162 59.3549535, 10.7691389 59.3535549, 10.7766089 59.3522451, 10.784457 59.3508696, 10.7918143 59.3495774, 10.7962748 59.348091, 10.8003196 59.3467454, 10.8055365 59.3450032, 10.8105254 59.3433429, 10.8188269 59.340903, 10.8242288 59.3397711, 10.8296576 59.338642, 10.8360815 59.3373084, 10.846349 59.3351662, 10.8510751 59.3353098, 10.855388 59.3354357, 10.8602777 59.3355834, 10.8660793 59.3355547, 10.8709797 59.3355328, 10.8806035 59.3354781, 10.8875531 59.3355738, 10.8927271 59.3356443, 10.9002238 59.3349733, 10.9072365 59.334344, 10.9138763 59.3337462, 10.918888 59.3360444, 10.9251255 59.3389101, 10.9308225 59.3399455, 10.9376836 59.3411998, 10.9419027 59.3420491, 10.9471008 59.3430776, 10.9522158 59.3440883, 10.9593397 59.3443399, 10.9656456 59.3445642, 10.9730887 59.3434168, 10.9797728 59.3423951, 10.9845525 59.3416579, 10.9912285 59.3406322, 11.0009488 59.3396542, 11.0051036 59.3392329, 11.0101515 59.3387214, 11.0155722 59.3381701, 11.0211351 59.3376052, 11.0275617 59.33695, 11.0352972 59.3361648, 11.0447684 59.3352113, 11.0480162 59.3348707, 11.0575837 59.3338953, 11.0611671 59.3336381, 11.0675776 59.3331675, 11.076801 59.3324929, 11.0773972 59.3324493, 11.0867125 59.3316243, 11.0920608 59.3311428, 11.0981977 59.3305955, 11.1029398 59.3302863, 11.1092994 59.329869, 11.1141515 59.3295502, 11.1185181 59.3281054, 11.1227721 59.3267152, 11.1278602 59.3250732, 11.1322403 59.3236501, 11.1394179 59.3212963, 11.1428136 59.3202535, 11.147376 59.3188164, 11.147824668932325 59.31863790110629, 11.155547713004776 59.314499993066384)"
way/295444089-420,NO75-420,420.0,1876.85,8867.09,Al/St 240/40 4-bundle 380.0,"LINESTRING (10.147662229530756 60.24864850938025, 10.144400553721162 60.24411026247844, 10.143739 60.2433018, 10.1407134 60.2396221, 10.1386513 60.237109, 10.1413013 60.2342194, 10.1441306 60.2311188, 10.1470578 60.2279268, 10.1497096 60.225019, 10.1528209 60.2216249, 10.1562703 60.2178495, 10.1590383 60.2148385, 10.1605457 60.2132662, 10.1633593 60.2102969, 10.1659638 60.2077254, 10.1669615 60.2045948, 10.1677394 60.2021277, 10.1693583 60.2006581, 10.1721328 60.1981394, 10.1746219 60.1958598, 10.1787847 60.1920334, 10.1806515 60.1903294, 10.1827812 60.1883693, 10.1849967 60.1863397, 10.1853186 60.1821628, 10.1854902 60.179858, 10.185517761545782 60.1795010372106, 10.185785300000015 60.17500799701157)"
NO75-420,way/205115991-420,420.0,3753.701,1213.65,Al/St 240/40 4-bundle 380.0,"LINESTRING (10.185785300000015 60.17500799701157, 10.193327447137664 60.172570034077296, 10.194287348234614 60.17225929407483, 10.203721136814499 60.168806228149926)"
relation/7847764-420,NO75-420,420.0,1876.85,100611.39,Al/St 240/40 4-bundle 380.0,"LINESTRING (8.576666757981386 60.437592416219715, 8.587225983926293 60.43701901546383, 8.5909921 60.4363443, 8.5960615 60.4353941, 8.599897 60.4346741, 8.6046284 60.4337821, 8.6107171 60.4325592, 8.6150086 60.4323422, 8.6187798 60.4321516, 8.6240369 60.4318736, 8.6303723 60.4315374, 8.6362517 60.4312251, 8.6426139 60.4308995, 8.6494374 60.4305421, 8.6553329 60.4292502, 8.6610138 60.4280059, 8.6674297 60.4265975, 8.6724079 60.425508, 8.6761254 60.4246965, 8.6799717 60.4238519, 8.6848694 60.4227795, 8.6884582 60.4219904, 8.693608 60.4208624, 8.6976582 60.4191729, 8.7008768 60.4178409, 8.704251 60.4164452, 8.7076843 60.415023, 8.7114125 60.4134815, 8.7157094 60.4116963, 8.7215298 60.4092859, 8.72558 60.4076143, 8.7304348 60.405601, 8.7353218 60.4035769, 8.7414694 60.4010254, 8.745718 60.3992686, 8.7500256 60.3974773, 8.7544674 60.3956435, 8.7579113 60.3942125, 8.7618488 60.3925773, 8.7640697 60.3916603, 8.7662101 60.3896273, 8.7688279 60.3871384, 8.7711936 60.3848931, 8.7741494 60.382083, 8.776837 60.3795166, 8.7785482 60.3779045, 8.7825555 60.3758283, 8.7845255 60.3748251, 8.7868524 60.3736008, 8.7904894 60.3717179, 8.7941319 60.3698323, 8.7970716 60.3683126, 8.800081 60.366745, 8.8025862 60.3654453, 8.8052309 60.3640845, 8.8080633 60.3626149, 8.8110405 60.3610657, 8.8137442 60.3596676, 8.8163835 60.3583013, 8.819114 60.3568845, 8.821764 60.3554252, 8.82406 60.3541595, 8.8274395 60.3522861, 8.8305455 60.3505692, 8.833335 60.3490274, 8.8363767 60.3472121, 8.8397187 60.3452109, 8.8426959 60.3434272, 8.8469473 60.340883, 8.8505441 60.3387314, 8.8543743 60.3364377, 8.8581937 60.3341517, 8.8629949 60.3312709, 8.8676244 60.328496, 8.8709718 60.3264989, 8.8715029 60.3241725, 8.8721359 60.3208126, 8.8726401 60.317908, 8.8731632 60.3148995, 8.8734502 60.3132762, 8.875199 60.3113925, 8.8771355 60.3093147, 8.8791633 60.3071226, 8.8810301 60.305382, 8.8848549 60.3033703, 8.8877034 60.3021132, 8.8911205 60.3005983, 8.8936633 60.299482, 8.8999128 60.2969516, 8.9074606 60.293153, 8.9117145 60.2910129, 8.9169127 60.2892329, 8.9220732 60.2874688, 8.9283496 60.2853257, 8.9334726 60.2834617, 8.9364606 60.2824698, 8.9439815 60.2800896, 8.9535919 60.2770178, 8.9553246 60.275539, 8.9595732 60.2718429, 8.9612871 60.2681837, 8.9624901 60.2667085, 8.9645541 60.2637724, 8.9663243 60.262732, 8.9705408 60.2607443, 8.9754385 60.2595415, 8.9806688 60.2581523, 8.9862156 60.2566726, 8.9938116 60.2541043, 8.9969873 60.2534083, 9.0025288 60.2521959, 9.0118468 60.2505988, 9.0212184 60.2482909, 9.0295064 60.2462597, 9.0326983 60.2454717, 9.0395218 60.2452081, 9.0449613 60.2450004, 9.057743 60.2445084, 9.0651905 60.2443695, 9.0719658 60.2442443, 9.079181 60.2441112, 9.0862673 60.2439834, 9.088971 60.2439302, 9.0965939 60.2437651, 9.1001719 60.2436932, 9.1061962 60.2435707, 9.1099834 60.2434909, 9.115423 60.2433764, 9.1233838 60.2432193, 9.1267902 60.2431501, 9.1375565 60.2429184, 9.1437739 60.2421889, 9.1473252 60.2417815, 9.1514718 60.241289, 9.1572976 60.2406047, 9.1613853 60.2401254, 9.1660738 60.2395715, 9.1719747 60.2388792, 9.1793239 60.2380164, 9.1826016 60.2380404, 9.1880679 60.2380857, 9.192574 60.2381203, 9.1998804 60.2382028, 9.205234 60.2382508, 9.2096758 60.2382907, 9.2169231 60.238352, 9.2228025 60.2384026, 9.2271262 60.2384452, 9.230302 60.2384531, 9.2368466 60.2384665, 9.2432141 60.2384798, 9.2465079 60.2384931, 9.2532349 60.2385037, 9.2578697 60.2385064, 9.2623329 60.2385224, 9.267118 60.238541, 9.2716134 60.2387301, 9.2754489 60.2389032, 9.279837 60.2391002, 9.2867625 60.2394064, 9.2932051 60.2396834, 9.3005651 60.2400162, 9.3046153 60.2401919, 9.3119645 60.2405221, 9.3187559 60.2397845, 9.3249679 60.2391082, 9.3297476 60.238589, 9.335643 60.2379579, 9.3437433 60.2370711, 9.3513501 60.2362456, 9.3592089 60.2353907, 9.3644983 60.2348155, 9.3674004 60.2344986, 9.3752968 60.2336357, 9.3827426 60.2328261, 9.3872756 60.2323174, 9.3902636 60.2320004, 9.3950808 60.2314731, 9.4024944 60.2306581, 9.4068664 60.2301786, 9.4123489 60.2297018, 9.4177321 60.2292277, 9.4236624 60.228711, 9.4269133 60.228426, 9.4360757 60.2276269, 9.4433498 60.2269902, 9.4468528 60.2266812, 9.4520616 60.2262257, 9.4600868 60.2252188, 9.4648665 60.2246034, 9.4721407 60.2236723, 9.4763249 60.2231328, 9.4809598 60.2225414, 9.4897628 60.2214251, 9.4942903 60.2208443, 9.4989306 60.220434, 9.5038229 60.2200077, 9.5100135 60.2194562, 9.516027 60.2189366, 9.5220619 60.2184144, 9.5239744 60.2182461, 9.5322436 60.2175164, 9.5366692 60.2171274, 9.54404 60.2170528, 9.5511049 60.2169755, 9.5561689 60.2169222, 9.561249 60.2165679, 9.5666027 60.2161628, 9.5712215 60.2156699, 9.5756417 60.2152009, 9.5795229 60.2147798, 9.5837045 60.2157831, 9.5916974 60.217695, 9.598977 60.2194136, 9.6094644 60.2207644, 9.6274728 60.2232234, 9.6342427 60.2237482, 9.6389982 60.2232914, 9.6446121 60.2227439, 9.6535921 60.2218594, 9.6589029 60.2213585, 9.6653187 60.2207404, 9.6692911 60.2203501, 9.6755701 60.2197413, 9.6789497 60.2194162, 9.6860093 60.2187075, 9.6943805 60.2178628, 9.7025987 60.2170422, 9.7059917 60.2167011, 9.7134429 60.2159576, 9.7247377 60.2148131, 9.7291043 60.2144761, 9.7352439 60.2140017, 9.7411635 60.2135367, 9.7448462 60.2132529, 9.7528446 60.212624, 9.7576189 60.2122562, 9.7661108 60.2116033, 9.7703916 60.2112621, 9.7755736 60.2108491, 9.781968 60.210356, 9.7885716 60.2098283, 9.7966129 60.209194, 9.8029429 60.2086929, 9.8080766 60.2082878, 9.8143369 60.2083864, 9.8205864 60.2084904, 9.8290193 60.2086316, 9.837023 60.2087596, 9.8404294 60.2088155, 9.8488623 60.2089488, 9.8582125 60.2091034, 9.861474 60.2091487, 9.8695904 60.209274, 9.8735708 60.2093459, 9.8827922 60.2094872, 9.8879796 60.2095671, 9.8925179 60.2096417, 9.9008703 60.209767, 9.9060309 60.2098443, 9.9118352 60.2099323, 9.9172747 60.2100175, 9.9241143 60.2101215, 9.9282879 60.2101828, 9.9339795 60.2102681, 9.9403632 60.2095325, 9.9456203 60.2088662, 9.9529105 60.2079413, 9.9595088 60.2071124, 9.9637949 60.2065633, 9.9706566 60.205695, 9.9766159 60.2055344, 9.9832356 60.2053665, 9.9896997 60.2050573, 9.9957937 60.2047668, 10.0030839 60.2044389, 10.0114134 60.2040501, 10.0186193 60.204063, 10.0250195 60.2040793, 10.0322986 60.2040923, 10.0386715 60.204103, 10.0437999 60.2041083, 10.0491106 60.2037032, 10.0548559 60.2032393, 10.060392 60.2027888, 10.0655687 60.2023688, 10.0723654 60.2018265, 10.0765711 60.2014852, 10.0815815 60.2010347, 10.0886679 60.2004002, 10.0949017 60.1998323, 10.100534 60.1996911, 10.1067683 60.1995221, 10.1162302 60.1989712, 10.1218343 60.1984367, 10.1255807 60.1974544, 10.1324136 60.1956709, 10.1392623 60.1938905, 10.1457459 60.1921845, 10.1529282 60.1903214, 10.156045 60.1882253, 10.1608568 60.1849981, 10.1641345 60.1828083, 10.1671976 60.1807383, 10.1703572 60.1797593, 10.1751852 60.1783161, 10.178206751916456 60.17741623348882, 10.185785300000015 60.17500799701157)"
relation/3993780-420,NO64-420,420.0,1876.85,6799.12,Al/St 240/40 4-bundle 380.0,"LINESTRING (7.301919374829291 60.86300925163511, 7.306636756582822 60.85840036674697, 7.3078394 60.8573219, 7.3110902 60.8544377, 7.3143281 60.8509677, 7.3200456 60.846779, 7.3236743 60.8428016, 7.3265022 60.8407576, 7.3289269 60.8390011, 7.3327571 60.8362276, 7.3373611 60.8328847, 7.3393499 60.8298665, 7.3409168 60.8274883, 7.3421462 60.8256224, 7.3447976 60.8215976, 7.3513904 60.8188861, 7.3574566 60.8163873, 7.35929575182185 60.8151302333338, 7.364282378430779 60.81093654064101)"
NO64-420,way/37907251-420,420.0,1876.85,12464.71,Al/St 240/40 4-bundle 380.0,"LINESTRING (7.364282378430779 60.81093654064101, 7.381243500104396 60.801394399655926, 7.3835583 60.8002326, 7.3931371 60.7975817, 7.3968203 60.7954602, 7.4006626 60.7932762, 7.4046945 60.7909788, 7.4111401 60.790547, 7.4167183 60.7901755, 7.4210125 60.7898902, 7.4303198 60.7908562, 7.4376422 60.7916153, 7.4430388 60.7948115, 7.4494479 60.7985977, 7.4595129 60.7974707, 7.4651992 60.7968269, 7.4743241 60.7958009, 7.4789858 60.7952748, 7.4851546 60.7945731, 7.4914074 60.7938713, 7.4980402 60.7938194, 7.5021923 60.7937854, 7.5080931 60.7937356, 7.5137257 60.793699, 7.5178349 60.7931231, 7.5230813 60.7924164, 7.5304627 60.7914007, 7.5361276 60.7908509, 7.5400436 60.7904635, 7.5503647 60.789432, 7.555948130763328 60.78900424172936, 7.56580449010137 60.788815549054604)"
NO78-300,way/113442999-300,300.0,1005.455,2112.7,Al/St 240/40 3-bundle 300.0,"LINESTRING (10.811297459917274 59.92182039330386, 10.832737625889157 59.92534529765502, 10.8359286 59.9267618, 10.837682616987179 59.9275384315781, 10.844127598485267 59.930377758754105)"
NO78-300,way/113442999-300,300.0,1005.455,2103.87,Al/St 240/40 3-bundle 300.0,"LINESTRING (10.811297459917274 59.92182039330386, 10.832597594890926 59.92555260918201, 10.8356604 59.9269124, 10.837418004459474 59.927689372126906, 10.844127598485267 59.930377758754105)"
way/355844786-300,way/51854396-300,300.0,1005.455,32159.13,Al/St 240/40 3-bundle 300.0,"LINESTRING (10.105102092528726 59.57656291232156, 10.111499977529977 59.572187613687774, 10.1141153 59.5698243, 10.1183096 59.5659771, 10.1211635 59.5630525, 10.1238839 59.5602135, 10.1272354 59.5567115, 10.1295984 59.554242, 10.1331577 59.5511451, 10.1377919 59.5471296, 10.1402353 59.5450139, 10.1439288 59.5418577, 10.1473345 59.5389439, 10.1498477 59.5368039, 10.1541895 59.5330927, 10.1592401 59.5287697, 10.1616615 59.5266974, 10.1644617 59.5244767, 10.1691891 59.5207247, 10.1728919 59.5177815, 10.1769716 59.5145394, 10.180785 59.5115027, 10.1855466 59.5077204, 10.1881845 59.5058333, 10.1913603 59.5035585, 10.1959173 59.5002984, 10.1996134 59.4976514, 10.2020656 59.4958965, 10.204025 59.4944942, 10.2067119 59.491628, 10.2096456 59.4885004, 10.2132444 59.4846607, 10.2164201 59.4812781, 10.2183896 59.4791699, 10.2210322 59.4763525, 10.2239934 59.4731898, 10.2280723 59.4688448, 10.2308082 59.4659255, 10.2334012 59.4631624, 10.2373642 59.4589354, 10.2405091 59.4555727, 10.2422284 59.4532618, 10.2454685 59.4489637, 10.2473869 59.4459955, 10.2489325 59.4435956, 10.2507457 59.4407858, 10.2536318 59.4363235, 10.256208 59.4323311, 10.2591082 59.4282599, 10.2608885 59.4258622, 10.2637122 59.4220269, 10.266789 59.4178347, 10.2670743 59.417446, 10.2691913 59.4145801, 10.2705223 59.4127578, 10.273578 59.4105699, 10.2755527 59.409154, 10.27586 59.4089336, 10.2772225 59.4079566, 10.2811271 59.405149, 10.2835733 59.4033944, 10.2883523 59.3999566, 10.2918512 59.3971342, 10.2953622 59.3942622, 10.2993601 59.3909962, 10.3041572 59.3876173, 10.3087398 59.3843754, 10.310137 59.3833849, 10.3112691 59.3825824, 10.3160548 59.3791937, 10.3219986 59.3749883, 10.3256015 59.3724345, 10.3308774 59.3686912, 10.3333182 59.3666074, 10.3370766 59.3634064, 10.3401759 59.3607854, 10.3438868 59.3576201, 10.3465636 59.3553329, 10.3479195 59.3532401, 10.3504367 59.3493326, 10.3522801 59.3464518, 10.3542763 59.3436582, 10.3567433 59.3402129, 10.3591204 59.336897, 10.3611293 59.334094, 10.3645109 59.3314578, 10.366485 59.3301734, 10.370718924293193 59.329961504483975, 10.380885419030704 59.32956067382083)"
relation/8846883-300,relation/8846916-300,300.0,1005.455,9598.08,Al/St 240/40 3-bundle 300.0,"LINESTRING (5.396100401424387 59.93084395594044, 5.404510162217299 59.933215564039166, 5.4148489 59.9363141, 5.4178959 59.9372278, 5.4217368 59.938378, 5.4288769 59.9378513, 5.4354697 59.9348683, 5.439654 59.9329762, 5.4467753 59.9297603, 5.4510587 59.9272726, 5.4552805 59.9247967, 5.4588479 59.9227213, 5.4647165 59.9192933, 5.4716957 59.9152115, 5.4777306 59.9116752, 5.4849404 59.9074661, 5.4872739 59.9060997, 5.4904443 59.9032753, 5.4947305 59.8994525, 5.4993653 59.8930946, 5.5015869 59.8900606, 5.5026953 59.8885436, 5.5033184067423155 59.8882163628753, 5.509854259280807 59.88481605203459)"
relation/7802012-300,way/307323708-300,300.0,1005.455,27434.15,Al/St 240/40 3-bundle 300.0,"LINESTRING (6.012479163845273 60.88824812532687, 6.006264229227517 60.884326789256384, 6.0058147 60.8838006, 6.0040203 60.8816888, 6.0000801 60.8770342, 6.0005897 60.8739663, 6.0010511 60.8712481, 6.0027838 60.8609111, 6.0071772 60.8566035, 6.0099721 60.853889, 6.0151005 60.8489559, 6.0221922 60.8420697, 6.0235736 60.8397343, 6.0250032 60.8373151, 6.0261887 60.8355453, 6.0274064 60.8337572, 6.0291231 60.8311245, 6.0300511 60.829723, 6.0308397 60.8285072, 6.0335219 60.8248882, 6.0364294 60.8209549, 6.038543 60.8181014, 6.0417777 60.8137174, 6.045388 60.8088644, 6.0479897 60.805336, 6.0497171 60.802998, 6.0552853 60.7956464, 6.0603172 60.7890079, 6.0586059 60.7802181, 6.0569107 60.7713579, 6.0563207 60.7648322, 6.0561597 60.7629222, 6.0558808 60.7597963, 6.0556984 60.757692, 6.0556447 60.756953, 6.0555536 60.75591, 6.0554302 60.7544634, 6.0553229 60.7524663, 6.0552317 60.7505214, 6.0550332 60.7465685, 6.0548401 60.743302, 6.0609233 60.7397206, 6.0631549 60.7384148, 6.0668242 60.7362331, 6.0720706 60.7331492, 6.0745382 60.7317067, 6.0791141 60.7290105, 6.0815442 60.7275836, 6.0889135 60.7232403, 6.0942739 60.7131933, 6.0969078 60.7080941, 6.0987157 60.7043748, 6.1018914 60.6982372, 6.1046085 60.6921077, 6.1121052 60.682699, 6.1133337 60.6799094, 6.1138916 60.6760686, 6.1139882 60.670438, 6.1137374 60.667966, 6.113573794102396 60.66606938560425, 6.111216358108371 60.656383795079606)"
way/37907251-420,relation/7812776-420,420.0,1876.85,47110.32,Al/St 240/40 4-bundle 380.0,"LINESTRING (7.56580449010137 60.788815549054604, 7.564828733339774 60.783541294495855, 7.5647842 60.7833553, 7.5684857 60.7790895, 7.5715542 60.7755539, 7.5738951 60.7728457, 7.5758457 60.7694325, 7.5775248 60.7664958, 7.578941 60.763986, 7.5773477 60.7605955, 7.5760388 60.757886, 7.5742739 60.7541934, 7.5729147 60.7513387, 7.5717607 60.7486905, 7.5733352 60.7462566, 7.5754341 60.7429876, 7.577219 60.7402188, 7.578485 60.7382548, 7.5807052 60.734818, 7.5831896 60.7309566, 7.5853139 60.7276571, 7.586655 60.7255671, 7.5887257 60.7223372, 7.5908285 60.7190656, 7.5935356 60.7148668, 7.5952595 60.7121856, 7.5973785 60.7088841, 7.5995269 60.7055612, 7.6022628 60.702873, 7.6068591 60.7007648, 7.6106098 60.6990445, 7.6152433 60.6969206, 7.6184955 60.6967959, 7.6239606 60.6965889, 7.6312293 60.6980482, 7.6361552 60.7002075, 7.639634 60.7017341, 7.6505935 60.7031568, 7.6631704 60.7047922, 7.6709354 60.7058027, 7.6768792 60.7075324, 7.6816166 60.7089103, 7.6898986 60.7113245, 7.6944852 60.7126658, 7.6981786 60.7137391, 7.7014402 60.7142823, 7.7055064 60.7149606, 7.7115333 60.7171083, 7.7185734 60.7196143, 7.7249283 60.7218781, 7.7288872 60.7232869, 7.7328461 60.7246982, 7.7371216 60.7250523, 7.7423056 60.7254773, 7.7503288 60.7261436, 7.7586114 60.7268256, 7.7664717 60.7274708, 7.7718937 60.7279246, 7.7784893 60.7284649, 7.7845538 60.7275469, 7.7900469 60.7267128, 7.7957654 60.7258367, 7.8004217 60.7251284, 7.8079319 60.7239794, 7.8148842 60.7229196, 7.8221154 60.7218125, 7.8290355 60.7207579, 7.8353079 60.7198009, 7.8405006 60.7182145, 7.8446674 60.7169482, 7.8518772 60.7147441, 7.8572631 60.7130804, 7.862134 60.7116003, 7.8670478 60.7101045, 7.8730881 60.7077844, 7.8789568 60.7055271, 7.8841925 60.7035217, 7.8889936 60.7016737, 7.894122 60.6997048, 7.9002535 60.697342, 7.9054999 60.6967118, 7.9117924 60.6959662, 7.9174089 60.6952993, 7.9225373 60.6937029, 7.9257721 60.6927077, 7.933808 60.6929335, 7.9416186 60.6931541, 7.9477447 60.69333, 7.9535705 60.6935007, 7.9602499 60.6936855, 7.9654654 60.6924956, 7.9706186 60.6913186, 7.9782602 60.6895775, 7.9827191 60.6885538, 7.9881603 60.6873111, 7.9946351 60.6858298, 8.0019522 60.6841542, 8.0096226 60.6823992, 8.0135541 60.6814996, 8.0173266 60.6794733, 8.0216342 60.6771589, 8.0266499 60.674466, 8.0307651 60.6722498, 8.0353242 60.669789, 8.0382854 60.6682044, 8.0433521 60.6669286, 8.0469382 60.6660232, 8.0511922 60.6649536, 8.0600703 60.6627118, 8.0647856 60.6615159, 8.0713892 60.6582486, 8.0753079 60.6563066, 8.0809057 60.6535324, 8.0861682 60.650927, 8.0899474 60.6490496, 8.09466 60.6467172, 8.0988818 60.6446266, 8.1042872 60.6419366, 8.108739 60.639729, 8.1156296 60.6384658, 8.126176 60.638817, 8.1294718 60.6389202, 8.1365722 60.6391589, 8.1411166 60.6393055, 8.1468575 60.6394946, 8.152585 60.639009, 8.1617045 60.6382409, 8.1684349 60.6376672, 8.1749761 60.6371112, 8.1766766 60.6360656, 8.1791905 60.6345008, 8.1798899 60.6325116, 8.18040773377823 60.63104340940105, 8.183680269382291 60.62602992000319)"
way/287685850-300,relation/8520950-300,300.0,1005.455,9241.71,Al/St 240/40 3-bundle 300.0,"LINESTRING (10.418888335657394 63.32663045437207, 10.431777999707771 63.329182445189154, 10.4331306 63.3320035, 10.4367931 63.3373161, 10.4378499 63.3388296, 10.4416989 63.3443473, 10.4445943 63.3481104, 10.4472417 63.3515555, 10.4491045 63.3532005, 10.4510249 63.3548936, 10.4535549 63.3567872, 10.4573885 63.3596597, 10.4602316 63.361784, 10.4628789 63.3683879, 10.4639035 63.371153, 10.4645466 63.3728739, 10.4654431 63.375297, 10.4667266 63.3786853, 10.4675473 63.381597, 10.46801 63.3834062, 10.4673596 63.3842305, 10.4654136 63.386728, 10.4645278 63.3878776, 10.4611757 63.3921488, 10.4606869 63.392778, 10.459530540689718 63.39346862184157, 10.44000163740998 63.392051610466055)"
way/51854396-420,way/51855380-420,420.0,1876.85,5964.16,Al/St 240/40 4-bundle 380.0,"LINESTRING (10.38125934288526 59.329750485236865, 10.39157116227661 59.330190698837875, 10.3946442 59.3304717, 10.4008156 59.3302131, 10.4078752 59.3299102, 10.415953 59.3295601, 10.4231782 59.3292424, 10.4288612 59.3305206, 10.4322139 59.3312768, 10.4394901 59.3329158, 10.4462171 59.3344268, 10.453347 59.3360301, 10.4597314 59.337464, 10.4648618 59.3386154, 10.4694939 59.3396583, 10.471619622566742 59.340515583130994, 10.479205015367151 59.34317510643462)"
NO6-420,NO4-420,420.0,1876.85,27529.36,Al/St 240/40 4-bundle 380.0,"LINESTRING (16.71837779999998 68.06717219794426, 16.72811230365296 68.06979652030714, 16.7288196 68.0699872, 16.7331326 68.0702357, 16.7375904 68.0705021, 16.7443979 68.0709048, 16.7483139 68.0711152, 16.7541879 68.0714337, 16.7601478 68.0720086, 16.7649436 68.0727098, 16.7700076 68.0735892, 16.7741758 68.0743003, 16.7793846 68.0751937, 16.7847544 68.076121, 16.7896897 68.0769623, 16.7945927 68.0778075, 16.7990828 68.0785725, 16.8044257 68.0794857, 16.80942 68.0803709, 16.8162006 68.0815844, 16.8220586 68.0826297, 16.8279433 68.0836749, 16.8325567 68.0844938, 16.8380767 68.0855529, 16.8413651 68.0861976, 16.845324 68.0873308, 16.8491113 68.0884218, 16.8566108 68.0905697, 16.8632573 68.092219, 16.8677634 68.0933219, 16.8713629 68.0942625, 16.8791628 68.0962858, 16.885651 68.0979597, 16.8944031 68.1002278, 16.9001108 68.1011262, 16.9053519 68.1018964, 16.9134414 68.1017284, 16.9170302 68.1015623, 16.9239074 68.1012562, 16.9277912 68.1010821, 16.9377208 68.1000657, 16.9414115 68.0996796, 16.9462234 68.0991853, 16.9542861 68.0983609, 16.9677883 68.0982549, 16.9740862 68.0981208, 16.9820255 68.0979507, 16.9885325 68.0978127, 16.9967025 68.0976446, 17.0036817 68.0982649, 17.0093465 68.0987751, 17.0217222 68.0998816, 17.0288837 68.1005219, 17.0330197 68.1008841, 17.0387703 68.1010301, 17.0478415 68.1012722, 17.0533884 68.100832, 17.0603782 68.1002818, 17.0703614 68.0994915, 17.0762086 68.0990373, 17.0842123 68.098406, 17.0900702 68.0979467, 17.0979023 68.0973284, 17.1057719 68.096704, 17.1160287 68.0972824, 17.1243274 68.0977206, 17.1334791 68.0975605, 17.1443206 68.0972223, 17.1509457 68.0970262, 17.1588904 68.0967801, 17.1646571 68.096596, 17.1717811 68.0963779, 17.175335 68.0962618, 17.1791518 68.0976606, 17.1891618 68.1013062, 17.1943545 68.1032029, 17.1974283 68.1043212, 17.2043914 68.1068576, 17.212379 68.1097698, 17.2167993 68.1113738, 17.2233117 68.1137335, 17.2232151 68.1172887, 17.2231561 68.121325, 17.2231024 68.1233179, 17.2260261 68.1247471, 17.2335416 68.1269395, 17.2386539 68.1284284, 17.2432458 68.1297693, 17.2471458 68.1309103, 17.2510457 68.1320492, 17.2569841 68.1337755, 17.2621608 68.1352819, 17.2659856 68.1364086, 17.2709638 68.1365045, 17.2773743 68.1366523, 17.279528649725265 68.13669821724233, 17.291420900000023 68.13695389795046)"
NO5-420,way/572898626-420,420.0,1876.85,10373.41,Al/St 240/40 4-bundle 380.0,"LINESTRING (17.464795251749617 68.0818186291142, 17.464595822949146 68.0862543849213, 17.4646112 68.0872297, 17.4674946 68.0889753, 17.4703914 68.0907198, 17.472918 68.0922441, 17.4765953 68.0944697, 17.4812624 68.0972874, 17.485798 68.1000357, 17.4886519 68.1017744, 17.48914 68.1034649, 17.4898159 68.1059115, 17.4905831 68.1085648, 17.4914601 68.1116598, 17.4920207 68.1135775, 17.492702 68.115997, 17.4935603 68.119034, 17.4941021 68.1209052, 17.4947458 68.12321, 17.4953681 68.1253387, 17.4959877 68.1275511, 17.49672 68.130115, 17.4972886 68.1320692, 17.5008613 68.1328824, 17.5064349 68.1341531, 17.5181133 68.1368241, 17.5247222 68.1383323, 17.5309288 68.1397525, 17.5456676 68.1431199, 17.5516355 68.1444909, 17.554948 68.1452517, 17.5593978 68.1461872, 17.561034 68.1474313, 17.56392 68.1496495, 17.56598 68.1511599, 17.5645477 68.1531253, 17.564094870760744 68.15374193286274, 17.558935370088122 68.15869657907447)"
NO14-420,relation/8293948-420,420.0,1876.85,2249.1,Al/St 240/40 4-bundle 380.0,"LINESTRING (15.990320913784279 67.62269397550581, 15.999864279247992 67.61699294550695, 15.998442001990062 67.60800354125543, 15.999219899999947 67.6034983979019)"
NO14-420,relation/8293948-420,420.0,1876.85,2278.76,Al/St 240/40 4-bundle 380.0,"LINESTRING (15.990320913784279 67.62269397550581, 16.00114211402654 67.6169634086316, 15.999783759380934 67.60801249544278, 15.999219899999947 67.6034983979019)"
NO14-420,relation/8293948-420,420.0,1876.85,2228.93,Al/St 240/40 4-bundle 380.0,"LINESTRING (15.990320913784279 67.62269397550581, 15.998818609681098 67.61705619822591, 15.997731812056406 67.6079745935792, 15.999219899999947 67.6034983979019)"
relation/8294222-420,NO14-420,420.0,1876.85,35167.82,Al/St 240/40 4-bundle 380.0,"LINESTRING (15.707444381570049 67.32420494410522, 15.712762029247418 67.32894148583867, 15.7130831 67.3292376, 15.7153952 67.3313641, 15.7163447 67.3327585, 15.7196867 67.3376989, 15.7204968 67.3397802, 15.7224226 67.3447213, 15.7238227 67.3483349, 15.7258183 67.3534704, 15.7268724 67.3561255, 15.7277655 67.3584458, 15.7231387 67.3639549, 15.7241499 67.3678299, 15.7250619 67.3713286, 15.7255447 67.37315, 15.7260463 67.37506, 15.7240856 67.3785082, 15.7223529 67.3815577, 15.7203197 67.3851225, 15.7240105 67.3938538, 15.7246971 67.3955312, 15.7284951 67.4005926, 15.732733 67.404639, 15.7368261 67.4071245, 15.7411122 67.4097129, 15.746364 67.4128902, 15.7524365 67.416576, 15.7633316 67.4231509, 15.7667166 67.4251877, 15.7683742 67.4267383, 15.7707024 67.428921, 15.7732129 67.431262, 15.7765442 67.4343541, 15.7799238 67.4375076, 15.7825041 67.439926, 15.7833356 67.443268, 15.7836574 67.4458031, 15.7847625 67.4544104, 15.7852828 67.4585627, 15.7928735 67.4620461, 15.7995737 67.4649636, 15.8041388 67.4669495, 15.8094817 67.4692724, 15.8154041 67.471852, 15.8195347 67.4736482, 15.8242661 67.4757074, 15.8293623 67.4779267, 15.8335411 67.4800183, 15.8401018 67.4833096, 15.8442914 67.485255, 15.8525741 67.4890733, 15.8575416 67.4913735, 15.8635443 67.4941375, 15.8705985 67.4973857, 15.8745789 67.4992273, 15.8781034 67.5008408, 15.883559 67.5033718, 15.8895725 67.5061344, 15.8941805 67.5082626, 15.8983004 67.5094302, 15.9039009 67.5110185, 15.9109819 67.5130252, 15.9148818 67.5141249, 15.9217966 67.5160759, 15.9252083 67.5170442, 15.9280354 67.5201211, 15.9316644 67.524061, 15.933947 67.5265362, 15.9360123 67.528884, 15.9398156 67.5304976, 15.9437263 67.5321193, 15.9508502 67.5350712, 15.9578776 67.537988, 15.9622657 67.5397977, 15.9729624 67.544222, 15.9808534 67.547492, 15.9877413 67.5572729, 15.9900051 67.5605002, 15.9917271 67.5628364, 15.9939372 67.5658275, 15.9957558 67.5678214, 16.0020375 67.571213, 16.0067207 67.5737365, 16.0065973 67.5771048, 16.0064417 67.5816858, 16.0062271 67.5876322, 16.0061306 67.5903298, 16.004312 67.5956954, 16.0037434 67.5973801, 16.002424071002288 67.59916457012417, 15.999219899999947 67.6034983979019)"
relation/10220813-420,NO68-420,420.0,1876.85,12434.3,Al/St 240/40 4-bundle 380.0,"LINESTRING (7.046404500000005 60.57967169707794, 7.05519559819319 60.58080305050849, 7.0625849 60.581754, 7.0782933 60.5800313, 7.0837167 60.5787928, 7.0920248 60.5768856, 7.1008067 60.5748656, 7.1058971 60.5729775, 7.1085244 60.5716166, 7.1115785 60.5700142, 7.1116278 60.5685313, 7.1117431 60.5657278, 7.1118531 60.5630691, 7.111953 60.5607714, 7.1129233 60.5590773, 7.11455 60.5563086, 7.1157745 60.5542095, 7.1186605 60.5511028, 7.1203851 60.5500214, 7.1251058 60.5478586, 7.1280026 60.5454859, 7.1337681 60.5407806, 7.1366145 60.5384553, 7.1374118 60.5378029, 7.1374212 60.5356466, 7.1374226 60.532864, 7.1374279 60.5314244, 7.1374547 60.5256735, 7.1374655 60.5240053, 7.1356416 60.5214936, 7.1333885 60.518397, 7.1318255 60.5162172, 7.1322289 60.515385, 7.1342161 60.5114823, 7.134695684680994 60.5105234749508, 7.1446578037500315 60.49908465691788)"
way/254428135-420,relation/8488332-420,420.0,1876.85,60535.46,Al/St 240/40 4-bundle 380.0,"LINESTRING (11.776470045121782 64.47813375524161, 11.780625666832664 64.48375827114334, 11.7823407 64.4859826, 11.7836764 64.4890001, 11.7850953 64.4921848, 11.7868307 64.4950595, 11.7890999 64.4988197, 11.8001345 64.5007574, 11.8089402 64.5023034, 11.8164933 64.5036289, 11.8225282 64.5046888, 11.8286973 64.5057671, 11.8361324 64.5070693, 11.8401262 64.5077695, 11.8432939 64.508398, 11.8542588 64.5105889, 11.8628177 64.5122995, 11.8664628 64.5130301, 11.8703493 64.5139569, 11.8749681 64.5150637, 11.8805578 64.5164035, 11.8873787 64.518041, 11.8931535 64.5194188, 11.9015515 64.5212869, 11.9095096 64.5230511, 11.9147158 64.5242025, 11.9198844 64.5253469, 11.9268206 64.5268835, 11.9338654 64.5284414, 11.9393223 64.5295586, 11.9451427 64.5307501, 11.9479591 64.531321, 11.9507566 64.5324859, 11.9551058 64.5343116, 11.9614184 64.5369479, 11.9645941 64.5382624, 11.9731517 64.5414858, 11.9793248 64.5438083, 11.9823624 64.5449514, 11.9889539 64.5474304, 11.9938865 64.5492758, 12.0013189 64.5520651, 12.003513 64.5528753, 12.0097277 64.5546835, 12.0136625 64.555822, 12.0165861 64.5566673, 12.0214704 64.5565618, 12.0256171 64.5564696, 12.0289966 64.5563936, 12.0332265 64.5563002, 12.043215 64.5572866, 12.048735 64.557834, 12.0583051 64.5587788, 12.0649999 64.5594367, 12.0731109 64.5600751, 12.0814446 64.5607272, 12.0903978 64.5614277, 12.1006411 64.5623355, 12.111032 64.5627768, 12.1162033 64.5629922, 12.122882 64.5632745, 12.129373 64.5637618, 12.1351343 64.5641984, 12.1532956 64.5649564, 12.1565706 64.5641016, 12.1631876 64.5623724, 12.169075 64.5608585, 12.1742409 64.5595266, 12.1908894 64.5589286, 12.1999741 64.5585553, 12.2065803 64.5588652, 12.2121432 64.5589125, 12.2180656 64.558954, 12.2271609 64.5590196, 12.2355536 64.5590796, 12.2419667 64.5591153, 12.2465211 64.5589528, 12.2549513 64.5586544, 12.259165 64.5586601, 12.2699636 64.5586924, 12.2777528 64.5587201, 12.2925907 64.5587558, 12.2954822 64.5594517, 12.3044434 64.5616212, 12.3115084 64.5633378, 12.3154324 64.564294, 12.3188496 64.5651211, 12.3234764 64.5662443, 12.3294389 64.5676922, 12.3398915 64.5702331, 12.350387 64.5727841, 12.3549467 64.5738931, 12.3731509 64.5770575, 12.3765761 64.5776494, 12.3808756 64.578232, 12.3852181 64.5788215, 12.3972827 64.5804426, 12.404294 64.581374, 12.4124908 64.5839286, 12.4193761 64.5860755, 12.4266663 64.5883637, 12.4349731 64.5909752, 12.4421829 64.59324, 12.4495804 64.5955622, 12.4561787 64.5976425, 12.4631363 64.6002128, 12.4697426 64.6026656, 12.4771321 64.6054125, 12.4833709 64.6078556, 12.4901408 64.6105123, 12.4955267 64.6126249, 12.4989572 64.6139668, 12.50507 64.6163539, 12.512092 64.6190995, 12.5167268 64.6208125, 12.5227672 64.6230473, 12.5286117 64.6252129, 12.5339064 64.6271726, 12.5398421 64.6296033, 12.5447452 64.6316225, 12.548562 64.6321189, 12.5510752 64.6324487, 12.5607794 64.6337127, 12.5704944 64.6349835, 12.5752258 64.636213, 12.5843292 64.6385751, 12.5913352 64.6403949, 12.5975928 64.6420169, 12.609762 64.6451711, 12.6155072 64.6461164, 12.6217782 64.6471512, 12.6300234 64.6485156, 12.6380619 64.6498374, 12.6452985 64.6510271, 12.653718 64.6524131, 12.6567408 64.6529091, 12.6632506 64.6543042, 12.6724291 64.6562584, 12.6799232 64.6578531, 12.6850033 64.6589288, 12.689909 64.6599746, 12.6956919 64.6612075, 12.7034596 64.6628524, 12.7127695 64.6648185, 12.7194267 64.6662256, 12.7245632 64.667324, 12.733444 64.669221, 12.741099 64.6708608, 12.7472171 64.6723146, 12.7526137 64.6736066, 12.7605236 64.6754951, 12.7642009 64.6763705, 12.769458 64.6776221, 12.7742323 64.6787039, 12.7812517 64.6802927, 12.7933534 64.6830342, 12.8022373 64.6849931, 12.8091897 64.6865173, 12.8160506 64.6880184, 12.8261116 64.6902316, 12.8328037 64.6923185, 12.8388387 64.6942034, 12.8418404 64.6951403, 12.8414914 64.6968758, 12.841156384276191 64.698510272291, 12.837168556700854 64.70471006626043)"
relation/8857363-300,way/430780474-300,300.0,1005.455,9644.41,Al/St 240/40 3-bundle 300.0,"LINESTRING (6.816080776838289 59.6496237133601, 6.83065687868279 59.652311021908915, 6.8404403 59.6533562, 6.849364 59.6543129, 6.860109 59.6554553, 6.8631935 59.6557737, 6.8758616 59.6549756, 6.8810946 59.6548794, 6.8912387 59.6546815, 6.8944439 59.6546205, 6.8984887 59.6544105, 6.9078952 59.6536218, 6.9155395 59.6543292, 6.9212928 59.6548658, 6.9301549 59.6559146, 6.9348997 59.6562859, 6.94267 59.6568902, 6.951976 59.6576138, 6.9571486 59.6580162, 6.9642457 59.6581707, 6.9706428 59.6584633, 6.974364213670886 59.658728230063744, 6.983920220821873 59.65813140177048)"
way/187555858-300,way/749676336-300,300.0,1005.455,4836.15,Al/St 240/40 3-bundle 300.0,"LINESTRING (10.498793466950904 59.897017772856586, 10.510063644374865 59.90035323612852, 10.5123992 59.9011205, 10.5155911 59.9021592, 10.5184945 59.9031065, 10.5217742 59.9039871, 10.5250888 59.9048788, 10.5281686 59.9057107, 10.5311666 59.9076174, 10.5337255 59.909253, 10.5360845 59.9107608, 10.5397625 59.9123146, 10.5431333 59.9137399, 10.5467778 59.9152811, 10.5497316 59.917719, 10.5522488 59.9197968, 10.5548774 59.9219658, 10.554942804830683 59.922019971868075, 10.558026444673699 59.9267164711536)"
way/350332649-420,NO72-420,420.0,1876.85,25996.8,Al/St 240/40 4-bundle 380.0,"LINESTRING (5.8416195062549585 60.39777517896661, 5.844073002123402 60.39250703641005, 5.8485863 60.3863471, 5.8501849 60.3841581, 5.8535403 60.3826119, 5.8573812 60.3808316, 5.8629656 60.3788067, 5.8687403 60.3778395, 5.8722608 60.3773185, 5.8776506 60.3765217, 5.8881542 60.3749784, 5.8973113 60.3743566, 5.9031773 60.3739522, 5.9084988 60.3735875, 5.911653 60.3733701, 5.9189245 60.3729272, 5.92828 60.3723378, 5.9312653 60.3719274, 5.9367156 60.3711663, 5.9465781 60.3691441, 5.950199 60.367672, 5.9562367 60.3652185, 5.9628457 60.362534, 5.9689598 60.3600543, 5.979529 60.3569296, 5.9825841 60.3570238, 5.9872645 60.357171, 5.9954318 60.3574178, 6.0022125 60.3576234, 6.0057744 60.3577322, 6.0114795 60.3585241, 6.01675 60.3592617, 6.0225356 60.3600655, 6.0262799 60.3605935, 6.0302389 60.36114, 6.0346135 60.3617448, 6.0456548 60.3641495, 6.0487086 60.3646761, 6.0537618 60.3655461, 6.0572192 60.3672642, 6.0656092 60.3714361, 6.0688788 60.3735968, 6.0716388 60.3754146, 6.0741064 60.3770427, 6.0767028 60.3785024, 6.083073 60.3821002, 6.0867195 60.3841648, 6.0906395 60.3863736, 6.0981068 60.3889289, 6.1021623 60.3903178, 6.1079076 60.3922791, 6.1166623 60.3952712, 6.1205462 60.3965989, 6.1251381 60.3981637, 6.1287859 60.3994157, 6.1318222 60.4003047, 6.1357731 60.4014573, 6.1428487 60.4035239, 6.1460942 60.4044644, 6.1493826 60.4054235, 6.1526334 60.4063666, 6.1555517 60.4063009, 6.1601974 60.4061963, 6.1730249 60.4059076, 6.1772373 60.4074806, 6.1820921 60.4093004, 6.1834761 60.4110725, 6.1848307 60.412822, 6.1895969 60.4189174, 6.1911808 60.4209392, 6.1929309 60.4219269, 6.1952376 60.4232323, 6.2047139 60.428591, 6.2061891 60.429421, 6.207389750311336 60.43010136714397, 6.213347899999986 60.433477697054336)"
way/265770276-300,relation/8196063-300,300.0,1005.455,2151.45,Al/St 240/40 3-bundle 300.0,"LINESTRING (9.804870054285397 61.57784018917, 9.81361265965102 61.580941595054924, 9.8140791 61.581075, 9.8194113 61.5826068, 9.8266042 61.582777, 9.832079608777866 61.5826577146649, 9.841908210717754 61.581659143573106)"
NO30-300,NO29-300,300.0,1005.455,3901.07,Al/St 240/40 3-bundle 300.0,"LINESTRING (8.477649044390407 62.714828304096024, 8.479276211871424 62.71946329513389, 8.495943954682902 62.74367599610697, 8.49948259256994 62.74843878426659)"
NO70-420,NO71-420,420.0,1876.85,25782.73,Al/St 240/40 4-bundle 380.0,"LINESTRING (6.246148699999998 60.445906897056304, 6.254865316857579 60.44710625993005, 6.2616384 60.4480382, 6.2668714 60.4477352, 6.2703529 60.4473847, 6.2745827 60.4468131, 6.2786946 60.4462668, 6.2842722 60.4455193, 6.2865481 60.4457349, 6.290499 60.446317, 6.2935433 60.4467642, 6.2992859 60.4474495, 6.3029739 60.4478953, 6.3071555 60.4480355, 6.3119566 60.4481943, 6.3148963 60.4482842, 6.320191 60.4484668, 6.3257593 60.4486441, 6.3302198 60.4487988, 6.3369857 60.4490112, 6.3415736 60.4488319, 6.3474637 60.4485911, 6.352745 60.4483808, 6.3569346 60.4482102, 6.3637447 60.447935, 6.3669607 60.447472, 6.3736877 60.4464956, 6.3765094 60.4460868, 6.3833731 60.4450853, 6.387839 60.4444357, 6.3941502 60.4435294, 6.3970444 60.4435106, 6.4035138 60.4434937, 6.4078215 60.4434805, 6.4146048 60.4434593, 6.417802 60.4439343, 6.4253175 60.445043, 6.4293247 60.445637, 6.4327821 60.4461404, 6.4459974 60.4501944, 6.451512 60.4519193, 6.4551665 60.4530344, 6.45899 60.454234, 6.4698261 60.4575802, 6.4739406 60.4587691, 6.4794284 60.4603547, 6.4832197 60.4615012, 6.4900231 60.4635891, 6.4934859 60.4646449, 6.4968735 60.4656769, 6.5044641 60.4679999, 6.5097468 60.4695982, 6.5145305 60.4710604, 6.520257 60.472804, 6.5249696 60.4741087, 6.5289822 60.4752111, 6.5339349 60.476585, 6.5359164 60.4782282, 6.538606 60.4804674, 6.5535271 60.4816859, 6.558111 60.4831263, 6.5627378 60.4845872, 6.5658398 60.4855716, 6.5685984 60.4870733, 6.570484 60.4880986, 6.5746522 60.4903672, 6.5796331 60.4930794, 6.583482 60.4951719, 6.5862273 60.4966633, 6.5972605 60.5026716, 6.6000956 60.5042207, 6.6036831 60.5061857, 6.6072893 60.5081506, 6.6111712 60.5085923, 6.61645 60.5091929, 6.6203167 60.5096329, 6.6237447 60.5100229, 6.6274139 60.5093416, 6.645602 60.5059454, 6.6510442 60.5056311, 6.654063006188527 60.50545432094532, 6.6630685 60.50492589706585)"
NO67-420,NO69-420,420.0,1876.85,20434.57,Al/St 240/40 4-bundle 380.0,"LINESTRING (6.7195397 60.50667459706621, 6.728384961482748 60.50765192981911, 6.730805 60.5082681, 6.7328623 60.5087897, 6.7342007 60.5105352, 6.7406058 60.5188207, 6.7436019 60.521161, 6.7476681 60.5222499, 6.7639706 60.5266132, 6.766811 60.5273786, 6.7736426 60.5287272, 6.7785028 60.5296853, 6.7827433 60.5305245, 6.7882133 60.5316043, 6.8023878 60.5344024, 6.8061456 60.5351452, 6.8113625 60.5361822, 6.8138945 60.5392085, 6.8161382 60.541926, 6.8177421 60.5438564, 6.8214999 60.5484026, 6.823753 60.5504388, 6.82726 60.5536029, 6.8317527 60.557656, 6.8343464 60.5599909, 6.8357089 60.5612235, 6.8372512 60.5630203, 6.8392789 60.5653956, 6.8442464 60.5680331, 6.8486533 60.5703698, 6.8511397 60.571689, 6.8551013 60.5736091, 6.8634671 60.5776703, 6.8731338 60.5823672, 6.8817142 60.5874771, 6.8842113 60.5884275, 6.8938069 60.5920541, 6.8971074 60.5925019, 6.9082305 60.5940059, 6.9101322 60.5936714, 6.9145659 60.5928944, 6.9203889 60.5918724, 6.9293153 60.590313, 6.9340897 60.5894805, 6.9404089 60.5896123, 6.9436544 60.5896781, 6.9540721 60.5898862, 6.957956 60.5899705, 6.9622046 60.5900522, 6.9665766 60.5901404, 6.9720885 60.590255, 6.9759415 60.5903307, 6.9801311 60.5904144, 6.9830748 60.5900864, 6.9903785 60.5892665, 6.995502133557206 60.58869204977395, 7.004368899999994 60.5876943970792)"
relation/7802012-300,way/546262597-300,300.0,1005.455,38930.99,Al/St 240/40 3-bundle 300.0,"LINESTRING (6.012479163845273 60.88824812532687, 6.0217372677901775 60.88670189695479, 6.0326582 60.8849856, 6.0397607 60.8842548, 6.0463482 60.8835787, 6.0532308 60.8843252, 6.0578495 60.8848969, 6.0626829 60.8858783, 6.0698014 60.8873503, 6.0785615 60.8891563, 6.0859108 60.8910197, 6.0895157 60.8919174, 6.0913932 60.8929194, 6.0963499 60.8955758, 6.0980666 60.8966795, 6.1014247 60.8985059, 6.106081 60.9005017, 6.1092889 60.9014357, 6.1172604 60.9016913, 6.1243415 60.9011748, 6.1314654 60.9013835, 6.1343944 60.9012061, 6.1398232 60.9008617, 6.1429775 60.8997086, 6.1452949 60.898305, 6.1473977 60.8970161, 6.1505198 60.895127, 6.1547792 60.8923193, 6.1576545 60.8903307, 6.1606479 60.8888901, 6.1716556 60.8841034, 6.1773205 60.8820674, 6.1869228 60.8786685, 6.1932528 60.8767209, 6.1959672 60.8762248, 6.2017393 60.8762509, 6.2084234 60.8766895, 6.2115455 60.877102, 6.2162876 60.8777286, 6.2204397 60.8782873, 6.2246883 60.8788408, 6.2350631 60.879436, 6.2393117 60.8793577, 6.2424552 60.879201, 6.2478518 60.8789556, 6.2502444 60.8788512, 6.2531412 60.8790705, 6.2599754 60.8805585, 6.2628937 60.8811903, 6.2684297 60.8824015, 6.2749314 60.8844323, 6.2782252 60.885445, 6.2814224 60.8866352, 6.2853169 60.8879767, 6.2897265 60.8897723, 6.2970221 60.8926585, 6.3007343 60.8941459, 6.3076329 60.8971257, 6.3126647 60.8993329, 6.3160765 60.9007261, 6.3299382 60.9056668, 6.3373625 60.9088699, 6.3449478 60.9119682, 6.3501513 60.9136268, 6.3534665 60.9150141, 6.3606119 60.917945, 6.3656652 60.9191549, 6.3693988 60.9200309, 6.3747954 60.9210738, 6.3784325 60.9217829, 6.3836574 60.9227893, 6.3868332 60.9233941, 6.3898587 60.9239624, 6.3938069 60.924708, 6.3990319 60.9255787, 6.4014029 60.92622, 6.4053726 60.9276901, 6.4087522 60.9295304, 6.4140522 60.9340184, 6.4162624 60.9360459, 6.4180326 60.9377398, 6.4208436 60.9404393, 6.4244807 60.9419505, 6.4297485 60.944113, 6.4383423 60.9477237, 6.4418828 60.9492085, 6.4445543 60.9514017, 6.4474082 60.9537303, 6.4500797 60.9559336, 6.4530891 60.9581993, 6.4575147 60.9601211, 6.4612913 60.9615272, 6.4649928 60.9630166, 6.4678574 60.9652922, 6.471591 60.9682653, 6.4756894 60.9702282, 6.4791012 60.9718889, 6.4817727 60.9731852, 6.4850771 60.9763658, 6.4866221 60.9785051, 6.4880168 60.9804881, 6.4992714 60.9875501, 6.5147142 60.9909276, 6.518362 60.9916963, 6.5222472 60.9932191, 6.5263188 60.9948165, 6.5312755 60.9967641, 6.5368418 60.9983029, 6.5430987 61.0005353, 6.545738 61.0021009, 6.5508985 61.0051798, 6.5547448 61.0080673, 6.5645349 61.0155221, 6.565177990399641 61.01609607060408, 6.568989198760499 61.02070844338942)"
NO74-300,NO76-300,300.0,1005.455,13332.4,Al/St 240/40 3-bundle 300.0,"LINESTRING (6.218808900000004 60.250522997024234, 6.217202241969765 60.246104016966434, 6.216535 60.2442021, 6.2165518 60.2417007, 6.2165418 60.2396457, 6.2166792 60.238115, 6.2172948 60.2356001, 6.2190181 60.2276698, 6.2190717 60.2265427, 6.2192354 60.2219633, 6.2192675 60.2199384, 6.2192595 60.2165758, 6.2211263 60.2142469, 6.2243235 60.2100255, 6.2255949 60.2084717, 6.2295002 60.203242, 6.2312342 60.2006148, 6.2349223 60.1955385, 6.235916 60.1942606, 6.2380564 60.1915618, 6.2397529 60.189366, 6.2408607 60.1879379, 6.2415969 60.1870091, 6.242995 60.1821221, 6.2424687 60.178881, 6.2421615 60.1770556, 6.245466 60.1756683, 6.2447726 60.1694674, 6.2417693 60.1649677, 6.2400352 60.1623598, 6.2378915 60.1588226, 6.2403611 60.1539316, 6.2420898 60.1504852, 6.2435201 60.1476488, 6.2455505 60.1410587, 6.245715101155989 60.13906038311309, 6.245588099999998 60.134566797004844)"
NO77-300,relation/7805329-300,300.0,1005.455,4848.71,Al/St 240/40 3-bundle 300.0,"LINESTRING (6.257223500000008 60.114361597001455, 6.265999523008359 60.11344329452363, 6.272327 60.1127812, 6.2779623 60.1159012, 6.2796843 60.1168581, 6.2841636 60.1190229, 6.2858614 60.1195247, 6.2928808 60.1214415, 6.295166 60.1219118, 6.3053048 60.1239748, 6.31024 60.1249902, 6.3137269 60.1257009, 6.3229537 60.1283461, 6.323354677293571 60.12849089346288, 6.3310626541990045 60.13221886183165)"
NO76-300,NO77-300,300.0,1005.455,2336.42,Al/St 240/40 3-bundle 300.0,"LINESTRING (6.245588099999998 60.134566797004844, 6.248502149332621 60.13031122252844, 6.254941385858259 60.11871444709851, 6.257223500000008 60.114361597001455)"
NO76-300,NO77-300,300.0,1005.455,2338.44,Al/St 240/40 3-bundle 300.0,"LINESTRING (6.245588099999998 60.134566797004844, 6.247424328702121 60.13016611278436, 6.25408836343275 60.11857964462034, 6.257223500000008 60.114361597001455)"
NO73-300,NO74-300,300.0,1005.455,3136.0,Al/St 240/40 3-bundle 300.0,"LINESTRING (6.170076499999991 60.26485889702665, 6.177785458169088 60.26252259356852, 6.211292806942492 60.25300344607619, 6.218808900000004 60.250522997024234)"
NO74-300,NO73-300,300.0,1005.455,3152.66,Al/St 240/40 3-bundle 300.0,"LINESTRING (6.170076499999991 60.26485889702665, 6.1783433605085 60.26306794066442, 6.212291985314849 60.25363139967053, 6.218808900000004 60.250522997024234)"
relation/11512349-300,NO80-300,300.0,1005.455,1856.47,Al/St 240/40 3-bundle 300.0,"LINESTRING (5.9576985506085105 59.83931299705047, 5.96523105845963 59.841696517946865, 5.976312320394919 59.84563504070948, 5.9868091778913435 59.84627020441584)"
relation/11512349-300,NO80-300,300.0,1005.455,1863.14,Al/St 240/40 3-bundle 300.0,"LINESTRING (5.9576985506085105 59.83931299705047, 5.9650690990887085 59.84181646053403, 5.976135491309413 59.84574187375611, 5.9868091778913435 59.84627020441584)"
relation/11512349-300,NO80-300,300.0,1005.455,1879.37,Al/St 240/40 3-bundle 300.0,"LINESTRING (5.9576985506085105 59.83931299705047, 5.964745443822814 59.84204714887699, 5.9758115109632985 59.84597058758072, 5.9868091778913435 59.84627020441584)"
relation/11512349-300,NO80-300,300.0,1005.455,1899.87,Al/St 240/40 3-bundle 300.0,"LINESTRING (5.9576985506085105 59.83931299705047, 5.9643967698864255 59.84227546039202, 5.975493912659858 59.846217913276845, 5.9868091778913435 59.84627020441584)"
relation/11512349-300,NO80-300,300.0,1005.455,1889.34,Al/St 240/40 3-bundle 300.0,"LINESTRING (5.9576985506085105 59.83931299705047, 5.964576051799066 59.842167173423256, 5.97564421579118 59.84609450741649, 5.9868091778913435 59.84627020441584)"
way/432965765-300,relation/11512349-300,300.0,1005.455,2371.47,Al/St 240/40 3-bundle 300.0,"LINESTRING (5.9868091778913435 59.84627020441584, 5.989910479247076 59.851635705373106, 5.9923285 59.8526032, 5.9983152 59.855075, 6.000706 59.8560678, 6.004009300922081 59.85914484005208, 6.009577670620721 59.86350352732482)"
way/432965765-300,relation/11512349-300,300.0,1005.455,2367.1,Al/St 240/40 3-bundle 300.0,"LINESTRING (5.9868091778913435 59.84627020441584, 5.990215817792276 59.8514365502015, 5.992645 59.8524146, 5.9986022 59.8548676, 6.0012691 59.8559585, 6.004451976449806 59.85898570305335, 6.009577670620721 59.86350352732482)"
relation/11512349-300,way/432965765-300,300.0,1005.455,2344.52,Al/St 240/40 3-bundle 300.0,"LINESTRING (5.9868091778913435 59.84627020441584, 5.99116024352486 59.85059822080959, 5.9932244 59.852257, 5.9993184 59.8547329, 6.0014909 59.8556219, 6.005133318444233 59.85877644206305, 6.009577670620721 59.86350352732482)"
NO82-300,NO83-300,300.0,1005.455,1854.14,Al/St 240/40 3-bundle 300.0,"LINESTRING (6.1192238 59.78724229694518, 6.127037767748609 59.78510175677209, 6.1402661079970535 59.7813011155158, 6.147843000000002 59.778948596943685)"
NO82-300,NO83-300,300.0,1005.455,1858.03,Al/St 240/40 3-bundle 300.0,"LINESTRING (6.1192238 59.78724229694518, 6.127316228503871 59.78537904101598, 6.140566162844246 59.781532156915695, 6.147843000000002 59.778948596943685)"
relation/7809753-300,NO80-300,300.0,1005.455,12437.5,Al/St 240/40 3-bundle 300.0,"LINESTRING (5.766324384182823 59.862325992728884, 5.775726123927376 59.85983271838078, 5.7784385 59.8591604, 5.7840565 59.8577592, 5.7886051 59.8553809, 5.792504 59.8533333, 5.7952073 59.8519085, 5.7978891 59.8504977, 5.8003145 59.8490077, 5.8027477 59.8475157, 5.8057913 59.8456528, 5.8089298 59.84371, 5.813453 59.8409255, 5.8169746 59.8387679, 5.8231252 59.8354924, 5.8301399 59.8317343, 5.8333929 59.831252, 5.8376911 59.8306144, 5.8412368 59.8302068, 5.8459014 59.8296735, 5.8523176 59.8290693, 5.8563482 59.8286968, 5.8702746 59.8274168, 5.8840692 59.8276878, 5.8893705 59.8279823, 5.8972228 59.8287744, 5.9057307 59.829815, 5.9155691 59.8313787, 5.9190988 59.8319421, 5.9230041 59.832554, 5.9275907 59.8332468, 5.9395077 59.8350449, 5.9464735 59.8364708, 5.9497706539419175 59.837254558476175, 5.9576985506085105 59.83931299705047)"
relation/7809753-300,NO80-300,300.0,1005.455,12409.02,Al/St 240/40 3-bundle 300.0,"LINESTRING (5.766324384182823 59.862325992728884, 5.775945198841124 59.86005702105092, 5.778662 59.8593841, 5.7843657 59.8579747, 5.7889765 59.8555507, 5.7928526 59.8535084, 5.7955611 59.8520912, 5.7982699 59.85066, 5.8007115 59.8491667, 5.8031351 59.8476709, 5.8061673 59.8458048, 5.8093482 59.8438555, 5.8138458 59.8410812, 5.8173666 59.838933, 5.8235377 59.8356904, 5.8307627 59.8319097, 5.8335337 59.8314926, 5.8378226 59.8308543, 5.8413669 59.8304439, 5.8459979 59.8299148, 5.8524102 59.8293159, 5.856677 59.8289292, 5.8704141 59.8276635, 5.8837152 59.8279345, 5.8892852 59.828226, 5.8971262 59.8290251, 5.9056637 59.8300711, 5.9154564 59.8316267, 5.9193402 59.8322467, 5.92287 59.8327994, 5.9279796 59.8335771, 5.9395909 59.8353414, 5.9461623 59.8366783, 5.949519436440165 59.83748807270193, 5.9576985506085105 59.83931299705047)"
way/469098816-420,NO52-420,420.0,1876.85,22769.64,Al/St 240/40 4-bundle 380.0,"LINESTRING (6.613458399999996 61.21948699717683, 6.622545381423548 61.21859885226099, 6.6294336 61.217927, 6.6388214 61.2171056, 6.6425443 61.2167905, 6.6460794 61.2164934, 6.6611159 61.2139052, 6.6664857 61.212983, 6.6701871 61.2123475, 6.6751277 61.211495, 6.6926962 61.2089386, 6.6981652 61.2078147, 6.7079861 61.2057936, 6.7120886 61.2049894, 6.7210954 61.2038705, 6.7233968 61.2035888, 6.7278117 61.2032503, 6.7300755 61.2030772, 6.7487329 61.201643, 6.7530835 61.2013071, 6.7556798 61.2011081, 6.7590541 61.2011417, 6.7642844 61.2011985, 6.7687476 61.2012476, 6.7789292 61.2013665, 6.7850661 61.2014311, 6.7968249 61.2015629, 6.8068939 61.201674, 6.8141895 61.2016327, 6.8215978 61.2015913, 6.8258411 61.2015629, 6.8316454 61.2015293, 6.8390375 61.201612, 6.8437099 61.2016663, 6.8617183 61.2018627, 6.8671417 61.2028756, 6.8744212 61.2041366, 6.8798876 61.2050953, 6.8886638 61.2066223, 6.8933844 61.2074492, 6.9031316 61.2091259, 6.908099 61.2099811, 6.9113445 61.2105391, 6.9141394 61.2110222, 6.9168967 61.2114963, 6.921891 61.2123578, 6.9251954 61.2129262, 6.9298732 61.213727, 6.9372815 61.2149979, 6.941396 61.2157056, 6.9489276 61.2169971, 6.9540238 61.2178688, 6.9607428 61.2190221, 6.9676843 61.2202127, 6.971831 61.2209249, 6.9771123 61.221832, 6.9798186 61.2215285, 6.9892144 61.2204736, 6.9941389 61.219926, 6.9984198 61.2197427, 7.0027059 61.2195644, 7.008924357443367 61.21930187813883, 7.0223211144869175 61.2180695885007)"
NO47-300,relation/8679746-300,300.0,1005.455,5012.18,Al/St 240/40 3-bundle 300.0,"LINESTRING (7.617256299999994 61.52711579722198, 7.625767032772984 61.52523974036103, 7.6302355 61.5242526, 7.6347578 61.5232474, 7.64009 61.5220555, 7.6427507 61.5214467, 7.6453042 61.520843, 7.6477075 61.5202726, 7.6515162 61.5193722, 7.6549601 61.5185561, 7.6616442 61.5170775, 7.6710534 61.5149796, 7.6768577 61.5135315, 7.6848346 61.511546, 7.692243827244878 61.50969459982734, 7.699670197544551 61.506038090257015)"
NO46-300,NO47-300,300.0,1005.455,2147.43,Al/St 240/40 3-bundle 300.0,"LINESTRING (7.579235999999994 61.53302419722276, 7.588549768282568 61.53259000353293, 7.608670007272122 61.5289079816688, 7.617256299999994 61.52711579722198)"
NO49-300,NO46-300,300.0,1005.455,24501.42,Al/St 240/40 3-bundle 300.0,"LINESTRING (7.247752500000001 61.41933499720628, 7.255374141380145 61.416736002689326, 7.2601524 61.4165748, 7.2733033 61.4178824, 7.2758406 61.4181378, 7.282919 61.4188359, 7.2883665 61.4193774, 7.2921753 61.4189257, 7.2979045 61.418243, 7.3027807 61.4176656, 7.3078233 61.4170676, 7.3171681 61.4159537, 7.3245388 61.4165928, 7.3314321 61.4171882, 7.3366624 61.4176425, 7.3433518 61.4182148, 7.3488128 61.4186844, 7.3539573 61.419131, 7.357648 61.4214765, 7.360754 61.4234627, 7.3639727 61.4255102, 7.368114 61.4281683, 7.3712468 61.4301694, 7.3756671 61.4315906, 7.3797333 61.4329194, 7.3838961 61.4342738, 7.3886382 61.4358128, 7.3946357 61.4377672, 7.3986483 61.4390804, 7.4032295 61.4411321, 7.4091303 61.4438093, 7.4147522 61.4463376, 7.4203205 61.4488606, 7.4247944 61.4508757, 7.4309957 61.4545621, 7.4334633 61.4560386, 7.4356091 61.4573151, 7.4391389 61.4594015, 7.4418747 61.4628358, 7.444278 61.4658596, 7.4460268 61.4680479, 7.4481296 61.4706793, 7.4562675 61.4776833, 7.4574047 61.4792227, 7.4592286 61.4817148, 7.4611223 61.4842836, 7.4633431 61.4873105, 7.4655962 61.4903935, 7.4672538 61.4926415, 7.468847 61.4948228, 7.4712932 61.4981379, 7.4733102 61.500905, 7.4754882 61.503874, 7.4774301 61.5065177, 7.4794847 61.5093173, 7.4811208 61.5115511, 7.4822152 61.51303, 7.4859166 61.5148057, 7.4896932 61.5166042, 7.4926007 61.5179985, 7.4962082 61.5197188, 7.4996066 61.5213342, 7.5047886 61.5221092, 7.5097346 61.5228331, 7.5152332 61.5236413, 7.5199163 61.5243319, 7.5265467 61.5253012, 7.533102 61.5262655, 7.5385415 61.5270634, 7.543273 61.5277539, 7.5522745 61.5290735, 7.561512 61.5304339, 7.5662434 61.5311192, 7.570293978302081 61.53171168501007, 7.579235999999994 61.53302419722276)"
NO49-300,relation/7814748-300,300.0,2010.911,2147.83,Al/St 240/40 3-bundle 300.0,"LINESTRING (7.245772182273138 61.43798342457297, 7.243057275797379 61.42950493080942, 7.243064 61.4287892, 7.2430962 61.4259413, 7.243107 61.4243068, 7.243121482392992 61.42324670085159, 7.247752500000001 61.41933499720628)"
relation/13447791-420,way/547743430-420,420.0,1876.85,28033.14,Al/St 240/40 4-bundle 380.0,"LINESTRING (6.016692726490472 61.44620588741697, 6.020206266610816 61.441038264952276, 6.0206205 61.4397472, 6.0192525 61.4364386, 6.0182333 61.433966, 6.0168171 61.4312494, 6.0136414 61.4251433, 6.0113025 61.4236371, 6.0079551 61.4215073, 6.0037601 61.4188179, 5.9985459 61.4154789, 5.9955525 61.413577, 5.9919047 61.4112257, 5.9892547 61.408597, 5.9848612 61.4041785, 5.9790516 61.3983727, 5.9771472 61.3964698, 5.9781718 61.3914999, 5.9786868 61.3889004, 5.9796524 61.3842556, 5.9802693 61.3812803, 5.9809023 61.3781744, 5.9818786 61.373386, 5.9824097 61.3707798, 5.9833002 61.3670938, 5.9841424 61.3636079, 5.9848559 61.3606641, 5.9853494 61.3585839, 5.9858644 61.3564445, 5.9873772 61.3524379, 5.989995 61.3455293, 5.9910679 61.3427124, 5.9912932 61.3394218, 5.9917425 61.3331691, 5.9918511 61.3316662, 5.9923178 61.3250426, 5.9921327 61.3165946, 5.9949678 61.3147511, 6.0008123 61.3109541, 6.0037494 61.3090497, 6.0067776 61.3070833, 6.00788 61.306348, 6.0093391 61.3054156, 6.0184586 61.3039732, 6.0204112 61.3036641, 6.032685 61.3017322, 6.0370839 61.3010367, 6.0441542 61.2999161, 6.0545504 61.2967898, 6.0594213 61.2953225, 6.0641742 61.2937096, 6.0688358 61.2921275, 6.0794091 61.2885404, 6.0874343 61.2864787, 6.0924983 61.2851901, 6.0993299 61.2834194, 6.1051905 61.2819167, 6.1127946 61.2803726, 6.1248739 61.2779198, 6.1376345 61.2739148, 6.1434495 61.2721409, 6.1446834 61.2694128, 6.1461639 61.2661403, 6.1475748 61.2631719, 6.1500907 61.257879, 6.1517 61.2545564, 6.15284 61.2521609, 6.1536607 61.2504554, 6.153191962059998 61.24889581473917, 6.14912655163131 61.24383694975911)"
way/547743430-420,NO53-420,420.0,1876.85,21258.13,Al/St 240/40 4-bundle 380.0,"LINESTRING (6.14912655163131 61.24383694975911, 6.1602646516438115 61.24479451249214, 6.1683995 61.2454572, 6.1746383 61.2453153, 6.1791202 61.243532, 6.1881298 61.2391819, 6.1937892 61.2364329, 6.1991966 61.234662, 6.2025332 61.2335649, 6.2071547 61.232043, 6.2139112 61.2309109, 6.2245434 61.2291346, 6.2328958 61.2277338, 6.2404436 61.2264725, 6.251843 61.224559, 6.2557483 61.2239341, 6.2608981 61.2231956, 6.2687302 61.2220748, 6.2752426 61.2211321, 6.2839329 61.2198899, 6.2868404 61.2199002, 6.2933837 61.2199124, 6.3018608 61.2199389, 6.3140541 61.2174827, 6.3223556 61.2144954, 6.3308287 61.2157315, 6.3376227 61.2154486, 6.3444006 61.214737, 6.3478875 61.2143676, 6.3612342 61.215251, 6.3642168 61.215437, 6.3688624 61.215747, 6.3767159 61.2138355, 6.3821125 61.2108801, 6.3853633 61.2091182, 6.390776 61.2061534, 6.3941181 61.204333, 6.4070785 61.2046121, 6.4136553 61.2046069, 6.4203071 61.2048498, 6.4225387 61.2049325, 6.4299095 61.2073742, 6.4341742 61.2087797, 6.4422047 61.2095626, 6.4495915 61.2102834, 6.4551759 61.2108233, 6.4624071 61.211526, 6.4663178 61.2119057, 6.4785862 61.2110119, 6.4833176 61.2106767, 6.4998186 61.2094851, 6.5022755 61.2093042, 6.502860718154814 61.20926121004076, 6.511985100000007 61.20847229717521)"
NO44-420,NO43-420,420.0,1876.85,1679.27,Al/St 240/40 4-bundle 380.0,"LINESTRING (5.2864945 61.75702789725478, 5.293514562201803 61.760014476000435, 5.303073790359588 61.76408130056382, 5.310044300000003 61.76709649725617)"
NO43-420,way/548201553-420,420.0,1876.85,15425.98,Al/St 240/40 4-bundle 380.0,"LINESTRING (5.310044300000003 61.76709649725617, 5.314732962771201 61.77099342139664, 5.3163958 61.7723719, 5.3210521 61.7762358, 5.3281975 61.7780941, 5.3320813 61.7799902, 5.3379661 61.7828615, 5.3420699 61.7848678, 5.3455353 61.7864605, 5.3533754 61.7900703, 5.3565216 61.7915715, 5.3615802 61.7948664, 5.3639942 61.7964358, 5.372588 61.8020255, 5.3803879 61.8040634, 5.3830547 61.8048643, 5.3880402 61.8063736, 5.3922486 61.8082351, 5.3975326 61.8109315, 5.402661 61.8135668, 5.4082346 61.8164425, 5.4144949 61.8196803, 5.4173648 61.8201794, 5.4240864 61.8213523, 5.4338121 61.8230444, 5.4389834 61.8238828, 5.4471534 61.8253722, 5.453006 61.8263929, 5.4578394 61.8272389, 5.4660469 61.8272262, 5.4779533 61.8272034, 5.4846252 61.8274028, 5.4929522 61.8276504, 5.5028066 61.827941, 5.5119181 61.8282139, 5.5232316 61.8285533, 5.5315974 61.8287952, 5.536696681815949 61.82888116137432, 5.5488392060253195 61.828839776086156)"
NO44-420,NO43-420,420.0,1876.85,1680.09,Al/St 240/40 4-bundle 380.0,"LINESTRING (5.2864945 61.75702789725478, 5.293625018473698 61.759952844793, 5.303350923092339 61.76394241920845, 5.310044300000003 61.76709649725617)"
NO44-420,NO43-420,420.0,1876.85,1679.73,Al/St 240/40 4-bundle 380.0,"LINESTRING (5.2864945 61.75702789725478, 5.293404355638369 61.760075967878215, 5.302813535972567 61.76422653510249, 5.310044300000003 61.76709649725617)"
NO41-420,NO40-420,420.0,1876.85,21776.18,Al/St 240/40 4-bundle 380.0,"LINESTRING (5.83293020000001 61.870517697270586, 5.839543881590813 61.873719868719235, 5.8420604 61.8749383, 5.8487552 61.8781927, 5.8542109 61.8808349, 5.8594894 61.8817298, 5.8687699 61.8833125, 5.8736998 61.8841391, 5.8839834 61.885891, 5.8885002 61.8866493, 5.8948946 61.8877312, 5.9010905 61.8887233, 5.9099089 61.8901404, 5.9144533 61.8908857, 5.9204614 61.8903549, 5.9264588 61.8898393, 5.934366 61.8891518, 5.9401059 61.8886513, 5.9449124 61.8882368, 5.9522939 61.8884794, 5.9581518 61.8886715, 5.9648895 61.888899, 5.9711659 61.8891063, 5.9740359 61.8891998, 5.9876883 61.8909463, 5.9913146 61.8914063, 5.9985459 61.8923313, 6.007837 61.893504, 6.0151005 61.8946008, 6.0281896 61.8965668, 6.0333931 61.8970217, 6.0415041 61.8977495, 6.0447764 61.8979011, 6.0574579 61.8984924, 6.0640883 61.8987905, 6.0720813 61.8991544, 6.0817695 61.8988208, 6.0878849 61.8986086, 6.0976803 61.8982548, 6.1017465 61.8981083, 6.1057913 61.8979668, 6.1123359 61.8967842, 6.1168635 61.8959604, 6.1207902 61.8949697, 6.1322701 61.8920887, 6.1388898 61.8918865, 6.1451232 61.8919927, 6.153084 61.8921392, 6.1654436 61.8923465, 6.1689091 61.892397, 6.1734795 61.8922555, 6.1763441 61.8921595, 6.1899805 61.8916894, 6.1949265 61.8934888, 6.2034184 61.8965871, 6.2031448 61.8998416, 6.2019217 61.9012111, 6.201853321652279 61.901288712716756, 6.198193399999999 61.90544289727545)"
NO39-420,NO38-420,420.0,1876.85,21211.65,Al/St 240/40 4-bundle 380.0,"LINESTRING (6.186622400000008 62.073048397298436, 6.190929399274252 62.069027481906346, 6.1924267 62.0679855, 6.1978662 62.0641758, 6.2029409 62.061552, 6.2082302 62.057822, 6.211406 62.0555898, 6.2122965 62.0520149, 6.2134123 62.0475544, 6.2138092 62.0459602, 6.2115133 62.0435561, 6.2074256 62.0392806, 6.2023616 62.0356585, 6.1951947 62.0328662, 6.1906993 62.0311202, 6.1869013 62.0296408, 6.1829102 62.0262944, 6.1781144 62.0230331, 6.1785221 62.0203, 6.1793911 62.0146318, 6.179949 62.0109161, 6.1794233 62.0093451, 6.1781976 62.0056704, 6.1772507 62.0028388, 6.175738 61.9982931, 6.1735439 61.9917516, 6.1700356 61.9884262, 6.1659586 61.9845158, 6.1637592 61.9824697, 6.1615491 61.9803882, 6.1589312 61.9778983, 6.1544466 61.9736488, 6.1526656 61.9719348, 6.1509383 61.9703114, 6.1478054 61.9673164, 6.1461103 61.9657129, 6.1410516 61.960907, 6.1332464 61.9548897, 6.1309934 61.9531443, 6.1268681 61.9499609, 6.1276889 61.9462475, 6.1280724 61.9433435, 6.1285096 61.9398816, 6.1391848 61.9359398, 6.1412877 61.9365858, 6.1443293 61.9375221, 6.1532557 61.9384306, 6.1608517 61.9392331, 6.1636841 61.9395258, 6.1708939 61.9398286, 6.1827493 61.9403181, 6.1863327 61.9388091, 6.1865258 61.9365682, 6.188027195789774 61.931229007172576, 6.188285299999997 61.926731797278464)"
way/548473094-420,NO34-420,420.0,1876.85,18743.75,Al/St 240/40 4-bundle 380.0,"LINESTRING (6.25951190869605 62.15726794306245, 6.2558893026414815 62.162577965511, 6.2547344 62.1641706, 6.2549248 62.1667918, 6.2551635 62.1700577, 6.2554049 62.1731354, 6.2557214 62.1774898, 6.2560111 62.1813353, 6.2576419 62.182602, 6.2610698 62.185278, 6.2660775 62.1891707, 6.2685277 62.1910787, 6.2724718 62.1941505, 6.2758246 62.1967619, 6.2803602 62.2002979, 6.2893188 62.2031274, 6.2950373 62.204931, 6.3054979 62.2082278, 6.3096821 62.2095534, 6.3121712 62.2103387, 6.3182437 62.2122495, 6.3238978 62.2140951, 6.3240588 62.2211388, 6.326285 62.2226463, 6.3287634 62.2243188, 6.3320142 62.2265161, 6.3377756 62.2304079, 6.3454413 62.2355986, 6.3478607 62.2367181, 6.3561112 62.2405817, 6.359016 62.241944, 6.3643563 62.2444461, 6.3690019 62.246607, 6.3749242 62.2484954, 6.3791031 62.2498343, 6.383695 62.2513054, 6.3926777 62.2541651, 6.4000618 62.256525, 6.4053672 62.2596114, 6.4097553 62.2607101, 6.4137465 62.2617113, 6.4168149 62.2636487, 6.4198726 62.2655711, 6.4206827 62.2674159, 6.4214122 62.2690809, 6.4202106 62.2710328, 6.418612 62.273646, 6.4179254 62.2767082, 6.4173889 62.2791512, 6.4161806 62.2849261, 6.4142507 62.2862496, 6.413843887484695 62.28663819015433, 6.4076390999999955 62.29007759732778)"
NO36-420,way/548473094-420,420.0,1876.85,7944.59,Al/St 240/40 4-bundle 380.0,"LINESTRING (6.202313299999997 62.10034589730227, 6.20516458064917 62.10463362364486, 6.2054998 62.1050019, 6.210494 62.110548, 6.2154293 62.1116069, 6.2207025 62.1127435, 6.2286097 62.1144396, 6.2328744 62.1157167, 6.2416613 62.1213962, 6.2417471 62.1238192, 6.2418115 62.1261367, 6.2418759 62.1281932, 6.2435871 62.129743, 6.246559 62.1315385, 6.25099 62.133043, 6.2576258 62.1349486, 6.2629634 62.1367237, 6.2665737 62.1381953, 6.2654009 62.1419321, 6.2640256 62.1462368, 6.2628668 62.1499184, 6.262279837232545 62.15174076588896, 6.25951190869605 62.15726794306245)"
NO33-420,way/551964031-420,420.0,1876.85,20298.77,Al/St 240/40 4-bundle 380.0,"LINESTRING (6.452568800000006 62.31252759733077, 6.448711274009631 62.316653699757374, 6.4467215 62.3202837, 6.4449298 62.324111, 6.4414912 62.3272378, 6.4409763 62.3287401, 6.4392328 62.3338068, 6.4355475 62.3369201, 6.4318044 62.3400923, 6.4299148 62.3418074, 6.4250761 62.3456955, 6.4208597 62.3485213, 6.4228821 62.3541498, 6.4237726 62.3546426, 6.425398 62.3555685, 6.4282545 62.3571627, 6.4369798 62.362084, 6.4407563 62.3667072, 6.4427948 62.369235, 6.444447 62.3712501, 6.4482129 62.3725288, 6.4526546 62.3740412, 6.4560878 62.3752053, 6.4621443 62.3755709, 6.4693165 62.3760062, 6.4782214 62.3765385, 6.4858818 62.3770111, 6.4944756 62.3775259, 6.5025222 62.3780159, 6.5109926 62.3781228, 6.5194094 62.3782372, 6.5230894 62.3782944, 6.5311521 62.3783964, 6.5354061 62.3775558, 6.5402877 62.3765833, 6.5422994 62.3743471, 6.5452659 62.3710362, 6.5478381 62.3681403, 6.5514591 62.3640803, 6.5535888 62.3616896, 6.556263 62.3586871, 6.5583792 62.3552823, 6.560635 62.3515989, 6.5682846 62.3510531, 6.5749365 62.3512598, 6.5892756 62.3565143, 6.5955627 62.3605411, 6.5977514 62.3615017, 6.6007876 62.3624971, 6.6069031 62.3647889, 6.6122031 62.366757, 6.6217947 62.3702973, 6.625981832709865 62.37183464839146, 6.636187381981341 62.37486697204792)"
way/551964031-420,NO32-420,420.0,1876.85,10063.14,Al/St 240/40 4-bundle 380.0,"LINESTRING (6.636187381981341 62.37486697204792, 6.64358359576801 62.379217829452934, 6.6464657 62.3807093, 6.6494644 62.3822686, 6.6529298 62.384064, 6.6544694 62.3862621, 6.6559553 62.38846, 6.657865 62.3912147, 6.6615289 62.396512, 6.6660941 62.4031354, 6.6711098 62.4054539, 6.6757178 62.4075883, 6.6801488 62.4096455, 6.6815329 62.4108828, 6.6831905 62.4131833, 6.6889572 62.4199657, 6.6910064 62.4223511, 6.6922134 62.4237766, 6.6941822 62.4260699, 6.6984951 62.4266795, 6.7069548 62.4278738, 6.7158437 62.4291128, 6.7285466 62.4334042, 6.73132 62.4354684, 6.7338064 62.4373301, 6.7346567 62.4379655, 6.7340344 62.4409167, 6.733881847843018 62.4416500768013, 6.734604400000001 62.44613689734849)"
NO31-420,way/548709529-420,420.0,1876.85,4614.8,Al/St 240/40 4-bundle 380.0,"LINESTRING (6.781450499999999 62.46345639735074, 6.790848838522561 62.46444769598577, 6.7948991 62.4648749, 6.8006605 62.4654776, 6.8073392 62.4665017, 6.8131703 62.4673944, 6.8189746 62.4682921, 6.8237436 62.4692071, 6.8280137 62.4700179, 6.8312484 62.4706303, 6.8420121 62.4701449, 6.8463653 62.4702311, 6.8530521 62.4703613, 6.856204184299854 62.47101614467794, 6.866725632624179 62.47314505655722)"
relation/7839089-420,way/202200066-420,420.0,1876.85,94018.23,Al/St 240/40 4-bundle 380.0,"LINESTRING (7.110930011268621 62.85919205077578, 7.1226837740435185 62.86054718044436, 7.125193 62.8608947, 7.1332289 62.8619499, 7.1382862 62.8626112, 7.142736 62.8631954, 7.1501952 62.8669987, 7.1534434 62.8686531, 7.156198 62.8700554, 7.1570563 62.8716344, 7.1573192 62.8737924, 7.1578 62.8777564, 7.1581453 62.8805882, 7.1627238 62.882597, 7.1685362 62.8851484, 7.1746623 62.8878353, 7.1801287 62.8902311, 7.1839924 62.8919239, 7.1892764 62.8933037, 7.1969998 62.8953178, 7.2037777 62.8970872, 7.2078091 62.8989092, 7.2108775 62.9003009, 7.2160247 62.9026236, 7.2206622 62.9047194, 7.2239748 62.9051061, 7.2281523 62.9055892, 7.233679 62.9062312, 7.2414064 62.9071303, 7.2476131 62.907851, 7.2535568 62.9085399, 7.2583526 62.9090969, 7.265144 62.9098836, 7.2722545 62.9107068, 7.2774607 62.9113077, 7.2843379 62.9121065, 7.2914189 62.9129199, 7.2982585 62.9137187, 7.3035398 62.9143269, 7.3108542 62.9131105, 7.3178869 62.9119416, 7.3221007 62.9112345, 7.3257565 62.9096918, 7.3298281 62.90859, 7.3365042 62.9067894, 7.3404524 62.9057218, 7.3498696 62.8996124, 7.3492634 62.8974416, 7.3484413 62.8950414, 7.3500198 62.8940077, 7.3589475 62.8881837, 7.3626369 62.8857756, 7.3685887 62.8818757, 7.373756 62.8784851, 7.3768674 62.8773791, 7.3802711 62.8772269, 7.3844929 62.8770398, 7.3930679 62.8766564, 7.3994248 62.876374, 7.407863 62.8759973, 7.4159881 62.8756341, 7.4241051 62.8718677, 7.4269811 62.8705318, 7.4291792 62.8695117, 7.4294856 62.8678868, 7.4301602 62.86436, 7.430478 62.8626932, 7.4310628 62.8596228, 7.4283309 62.8558853, 7.4282518 62.8541653, 7.4280788 62.8503646, 7.4304941 62.8481682, 7.4335197 62.8454054, 7.4368295 62.8423927, 7.4395278 62.8399342, 7.4424326 62.83942, 7.4455976 62.8388568, 7.4504364 62.8379966, 7.4562836 62.8369589, 7.4634504 62.8356841, 7.4729253 62.834001, 7.4797744 62.8327843, 7.4866475 62.831559, 7.4928756 62.8304512, 7.4967889 62.8276219, 7.5028682 62.8232316, 7.5074467 62.8199194, 7.5087342 62.8189888, 7.5098365 62.8148276, 7.510153 62.8136463, 7.5137512 62.8112143, 7.5156878 62.809917, 7.5204226 62.808392, 7.5237599 62.8073173, 7.5283197 62.8075821, 7.5355563 62.8079976, 7.5501609 62.8088372, 7.5574082 62.8092564, 7.5624347 62.8095358, 7.5686011 62.8098912, 7.5757813 62.8103055, 7.5805664 62.81058, 7.58717 62.8109624, 7.5967455 62.811509, 7.6049423 62.812248, 7.6091292 62.8118681, 7.616111 62.8112958, 7.6225054 62.8107639, 7.6367828 62.8095861, 7.6422948 62.8097393, 7.6522136 62.8100089, 7.6596862 62.8104648, 7.6695916 62.8110739, 7.6817326 62.8108104, 7.6841211 62.8097993, 7.6921651 62.8063674, 7.6980016 62.8038875, 7.706126 62.8023637, 7.7102029 62.8015988, 7.7180457 62.8001288, 7.7232224 62.7991602, 7.7264383 62.7981168, 7.733801 62.7957197, 7.7414936 62.7932205, 7.7456725 62.7918519, 7.7533852 62.7918654, 7.7594765 62.7918713, 7.7666809 62.7918831, 7.7760565 62.7918893, 7.7819346 62.7918936, 7.7911989 62.7919053, 7.7976215 62.7919133, 7.8060718 62.790303, 7.8124702 62.78909, 7.8174618 62.7881407, 7.8270721 62.7863107, 7.8295921 62.7858323, 7.836775 62.7844627, 7.8435463 62.7831741, 7.8562666 62.7807487, 7.8634107 62.7793869, 7.8806144 62.7761085, 7.8849006 62.7763858, 7.8959244 62.7771024, 7.901423 62.7773257, 7.907694 62.7775784, 7.9123557 62.7777674, 7.9157031 62.7779023, 7.9221135 62.7781625, 7.9306161 62.7784986, 7.9377937 62.7797992, 7.9434156 62.780815, 7.9485977 62.7817523, 7.954874 62.7828858, 7.9607427 62.7839506, 7.9669011 62.7850546, 7.9737568 62.785457, 7.9805052 62.7858544, 7.9943776 62.7866639, 7.9990017 62.7869338, 8.005659 62.7873226, 8.0134106 62.7877801, 8.0163395 62.7879494, 8.0245685 62.7884302, 8.0337471 62.78896, 8.0438429 62.7895512, 8.0495077 62.7898799, 8.0546308 62.7901742, 8.0585146 62.7909322, 8.0659229 62.7923793, 8.0718023 62.7935333, 8.0779123 62.7947356, 8.0836925 62.7959067, 8.0896926 62.7971322, 8.097192 62.7986526, 8.1055605 62.8003593, 8.1148732 62.8022473, 8.1190038 62.8030883, 8.1315887 62.803179, 8.1339169 62.8016349, 8.1371301 62.7994937, 8.1396031 62.7950379, 8.1450762 62.7938717, 8.1474566 62.7908831, 8.1486395 62.7868357, 8.1500208 62.7820418, 8.1509006 62.7790458, 8.1515792 62.7767355, 8.1522068 62.7745857, 8.1528747 62.7722787, 8.1516758 62.7709533, 8.1504741 62.7696291, 8.1477758 62.7666503, 8.1452197 62.7638332, 8.1459224 62.7594113, 8.1462121 62.7575746, 8.1466386 62.7548463, 8.1473279 62.7504353, 8.1479984 62.7461833, 8.1485456 62.7425842, 8.1487548 62.740975, 8.1491303 62.7379159, 8.1494147 62.7355372, 8.1500798 62.7300517, 8.1503481 62.7277707, 8.1506538 62.7252756, 8.1511098 62.7214908, 8.1512882 62.7200193, 8.1528693 62.7169052, 8.1541139 62.7144326, 8.1556696 62.7113412, 8.157075 62.7085373, 8.1581667 62.7063543, 8.1613103 62.7000748, 8.1680775 62.6996713, 8.1796271 62.6989824, 8.1864774 62.6988126, 8.194524 62.6986133, 8.2002318 62.6984706, 8.2093942 62.6982418, 8.2177788 62.6980351, 8.2251763 62.6978456, 8.2316941 62.6976832, 8.2376486 62.6989061, 8.2432598 62.700065, 8.249225 62.7012927, 8.2554263 62.7025646, 8.2606405 62.7036397, 8.2652056 62.7045794, 8.2699665 62.7060394, 8.275162 62.7076395, 8.2797915 62.7090655, 8.284547 62.7105265, 8.2964815 62.714199, 8.3041204 62.7143318, 8.3150008 62.7145187, 8.3166772 62.7143613, 8.3203894 62.7140145, 8.3272183 62.7133727, 8.3327919 62.7128488, 8.3436227 62.7118307, 8.3520073 62.7110412, 8.3569962 62.7105739, 8.3628488 62.7103082, 8.3691895 62.7100303, 8.3762705 62.709713, 8.3840167 62.7093613, 8.3915403 62.7090219, 8.3973487 62.7087612, 8.40092 62.7081462, 8.4065312 62.7060185, 8.4122926 62.702572, 8.4190303 62.6985432, 8.4280299 62.6936655, 8.4328437 62.6932046, 8.4392166 62.6925919, 8.4462118 62.6919151, 8.4493044 62.6916074, 8.4532821 62.6911374, 8.4566939 62.6908125, 8.4598777 62.6905122, 8.4634048 62.6901775, 8.4679189 62.6897517, 8.4734309 62.6895425, 8.4795302 62.6893112, 8.483122425804874 62.689176009228795, 8.496127588569802 62.689191788980466)"
way/548709529-420,way/202200066-420,420.0,1876.85,100351.96,Al/St 240/40 4-bundle 380.0,"LINESTRING (6.866725632624179 62.47314505655722, 6.879128474814813 62.47186075021195, 6.8851125 62.4707592, 6.8932047 62.4689802, 6.8986818 62.4677776, 6.9054222 62.4662934, 6.9113392 62.4658074, 6.9199973 62.4650659, 6.925807 62.4645674, 6.9359726 62.4639102, 6.9481122 62.4639474, 6.9553864 62.4639722, 6.961534 62.4644533, 6.96729 62.4650163, 6.9758356 62.4658471, 6.9839358 62.4666406, 6.9898689 62.4672184, 6.9976473 62.4679747, 7.0041329 62.4693732, 7.0086551 62.4703452, 7.0131987 62.4713295, 7.0196629 62.4729163, 7.0221707 62.4735844, 7.0293832 62.475507, 7.0347851 62.4769398, 7.0418286 62.4773662, 7.0463562 62.4776364, 7.0502776 62.4782586, 7.0585763 62.480368, 7.0657861 62.4822195, 7.0695788 62.4831762, 7.0749217 62.4845343, 7.0796156 62.4857387, 7.0854092 62.4857759, 7.0945555 62.484735, 7.1124995 62.482678, 7.1210128 62.4817077, 7.1245909 62.4813, 7.1283996 62.4808662, 7.132659 62.4819345, 7.1371553 62.4830535, 7.1605781 62.4889094, 7.1703493 62.4913934, 7.174952 62.4922259, 7.180016 62.4931476, 7.1870756 62.494431, 7.1911097 62.4951569, 7.1937704 62.4956375, 7.198137 62.4971734, 7.2071868 62.5003417, 7.2126853 62.5022736, 7.2172129 62.5022637, 7.2207749 62.5022489, 7.2239184 62.5022538, 7.2272336 62.5022613, 7.2312838 62.5022464, 7.235755 62.5022352, 7.2393385 62.5022625, 7.2516686 62.5023517, 7.2568265 62.5023913, 7.2620648 62.5024297, 7.2680327 62.5024792, 7.2722948 62.5025102, 7.2779649 62.502556, 7.2812855 62.5025808, 7.2867841 62.5026216, 7.2942674 62.5026774, 7.2981512 62.5027096, 7.3059457 62.5027616, 7.3133594 62.5028061, 7.3192978 62.5028433, 7.3293829 62.5030414, 7.3421931 62.5031777, 7.3499823 62.5032544, 7.3537427 62.5032928, 7.3600566 62.5028507, 7.3644528 62.5025448, 7.3695597 62.5021869, 7.3722419 62.5019876, 7.3754954 62.5017696, 7.3794249 62.5014934, 7.3828232 62.5012556, 7.3860955 62.5010265, 7.3894858 62.5007875, 7.3930961 62.5005349, 7.3962879 62.5003194, 7.3995924 62.5000853, 7.4027252 62.4997323, 7.4057105 62.4994078, 7.4147522 62.4984232, 7.4189794 62.4979649, 7.4331066 62.4964228, 7.4385273 62.4958307, 7.4467403 62.496294, 7.451748 62.4965752, 7.456423 62.4968415, 7.4606126 62.4970619, 7.4641317 62.4972428, 7.4690294 62.4974979, 7.4728596 62.4976961, 7.4789482 62.4980132, 7.4837923 62.4982634, 7.4895912 62.4985656, 7.4952936 62.4976466, 7.5009477 62.4967449, 7.5057971 62.4959472, 7.5107109 62.4951544, 7.515732 62.4943368, 7.5188863 62.4938265, 7.5220406 62.4933409, 7.5313103 62.4919237, 7.5365889 62.4913439, 7.5453865 62.4903776, 7.5570059 62.489094, 7.5642854 62.4882986, 7.5674665 62.4888214, 7.576865 62.4903627, 7.5820309 62.4912126, 7.5866175 62.4919633, 7.5904745 62.4925703, 7.5962198 62.4926732, 7.6033196 62.4936685, 7.6157999 62.497379, 7.6277947 62.499014, 7.6338243 62.4992815, 7.6370913 62.4995763, 7.6426059 62.5000692, 7.6456582 62.5004432, 7.6578891 62.5022439, 7.6623523 62.5057063, 7.666676 62.5090544, 7.6707289 62.5121867, 7.6745349 62.5151256, 7.6794621 62.5165912, 7.6846978 62.5181508, 7.688764 62.5193625, 7.6937717 62.5208614, 7.6999998 62.521776, 7.7055627 62.5225952, 7.713612 62.5235246, 7.715672 62.5237622, 7.7264786 62.5239627, 7.730121 62.5240246, 7.7375239 62.5239008, 7.742883 62.5236286, 7.7578041 62.5206782, 7.7621037 62.5205495, 7.7651158 62.51999, 7.7819815 62.5150488, 7.7855462 62.5148087, 7.7907738 62.5144757, 7.7926755 62.5143432, 7.7943546 62.5151107, 7.808471 62.5201014, 7.8124541 62.5218911, 7.8147715 62.5229387, 7.8187332 62.5249725, 7.8207877 62.5260305, 7.8254655 62.5270935, 7.8280659 62.5289192, 7.8300279 62.5305183, 7.8326082 62.5325894, 7.8346682 62.5342397, 7.8373718 62.5364144, 7.8396356 62.5382439, 7.8415212 62.5397591, 7.8423661 62.5415154, 7.8434819 62.5437291, 7.8447533 62.5463866, 7.845692 62.548349, 7.847473 62.551952, 7.8485432 62.5541316, 7.8499567 62.5570428, 7.8516975 62.5591417, 7.8531325 62.5608894, 7.8556699 62.5639545, 7.8593123 62.5683711, 7.8604013 62.5696833, 7.8615358 62.571019, 7.8658086 62.5730131, 7.8691399 62.5743647, 7.8721172 62.5747637, 7.8791767 62.5757162, 7.8868103 62.5767428, 7.8932422 62.5776186, 7.9014954 62.5787279, 7.908673 62.5796938, 7.9147214 62.5805053, 7.9203875 62.5812686, 7.9270193 62.5821629, 7.9357606 62.5833387, 7.9445395 62.5847379, 7.9490322 62.5854505, 7.952055 62.5853511, 7.9565316 62.585206, 7.9636314 62.5852603, 7.9717344 62.5887699, 7.975924 62.5905924, 7.9887181 62.5948335, 7.9901719 62.5953273, 7.9941308 62.5984048, 7.9971269 62.5995701, 7.9998064 62.600723, 8.0040443 62.6025744, 8.0076116 62.6041246, 8.0106103 62.6054377, 8.01296 62.608318, 8.0168277 62.6134831, 8.0168277 62.6152203, 8.016758 62.6182723, 8.0184638 62.6217879, 8.0202341 62.6254288, 8.0221063 62.6292616, 8.0230343 62.6332222, 8.0242199 62.6382893, 8.0278838 62.6418936, 8.0307323 62.6446693, 8.0356085 62.6494338, 8.039487 62.6532265, 8.0406564 62.6542862, 8.0434996 62.6555724, 8.0456668 62.6565507, 8.0519754 62.6593989, 8.054561 62.6605643, 8.0592254 62.6637127, 8.0642492 62.6648236, 8.0695733 62.6660023, 8.0741063 62.6662068, 8.0825955 62.6665553, 8.0869996 62.6667523, 8.0900842 62.6668706, 8.0958858 62.6681243, 8.1020576 62.669937, 8.1115499 62.6718617, 8.1192666 62.6736656, 8.1263262 62.6753007, 8.1319106 62.6765959, 8.1423122 62.6789966, 8.1483096 62.6804049, 8.1535948 62.681625, 8.1550071 62.681951, 8.1574613 62.683598, 8.1577966 62.6851821, 8.1581452 62.6867599, 8.1584242 62.68803, 8.158974 62.6904778, 8.159607 62.6933203, 8.1600711 62.6954182, 8.1622088 62.6960248, 8.1667203 62.6973117, 8.1754643 62.6982516, 8.179037 62.6986306, 8.1853348 62.698478, 8.194465 62.6982516, 8.1997114 62.6981188, 8.2093486 62.6978801, 8.217752 62.6976685, 8.2251173 62.6974839, 8.2318443 62.6973215, 8.2379651 62.6985715, 8.2435763 62.6997328, 8.249563 62.7009581, 8.2557428 62.7022276, 8.260949 62.7033014, 8.2656106 62.7042658, 8.2703984 62.7057381, 8.2755992 62.7073382, 8.2802421 62.7087649, 8.2849896 62.7102271, 8.2967323 62.7138448, 8.3041245 62.7139666, 8.3144966 62.7141436, 8.3160952 62.7139985, 8.320207 62.7136186, 8.3270681 62.7129816, 8.3329904 62.7124332, 8.3434671 62.7114593, 8.351841 62.7106809, 8.3568835 62.7102105, 8.3627737 62.7099479, 8.3691385 62.7096626, 8.3762088 62.7093441, 8.3838209 62.7090022, 8.3914679 62.7086615, 8.3971596 62.7084217, 8.4011507 62.7075436, 8.4052183 62.7060776, 8.4071401 62.7049509, 8.4114182 62.7024638, 8.4184912 62.6983291, 8.4276885 62.6933585, 8.4326827 62.6928835, 8.4388384 62.6922867, 8.4453294 62.6916579, 8.4487385 62.6913343, 8.4531346 62.69081, 8.4567609 62.6904642, 8.4597275 62.6901849, 8.4632492 62.6898465, 8.4676722 62.6894256, 8.4728354 62.6892312, 8.4799299 62.6889641, 8.483128730138485 62.68884390522256, 8.496127588569802 62.689191788980466)"
NO30-300,NO29-300,300.0,1005.455,3927.61,Al/St 240/40 3-bundle 300.0,"LINESTRING (8.477649044390407 62.714828304096024, 8.477648719071876 62.719474206890325, 8.494607555893943 62.744116447376584, 8.49948259256994 62.74843878426659)"
relation/7839720-300,way/290360704-300,300.0,1005.455,97654.86,Al/St 240/40 3-bundle 300.0,"LINESTRING (8.522882009399853 62.66384738830419, 8.524243877066263 62.65817883604396, 8.5249105 62.6555983, 8.5264903 62.6505323, 8.5276678 62.6480252, 8.530342 62.6421155, 8.5305431 62.6401987, 8.5307819 62.6373375, 8.5310635 62.6339484, 8.5312861 62.6307154, 8.531439 62.6287881, 8.5315892 62.6266509, 8.5300523 62.6244298, 8.5275364 62.6207715, 8.5270643 62.6151031, 8.5269463 62.6135276, 8.5268497 62.612274, 8.5256374 62.6096754, 8.524763 62.6079133, 8.5227352 62.6039864, 8.5198009 62.598474, 8.5190874 62.5974025, 8.5177088 62.5953779, 8.5167271 62.5939779, 8.513428 62.5908073, 8.5109121 62.5886711, 8.5068673 62.5843687, 8.5048127 62.581323, 8.5037398 62.5798828, 8.501063 62.5757076, 8.4995395 62.5726462, 8.4968841 62.569047, 8.4953365 62.5669649, 8.4921527 62.5626692, 8.491002 62.5611206, 8.4885451 62.5577511, 8.4868714 62.5535518, 8.4880596 62.5485456, 8.4892023 62.5470482, 8.4931397 62.540427, 8.4951514 62.5391258, 8.4965783 62.5382204, 8.4990191 62.5366396, 8.5038686 62.5335148, 8.5055423 62.5324459, 8.5075217 62.5311642, 8.5092276 62.5300655, 8.5123926 62.5280264, 8.515268 62.5261765, 8.5187226 62.5239454, 8.5218045 62.5219665, 8.5238323 62.5206633, 8.5283732 62.5177522, 8.531734 62.5155836, 8.5340998 62.5140474, 8.5366532 62.5120976, 8.5401884 62.5093961, 8.5436726 62.5067266, 8.5464996 62.5045671, 8.5507321 62.5013399, 8.5546535 62.4983501, 8.56049 62.4938661, 8.5643631 62.4909078, 8.5670453 62.4888537, 8.5703337 62.4863484, 8.5738099 62.4836793, 8.5772324 62.481062, 8.5811055 62.4780888, 8.5836482 62.4761416, 8.5863626 62.4738261, 8.588385 62.4720981, 8.5908526 62.4699956, 8.5954714 62.4660355, 8.5979444 62.4639177, 8.5997334 62.4614425, 8.6021984 62.4580469, 8.6049315 62.4542788, 8.6059374 62.4529019, 8.6091721 62.4484086, 8.6108619 62.4460786, 8.6129433 62.4431826, 8.6148825 62.4399611, 8.6169612 62.4365084, 8.6183292 62.4342433, 8.6202067 62.4311636, 8.6212541 62.429461, 8.6216068 62.4273983, 8.6221272 62.4242186, 8.6227629 62.4203345, 8.6232403 62.4174658, 8.6236775 62.4148526, 8.6241898 62.4117734, 8.6247021 62.4086989, 8.6251366 62.4062179, 8.6259305 62.4014716, 8.6265381 62.3978405, 8.6270463 62.3947621, 8.6284035 62.3921122, 8.6298975 62.3891239, 8.6312816 62.3863926, 8.6328506 62.3832496, 8.6337331 62.3815213, 8.6348087 62.3792234, 8.6359915 62.3766778, 8.6373702 62.3738372, 8.6411279 62.3717501, 8.6465058 62.3687524, 8.6511809 62.3661449, 8.6562932 62.3632996, 8.6611265 62.3606009, 8.6665767 62.3575497, 8.6727941 62.3540888, 8.6788291 62.3507121, 8.6840701 62.3477794, 8.689912 62.344488, 8.695609 62.3409197, 8.70188 62.3369799, 8.7067294 62.3339363, 8.7127644 62.3301501, 8.7161332 62.3280301, 8.7171471 62.3249582, 8.7181985 62.3217937, 8.7187213 62.3201819, 8.7194806 62.3179337, 8.7208646 62.3137416, 8.7219643 62.310429, 8.7234074 62.3060364, 8.7246787 62.3021943, 8.7261164 62.29803, 8.7272376 62.2947954, 8.7290722 62.2933501, 8.7320293 62.2910254, 8.7363893 62.2875943, 8.7411851 62.2838196, 8.7457609 62.2801968, 8.7507176 62.2763139, 8.7549448 62.2729597, 8.7585604 62.2701492, 8.7638068 62.2681024, 8.7698525 62.2657483, 8.7781191 62.2625277, 8.7850606 62.2598361, 8.7917769 62.2572292, 8.7987667 62.2545297, 8.8049358 62.2521396, 8.8127813 62.2490862, 8.8197443 62.2463846, 8.8201439 62.245223, 8.8212115 62.2420902, 8.8221663 62.2392769, 8.8230005 62.2368481, 8.8253206 62.2300355, 8.8262916 62.2272085, 8.8273215 62.2241988, 8.8282496 62.2214825, 8.8288128 62.2198537, 8.8324016 62.2170033, 8.8353145 62.2146977, 8.8387316 62.2119831, 8.8421193 62.2092945, 8.8457215 62.2064244, 8.8488489 62.2039379, 8.8528937 62.2007332, 8.8558012 62.1984189, 8.8590091 62.1958618, 8.8631451 62.1925711, 8.8651568 62.1909808, 8.8671952 62.1893965, 8.8709128 62.186517, 8.8751185 62.1832541, 8.8792866 62.1800135, 8.8830632 62.1770766, 8.885901 62.1742147, 8.888433 62.1716555, 8.8913995 62.1686527, 8.8945377 62.1654693, 8.8975149 62.1624673, 8.8997036 62.1602465, 8.9023 62.1576109, 8.9047193 62.1551555, 8.9078897 62.1519532, 8.9135385 62.149986, 8.9192086 62.1480087, 8.9257049 62.145758, 8.9321637 62.1435022, 8.9380431 62.1414593, 8.9433485 62.1396093, 8.9479834 62.1379898, 8.9534014 62.1361019, 8.9563894 62.1350639, 8.9608151 62.1335232, 8.9644629 62.1306132, 8.9644951 62.1283437, 8.9645594 62.1249542, 8.9646131 62.1224384, 8.964723 62.117671, 8.9647686 62.1150317, 8.9648062 62.1123132, 8.9648277 62.1106308, 8.9648652 62.106199, 8.9649618 62.102162, 8.9650181 62.0977503, 8.9650959 62.0929251, 8.9651281 62.0900325, 8.9652032 62.0849097, 8.9652447 62.0822895, 8.9652836 62.0797608, 8.965348 62.0771785, 8.9653802 62.0744503, 8.9654338 62.0719681, 8.9654714 62.06937, 8.9655411 62.0657214, 8.9655787 62.0632384, 8.9656216 62.0604235, 8.9656591 62.0579225, 8.9657047 62.0551297, 8.9657664 62.0509664, 8.9658201 62.0479568, 8.9658308 62.0438378, 8.9658362 62.0399597, 8.9630413 62.0358094, 8.9615312 62.033558, 8.9596617 62.0307856, 8.9577359 62.0279022, 8.9562929 62.0257509, 8.9547318 62.0234295, 8.957355 62.0193386, 8.9599353 62.0153265, 8.9618772 62.0121471, 8.9636421 62.0092721, 8.9660937 62.0052713, 8.968159 62.0026524, 8.9703315 61.9999339, 8.9725739 61.9971093, 8.9759186 61.9928915, 8.9785713 61.9895498, 8.9809531 61.9865542, 8.9841449 61.9825403, 8.9872563 61.9786115, 8.9904669 61.9745651, 8.9930418 61.9712781, 8.9948979 61.9688908, 8.9958581 61.9642026, 8.996353 61.9618456, 8.9970034 61.9587609, 8.9976633 61.9556589, 8.9984733 61.9518452, 8.9995515 61.9467293, 9.0006512 61.9416328, 9.0015793 61.9373751, 9.0026495 61.93279, 9.00516 61.9291621, 9.00794 61.9251212, 9.0112996 61.920257, 9.0145692 61.9155273, 9.0172595 61.9116177, 9.0188125 61.909352, 9.0196869 61.9075067, 9.0209126 61.904618, 9.0219212 61.9022344, 9.0232757 61.8990407, 9.0244988 61.89616, 9.0253758 61.8940448, 9.0302896 61.892718, 9.0326098 61.8920937, 9.036499 61.8910398, 9.0428853 61.8893161, 9.0496337 61.8874961, 9.0554488 61.8859163, 9.05981 61.8847136, 9.069909218593837 61.883430618578906, 9.081324730938773 61.88132246377089)"
way/549449181-300,way/549449182-300,300.0,1005.455,41400.93,Al/St 240/40 3-bundle 300.0,"LINESTRING (8.084501821118367 61.00385231702288, 8.090044918106937 60.99974477723039, 8.0912107 60.9988058, 8.0929702 60.9973805, 8.0946708 60.9939549, 8.0957222 60.9919909, 8.0975139 60.988648, 8.0989087 60.986041, 8.1001532 60.9837045, 8.1014943 60.9812064, 8.1025726 60.9791844, 8.1033879 60.9776541, 8.1046861 60.9752284, 8.1074488 60.9736121, 8.1098574 60.9722013, 8.1127757 60.9704989, 8.1161553 60.9685204, 8.1193632 60.966646, 8.1221259 60.9650318, 8.1267983 60.9623005, 8.1306016 60.9600729, 8.1337237 60.9582566, 8.1358856 60.9565873, 8.1384927 60.9545871, 8.1418991 60.9519617, 8.1441897 60.9511829, 8.1452894 60.9508105, 8.1560075 60.9471714, 8.1587434 60.9462388, 8.1624234 60.9449831, 8.1654167 60.9428572, 8.1679916 60.941049, 8.1712854 60.9387143, 8.1751156 60.9360147, 8.1777817 60.9341253, 8.1819498 60.9318813, 8.1865793 60.9293844, 8.1915146 60.9267205, 8.1965464 60.9240093, 8.2006127 60.9218142, 8.204062 60.9199527, 8.2082623 60.9172827, 8.212806 60.9143857, 8.2168186 60.9118248, 8.2210082 60.9091646, 8.2252192 60.9064728, 8.2291165 60.903987, 8.2322413 60.9019992, 8.2360929 60.8995364, 8.2405829 60.8966638, 8.2438016 60.8946182, 8.2469237 60.89192, 8.2503891 60.8889319, 8.2527977 60.8868492, 8.2550454 60.8849021, 8.2585752 60.8818533, 8.2618904 60.878987, 8.2648301 60.8764441, 8.267169 60.874418, 8.2709563 60.8737914, 8.2734239 60.8733057, 8.277533 60.8724911, 8.2818085 60.8709661, 8.2873392 60.8689815, 8.2906651 60.8677906, 8.2948279 60.8662968, 8.2985294 60.8649596, 8.301866 60.8637686, 8.3056319 60.8624052, 8.3104008 60.8607047, 8.3155453 60.8588527, 8.319295 60.8575047, 8.3238119 60.8558746, 8.3286399 60.8541477, 8.333956 60.8522325, 8.3375502 60.8509444, 8.3400714 60.8500351, 8.3428287 60.8490447, 8.3477318 60.8477957, 8.3537614 60.8462852, 8.3594048 60.8448583, 8.3643079 60.8436065, 8.3685458 60.8425375, 8.3733684 60.8413169, 8.37722 60.8403368, 8.3836251 60.8387188, 8.3882922 60.8375399, 8.3917415 60.8360067, 8.395797 60.8342016, 8.3996406 60.8324971, 8.4050238 60.8300969, 8.4092939 60.8282013, 8.413285 60.8264232, 8.4177509 60.8244332, 8.4249151 60.8212478, 8.4299898 60.8189855, 8.4335947 60.8173795, 8.4392595 60.8148579, 8.4435618 60.8129456, 8.4470755 60.8113786, 8.4499159 60.8101163, 8.4548056 60.808799, 8.457917 60.8079591, 8.4650356 60.8078361, 8.4689677 60.8077681, 8.4725565 60.8076975, 8.4748578 60.8080062, 8.4767139 60.8082548, 8.4802973 60.808744, 8.4859139 60.8094975, 8.4926999 60.810408, 8.4993142 60.8113001, 8.5053492 60.8121085, 8.5110623 60.8128776, 8.5159734 60.8135356, 8.5239798 60.814612, 8.5289365 60.8152791, 8.5374069 60.8164091, 8.5420847 60.8170421, 8.5481197 60.8175835, 8.5524541 60.8179706, 8.5567135 60.8165739, 8.5616219 60.8149547, 8.5637945 60.8142353, 8.5689604 60.8125375, 8.5742766 60.8115225, 8.578214 60.8107717, 8.5806119 60.8103138, 8.5845387 60.8095656, 8.5875535 60.8089926, 8.5914051 60.8082548, 8.5958791 60.8073992, 8.5997897 60.8066456, 8.6039579 60.8058528, 8.6077344 60.8051332, 8.6109692 60.8045157, 8.6138231 60.8039714, 8.6171061 60.8033434, 8.6195147 60.8028802, 8.6224654 60.8028019, 8.6283874 60.8018204, 8.629227171531097 60.80222149822462, 8.641213764298586 60.80771544678573)"
relation/7845549-300,way/549449181-300,300.0,1005.455,16437.84,Al/St 240/40 3-bundle 300.0,"LINESTRING (7.818501275346328 61.059422687430775, 7.824743581260127 61.055138684691286, 7.827343 61.0531878, 7.8297141 61.0527218, 7.8332788 61.0520026, 7.8385983 61.0509169, 7.841202 61.0503901, 7.849254 61.0487542, 7.8563619 61.0473104, 7.8592479 61.0467183, 7.8639228 61.0462957, 7.8673482 61.045986, 7.8740537 61.0459211, 7.8802121 61.0458613, 7.8860807 61.0458042, 7.8916866 61.0450147, 7.8990197 61.0439006, 7.9018575 61.0434642, 7.9059291 61.0428513, 7.9090619 61.0421475, 7.9130423 61.0412566, 7.9178113 61.0401968, 7.921679 61.0393267, 7.9246402 61.0386695, 7.9287279 61.0377552, 7.9322255 61.0369707, 7.9351866 61.0363109, 7.9391724 61.0354224, 7.9426485 61.0346379, 7.9453254 61.0340403, 7.9484367 61.0333441, 7.9558074 61.0339072, 7.9619175 61.0343742, 7.9672712 61.0347859, 7.9790729 61.0356874, 7.9849278 61.0361313, 7.9911965 61.0366119, 7.9940705 61.0359855, 7.9972234 61.0352964, 8.0012441 61.0344222, 8.0061891 61.0322834, 8.0104259 61.0304456, 8.0164669 61.027832, 8.0215259 61.0256417, 8.0253142 61.0240003, 8.0316389 61.0212611, 8.0370676 61.0189064, 8.0422443 61.0172636, 8.0470347 61.0157326, 8.0510849 61.0144381, 8.0542928 61.0134398, 8.0630583 61.0107192, 8.0694151 61.0087446, 8.074758 61.0070831, 8.076301979310758 61.0066028053686, 8.084501821118367 61.00385231702288)"
relation/7812776-420,way/296229069-420,420.0,1876.85,14540.21,Al/St 240/40 4-bundle 380.0,"LINESTRING (8.183680269382291 60.62602992000319, 8.187251770674804 60.621037975751, 8.1891821 60.6191323, 8.1942612 60.6167337, 8.2026334 60.6154817, 8.2086861 60.6145754, 8.2137179 60.6138252, 8.2193184 60.6129855, 8.2227302 60.6124774, 8.2283983 60.6116298, 8.2333034 60.6112244, 8.2389146 60.6107637, 8.2433563 60.6103991, 8.2523256 60.6117061, 8.2543963 60.6120194, 8.2598734 60.6121642, 8.2626253 60.6116666, 8.2629116 60.6116142, 8.2699102 60.6103478, 8.2769859 60.6091025, 8.281154 60.6091446, 8.2858211 60.6091973, 8.2906222 60.6092526, 8.2939053 60.6092842, 8.3037436 60.607178, 8.308357 60.6061907, 8.3129945 60.6042274, 8.3170688 60.6025175, 8.3204246 60.601104, 8.3243322 60.5994655, 8.3278191 60.5980013, 8.3336985 60.5955319, 8.3370459 60.5941218, 8.3405274 60.5926573, 8.3441564 60.5911309, 8.3474475 60.5897492, 8.3520448 60.5878183, 8.3572054 60.5856448, 8.3617973 60.5837136, 8.3662713 60.5818284, 8.3710188 60.5808469, 8.3769116 60.5796756, 8.3829975 60.5784595, 8.3889037 60.5772868, 8.395974 60.5758769, 8.400922633788445 60.574889787846594, 8.4114797704165 60.57446959226896)"
relation/3993780-420,way/296229069-420,420.0,1876.85,78126.69,Al/St 240/40 4-bundle 380.0,"LINESTRING (7.301919374829291 60.86300925163511, 7.306034240134244 60.85830314902986, 7.3074317 60.8570502, 7.310534 60.854294, 7.3137575 60.8508164, 7.3198771 60.8461075, 7.3231964 60.8424908, 7.3262715 60.8402845, 7.3283261 60.8388103, 7.3311317 60.8367818, 7.3367107 60.832735, 7.3385239 60.8299819, 7.3404068 60.8271044, 7.3410639 60.8261094, 7.344135 60.8213812, 7.350853 60.8186738, 7.3570043 60.8161475, 7.3609731 60.8127656, 7.3647465 60.8075398, 7.3729418 60.8041068, 7.3832001 60.7998106, 7.3952893 60.7947437, 7.3991396 60.7930223, 7.4043822 60.7906763, 7.4117911 60.7901677, 7.4163186 60.7898561, 7.4211037 60.7895263, 7.4316823 60.7906415, 7.4383879 60.7913405, 7.4441278 60.7919504, 7.4560422 60.7928561, 7.4662077 60.791152, 7.4706495 60.7895603, 7.4746031 60.7881518, 7.4823761 60.7853687, 7.487086 60.7836877, 7.4922037 60.7816479, 7.4957845 60.780226, 7.5018167 60.7778272, 7.5076988 60.7754793, 7.5115144 60.7746451, 7.5159085 60.7736043, 7.5259662 60.7712083, 7.5320989 60.7697495, 7.5373496 60.7673897, 7.5402233 60.7660987, 7.5451682 60.763869, 7.5480792 60.7625641, 7.5532943 60.7610283, 7.55752 60.7597865, 7.5606537 60.7571391, 7.5627834 60.7553361, 7.5666109 60.752119, 7.5713635 60.748113, 7.5728001 60.7458932, 7.5747354 60.7428899, 7.5765226 60.7401108, 7.5777876 60.7381473, 7.5800058 60.7347092, 7.5824869 60.7308412, 7.5845629 60.7276072, 7.5859469 60.7254537, 7.5880605 60.7221798, 7.5901835 60.7188875, 7.5927812 60.7148412, 7.5945675 60.712074, 7.5966918 60.7087738, 7.5988295 60.7054308, 7.6016559 60.7026574, 7.606322 60.700489, 7.61006 60.6987531, 7.6150153 60.6964488, 7.6196086 60.6963561, 7.6241259 60.6962629, 7.632093 60.6979366, 7.6364247 60.6998328, 7.63987 60.7013429, 7.6508537 60.7027697, 7.6630792 60.7043578, 7.6718983 60.7055009, 7.6775658 60.7071965, 7.6820719 60.7085455, 7.6903278 60.7109941, 7.6948768 60.7123417, 7.6986533 60.7134609, 7.7016628 60.7139962, 7.7057773 60.7147205, 7.7119088 60.7168039, 7.7189469 60.7193621, 7.7252608 60.7216525, 7.7291769 60.7230718, 7.7330795 60.7244411, 7.7371055 60.724748, 7.7422446 60.7251337, 7.7506828 60.7258288, 7.7586061 60.7264793, 7.7666366 60.7271403, 7.7720574 60.7275836, 7.7784678 60.7281108, 7.7843016 60.7272138, 7.7890867 60.726482, 7.795516 60.7254983, 7.8006316 60.7247195, 7.8077334 60.7236348, 7.8146803 60.7225733, 7.8219223 60.7214767, 7.8281604 60.7205185, 7.8350222 60.7194775, 7.8401452 60.7179086, 7.8443026 60.7166386, 7.8512818 60.7145106, 7.8566784 60.71286, 7.8603476 60.7117394, 7.8666347 60.7098184, 7.872659 60.7074957, 7.8790802 60.7050284, 7.8837311 60.7032461, 7.8885484 60.7013902, 7.8936768 60.699416, 7.9004252 60.6969796, 7.9053819 60.6963823, 7.9116556 60.6956235, 7.9168054 60.694996, 7.9204023 60.6939352, 7.9255789 60.6923387, 7.9338616 60.6925764, 7.9416668 60.6927891, 7.9477984 60.6929676, 7.9536054 60.6931331, 7.9601043 60.6933221, 7.9651784 60.6921618, 7.970286 60.6910008, 7.9785901 60.6890943, 7.9823935 60.6882198, 7.9878652 60.6869749, 7.9943401 60.685491, 8.0016571 60.6838206, 8.0097386 60.6819294, 8.0133777 60.6810586, 8.016511 60.6793721, 8.0210749 60.6769218, 8.0261237 60.6742111, 8.0300878 60.6720826, 8.0348245 60.669539, 8.0378455 60.6679167, 8.0435371 60.6664832, 8.0466163 60.6657053, 8.0507737 60.6646566, 8.0601829 60.6623464, 8.0644369 60.6612977, 8.0712014 60.6579463, 8.0751175 60.6560115, 8.0805355 60.6533353, 8.0859107 60.6506693, 8.0898374 60.6487236, 8.0942738 60.64652, 8.0984849 60.644432, 8.1038788 60.6417456, 8.108409 60.6394982, 8.1155115 60.638091, 8.1262135 60.6384487, 8.1295234 60.6385592, 8.1366125 60.6387972, 8.1411159 60.6389406, 8.1468183 60.6391286, 8.1519279 60.6386986, 8.1615946 60.6378806, 8.1681284 60.6373321, 8.1745751 60.6367817, 8.1780881 60.6343321, 8.1783932 60.6324538, 8.1794178 60.6263011, 8.1831005 60.6245381, 8.185721 60.6219369, 8.1886628 60.6190207, 8.1939554 60.6164995, 8.2024902 60.6152176, 8.2084447 60.6143332, 8.2137716 60.6135409, 8.2191575 60.6127249, 8.2229608 60.6121615, 8.2280517 60.6113876, 8.2330352 60.6109743, 8.2388073 60.6104952, 8.2435334 60.6101135, 8.2517356 60.6113586, 8.2544714 60.6117719, 8.2597661 60.6119088, 8.2624456 60.6114126, 8.2695517 60.6101199, 8.2767552 60.6088208, 8.2808831 60.6088695, 8.2852042 60.6089156, 8.2909441 60.6089821, 8.2934385 60.6090051, 8.3035022 60.606891, 8.3081639 60.6059037, 8.3128631 60.6039236, 8.316704 60.6023122, 8.3200729 60.6009033, 8.3239728 60.5992601, 8.3276957 60.5976984, 8.3332103 60.5953808, 8.3365926 60.5939624, 8.339889 60.5925783, 8.3436656 60.5909899, 8.3471096 60.5895464, 8.3519161 60.5875179, 8.3565724 60.5855605, 8.36145 60.5835061, 8.3659923 60.5815899, 8.3709383 60.5805755, 8.3767104 60.579424, 8.3830726 60.5781565, 8.3891237 60.5769495, 8.3957729 60.5756239, 8.4007537 60.5746251, 8.400860546827172 60.57460378110415, 8.4114797704165 60.57446959226896)"
way/296229069-300,relation/12277754-300,300.0,1005.455,35741.53,Al/St 240/40 3-bundle 300.0,"LINESTRING (8.411103286946974 60.57427441503243, 8.422807167566862 60.57385088164096, 8.4268248 60.5737975, 8.4328437 60.5737448, 8.4392381 60.5736842, 8.4436423 60.5736421, 8.4490308 60.5735893, 8.4535396 60.5749018, 8.4586573 60.5763935, 8.4626484 60.5775583, 8.4667414 60.5787467, 8.4707379 60.5799088, 8.475523 60.5813106, 8.4791118 60.5823514, 8.4819791 60.583188, 8.4854767 60.5842023, 8.4878129 60.5853194, 8.4903556 60.5865327, 8.4933248 60.5879513, 8.496514 60.5894753, 8.4992981 60.5908029, 8.5024041 60.5922833, 8.5053813 60.5937017, 8.5084283 60.5951543, 8.5115987 60.5966766, 8.5155201 60.5985333, 8.5184491 60.5999343, 8.5222471 60.6017302, 8.5259002 60.6034734, 8.5305083 60.6048584, 8.5343345 60.6060027, 8.5345316 60.6060616, 8.5395849 60.6075808, 8.5440803 60.6089314, 8.548243 60.6101766, 8.5528457 60.6115535, 8.5573733 60.6129091, 8.5609835 60.6139937, 8.5649693 60.6151861, 8.5695398 60.6165574, 8.5737294 60.6178102, 8.5777259 60.6190051, 8.5820174 60.6202947, 8.5861963 60.6213658, 8.5899031 60.6223171, 8.5922393 60.6229171, 8.5969198 60.6229474, 8.6006802 60.6229711, 8.605299 60.6229974, 8.6099553 60.6230316, 8.6139786 60.6230579, 8.6189139 60.623029, 8.6233878 60.6230053, 8.6256355 60.6229921, 8.6318099 60.6229553, 8.636536 60.6229237, 8.6410904 60.6229027, 8.6452317 60.6228764, 8.6495876 60.6228474, 8.6540508 60.6228211, 8.6583102 60.6227921, 8.6624354 60.6227658, 8.6665177 60.6227448, 8.670702 60.6227237, 8.6754656 60.6226948, 8.6798537 60.6226711, 8.683024 60.6234263, 8.6865807 60.6242763, 8.6904699 60.6252052, 8.6943376 60.6261314, 8.6978459 60.6269708, 8.7005496 60.6276154, 8.7041062 60.6284732, 8.7076253 60.6293072, 8.7115306 60.6302386, 8.7163532 60.6313962, 8.7207144 60.632438, 8.7244105 60.6333219, 8.727994 60.6341742, 8.7336159 60.6355185, 8.7377465 60.6365049, 8.7417751 60.6374623, 8.7464932 60.6388867, 8.7497467 60.6400242, 8.752563 60.6410158, 8.7564468 60.6423755, 8.7599713 60.6436115, 8.7641126 60.6450632, 8.7681627 60.6464779, 8.7720251 60.6478401, 8.7753832 60.6490102, 8.779192 60.650338, 8.7836498 60.6518971, 8.78748 60.6532406, 8.7905538 60.6543159, 8.7944484 60.6556803, 8.7982678 60.6570105, 8.8029349 60.6586377, 8.8066363 60.6599362, 8.8105845 60.6613161, 8.8157183 60.6631086, 8.8211846 60.665022, 8.8265222 60.6668852, 8.8299447 60.6680783, 8.8332117 60.669224, 8.8386726 60.6711212, 8.8442409 60.6730761, 8.8496911 60.6749731, 8.8586497 60.6759557, 8.8642555 60.6765757, 8.8709289 60.6773113, 8.8771731 60.6779917, 8.8833368 60.6786695, 8.8913244 60.6795442, 8.8951707 60.6803113, 8.9002776 60.6813226, 8.9053255 60.682326, 8.9096922 60.6831928, 8.9138657 60.6840176, 8.9184737 60.684929, 8.9231354 60.6858482, 8.9279526 60.6868016, 8.9337677 60.6879598, 8.9404678 60.6892913, 8.9474738 60.6906805, 8.9529777 60.6917676, 8.9583528 60.6928311, 8.9636689 60.693884, 8.9681268 60.6947663, 8.971602072988642 60.69545504856876, 8.971500960878783 60.70524496729824)"
relation/12277754-300,NO66-300,300.0,1005.455,12372.21,Al/St 240/40 3-bundle 300.0,"LINESTRING (8.971500960878783 60.70524496729824, 8.989565281320353 60.69644046333049, 8.9905608 60.6963338, 8.9941603 60.6959452, 8.9995891 60.6928101, 9.0044546 60.6899793, 9.0077591 60.688057, 9.0107632 60.6863131, 9.0132362 60.6836892, 9.0156233 60.6811676, 9.018842 60.6777552, 9.0216207 60.6748128, 9.0243405 60.6718937, 9.0264916 60.6696156, 9.0281975 60.6678024, 9.0307134 60.6651271, 9.0330416 60.6626618, 9.0344739 60.66114, 9.0375799 60.6600282, 9.0419358 60.658472, 9.0478313 60.6563743, 9.0529275 60.6545656, 9.0568703 60.6531512, 9.0618646 60.6513766, 9.0655929 60.6500435, 9.0684468 60.6490312, 9.0728241 60.6474719, 9.0756941 60.6464517, 9.0781456 60.6452183, 9.0818524 60.6433275, 9.0855432 60.6414602, 9.0899071 60.6392562, 9.0939707 60.637194, 9.0979671 60.635166, 9.1014272 60.6334061, 9.1053647 60.6314199, 9.1093022 60.6294282, 9.1125852 60.6277628, 9.112988993510594 60.62755808379196, 9.11919640085016 60.62403530189575)"
way/549449182-300,relation/12277754-300,300.0,1005.455,22600.45,Al/St 240/40 3-bundle 300.0,"LINESTRING (8.641213764298586 60.80771544678573, 8.64961548695375 60.80517663161363, 8.6542171 60.8038432, 8.6596459 60.802281, 8.6645383 60.8008704, 8.6694735 60.7994467, 8.6744732 60.7980099, 8.6799556 60.7964303, 8.6859852 60.7948965, 8.6906254 60.7937173, 8.6954534 60.7924923, 8.7011504 60.7910446, 8.7062627 60.7897462, 8.7112409 60.7884896, 8.7146151 60.7876361, 8.7202424 60.7862066, 8.7246412 60.7850964, 8.7288791 60.7840229, 8.7341014 60.7826993, 8.7382212 60.7816597, 8.7422633 60.7806332, 8.747896 60.7803438, 8.752681 60.7801003, 8.7585765 60.7797965, 8.7647563 60.779477, 8.7704909 60.7791837, 8.7768906 60.7788564, 8.7827486 60.7785552, 8.7888935 60.7782292, 8.7961113 60.7778691, 8.8072157 60.7772982, 8.8126981 60.7770114, 8.8189208 60.7766906, 8.8245803 60.7763999, 8.8306582 60.7760908, 8.8338393 60.7748101, 8.8395256 60.7725313, 8.8441658 60.7706663, 8.8484305 60.7689479, 8.8513595 60.7677717, 8.8554794 60.7661133, 8.8603449 60.7641589, 8.864674 60.7624191, 8.8692445 60.7605745, 8.8735735 60.7588372, 8.8773769 60.7573016, 8.8812983 60.7557266, 8.8848066 60.754314, 8.8893342 60.7524872, 8.8932019 60.7509251, 8.8972735 60.749279, 8.9012003 60.747701, 8.9049607 60.7461806, 8.9092416 60.7438211, 8.9129001 60.7417919, 8.9160705 60.7400405, 8.9212042 60.7371929, 8.9248949 60.7351475, 8.9295834 60.7325381, 8.9328718 60.7307285, 8.9363319 60.7288138, 8.9413851 60.7260045, 8.9444214 60.7243257, 8.9485466 60.7220171, 8.953498 60.7207474, 8.9580041 60.7195982, 8.965863 60.7175806, 8.9705086 60.7163893, 8.9716887 60.7149819, 8.9726704 60.7123955, 8.9733303 60.7106779, 8.973159916511738 60.710266362218405, 8.971500960878783 60.70524496729824)"
relation/7851611-300,NO66-300,300.0,1005.455,3534.77,Al/St 240/40 3-bundle 300.0,"LINESTRING (9.069934634797598 60.60603846440761, 9.080055040883789 60.60599219270704, 9.0805569 60.6059998, 9.0857524 60.6069687, 9.0892714 60.609042, 9.0936756 60.6116219, 9.0979671 60.6141384, 9.1007084 60.6155335, 9.1044849 60.6174496, 9.1075748 60.618763, 9.1097367 60.6196868, 9.11222247926783 60.620738033208724, 9.11919640085016 60.62403530189575)"
relation/7851611-300,NO66-300,300.0,1005.455,3523.83,Al/St 240/40 3-bundle 300.0,"LINESTRING (9.069934634797598 60.60603846440761, 9.080042458873498 60.6061137467502, 9.0804952 60.6061196, 9.0855753 60.6070779, 9.0890515 60.6091262, 9.0934342 60.6117219, 9.0977687 60.61422, 9.1004777 60.6156414, 9.1043079 60.6175523, 9.107371 60.6188709, 9.1095275 60.6197894, 9.112004067700427 60.6208541011721, 9.11919640085016 60.62403530189575)"
relation/10086891-300,relation/7802012-300,300.0,1005.455,4731.67,Al/St 240/40 3-bundle 300.0,"LINESTRING (5.976015034178005 60.926333752247686, 5.988593761701183 60.91955667156722, 5.9888202 60.9192591, 5.9910464 60.9164301, 5.9933692 60.9134625, 5.9982455 60.9072397, 6.0011798 60.9026853, 6.0030788 60.8997373, 6.0043502 60.8977779, 6.0066891 60.8941328, 6.007764023255375 60.89262819572416, 6.012479163845273 60.88824812532687)"
relation/7802012-300,NO61-300,300.0,1005.455,3375.19,Al/St 240/40 3-bundle 300.0,"LINESTRING (6.012479163845273 60.88824812532687, 6.021936142220186 60.8870671437693, 6.032846 60.8853458, 6.0398841 60.8845576, 6.0463536 60.8838841, 6.0530805 60.8846202, 6.0576403 60.8851944, 6.062082 60.8860923, 6.062765219022038 60.88666484616973, 6.064817900000002 60.89104579712693)"
NO66-300,relation/10308957-300,300.0,1005.455,125589.67,Al/St 240/40 3-bundle 300.0,"LINESTRING (9.11919640085016 60.62403530189575, 9.1254147690321 60.62048333429145, 9.1274822 60.6194341, 9.1312239 60.6172944, 9.1343915 60.6154809, 9.1375619 60.6136594, 9.1417623 60.6112507, 9.1458285 60.6089209, 9.1501951 60.6064013, 9.1518205 60.6038842, 9.1540736 60.6003714, 9.1561121 60.5971849, 9.1577965 60.5945564, 9.1597491 60.5914983, 9.1621041 60.5878156, 9.1640729 60.5847306, 9.1658217 60.5819773, 9.1673076 60.5796585, 9.1691476 60.5767888, 9.1706765 60.57438, 9.1723341 60.5717918, 9.1737395 60.569583, 9.1751879 60.5673293, 9.1771352 60.564266, 9.1787325 60.5617772, 9.1805416 60.5589349, 9.1811907 60.5566593, 9.18199 60.5538403, 9.1828215 60.5509155, 9.1835457 60.5483571, 9.1842323 60.5459542, 9.1848546 60.5437172, 9.1855681 60.5412242, 9.186582 60.5376308, 9.1872686 60.5352191, 9.1879821 60.5326806, 9.1889423 60.5292815, 9.1892803 60.5269008, 9.1896933 60.5239235, 9.1899508 60.5221021, 9.1901976 60.5203176, 9.1905838 60.5175218, 9.1910344 60.5143139, 9.1913456 60.5120272, 9.1916782 60.5097694, 9.1933089 60.5076515, 9.195326 60.50505, 9.1971821 60.5026386, 9.1987163 60.5006628, 9.2006367 60.498177, 9.2020798 60.496341, 9.2066342 60.4945973, 9.2102712 60.4932049, 9.21489 60.4922987, 9.2232156 60.4906155, 9.2266381 60.4887764, 9.2325389 60.4856132, 9.2367446 60.4833457, 9.2390782 60.4821061, 9.2419348 60.4805705, 9.2491579 60.478329, 9.2556971 60.4763068, 9.2572528 60.4758257, 9.2602891 60.4720822, 9.2631859 60.4684996, 9.2654845 60.4656584, 9.2672199 60.4635045, 9.2736518 60.4595321, 9.2799872 60.4556096, 9.2822295 60.4542182, 9.2866123 60.4517024, 9.2894956 60.4500529, 9.2907911 60.4493081, 9.2982638 60.4476096, 9.3029255 60.4465512, 9.3070131 60.4459956, 9.3118465 60.4453393, 9.3190777 60.4438523, 9.3247908 60.4426641, 9.3276823 60.4420687, 9.3318665 60.4406767, 9.3346775 60.4397372, 9.3383413 60.4385198, 9.3401706 60.4379191, 9.3478846 60.4368101, 9.3572322 60.4354656, 9.3648764 60.4343605, 9.3673441 60.4340124, 9.3691787 60.4341355, 9.3771529 60.4346609, 9.3822759 60.4351823, 9.3873346 60.4357011, 9.3913042 60.4361034, 9.4010514 60.4355185, 9.4069576 60.4351638, 9.413588 60.4347641, 9.4212645 60.4343036, 9.4254541 60.4340468, 9.4285977 60.4338589, 9.4372237 60.4326016, 9.4414294 60.4319821, 9.4457102 60.4313601, 9.4501519 60.4307115, 9.4559777 60.4273414, 9.4611812 60.4243364, 9.4659716 60.4215641, 9.4713843 60.4184394, 9.4748175 60.4164452, 9.4784331 60.4143582, 9.4812012 60.4127638, 9.4853371 60.4103666, 9.4882929 60.4086501, 9.4908142 60.4071878, 9.4933301 60.4067295, 9.4974607 60.4059772, 9.508034 60.4040432, 9.5113707 60.4034338, 9.5152652 60.4027185, 9.5182639 60.4021647, 9.528054 60.4019501, 9.5388579 60.4017143, 9.541803 60.4016454, 9.5526123 60.4014069, 9.5561528 60.4008214, 9.5635503 60.3996025, 9.5719886 60.3982034, 9.5766342 60.3974376, 9.5823312 60.3964916, 9.587701 60.3956091, 9.5910108 60.3950605, 9.5941597 60.3945385, 9.5974696 60.3933883, 9.6021688 60.3917398, 9.6064228 60.3902502, 9.6105829 60.3888043, 9.6168727 60.3866003, 9.6235943 60.3842516, 9.6303964 60.3818735, 9.6345109 60.3804286, 9.6411359 60.3781086, 9.6442956 60.3765575, 9.6491048 60.374159, 9.6528089 60.3723597, 9.65702 60.3702646, 9.6613759 60.368111, 9.6647286 60.3664506, 9.6672767 60.3651907, 9.6715361 60.3630871, 9.6748942 60.3614212, 9.6755549 60.3610954, 9.6783972 60.3596941, 9.681707 60.3580545, 9.6850759 60.3563857, 9.6891206 60.3543877, 9.6930903 60.3524135, 9.6967971 60.3505878, 9.7000265 60.3489796, 9.7025424 60.3477455, 9.7055465 60.3462513, 9.7089663 60.3445659, 9.7120696 60.3430238, 9.7153956 60.3413887, 9.7186545 60.3380943, 9.7219428 60.334785, 9.7236903 60.333024, 9.7260708 60.330623, 9.7283345 60.3279144, 9.7314835 60.3241592, 9.7339296 60.321211, 9.737159 60.3186464, 9.7395623 60.3167352, 9.7413835 60.3153059, 9.7453451 60.3121577, 9.7483009 60.3098143, 9.7506612 60.3079437, 9.7544351 60.3049475, 9.7574902 60.3025278, 9.7610253 60.2997106, 9.7638899 60.2974301, 9.7663897 60.2954418, 9.772245 60.2933657, 9.7782075 60.2912415, 9.7816515 60.2900159, 9.7873968 60.2879713, 9.7926485 60.2860835, 9.7969937 60.2849933, 9.8027176 60.2835441, 9.8064887 60.2825894, 9.8108339 60.2814858, 9.8156351 60.2802678, 9.8225069 60.2785232, 9.8281074 60.2771003, 9.8338687 60.2756374, 9.8398286 60.2741239, 9.8442542 60.2730014, 9.8488516 60.2718363, 9.853524 60.2706551, 9.8585612 60.2690111, 9.8641241 60.2672073, 9.8713231 60.2648766, 9.8746008 60.2638017, 9.8784095 60.262575, 9.8836559 60.2608667, 9.8871857 60.2597198, 9.8920619 60.258139, 9.897877 60.2562441, 9.9008864 60.2552674, 9.904148 60.2542081, 9.9082464 60.252872, 9.9131173 60.2512882, 9.9176288 60.2498189, 9.9229556 60.2480779, 9.9302137 60.2467309, 9.9338239 60.2460547, 9.9383408 60.2452134, 9.9443918 60.2440899, 9.94937 60.2431581, 9.9553728 60.2420425, 9.9601954 60.2411425, 9.9657905 60.2401014, 9.970125 60.2392919, 9.9740839 60.238553, 9.9797165 60.2374945, 9.9839598 60.2367143, 9.988718 60.2358168, 9.9936345 60.2349007, 9.9986047 60.2339753, 10.003505 60.2330511, 10.0095051 60.2325571, 10.0175571 60.2318886, 10.0220525 60.2315157, 10.0298819 60.2308685, 10.0338703 60.2305355, 10.0378561 60.2302053, 10.0451571 60.2296006, 10.0518572 60.2290413, 10.0595874 60.2283993, 10.0661534 60.2278533, 10.0701445 60.2275177, 10.0757584 60.2270515, 10.0823669 60.2265028, 10.0834912 60.2264095, 10.0896764 60.2258927, 10.0926905 60.2256407, 10.0937868 60.225549, 10.0947769 60.2254662, 10.0963658 60.2253333, 10.0964548 60.2253258, 10.0987907 60.2251302, 10.099702 60.2250539, 10.1008826 60.224955, 10.105201 60.2245927, 10.1132315 60.2239214, 10.1180059 60.2233593, 10.1210958 60.2229916, 10.124647 60.2225814, 10.1289225 60.2215104, 10.1331845 60.22045, 10.1384228 60.2191524, 10.1419312 60.2182852, 10.1462308 60.2172247, 10.1501575 60.2162494, 10.1550257 60.2150436, 10.162957 60.2130783, 10.1700702 60.2113154, 10.1738924 60.2103707, 10.1760894 60.2098264, 10.1786694 60.2091873, 10.1820141 60.2083544, 10.1857075 60.2074456, 10.1916191 60.2059756, 10.1959375 60.204904, 10.1998937 60.2039164, 10.20363 60.2029941, 10.2078304 60.2019571, 10.2132136 60.2006242, 10.2177519 60.1995031, 10.2208044 60.1987499, 10.2272469 60.1971556, 10.2312675 60.1961624, 10.2352211 60.1951852, 10.239341 60.1941667, 10.2443594 60.1929267, 10.2508476 60.1913254, 10.2548254 60.1900854, 10.2579528 60.1891133, 10.2646235 60.1870385, 10.2676544 60.186093, 10.2717313 60.1848228, 10.2758485 60.1835418, 10.279507 60.1824055, 10.2836698 60.1811091, 10.2878031 60.179818, 10.2908286 60.178875, 10.2962011 60.1772143, 10.3035799 60.1743089, 10.3086707 60.1723012, 10.3124097 60.1708336, 10.3157356 60.1695274, 10.3187236 60.1683546, 10.3213119 60.1673392, 10.3244287 60.1661116, 10.328106 60.1646651, 10.3323868 60.1629824, 10.336099 60.1615184, 10.3402323 60.1598929, 10.3431961 60.1587104, 10.3480133 60.1574558, 10.3554779 60.1554977, 10.3599733 60.1543151, 10.3650025 60.1529935, 10.3695863 60.1517881, 10.3729391 60.1509044, 10.3761551 60.1500566, 10.3811735 60.1487443, 10.3866345 60.1473024, 10.3922886 60.145815, 10.3967035 60.1446534, 10.4003781 60.14368, 10.4037604 60.142784, 10.4080197 60.1416636, 10.4109514 60.1408905, 10.4137516 60.1401507, 10.4170722 60.1392746, 10.4219377 60.1379952, 10.425725 60.137258, 10.4289275 60.1366383, 10.4324681 60.1359518, 10.4364324 60.1351798, 10.4411852 60.1342636, 10.4456806 60.1333901, 10.4502082 60.1325058, 10.4541618 60.1317391, 10.4595691 60.1306892, 10.4646921 60.1296927, 10.4698259 60.1286934, 10.4714942 60.1283595, 10.4732698 60.1278224, 10.4764938 60.1268445, 10.4805547 60.1256047, 10.4842669 60.1244638, 10.4875553 60.123459, 10.4914337 60.1222752, 10.4966962 60.1206745, 10.5016986 60.1191351, 10.5053973 60.1180073, 10.5093831 60.1167939, 10.5131704 60.1156312, 10.5166894 60.1145514, 10.5200583 60.1135196, 10.5238831 60.1123462, 10.5278796 60.1111245, 10.5315435 60.1100071, 10.5355668 60.1087774, 10.5407005 60.1072081, 10.5442786 60.1061133, 10.5511075 60.10312, 10.5548143 60.1014863, 10.5586445 60.0998043, 10.5616218 60.0984886, 10.5661601 60.0964909, 10.5693144 60.0951136, 10.5743408 60.0929017, 10.5770713 60.0917007, 10.582146 60.0894619, 10.584501 60.0884267, 10.5885518 60.086638, 10.5946478 60.083951, 10.5974467 60.082719, 10.6001772 60.0815157, 10.606176 60.0788607, 10.6103119 60.0780486, 10.6142145 60.0772725, 10.6192383 60.0762737, 10.6249394 60.0751377, 10.6296734 60.0741971, 10.6379789 60.0742506, 10.6436585 60.0734879, 10.645595 60.0724113, 10.6493622 60.0703124, 10.6520203 60.0688275, 10.6554686 60.0669082, 10.6581156 60.0654321, 10.6609681 60.0638426, 10.6639588 60.0621748, 10.6680203 60.0599092, 10.6709567 60.0582726, 10.6739064 60.0566256, 10.6766966 60.0550688, 10.6802197 60.0531046, 10.6828563 60.0516341, 10.6861997 60.0497658, 10.6897777 60.0477705, 10.6932807 60.0458139, 10.6957 60.0444626, 10.6979316 60.043215, 10.6983367 60.0385022, 10.6985405 60.0361123, 10.6987296 60.0339266, 10.6989616 60.0312209, 10.6991762 60.0287475, 10.6994002 60.0261573, 10.699596 60.0238483, 10.699836 60.0210379, 10.7000265 60.0188224, 10.7002558 60.0161644, 10.7006031 60.012106, 10.70075 60.0104184, 10.7019952 60.0083319, 10.703052 60.00656, 10.7042295 60.0045876, 10.7055102 60.0024253, 10.7067963 60.0002609, 10.7086967 59.9970575, 10.7100311 59.9948136, 10.7111831 59.9928565, 10.7123458 59.9909034, 10.7133946 59.9891316, 10.71491 59.9865762, 10.7161673 59.9844566, 10.7174125 59.9823618, 10.7183419 59.9807912, 10.7201222 59.9777761, 10.7213165 59.9758074, 10.72157 59.9735539, 10.7219549 59.9704721, 10.7221721 59.9687308, 10.7223988 59.9668702, 10.7226643 59.9647719, 10.72281196338062 59.96352709702803, 10.7207909575547 59.95806758250444)"
way/205115991-420,way/128406208-420,420.0,1876.85,41540.18,Al/St 240/40 4-bundle 380.0,"LINESTRING (10.203721136814499 60.168806228149926, 10.193628144284222 60.167099904345406, 10.1890308 60.1663118, 10.1852381 60.1649374, 10.1815045 60.1635842, 10.1777279 60.1619455, 10.1724762 60.1596874, 10.1675355 60.1575519, 10.1639306 60.1559983, 10.159151 60.1546074, 10.1536739 60.1530109, 10.1487654 60.1515772, 10.1450264 60.1504838, 10.1402199 60.1490861, 10.137881 60.1470781, 10.1350486 60.1446827, 10.1320499 60.142135, 10.1279032 60.1386229, 10.1264602 60.1373916, 10.1231396 60.13604, 10.1194596 60.1345441, 10.1152915 60.1326528, 10.1097715 60.1301442, 10.1058555 60.1283541, 10.1028514 60.1263903, 10.0997829 60.1243836, 10.0958937 60.1218423, 10.0911945 60.1187957, 10.0869405 60.1160188, 10.0840652 60.1143108, 10.0814795 60.1121617, 10.0780249 60.1101355, 10.0728965 60.1071359, 10.0703645 60.1054221, 10.0672316 60.1026254, 10.0637287 60.0994781, 10.0611001 60.0971221, 10.059346 60.0949825, 10.0576615 60.0929231, 10.0548935 60.0895475, 10.0532252 60.0875145, 10.0510848 60.0848847, 10.0490785 60.0824314, 10.0470078 60.0798922, 10.045141 60.0771735, 10.0436926 60.0750648, 10.0416487 60.0720915, 10.040195 60.0699771, 10.0365257 60.0646531, 10.0353455 60.0627738, 10.0332266 60.0593978, 10.0316656 60.0569291, 10.030598 60.0548111, 10.0294769 60.0525751, 10.0283611 60.0503523, 10.0271004 60.0478589, 10.0261509 60.0459519, 10.0245792 60.042834, 10.0237745 60.0409347, 10.0249654 60.0372724, 10.0256896 60.0350406, 10.0263816 60.0328917, 10.0256252 60.0304184, 10.0248045 60.0277305, 10.0240159 60.0251844, 10.0230932 60.0221718, 10.0223529 60.0197593, 10.0199926 60.0174485, 10.0173962 60.014899, 10.0152504 60.0127944, 10.0166881 60.0097833, 10.0180399 60.0069328, 10.0197619 60.0033204, 10.0212371 60.0002119, 10.0223207 59.9979266, 10.0272292 59.9954614, 10.0360295 59.9910349, 10.0409004 59.9885799, 10.0438106 59.986334, 10.0475711 59.9834252, 10.0508487 59.9809133, 10.0547594 59.9778966, 10.0581711 59.9752608, 10.0600433 59.9738193, 10.0647265 59.9707752, 10.068106 59.9671857, 10.0714695 59.9648014, 10.0748491 59.9623808, 10.0812918 59.959396, 10.0885713 59.9560282, 10.0938606 59.9519993, 10.0969505 59.9464789, 10.1006359 59.9415648, 10.1064348 59.9384532, 10.1089212 59.9361912, 10.1125409 59.9329205, 10.1143018 59.929521, 10.1148704 59.9285487, 10.1162222 59.9259298, 10.1163335 59.9257202, 10.1174936 59.9234821, 10.1198874 59.9199857, 10.121529 59.9176222, 10.1254986 59.9148196, 10.1292443 59.9124302, 10.1327285 59.9102095, 10.1369262 59.9075212, 10.1395252 59.9058536, 10.1450881 59.9023364, 10.1487038 59.9003833, 10.1512465 59.898757, 10.1543646 59.8967566, 10.1590155 59.8937666, 10.1632856 59.8910306, 10.167667 59.8893365, 10.1720926 59.8876263, 10.177276 59.8856306, 10.1819792 59.8843171, 10.1881912 59.8825918, 10.1931815 59.880083, 10.1954573 59.8786293, 10.200626 59.87533, 10.2046184 59.8728126, 10.20763735256155 59.87146256354081, 10.215782447790119 59.867249203351896)"
NO84-420,way/128406208-420,420.0,1876.85,28558.76,Al/St 240/40 4-bundle 380.0,"LINESTRING (9.819521813347576 59.727689974523784, 9.826100495950195 59.73110894643247, 9.8271874 59.7317078, 9.8315701 59.7341196, 9.834609 59.7357824, 9.8392613 59.7383247, 9.8430258 59.7403958, 9.8474407 59.7429043, 9.850933 59.7448774, 9.85457 59.746945, 9.857161 59.7492179, 9.8595536 59.7513448, 9.8622465 59.7537092, 9.8647839 59.7559276, 9.8658031 59.7586052, 9.8669136 59.7616877, 9.8680025 59.7646268, 9.8690432 59.7674279, 9.8704219 59.7696859, 9.8713392 59.7712551, 9.8725676 59.7733157, 9.8752069 59.7748523, 9.8796755 59.7774041, 9.8820841 59.7788082, 9.8845625 59.7802716, 9.8878831 59.7822102, 9.8907423 59.7845077, 9.8936713 59.7868725, 9.8955756 59.7884112, 9.899549 59.7918534, 9.9013585 59.7934667, 9.9054676 59.7947702, 9.9106497 59.7963841, 9.9148124 59.7975715, 9.9214697 59.7990665, 9.9251389 59.7998895, 9.928717 59.8007017, 9.9336845 59.8018013, 9.9386814 59.802921, 9.9442148 59.8041608, 9.9497884 59.8054073, 9.9550831 59.8065998, 9.9623358 59.8082293, 9.9678987 59.8090359, 9.9727589 59.8097616, 9.9751139 59.8101122, 9.9817014 59.811109, 9.9886939 59.8121084, 9.9944293 59.812954, 10.0005554 59.8138495, 10.0047697 59.8144713, 10.010688 59.8153506, 10.0160873 59.8165319, 10.0214075 59.8176984, 10.0246543 59.8184117, 10.0297008 59.8195221, 10.0352932 59.8207579, 10.0400046 59.8218016, 10.0463748 59.8233871, 10.0516829 59.8246788, 10.0569306 59.8258813, 10.0637005 59.8274364, 10.0669017 59.8287299, 10.0707923 59.8303171, 10.0750315 59.8320324, 10.0803517 59.8341984, 10.0844702 59.8358751, 10.0887604 59.837617, 10.0942831 59.8398615, 10.101981 59.8429561, 10.1063785 59.8446357, 10.1127796 59.8470717, 10.1151708 59.8479838, 10.1175378 59.8488891, 10.1230082 59.8509584, 10.1260766 59.8521237, 10.1316985 59.8542574, 10.1351881 59.8555842, 10.1439804 59.8567856, 10.1508737 59.8577284, 10.1541218 59.8581743, 10.1593253 59.8588867, 10.1679245 59.8600611, 10.1719451 59.8604679, 10.1788008 59.8611507, 10.181817 59.8614012, 10.1865122 59.8617863, 10.1923943 59.8622698, 10.1998427 59.8636528, 10.204711623654315 59.864561652706975, 10.215782447790119 59.867249203351896)"
relation/7883882-300,NO87-300,300.0,1005.455,35954.81,Al/St 240/40 3-bundle 300.0,"LINESTRING (8.036144306932275 59.448024771517176, 8.039004867926547 59.452803849129275, 8.0404526 59.4550138, 8.0473083 59.4576664, 8.0517447 59.4593756, 8.0549204 59.4605723, 8.0623823 59.4633579, 8.0694097 59.4659526, 8.0736744 59.4675306, 8.0811846 59.4701631, 8.0877453 59.4707953, 8.0949283 59.4714929, 8.1018242 59.4721537, 8.1081596 59.4727613, 8.1147739 59.4733989, 8.1204978 59.4739493, 8.1297004 59.4748212, 8.1376156 59.4751468, 8.1503722 59.4756741, 8.1525341 59.4757653, 8.1619272 59.4761645, 8.1674311 59.4765841, 8.1740159 59.4770936, 8.1787419 59.4774559, 8.1827331 59.4773374, 8.1912598 59.4770023, 8.1992581 59.4766883, 8.2032573 59.4765228, 8.2119423 59.4761958, 8.2181007 59.4759697, 8.2231271 59.4757844, 8.2290816 59.4769478, 8.2377881 59.4786124, 8.2472455 59.4804241, 8.251757 59.4814511, 8.2554531 59.4823283, 8.2666969 59.4826007, 8.2730645 59.4826715, 8.284319 59.4834696, 8.291494 59.4840948, 8.2951123 59.4844087, 8.2986394 59.4852272, 8.3077803 59.487347, 8.3130643 59.4885713, 8.3170608 59.4894864, 8.3210546 59.4904273, 8.3253917 59.4914717, 8.3283341 59.4916338, 8.3313677 59.4918108, 8.3396316 59.492286, 8.3447465 59.493231, 8.34984 59.4941568, 8.3554029 59.4951739, 8.3587396 59.4957825, 8.3615613 59.4962971, 8.3665515 59.4972148, 8.3729848 59.4983965, 8.3779255 59.4993038, 8.3848858 59.5005787, 8.389644 59.5014527, 8.3957031 59.502558, 8.4020975 59.5037313, 8.4065688 59.503587, 8.4146342 59.5032876, 8.4186602 59.5031433, 8.4240219 59.5029555, 8.4340534 59.5026097, 8.4412095 59.5025593, 8.4449378 59.5025321, 8.4480169 59.5024954, 8.4559509 59.5024014, 8.4617096 59.5018025, 8.469311 59.5009912, 8.4753406 59.5003133, 8.4854901 59.5007543, 8.4919167 59.5010783, 8.5043031 59.5015411, 8.5108826 59.5017834, 8.5186234 59.502072, 8.5271153 59.5032086, 8.5321686 59.5038552, 8.5427338 59.5045753, 8.5500455 59.5049809, 8.5547152 59.5052395, 8.5603371 59.5055471, 8.563486 59.5057131, 8.5763834 59.5048754, 8.5824184 59.5026784, 8.5913569 59.4994243, 8.596622 59.499442, 8.6046875 59.4985067, 8.6100063 59.4978873, 8.6159313 59.4972039, 8.6198285 59.49676, 8.623064820905334 59.498133061847234, 8.631587606653556 59.49973348061359)"
NO91-420,NO90-420,420.0,1876.85,1399.3,Al/St 240/40 4-bundle 380.0,"LINESTRING (9.438009547951506 59.224103446902994, 9.445334029909251 59.22711065247435, 9.450525726718064 59.228978977147634, 9.457948001302611 59.231361847007264)"
NO91-420,NO90-420,420.0,1876.85,1398.23,Al/St 240/40 4-bundle 380.0,"LINESTRING (9.438009547951506 59.224103446902994, 9.445480567098135 59.22699787168048, 9.45060571008878 59.22891152461999, 9.457948001302611 59.231361847007264)"
NO91-420,NO90-420,420.0,1876.85,1399.2,Al/St 240/40 4-bundle 380.0,"LINESTRING (9.438009547951506 59.224103446902994, 9.445888494192495 59.2266448748277, 9.451063511694763 59.22854468863865, 9.457948001302611 59.231361847007264)"
NO91-420,NO90-420,420.0,1876.85,1401.01,Al/St 240/40 4-bundle 380.0,"LINESTRING (9.438009547951506 59.224103446902994, 9.445178647333885 59.22721669545732, 9.45045541981011 59.22904751910511, 9.457948001302611 59.231361847007264)"
NO91-420,NO90-420,420.0,1876.85,1398.25,Al/St 240/40 4-bundle 380.0,"LINESTRING (9.438009547951506 59.224103446902994, 9.445772038636182 59.22675209198018, 9.450980658658779 59.22860124124598, 9.457948001302611 59.231361847007264)"
NO91-420,NO90-420,420.0,1876.85,1400.69,Al/St 240/40 4-bundle 380.0,"LINESTRING (9.438009547951506 59.224103446902994, 9.445992387793067 59.22653413857361, 9.451145331514393 59.228488841268955, 9.457948001302611 59.231361847007264)"
way/206538656-300,way/100648754-300,300.0,1005.455,21155.16,Al/St 240/40 3-bundle 300.0,"LINESTRING (9.543963792055218 59.27247517968105, 9.555738853073414 59.27035349328448, 9.558194 59.2683849, 9.5631212 59.26454, 9.5680243 59.2607344, 9.572643 59.2571341, 9.5779243 59.2532852, 9.5811295 59.2519687, 9.5861989 59.2498884, 9.5907024 59.2486568, 9.5932773 59.2464686, 9.5966327 59.2435931, 9.5997307 59.2409416, 9.6033382 59.2371827, 9.6050683 59.2353937, 9.6088019 59.2315135, 9.6122566 59.2270456, 9.6154457 59.2229133, 9.6182004 59.2208902, 9.6210194 59.218823, 9.6238652 59.2160858, 9.6274942 59.2125837, 9.6314049 59.2088149, 9.6351734 59.2051803, 9.637641 59.2021055, 9.6404158 59.1986343, 9.64265 59.1958261, 9.6448722 59.1930583, 9.6475062 59.1897736, 9.6502474 59.186104, 9.6529122 59.1825542, 9.6550781 59.1796663, 9.6576979 59.1765976, 9.6616924 59.174481, 9.6676898 59.1712963, 9.6722361 59.1688976, 9.6781585 59.1660533, 9.682965 59.1637491, 9.6878037 59.1625447, 9.6932687 59.161132, 9.6944636 59.1588075, 9.6962835 59.1552769, 9.6976165 59.1515794, 9.6982777 59.1465411, 9.698562 59.1444138, 9.6992011 59.1412163, 9.6999387 59.137495, 9.7003564 59.1354644, 9.6970385 59.1325042, 9.6942464 59.1304007, 9.6893258 59.1270171, 9.6857008 59.1224568, 9.6836275 59.1198539, 9.681059546488605 59.11835839408375, 9.672889631494694 59.115598344341784)"
relation/11568632-420,way/206628449-420,420.0,1876.85,14931.72,Al/St 240/40 4-bundle 380.0,"LINESTRING (9.475947112534435 59.12861697406245, 9.484729580194257 59.12503217232601, 9.4908998 59.122793, 9.4936057 59.1207427, 9.4896831 59.1156814, 9.4882098 59.1138341, 9.4858494 59.1108861, 9.4838787 59.1084133, 9.4817291 59.1057338, 9.4801283 59.1019689, 9.4771528 59.0981616, 9.4758797 59.0965638, 9.4742677 59.0945401, 9.471792 59.0912033, 9.4698715 59.0890208, 9.4674709 59.0861533, 9.4687074 59.0833215, 9.4693136 59.0819378, 9.4701236 59.0800828, 9.4707647 59.0785047, 9.4714165 59.0768934, 9.4773898 59.072388, 9.4840792 59.0704242, 9.4904736 59.0685258, 9.496192 59.0668231, 9.5042521 59.064355, 9.5071033 59.0635801, 9.5133662 59.0617186, 9.5194039 59.059839, 9.5258439 59.057831, 9.5313531 59.0556589, 9.5378387 59.0530714, 9.547032 59.052581, 9.5527035 59.0522783, 9.5594922 59.05191, 9.5669004 59.050412, 9.5731795 59.049078, 9.5792198 59.0477896, 9.5877814 59.0447366, 9.587960330904107 59.04467281625002, 9.596081463920276 59.0411524672579)"
way/1028850314-300,way/631983832-300,300.0,1005.455,14854.84,Al/St 240/40 3-bundle 300.0,"LINESTRING (4.869643699789878 60.54846387179329, 4.870744792278639 60.54376156833355, 4.8707226 60.5434283, 4.8707145 60.5428928, 4.8707467 60.5425802, 4.8708218 60.542228, 4.8709103 60.5419246, 4.8710257 60.5416437, 4.8714977 60.5406801, 4.8717821 60.5404815, 4.8722662 60.5395509, 4.8726886 60.5387191, 4.8729676 60.5382172, 4.8730588 60.5380912, 4.8731017 60.5380279, 4.8732868 60.5378458, 4.8734772 60.5376974, 4.8736663 60.5375806, 4.8737521 60.5375681, 4.8738112 60.5375641, 4.8739251 60.5375958, 4.8740512 60.537607, 4.8741652 60.5376011, 4.874306 60.5375925, 4.8744388 60.5375813, 4.8745501 60.537574, 4.8746695 60.5375727, 4.8747405 60.5375793, 4.8748076 60.5375991, 4.8748478 60.5376275, 4.8749591 60.5377924, 4.8749927 60.5378352, 4.8751013 60.5378986, 4.8752099 60.5379388, 4.8753749 60.5379764, 4.8755077 60.5379949, 4.8756579 60.5380041, 4.8757705 60.5380001, 4.8759046 60.5379593, 4.8760065 60.537892, 4.8766127 60.537268, 4.8770244 60.5367937, 4.8771572 60.536704, 4.8777379 60.536706, 4.8782395 60.5366901, 4.8787746 60.5366472, 4.8795497 60.5365391, 4.8801559 60.5364408, 4.8806682 60.5363445, 4.8811322 60.5362125, 4.8815399 60.5360661, 4.8833451 60.5352758, 4.8843563 60.534818, 4.8850509 60.5345449, 4.8855928 60.5343694, 4.8860541 60.5342823, 4.886494 60.5342335, 4.8869178 60.534223, 4.8873416 60.5342586, 4.8882776 60.5344222, 4.8894149 60.5346557, 4.8897582 60.5347032, 4.8901471 60.5347085, 4.8906755 60.5346847, 4.8910135 60.5346346, 4.891279 60.5345805, 4.8916063 60.5344882, 4.8920622 60.5343681, 4.8923036 60.5341873, 4.892934 60.5336253, 4.8933846 60.5332083, 4.8937815 60.5328943, 4.8943126 60.5325011, 4.8946291 60.5322451, 4.8950046 60.531877, 4.8952487 60.5315814, 4.8962063 60.5302276, 4.8970056 60.5290967, 4.8978665 60.5279605, 4.8995832 60.5255468, 4.8999479 60.5250295, 4.900243 60.5245794, 4.9003985 60.5242574, 4.9005246 60.5239354, 4.900648 60.5235751, 4.9007311 60.5232504, 4.9007902 60.5229297, 4.9008197 60.5225548, 4.9008036 60.5209287, 4.9008331 60.5205723, 4.9008706 60.5203097, 4.9009779 60.5199704, 4.9011201 60.5196959, 4.9013132 60.5193976, 4.9015465 60.5191217, 4.9020508 60.5185792, 4.9030673 60.5174479, 4.9033383 60.5171482, 4.9035045 60.5170083, 4.9037862 60.5167878, 4.9041054 60.5166123, 4.904497 60.5164103, 4.9064308 60.5155667, 4.90756 60.515069, 4.9085471 60.5146268, 4.9091908 60.5143152, 4.9098238 60.5139937, 4.9105936 60.5135587, 4.9114197 60.5129804, 4.9120796 60.5124471, 4.9124819 60.5120563, 4.9128467 60.51161, 4.9132544 60.5110819, 4.9145687 60.509133, 4.9162638 60.5066373, 4.9173421 60.5050263, 4.9189997 60.5025752, 4.919697 60.501545, 4.9211669 60.4993724, 4.9217543 60.4985112, 4.9219984 60.4982312, 4.9223551 60.497934, 4.9227467 60.4976777, 4.9231893 60.4974545, 4.923774 60.4972286, 4.9245089 60.4970252, 4.9251258 60.4969024, 4.9256784 60.4968165, 4.9261719 60.4967795, 4.926762 60.4967571, 4.9324805 60.496662, 4.9329177 60.4966699, 4.9334112 60.4966963, 4.933894 60.4967505, 4.9342775 60.4968139, 4.9347094 60.4969116, 4.9350983 60.4970265, 4.9355489 60.497189, 4.9362865 60.4975199, 4.9365078 60.4976071, 4.9368149 60.4976975, 4.9372333 60.4977675, 4.9377912 60.4978296, 4.9383759 60.4978336, 4.938958 60.4977755, 4.9393094 60.4977107, 4.9397278 60.4975985, 4.9400926 60.4974558, 4.940401 60.497296, 4.9406585 60.497115, 4.9410716 60.4967756, 4.9414524 60.4964797, 4.9419969 60.4961204, 4.942359 60.4958905, 4.942807 60.4955682, 4.9431476 60.4952433, 4.9433783 60.4949843, 4.9436465 60.4944559, 4.9438611 60.4937188, 4.9439925 60.4932763, 4.9441481 60.4927267, 4.9443251 60.4922749, 4.9445316 60.4918548, 4.9447945 60.4914175, 4.9451163 60.4909524, 4.945949 60.4897812, 4.945972 60.4897488, 4.946731 60.4886813, 4.9471629 60.4880154, 4.947423 60.487582, 4.9477369 60.4869597, 4.9479407 60.4864708, 4.9481177 60.4859726, 4.9482438 60.4855591, 4.948343 60.4850913, 4.9484235 60.4846698, 4.9484745 60.4840804, 4.9484906 60.4830946, 4.948512 60.4828012, 4.9485576 60.4826215, 4.9487212 60.4822925, 4.948968 60.4818035, 4.9491075 60.4815167, 4.9492174 60.4811877, 4.9493006 60.4808586, 4.9494803 60.4798952, 4.9495608 60.4794894, 4.9496895 60.4789965, 4.9498048 60.4786132, 4.9499282 60.4783026, 4.950065 60.4779695, 4.9502501 60.4775757, 4.950572 60.4769003, 4.9507275 60.4765275, 4.9508616 60.4761376, 4.950934 60.4757067, 4.9509904 60.4752996, 4.9510494 60.4747405, 4.9511299 60.4743387, 4.951205 60.4740783, 4.951331 60.4737742, 4.9515375 60.4733631, 4.9521545 60.4720954, 4.952774 60.4708356, 4.9533722 60.4696234, 4.9537396 60.468887, 4.9539998 60.4683555, 4.9541822 60.4679933, 4.9543941 60.4676244, 4.9545604 60.4674036, 4.9548045 60.4671564, 4.95507 60.4669462, 4.9553946 60.4667293, 4.9558344 60.4664583, 4.9562556 60.4661833, 4.9565613 60.4659427, 4.9567759 60.4656875, 4.9568349 60.4655077, 4.9568778 60.4652035, 4.9568349 60.4649814, 4.9567464 60.4648122, 4.9564272 60.464479, 4.955923 60.4640188, 4.9556199 60.4636949, 4.9554482 60.4634397, 4.9553516 60.4631792, 4.9553087 60.4629333, 4.9553141 60.4626794, 4.9553677 60.4624149, 4.9555609 60.4617987, 4.9556413 60.4614999, 4.955695 60.4612274, 4.9556816 60.4609881, 4.9556172 60.460758, 4.9555287 60.4605464, 4.9553812 60.460315, 4.9551558 60.4600532, 4.9547562 60.4596789, 4.9545336 60.4594171, 4.9543941 60.4591341, 4.954378 60.4589027, 4.9544021 60.4586884, 4.9544612 60.4585535, 4.9545255 60.4584186, 4.9546543 60.4582613, 4.9548528 60.4580602, 4.956682 60.4563714, 4.957594 60.4555381, 4.9579936 60.4551731, 4.9583825 60.4548001, 4.9586749 60.454488, 4.9589485 60.4540991, 4.9591041 60.4537103, 4.9591443 60.4534352, 4.9592087 60.4522831, 4.9592435 60.4520966, 4.9593106 60.4518889, 4.9594232 60.4516667, 4.9595198 60.4515027, 4.9596915 60.4512447, 4.9600509 60.4507765, 4.960421 60.450287, 4.9607322 60.4498346, 4.9609414 60.4494616, 4.9611077 60.4490912, 4.9612391 60.4486705, 4.9613062 60.4484099, 4.9614 60.4478927, 4.9614778 60.4475646, 4.9616012 60.4471703, 4.9617836 60.4467311, 4.9623495 60.4456754, 4.9624971 60.4453843, 4.9625909 60.4451078, 4.9626607 60.4447599, 4.9627116 60.444363, 4.9627358 60.4438218, 4.9627706 60.4432913, 4.962842121784533 60.44295707130207, 4.9691103102373235 60.43943356053071)"
way/577998803-420,way/358915801-420,420.0,1876.85,75398.62,Al/St 240/40 4-bundle 380.0,"LINESTRING (7.476400533880359 58.68086452410385, 7.48633386605525 58.680712574944124, 7.4914822 58.6814531, 7.4938197 58.6817898, 7.5011328 58.6828417, 7.5051749 58.6834195, 7.5090829 58.6839814, 7.5116792 58.6843515, 7.5177558 58.6839828, 7.5245351 58.6835694, 7.5284833 58.6833268, 7.5337847 58.6830062, 7.538158 58.6825656, 7.5434795 58.6820282, 7.5486977 58.6813893, 7.5538503 58.6807588, 7.557777 58.6802785, 7.564791 58.6794196, 7.5669904 58.6791505, 7.570079 58.6787712, 7.5727008 58.6784582, 7.5825499 58.6775861, 7.5887337 58.6770367, 7.59683 58.6763179, 7.5997871 58.6756367, 7.6044273 58.6745713, 7.6094377 58.6734097, 7.6139948 58.6723526, 7.6185103 58.6712983, 7.6223633 58.6704065, 7.6278269 58.6691394, 7.6312789 58.6683396, 7.6383921 58.6666916, 7.6432416 58.665566, 7.6483753 58.6643727, 7.6535909 58.6631626, 7.6597023 58.6617433, 7.6658888 58.6603057, 7.6684463 58.6597128, 7.6717266 58.6589497, 7.6747441 58.6582459, 7.6791255 58.6572246, 7.6822878 58.6564866, 7.6863782 58.6555336, 7.6899429 58.6547062, 7.6940145 58.6537568, 7.696065 58.6532827, 7.6997772 58.6524263, 7.7050062 58.6517914, 7.7087747 58.6513344, 7.7123004 58.650906, 7.717701 58.6502509, 7.7231245 58.6495905, 7.7293459 58.6488352, 7.7345788 58.6486007, 7.7373442 58.6484751, 7.741334 58.6482979, 7.7444856 58.6481576, 7.7501357 58.6480844, 7.753825 58.6481479, 7.7575895 58.64821, 7.7604112 58.6482609, 7.7637559 58.6483216, 7.7679187 58.6483928, 7.7719635 58.6481695, 7.7755576 58.6479022, 7.7787937 58.6476608, 7.7823919 58.6473957, 7.78816 58.6469721, 7.7945544 58.6465011, 7.7983604 58.6462303, 7.8002836 58.6460929, 7.8061563 58.6456505, 7.8104022 58.6453337, 7.8199965 58.643737, 7.822798 58.6432736, 7.825841 58.6427663, 7.8282067 58.6423762, 7.8331983 58.641448, 7.8376347 58.6399698, 7.8411403 58.6386339, 7.8441337 58.637358, 7.8478717 58.635763, 7.8506085 58.6345939, 7.8546734 58.6328565, 7.8579967 58.6314331, 7.8610691 58.6301038, 7.8643388 58.628688, 7.8697461 58.6269035, 7.8761244 58.6248507, 7.8824584 58.6243487, 7.8881809 58.6238956, 7.8923276 58.6235681, 7.8976075 58.6231484, 7.9022947 58.6227783, 7.9100516 58.6222923, 7.9153101 58.6219634, 7.9218721 58.6215521, 7.9295245 58.6210717, 7.9349345 58.6204558, 7.9400146 58.619879, 7.9444724 58.6193734, 7.9502177 58.6187211, 7.9552281 58.6181136, 7.9584762 58.6177141, 7.9635966 58.6170925, 7.9702699 58.6162796, 7.9764685 58.6161804, 7.9800439 58.6161246, 7.9863551 58.6160261, 7.9907727 58.6159569, 7.9966199 58.6158647, 8.0029955 58.6157642, 8.0055517 58.6157209, 8.0101544 58.6156524, 8.01631 58.6142626, 8.0215457 58.6130794, 8.0269906 58.6118473, 8.0319232 58.6107338, 8.0358526 58.6098425, 8.0399215 58.6103036, 8.0439073 58.6107534, 8.050704 58.611519, 8.0553979 58.6120498, 8.0587399 58.6124298, 8.062731 58.612536, 8.0675322 58.6126673, 8.0729234 58.612807, 8.0788618 58.612969, 8.0846098 58.6131171, 8.0912402 58.6132917, 8.0938554 58.6133602, 8.102079 58.6135753, 8.1098521 58.613775, 8.1130171 58.6138588, 8.1190735 58.6140153, 8.1227106 58.6141117, 8.1274259 58.6142332, 8.1318301 58.614345, 8.1340778 58.6144022, 8.138372 58.614514, 8.1408665 58.6145782, 8.1435057 58.6146467, 8.1479448 58.6147612, 8.1511259 58.6149498, 8.1549829 58.6151929, 8.1594005 58.6154764, 8.1659907 58.6158983, 8.168807 58.6160785, 8.1732085 58.6163578, 8.178735 58.6167045, 8.1868154 58.6172168, 8.1913188 58.6167322, 8.1957632 58.6162489, 8.2037857 58.6153828, 8.2094425 58.6147696, 8.2133156 58.6143547, 8.2167569 58.6139818, 8.2209089 58.613532, 8.2244092 58.6131562, 8.2260561 58.6129774, 8.2328099 58.6122482, 8.2369485 58.6118039, 8.2396308 58.6115148, 8.2435226 58.6110021, 8.2473636 58.6104824, 8.2551956 58.6094206, 8.2623732 58.6084482, 8.2645082 58.6081576, 8.2669598 58.607772, 8.27528 58.6064782, 8.2823127 58.6053828, 8.288632 58.6044047, 8.2957077 58.6033037, 8.3020967 58.6023032, 8.3059752 58.6016995, 8.3101487 58.6010539, 8.3143705 58.6003999, 8.3201051 58.5994999, 8.3235007 58.5989689, 8.3274919 58.5983512, 8.3321106 58.5976301, 8.3365953 58.5969285, 8.3411872 58.5962157, 8.3477533 58.5951871, 8.3523157 58.5944784, 8.3562022 58.593876, 8.3591634 58.5934148, 8.3624572 58.5929032, 8.367843 58.5920604, 8.372907 58.5912706, 8.3767855 58.5906668, 8.3806479 58.5900629, 8.3829117 58.5898896, 8.386656 58.5896072, 8.3950674 58.5889754, 8.4033501 58.5883044, 8.4113887 58.5880304, 8.4168148 58.5878444, 8.4184831 58.5877899, 8.4231824 58.5876305, 8.4287426 58.5874432, 8.432385 58.5873174, 8.4367704 58.587165, 8.4414616 58.5870015, 8.4482932 58.5867694, 8.4538722 58.5865807, 8.4591508 58.5863989, 8.4639573 58.5862354, 8.467758 58.5861529, 8.4711564 58.5864003, 8.4767085 58.5868714, 8.4822205 58.5873398, 8.4878182 58.5878179, 8.4929252 58.588254, 8.4978443 58.5886762, 8.5038042 58.589185, 8.5085088 58.5895904, 8.511588 58.5898532, 8.5210374 58.5901328, 8.5228372 58.5901132, 8.534714 58.5899287, 8.5395688 58.589842, 8.544606 58.5897693, 8.5490316 58.589705, 8.5538837 58.5896296, 8.5591972 58.5895429, 8.5624105 58.5894898, 8.5640627 58.5894618, 8.5721254 58.5893276, 8.5770634 58.5892368, 8.5797483 58.5892004, 8.5865718 58.5890956, 8.597129 58.588911, 8.6012918 58.588967, 8.6065194 58.5890355, 8.6127716 58.5891151, 8.6162853 58.5891571, 8.6216632 58.5892256, 8.6274916 58.5892983, 8.633548 58.5893723, 8.6378771 58.5894311, 8.6414391 58.5894786, 8.6488742 58.5895653, 8.6530584 58.5896184, 8.655923 58.5895681, 8.6659276 58.5894618, 8.6727351 58.5893751, 8.6780566 58.5893053, 8.6838233 58.5892437, 8.690781 58.5891571, 8.6961508 58.5890872, 8.7016413 58.5890285, 8.7066849 58.5889492, 8.7094223 58.587611, 8.7148498 58.5849191, 8.7180282 58.5853763, 8.72013718774203 58.585965047196396, 8.72976767832068 58.588295802832285)"
way/166227080-300,relation/17099135-300,300.0,2010.911,5123.55,Al/St 240/40 3-bundle 300.0,"LINESTRING (5.680166271739917 58.9262588766886, 5.688701709620194 58.922315921601445, 5.6893039 58.9210869, 5.6904236 58.9182654, 5.6913021 58.916049, 5.693119 58.9136093, 5.6954054 58.9105323, 5.6948038 58.9084816, 5.6942538 58.9069146, 5.6963927 58.9046496, 5.6962773 58.9026861, 5.6961262 58.8999941, 5.6959721 58.8973173, 5.6958252 58.8947847, 5.6955475 58.8911955, 5.695314515134027 58.888218320211195, 5.694139612190939 58.88305311032763)"
relation/8890887-420,way/240202234-420,420.0,1876.85,27489.64,Al/St 240/40 4-bundle 380.0,"LINESTRING (6.753734136337635 58.66987420117838, 6.753930261278064 58.67624572478207, 6.7558354 58.6783515, 6.7621681 58.680482, 6.7669612 58.6811471, 6.7697212 58.6815277, 6.7750601 58.6822673, 6.7766923 58.6831421, 6.7800853 58.684967, 6.7778242 58.687932, 6.7756891 58.690731, 6.7701477 58.6979934, 6.768478 58.7000196, 6.7662317 58.7050635, 6.7660788 58.7090647, 6.7659608 58.7122019, 6.765891 58.7140391, 6.7696246 58.7156054, 6.7739511 58.7174223, 6.7788729 58.7194877, 6.7821586 58.7208671, 6.7867184 58.7227819, 6.7899773 58.7241501, 6.7965473 58.7269064, 6.801728 58.7290847, 6.8030342 58.7301721, 6.807535 58.7339282, 6.8124434 58.7372245, 6.8143719 58.7385204, 6.8171722 58.7404078, 6.8214503 58.7432847, 6.8256225 58.7458975, 6.8290946 58.7480774, 6.8330857 58.7505835, 6.8378413 58.7530031, 6.8447828 58.756114, 6.8455473 58.7571101, 6.846718 58.7586348, 6.848664 58.7611749, 6.8503511 58.7633684, 6.8520315 58.7655521, 6.8538943 58.767986, 6.8515487 58.7695338, 6.8483528 58.771642, 6.8374443 58.7754701, 6.8311089 58.7801334, 6.8290021 58.7826607, 6.8277763 58.7841301, 6.8205839 58.7927462, 6.8203104 58.7946334, 6.819896 58.7974828, 6.8193099 58.8015019, 6.8188298 58.804803, 6.8176094 58.8076953, 6.8167189 58.8098123, 6.8150894 58.813675, 6.8130536 58.8185053, 6.8133661 58.8201648, 6.8137416 58.8221547, 6.8145221 58.8262841, 6.8150318 58.8289997, 6.8159893 58.8307516, 6.8167511 58.831933, 6.8210185 58.8385443, 6.8222254 58.8436847, 6.8226224 58.8453735, 6.82347 58.8489951, 6.8246019 58.8538135, 6.8254092 58.8572649, 6.8261361 58.8603554, 6.8267342 58.862895, 6.8275228 58.8662567, 6.8270132 58.8683563, 6.8264553 58.8706478, 6.8254575 58.8747526, 6.824498898366252 58.87633430142665, 6.815315527019763 58.87908974042673)"
way/842385259-420,relation/8293948-420,420.0,1876.85,1869.34,Al/St 240/40 4-bundle 380.0,"LINESTRING (15.989025933041313 67.63766266554708, 15.995464737881582 67.63305763636441, 15.9961018 67.6292713, 15.998307947577684 67.62618995320096, 15.990320913784279 67.62269397550581)"
relation/12832053-420,relation/8182117-420,420.0,1876.85,53399.24,Al/St 240/40 4-bundle 380.0,"LINESTRING (6.654956104800672 59.52990729398316, 6.661496616279024 59.525366882621704, 6.6619608 59.5250093, 6.6634655 59.5232748, 6.6655496 59.5208655, 6.6675746 59.5185349, 6.6693234 59.5160926, 6.6715389 59.5128296, 6.6726869 59.5111312, 6.6740575 59.5091035, 6.6754161 59.5071001, 6.6784 59.5026927, 6.6798994 59.5004793, 6.6811962 59.4984884, 6.6818118 59.49718, 6.6776597 59.4908658, 6.6771072 59.4900202, 6.6765976 59.4878223, 6.676214 59.4862112, 6.6762382 59.4846845, 6.6772172 59.4822833, 6.6781318 59.4808341, 6.6778167 59.478639, 6.6770831 59.4734745, 6.6767505 59.4703518, 6.6766378 59.4692379, 6.6757634 59.4661005, 6.6744143 59.4621764, 6.674771 59.4583806, 6.6749306 59.4566509, 6.6754094 59.4542259, 6.6762791 59.4498485, 6.6767491 59.4474858, 6.677071 59.4458694, 6.679206 59.4421734, 6.6805257 59.4400099, 6.6821471 59.4373552, 6.6861315 59.4351689, 6.6913913 59.4322834, 6.6988116 59.430182, 6.7059249 59.4291814, 6.7092052 59.4285416, 6.7129134 59.4274372, 6.7189497 59.4255511, 6.7259958 59.4238463, 6.728218 59.4230597, 6.7350765 59.4205443, 6.7361078 59.4195503, 6.7420757 59.4173989, 6.7462304 59.4161114, 6.7594095 59.4113885, 6.7623116 59.407297, 6.7631324 59.4060226, 6.7638606 59.4048991, 6.7694396 59.4027483, 6.7740315 59.4009754, 6.7764871 59.4000252, 6.7818381 59.3979593, 6.7852613 59.3964368, 6.7892209 59.394678, 6.7921431 59.3937057, 6.795398 59.3926351, 6.7985255 59.3917624, 6.8027821 59.3905783, 6.8066378 59.3898159, 6.810409 59.3890698, 6.813802 59.3884013, 6.8203962 59.38639, 6.8250176 59.3863757, 6.8278702 59.3862241, 6.8310754 59.385619, 6.8359087 59.3849326, 6.8387827 59.3808597, 6.8403196 59.3788849, 6.8416379 59.3777728, 6.843946 59.3757453, 6.845049 59.3746798, 6.8464612 59.3733179, 6.8480417 59.3722527, 6.8517834 59.369737, 6.8530159 59.3686601, 6.8561889 59.3659247, 6.8582341 59.3642504, 6.8594921 59.3632212, 6.8624076 59.3608223, 6.8636361 59.3598094, 6.8652896 59.3583804, 6.86892 59.3551942, 6.8701029 59.3541633, 6.8732303 59.3514356, 6.8749067 59.3499329, 6.8780181 59.3469027, 6.8796046 59.345354, 6.8816391 59.3433744, 6.8826368 59.3424006, 6.8841818 59.3408961, 6.8860111 59.3391153, 6.8872368 59.337928, 6.8889803 59.3362291, 6.8902677 59.3349788, 6.891751 59.3335246, 6.893068 59.3322441, 6.8949562 59.330404, 6.8969625 59.3284119, 6.8981749 59.3272324, 6.9009215 59.3249117, 6.9038048 59.3227428, 6.9057092 59.3213045, 6.9065943 59.3198703, 6.907517 59.3182977, 6.9088447 59.3160325, 6.9097593 59.3144762, 6.9108027 59.3126981, 6.9115685 59.3114825, 6.912801 59.3106584, 6.9144559 59.3095564, 6.9164702 59.3082216, 6.9197345 59.3060858, 6.9218346 59.3047057, 6.9240528 59.3032571, 6.9262925 59.3018727, 6.9286689 59.3003938, 6.9298491 59.2996667, 6.9338536 59.2986917, 6.9366781 59.2984512, 6.9393977 59.2982274, 6.9420572 59.2980028, 6.9473961 59.2975112, 6.9496116 59.2975304, 6.9539273 59.2975687, 6.9612792 59.2976194, 6.9654393 59.2977776, 6.9710827 59.2979933, 6.9850945 59.2985273, 6.9885439 59.2987163, 6.9911778 59.298856, 7.0002812 59.2993586, 7.0045513 59.29979, 7.0068258 59.30002, 7.0103073 59.3003788, 7.0152801 59.3008772, 7.0190835 59.3012593, 7.0241234 59.3006814, 7.0293295 59.3000885, 7.0332724 59.2996284, 7.0394844 59.2989081, 7.0430142 59.2985027, 7.0480594 59.2979207, 7.0516133 59.2975139, 7.0560443 59.2970045, 7.060588 59.2966744, 7.0667008 59.2962266, 7.0692489 59.296039, 7.071172 59.296369, 7.0752221 59.2970648, 7.0787439 59.2976673, 7.085098 59.2987574, 7.0895264 59.2995161, 7.094593 59.3003897, 7.1005797 59.3014085, 7.1036321 59.3019316, 7.1138567 59.3036788, 7.1174616 59.304295, 7.1242851 59.3054601, 7.1275654 59.3060228, 7.1331847 59.3069812, 7.1356335 59.3068457, 7.1398258 59.3066143, 7.1468157 59.3061351, 7.1514344 59.3060461, 7.158089 59.3059174, 7.1628338 59.3058188, 7.1678764 59.3077712, 7.1733266 59.3098781, 7.1793455 59.312219, 7.1828806 59.3135057, 7.1912706 59.3165745, 7.1963212 59.3184168, 7.2033808 59.3193748, 7.2101158 59.320289, 7.2126692 59.3206312, 7.2147345 59.3208255, 7.2196913 59.3212935, 7.2254366 59.3218245, 7.2300473 59.3236405, 7.2347878 59.325531, 7.2396094 59.3278755, 7.2405696 59.3302754, 7.2431744 59.3368943, 7.245060781602092 59.34167508727121, 7.249616362912333 59.3460548524069)"
relation/8894066-300,relation/8193470-300,300.0,1005.455,2659.28,Al/St 240/40 3-bundle 300.0,"LINESTRING (6.84788073238772 58.27602566732688, 6.879100637214298 58.281392286924294, 6.8809189 58.2813051, 6.882375319016493 58.281053516763066, 6.890474719054764 58.27890984913606)"
way/290373414-300,way/290390502-300,300.0,1005.455,56061.16,Al/St 240/40 3-bundle 300.0,"LINESTRING (10.565194314921962 60.802086229083265, 10.565257408892192 60.797180565406165, 10.5652052 60.7938953, 10.5651516 60.7909674, 10.565114 60.7884896, 10.5650818 60.786416, 10.5650443 60.7836092, 10.5650161 60.7818024, 10.5649933 60.7803105, 10.5655955 60.7790633, 10.5664015 60.7774068, 10.5680671 60.7739595, 10.5689261 60.7721774, 10.5699205 60.7701306, 10.5709653 60.7679603, 10.5723587 60.7650824, 10.5731392 60.7634698, 10.5742483 60.7611948, 10.5749229 60.7597877, 10.5767092 60.7560987, 10.5790454 60.7512494, 10.5801693 60.7493694, 10.5816056 60.7469585, 10.5827871 60.7449733, 10.5840544 60.7428695, 10.5853714 60.7406645, 10.5863808 60.7389608, 10.5877219 60.7367398, 10.5888677 60.7348151, 10.5904421 60.7321834, 10.5915177 60.7303803, 10.5926107 60.728543, 10.5938847 60.7264065, 10.5952352 60.7241503, 10.5963886 60.7222087, 10.5977538 60.7199131, 10.5989394 60.7179309, 10.6003663 60.7155333, 10.601816 60.7131106, 10.6029157 60.7112625, 10.6046538 60.7100572, 10.6080374 60.707703, 10.6101295 60.7062437, 10.6126401 60.7044982, 10.6150433 60.7028222, 10.6162275 60.7019985, 10.6174386 60.7011605, 10.6195307 60.6997114, 10.6221727 60.6978644, 10.6239778 60.6966094, 10.6258446 60.6953098, 10.6266338 60.6936799, 10.6275315 60.6918239, 10.6284356 60.6899504, 10.6295031 60.6877339, 10.6306726 60.6853124, 10.6315899 60.6834082, 10.6324643 60.681601, 10.6332153 60.6800381, 10.6343579 60.6776817, 10.6353879 60.6755458, 10.6364018 60.6734544, 10.6373781 60.6714181, 10.6383276 60.6694421, 10.6394809 60.6670639, 10.6403446 60.6652532, 10.6411707 60.6635528, 10.6420559 60.6617183, 10.6434613 60.6588059, 10.6439602 60.6577544, 10.6444806 60.6557697, 10.6449741 60.6539491, 10.6455991 60.6516382, 10.6461382 60.6496609, 10.6469536 60.6466436, 10.6475276 60.6445412, 10.6481472 60.6422571, 10.6486836 60.6402675, 10.6492174 60.6382777, 10.6497914 60.6361813, 10.6503653 60.6340611, 10.6509528 60.6319197, 10.6515455 60.6297071, 10.6521477 60.627501, 10.6527552 60.6252433, 10.6534231 60.622779, 10.6539434 60.620875, 10.6544316 60.619063, 10.6550136 60.6169048, 10.6556238 60.6146649, 10.6562528 60.6123353, 10.6568724 60.6100476, 10.6575188 60.6076493, 10.6580928 60.6055535, 10.658699 60.6033272, 10.6592059 60.6014616, 10.6598416 60.5991311, 10.66048 60.5967707, 10.6611451 60.5943253, 10.6617755 60.5920054, 10.6623736 60.5898177, 10.6629302 60.5877834, 10.6634679 60.5858187, 10.6639561 60.5840146, 10.6644523 60.5822006, 10.6650987 60.5798251, 10.66578 60.5773171, 10.6664693 60.574803, 10.6670547 60.5726494, 10.6676535 60.5704456, 10.6682637 60.5682064, 10.6688806 60.5659519, 10.6694774 60.5637565, 10.6701024 60.5614694, 10.6707515 60.5590687, 10.670663 60.5568169, 10.6705758 60.5546169, 10.6704873 60.5524847, 10.6704041 60.5502166, 10.6703103 60.5478883, 10.6702097 60.5453903, 10.6701292 60.5432668, 10.670042 60.5411754, 10.6699575 60.5390997, 10.6698838 60.537014, 10.6697966 60.5348833, 10.6696987 60.532546, 10.6696169 60.5304401, 10.6695425 60.5284439, 10.6694788 60.526883, 10.6688994 60.5256465, 10.6681672 60.5240746, 10.6669696 60.5215339, 10.6659007 60.519259, 10.6651014 60.5175416, 10.6642002 60.5156208, 10.6633767 60.5138571, 10.6620276 60.5109868, 10.6612015 60.5092056, 10.6600589 60.5067865, 10.6589068 60.5043092, 10.6578702 60.5020944, 10.6565183 60.4992211, 10.6556815 60.4974294, 10.654618 60.4951574, 10.6533989 60.4925523, 10.6528598 60.4913812, 10.6520471 60.4896557, 10.6514007 60.4882644, 10.6497793 60.4847966, 10.6481445 60.4813026, 10.6473264 60.4795496, 10.6462696 60.4772968, 10.6451189 60.4748211, 10.6440783 60.4725918, 10.6430295 60.4703458, 10.642013 60.4681651, 10.6410634 60.4661264, 10.6401515 60.4641848, 10.6389552 60.4616189, 10.6379011 60.4593523, 10.6368296 60.4570465, 10.6357124 60.4546652, 10.6349507 60.4530172, 10.6338939 60.4507374, 10.6328143 60.4483993, 10.6316516 60.4458937, 10.6304634 60.4433204, 10.6299162 60.4421316, 10.6291491 60.4404551, 10.6283163 60.4386317, 10.6271361 60.4360426, 10.6262563 60.4341368, 10.6253806 60.4322085, 10.6245115 60.4303025, 10.6232616 60.4275698, 10.622229 60.4252803, 10.6209978 60.4225518, 10.6201972 60.4207512, 10.6190304 60.4181772, 10.6181172 60.4161393, 10.6174077 60.4145648, 10.6166594 60.4129055, 10.6160921 60.411646, 10.6150635 60.4093581, 10.6140643 60.4071375, 10.6129003 60.4045121, 10.6119615 60.4023876, 10.6100705 60.3980948, 10.6092015 60.3961259, 10.6087147 60.3950403, 10.6081045 60.3938726, 10.6072167 60.3921936, 10.6064442 60.3907114, 10.6053458 60.3886314, 10.6045613 60.3871357, 10.6034321 60.3849766, 10.6034669 60.3825151, 10.605154 60.3794397, 10.6062028 60.376645, 10.607163 60.3740861, 10.6080294 60.3717802, 10.6087683 60.3698197, 10.6094348 60.3680447, 10.6101537 60.3661164, 10.6109396 60.3640288, 10.6117254 60.3619451, 10.612396 60.3601557, 10.6129861 60.3585951, 10.6137532 60.3565449, 10.6146611 60.3541297, 10.6156468 60.3526802, 10.6164569 60.3514887, 10.6175284 60.3499137, 10.6186435 60.3482813, 10.6195273 60.3469779, 10.6208101 60.3450938, 10.6221284 60.3431545, 10.6232563 60.3414962, 10.6242359 60.3400342, 10.625858 60.3369677, 10.626168 60.3363794, 10.627297 60.3342367, 10.6288379 60.3313001, 10.6299068 60.3292594, 10.6309716 60.3272292, 10.6322081 60.3248716, 10.6335533 60.322304, 10.6349789 60.3195828, 10.6361101 60.3174125, 10.636802362240376 60.31609372480915, 10.639070512265874 60.31155344038563)"
way/297388897-300,way/290373414-300,300.0,1005.455,39410.26,Al/St 240/40 3-bundle 300.0,"LINESTRING (10.422128197478317 61.1382818391442, 10.414833449808595 61.1347522794309, 10.4124615 61.1335471, 10.4093447 61.1319598, 10.4071185 61.1256926, 10.4067242 61.1245761, 10.4060805 61.1227808, 10.4052544 61.1204595, 10.4044229 61.1181018, 10.4038864 61.1166015, 10.4034358 61.1153551, 10.4027143 61.1132704, 10.4016763 61.1103458, 10.4009762 61.108389, 10.4001796 61.1061418, 10.3995466 61.1043494, 10.3996915 61.1022419, 10.3998068 61.1006566, 10.3999409 61.0988431, 10.4001152 61.0963917, 10.4002574 61.0944522, 10.4004586 61.0916206, 10.4005954 61.0897728, 10.4007027 61.0882284, 10.4008502 61.0861419, 10.4010245 61.0836415, 10.4011989 61.0811682, 10.4013517 61.0791551, 10.4014885 61.0773015, 10.4016468 61.0751234, 10.4018265 61.0725261, 10.401966 61.0706475, 10.402092 61.0688271, 10.4021484 61.0669767, 10.4021886 61.0651418, 10.4022717 61.0621401, 10.402658 61.0604516, 10.4030898 61.0586021, 10.4038221 61.0554401, 10.4046643 61.051787, 10.4053858 61.0486361, 10.4061502 61.0453212, 10.4067993 61.0425137, 10.4072338 61.0406176, 10.407604 61.0390566, 10.4080975 61.0368979, 10.4084998 61.0351769, 10.4089424 61.0332687, 10.4093206 61.0316333, 10.409739 61.0297846, 10.410769 61.0253465, 10.4112598 61.0232259, 10.4116112 61.0216926, 10.411976 61.0201176, 10.41233 61.0185971, 10.4127538 61.0167334, 10.4131937 61.0148358, 10.4153609 61.0126859, 10.4175442 61.0105151, 10.419572 61.008508, 10.4215702 61.0065202, 10.4236329 61.0044777, 10.4257035 61.0024207, 10.42786 61.00027, 10.4301506 60.9979943, 10.431489 60.996872, 10.4363734 60.9927791, 10.4383421 60.9911311, 10.440909 60.9889777, 10.4429394 60.9872743, 10.4461205 60.9846126, 10.4481107 60.9829433, 10.449999 60.9813573, 10.4520938 60.9796007, 10.4549611 60.9772038, 10.4573402 60.9752024, 10.4593948 60.9734793, 10.4611932 60.9719722, 10.463288 60.9702099, 10.4660466 60.9678976, 10.4694986 60.9649967, 10.4713628 60.9634293, 10.473597 60.9615545, 10.4754733 60.9599824, 10.477379 60.9583855, 10.4795945 60.9565144, 10.4817711 60.9546913, 10.4837626 60.9530199, 10.4866178 60.950619, 10.4890211 60.9485957, 10.4911709 60.9467937, 10.4929438 60.9452983, 10.4947811 60.943756, 10.4967432 60.9421009, 10.4988796 60.9403038, 10.5007423 60.9387339, 10.5029283 60.9368938, 10.5039409 60.9349201, 10.5045484 60.9337415, 10.5054335 60.9320188, 10.5063549 60.9302211, 10.5072507 60.9284747, 10.5083075 60.9264311, 10.5093133 60.924476, 10.5102602 60.9226381, 10.5113625 60.9204924, 10.5124757 60.918327, 10.5133206 60.91667, 10.5146027 60.9141771, 10.5154878 60.9124507, 10.5163488 60.9107933, 10.5172688 60.908995, 10.5182639 60.9070741, 10.5199456 60.9038044, 10.5207422 60.9022574, 10.5219747 60.8998625, 10.5233279 60.8972313, 10.5245376 60.8948935, 10.5253489 60.8933206, 10.5264768 60.8911319, 10.5274585 60.8892268, 10.5287057 60.8868153, 10.5294782 60.8853067, 10.5305323 60.8832707, 10.5315341 60.8813364, 10.5325788 60.8793042, 10.5337992 60.8769441, 10.5351457 60.874341, 10.5364305 60.8718357, 10.5372593 60.8702545, 10.5385521 60.8677476, 10.5396652 60.865593, 10.5406201 60.8637425, 10.5415374 60.8619664, 10.5424373 60.8602319, 10.5435759 60.8580324, 10.5445549 60.8561319, 10.5455473 60.8542156, 10.5465505 60.8522626, 10.547618 60.8501945, 10.5485326 60.8484097, 10.5499864 60.8456005, 10.5505469 60.8445048, 10.5518505 60.8419717, 10.5530602 60.8396049, 10.5541438 60.8375059, 10.5559945 60.8338853, 10.5569601 60.8320212, 10.5580839 60.8298302, 10.5592239 60.8276077, 10.5602324 60.8256335, 10.5611712 60.8238147, 10.5621716 60.8218324, 10.5631399 60.8195047, 10.5638722 60.8177392, 10.5647573 60.8155733, 10.5655056 60.8137304, 10.5655003 60.8125598, 10.5654667 60.8104793, 10.5654225 60.8079663, 10.565409130168597 60.80697917741052, 10.565194314921962 60.802086229083265)"
way/290390502-300,NO78-300,300.0,1005.455,48029.18,Al/St 240/40 3-bundle 300.0,"LINESTRING (10.639070512265874 60.31155344038563, 10.641541689711195 60.30704871771913, 10.6416951 60.3067572, 10.6426232 60.3049861, 10.6435539 60.3032029, 10.6447877 60.3008515, 10.6466773 60.297244, 10.6475732 60.2955295, 10.6505558 60.2936328, 10.6530999 60.2920118, 10.6567705 60.2896676, 10.6589659 60.2882738, 10.6611874 60.2868629, 10.6632963 60.2855165, 10.6679124 60.2825741, 10.6698496 60.2813382, 10.6760143 60.2780177, 10.6781745 60.2768682, 10.6810659 60.2753315, 10.6837843 60.2738852, 10.6866503 60.2723643, 10.688953 60.2711386, 10.6918323 60.2696063, 10.6950456 60.267899, 10.6996214 60.2654713, 10.7035294 60.2633919, 10.7061124 60.2620215, 10.7084861 60.2607609, 10.7113488 60.2592679, 10.7145627 60.2575316, 10.7175788 60.2559248, 10.7193102 60.2550026, 10.7234368 60.2528134, 10.725598 60.2516472, 10.7281132 60.2500425, 10.7298017 60.2481205, 10.7318106 60.2458251, 10.7336311 60.2437472, 10.7364079 60.240578, 10.7375962 60.2392094, 10.7390137 60.2376017, 10.7403253 60.2361051, 10.7417965 60.2344303, 10.7435748 60.2324166, 10.7460076 60.2296566, 10.7479267 60.2274824, 10.7498257 60.225323, 10.7523644 60.2224528, 10.7541454 60.2204313, 10.7560913 60.2182312, 10.7580306 60.2160226, 10.7598732 60.2139351, 10.7616227 60.2119534, 10.7631858 60.2101781, 10.7655086 60.2075422, 10.7681371 60.2045628, 10.7697786 60.2026949, 10.7706316 60.2006368, 10.7718936 60.1976035, 10.7727666 60.1954559, 10.772882 60.1937934, 10.7730791 60.1907854, 10.7731837 60.188996, 10.7733594 60.1862537, 10.7734734 60.18445, 10.773645 60.1818027, 10.7737751 60.179749, 10.7739535 60.1769129, 10.7741909 60.173139, 10.7743223 60.1711478, 10.7745771 60.1671991, 10.7749245 60.1645557, 10.7754207 60.1609125, 10.7757238 60.1586624, 10.7761355 60.1556205, 10.7765051 60.152901, 10.7768905 60.1500353, 10.777148 60.1481408, 10.777545 60.1452142, 10.7779419 60.1422926, 10.7782825 60.1398725, 10.7786822 60.1368493, 10.7790631 60.1340125, 10.7812947 60.1316509, 10.7832313 60.1295911, 10.7850283 60.1276969, 10.7875657 60.1250062, 10.7893574 60.123101, 10.7913798 60.1209658, 10.7937187 60.1184897, 10.7954541 60.1166469, 10.7976376 60.1143224, 10.800451 60.1113464, 10.8025861 60.1090902, 10.8049035 60.1066226, 10.8068883 60.1045104, 10.809077 60.1021949, 10.8107239 60.1004407, 10.8126497 60.0983977, 10.8143288 60.0966193, 10.8165389 60.0942764, 10.8187973 60.091896, 10.8207285 60.0898444, 10.8228046 60.0876482, 10.8248913 60.0854465, 10.826388 60.0838547, 10.8284748 60.0816528, 10.8308941 60.0790895, 10.8341235 60.075675, 10.8373851 60.072236, 10.8391714 60.0703331, 10.8419877 60.0673594, 10.8444714 60.0647387, 10.8458286 60.0632931, 10.8475587 60.0614713, 10.8478591 60.0593643, 10.8482078 60.0569278, 10.8484614 60.0552351, 10.8487093 60.0534159, 10.8489346 60.0518092, 10.8492619 60.049498, 10.8515847 60.0474036, 10.854165 60.0450572, 10.8566755 60.0427777, 10.8593148 60.0403775, 10.8618575 60.0380735, 10.8653498 60.0349013, 10.8672488 60.0331784, 10.8708376 60.0299119, 10.8729082 60.028036, 10.8748662 60.0262511, 10.8773929 60.0239515, 10.8794153 60.0221155, 10.8813652 60.0203477, 10.8835378 60.0183734, 10.8867592 60.0154406, 10.8882075 60.0141188, 10.8911526 60.0114484, 10.8934164 60.0093864, 10.8940195 60.0067789, 10.8945698 60.0043905, 10.8954307 60.0006424, 10.896045 59.9979802, 10.8967745 59.996572, 10.897783 59.9946566, 10.8995104 59.9913622, 10.9009024 59.9887114, 10.9018546 59.9868787, 10.9033272 59.9840571, 10.904274 59.9822498, 10.9057385 59.9794667, 10.9066987 59.9776201, 10.907895 59.9757574, 10.9093219 59.9735576, 10.9100085 59.9725094, 10.9110466 59.9709081, 10.9116313 59.9699926, 10.9119075 59.9673173, 10.9120738 59.9657721, 10.9104377 59.96342, 10.9082812 59.9602929, 10.9061569 59.9572435, 10.904502 59.9548531, 10.9025949 59.9537721, 10.9008622 59.9527782, 10.8959243 59.951137, 10.8933869 59.9502963, 10.8875075 59.9483393, 10.884195 59.9463432, 10.8810588 59.9444606, 10.8773929 59.9422628, 10.8732127 59.9397491, 10.8701161 59.9386158, 10.865512 59.9380152, 10.86312163705922 59.93770354560456, 10.844127598485267 59.930377758754105)"
way/554551085-300,relation/8211981-300,300.0,1005.455,86262.39,Al/St 240/40 3-bundle 300.0,"LINESTRING (10.448213570042654 61.163791683314734, 10.446183671187914 61.16840132896455, 10.4460262 61.168727, 10.4496583 61.1716611, 10.4528207 61.1742128, 10.4551783 61.1761125, 10.4602745 61.1802179, 10.4638177 61.183083, 10.4676855 61.1862, 10.4711589 61.1889986, 10.4739471 61.1912406, 10.4769297 61.1936394, 10.480772 61.1967262, 10.4844707 61.1996906, 10.4874077 61.2020487, 10.4908437 61.2047962, 10.4932898 61.2067515, 10.4936855 61.2091363, 10.4944009 61.2135045, 10.4947664 61.2156853, 10.4952257 61.2184148, 10.49574 61.2214524, 10.496308 61.2247062, 10.4969269 61.227016, 10.4976005 61.2294713, 10.4980937 61.2312565, 10.5012506 61.2334822, 10.5035265 61.2350825, 10.5060571 61.2368601, 10.5086421 61.238675, 10.5115429 61.2400185, 10.5148568 61.2415541, 10.5180801 61.2430394, 10.5209615 61.244174, 10.5251062 61.2457956, 10.5292851 61.2474223, 10.5340192 61.2492708, 10.539053 61.2512292, 10.5433439 61.2537853, 10.5492266 61.2572803, 10.5540117 61.2601309, 10.5583361 61.2626912, 10.5620261 61.2648792, 10.5666918 61.2676464, 10.5706508 61.2699943, 10.574021 61.2719978, 10.5774401 61.2734333, 10.5815251 61.2751523, 10.5850764 61.2766447, 10.5895999 61.2785556, 10.5938405 61.2804874, 10.5990554 61.2828613, 10.6032825 61.2847854, 10.6077511 61.2868173, 10.6115679 61.2885572, 10.6154323 61.290316, 10.6186905 61.2918002, 10.6221317 61.2933643, 10.6268377 61.295507, 10.6294093 61.2966777, 10.6320747 61.2978937, 10.6362388 61.2993844, 10.6397398 61.3006316, 10.6440575 61.3021778, 10.6485991 61.3037993, 10.6517199 61.3049153, 10.6569006 61.3067704, 10.6617124 61.3084905, 10.6664995 61.3101989, 10.6702915 61.3115532, 10.6731722 61.3122478, 10.6765276 61.3130606, 10.6836187 61.3147742, 10.6882334 61.3158888, 10.693728 61.3172155, 10.6989764 61.3184793, 10.7034456 61.3195542, 10.7087342 61.3208272, 10.7120253 61.3216202, 10.7168747 61.322787, 10.7214412 61.3238845, 10.725152 61.3247777, 10.7280944 61.3254847, 10.7323665 61.3265133, 10.7353237 61.3272256, 10.7385416 61.3288355, 10.7416034 61.3303698, 10.7447845 61.3319602, 10.7472293 61.3331858, 10.7508302 61.3349872, 10.7539442 61.3365452, 10.756613 61.33788, 10.7592282 61.3391854, 10.7623462 61.3407449, 10.7652028 61.3421728, 10.7685824 61.3438604, 10.7713839 61.3452572, 10.7744671 61.3467955, 10.7773331 61.3482314, 10.780604 61.3498621, 10.7827277 61.3509932, 10.7852215 61.3523196, 10.7890731 61.3543693, 10.792729 61.356307, 10.7964197 61.3582664, 10.7990563 61.3596664, 10.8020657 61.3612657, 10.804764 61.3626978, 10.8070224 61.3638984, 10.8091092 61.3650064, 10.8113784 61.3662095, 10.8133578 61.3672558, 10.8154339 61.3683559, 10.817703 61.3695589, 10.8198112 61.3706796, 10.8222198 61.3719544, 10.8250657 61.3734593, 10.8279437 61.3749871, 10.8312213 61.3767192, 10.8346599 61.3785463, 10.8383775 61.3805082, 10.8424437 61.3826588, 10.8463839 61.3847438, 10.8500102 61.3866693, 10.8538485 61.3886949, 10.8578503 61.3908141, 10.8608061 61.3923732, 10.8637512 61.3939323, 10.867061 61.3956839, 10.8705962 61.3976408, 10.8735144 61.3992587, 10.8770603 61.4012206, 10.8801368 61.402914, 10.8831047 61.4045579, 10.8837296 61.4065438, 10.8844981 61.4090039, 10.8852088 61.4112976, 10.8859169 61.4135282, 10.8865231 61.4154609, 10.887199 61.4176604, 10.8881271 61.420604, 10.8890712 61.4236192, 10.8900851 61.4268393, 10.8912009 61.4303977, 10.8918259 61.4323781, 10.8930972 61.4363835, 10.8937463 61.4384072, 10.8960557 61.445244, 10.8970159 61.447926, 10.8979332 61.4505027, 10.8989015 61.4532086, 10.8996177 61.4551979, 10.9005752 61.4578739, 10.9018278 61.4613698, 10.903362 61.4656623, 10.9043062 61.4682452, 10.9056258 61.4718476, 10.906983 61.4755469, 10.9086138 61.4799809, 10.9094399 61.4822527, 10.9102499 61.4844782, 10.9115374 61.4879661, 10.9128356 61.4915329, 10.9135115 61.493343, 10.9143001 61.4954833, 10.9149921 61.4973674, 10.9156895 61.499231, 10.9164914 61.5013875, 10.9170386 61.5028553, 10.9174865 61.5040557, 10.9180766 61.505645, 10.9189671 61.5080506, 10.9198523 61.5104355, 10.9208876 61.5132347, 10.9218371 61.5157932, 10.922969 61.5188503, 10.9239668 61.5215593, 10.9249753 61.5242628, 10.9258604 61.5266491, 10.9264827 61.5283357, 10.9271505 61.530136, 10.9280571 61.5325716, 10.9289852 61.5350915, 10.9295887 61.5373171, 10.9303531 61.5400372, 10.9311229 61.5428414, 10.9316915 61.5461463, 10.9321851 61.5489769, 10.9327456 61.5521776, 10.9332606 61.5551647, 10.9338212 61.5583508, 10.9344488 61.5619249, 10.9349799 61.5649417, 10.9358704 61.5699606, 10.9363157 61.5724863, 10.9367394 61.5748739, 10.9372276 61.5776546, 10.9379679 61.5817115, 10.9383541 61.5838457, 10.9387833 61.5861839, 10.9392124 61.5885527, 10.9399688 61.5925571, 10.9401351 61.5934835, 10.9403658 61.5956398, 10.9411222 61.6027585, 10.9417176 61.6084345, 10.9421521 61.6125052, 10.9426779 61.6175138, 10.942989 61.6204488, 10.9433538 61.6239188, 10.9436917 61.6270468, 10.9439224 61.6292365, 10.9441477 61.6313522, 10.9443945 61.633697, 10.9446466 61.6359908, 10.9449148 61.6385086, 10.9450811 61.6400222, 10.9454513 61.643462, 10.9458643 61.6472581, 10.9462184 61.6504627, 10.9465295 61.653392, 10.9469479 61.65722, 10.9501129 61.6604007, 10.952307 61.6625931, 10.9565207 61.6668184, 10.9589696 61.6692688, 10.9605306 61.6708318, 10.9623492 61.672657, 10.9651172 61.6754467, 10.9668446 61.6771748, 10.9692854 61.6796155, 10.9716564 61.6819898, 10.9751165 61.6854529, 10.9790593 61.6893939, 10.9822753 61.6926031, 10.9849977 61.6953287, 10.9885114 61.6988463, 10.9922719 61.7025872, 10.9954798 61.7057862, 10.9988594 61.7091475, 11.0013083 61.7115945, 11.0016918 61.713416, 11.0020566 61.7152055, 11.0024643 61.7171704, 11.0029739 61.7196054, 11.0034084 61.7217199, 11.0038805 61.723974, 11.0045269 61.7262229, 11.0051867 61.7284844, 11.0059109 61.7309705, 11.006678 61.7335898, 11.0073459 61.7358926, 11.0080165 61.7382067, 11.0086575 61.7404063, 11.0092825 61.7425537, 11.0099208 61.7447365, 11.010519 61.7467808, 11.0111386 61.7489049, 11.011785 61.7511329, 11.0124314 61.7533303, 11.0130791 61.7555504, 11.0137027 61.7576562, 11.0143492 61.7598747, 11.0149312 61.7620918, 11.0158753 61.7643633, 11.0167658 61.7664798, 11.0175276 61.7683475, 11.0184556 61.7705551, 11.0193193 61.7726535, 11.020183 61.7747263, 11.0210574 61.7768218, 11.0219532 61.7789172, 11.0231334 61.7817861, 11.0264835 61.7834272, 11.0289323 61.7846205, 11.0322154 61.7862233, 11.0354716 61.7878147, 11.0391945 61.7896297, 11.0427484 61.7913655, 11.0456666 61.7927892, 11.0494995 61.7946636, 11.0543503 61.7970258, 11.0575488 61.7985881, 11.0617572 61.8006364, 11.0667595 61.8030723, 11.0762733 61.8077232, 11.0808545 61.809003, 11.0877317 61.8109264, 11.0918087 61.8120616, 11.0959178 61.813212, 11.0997051 61.8142737, 11.1025482 61.8140609, 11.103776121605401 61.81396427234693, 11.12196897226023 61.81302762074036)"
way/554551085-300,way/114336709-300,300.0,1005.455,59928.28,Al/St 240/40 3-bundle 300.0,"LINESTRING (10.448213570042654 61.163791683314734, 10.4562489755704 61.16114848660092, 10.4633939 61.1589594, 10.4679134 61.1575737, 10.4717517 61.1563949, 10.4758742 61.1551326, 10.4806083 61.153684, 10.4840389 61.1526283, 10.4874641 61.1511811, 10.4912513 61.1495828, 10.494234 61.1483228, 10.4977329 61.1468434, 10.5015872 61.1452203, 10.5061188 61.1433084, 10.5113719 61.1410889, 10.5169858 61.1387133, 10.5230194 61.1361639, 10.5285555 61.1338307, 10.5354595 61.1309216, 10.5400769 61.1290276, 10.5453891 61.127388, 10.5514495 61.1255223, 10.5577326 61.1235878, 10.5654788 61.1212005, 10.5709451 61.1194827, 10.5752917 61.1175894, 10.5803061 61.1154102, 10.5859414 61.1129659, 10.5903804 61.1110339, 10.6010771 61.1063803, 10.6055671 61.1044284, 10.6091988 61.1028459, 10.6134608 61.1009949, 10.6181949 61.0989378, 10.6218588 61.0973459, 10.6288433 61.0943044, 10.6376195 61.0904873, 10.6478119 61.086055, 10.6526774 61.0849319, 10.6570011 61.0841538, 10.6637871 61.0829269, 10.6697309 61.0818556, 10.6766993 61.0805975, 10.6829917 61.0794586, 10.6885171 61.0784547, 10.6944287 61.077391, 10.6994766 61.0764829, 10.7046291 61.0748626, 10.7110235 61.0728894, 10.7166105 61.0711223, 10.722844 61.0691553, 10.7286 61.0673439, 10.7337928 61.0657193, 10.7404339 61.0636378, 10.7446182 61.0623296, 10.7491618 61.0608994, 10.7545799 61.0591991, 10.7594079 61.0576883, 10.7632971 61.0564682, 10.7668054 61.0553674, 10.7709521 61.0540615, 10.7773036 61.0520727, 10.7818043 61.0506628, 10.7866752 61.0491281, 10.7928175 61.0471987, 10.799641 61.0450563, 10.8052468 61.0432928, 10.811255 61.041402, 10.8175313 61.0394332, 10.8232069 61.0376435, 10.8293492 61.0357134, 10.8345956 61.0340637, 10.8392894 61.0325855, 10.8445841 61.0309149, 10.8493289 61.0294248, 10.8548516 61.0276826, 10.8608329 61.0257986, 10.8656716 61.0242732, 10.8714759 61.022441, 10.8768296 61.0216328, 10.8835137 61.0206218, 10.8907342 61.019538, 10.8964366 61.0186698, 10.9021228 61.0178095, 10.9081471 61.0168945, 10.9161562 61.015678, 10.9221482 61.014776, 10.9290147 61.0137388, 10.935393 61.0127665, 10.9406823 61.0119684, 10.9473878 61.0109493, 10.9526932 61.0101459, 10.9573442 61.008131, 10.9627569 61.0057908, 10.9671879 61.0038718, 10.9723216 61.0016458, 10.9780669 60.9991543, 10.9828627 60.9970762, 10.9882164 60.9947509, 10.993039 60.9926569, 10.9981513 60.9904353, 11.0025769 60.9885257, 11.0076463 60.9863168, 11.0130268 60.9839777, 11.0176134 60.9819792, 11.0226117 60.979805, 11.0270172 60.9778935, 11.0330844 60.9752623, 11.0382932 60.9729978, 11.0437421 60.9706427, 11.0485339 60.9685569, 11.0544723 60.9659873, 11.059708 60.963704, 11.0635221 60.9620454, 11.0670572 60.9605091, 11.0709786 60.9588034, 11.0742778 60.9572279, 11.0772604 60.9557956, 11.0806775 60.9541574, 11.0848001 60.9521844, 11.0885444 60.9503872, 11.0914546 60.9489923, 11.0947752 60.9474007, 11.0987824 60.9454755, 11.1024892 60.9436987, 11.1071348 60.9414685, 11.1122444 60.9390166, 11.1162007 60.9371196, 11.1210059 60.93481, 11.1276698 60.9316116, 11.1347508 60.9282049, 11.1384845 60.9264129, 11.1418372 60.9248045, 11.1459866 60.9228088, 11.1508709 60.9204611, 11.1554038 60.9182866, 11.1587995 60.9166543, 11.1619645 60.9151393, 11.1656982 60.9133373, 11.1700541 60.9112458, 11.1734712 60.9096001, 11.1772692 60.9077718, 11.1807293 60.9061129, 11.1848706 60.9049208, 11.1894143 60.9036087, 11.1946446 60.9021009, 11.1994082 60.9007261, 11.203984 60.8994086, 11.2087709 60.8980269, 11.2133664 60.8966991, 11.2175614 60.8954897, 11.2222069 60.8941459, 11.2247427 60.8933747, 11.2283331 60.8922827, 11.234073 60.8905369, 11.2390727 60.8890154, 11.2458104 60.886968, 11.2521887 60.8850169, 11.2578803 60.8832864, 11.2628102 60.8817854, 11.2634271 60.879034, 11.2642264 60.8754964, 11.2649721 60.8722482, 11.2657607 60.86877, 11.2666351 60.8648995, 11.2674665 60.8612219, 11.2683731 60.8572722, 11.2691939 60.8535912, 11.2700844 60.849664, 11.2708998 60.8459402, 11.2708569 60.8418972, 11.270608915811147 60.84074242802555, 11.26738560882036 60.83557727909898)"
way/100151486-420,way/295444099-420,420.0,1876.85,46049.4,Al/St 240/40 4-bundle 380.0,"LINESTRING (10.782993038428893 59.72889769223971, 10.790951382854852 59.7325591511797, 10.7912242 59.7329164, 10.792163 59.7348077, 10.7932949 59.7371139, 10.7944268 59.7394118, 10.7952985 59.7411918, 10.7954208 59.7414351, 10.796189 59.7429637, 10.7976615 59.7459275, 10.7997456 59.7471869, 10.801768 59.7512367, 10.8023138 59.7539044, 10.802924 59.7566598, 10.8037126 59.7598155, 10.8113542 59.7610029, 10.8161674 59.7616695, 10.8223727 59.7628899, 10.8248541 59.7644443, 10.8273965 59.766492, 10.8301002 59.7684017, 10.8329567 59.7710053, 10.8358857 59.7732846, 10.8378571 59.7763037, 10.8398581 59.78003, 10.8398902 59.7821454, 10.8399519 59.7858197, 10.8399788 59.7884678, 10.841521 59.7915746, 10.8435488 59.7956595, 10.8435675 59.7980707, 10.8435997 59.8010272, 10.8436185 59.8033177, 10.8429211 59.8056724, 10.8422506 59.8074685, 10.8413802 59.8101055, 10.843302 59.8123754, 10.8444205 59.8148691, 10.8466534 59.8165838, 10.8474232 59.8192268, 10.8468318 59.8214564, 10.8456704 59.823859, 10.8437848 59.825756, 10.8428541 59.8283147, 10.8418617 59.8300604, 10.8409833 59.831564, 10.8398231 59.8336781, 10.8385277 59.8364007, 10.8404615 59.8376365, 10.845429 59.8384168, 10.8492163 59.8372086, 10.8540724 59.8365792, 10.8590118 59.8370678, 10.8616316 59.8358665, 10.8637642 59.8343778, 10.8677792 59.8341008, 10.8739758 59.8337523, 10.8774814 59.8335488, 10.8845356 59.8336067, 10.8892885 59.8349882, 10.895986 59.8369398, 10.9021634 59.8372488, 10.9071815 59.837491, 10.913891 59.8377538, 10.9191281 59.8379586, 10.923205 59.8396122, 10.9268689 59.8411039, 10.931249 59.8443702, 10.935629 59.8475688, 10.9373443 59.8486547, 10.9429917 59.8499938, 10.9459689 59.8510958, 10.9456792 59.8531986, 10.9455655 59.8541842, 10.9453976 59.8556394, 10.944829 59.8608719, 10.9443757 59.8628313, 10.9434262 59.8670273, 10.9429085 59.8693573, 10.9423587 59.8718204, 10.9418651 59.8739543, 10.9412912 59.876654, 10.9403926 59.8808327, 10.9398253 59.8839403, 10.938857 59.8898828, 10.9384453 59.8923761, 10.9375441 59.8979028, 10.9365356 59.9011864, 10.9355861 59.9043472, 10.9344327 59.9081573, 10.931894 59.9090711, 10.9266007 59.9104448, 10.9239829 59.9129715, 10.9215313 59.9148774, 10.9194043 59.9165399, 10.9204584 59.9188026, 10.9206274 59.9210141, 10.9217191 59.9245494, 10.923024 59.9286529, 10.9244724 59.9305976, 10.9271177 59.9327948, 10.9291005 59.934699, 10.9314018 59.9361314, 10.9331828 59.9379158, 10.9372075 59.9398825, 10.9383407 59.9417166, 10.9395799 59.9445741, 10.9404746 59.9466165, 10.942702 59.9476206, 10.946103 59.9484763, 10.9513172 59.9499551, 10.9585699 59.9557039, 10.963347 59.9577927, 10.9665281 59.9591623, 10.9711924 59.9609938, 10.9730995 59.9622586, 10.9769511 59.9648229, 10.9803468 59.9670729, 10.9835708 59.9692181, 10.9842508 59.9709691, 10.9852016 59.9733791, 10.9865186 59.9766874, 10.9871757 59.9783824, 10.9903488 59.9803698, 10.9923363 59.9816137, 10.9954959 59.9835781, 10.999729 59.9849601, 11.0043526 59.9864642, 11.0103446 59.9867258, 11.0158968 59.9869673, 11.0195285 59.9861462, 11.0222751 59.9855156, 11.0254347 59.9868197, 11.0294554 59.9884766, 11.0350692 59.9893741, 11.0399508 59.9902139, 11.0444294 59.9909825, 11.0491991 59.9918102, 11.055572 59.9931785, 11.0595095 59.9957914, 11.0633826 59.9983652, 11.0667086 60.000456, 11.0701579 60.0026768, 11.0726255 60.0042148, 11.0759649 60.004884, 11.0825551 60.0062047, 11.0904407 60.0077561, 11.0944748 60.008535, 11.1016417 60.0065708, 11.1049435 60.005663, 11.1079743 60.0042886, 11.1150849 60.0043556, 11.1214377 60.0044012, 11.122492150219625 60.00441119645631, 11.133642821639393 60.005591020864685)"
relation/8239198-300,way/295444099-300,300.0,1005.455,16061.41,Al/St 240/40 3-bundle 300.0,"LINESTRING (10.933286297062818 59.92992896116603, 10.93180486853002 59.93544965378317, 10.9317237 59.9367387, 10.9352622 59.9385234, 10.9375763 59.9396839, 10.9406286 59.9407171, 10.9435415 59.941765, 10.9476775 59.944879, 10.9506574 59.9471277, 10.9528005 59.9490928, 10.9555015 59.9514285, 10.9577948 59.9534175, 10.9613353 59.9565788, 10.9636849 59.9575886, 10.9668982 59.9589556, 10.9715706 59.9608005, 10.9735608 59.9621163, 10.9776539 59.9648471, 10.9807759 59.9669145, 10.9840804 59.9691107, 10.9847993 59.9709671, 10.9857504 59.9733193, 10.9870604 59.9766686, 10.9876893 59.9782677, 10.9907727 59.9801961, 10.9927657 59.981451, 10.9958553 59.9833688, 11.0000315 59.9847347, 11.0045269 59.9862052, 11.010071 59.986444, 11.0157841 59.9866922, 11.0186809 59.9860362, 11.022369 59.985203, 11.0259148 59.9866748, 11.0297075 59.9882338, 11.0357827 59.989205, 11.0401252 59.9899563, 11.0446098 59.9907303, 11.0501003 59.9916841, 11.0559556 59.9929652, 11.0597 59.9954634, 11.0638292 59.9981985, 11.067127 60.0002897, 11.0705837 60.0025021, 11.0731003 60.0040164, 11.0763055 60.00466, 11.0827534 60.0059583, 11.0905666 60.0074812, 11.0957555 60.0084928, 11.1018991 60.0068094, 11.1051875 60.005903, 11.1099994 60.0045809, 11.1150795 60.0046252, 11.1214498 60.0046815, 11.122483484639158 60.00468996663756, 11.133257233221997 60.00540320377441)"
way/252924745-420,NO1-420,420.0,1876.85,16110.9,Al/St 240/40 4-bundle 380.0,"LINESTRING (17.611423957004657 68.57737877028471, 17.61840893858917 68.57208973746174, 17.6196966 68.5704002, 17.620815 68.5689292, 17.6215339 68.5677492, 17.6230413 68.5653048, 17.6246506 68.5627483, 17.6265389 68.5596837, 17.6272738 68.558462, 17.6318228 68.553308, 17.6368493 68.5476368, 17.640261 68.5450352, 17.6452339 68.5412715, 17.6488602 68.5385219, 17.6515934 68.5364344, 17.6549998 68.53386, 17.6589829 68.5308523, 17.6610374 68.5292933, 17.6628989 68.5278638, 17.6696151 68.5228226, 17.6773184 68.5183597, 17.6790994 68.5154895, 17.6799792 68.5134264, 17.6815671 68.5110783, 17.684716 68.5065089, 17.687307 68.5028597, 17.6895064 68.4997073, 17.6933742 68.4941662, 17.6953456 68.4904087, 17.6972419 68.4866782, 17.6989263 68.4834438, 17.7022496 68.4769619, 17.7030086 68.4755272, 17.7043927 68.472928, 17.7057928 68.4703276, 17.711125 68.4671883, 17.7183402 68.4629922, 17.7211189 68.4613714, 17.7243537 68.4594895, 17.7368957 68.4521801, 17.7389556 68.4509763, 17.7418685 68.4492739, 17.741921747857745 68.44719512253815, 17.7429803048289 68.44255425036224)"
way/252924745-420,NO1-420,420.0,1876.85,16130.89,Al/St 240/40 4-bundle 380.0,"LINESTRING (17.611423957004657 68.57737877028471, 17.619282507636537 68.57228472676604, 17.6206219 68.5705129, 17.6217431 68.5690351, 17.6226389 68.5675885, 17.6239693 68.5654244, 17.6254928 68.5629424, 17.6276332 68.5594856, 17.632767 68.5533982, 17.6375198 68.5480292, 17.6414037 68.5449841, 17.6454442 68.5419333, 17.6495522 68.538831, 17.6531571 68.5360909, 17.6562443 68.5337441, 17.6593369 68.531402, 17.6629847 68.5286384, 17.672461 68.5230043, 17.6782411 68.5184265, 17.6800489 68.5155543, 17.6814759 68.5130118, 17.682479 68.5112168, 17.6849788 68.5075644, 17.6876396 68.5037472, 17.6891845 68.5015956, 17.6907423 68.4993865, 17.6942593 68.4943982, 17.6970649 68.4889925, 17.6983255 68.4865296, 17.6999268 68.4834241, 17.7032125 68.4771233, 17.7039313 68.4757692, 17.7052939 68.4731672, 17.7067208 68.4704585, 17.7119082 68.4674591, 17.7192575 68.4631989, 17.7219987 68.4616077, 17.7252817 68.4596993, 17.7378774 68.452389, 17.739889 68.4512187, 17.7428555 68.4495103, 17.743206901460873 68.44718057019477, 17.7429803048289 68.44255425036224)"
NO2-420,NO1-420,420.0,1876.85,1881.32,Al/St 240/40 4-bundle 380.0,"LINESTRING (17.73434005390037 68.42580734830972, 17.73625222353841 68.4305053998946, 17.740286600929377 68.43810404519671, 17.7429803048289 68.44255425036224)"
NO2-420,NO1-420,420.0,1876.85,1880.66,Al/St 240/40 4-bundle 380.0,"LINESTRING (17.73434005390037 68.42580734830972, 17.736730011518297 68.43047227939321, 17.74074752244707 68.43805800330163, 17.7429803048289 68.44255425036224)"
NO2-420,NO1-420,420.0,1876.85,1894.81,Al/St 240/40 4-bundle 380.0,"LINESTRING (17.73434005390037 68.42580734830972, 17.737980992856034 68.43033868638184, 17.74307258616863 68.43792037382606, 17.7429803048289 68.44255425036224)"
NO2-420,NO1-420,420.0,1876.85,1902.52,Al/St 240/40 4-bundle 380.0,"LINESTRING (17.73434005390037 68.42580734830972, 17.738384793417605 68.43028182229762, 17.743643252996332 68.43790823751837, 17.7429803048289 68.44255425036224)"
NO3-420,way/572898626-420,420.0,1876.85,12137.75,Al/St 240/40 4-bundle 380.0,"LINESTRING (17.322789400000012 68.13930309795077, 17.333378207250355 68.13728320912665, 17.338416 68.1361029, 17.3438072 68.1348364, 17.3497134 68.1334698, 17.3565316 68.1318714, 17.3669225 68.1294416, 17.3809397 68.1304567, 17.3849523 68.1308843, 17.3889273 68.1312919, 17.3952412 68.1319633, 17.3997795 68.1316436, 17.4069786 68.1311261, 17.4165165 68.1307244, 17.4243379 68.1304007, 17.4315369 68.130097, 17.4382639 68.1298132, 17.4433923 68.130089, 17.4509239 68.1304807, 17.4590242 68.1309123, 17.4673176 68.1313479, 17.4749672 68.1317555, 17.4842209 68.132245, 17.4900788 68.1325567, 17.4964195 68.1329134, 17.500121 68.1331181, 17.505936 68.1344508, 17.5176144 68.1371258, 17.5239015 68.138564, 17.5304782 68.1400641, 17.5454745 68.1434704, 17.5511822 68.1447784, 17.5548327 68.1455982, 17.5588506 68.1464089, 17.5604331 68.1476229, 17.5632387 68.1497713, 17.5651941 68.1512038, 17.5639951 68.1528278, 17.563358793403598 68.15368662877036, 17.558935370088122 68.15869657907447)"
way/572898626-420,NO2-420,420.0,1876.85,32435.23,Al/St 240/40 4-bundle 380.0,"LINESTRING (17.558935370088122 68.15869657907447, 17.571504042060685 68.16238833395376, 17.5800857 68.1651405, 17.5812766 68.1691765, 17.5822636 68.1724847, 17.5808018 68.1759091, 17.5794634 68.1790439, 17.5780123 68.1824294, 17.5854769 68.1855792, 17.5891757 68.1872586, 17.595267 68.190073, 17.5986426 68.191629, 17.6054057 68.1947561, 17.6089114 68.1963701, 17.6094961 68.1983416, 17.6106414 68.2021984, 17.609189 68.2049501, 17.6066905 68.209688, 17.6044831 68.2138774, 17.6031581 68.2163819, 17.6022622 68.2180919, 17.6013181 68.2198833, 17.6004222 68.2215781, 17.6005724 68.2235226, 17.6020718 68.2260031, 17.6037428 68.228761, 17.6058912 68.2323153, 17.6070955 68.2343025, 17.6082677 68.236237, 17.6094452 68.2381831, 17.6108345 68.2404781, 17.611953 68.2423216, 17.6138467 68.2454463, 17.6164457 68.249732, 17.6187953 68.2536005, 17.6208901 68.2570664, 17.6231968 68.2608637, 17.6248035 68.2635061, 17.6270136 68.2671533, 17.6309752 68.2708843, 17.6346874 68.2743576, 17.6381904 68.2776447, 17.6412132 68.2803596, 17.6440644 68.2819506, 17.6485732 68.2844646, 17.6511911 68.2859303, 17.6500162 68.2917646, 17.64525 68.294087, 17.6393115 68.2969765, 17.6368868 68.2995304, 17.6336145 68.3029745, 17.6323217 68.3047345, 17.6314956 68.3072231, 17.6314875 68.3094845, 17.6314849 68.3117059, 17.6314822 68.3148142, 17.6314768 68.3186405, 17.6314688 68.3222076, 17.6291031 68.3248736, 17.6257396 68.3286665, 17.6224539 68.3323627, 17.6200801 68.3350315, 17.6183581 68.3369692, 17.6160943 68.3395167, 17.6232934 68.3453927, 17.6261741 68.3477443, 17.6279175 68.3491693, 17.6379195 68.3573162, 17.6411945 68.3600721, 17.6436621 68.3621432, 17.6485544 68.3660239, 17.6515612 68.3684128, 17.6563597 68.3722272, 17.6590955 68.3743871, 17.661885 68.3765944, 17.6645538 68.3787193, 17.6686978 68.3820013, 17.6757574 68.3875917, 17.6783377 68.3896425, 17.6814276 68.3920952, 17.686041 68.3957455, 17.6898417 68.3987525, 17.6934627 68.4016179, 17.6967725 68.4042361, 17.7005491 68.4056023, 17.7057821 68.4074936, 17.7115944 68.409593, 17.7171653 68.4116083, 17.7229187 68.4136876, 17.7298173 68.4161741, 17.7308795 68.4177488, 17.732527468229204 68.42110325937216, 17.73434005390037 68.42580734830972)"
way/842385259-420,NO13-420,420.0,1876.85,32142.42,Al/St 240/40 4-bundle 380.0,"LINESTRING (15.989025933041313 67.63766266554708, 15.992856255283156 67.64276704113234, 15.9924406 67.6452289, 15.9920651 67.6474996, 15.9914428 67.6511593, 15.9908044 67.6549142, 15.9902626 67.6581649, 15.9895974 67.6620962, 15.9891254 67.6649157, 15.9885406 67.6684015, 15.9928322 67.6714974, 16.0008895 67.6724655, 16.0097086 67.6735109, 16.0160172 67.6742751, 16.0269821 67.6755772, 16.0376251 67.6768487, 16.0440838 67.6776128, 16.0485685 67.6805812, 16.0541314 67.6842643, 16.0569531 67.6861402, 16.0587501 67.6875557, 16.0510415 67.6929135, 16.044808 67.6972624, 16.042732 67.6987016, 16.0411602 67.6997907, 16.0354847 67.7037495, 16.0343796 67.7085685, 16.034047 67.7100579, 16.0420453 67.7137506, 16.0453927 67.7152845, 16.0495663 67.7172047, 16.0541904 67.7193262, 16.05919 67.7216284, 16.0632241 67.723477, 16.0672688 67.7253477, 16.0718608 67.7274542, 16.0765922 67.7296215, 16.0828578 67.7324939, 16.0863286 67.7355835, 16.0888123 67.7377846, 16.0902929 67.7403431, 16.091736 67.7428099, 16.0929859 67.7449656, 16.0948849 67.7482485, 16.097213 67.7521891, 16.0986507 67.7546302, 16.1000454 67.7570143, 16.1017513 67.7599829, 16.1034143 67.7627724, 16.1052918 67.7659879, 16.1086285 67.768241, 16.1116433 67.7702827, 16.1152589 67.7727139, 16.11925 67.7754126, 16.1228657 67.7778514, 16.126889 67.7805739, 16.1302256 67.7828215, 16.1340451 67.7853933, 16.1369473 67.7873524, 16.1366898 67.7900292, 16.1363625 67.7933991, 16.1370358 67.7970017, 16.1378056 67.8013556, 16.1383045 67.8040693, 16.1390662 67.8082193, 16.1399969 67.8123898, 16.1429635 67.8164522, 16.152606 67.8182204, 16.1585981 67.8193424, 16.1662263 67.8207519, 16.1726689 67.8219528, 16.1805975 67.8234269, 16.1948669 67.8270754, 16.197297 67.8276949, 16.2008777 67.829106, 16.2041098 67.8305351, 16.2070924 67.8319379, 16.211105 67.8338061, 16.2149459 67.8356053, 16.2170166 67.8373275, 16.2187546 67.8394502, 16.2206054 67.8417569, 16.2231159 67.8448685, 16.2255996 67.8478947, 16.22796 67.850785, 16.2296337 67.8526922, 16.2319404 67.8552745, 16.2380022 67.8580406, 16.2434578 67.8605253, 16.2488651 67.8629835, 16.2545299 67.8655688, 16.2610263 67.8666501, 16.2716639 67.8684246, 16.27570492558687 67.86941436024111, 16.28564889999999 67.87187009792655)"
NO11-420,NO10-420,420.0,1876.85,1812.57,Al/St 240/40 4-bundle 380.0,"LINESTRING (16.358578199999968 67.95816799793435, 16.367818167757783 67.96102287572567, 16.3819921 67.9654022, 16.382806886602864 67.96569177647254, 16.39150500000001 67.96878309793532)"
NO11-420,NO10-420,420.0,1876.85,1812.5,Al/St 240/40 4-bundle 380.0,"LINESTRING (16.358578199999968 67.95816799793435, 16.367499903532085 67.96116370196208, 16.3813591 67.9658173, 16.382072445908427 67.9660258217965, 16.39150500000001 67.96878309793532)"
NO11-420,NO10-420,420.0,1876.85,1811.62,Al/St 240/40 4-bundle 380.0,"LINESTRING (16.358578199999968 67.95816799793435, 16.36766133807283 67.96109564024306, 16.381672 67.9656115, 16.38242291946223 67.9658537064646, 16.39150500000001 67.96878309793532)"
NO10-420,NO9-420,420.0,1876.85,2353.45,Al/St 240/40 4-bundle 380.0,"LINESTRING (16.39150500000001 67.96878309793532, 16.40058399082489 67.9717142914411, 16.4008284 67.9717932, 16.4052862 67.9732358, 16.4113426 67.9754648, 16.4167178 67.9774442, 16.4194536 67.9780517, 16.425529689585243 67.9793869631787, 16.43582049999999 67.9816518979364)"
NO9-420,NO8-420,420.0,1876.85,2382.99,Al/St 240/40 4-bundle 380.0,"LINESTRING (16.43582049999999 67.9816518979364, 16.44734925935718 67.98270005559336, 16.479904219645054 67.98425606497212, 16.491712299999982 67.98454169793669)"
NO9-420,NO8-420,420.0,1876.85,2395.64,Al/St 240/40 4-bundle 380.0,"LINESTRING (16.43582049999999 67.9816518979364, 16.44702751786041 67.98313533276388, 16.479893383184265 67.98465869965305, 16.491712299999982 67.98454169793669)"
NO9-420,NO8-420,420.0,1876.85,2388.32,Al/St 240/40 4-bundle 380.0,"LINESTRING (16.43582049999999 67.9816518979364, 16.447205775491337 67.98292331413658, 16.479880815908167 67.98446182518046, 16.491712299999982 67.98454169793669)"
NO12-420,NO11-420,420.0,1876.85,7009.77,Al/St 240/40 4-bundle 380.0,"LINESTRING (16.32142959999998 67.89678969792875, 16.32244373358028 67.90129778179427, 16.3228673 67.9031825, 16.3237578 67.9049269, 16.3262737 67.9086131, 16.3286555 67.9121031, 16.3299 67.9139306, 16.3311392 67.9157438, 16.3323194 67.9187487, 16.3320672 67.9202954, 16.3317347 67.9221989, 16.332593 67.9246848, 16.3333601 67.9268561, 16.3341218 67.9290755, 16.3351893 67.9323407, 16.3359404 67.9340839, 16.338864 67.9365525, 16.3412297 67.9385352, 16.3448185 67.9415533, 16.3472485 67.943592, 16.3497054 67.9456588, 16.3509822 67.9476729, 16.3531011 67.9510604, 16.3548392 67.9538292, 16.354858863977963 67.95386361922019, 16.358578199999968 67.95816799793435)"
NO7-420,NO6-420,420.0,1876.85,1632.34,Al/St 240/40 4-bundle 380.0,"LINESTRING (16.6865694 68.05860669794343, 16.696185911218397 68.06129034834804, 16.7083792382735 68.06469310026768, 16.71837779999998 68.06717219794426)"
NO7-420,NO6-420,420.0,1876.85,1632.44,Al/St 240/40 4-bundle 380.0,"LINESTRING (16.6865694 68.05860669794343, 16.69643280836349 68.06116204364088, 16.708929643350725 68.0643996372433, 16.71837779999998 68.06717219794426)"
NO7-420,NO6-420,420.0,1876.85,1631.81,Al/St 240/40 4-bundle 380.0,"LINESTRING (16.6865694 68.05860669794343, 16.696306113388506 68.06122788304805, 16.70864248054956 68.064548908859, 16.71837779999998 68.06717219794426)"
NO8-420,NO7-420,420.0,1876.85,12825.21,Al/St 240/40 4-bundle 380.0,"LINESTRING (16.491712299999982 67.98454169793669, 16.50307346082836 67.98585416323562, 16.5100586 67.9866611, 16.5173113 67.9875498, 16.5266669 67.9886999, 16.5327662 67.9892507, 16.5430176 67.9901916, 16.5503293 67.9908671, 16.5576813 67.9915386, 16.5725192 67.9928985, 16.5776449 67.9935045, 16.5812901 67.9941367, 16.5884931 67.9953844, 16.5935773 67.9975224, 16.5980834 67.9994014, 16.6031527 68.0015416, 16.6081256 68.0036152, 16.6138494 68.0060101, 16.6227972 68.0083906, 16.6281295 68.0098088, 16.6333222 68.0106705, 16.6385418 68.0115352, 16.6453224 68.012669, 16.6501504 68.017533, 16.6528621 68.0202557, 16.6555309 68.0229369, 16.6580737 68.0254844, 16.6605011 68.0279302, 16.6627367 68.030172, 16.6657984 68.0332525, 16.6682661 68.0357326, 16.6710663 68.0383007, 16.6737163 68.04072, 16.6752881 68.0427781, 16.6758084 68.045897, 16.6764682 68.05, 16.6769993 68.053168, 16.6773909 68.0554936, 16.677664859050726 68.0555865195316, 16.6865694 68.05860669794343)"
NO4-420,NO3-420,420.0,1876.85,1343.32,Al/St 240/40 4-bundle 380.0,"LINESTRING (17.291420900000023 68.13695389795046, 17.30330287330234 68.13734188380447, 17.311248266666016 68.1381415457651, 17.322789400000012 68.13930309795077)"
NO4-420,NO3-420,420.0,1876.85,1340.96,Al/St 240/40 4-bundle 380.0,"LINESTRING (17.291420900000023 68.13695389795046, 17.303259749156265 68.13748475589966, 17.311198193288277 68.13822387935706, 17.322789400000012 68.13930309795077)"
NO4-420,NO3-420,420.0,1876.85,1339.39,Al/St 240/40 4-bundle 380.0,"LINESTRING (17.291420900000023 68.13695389795046, 17.303211017637317 68.1376279815123, 17.311147620535483 68.13830703405085, 17.322789400000012 68.13930309795077)"
NO15-420,NO16-420,420.0,1876.85,1543.86,Al/St 240/40 4-bundle 380.0,"LINESTRING (15.434669800000023 67.09953269785525, 15.44030950250536 67.10347512127463, 15.445466430369592 67.1079765103253, 15.450191799999981 67.11210119785649)"
NO15-420,NO16-420,420.0,1876.85,1542.49,Al/St 240/40 4-bundle 380.0,"LINESTRING (15.434669800000023 67.09953269785525, 15.43964132195721 67.10361308317106, 15.445137856103045 67.10803517890879, 15.450191799999981 67.11210119785649)"
NO20-420,NO21-420,420.0,1876.85,2198.37,Al/St 240/40 4-bundle 380.0,"LINESTRING (13.821216899999955 66.76737859782399, 13.820878062358833 66.76286361719525, 13.8202745 66.7548212, 13.825440575848116 66.75295598067794, 13.833783099999927 66.74994389782232)"
NO19-420,NO20-420,420.0,1876.85,3338.93,Al/St 240/40 4-bundle 380.0,"LINESTRING (13.821216899999955 66.76737859782399, 13.822541197109121 66.77186577630624, 13.822224 66.7744163, 13.8219885 66.7767935, 13.8220158 66.7782653, 13.8288487 66.7816112, 13.8344639 66.7843636, 13.845735738276861 66.78958841222028, 13.853123399999971 66.79301279782638)"
NO24-420,NO25-420,420.0,1876.85,2204.3,Al/St 240/40 4-bundle 380.0,"LINESTRING (14.156500699999983 66.38399899778727, 14.160574852874921 66.37981132758111, 14.170408414360399 66.36970377013876, 14.177137600000005 66.36613439778553)"
NO24-420,NO25-420,420.0,1876.85,2221.47,Al/St 240/40 4-bundle 380.0,"LINESTRING (14.156500699999983 66.38399899778727, 14.16028479204818 66.37976398005885, 14.169543646606442 66.36940180250417, 14.177137600000005 66.36613439778553)"
NO24-420,NO25-420,420.0,1876.85,2212.03,Al/St 240/40 4-bundle 380.0,"LINESTRING (14.156500699999983 66.38399899778727, 14.16042873030546 66.37978747554398, 14.169967534774377 66.3695602356354, 14.177137600000005 66.36613439778553)"
NO25-420,way/197866182-420,420.0,1876.85,9029.82,Al/St 240/40 4-bundle 380.0,"LINESTRING (14.177137600000005 66.36613439778553, 14.186812695372712 66.36396281676127, 14.1977155 66.3628029, 14.2049682 66.3620351, 14.2131221 66.3611295, 14.2196613 66.3604089, 14.2231509 66.3591516, 14.2278662 66.357464, 14.2315596 66.3561409, 14.236401 66.3543972, 14.2400005 66.351289, 14.2419223 66.3496219, 14.2436966 66.3473434, 14.246234 66.3440622, 14.249348 66.3400282, 14.2509386 66.3379593, 14.2525841 66.3358305, 14.2547983 66.3329639, 14.2542967 66.3315427, 14.2531943 66.3284113, 14.252273 66.325791, 14.2511934 66.3226772, 14.2499864 66.3191774, 14.2523307 66.3167178, 14.2558604 66.3130318, 14.2574966 66.3115318, 14.261012006621316 66.3083260087822, 14.264370698309968 66.30288813125556)"
relation/8473044-420,way/197866182-420,420.0,1876.85,39025.27,Al/St 240/40 4-bundle 380.0,"LINESTRING (13.783249560908912 66.05087161443245, 13.796555254370437 66.05226383186199, 13.8003141 66.0530826, 13.8079879 66.0543977, 13.8140523 66.0555037, 13.8225657 66.0586931, 13.8346195 66.0638561, 13.8411266 66.0656603, 13.8466519 66.0670379, 13.8531589 66.0686612, 13.8583249 66.0699494, 13.8630402 66.0711005, 13.8699496 66.0716879, 13.8759255 66.0721883, 13.8819712 66.0726953, 13.8875878 66.0731652, 13.8935852 66.0731489, 13.8964498 66.0752581, 13.9033163 66.0802786, 13.9085144 66.0840846, 13.9121273 66.0867289, 13.9156571 66.0893045, 13.9178297 66.090896, 13.9208043 66.0930679, 13.9220917 66.0953721, 13.922938 66.0968937, 13.9238606 66.0985499, 13.9249 66.1004104, 13.9265093 66.1032931, 13.9279202 66.1058431, 13.9303932 66.1083037, 13.9329386 66.1109509, 13.9346015 66.1126812, 13.9351058 66.1145688, 13.9359266 66.1176487, 13.9368331 66.1210821, 13.9372516 66.1236411, 13.9377022 66.1265321, 13.9382011 66.1295703, 13.9388394 66.1336566, 13.9394349 66.1373852, 13.939864 66.1400565, 13.9401001 66.1415906, 13.9449388 66.1436192, 13.9513063 66.1462769, 13.9568585 66.1486024, 13.9646316 66.1518538, 13.968966 66.1536647, 13.9756662 66.1548814, 13.9820766 66.1560502, 13.9881062 66.1571475, 14.0020108 66.1594915, 14.0130347 66.1612456, 14.0213093 66.1625594, 14.0277922 66.1631773, 14.0400606 66.1643566, 14.0488636 66.1651955, 14.0545767 66.1657396, 14.0583694 66.1661038, 14.0650266 66.1670294, 14.0734273 66.1682042, 14.0806371 66.1692164, 14.08701 66.1710067, 14.0991712 66.1744307, 14.1034788 66.1756464, 14.1081887 66.1769681, 14.1121638 66.1780688, 14.1198993 66.1802635, 14.128257 66.1826141, 14.1353863 66.1846221, 14.1409439 66.1861708, 14.1458201 66.1875483, 14.1514072 66.1891153, 14.1577211 66.1908846, 14.1622969 66.1921709, 14.167015 66.1935037, 14.1708612 66.1953096, 14.1719931 66.1973404, 14.173286 66.1996504, 14.174104 66.2011008, 14.1755336 66.2036507, 14.1764134 66.2052415, 14.1785485 66.2090688, 14.1807666 66.2130406, 14.1814372 66.2142197, 14.1836393 66.2153859, 14.186072 66.2166828, 14.1905393 66.2190597, 14.1992336 66.2236944, 14.206666 66.2276422, 14.2088252 66.2287893, 14.2139536 66.2315202, 14.2172152 66.2332455, 14.2216086 66.2355824, 14.227429 66.2386713, 14.2293173 66.2396851, 14.2308247 66.2407095, 14.2337644 66.2427195, 14.2372915 66.2451279, 14.2395902 66.2467043, 14.2422938 66.2485452, 14.2451101 66.2504745, 14.2474678 66.2520776, 14.2514241 66.2547843, 14.2565149 66.2582586, 14.2578077 66.2642977, 14.2584246 66.267191, 14.2590389 66.2700127, 14.2594412 66.2719458, 14.2598355 66.2737773, 14.2602351 66.2756249, 14.2607903 66.2782093, 14.2611605 66.27998, 14.2616782 66.282414, 14.2621073 66.2843969, 14.262633 66.2868542, 14.2631695 66.2893544, 14.2637193 66.2919623, 14.2644006 66.2951068, 14.26483922247893 66.2971150991043, 14.264370698309968 66.30288813125556)"
relation/8488332-420,relation/8473044-420,420.0,1876.85,167802.32,Al/St 240/40 4-bundle 380.0,"LINESTRING (12.837168556700854 64.70471006626043, 12.848366204995937 64.70825508860125, 12.8507102 64.7090753, 12.8544089 64.7103712, 12.8611279 64.7127178, 12.8666961 64.7146666, 12.8702635 64.7159096, 12.8757003 64.7178112, 12.8816307 64.7199819, 12.8898463 64.7232232, 12.8970802 64.7261378, 12.9036543 64.7287177, 12.9095632 64.7309527, 12.917296 64.7338928, 12.9227516 64.735942, 12.9287463 64.7382096, 12.9338023 64.7400845, 12.9410014 64.742322, 12.9470524 64.7442063, 12.9528889 64.7460207, 12.9575828 64.7474785, 12.962459 64.7489797, 12.9686362 64.7509065, 12.9747462 64.7528091, 12.9808027 64.7546955, 12.987189 64.756679, 12.9949754 64.7591039, 13.0019331 64.7612529, 13.0080298 64.7631194, 13.0151778 64.765307, 13.0208829 64.7670484, 13.0285084 64.7693775, 13.034876 64.7713828, 13.0418444 64.7737858, 13.0446607 64.7756273, 13.0494162 64.7787443, 13.0538151 64.78163, 13.0588764 64.785473, 13.0618671 64.7877479, 13.0652949 64.7904162, 13.0689374 64.7932533, 13.0737251 64.7969793, 13.0778638 64.8001988, 13.0811347 64.8027368, 13.0846028 64.8054333, 13.0894482 64.8091987, 13.0945444 64.8131417, 13.096941 64.8149839, 13.1012432 64.8182961, 13.1043988 64.8210132, 13.1070462 64.8234175, 13.1116247 64.827558, 13.115125 64.8307203, 13.1198618 64.8349988, 13.1229651 64.8378056, 13.1262749 64.8407956, 13.1297779 64.8439541, 13.1335437 64.847339, 13.1376824 64.8510564, 13.1412041 64.8542296, 13.1448519 64.8575049, 13.1481242 64.860437, 13.1515172 64.8634655, 13.1553286 64.8668275, 13.1583381 64.8692527, 13.16304 64.8726447, 13.1668138 64.8753644, 13.1712636 64.8782045, 13.1753862 64.8808246, 13.1802598 64.88391, 13.1855088 64.8872387, 13.190251 64.8902449, 13.1932309 64.8921308, 13.1962189 64.8940314, 13.1994724 64.8960992, 13.2029325 64.8982976, 13.2084927 64.9018361, 13.2126796 64.9044926, 13.2172877 64.907424, 13.2218823 64.910354, 13.2258278 64.9127383, 13.2276249 64.9138255, 13.227936 64.916072, 13.2283625 64.9191329, 13.2288131 64.9223572, 13.229202 64.9251423, 13.2297304 64.9289387, 13.2302722 64.9327914, 13.2306772 64.9356919, 13.2311493 64.9390897, 13.2317099 64.9422798, 13.2322142 64.9451458, 13.2328123 64.9485168, 13.2323912 64.9510755, 13.231844 64.9544481, 13.2314229 64.957021, 13.2310769 64.9591475, 13.2304493 64.9629958, 13.2301247 64.9659583, 13.2296956 64.9698805, 13.2293522 64.972983, 13.2290035 64.9762144, 13.2284349 64.9796445, 13.2275578 64.9836294, 13.2271099 64.9856682, 13.2295749 64.9880555, 13.2348427 64.9911592, 13.2390082 64.9936118, 13.24415 64.9966389, 13.2470521 64.9983473, 13.2505685 65.0004184, 13.2586983 65.0024042, 13.2654414 65.0040488, 13.2731473 65.0059302, 13.2829615 65.0083247, 13.2879639 65.0095429, 13.2975823 65.0118895, 13.3021782 65.0130118, 13.3096898 65.0138791, 13.3131874 65.0142824, 13.3199224 65.0150596, 13.3251232 65.0156612, 13.3343366 65.0167226, 13.3387542 65.0172313, 13.3407497 65.0205548, 13.3423671 65.0232096, 13.3433327 65.0246287, 13.345677 65.0281155, 13.3482948 65.0328528, 13.3511111 65.0374173, 13.3538684 65.0418916, 13.3547831 65.0434522, 13.3558667 65.0456827, 13.3571085 65.0482751, 13.3588225 65.0518708, 13.3602977 65.0549541, 13.3616026 65.0576836, 13.3633473 65.0613012, 13.3647555 65.0642336, 13.3657211 65.0662334, 13.3683014 65.0716394, 13.3695754 65.0742983, 13.3714396 65.0781843, 13.3725889 65.0805871, 13.3738348 65.0831953, 13.3749345 65.0857716, 13.3759953 65.0894678, 13.3774289 65.0944654, 13.3788921 65.0995648, 13.379961 65.1032998, 13.381066 65.1071274, 13.3833459 65.1100254, 13.3866906 65.1142657, 13.3891824 65.1174208, 13.3916527 65.1205523, 13.394123 65.1236881, 13.3969822 65.1273255, 13.3999971 65.1311688, 13.3999836 65.13543, 13.3999649 65.1402058, 13.3998898 65.1453009, 13.3994204 65.1495147, 13.3989966 65.1533379, 13.3981302 65.1573668, 13.3970842 65.1607776, 13.3960408 65.1629735, 13.3946326 65.1659454, 13.39279 65.1697718, 13.391355 65.1727317, 13.3893836 65.1767936, 13.3875033 65.1806726, 13.3861703 65.1834263, 13.3842109 65.187458, 13.3849686 65.1899415, 13.3857089 65.1923386, 13.3867443 65.1957191, 13.3878118 65.1991655, 13.3889464 65.2028915, 13.3899817 65.2062009, 13.3911645 65.208267, 13.390612 65.2091803, 13.389295 65.2106637, 13.3875918 65.213881, 13.3853039 65.2182458, 13.3838931 65.220954, 13.3822247 65.2241409, 13.3810338 65.2264405, 13.3795747 65.2284051, 13.3761589 65.2330322, 13.3734217 65.2367298, 13.3721758 65.238406, 13.3701387 65.2411723, 13.3677515 65.2444073, 13.3658981 65.2469073, 13.364785 65.2484234, 13.363106 65.2506839, 13.3613384 65.253079, 13.3599785 65.2549057, 13.3569878 65.2589523, 13.3572802 65.2615334, 13.357645 65.2649331, 13.3580258 65.2683121, 13.3585006 65.2727241, 13.3586991 65.2744922, 13.3590075 65.277483, 13.3593348 65.2806552, 13.3596083 65.2833559, 13.3599651 65.286736, 13.3606222 65.2885727, 13.363106 65.2940328, 13.3653 65.298826, 13.3667082 65.3019183, 13.3689049 65.3059313, 13.3698142 65.3073768, 13.3724561 65.3106664, 13.3751544 65.3140048, 13.377268 65.3166243, 13.3798429 65.3198001, 13.3824822 65.3230657, 13.3847487 65.3258696, 13.3870286 65.328671, 13.3891422 65.3312773, 13.3909982 65.333562, 13.3933613 65.33647, 13.3956975 65.3393575, 13.3986157 65.3429586, 13.396934 65.3465033, 13.39441 65.3518184, 13.3921999 65.3564736, 13.390844 65.3593516, 13.389354 65.3632793, 13.3879834 65.3668928, 13.3865552 65.3706723, 13.3852932 65.3740199, 13.3846736 65.3756472, 13.3837777 65.3779952, 13.383193 65.3795082, 13.3854595 65.3819876, 13.3890617 65.3859505, 13.3918592 65.3890381, 13.3944033 65.3918333, 13.3964297 65.3940742, 13.3990207 65.3969186, 13.4009546 65.3990447, 13.4038702 65.4022536, 13.40648 65.4051182, 13.4090294 65.407929, 13.4116647 65.4108165, 13.4140813 65.4134805, 13.4165221 65.4161553, 13.4190139 65.4188946, 13.4219375 65.4221123, 13.4261191 65.4267037, 13.4287718 65.4296114, 13.4337875 65.4352074, 13.435775 65.4373069, 13.4383097 65.4400964, 13.4404984 65.4425021, 13.4431323 65.4453847, 13.4429875 65.4473798, 13.4426656 65.4516682, 13.4424511 65.4543503, 13.4422418 65.4571625, 13.4421104 65.4590241, 13.4419012 65.461662, 13.4415311 65.4666553, 13.4413111 65.4694661, 13.4410536 65.4727856, 13.4408323 65.4758541, 13.4405708 65.4793129, 13.4402436 65.483586, 13.4399968 65.4868358, 13.4397688 65.4897958, 13.4395409 65.4930693, 13.4392378 65.4967722, 13.4390259 65.4995359, 13.4388193 65.5023477, 13.4384975 65.5065782, 13.4381179 65.5115367, 13.4379369 65.5148258, 13.4365985 65.5183328, 13.4349006 65.5227663, 13.4328313 65.5281273, 13.4259903 65.5345048, 13.4225611 65.5377165, 13.4196281 65.5404659, 13.4166509 65.5438629, 13.416498 65.54799, 13.4163934 65.5535163, 13.417422 65.5585647, 13.4191883 65.5615116, 13.4189066 65.5658522, 13.4197274 65.569257, 13.4204596 65.5723109, 13.4212267 65.5754342, 13.4224498 65.5805322, 13.4239358 65.58474, 13.4248209 65.5872699, 13.4264249 65.591757, 13.4276345 65.5955075, 13.4276453 65.5968085, 13.4276372 65.6001738, 13.4276345 65.6024163, 13.4276479 65.6062085, 13.4276882 65.6117456, 13.4276801 65.6168553, 13.4276855 65.6198571, 13.4277043 65.6247382, 13.427715 65.6274656, 13.4277284 65.6310926, 13.4277338 65.633484, 13.4277445 65.6380694, 13.4277633 65.6420046, 13.427774 65.645301, 13.4277821 65.6487673, 13.4277955 65.6529817, 13.4277981 65.6549599, 13.4277955 65.6586128, 13.4278116 65.6611189, 13.4278196 65.6655259, 13.4278142 65.6684966, 13.427825 65.6710526, 13.4278223 65.6743144, 13.427825 65.6778497, 13.4278411 65.6826349, 13.4278437 65.6844374, 13.4278384 65.6886604, 13.4278397 65.691306, 13.427833 65.6941777, 13.4278411 65.6973405, 13.4278545 65.7007116, 13.4278545 65.7046549, 13.4278491 65.7095576, 13.4278545 65.7124096, 13.4278558 65.7151218, 13.4310007 65.7170544, 13.4344929 65.7191826, 13.4386423 65.7217038, 13.441126 65.7230162, 13.4453706 65.7252481, 13.4489004 65.7271055, 13.4538719 65.7297236, 13.4588125 65.7323242, 13.4631309 65.7345928, 13.468093 65.7372096, 13.4717381 65.7395813, 13.4752196 65.7418537, 13.4795406 65.7446741, 13.4840736 65.747633, 13.4884335 65.7504731, 13.4931824 65.7535596, 13.4974498 65.7550416, 13.503077 65.7570004, 13.5089108 65.7590295, 13.5173088 65.7619554, 13.5215253 65.7634187, 13.5298508 65.7663171, 13.5353923 65.7682415, 13.5454506 65.7717365, 13.5499379 65.7733005, 13.5537279 65.7755887, 13.5578397 65.7780813, 13.5632792 65.7813824, 13.5698774 65.7853827, 13.5752499 65.7886334, 13.5860485 65.7951742, 13.5908496 65.798086, 13.5952699 65.8007952, 13.600401 65.8045375, 13.6058083 65.8084717, 13.61312 65.8121788, 13.6164674 65.8138755, 13.6224192 65.814592, 13.6325285 65.8158249, 13.6378956 65.8164787, 13.6468167 65.8175654, 13.6548927 65.8190262, 13.6605173 65.8200485, 13.6712247 65.8219864, 13.6800706 65.8235859, 13.6854511 65.8251556, 13.6902469 65.8265538, 13.6988515 65.8290591, 13.7052217 65.8309315, 13.7133944 65.8339579, 13.7218326 65.8370795, 13.7309414 65.8404488, 13.7343425 65.8434916, 13.737264 65.8460992, 13.7377113 65.8497013, 13.7378722 65.8538995, 13.7380198 65.8573895, 13.737376 65.8597853, 13.7362629 65.8639962, 13.7350827 65.8684728, 13.7336504 65.8738695, 13.7321591 65.877257, 13.7304211 65.8812096, 13.7289566 65.8845457, 13.7275028 65.8878419, 13.7260598 65.891129, 13.7250701 65.8933836, 13.7268645 65.8964465, 13.7279588 65.8983228, 13.7293589 65.9007137, 13.7310863 65.9036651, 13.7328458 65.9066665, 13.735536 65.9112616, 13.7384945 65.9163057, 13.7407663 65.9201625, 13.7429336 65.9238328, 13.7448782 65.9271349, 13.7467305 65.9302796, 13.7497625 65.934172, 13.7524232 65.9375756, 13.7565914 65.9429261, 13.7589973 65.9460104, 13.761988 65.9498497, 13.7624842 65.9524446, 13.7629992 65.9551638, 13.7634391 65.9575439, 13.7635034 65.959572, 13.7635195 65.9674294, 13.7617654 65.9714511, 13.7622642 65.9747186, 13.7627792 65.9778187, 13.7632969 65.9811051, 13.7639165 65.9849599, 13.7644798 65.9884789, 13.7648767 65.9910677, 13.7655634 65.9954381, 13.7659925 65.998156, 13.7665558 66.0017016, 13.7670654 66.0049064, 13.7677091 66.0089331, 13.7683341 66.012969, 13.7688196 66.0161299, 13.7693345 66.0194048, 13.7699729 66.0234489, 13.7707025 66.0282551, 13.7712899 66.0316963, 13.7718639 66.0333655, 13.7728161 66.0359432, 13.7740123 66.0391502, 13.7753373 66.0427446, 13.77632451783692 66.04538248060649, 13.783249560908912 66.05087161443245)"
way/400655824-300,relation/8481866-300,300.0,1005.455,65379.41,Al/St 240/40 3-bundle 300.0,"LINESTRING (13.225783253723597 64.98667888084609, 13.233000096274477 64.99068952615609, 13.2341507 64.9913678, 13.2383189 64.9938204, 13.2434607 64.9968486, 13.2463735 64.9985616, 13.2499918 65.0006927, 13.2588726 65.0028587, 13.2650095 65.0043594, 13.2727262 65.0062418, 13.2825324 65.0086369, 13.2889268 65.0101956, 13.2956699 65.0118408, 13.3018523 65.0133454, 13.3088556 65.0141566, 13.3131364 65.0146495, 13.319622 65.015404, 13.3249006 65.0160123, 13.334181 65.0170818, 13.3380537 65.0175236, 13.3400819 65.0206403, 13.341718 65.0233212, 13.3436948 65.026538, 13.3450701 65.0287731, 13.3476216 65.0329275, 13.3504325 65.0374897, 13.3530222 65.0417031, 13.3540186 65.0433345, 13.3551827 65.0457501, 13.3564098 65.0483176, 13.3581398 65.0519302, 13.3596164 65.0550135, 13.3609186 65.0577345, 13.362658 65.06136, 13.3640702 65.0643014, 13.3650237 65.0662939, 13.3676215 65.071705, 13.3688861 65.0743508, 13.3707288 65.0781916, 13.3718969 65.0806385, 13.3731347 65.083232, 13.3742304 65.0858111, 13.3753221 65.0895763, 13.3766967 65.0943434, 13.378239 65.0997449, 13.3792743 65.1033602, 13.3803579 65.1071759, 13.3826767 65.110114, 13.3855829 65.1137939, 13.388261 65.1171877, 13.3909821 65.1206437, 13.3934471 65.1237716, 13.396309 65.1274135, 13.3993077 65.131215, 13.3992782 65.1354221, 13.3992541 65.1402035, 13.399183 65.1452907, 13.3986962 65.1497559, 13.3982831 65.1533469, 13.3974221 65.1573296, 13.3963788 65.1607201, 13.395161 65.1633103, 13.3939312 65.1658952, 13.392051 65.1698073, 13.3907327 65.1725414, 13.388705 65.1767323, 13.3869052 65.1804384, 13.385483 65.1833633, 13.3834921 65.187445, 13.3842686 65.1899752, 13.3850545 65.1925429, 13.3860335 65.1957478, 13.387097 65.1991964, 13.388249 65.2029331, 13.3892092 65.2060428, 13.3898717 65.2081529, 13.389397 65.2090774, 13.3886084 65.210599, 13.3869052 65.2138129, 13.3846213 65.2181795, 13.3832058 65.2208872, 13.3815421 65.2240765, 13.3803331 65.2263616, 13.3790597 65.2281022, 13.3754817 65.2329406, 13.3728021 65.2365641, 13.3715066 65.2383201, 13.3693045 65.2412937, 13.3671413 65.2442231, 13.3652812 65.2467422, 13.3640957 65.2483392, 13.362245 65.2508518, 13.360641 65.2530127, 13.3592932 65.2548333, 13.3562824 65.2589118, 13.3565681 65.2615475, 13.3569449 65.2649662, 13.3573191 65.2683267, 13.3577992 65.2727454, 13.3579735 65.2744552, 13.3582968 65.2775021, 13.3586253 65.2806686, 13.3589056 65.2833755, 13.3592717 65.2867645, 13.3598658 65.2884886, 13.3624059 65.2940821, 13.364675 65.2990457, 13.3660108 65.3019755, 13.3682021 65.305984, 13.3691463 65.3074642, 13.3717722 65.3107504, 13.3744799 65.3141034, 13.3765975 65.31672, 13.3791697 65.3199009, 13.3818157 65.3231615, 13.3840728 65.3259615, 13.3863607 65.3287729, 13.3883563 65.3312202, 13.3903263 65.3336499, 13.3926854 65.3365607, 13.3949196 65.3393251, 13.3978741 65.3429715, 13.3962366 65.3464429, 13.393718 65.3517524, 13.3915119 65.3564053, 13.3901507 65.3592907, 13.3886567 65.3632301, 13.3872753 65.3668537, 13.3858538 65.3706209, 13.3845918 65.3739635, 13.3839682 65.3755969, 13.383075 65.377951, 13.3824661 65.3795406, 13.3847943 65.3820876, 13.3883965 65.3860577, 13.391194 65.3891375, 13.3937314 65.3919288, 13.3957753 65.394177, 13.3983555 65.3970202, 13.4003109 65.399168, 13.403205 65.402354, 13.4058094 65.4052198, 13.4083092 65.4079703, 13.4109914 65.4109147, 13.4134188 65.4135809, 13.4158543 65.4162636, 13.4185445 65.4192149, 13.4212723 65.4222104, 13.4255719 65.4269346, 13.4276319 65.4291954, 13.4330526 65.4351472, 13.4355779 65.4379352, 13.4376499 65.4402068, 13.4396468 65.4424007, 13.4424135 65.4454349, 13.44227 65.4473692, 13.4419455 65.4516632, 13.4417483 65.4542355, 13.4415311 65.4571536, 13.4413889 65.4590453, 13.4411884 65.4616854, 13.4408095 65.4667143, 13.4405983 65.4694734, 13.4403482 65.4727716, 13.4401175 65.475844, 13.439852 65.4792895, 13.4395261 65.483571, 13.4392861 65.4867506, 13.4390554 65.4897925, 13.4388086 65.4930537, 13.4385189 65.4967695, 13.4383138 65.4995604, 13.4381072 65.502276, 13.4377827 65.5065654, 13.4374273 65.5112482, 13.4371215 65.5150325, 13.4357858 65.5185718, 13.4342113 65.5226851, 13.4321514 65.5280379, 13.430073254619304 65.52997169938625, 13.42668085269571 65.5346155116061)"
relation/8481866-300,relation/8476872-300,300.0,1005.455,38040.49,Al/St 240/40 3-bundle 300.0,"LINESTRING (13.290527015659807 65.85201431785116, 13.30201613249462 65.84903115241696, 13.3094537 65.8473265, 13.3120099 65.8454574, 13.3164033 65.8422562, 13.3208249 65.8391473, 13.322677 65.8378469, 13.3287817 65.8335374, 13.3319816 65.831272, 13.3374506 65.8273962, 13.3398753 65.8256773, 13.3489546 65.8192322, 13.3506471 65.8180291, 13.3532757 65.8161551, 13.3555689 65.8150371, 13.3592087 65.8132656, 13.3666411 65.8096389, 13.3721852 65.8069339, 13.3787379 65.8037389, 13.3837911 65.801268, 13.3936483 65.7964569, 13.3966108 65.7950092, 13.3992742 65.7937079, 13.4046748 65.7911005, 13.4084487 65.7892175, 13.4118712 65.7875455, 13.4162351 65.7854124, 13.4222621 65.7824716, 13.4280395 65.7796416, 13.4313293 65.7780306, 13.4359199 65.7757813, 13.4399244 65.7738178, 13.4429526 65.7722472, 13.445836 65.7705873, 13.4466997 65.7675623, 13.447271 65.7655652, 13.4476908 65.7637303, 13.447955 65.7625583, 13.4484646 65.7601699, 13.4468606 65.7575808, 13.4447229 65.7541159, 13.443253 65.7517212, 13.4410027 65.7480703, 13.4392244 65.7451793, 13.4376928 65.7426923, 13.4360875 65.740085, 13.4347504 65.7379067, 13.4333101 65.7355639, 13.4317866 65.7330694, 13.429732 65.7297158, 13.4283963 65.7275306, 13.4281415 65.7251323, 13.4278384 65.7222078, 13.4274226 65.7182848, 13.4271437 65.7155344, 13.4271356 65.7124085, 13.4271356 65.7098588, 13.4271383 65.7049032, 13.4271383 65.700791, 13.427141 65.6971197, 13.4271276 65.6941744, 13.4271276 65.6913888, 13.4271222 65.6886692, 13.4271249 65.6844285, 13.4271276 65.6826426, 13.4271115 65.6778552, 13.4271088 65.6743166, 13.4271088 65.6710592, 13.4271061 65.6684949, 13.4271008 65.6655259, 13.4270941 65.6611206, 13.4270793 65.6586316, 13.427086 65.6549411, 13.4270807 65.6529751, 13.4270699 65.6486274, 13.4270592 65.6453109, 13.4270471 65.6419913, 13.427031 65.6380672, 13.4270217 65.6336794, 13.4270109 65.6310621, 13.4269962 65.6272276, 13.4269908 65.6247404, 13.4269767 65.6200414, 13.4269613 65.6167169, 13.4269425 65.6113237, 13.4269278 65.6062301, 13.4269197 65.602377, 13.4269264 65.6001605, 13.4269251 65.5968102, 13.4269103 65.595298, 13.4256765 65.5916894, 13.4241208 65.5873042, 13.4232196 65.5847832, 13.4217364 65.580561, 13.4204945 65.5753932, 13.4197515 65.572332, 13.4190112 65.5692848, 13.4180698 65.565353, 13.4166683 65.5585702, 13.4156397 65.5534608, 13.4158114 65.5475304, 13.415924 65.5438107, 13.4191936 65.5401149, 13.420458700364199 65.5389393782867, 13.42668085269571 65.5346155116061)"
way/613587460-420,way/254428135-420,420.0,1876.85,82124.9,Al/St 240/40 4-bundle 380.0,"LINESTRING (10.540759762386685 64.16425430666234, 10.549284398440529 64.16838346478481, 10.5513918 64.1697992, 10.5557156 64.1727066, 10.557282 64.1737583, 10.5626678 64.1773523, 10.567528 64.1806305, 10.5689764 64.1815954, 10.5786592 64.1880779, 10.5816901 64.1901216, 10.5855417 64.192707, 10.5873924 64.193947, 10.5909598 64.1963359, 10.5961472 64.1998033, 10.6007177 64.200931, 10.6072515 64.2025535, 10.6167519 64.2048926, 10.6237954 64.206634, 10.6330436 64.2089214, 10.6389123 64.2103708, 10.645135 64.2119088, 10.6511378 64.2133884, 10.6599516 64.2155562, 10.6702298 64.2180926, 10.6749076 64.2192428, 10.6850731 64.2217462, 10.6958127 64.2243963, 10.7003939 64.2255253, 10.7067615 64.2270857, 10.71145 64.2282403, 10.7188636 64.2300688, 10.7228655 64.231046, 10.7294583 64.2326738, 10.7349515 64.2330842, 10.7409516 64.2333524, 10.7466218 64.2335996, 10.7578683 64.2341033, 10.7622778 64.2343003, 10.7675511 64.2345329, 10.7773975 64.2349719, 10.7827297 64.2352074, 10.7953387 64.2357659, 10.8020228 64.2363208, 10.8104074 64.2370226, 10.8158147 64.2374703, 10.8222091 64.2380019, 10.829789 64.2386338, 10.8342093 64.2389998, 10.8443963 64.2395197, 10.854519 64.240028, 10.8620453 64.240408, 10.8703816 64.2406458, 10.8795226 64.2409022, 10.8876175 64.2411307, 10.894087 64.2413149, 10.9037027 64.241583, 10.9129804 64.2418394, 10.9244978 64.2421646, 10.9311336 64.2423523, 10.9371015 64.2425178, 10.9416264 64.242808, 10.951969 64.2434619, 10.9622633 64.2441122, 10.9690815 64.2445412, 10.9771469 64.2450505, 10.9835333 64.2462847, 10.9959358 64.2486574, 11.0058868 64.2505615, 11.0097706 64.2513026, 11.0194427 64.2531552, 11.0371721 64.2565526, 11.0443872 64.2579319, 11.0543409 64.2598318, 11.0602659 64.2609605, 11.0658798 64.2614381, 11.0730252 64.262045, 11.0808814 64.262706, 11.0884988 64.26336, 11.0975808 64.2641287, 11.1044231 64.264704, 11.1100638 64.2650464, 11.1167854 64.2654494, 11.1253309 64.2659618, 11.131677 64.2663391, 11.1391926 64.2667933, 11.1439508 64.2663147, 11.1558464 64.2651128, 11.1601138 64.2646819, 11.1729401 64.2633891, 11.1778995 64.2628917, 11.1908841 64.2615802, 11.1968252 64.2609838, 11.2101477 64.2620997, 11.2268606 64.2635009, 11.2366587 64.2643208, 11.241712 64.2642801, 11.247181 64.2642393, 11.2532696 64.2641915, 11.2607959 64.2641298, 11.2676516 64.2640774, 11.2755936 64.2640087, 11.2821999 64.2639586, 11.2884307 64.2639062, 11.2961447 64.2638445, 11.3071042 64.2637548, 11.3155277 64.2636849, 11.3311905 64.2635533, 11.337668 64.2634951, 11.3432872 64.2637443, 11.3482171 64.2639633, 11.3608798 64.2645223, 11.3658607 64.2647483, 11.373564 64.265086, 11.3832682 64.2655146, 11.3896573 64.2657964, 11.4046696 64.2664567, 11.4145267 64.2668888, 11.4237186 64.2672929, 11.436038 64.2678332, 11.4507794 64.2684726, 11.464566 64.2690758, 11.4698178 64.2693017, 11.4789104 64.2696976, 11.4877456 64.2700842, 11.4941883 64.2703613, 11.5040508 64.2707863, 11.5086105 64.2709854, 11.5185696 64.2714186, 11.5341935 64.2725852, 11.5457833 64.2725911, 11.5500265 64.2727925, 11.5564746 64.2731138, 11.5628153 64.2734235, 11.5754753 64.2740429, 11.5899217 64.2747461, 11.5943313 64.2748276, 11.6064388 64.2750512, 11.6155368 64.2760291, 11.6242862 64.2769674, 11.6313082 64.2777217, 11.6400951 64.2786647, 11.6464385 64.2793433, 11.6492844 64.2807483, 11.6529858 64.2825873, 11.659812 64.2859728, 11.6651604 64.2885219, 11.6661689 64.290183, 11.6685306 64.2940819, 11.6721985 64.2993022, 11.6734403 64.301222, 11.6774315 64.3074346, 11.6785285 64.3091137, 11.6801244 64.3117043, 11.6816425 64.3141539, 11.6830976 64.3165156, 11.6882247 64.320087, 11.6907674 64.3219693, 11.693624 64.3238841, 11.6973871 64.3264093, 11.7043474 64.3310687, 11.7082018 64.3351094, 11.7132497 64.3407371, 11.7171644 64.3451183, 11.7183271 64.3464154, 11.7204541 64.3480568, 11.7283264 64.3540708, 11.7345867 64.3585155, 11.7381486 64.361142, 11.7413217 64.3634712, 11.7432073 64.3657131, 11.7460665 64.3690932, 11.7498994 64.3725087, 11.7522222 64.3745725, 11.7557895 64.3777496, 11.7601642 64.3816349, 11.7636484 64.3847138, 11.766289 64.3870671, 11.7709225 64.390834, 11.7748077 64.3939855, 11.775662 64.3974455, 11.7762762 64.3998782, 11.7769521 64.4026201, 11.7777461 64.4057928, 11.7783067 64.4080383, 11.7788967 64.4103971, 11.7798449 64.4142471, 11.7822817 64.4167612, 11.782743 64.4194667, 11.7833948 64.4232165, 11.7839608 64.4264979, 11.7856747 64.4292858, 11.788035 64.4331118, 11.7913878 64.4366594, 11.7918035 64.4384915, 11.7928094 64.44297, 11.7935094 64.4460351, 11.7942953 64.4494723, 11.7949176 64.4522359, 11.7954648 64.4546048, 11.7962104 64.4578328, 11.7970151 64.4613576, 11.7977473 64.4645316, 11.7982811 64.4668809, 11.7990562 64.4702254, 11.7995819 64.4725141, 11.7943302 64.4746882, 11.789136200187238 64.47683895485204, 11.776470045121782 64.47813375524161)"
way/287685850-420,way/229806970-420,420.0,1876.85,78937.31,Al/St 240/40 4-bundle 380.0,"LINESTRING (10.419312245933238 63.32682059054129, 10.432643981778455 63.32818878758526, 10.4377507 63.3275983, 10.4493727 63.3287009, 10.4542167 63.3292111, 10.4597247 63.3297902, 10.4704911 63.3309248, 10.4776499 63.3316791, 10.4881132 63.3316333, 10.4934756 63.3316107, 10.5016509 63.3315126, 10.5144565 63.331354, 10.522542 63.3312577, 10.5271474 63.3312011, 10.5310124 63.3311539, 10.5491294 63.331714, 10.5597013 63.3320306, 10.5703738 63.3323556, 10.5816632 63.3326235, 10.5890501 63.332798, 10.5962397 63.3323652, 10.6051514 63.3318283, 10.6151614 63.3312234, 10.6202696 63.3309134, 10.6244445 63.3305715, 10.6392302 63.3293435, 10.6525969 63.3290732, 10.6650384 63.3321022, 10.6684595 63.3329545, 10.6745589 63.3357809, 10.6815678 63.3390386, 10.6868662 63.3414941, 10.6920549 63.3438991, 10.6978981 63.3466067, 10.7032411 63.3487655, 10.7078035 63.3506111, 10.7196441 63.3523506, 10.7282205 63.3530887, 10.7339175 63.353574, 10.7422712 63.3542862, 10.7493201 63.3548846, 10.7551311 63.3553772, 10.7613632 63.3559064, 10.7667571 63.3567526, 10.7738784 63.3578712, 10.7855353 63.3596993, 10.7913959 63.3604143, 10.7965511 63.3610417, 10.8033626 63.3618652, 10.8130226 63.3630329, 10.8204603 63.36393, 10.827933 63.363948, 10.8342871 63.3639642, 10.8385196 63.3639733, 10.8443212 63.3639859, 10.8518301 63.3639997, 10.8584699 63.3640117, 10.8630444 63.3641037, 10.8677222 63.3654517, 10.8712815 63.3664725, 10.8794957 63.3688291, 10.8883323 63.3713628, 10.8925071 63.3725596, 10.8966324 63.37374, 10.9023026 63.375364, 10.9097618 63.3774978, 10.9142666 63.3787835, 10.9190154 63.3801422, 10.9242149 63.3816276, 10.928953 63.3827657, 10.9353621 63.384305, 10.9425531 63.3860311, 10.9488671 63.3875492, 10.9541953 63.3888306, 10.9589468 63.3899624, 10.9622486 63.3920509, 10.9666239 63.3948165, 10.9703837 63.3971963, 10.9776941 63.4018226, 10.980556 63.4041414, 10.9834193 63.4064601, 10.9858493 63.4089407, 10.9895495 63.4127199, 10.9909375 63.4141388, 10.9929974 63.4162454, 10.9971508 63.4180981, 11.000344 63.4195221, 11.00632 63.4221989, 11.0115677 63.4248965, 11.0161268 63.4272372, 11.0182028 63.4296347, 11.0227673 63.4349449, 11.0254066 63.4380203, 11.0286668 63.4418053, 11.0311934 63.4447325, 11.0348909 63.4490142, 11.0387211 63.4537286, 11.0421757 63.4579724, 11.0456063 63.4621787, 11.0488933 63.4662017, 11.0511953 63.4690338, 11.0548991 63.47088, 11.0626336 63.4747371, 11.0680296 63.4774297, 11.0723318 63.479579, 11.080186 63.4834879, 11.0853794 63.4860755, 11.0894591 63.4881038, 11.0953224 63.4915219, 11.1008464 63.4947468, 11.1051419 63.4972443, 11.1097366 63.499924, 11.1128607 63.5017443, 11.1193912 63.5038062, 11.1249071 63.5055487, 11.1286012 63.507613, 11.1332582 63.5102114, 11.1383665 63.5130601, 11.1440326 63.5162174, 11.1504605 63.5198121, 11.1562642 63.5233343, 11.1586808 63.5248045, 11.1675804 63.5302082, 11.1772719 63.5361216, 11.1818357 63.5388823, 11.1879913 63.542631, 11.1916103 63.5448396, 11.1949638 63.5468789, 11.1996288 63.5497144, 11.205415 63.5532347, 11.2128152 63.5577409, 11.21618 63.5597873, 11.2239008 63.5644954, 11.2290929 63.5676593, 11.2350681 63.571298, 11.2396708 63.5741051, 11.2440958 63.5768003, 11.2492624 63.5799565, 11.2543056 63.5830304, 11.258736 63.5857394, 11.2663253 63.5906245, 11.2706222 63.5933922, 11.2740943 63.5956323, 11.281349 63.6003294, 11.2863225 63.6035608, 11.2906609 63.604479, 11.3037273 63.6074206, 11.3113555 63.6091475, 11.3153024 63.6100411, 11.3202363 63.6111588, 11.3266253 63.6126078, 11.3433509 63.6164043, 11.348826 63.6176444, 11.3541542 63.61885, 11.3635104 63.6209618, 11.3670791 63.623475, 11.3721666 63.6271551, 11.3765024 63.6303034, 11.3823167 63.6345171, 11.3876409 63.6383696, 11.3920847 63.6415759, 11.3965066 63.6447766, 11.4001628 63.6474117, 11.4041707 63.6503018, 11.4079063 63.6529964, 11.4128812 63.656578, 11.4164659 63.6591586, 11.4219584 63.6631098, 11.4274643 63.6670709, 11.4334369 63.6713634, 11.4388959 63.6752858, 11.4432988 63.678449, 11.4476654 63.6815844, 11.4534751 63.6861309, 11.4588891 63.6903658, 11.4621896 63.6929412, 11.4661726 63.6949055, 11.4688428 63.6981798, 11.4716128 63.7015676, 11.4742689 63.7048132, 11.4779717 63.7093412, 11.4806338 63.7125885, 11.4832261 63.7157427, 11.4856803 63.7187399, 11.4876665 63.7211566, 11.4914216 63.7257305, 11.4935687 63.7283425, 11.4961155 63.7314363, 11.4986622 63.7345279, 11.4993247 63.7375639, 11.5000194 63.7407029, 11.500757 63.7440214, 11.501456569914906 63.74712791176232, 11.503033934039927 63.753045459315146)"
way/288569179-300,way/229806970-300,300.0,1005.455,43039.36,Al/St 240/40 3-bundle 300.0,"LINESTRING (11.004285803424215 63.44820602222403, 11.011788061113927 63.45228717510519, 11.0130993 63.4537301, 11.0197417 63.4558659, 11.0275389 63.4583724, 11.0352154 63.4608452, 11.040494 63.4625439, 11.0441733 63.4646239, 11.0477313 63.466634, 11.0516077 63.4688101, 11.0555841 63.4708014, 11.0630869 63.474549, 11.0652995 63.4756523, 11.0684936 63.477245, 11.0727925 63.4793904, 11.0806534 63.4833023, 11.0858501 63.4858887, 11.0899338 63.4879296, 11.0958119 63.4913537, 11.1012085 63.4944919, 11.1056408 63.4970773, 11.1102314 63.4997559, 11.1132985 63.5015403, 11.1189231 63.5033156, 11.1253403 63.5053462, 11.1290283 63.5074049, 11.1337437 63.5100364, 11.1383396 63.5126019, 11.1445114 63.516047, 11.1509567 63.5196441, 11.1568683 63.5232324, 11.1593011 63.5247122, 11.1682771 63.5301643, 11.1772263 63.5356112, 11.1830024 63.5391234, 11.1878774 63.5420938, 11.1929481 63.5451786, 11.1957899 63.54691, 11.20019 63.5495893, 11.2056805 63.5529259, 11.213186 63.5574951, 11.2166776 63.5596237, 11.2242763 63.5642524, 11.2296595 63.5675343, 11.2357491 63.5712487, 11.2402582 63.5739923, 11.244818 63.5767705, 11.2491678 63.5794281, 11.2549326 63.5829489, 11.2597109 63.5858711, 11.2668007 63.5904369, 11.2711492 63.593241, 11.2748238 63.595615, 11.2818713 63.6001768, 11.2865954 63.6032514, 11.2909432 63.6042286, 11.3033397 63.6070265, 11.310803 63.6087127, 11.3155767 63.6097904, 11.3203597 63.6108738, 11.3272798 63.6124427, 11.3436292 63.6161534, 11.3491076 63.6173953, 11.3542923 63.6185693, 11.3641119 63.6207899, 11.3676122 63.623332, 11.3724576 63.6268415, 11.3770381 63.630156, 11.3828485 63.6343712, 11.3880171 63.6381097, 11.3926157 63.6414318, 11.3970407 63.6446273, 11.4007046 63.6472724, 11.4051336 63.6504649, 11.4084354 63.6528488, 11.4133988 63.6564233, 11.4170077 63.6590179, 11.4226323 63.6630664, 11.4279994 63.6669293, 11.4339754 63.6712224, 11.4394337 63.6751407, 11.4438339 63.6783003, 11.4482059 63.6814417, 11.4534174 63.6855204, 11.4594282 63.6902255, 11.4620648 63.6922845, 11.4656509 63.6950871, 11.468248 63.6982688, 11.4710227 63.7016641, 11.4737378 63.704985, 11.4771482 63.7091464, 11.4798224 63.7124151, 11.482632 63.7158369, 11.4850876 63.7188372, 11.4870711 63.7212533, 11.4908329 63.7258267, 11.492874 63.7283105, 11.495524 63.7315306, 11.4980426 63.7345902, 11.49874 63.7377805, 11.4993972 63.7407296, 11.5001307 63.7440427, 11.500819073877112 63.74714715561833, 11.502596752192956 63.75285827072675)"
relation/8520950-300,way/288569179-300,300.0,1005.455,30463.29,Al/St 240/40 3-bundle 300.0,"LINESTRING (10.44000163740998 63.392051610466055, 10.4597295728172 63.39428524954291, 10.4615888 63.3941369, 10.471399 63.3944619, 10.4761948 63.3946318, 10.4834461 63.3948781, 10.4883546 63.3950487, 10.4933294 63.3959943, 10.4983726 63.3969591, 10.5058868 63.3983842, 10.5133675 63.3992108, 10.5199067 63.3999383, 10.5238429 63.4003628, 10.5355212 63.4016442, 10.5468549 63.402713, 10.5489732 63.4026497, 10.5552824 63.4022927, 10.5649477 63.4017415, 10.5750275 63.4011963, 10.5805904 63.4008898, 10.5901853 63.4003598, 10.593811 63.400165, 10.6049596 63.399557, 10.6083177 63.3994117, 10.6147711 63.3991672, 10.620224 63.3989661, 10.6351881 63.3983902, 10.6416455 63.3981572, 10.6464212 63.3979776, 10.6505343 63.3977536, 10.6542626 63.3975458, 10.6632788 63.397042, 10.6707112 63.3966438, 10.6749853 63.3960775, 10.6888108 63.3942883, 10.693042 63.3937357, 10.7040779 63.392302, 10.7100981 63.3922834, 10.7148443 63.3923008, 10.7203174 63.392317, 10.7267117 63.3923308, 10.7345089 63.3923597, 10.7436647 63.3923885, 10.7462087 63.3923951, 10.7527587 63.3924179, 10.7621317 63.3924516, 10.7701126 63.3924774, 10.7738891 63.3924942, 10.7777408 63.392508, 10.7842264 63.392529, 10.789 63.3925408, 10.8005369 63.3925756, 10.8061199 63.3925651, 10.812525 63.3925789, 10.8182743 63.3932955, 10.8233263 63.3939261, 10.8283386 63.394552, 10.8321574 63.3958582, 10.8351333 63.3968432, 10.8425362 63.3992864, 10.8477652 63.4010162, 10.8538149 63.4030211, 10.8590774 63.4047532, 10.8651204 63.4067525, 10.8709402 63.408672, 10.8748475 63.4099486, 10.8795648 63.4115018, 10.8846476 63.4131716, 10.8902286 63.4147831, 10.8946301 63.4160558, 10.9025426 63.4183363, 10.9092522 63.4202704, 10.9156398 63.4221059, 10.9200608 63.4233753, 10.9297845 63.426175, 10.937878 63.4284985, 10.9472497 63.4311859, 10.9544568 63.4332559, 10.9613742 63.43524, 10.968875 63.4373888, 10.9757428 63.4393606, 10.9811246 63.4409035, 10.987857 63.4428318, 10.9925936 63.4441912, 10.995155388217704 63.44492387088561, 11.004285803424215 63.44820602222403)"
way/633896066-420,way/287685850-420,420.0,1876.85,83558.61,Al/St 240/40 4-bundle 380.0,"LINESTRING (9.01125040039756 62.99637347310076, 9.022681404518243 62.998913055141855, 9.0229002 62.9989495, 9.0305391 63.0002001, 9.0362334 63.0011329, 9.0426345 63.0021831, 9.0494406 63.0032978, 9.0526928 63.0039029, 9.0583563 63.0049658, 9.063879 63.0059982, 9.0714991 63.0068096, 9.0819383 63.0079217, 9.0877748 63.0085425, 9.0911821 63.009047, 9.0968674 63.0098889, 9.1034482 63.011184, 9.1092901 63.0123319, 9.1203046 63.0144978, 9.1295984 63.0168704, 9.135675 63.0184208, 9.1406062 63.0198312, 9.1470449 63.0216656, 9.1533132 63.0234548, 9.1598833 63.0253285, 9.1640997 63.0265299, 9.1713376 63.0285938, 9.1769528 63.0301959, 9.181821 63.0315789, 9.1888632 63.0335853, 9.1946675 63.03524, 9.1989094 63.0364477, 9.210982 63.0398814, 9.2158476 63.0412457, 9.2208982 63.0426568, 9.2304723 63.0453457, 9.2357871 63.0468362, 9.2426857 63.0487729, 9.2497869 63.0507671, 9.2570275 63.052797, 9.2634608 63.0546044, 9.2662851 63.0554959, 9.2763226 63.0586679, 9.2844316 63.0612277, 9.2883651 63.062472, 9.296468 63.0650296, 9.3024614 63.0669189, 9.3072224 63.0684235, 9.3090972 63.0690145, 9.3184152 63.071953, 9.3217707 63.0726612, 9.327579 63.0738831, 9.3361366 63.0756849, 9.3447894 63.0775048, 9.3537869 63.0793993, 9.3602309 63.080754, 9.3671013 63.0821844, 9.3731859 63.0834527, 9.3791136 63.0846814, 9.3860364 63.0864638, 9.3923557 63.088093, 9.3983102 63.0896263, 9.4018346 63.0905331, 9.4126278 63.0933116, 9.4195104 63.0950825, 9.4249687 63.096485, 9.4319102 63.0982696, 9.4370024 63.0995797, 9.4439667 63.1013896, 9.4581583 63.105105, 9.4614387 63.1060963, 9.465529 63.1073368, 9.4691768 63.1085178, 9.4775239 63.111211, 9.484967 63.1136163, 9.4914442 63.115705, 9.4966279 63.1172829, 9.5000035 63.1183137, 9.5082982 63.1208368, 9.5120466 63.1219803, 9.5182519 63.1238695, 9.5239247 63.1255961, 9.5286347 63.1270279, 9.532709 63.1282694, 9.5377824 63.1298139, 9.5448258 63.1319553, 9.5541358 63.134788, 9.5576844 63.1358668, 9.5627215 63.1373951, 9.5664552 63.1398722, 9.56844 63.1412465, 9.5759636 63.1464507, 9.5788416 63.1484406, 9.5851877 63.1528302, 9.5887658 63.1553036, 9.59558 63.160016, 9.5967762 63.1608413, 9.6029279 63.165097, 9.6060017 63.1672122, 9.609054 63.1693176, 9.6126348 63.171792, 9.6165857 63.1745168, 9.6194905 63.17652, 9.623192 63.1790724, 9.6286797 63.1828469, 9.6342078 63.186645, 9.6404935 63.1909695, 9.6449661 63.1940426, 9.6498129 63.1973725, 9.6544316 63.2005417, 9.6569717 63.2022812, 9.6598953 63.2042994, 9.6631086 63.20517, 9.6682852 63.2065774, 9.6761575 63.2087246, 9.6805188 63.2099094, 9.6861863 63.2114556, 9.6917331 63.2129654, 9.6996269 63.215117, 9.7092667 63.2178147, 9.7145748 63.2201896, 9.7204596 63.222824, 9.7242254 63.2245096, 9.7340423 63.2289016, 9.7397876 63.2314675, 9.7425529 63.2327033, 9.7459111 63.2342012, 9.7520533 63.2369454, 9.7549179 63.2403802, 9.7565138 63.2422943, 9.7585255 63.2447106, 9.7656937 63.244838, 9.777419 63.245062, 9.7896552 63.2452926, 9.7945841 63.2453889, 9.8007609 63.2470276, 9.8090368 63.2468055, 9.8135054 63.2471146, 9.8192534 63.2475094, 9.8268843 63.2480346, 9.835124 63.2485984, 9.8408371 63.2489932, 9.8459709 63.2493445, 9.8577538 63.2508379, 9.8620534 63.2513823, 9.8717228 63.2526052, 9.8780394 63.2534019, 9.8847073 63.2542481, 9.8910038 63.2550411, 9.8983839 63.2559742, 9.9073935 63.2571117, 9.9171352 63.258341, 9.9276656 63.2596668, 9.9380444 63.2609768, 9.9481322 63.2622457, 9.9565168 63.2636841, 9.9630788 63.2648099, 9.9662586 63.2653565, 9.9730439 63.2666596, 9.9850246 63.2689647, 9.9939296 63.2715518, 9.9982707 63.2728149, 10.00562 63.2749505, 10.0119379 63.2767857, 10.015056 63.2776927, 10.0208777 63.2795603, 10.0291054 63.2821984, 10.0352745 63.2841748, 10.045495 63.2855615, 10.0568515 63.2853716, 10.0666791 63.2852064, 10.0795899 63.2849869, 10.0851327 63.2848923, 10.0919221 63.286124, 10.0963792 63.2869348, 10.1044272 63.2883967, 10.1106754 63.2895294, 10.1208115 63.2913709, 10.1292846 63.292876, 10.1365359 63.2941646, 10.1417622 63.2962703, 10.1473774 63.2985254, 10.1549077 63.2996228, 10.162084 63.300667, 10.1649606 63.3010852, 10.1721972 63.3000223, 10.1800333 63.2988701, 10.1900554 63.3001235, 10.1990274 63.3012413, 10.2080543 63.3023638, 10.21467 63.3030579, 10.2219348 63.3026946, 10.2296555 63.3023108, 10.2372743 63.3019282, 10.2431826 63.3016335, 10.2480213 63.3013928, 10.2609408 63.3032953, 10.2662797 63.304081, 10.2733688 63.3051239, 10.2850109 63.3068355, 10.292564 63.3079452, 10.3004739 63.3091072, 10.3095277 63.3104348, 10.3184286 63.3133839, 10.3254667 63.3157159, 10.3339284 63.3185159, 10.3413588 63.3200807, 10.3479356 63.3214632, 10.3531337 63.3225567, 10.3611776 63.3242486, 10.3690958 63.325913, 10.3764997 63.3269542, 10.3839 63.3279945, 10.3907852 63.3289643, 10.3956856 63.3296535, 10.4041976 63.3286573, 10.40656572012626 63.328380215013766, 10.419312245933238 63.32682059054129)"
way/633896066-420,way/633840104-420,420.0,1876.85,63548.33,Al/St 240/40 4-bundle 380.0,"LINESTRING (9.01125040039756 62.99637347310076, 9.01696507068701 63.00187041726119, 9.0170006 63.0065679, 9.0198773 63.008803, 9.0260518 63.0135843, 9.0284014 63.0154708, 9.0320988 63.0184482, 9.0358981 63.0215165, 9.039554 63.0244537, 9.0421289 63.0265354, 9.0475899 63.0290889, 9.0499878 63.0302032, 9.055438 63.0327576, 9.0605825 63.0351658, 9.0644932 63.0369901, 9.0665182 63.0379314, 9.0664887 63.0434265, 9.0661803 63.0472028, 9.0658906 63.0508473, 9.0656063 63.0544731, 9.06533 63.0578227, 9.0649867 63.0616481, 9.0646917 63.0645886, 9.0644824 63.0672906, 9.0642357 63.0704613, 9.0639782 63.0736341, 9.0636724 63.0773992, 9.0634283 63.0806003, 9.0632513 63.0828723, 9.063018 63.0856394, 9.0627524 63.0892063, 9.062562 63.0915358, 9.064402 63.0927861, 9.0696645 63.0963836, 9.0758711 63.1006105, 9.0794867 63.103086, 9.0824962 63.105139, 9.086895 63.108143, 9.0893921 63.1098377, 9.0884721 63.1128085, 9.087131 63.1170925, 9.0864605 63.1192148, 9.0854412 63.1224793, 9.0845454 63.1256536, 9.083443 63.129606, 9.0821797 63.1339917, 9.0808976 63.135771, 9.078092 63.1396687, 9.0756029 63.1431344, 9.0734035 63.1447871, 9.0685219 63.1484631, 9.0656519 63.1506291, 9.0636778 63.1521216, 9.0606683 63.1543964, 9.0566893 63.1573935, 9.0554327 63.15834, 9.0506798 63.160125, 9.0471044 63.1614559, 9.0419733 63.1633801, 9.0370676 63.1652193, 9.0315302 63.1672927, 9.0285945 63.170435, 9.0248877 63.1744042, 9.0221652 63.17732, 9.018036 63.1817463, 9.0215376 63.187775, 9.0222725 63.1890441, 9.0236673 63.1914479, 9.026151 63.1957372, 9.0276396 63.1983074, 9.0316576 63.201292, 9.0387145 63.2065314, 9.0422577 63.209178, 9.0488183 63.214057, 9.0541774 63.2161577, 9.0596652 63.2183066, 9.0688089 63.2218862, 9.0750235 63.2243248, 9.0853929 63.2283796, 9.0883434 63.2295322, 9.0942657 63.2318517, 9.0975165 63.2336926, 9.10294 63.2367776, 9.1088194 63.240123, 9.1170806 63.2448205, 9.1218871 63.2475396, 9.1256046 63.2496475, 9.1290593 63.2516129, 9.1331094 63.2539053, 9.1350085 63.2547925, 9.1405338 63.2573827, 9.1441494 63.2590651, 9.1499269 63.2617612, 9.1543364 63.2638199, 9.162426 63.2675893, 9.1711217 63.2716477, 9.1777146 63.2747165, 9.1855091 63.2783507, 9.1890711 63.2800186, 9.1955888 63.2830503, 9.2014843 63.2857924, 9.2102605 63.289882, 9.2140961 63.2916687, 9.2177707 63.2933732, 9.225297 63.2968808, 9.2320991 63.3001181, 9.2392176 63.3038032, 9.2418864 63.3051359, 9.2479911 63.3081674, 9.2529827 63.3106541, 9.2558125 63.3120588, 9.2574513 63.3128731, 9.278807 63.316771, 9.2816609 63.3174937, 9.2897263 63.3195147, 9.2944765 63.3206455, 9.2993769 63.3218004, 9.3050685 63.3240234, 9.3112028 63.3264148, 9.3154339 63.3280655, 9.3215722 63.3304505, 9.3266241 63.33242, 9.3300936 63.3337683, 9.3369359 63.3364369, 9.3436199 63.3390402, 9.347772 63.3406547, 9.3528736 63.3426343, 9.3570337 63.3432342, 9.3622935 63.3439851, 9.3695408 63.3450236, 9.3778235 63.3462124, 9.387753 63.3476346, 9.3903011 63.3479955, 9.3977362 63.3490591, 9.4058955 63.3502213, 9.415015 63.3510827, 9.4180459 63.3517034, 9.432385 63.3536438, 9.4368589 63.3546903, 9.4408125 63.3556201, 9.4446427 63.356515, 9.4501573 63.3578068, 9.4592392 63.359932, 9.4664785 63.3609855, 9.473809 63.362057, 9.4792619 63.3628543, 9.4866756 63.3639342, 9.4951728 63.3651787, 9.5004433 63.3659435, 9.5111829 63.3675114, 9.5191061 63.368668, 9.5297277 63.3702141, 9.5327425 63.3706541, 9.537895 63.3714055, 9.5462206 63.3726137, 9.553197 63.3736355, 9.5601547 63.3746428, 9.5635235 63.3751296, 9.5665142 63.3755671, 9.5789891 63.3773857, 9.5844394 63.3781694, 9.5914882 63.3791982, 9.5969599 63.3799866, 9.6025819 63.3808014, 9.6032417 63.3826978, 9.6038586 63.3844113, 9.6048591 63.3872338, 9.6052587 63.3883981, 9.6057737 63.3925441, 9.6060151 63.3944517, 9.606091179347152 63.3950662196277, 9.606707360400799 63.400762387463466)"
way/633896066-420,NO27-420,420.0,1876.85,25747.36,Al/St 240/40 4-bundle 380.0,"LINESTRING (8.638899362720311 62.84886463528845, 8.643787904596882 62.85263579636828, 8.6445558 62.853267, 8.6446242 62.8545373, 8.6447985 62.8574846, 8.6449313 62.8596742, 8.6456957 62.8612513, 8.6492899 62.8628871, 8.6544263 62.8652274, 8.663393 62.8693105, 8.6668289 62.8711403, 8.6729926 62.8744216, 8.6771473 62.8766326, 8.6799529 62.8781269, 8.6830804 62.8797922, 8.6858806 62.8812827, 8.6886567 62.8825371, 8.6924238 62.8840671, 8.6957002 62.8853978, 8.699246 62.8868373, 8.7031567 62.8884245, 8.7076226 62.8902421, 8.712582 62.8922514, 8.7168843 62.8939979, 8.7221038 62.896117, 8.7265643 62.8979267, 8.7289944 62.8989092, 8.7322694 62.8999331, 8.738519 62.9018832, 8.7527534 62.9063375, 8.7571013 62.9077765, 8.7640858 62.9100814, 8.7687984 62.9116387, 8.7765312 62.9141913, 8.7827137 62.9159853, 8.7915945 62.9185607, 8.798469 62.9205522, 8.8053381 62.92254, 8.8093695 62.9233165, 8.8129717 62.9240087, 8.817502 62.9246912, 8.8210666 62.9252222, 8.8262111 62.9259913, 8.8420361 62.9360965, 8.8543877 62.9443474, 8.8563162 62.9455832, 8.8600203 62.9479511, 8.8654008 62.9502932, 8.8704622 62.9524935, 8.875325 62.9546072, 8.8819876 62.957506, 8.8865903 62.9595046, 8.893092 62.962036, 8.8985664 62.9641696, 8.9077851 62.9661495, 8.9127284 62.9672095, 8.9217943 62.9691584, 8.9270943 62.9702954, 8.9316863 62.9712815, 8.9388773 62.9728258, 8.943724 62.9738691, 8.948257 62.9750306, 8.9616653 62.9784746, 8.965694 62.9796931, 8.9760607 62.9828137, 8.9805508 62.9841673, 8.985301 62.9855988, 8.9912286 62.9876918, 8.998463 62.9902452, 8.9996541 62.9906656, 9.001958289709222 62.99188297932674, 9.01125040039756 62.99637347310076)"
relation/8846916-300,NO79-300,300.0,1005.455,2869.94,Al/St 240/40 3-bundle 300.0,"LINESTRING (5.509854259280807 59.88481605203459, 5.516977932313212 59.888348245723044, 5.541356068684562 59.898960083033934, 5.548759499999992 59.901443996965014)"
relation/8846916-300,NO79-300,300.0,1005.455,2865.28,Al/St 240/40 3-bundle 300.0,"LINESTRING (5.509854259280807 59.88481605203459, 5.517642104536844 59.887997007690075, 5.5419283868527405 59.8985743346459, 5.548759499999992 59.901443996965014)"
relation/8864887-300,relation/12969006-300,300.0,2010.911,3845.7,Al/St 240/40 3-bundle 300.0,"LINESTRING (5.505430665996321 59.27827213375187, 5.5119245570823905 59.281764370028235, 5.5120656 59.281801, 5.5123606 59.2818544, 5.5128193 59.2819174, 5.5132511 59.2819476, 5.5135944 59.2819503, 5.5142918 59.2819024, 5.5220206 59.2814084, 5.5220984 59.2814167, 5.5222446 59.2814811, 5.5225933 59.2816297, 5.5229312 59.2817366, 5.5234167 59.2818311, 5.5237493 59.2818695, 5.5244574 59.2818832, 5.5249482 59.2818887, 5.5259728 59.2818791, 5.5270135 59.2819174, 5.5281991 59.2820627, 5.5311495 59.2824449, 5.5319273 59.2825436, 5.5325416 59.2825943, 5.5333328 59.2826271, 5.5340034 59.2826491, 5.5347034 59.2826409, 5.5354947 59.2825956, 5.5359426 59.2825518, 5.5364656 59.2824737, 5.537214 59.2823614, 5.5376968 59.2823312, 5.5382238 59.2823661, 5.5390647 59.2823888, 5.5396709 59.2824477, 5.5405614 59.2826011, 5.5410147 59.282645, 5.5466446 59.2827231, 5.5471569 59.2827162, 5.547688 59.2826765, 5.5482405 59.2826052, 5.5488172 59.2824915, 5.5493993 59.2823449, 5.5497962 59.2821928, 5.5510166 59.2816352, 5.5534199 59.2805425, 5.5537029 59.2804014, 5.5538557 59.2802904, 5.5540569 59.2800856, 5.5541468 59.2799246, 5.554492787975776 59.27905187489288, 5.551698848289848 59.27351907738526)"
relation/11036958-300,NO88-300,300.0,1005.455,1198.66,Al/St 240/40 3-bundle 300.0,"LINESTRING (6.670453273937847 59.484741966950956, 6.68091326872451 59.48233869925746, 6.6817271613903175 59.48220438000182, 6.690121299999995 59.48085449689056)"
relation/12274653-420,relation/11036958-420,420.0,1876.85,16628.72,Al/St 240/40 4-bundle 380.0,"LINESTRING (6.602145560303242 59.56031432202856, 6.597890201199719 59.554131719527135, 6.5977219 59.5538071, 6.5971814 59.5527272, 6.59567 59.5496886, 6.5942752 59.5473192, 6.5911666 59.542013, 6.590728 59.5410735, 6.5897128 59.5388572, 6.5890727 59.5374578, 6.588648 59.5365292, 6.5871754 59.5354148, 6.5840292 59.5330328, 6.5777609 59.5282889, 6.5736772 59.5245135, 6.5728095 59.5221178, 6.5715247 59.5185717, 6.5710847 59.5173574, 6.5701836 59.51487, 6.5693267 59.5125309, 6.568341 59.5098098, 6.5689471 59.5069966, 6.5670039 59.5008197, 6.5667289 59.4998756, 6.5659136 59.4970773, 6.5651089 59.4933801, 6.5642224 59.4911824, 6.5622175 59.4868595, 6.5605451 59.4826572, 6.5584235 59.4760828, 6.5576094 59.4754101, 6.5578602 59.4742368, 6.5594213 59.4741598, 6.5619117 59.4740406, 6.5713236 59.4735842, 6.5765351 59.473997, 6.5859309 59.4747777, 6.5925774 59.4753253, 6.5966409 59.4756574, 6.6025029 59.4761406, 6.6062205 59.4764458, 6.6101794 59.4767734, 6.6137964 59.4770724, 6.6186002 59.4774709, 6.6264188 59.4786138, 6.6316465 59.479382, 6.6350368 59.4798813, 6.6400042 59.4806134, 6.6449556 59.4813421, 6.6498426 59.482064, 6.6545364 59.4820545, 6.6582164 59.4820436, 6.660804710612474 59.482740510035065, 6.670807995082767 59.48494150943383)"
relation/8860331-420,relation/8886202-420,420.0,1876.85,78101.3,Al/St 240/40 4-bundle 380.0,"LINESTRING (6.410652126936926 59.668983261515415, 6.418701412572657 59.66468637315465, 6.4205338 59.6633299, 6.421999 59.6621235, 6.4233562 59.6610003, 6.4255147 59.6592116, 6.4289425 59.6563834, 6.4304184 59.6551493, 6.4322826 59.6536079, 6.4362288 59.649464, 6.4358854 59.6483574, 6.4348635 59.6449662, 6.4341634 59.6426449, 6.4338537 59.6415706, 6.4335546 59.6406061, 6.4325246 59.6371951, 6.4328653 59.6325525, 6.4341366 59.6295537, 6.4373647 59.6259293, 6.440004 59.6229766, 6.4413813 59.6214358, 6.443169 59.6194269, 6.4475933 59.6144759, 6.4484905 59.613476, 6.4500435 59.6118832, 6.4520457 59.6097889, 6.4550672 59.6070248, 6.4567785 59.6054336, 6.4597678 59.6026929, 6.4611505 59.6014205, 6.4626069 59.6000809, 6.4634733 59.5992856, 6.4646843 59.5979085, 6.4660753 59.5963142, 6.4675623 59.59461, 6.4699173 59.5919213, 6.4712208 59.5905487, 6.4745159 59.5870614, 6.4785057 59.584184, 6.4812669 59.5821876, 6.4842801 59.5800086, 6.4868997 59.5781142, 6.4884569 59.5770417, 6.4907017 59.5754956, 6.4949973 59.5756314, 6.4990453 59.5757448, 6.5060815 59.5759418, 6.5092506 59.5760212, 6.5178309 59.5762623, 6.5218529 59.5763982, 6.5253854 59.5765727, 6.5360378 59.5770956, 6.5392725 59.5772559, 6.5459633 59.5775846, 6.5516858 59.577865, 6.5578133 59.5781638, 6.5605438 59.5782983, 6.5676791 59.5768817, 6.5717641 59.5749105, 6.5742995 59.5736157, 6.5763728 59.5716963, 6.5805477 59.5692982, 6.5838984 59.5673724, 6.5863144 59.5659829, 6.5881786 59.5654286, 6.5965739 59.554155, 6.596138 59.5522393, 6.5949753 59.5501848, 6.5935148 59.5476224, 6.5905496 59.5424168, 6.589863 59.5410925, 6.58866 59.5387477, 6.5878138 59.5370969, 6.5862018 59.5358234, 6.5832835 59.5335047, 6.5780506 59.5293416, 6.5729544 59.5246447, 6.5720142 59.5219199, 6.5709977 59.5189887, 6.5701568 59.5171696, 6.5686816 59.5140352, 6.5685041 59.5134077, 6.5675805 59.5101997, 6.5681317 59.5070518, 6.5662542 59.5008707, 6.5659001 59.4996496, 6.5652376 59.4973584, 6.5637101 59.49203, 6.5616918 59.487475, 6.5598075 59.4827348, 6.5569992 59.475702, 6.5567404 59.474745, 6.5562737 59.4730134, 6.5577154 59.4694948, 6.5566304 59.465691, 6.555748 59.4626057, 6.5551579 59.4592802, 6.5548494 59.4575478, 6.5544672 59.4553914, 6.5540394 59.4526453, 6.5532763 59.4477019, 6.5528633 59.4451044, 6.5520841 59.4420459, 6.5510595 59.4380153, 6.5502629 59.4348975, 6.5493214 59.4311737, 6.5480098 59.4282708, 6.5467921 59.4250401, 6.5456803 59.422645, 6.5442856 59.4196833, 6.5428036 59.416516, 6.5411273 59.4129267, 6.5401268 59.4107756, 6.5389466 59.4082573, 6.5377986 59.405811, 6.5371147 59.4036677, 6.5362617 59.4008935, 6.5355282 59.3985055, 6.5343842 59.3950508, 6.5336895 59.3924999, 6.5332469 59.3890159, 6.5360364 59.3843363, 6.5399203 59.3781916, 6.5437853 59.3720286, 6.5451479 59.3698716, 6.5469302 59.3674308, 6.5499759 59.3647069, 6.5550613 59.360687, 6.5588593 59.3580747, 6.5628022 59.3553514, 6.5655072 59.3534818, 6.5721229 59.3510001, 6.5771373 59.3491166, 6.5796894 59.3467441, 6.5810801 59.3454518, 6.5830756 59.3434387, 6.5835129 59.3402868, 6.5837234 59.338694, 6.5850981 59.337491, 6.5864915 59.3366757, 6.5978372 59.329475, 6.6036415 59.3237965, 6.6051315 59.3221701, 6.6077453 59.3191093, 6.6093385 59.3166307, 6.6106984 59.3143599, 6.6118759 59.3125229, 6.6130185 59.3094791, 6.615179 59.3057839, 6.6169104 59.3032886, 6.6187879 59.3000063, 6.6208801 59.2982781, 6.6285405 59.2947406, 6.6305199 59.2930971, 6.6312146 59.2899522, 6.6322473 59.2840534, 6.6297984 59.2808083, 6.6289562 59.2779069, 6.6283527 59.2758089, 6.6290742 59.2714592, 6.6303161 59.267923, 6.6312683 59.2636997, 6.6311932 59.2606768, 6.6300854 59.2578909, 6.6299379 59.2562991, 6.629726 59.2539365, 6.628232 59.249743, 6.6266765 59.2453785, 6.6255847 59.2423147, 6.6231653 59.2397474, 6.6211523 59.2374503, 6.6205475 59.2358863, 6.6140002 59.2318278, 6.6146319 59.2259532, 6.613103 59.2220664, 6.6126913 59.2198552, 6.611031 59.2169054, 6.6093251 59.2138907, 6.609824 59.2115856, 6.6102371 59.2096607, 6.6097382 59.2072633, 6.6095638 59.2045795, 6.6073027 59.2021206, 6.6054198 59.1982648, 6.6046768 59.1967444, 6.6039969 59.195035, 6.6032386 59.1931247, 6.6027483 59.1918755, 6.5990683 59.184967, 6.5979338 59.1833099, 6.5958577 59.1802882, 6.5953776 59.1756135, 6.5952777 59.1740686, 6.5950942 59.1712323, 6.5949157 59.1684715, 6.5946802 59.1648875, 6.5943772 59.1601434, 6.5948935 59.1578106, 6.5957572 59.1558503, 6.597474 59.1524126, 6.5983791 59.1506, 6.6012382 59.1448739, 6.6063277 59.1423998, 6.6148826 59.1382517, 6.6189435 59.1362841, 6.6196657 59.1352284, 6.6218752 59.1319971, 6.6222239 59.1284106, 6.622535 59.1252168, 6.6231023 59.1193769, 6.6222909 59.1145108, 6.6220361 59.11299, 6.6213253 59.1087317, 6.6205649 59.1041829, 6.6201342 59.1016019, 6.6194947 59.0977691, 6.6260701 59.0943045, 6.6351213 59.0895347, 6.6357502 59.0877063, 6.636681 59.0849876, 6.6381628 59.0829328, 6.6383721 59.0812722, 6.6388857 59.0771974, 6.6404994 59.0758009, 6.6439826 59.0727895, 6.6449391 59.0724009, 6.6551413 59.0664663, 6.6561424 59.0644977, 6.656416892397595 59.06395748500631, 6.664333187029427 59.06058405356041)"
relation/8886202-420,relation/11036958-420,420.0,1876.85,55559.0,Al/St 240/40 4-bundle 380.0,"LINESTRING (6.664333187029427 59.06058405356041, 6.657391577911301 59.0645063173921, 6.6567171 59.0663447, 6.6498426 59.0731999, 6.6479784 59.0745646, 6.6455832 59.0764083, 6.6430673 59.0783393, 6.6387007 59.0832188, 6.6375393 59.0853679, 6.6365348 59.0878641, 6.6359353 59.0896036, 6.6288167 59.0938871, 6.6255712 59.0957428, 6.6208707 59.0980867, 6.6208385 59.1015564, 6.6212234 59.1038951, 6.6220079 59.1087007, 6.6226315 59.112535, 6.6229494 59.1144681, 6.6237782 59.1195634, 6.6234657 59.1257488, 6.6232753 59.1270949, 6.623176 59.1295777, 6.6230822 59.1320782, 6.6209109 59.135098, 6.6198058 59.136635, 6.6163015 59.1383742, 6.6126966 59.1401614, 6.6071981 59.1428806, 6.6021562 59.1451092, 6.5995565 59.1500376, 6.5983763 59.1522616, 6.5964317 59.1559349, 6.5955815 59.1578676, 6.5951121 59.1601482, 6.5955868 59.1644778, 6.5960669 59.1688522, 6.5964049 59.1709478, 6.5960589 59.1756204, 6.596708 59.1803947, 6.5987626 59.1834425, 6.5997228 59.1848667, 6.603376 59.1916804, 6.6054896 59.1950308, 6.6056424 59.1970191, 6.6082616 59.2021776, 6.6103457 59.2045026, 6.6107909 59.2082382, 6.6111852 59.2105257, 6.6116399 59.2131123, 6.6132116 59.2191037, 6.6136971 59.2209437, 6.6141504 59.222671, 6.6157302 59.2259147, 6.6201545 59.232155, 6.6238707 59.2368247, 6.6247264 59.2387261, 6.6255257 59.2405143, 6.6263317 59.2423092, 6.627772 59.2463349, 6.6289656 59.2496717, 6.6304743 59.2538865, 6.6309303 59.2572259, 6.6320414 59.2609606, 6.6325946 59.2628436, 6.6319254 59.2654845, 6.6312562 59.2674995, 6.6300036 59.270839, 6.62916 59.2758548, 6.629726 59.2778959, 6.6305226 59.280698, 6.6330439 59.2839246, 6.6320072 59.2900255, 6.63111 59.2935436, 6.6284707 59.2954062, 6.6218108 59.2985178, 6.6194397 59.3001433, 6.6180047 59.3028449, 6.6157705 59.3067348, 6.6149846 59.3081176, 6.6136891 59.3100602, 6.6130856 59.3122067, 6.611487 59.3147781, 6.6099715 59.3170112, 6.6078204 59.3202042, 6.6058436 59.3222187, 6.5998475 59.3294066, 6.5928027 59.3349603, 6.5913516 59.3401548, 6.5892702 59.3411061, 6.586061 59.3424806, 6.5842116 59.3432786, 6.5815331 59.3458044, 6.5798905 59.3473608, 6.5777421 59.3493969, 6.5735645 59.3517234, 6.5668295 59.3534377, 6.5648031 59.3547977, 6.561673 59.3568908, 6.558512 59.3590029, 6.5554824 59.3610273, 6.5505928 59.3656848, 6.5487045 59.367726, 6.546206 59.3704066, 6.5445766 59.3724283, 6.5408389 59.3782073, 6.5370879 59.3842141, 6.5344137 59.3890036, 6.5345263 59.3928249, 6.5353096 59.3946876, 6.5364361 59.398371, 6.5372072 59.4008683, 6.53815 59.4039312, 6.5391773 59.4067066, 6.5402203 59.4089595, 6.5409717 59.4105272, 6.5423638 59.4135081, 6.5436861 59.4163222, 6.5450594 59.4192371, 6.5465534 59.4224505, 6.5478596 59.4252339, 6.5491819 59.4286623, 6.5503219 59.4311069, 6.5511332 59.4343369, 6.5518896 59.4373798, 6.5531248 59.4422872, 6.5538329 59.4451433, 6.5542687 59.4478116, 6.5549675 59.4521484, 6.5554422 59.4550261, 6.5559451 59.4580787, 6.5561342 59.4590185, 6.5566519 59.4615576, 6.5573519 59.465041, 6.5596171 59.4690458, 6.5612116 59.4703756, 6.5631267 59.4719602, 6.5713799 59.4732947, 6.5766183 59.4737239, 6.5859684 59.4744963, 6.5925398 59.4750399, 6.5971707 59.4754213, 6.6026089 59.4758702, 6.6063049 59.4761747, 6.6104168 59.4765146, 6.613972 59.4768082, 6.6190025 59.4772291, 6.6265744 59.4783482, 6.6317484 59.4791137, 6.6351601 59.4796157, 6.6401437 59.4803492, 6.6451018 59.4810813, 6.6499767 59.4817821, 6.6545257 59.4817712, 6.6584162 59.4817651, 6.661133138465625 59.482457127510386, 6.670807995082767 59.48494150943383)"
NO92-420,relation/8886202-420,420.0,3753.701,2132.82,Al/St 240/40 4-bundle 380.0,"LINESTRING (6.632306999905655 59.065308646845395, 6.639592172388333 59.062813465708125, 6.6530309433640795 59.058175606850035, 6.664333187029427 59.06058405356041)"
relation/8890887-420,way/640796702-420,420.0,1876.85,19860.15,Al/St 240/40 4-bundle 380.0,"LINESTRING (6.753734136337635 58.66987420117838, 6.754944645582742 58.676181941831665, 6.7565381 58.6780309, 6.7623532 58.6798434, 6.7647779 58.6802087, 6.7680958 58.6807093, 6.7722023 58.6813283, 6.7750427 58.6817591, 6.782518 58.6825594, 6.793448 58.6837249, 6.7978603 58.6841975, 6.8022242 58.6846631, 6.8085247 58.6853378, 6.8173036 58.6862732, 6.8263963 58.6874149, 6.8356124 58.6885704, 6.8435061 58.6895615, 6.848094 58.6901344, 6.8501016 58.6917136, 6.853555 58.6944209, 6.8565644 58.6967817, 6.8599655 58.6994511, 6.864076 58.7018659, 6.8683004 58.7043488, 6.8710108 58.7059434, 6.8751991 58.7084058, 6.8799922 58.7106779, 6.8852466 58.7131727, 6.8902034 58.7155198, 6.8939397 58.7163164, 6.9012782 58.7178764, 6.9092363 58.7195685, 6.9142869 58.7206422, 6.919131 58.7232338, 6.9245383 58.7274348, 6.9317092 58.7316653, 6.936391 58.7344294, 6.9412726 58.7358785, 6.9497457 58.7383938, 6.9568723 58.740508, 6.9591254 58.7414016, 6.9641465 58.7433904, 6.9712731 58.7467728, 6.9742168 58.7481693, 6.9786519 58.7506127, 6.9840807 58.7522587, 6.9902578 58.7541259, 6.9935918 58.7551332, 6.9974729 58.7572144, 7.0015901 58.759418, 7.0055276 58.7615324, 7.0098567 58.7638469, 7.011869841643555 58.764760314893884, 7.0194450543350895 58.76806643374832)"
way/430780474-300,way/1156161502-300,300.0,1005.455,28884.72,Al/St 240/40 3-bundle 300.0,"LINESTRING (6.983920220821873 59.65813140177048, 6.9936391786961 59.65901428465123, 6.9952843 59.6591638, 7.0000103 59.6592858, 7.0027569 59.6592356, 7.0102322 59.6590961, 7.0122734 59.6590608, 7.0178094 59.6589565, 7.0233335 59.6590581, 7.029988 59.6591808, 7.0331638 59.659741, 7.040222 59.6609888, 7.0482914 59.6637092, 7.0504385 59.6644306, 7.0578374 59.6669224, 7.0633252 59.6687693, 7.0658156 59.6696078, 7.0727009 59.6704171, 7.0780063 59.6704252, 7.0827135 59.6707022, 7.0940003 59.6713638, 7.0977768 59.6715886, 7.1014917 59.6718094, 7.1071176 59.6721385, 7.1107332 59.6723532, 7.1141893 59.672769, 7.1186484 59.673308, 7.122492 59.6737705, 7.1272168 59.6743393, 7.1326201 59.6749927, 7.1394423 59.6759956, 7.1436882 59.6768697, 7.1484625 59.6778474, 7.1559915 59.6774493, 7.1618427 59.6769713, 7.1658969 59.6766408, 7.1700717 59.6763003, 7.1762449 59.6758425, 7.1821564 59.6754092, 7.1856594 59.6751492, 7.1886206 59.6749528, 7.1956667 59.6744923, 7.2038797 59.67706, 7.2083187 59.6784507, 7.2135436 59.6802976, 7.2172236 59.6815704, 7.2222072 59.6836122, 7.2252434 59.6848632, 7.2282529 59.6860952, 7.232244 59.6877251, 7.2359723 59.6893983, 7.2394699 59.6910876, 7.2429675 59.6927715, 7.2457999 59.6941277, 7.2498876 59.6958764, 7.2534925 59.697403, 7.2558743 59.6981663, 7.2602838 59.6988619, 7.2664958 59.6998308, 7.2735554 59.700502, 7.2784236 59.7009594, 7.2862261 59.7015088, 7.2898042 59.7017632, 7.2959518 59.7036143, 7.2993207 59.7046291, 7.3027164 59.7055059, 7.309202 59.7073703, 7.3147273 59.708964, 7.3209661 59.7107552, 7.3246998 59.7122081, 7.3278058 59.7134174, 7.3328483 59.7153788, 7.3378533 59.7173238, 7.3414797 59.7179271, 7.3449773 59.7185086, 7.3501244 59.7190307, 7.3580611 59.7198354, 7.3607272 59.7199991, 7.3653004 59.7202709, 7.3721158 59.7206685, 7.3766729 59.7209363, 7.3818013 59.7212338, 7.386868 59.7215327, 7.3901618 59.721722, 7.3949844 59.7220033, 7.3985678 59.7222116, 7.4059707 59.7226416, 7.4108898 59.7228557, 7.4184 59.7231826, 7.4268383 59.7234314, 7.432192 59.7250717, 7.4354053 59.7260561, 7.442516262571707 59.729824123979384, 7.444087594432482 59.73628671751714)"
way/1156161502-300,way/288812256-300,300.0,1005.455,16729.39,Al/St 240/40 3-bundle 300.0,"LINESTRING (7.444087594432482 59.73628671751714, 7.456917991607535 59.734664426807505, 7.4608339 59.7353484, 7.4652877 59.7359054, 7.4709338 59.7366083, 7.4761346 59.7372585, 7.4793908 59.737587, 7.4827865 59.73781, 7.4898407 59.7382682, 7.4954787 59.7386386, 7.5026429 59.7391022, 7.5114459 59.739674, 7.5214934 59.7403282, 7.5254363 59.7405823, 7.5289607 59.7408121, 7.5316 59.7414176, 7.5342929 59.7420393, 7.5422913 59.7438746, 7.5468993 59.7449355, 7.5501662 59.7456883, 7.5547153 59.7471667, 7.5579715 59.7482126, 7.5621825 59.7494504, 7.5667745 59.7501287, 7.579751 59.7518987, 7.58533 59.7520717, 7.5909519 59.7522203, 7.5951469 59.7523351, 7.5991139 59.753412, 7.6024747 59.7543199, 7.6053339 59.7553602, 7.6081127 59.7565923, 7.6136005 59.7591428, 7.6195657 59.7601046, 7.6242971 59.7608611, 7.630831 59.761916, 7.63614 59.7627734, 7.6416323 59.7635288, 7.6468438 59.7642406, 7.6525301 59.7650266, 7.6574117 59.7656911, 7.6649018 59.7670181, 7.6682693 59.767613, 7.6736122 59.7685583, 7.6815408 59.7697913, 7.6851055 59.770349, 7.6912236 59.770588, 7.6964647 59.7707973, 7.6999569 59.770827, 7.7047688 59.7708689, 7.7095646 59.7707041, 7.716222872277063 59.7719510350768, 7.72521194852504 59.77401381236456)"
relation/8886202-420,way/240202234-420,420.0,1876.85,24212.45,Al/St 240/40 4-bundle 380.0,"LINESTRING (6.664333187029427 59.06058405356041, 6.6672135788280995 59.05534294494686, 6.6666707 59.0537527, 6.6641897 59.0518769, 6.6605392 59.0502878, 6.658325 59.0493194, 6.6571945 59.0482662, 6.6552399 59.0464435, 6.6540375 59.0453271, 6.653147 59.0406995, 6.6528252 59.0391127, 6.6546813 59.0353082, 6.6525047 59.0300809, 6.6527179 59.0282624, 6.6528949 59.0267537, 6.6533214 59.023137, 6.6529539 59.0211048, 6.6526374 59.0193638, 6.6522324 59.0171257, 6.6515297 59.0132483, 6.6509744 59.0101895, 6.6505185 59.0076718, 6.6550648 59.0053569, 6.6590425 59.0033292, 6.6607082 59.001836, 6.6630739 58.99971, 6.6665715 58.9965712, 6.667639 58.9956179, 6.6704956 58.9930466, 6.6735479 58.9902845, 6.6763133 58.988535, 6.6816643 58.9855749, 6.6850331 58.9842592, 6.6888403 58.9827716, 6.6909635 58.981942, 6.6963011 58.9812198, 6.7032708 58.9802772, 6.7095137 58.979434, 6.7147239 58.9764399, 6.7171177 58.9750637, 6.7217217 58.9724176, 6.7254004 58.9703036, 6.7286445 58.968437, 6.7344944 58.9650734, 6.7366107 58.9638572, 6.7389871 58.9624888, 6.7453989 58.9588017, 6.748918 58.9567768, 6.7541429 58.9537669, 6.759553 58.9506529, 6.7611998 58.9497066, 6.7653733 58.9473021, 6.7684203 58.9455463, 6.7732966 58.9426627, 6.7764589 58.9407891, 6.7824469 58.9372464, 6.7856374 58.9353572, 6.789068 58.9320492, 6.7904761 58.9303923, 6.7953095 58.9246916, 6.7974754 58.9205061, 6.7986703 58.9181992, 6.8005344 58.9146002, 6.8018326 58.9120879, 6.8027177 58.9103761, 6.8045121 58.9068565, 6.8048903 58.9061141, 6.811915 58.8997956, 6.8130684 58.8987578, 6.8136826 58.8969068, 6.8142217 58.8929881, 6.8148481 58.8905388, 6.8156158 58.8875363, 6.816090747687746 58.88567888754132, 6.815315527019763 58.87908974042673)"
relation/8890887-420,relation/8894066-420,420.0,1876.85,46558.32,Al/St 240/40 4-bundle 380.0,"LINESTRING (6.753734136337635 58.66987420117838, 6.754637778853825 58.66340244564524, 6.7529976 58.6614831, 6.7508063 58.6589344, 6.7488509 58.6566575, 6.7474857 58.6550669, 6.7462948 58.6536814, 6.7441249 58.6511544, 6.7405549 58.6469986, 6.7373496 58.6432666, 6.7348069 58.6403013, 6.7343643 58.6383254, 6.7336656 58.6351907, 6.7350349 58.632469, 6.7370036 58.6285596, 6.738326 58.6266089, 6.7410216 58.6226387, 6.7433752 58.6191674, 6.7448223 58.6171065, 6.7460749 58.6153158, 6.7556289 58.604965, 6.7572744 58.5995929, 6.7582172 58.5965064, 6.7593612 58.5928885, 6.7608377 58.5882163, 6.7621265 58.5841355, 6.7629594 58.5814965, 6.7638123 58.5787888, 6.7642093 58.5768675, 6.7650139 58.5729839, 6.7657408 58.5694748, 6.7660975 58.5678132, 6.7671356 58.5629746, 6.769276 58.5570888, 6.7705205 58.5539377, 6.7720172 58.5501384, 6.7731518 58.5472624, 6.7748496 58.5429557, 6.7760137 58.5399965, 6.7775318 58.5361425, 6.7786972 58.5331877, 6.7798814 58.5301794, 6.7820835 58.5245836, 6.7830035 58.5222433, 6.7851171 58.5196956, 6.7863482 58.5182122, 6.7904359 58.5132799, 6.7916429 58.509947, 6.7924932 58.50761, 6.793566 58.504652, 6.796892 58.4993436, 6.7987427 58.4963906, 6.8020686 58.4926285, 6.8044934 58.4898866, 6.8078783 58.4860607, 6.8113276 58.4821573, 6.8137845 58.4793795, 6.817663 58.4754908, 6.8193501 58.4738878, 6.8217453 58.4716143, 6.8252751 58.4682676, 6.8267155 58.4668957, 6.8302318 58.4635583, 6.834636 58.4593746, 6.8375114 58.4566652, 6.8417332 58.4526883, 6.8483743 58.4475981, 6.8511826 58.4416774, 6.8521857 58.4395661, 6.8539882 58.4366993, 6.855458 58.434363, 6.8571639 58.4312093, 6.8606588 58.4247564, 6.8624291 58.4214839, 6.863848 58.4188615, 6.8645802 58.4168962, 6.8653768 58.4147553, 6.8663022 58.4122813, 6.8669996 58.4104098, 6.8687001 58.4058488, 6.8702129 58.401796, 6.8707815 58.4002697, 6.8713769 58.3986324, 6.8734932 58.3928314, 6.8743274 58.39054, 6.8754539 58.3874527, 6.8762585 58.3843131, 6.8771276 58.3809074, 6.8780369 58.3773622, 6.8786149 58.3750403, 6.8798822 58.3699557, 6.8813708 58.3639713, 6.8819207 58.3617624, 6.8824598 58.3595886, 6.8835193 58.3553306, 6.8842757 58.3522867, 6.8847638 58.3503332, 6.8825081 58.3447073, 6.8812019 58.3414541, 6.8796938 58.3376881, 6.8786806 58.3351608, 6.8775621 58.3323742, 6.8759903 58.3288044, 6.8744507 58.3245807, 6.8733081 58.3214285, 6.872828 58.3201037, 6.8719134 58.3166221, 6.8711731 58.313796, 6.8701297 58.3098298, 6.8689013 58.3062225, 6.8680336 58.3036697, 6.867009 58.3005501, 6.866148 58.2979264, 6.8642557 58.2927341, 6.8684721 58.2906702, 6.8729192 58.2884935, 6.8731129071202 58.28694531008912, 6.848224705554573 58.27622463397408)"
relation/8890360-300,relation/8890887-300,300.0,1005.455,2141.8,Al/St 240/40 3-bundle 300.0,"LINESTRING (6.725059939090403 58.65803214887904, 6.735277063784089 58.66124654088635, 6.7356303 58.6615696, 6.7396929 58.6628861, 6.7424713 58.6642346, 6.744141 58.6649495, 6.745330855281445 58.6654595372412, 6.753403351184293 58.670031697732924)"
relation/8890360-300,relation/8890887-300,300.0,1005.455,2128.48,Al/St 240/40 3-bundle 300.0,"LINESTRING (6.725059939090403 58.65803214887904, 6.73454509474098 58.66163160436134, 6.7346084 58.6616896, 6.7388839 58.6631027, 6.7426443 58.6648184, 6.744959392824353 58.66579349578592, 6.753403351184293 58.670031697732924)"
way/113442999-300,relation/10308957-300,300.0,1005.455,7464.13,Al/St 240/40 3-bundle 300.0,"LINESTRING (10.7207909575547 59.95806758250444, 10.741906451174259 59.95782376171999, 10.7449508 59.9569722, 10.7453276 59.9568259, 10.7481158 59.9553138, 10.7487863 59.954927, 10.7490572 59.9547215, 10.7493523 59.9543831, 10.7497439 59.9534444, 10.7501703 59.9528978, 10.7510447 59.9526332, 10.7519621 59.9528588, 10.7531637 59.9530039, 10.7563448 59.9531865, 10.7665023 59.9533275, 10.7676449 59.9532402, 10.7680419 59.9530119, 10.7685596 59.952695, 10.7689887 59.9524814, 10.7705337 59.9520826, 10.774042 59.9514379, 10.7749137 59.9512284, 10.7756567 59.9509416, 10.7763487 59.9505326, 10.7768905 59.9499444, 10.7771695 59.9492459, 10.7779848 59.9472848, 10.780887 59.9414332, 10.7818311 59.9394098, 10.7825607 59.9386762, 10.783596 59.9378808, 10.7853261 59.9369792, 10.7907522 59.9349973, 10.7923254 59.9344444, 10.7929087 59.9342394, 10.7929589 59.9342233, 10.7974778 59.9327844, 10.7979438 59.9326383, 10.7995927 59.9321027, 10.7999414 59.9319459, 10.8004296 59.9317265, 10.8012879 59.9311244, 10.8018782 59.9304499, 10.8021676 59.9301192, 10.802401 59.9294767, 10.8023661 59.9283881, 10.8023983 59.9276113, 10.8026183 59.9270925, 10.8031118 59.9265387, 10.803723854406558 59.92621307720908, 10.811297459917274 59.92182039330386)"
way/113442999-300,relation/10308957-300,300.0,1005.455,8193.83,Al/St 240/40 3-bundle 300.0,"LINESTRING (10.7207909575547 59.95806758250444, 10.738410811347004 59.96169068212986, 10.7384276 59.961692, 10.7404876 59.9616544, 10.7439423 59.961402, 10.7471609 59.9610072, 10.7490384 59.9606716, 10.750401 59.960309, 10.7518655 59.9597236, 10.7531154 59.9593664, 10.7553363 59.9590173, 10.7569241 59.9585984, 10.7589304 59.958217, 10.7611781 59.9580559, 10.7639515 59.9580774, 10.7677173 59.9580183, 10.7691979 59.9570944, 10.7696485 59.9556334, 10.7707965 59.9550586, 10.769037 59.9532564, 10.771569 59.9524855, 10.7753241 59.9515507, 10.7774913 59.9512982, 10.7793528 59.9511236, 10.7800341 59.9509275, 10.7822192 59.9502477, 10.7829094 59.950033, 10.783478 59.9498315, 10.7874155 59.9474971, 10.7875657 59.9472929, 10.7872385 59.9467207, 10.7877266 59.9461995, 10.7894647 59.9464037, 10.7908058 59.9456998, 10.7917017 59.9437385, 10.7927584 59.9417825, 10.7944751 59.941632, 10.7947969 59.9410839, 10.7981443 59.9406217, 10.7990134 59.940224, 10.8005154 59.9392271, 10.7992977 59.9381657, 10.7983589 59.9375772, 10.7990044 59.9371586, 10.7993015 59.9369659, 10.8019801 59.9352286, 10.8025646 59.9348495, 10.8023929 59.9328714, 10.8030865 59.9319064, 10.8049464 59.9297536, 10.8082126 59.9277672, 10.808969714555232 59.927299359036084, 10.811297459917274 59.92182039330386)"
NO45-300,way/265770276-300,300.0,1005.455,1567.72,Al/St 240/40 3-bundle 300.0,"LINESTRING (9.793777800000008 61.56476549722741, 9.797365231672964 61.56892494102406, 9.800836096117674 61.57294922839072, 9.804870054285397 61.57784018917)"
way/572898616-420,way/883151328-420,420.0,1876.85,212514.29,Al/St 240/40 4-bundle 380.0,"LINESTRING (19.20427589845732 69.18982992962874, 19.21473388442038 69.1853806757773, 19.2170942 69.1848345, 19.2280751 69.184438, 19.2387289 69.184051, 19.2417329 69.1852577, 19.2494953 69.1883704, 19.2562866 69.1910919, 19.263255 69.1938874, 19.2714518 69.1971703, 19.2750084 69.1979991, 19.2837846 69.2000336, 19.2955166 69.2027575, 19.3037993 69.2046774, 19.3098852 69.2060857, 19.3168938 69.2077149, 19.3249941 69.2095924, 19.3327188 69.2113822, 19.3346125 69.2131299, 19.338676 69.2168696, 19.3407145 69.2187521, 19.3475166 69.2203413, 19.3557912 69.2222738, 19.3589643 69.2230103, 19.3634275 69.2240512, 19.3715331 69.2259406, 19.3784934 69.2275626, 19.3837908 69.2287963, 19.3914002 69.2275122, 19.3982398 69.2263535, 19.4053531 69.2251529, 19.4124489 69.2239517, 19.4202393 69.2226326, 19.4269609 69.2214955, 19.4346321 69.2201957, 19.4405812 69.2191879, 19.4494218 69.217691, 19.4549417 69.2167545, 19.4609418 69.2157361, 19.46695 69.2147167, 19.4733524 69.2136306, 19.4826409 69.2120543, 19.4909316 69.2117782, 19.5012313 69.2114393, 19.5100665 69.2111442, 19.5186871 69.2108586, 19.5282251 69.2105406, 19.5367652 69.210255, 19.5473814 69.2099009, 19.5573699 69.2095638, 19.5675033 69.209223, 19.5768911 69.2089069, 19.582513 69.2087184, 19.5891219 69.2084975, 19.5994109 69.2070198, 19.6076453 69.2058353, 19.613302 69.2050221, 19.6170545 69.2034527, 19.620654 69.2019499, 19.6262813 69.198984, 19.6304494 69.1967874, 19.6368358 69.1934225, 19.6427581 69.1903001, 19.6464246 69.1883646, 19.6536639 69.1866721, 19.6619493 69.1847335, 19.6688962 69.1831074, 19.6745396 69.1817843, 19.6797645 69.1805602, 19.6868858 69.1812228, 19.6933982 69.1818291, 19.6999186 69.1823295, 19.7066161 69.1828443, 19.7183132 69.1837422, 19.7308257 69.1847011, 19.7380999 69.1852577, 19.7478121 69.1860011, 19.7553411 69.1865768, 19.7631839 69.1911424, 19.7699189 69.1950612, 19.7725207 69.1965778, 19.7784215 69.2000089, 19.7827077 69.2024966, 19.7890323 69.2045593, 19.7951585 69.206559, 19.8021644 69.2088441, 19.8086715 69.2109652, 19.8132527 69.2134898, 19.8176569 69.2159112, 19.8218599 69.2182182, 19.8267764 69.2209227, 19.8320228 69.2238038, 19.8371136 69.2266008, 19.8421615 69.2293728, 19.8479122 69.2325267, 19.8519838 69.2347615, 19.8578069 69.2375828, 19.8637775 69.2404788, 19.8698741 69.2434353, 19.8741174 69.245497, 19.8781863 69.2474644, 19.8837787 69.2488348, 19.8889983 69.2501082, 19.8930725 69.2511041, 19.8968893 69.2508057, 19.8999524 69.2505653, 19.9177462 69.2491731, 19.9221423 69.2488291, 19.9342471 69.248649, 19.9411002 69.2485459, 19.9496698 69.2484166, 19.9590147 69.2494639, 19.9692285 69.2506071, 19.9743622 69.2497015, 19.9800378 69.2486979, 19.986636 69.2475347, 19.9929607 69.2464132, 20.0004226 69.2450959, 20.0076216 69.2438222, 20.0165266 69.2422461, 20.0227332 69.241149, 20.0288486 69.2400652, 20.0351465 69.2389491, 20.0409776 69.2379146, 20.0493354 69.2364332, 20.0554025 69.2353606, 20.0626445 69.234073, 20.0670809 69.2332875, 20.0735879 69.2321329, 20.0818008 69.2306758, 20.0884098 69.2310335, 20.0973093 69.231121, 20.1079845 69.2312237, 20.1128769 69.2312731, 20.1235145 69.2313759, 20.1321727 69.2314576, 20.1359868 69.2314938, 20.1430356 69.2322527, 20.1534051 69.2333693, 20.160293 69.2341091, 20.1691765 69.2350639, 20.1754206 69.2357352, 20.1814771 69.2363857, 20.1908219 69.2373898, 20.1968998 69.2380401, 20.2041846 69.2388217, 20.2103859 69.2389852, 20.2278471 69.2394435, 20.23444 69.2393598, 20.2412474 69.2392723, 20.2533442 69.2391145, 20.2592665 69.2390365, 20.2641427 69.2389738, 20.2674419 69.2389282, 20.2716637 69.2388749, 20.2818882 69.2394016, 20.2896935 69.2398028, 20.2957445 69.2401128, 20.3013772 69.2404037, 20.3099978 69.2409513, 20.3196055 69.2415616, 20.3251952 69.2419191, 20.3360259 69.2426016, 20.3437132 69.24344, 20.3490454 69.2440199, 20.3562283 69.2448031, 20.3617403 69.2454, 20.3670967 69.2459855, 20.3719675 69.246514, 20.3755832 69.2469065, 20.3778684 69.2474112, 20.3855878 69.2491085, 20.3927815 69.2506898, 20.401445 69.252594, 20.4033762 69.2551061, 20.4081505 69.2613281, 20.4084724 69.2632257, 20.4088265 69.2653377, 20.4094487 69.2690219, 20.4099262 69.2718302, 20.4101944 69.2734231, 20.4106826 69.2763333, 20.4112995 69.2810424, 20.4114282 69.2820312, 20.4251638 69.2860806, 20.4347259 69.2889009, 20.4414207 69.2908767, 20.4449022 69.291903, 20.4481208 69.2928514, 20.452643 69.2941829, 20.4555398 69.2950326, 20.4625618 69.2965536, 20.4752916 69.2989545, 20.4815841 69.3001453, 20.4892069 69.3015797, 20.4950702 69.3026803, 20.5035782 69.3042786, 20.5207497 69.3074974, 20.5264682 69.3086101, 20.5362958 69.3105225, 20.5402011 69.3112806, 20.5457371 69.312357, 20.5517238 69.3135206, 20.5615836 69.3154344, 20.5688041 69.3178692, 20.5750698 69.3199797, 20.5819952 69.3223135, 20.5923968 69.3258156, 20.5956316 69.3269008, 20.6030291 69.3293949, 20.6099492 69.3317182, 20.6177115 69.3343328, 20.6221157 69.3358076, 20.6304628 69.3368733, 20.6372809 69.3377403, 20.6472319 69.3390047, 20.6525856 69.3391202, 20.6580681 69.3392356, 20.6679976 69.3394457, 20.6756151 69.3396047, 20.6822884 69.3397448, 20.6927222 69.3399662, 20.6986713 69.3400911, 20.7028073 69.3407857, 20.7081932 69.3416904, 20.7163364 69.3430605, 20.7252896 69.344563, 20.7301819 69.3453862, 20.7406157 69.3471345, 20.7495475 69.3486349, 20.7562959 69.34977, 20.7643747 69.3511226, 20.773623 69.3526709, 20.7809615 69.3539013, 20.7897913 69.3553804, 20.7988518 69.3568972, 20.8084381 69.3585009, 20.8173162 69.3599853, 20.8239359 69.3610915, 20.8328193 69.3625776, 20.842191 69.3641431, 20.8511013 69.365629, 20.8587563 69.366905, 20.8642709 69.3678275, 20.869689 69.3701939, 20.8759761 69.3729381, 20.8820111 69.3755723, 20.8869785 69.3777452, 20.8902267 69.3791575, 20.8905888 69.3812611, 20.8912164 69.3848708, 20.8919352 69.3872618, 20.8926058 69.3894901, 20.8931637 69.3913425, 20.8940488 69.3942936, 20.8948106 69.3968289, 20.8954221 69.3988487, 20.8964896 69.4023875, 20.8979568 69.4035783, 20.9032649 69.4078937, 20.907889 69.4116517, 20.9085166 69.4138342, 20.9092301 69.4163351, 20.9103084 69.4200955, 20.9127706 69.4235912, 20.9171963 69.4272127, 20.9216058 69.4308222, 20.9245133 69.4332006, 20.9262299 69.4346027, 20.9282336 69.436226, 20.9493345 69.4391831, 20.9538433 69.44024, 20.9718275 69.4444727, 20.9744292 69.4450802, 20.9785974 69.4460643, 20.9827566 69.4484574, 20.9876633 69.4512802, 20.9947764 69.4553718, 20.9986931 69.4576244, 21.0040148 69.4606847, 21.0083242 69.4631626, 21.0127506 69.4657073, 21.0187554 69.4691591, 21.0235105 69.4711128, 21.0287061 69.4732473, 21.0339527 69.4754025, 21.0421121 69.4787538, 21.0502368 69.4812068, 21.0599401 69.4841361, 21.0669825 69.4862618, 21.076447 69.4891184, 21.0802373 69.4902622, 21.0877924 69.4925421, 21.0953782 69.4948309, 21.103094 69.4971587, 21.1070591 69.4983549, 21.1174259 69.4982669, 21.1278463 69.4981784, 21.1346041 69.498121, 21.1445913 69.4980365, 21.1500952 69.4979886, 21.15565 69.4979378, 21.1662528 69.4978429, 21.1781001 69.497734, 21.1873819 69.497648, 21.1936674 69.4975889, 21.1996758 69.4975358, 21.2045718 69.4967268, 21.214564 69.4950757, 21.2200767 69.4941648, 21.2310034 69.494379, 21.2409877 69.4945747, 21.2519362 69.4947892, 21.2602951 69.4949531, 21.2660041 69.4966536, 21.2744117 69.4991558, 21.2804002 69.5009363, 21.2852968 69.5023921, 21.2922308 69.5044534, 21.2999132 69.506737, 21.305664 69.5084463, 21.3105713 69.5099048, 21.3140774 69.5109467, 21.3143903 69.5134787, 21.3146475 69.5155597, 21.3149489 69.5179982, 21.3151775 69.519847, 21.3160008 69.5265053, 21.3162384 69.5284265, 21.316608 69.5314151, 21.3169803 69.5344248, 21.3176332 69.5397012, 21.3182588 69.5447561, 21.318841 69.5494593, 21.3193881 69.5520982, 21.319387 69.5531833, 21.3193847 69.5552877, 21.3193813 69.5584551, 21.3193776 69.5618384, 21.3193735 69.5656417, 21.3193691 69.5696943, 21.3193645 69.5739408, 21.3193604 69.5777054, 21.3193576 69.5802397, 21.319353 69.5844748, 21.3193488 69.5884199, 21.3193448 69.5921156, 21.3193402 69.5963193, 21.3193362 69.5999519, 21.3193323 69.6035417, 21.3193291 69.6065534, 21.3193254 69.6099665, 21.319322 69.6130857, 21.3193194 69.6154383, 21.3193161 69.6184828, 21.319313 69.6213018, 21.3191307 69.6240757, 21.3188785 69.6278884, 21.3187994 69.6291283, 21.319533 69.6325061, 21.3181892 69.6367671, 21.3185593 69.6382081, 21.3191923 69.6406569, 21.3193372 69.6430858, 21.3194901 69.6456748, 21.3195799 69.6471787, 21.3197824 69.6506366, 21.3318256 69.6563342, 21.3362807 69.6572019, 21.3382763 69.6575879, 21.3483292 69.6580429, 21.3580066 69.6591636, 21.3656992 69.6600512, 21.3716859 69.660743, 21.3782465 69.6621525, 21.3840616 69.6632581, 21.3924837 69.6648539, 21.3978159 69.6658624, 21.4096767 69.6681086, 21.4180183 69.6696872, 21.4243591 69.670142, 21.4333928 69.6707868, 21.4401787 69.6712714, 21.4475387 69.6717969, 21.457538 69.6725107, 21.4674193 69.6732132, 21.4744681 69.6737182, 21.4805728 69.6741505, 21.4840972 69.674402, 21.4910173 69.6764311, 21.4981252 69.6785122, 21.5044767 69.6803751, 21.5114129 69.6824074, 21.5184456 69.6844655, 21.524663 69.6862851, 21.5309071 69.6881138, 21.5367275 69.6898138, 21.5418774 69.6913202, 21.5471721 69.6928692, 21.5531856 69.6946284, 21.5599018 69.6965905, 21.5638447 69.6977426, 21.5698528 69.6994959, 21.5780604 69.7018892, 21.5845299 69.7037761, 21.5926033 69.7061299, 21.6007787 69.7085169, 21.6076934 69.7105278, 21.6139966 69.7123656, 21.61699 69.7142702, 21.6241836 69.7188449, 21.6266996 69.7204496, 21.6309535 69.7231528, 21.6364735 69.7266625, 21.6391289 69.7283502, 21.6410547 69.7295712, 21.6471541 69.7334477, 21.6509467 69.7358558, 21.6571051 69.7397646, 21.6602969 69.7417884, 21.6669837 69.7460322, 21.670323 69.7481519, 21.6724956 69.7495297, 21.6772994 69.7525708, 21.681143 69.755012, 21.6894686 69.7589079, 21.6952944 69.7603147, 21.6999668 69.7611368, 21.7031211 69.7616879, 21.7079169 69.7624655, 21.7154807 69.7636883, 21.7223954 69.7648071, 21.7364824 69.7670836, 21.7412084 69.7678702, 21.7490137 69.7691687, 21.755231 69.770202, 21.7629504 69.7714837, 21.7703801 69.772719, 21.7737409 69.7732782, 21.7893273 69.7728878, 21.806826 69.7724426, 21.817705 69.7722052, 21.8260789 69.7720235, 21.8393665 69.7717285, 21.8554974 69.7713724, 21.8591344 69.7712927, 21.868608 69.7710812, 21.8742031 69.7697438, 21.8817937 69.7681373, 21.890232 69.7663489, 21.8993783 69.7632281, 21.9046622 69.7610523, 21.9105577 69.7586203, 21.9152355 69.7564357, 21.920734 69.7538759, 21.9252938 69.7517484, 21.931656 69.7487758, 21.936999 69.7462819, 21.941607 69.7423911, 21.9477385 69.7372065, 21.950528 69.7348432, 21.9537467 69.7334385, 21.9570082 69.7320132, 21.9697326 69.7295025, 21.9771516 69.7280361, 21.9878536 69.7259208, 21.9966513 69.7241809, 22.0043921 69.7227773, 22.0112693 69.7215279, 22.0175672 69.7212862, 22.0277756 69.7208884, 22.0409936 69.7203733, 22.0520014 69.7192131, 22.0578593 69.7185957, 22.0639586 69.718605, 22.0744944 69.7186236, 22.080937 69.7186311, 22.088415 69.7186441, 22.0994765 69.7186608, 22.1120077 69.7186794, 22.1200329 69.7186906, 22.1301287 69.7187055, 22.1403211 69.7187185, 22.1506208 69.7187259, 22.1613175 69.7187408, 22.1686345 69.7187501, 22.1725076 69.7199104, 22.1796852 69.7220597, 22.1844757 69.723493, 22.1917444 69.7256699, 22.1978545 69.7275008, 22.205252 69.7297125, 22.2157985 69.7328643, 22.2183627 69.7336317, 22.226994 69.7362107, 22.2413814 69.7405132, 22.2461557 69.7419323, 22.2536123 69.7441648, 22.2684181 69.7450823, 22.278986 69.7457323, 22.2886312 69.7463302, 22.2968387 69.7468391, 22.309649 69.7476264, 22.3176849 69.7481203, 22.3273623 69.7487182, 22.333703 69.7491082, 22.3503005 69.7500328, 22.3578429 69.7504525, 22.3668766 69.7509575, 22.3721015 69.7512508, 22.3790967 69.751637, 22.3888278 69.7521791, 22.3961663 69.7525875, 22.4083757 69.753267, 22.4223125 69.7540393, 22.4298012 69.754366, 22.4411416 69.7548746, 22.4484908 69.7552013, 22.4559045 69.7555317, 22.4632108 69.7558584, 22.4744117 69.7563522, 22.4849689 69.7568162, 22.4955261 69.7572839, 22.5054717 69.757722, 22.5154066 69.7581563, 22.5238073 69.7585275, 22.5289464 69.7587539, 22.5386774 69.7575252, 22.5458014 69.7566269, 22.5525284 69.755773, 22.5600707 69.7548226, 22.5676775 69.7538573, 22.5764859 69.7527435, 22.581507 69.7521048, 22.5881803 69.751262, 22.5943601 69.7504784, 22.6084256 69.7496206, 22.615217 69.7492084, 22.6209462 69.7488594, 22.6277697 69.7497135, 22.6365459 69.7508089, 22.6465773 69.7520566, 22.6575315 69.7534266, 22.666533 69.7545442, 22.6739037 69.7554649, 22.6815319 69.7564153, 22.6919389 69.7577108, 22.6986444 69.758546, 22.7057898 69.7594369, 22.7143514 69.7607508, 22.7225804 69.7620201, 22.73332 69.7636753, 22.7387595 69.7645733, 22.7487695 69.7662246, 22.758168 69.7677756, 22.7674806 69.7693153, 22.777791 69.7710144, 22.7869588 69.7725224, 22.7934337 69.7746107, 22.7996591 69.7766191, 22.8069842 69.7789814, 22.8138238 69.7811859, 22.8219536 69.7838054, 22.8289086 69.7860465, 22.8354102 69.7881409, 22.8412521 69.790022, 22.8489554 69.7925014, 22.8553873 69.7945711, 22.8616637 69.7965906, 22.8669208 69.7982782, 22.8751445 69.8009234, 22.879715 69.8023922, 22.8845054 69.8039312, 22.8905082 69.8058628, 22.8990966 69.8075923, 22.9054427 69.8088717, 22.912792 69.8103511, 22.9218686 69.8121765, 22.9293841 69.8136871, 22.9381227 69.8154465, 22.9469365 69.8172215, 22.9540846 69.8186558, 22.9625979 69.8203667, 22.9712695 69.8221107, 22.9791847 69.8237002, 22.98747 69.8253644, 22.9960155 69.8270794, 23.0057949 69.8290365, 23.0117011 69.8302213, 23.0192113 69.8317278, 23.0240983 69.8327061, 23.0315065 69.8341912, 23.0411142 69.8361144, 23.0505341 69.8380004, 23.058275 69.8395498, 23.0678558 69.8414652, 23.075484 69.8429903, 23.0823451 69.84436, 23.0886912 69.8473783, 23.0950427 69.8503924, 23.0995375 69.8525241, 23.10477 69.8550122, 23.1111976 69.8580644, 23.1164789 69.8605691, 23.1227392 69.8635416, 23.1284603 69.8662552, 23.1327438 69.8682798, 23.1364265 69.8727908, 23.1380841 69.8748166, 23.1389612 69.8758917, 23.1402647 69.8774863, 23.1421316 69.8797682, 23.1461441 69.8846706, 23.1483221 69.8873252, 23.1530803 69.8931304, 23.1546897 69.895098, 23.1627899 69.8963611, 23.1697476 69.897448, 23.1769708 69.8985764, 23.1831694 69.8995434, 23.1901726 69.9006366, 23.1955156 69.9014698, 23.1996609 69.902115, 23.20153386307373 69.90240705156765, 23.215663913768353 69.90510590980621)"
way/128406208-420,way/114318083-420,420.0,1876.85,38803.79,Al/St 240/40 4-bundle 380.0,"LINESTRING (10.215782447790119 59.867249203351896, 10.224572182498513 59.86377054942992, 10.2277967 59.8631633, 10.2339216 59.8620065, 10.2412882 59.8593494, 10.2451546 59.8579487, 10.2524436 59.8553161, 10.2585315 59.8531154, 10.2631938 59.8514373, 10.2675793 59.8498591, 10.2742164 59.8474617, 10.2794856 59.8455627, 10.2804217 59.84473, 10.2825044 59.8428847, 10.2846998 59.8409395, 10.2879855 59.8380247, 10.2899824 59.8362524, 10.2929717 59.8337402, 10.2978614 59.8297375, 10.3018203 59.8265291, 10.3053233 59.8236972, 10.3080203 59.82142, 10.311947 59.8181292, 10.3161648 59.8146048, 10.3198434 59.8137005, 10.323506 59.8119007, 10.3263867 59.8104751, 10.3314212 59.8079818, 10.336284 59.8055719, 10.3412299 59.8030959, 10.3446391 59.8010161, 10.3500237 59.7977341, 10.35422 59.795169, 10.3574091 59.7932217, 10.362099 59.7903513, 10.3673226 59.7871526, 10.3719802 59.7843045, 10.3762127 59.7817235, 10.3804734 59.7791005, 10.3852008 59.7762254, 10.387293 59.7749468, 10.392074 59.7720241, 10.3957902 59.7697514, 10.3996298 59.7673888, 10.4033634 59.7652123, 10.4075637 59.7628764, 10.414736 59.7589037, 10.4188934 59.756595, 10.4241237 59.753797, 10.4285896 59.7514157, 10.4320429 59.7495774, 10.4339486 59.7475457, 10.4366389 59.7446608, 10.439305 59.7418092, 10.4421622 59.7386555, 10.4457504 59.7346996, 10.4485526 59.7315841, 10.4513857 59.7284531, 10.4554492 59.7239452, 10.4580396 59.7210793, 10.4605655 59.7181671, 10.4630171 59.7153365, 10.4647109 59.7133576, 10.4676224 59.7100254, 10.4701189 59.7071166, 10.4749636 59.7014804, 10.477621 59.6983693, 10.4796917 59.6959376, 10.4831256 59.6918971, 10.4868277 59.6896166, 10.4906841 59.6872469, 10.4938786 59.685289, 10.4974794 59.6830865, 10.4997325 59.6817194, 10.5028211 59.6798847, 10.5048106 59.6786946, 10.5111486 59.6748969, 10.5162925 59.6718006, 10.5192885 59.6697412, 10.5237423 59.6661449, 10.5295607 59.6614362, 10.5323616 59.659153, 10.5370407 59.6553902, 10.539806 59.653159, 10.5419652 59.6514122, 10.5443034 59.6495467, 10.5471566 59.6472298, 10.5506334 59.6444206, 10.5533626 59.642225, 10.5592474 59.6384651, 10.5621331 59.6366183, 10.5642517 59.6352657, 10.56856 59.6326285, 10.5728636 59.6299849, 10.5759609 59.6275696, 10.5774817 59.6250599, 10.581676 59.6191308, 10.5828012 59.6175426, 10.5843441 59.6156305, 10.5877626 59.6113723, 10.5900344 59.608531, 10.5917484 59.6063815, 10.5945727 59.6027947, 10.5965783 59.6002632, 10.597845 59.5986659, 10.6041355 59.5960662, 10.6089534 59.5940758, 10.6089827823354 59.594063861070445, 10.61683589412941 59.591600634151966)"
way/615122824-420,way/613587460-420,420.0,1876.85,37721.92,Al/St 240/40 4-bundle 380.0,"LINESTRING (10.221979437513033 63.89101405657954, 10.234665770441374 63.89011470806348, 10.2369511 63.8903488, 10.2429539 63.8909602, 10.2499089 63.8916649, 10.2530175 63.8955043, 10.254541 63.8973832, 10.2570784 63.9005197, 10.2587789 63.9031262, 10.2622041 63.9083644, 10.2631174 63.9097634, 10.2665815 63.915064, 10.2692583 63.9191609, 10.2717072 63.9229093, 10.2741453 63.9266378, 10.2766049 63.9303988, 10.2799013 63.9354339, 10.2813256 63.9376093, 10.2803332 63.9389445, 10.2771789 63.9431957, 10.2738503 63.9476784, 10.2711922 63.9512416, 10.2684241 63.9549704, 10.2658653 63.9584138, 10.2650768 63.959483, 10.2626252 63.9627728, 10.2590042 63.967649, 10.25677 63.9706542, 10.260238 63.9728728, 10.2641755 63.975389, 10.2667049 63.9770059, 10.2701247 63.9791923, 10.2716804 63.9822385, 10.2730402 63.9849021, 10.2752879 63.9893005, 10.27771 63.9901767, 10.2846837 63.992702, 10.289737 63.9941391, 10.2924728 63.9949177, 10.3008682 63.9972978, 10.3087914 64.0004985, 10.3127181 64.0020858, 10.3185761 64.0044512, 10.3265583 64.0076745, 10.3326791 64.0101453, 10.3358602 64.0114264, 10.3416565 64.0137676, 10.3450012 64.0151143, 10.350135 64.0171837, 10.3539759 64.0187336, 10.3599679 64.021147, 10.3679904 64.0243813, 10.3708336 64.0255267, 10.3748864 64.0271596, 10.3819567 64.0300091, 10.3868946 64.0319952, 10.3928518 64.0343922, 10.3981157 64.0365089, 10.4015154 64.0378774, 10.4067135 64.0399663, 10.4120377 64.042109, 10.4140171 64.0445685, 10.4162246 64.0473165, 10.4187298 64.0504387, 10.4213905 64.0537318, 10.4244 64.0574845, 10.4267389 64.0603897, 10.4296142 64.0639538, 10.43246 64.0674823, 10.4335463 64.0688335, 10.4361293 64.0720342, 10.4377091 64.0740009, 10.4420087 64.0793279, 10.4426765 64.0801556, 10.4457289 64.0839459, 10.4487115 64.0876453, 10.4503074 64.089612, 10.453392 64.0934338, 10.4555082 64.0960539, 10.4573804 64.0983704, 10.4593572 64.1008156, 10.4624847 64.1046932, 10.4622969 64.107105, 10.4621923 64.1084355, 10.4617336 64.1142724, 10.4615083 64.1171704, 10.4613286 64.1194641, 10.4611355 64.1218734, 10.4609102 64.1248128, 10.4606956 64.1274312, 10.4643542 64.1286882, 10.4720038 64.1313121, 10.4772127 64.1331002, 10.4810589 64.1344225, 10.4880434 64.1368154, 10.4931611 64.1385715, 10.5011997 64.1410143, 10.5090827 64.1434078, 10.5111936 64.144047, 10.5129316 64.1457308, 10.5158365 64.1485472, 10.5204552 64.1552503, 10.5216448 64.1569638, 10.5224133 64.1580809, 10.5241728 64.1606389, 10.5254167 64.1624368, 10.5277093 64.1627338, 10.528741541709424 64.16286727944221, 10.540759762386685 64.16425430666234)"
relation/8721337-300,relation/8886202-300,300.0,1005.455,31862.61,Al/St 240/40 3-bundle 300.0,"LINESTRING (6.603255446253946 59.32739779079445, 6.60643115205729 59.32272992300138, 6.6065973 59.3224855, 6.610622 59.3200543, 6.6138875 59.3172835, 6.6157007 59.3147712, 6.6169265 59.3134318, 6.6187625 59.3114182, 6.6211429 59.3088076, 6.6242087 59.3054492, 6.6259494 59.2985547, 6.6289039 59.2957301, 6.6320541 59.2934861, 6.6329098 59.2902097, 6.6349737 59.2855474, 6.6386671 59.2821757, 6.6413654 59.279049, 6.642614 59.2774869, 6.6423377 59.2756335, 6.6414963 59.2741717, 6.6402939 59.2720827, 6.6386457 59.2692895, 6.6375473 59.2669978, 6.6360775 59.2638889, 6.6347793 59.2610905, 6.6337064 59.258257, 6.6327381 59.2556519, 6.6313407 59.2519248, 6.630241 59.2489558, 6.6292928 59.2464165, 6.6284171 59.244176, 6.6277183 59.2425959, 6.6271189 59.2412406, 6.6255605 59.238401, 6.6244528 59.2363891, 6.6219798 59.2321221, 6.6189945 59.2269975, 6.6168755 59.2256403, 6.6152796 59.2222668, 6.6141048 59.2197811, 6.6139948 59.217217, 6.6138339 59.2138317, 6.6135885 59.2119193, 6.6133149 59.2098372, 6.6130011 59.2076059, 6.6116627 59.2042101, 6.6110632 59.2029117, 6.6091387 59.1988218, 6.6073711 59.1950823, 6.6054735 59.1917134, 6.604481 59.1902256, 6.6015977 59.1859432, 6.5996477 59.1830523, 6.5975744 59.17997, 6.5975167 59.1761708, 6.5974912 59.1744975, 6.5974349 59.1707204, 6.5973249 59.1690103, 6.5966678 59.1646332, 6.5959288 59.1597687, 6.5970781 59.1573994, 6.598143 59.1554041, 6.5997389 59.1524308, 6.6011417 59.1498368, 6.6035664 59.1453293, 6.6080591 59.1431915, 6.613445 59.1406202, 6.6178143 59.138562, 6.6216016 59.1367967, 6.6239995 59.1334764, 6.6261305 59.130442, 6.6256142 59.1267838, 6.6253433 59.1249436, 6.6245922 59.1196178, 6.623809 59.1140558, 6.6235489 59.1129253, 6.6228756 59.1086691, 6.6222399 59.104539, 6.6220576 59.102002, 6.6225001 59.0984276, 6.6262659 59.0960555, 6.6303161 59.0938086, 6.6378061 59.0900253, 6.6383654 59.088626, 6.6404173 59.0834166, 6.6407469 59.082246, 6.6433489 59.0788837, 6.6455672 59.0771696, 6.648272 59.0750794, 6.6505158 59.0733454, 6.6590291 59.0667652, 6.6603286408300875 59.06576135414471, 6.663982724931814 59.06038454197493)"
relation/9552168-300,relation/7854485-300,300.0,1005.455,2618.42,Al/St 240/40 3-bundle 300.0,"LINESTRING (8.923889437276587 60.258683242466226, 8.933253423253369 60.25900797204772, 8.9403766 60.261021, 8.9424527 60.2608268, 8.9526075 60.2598741, 8.9554989 60.2604116, 8.957274467229816 60.26251010415288, 8.961312878529048 60.26680667135976)"
way/637005916-300,NO65-300,300.0,1005.455,1262.94,Al/St 240/40 3-bundle 300.0,"LINESTRING (5.041342473741478 60.794594091862876, 5.04522999440298 60.80004254532935, 5.0463531226764555 60.80090674249665, 5.054252399876527 60.803278547133424)"
way/648848845-300,NO60-300,300.0,1005.455,2835.09,Al/St 240/40 3-bundle 300.0,"LINESTRING (5.478204000000013 60.89772739712796, 5.487184942318932 60.89678292090044, 5.505209682818597 60.89501167893552, 5.52742893813602 60.8898785822002)"
way/648848845-300,NO60-300,300.0,1005.455,2849.73,Al/St 240/40 3-bundle 300.0,"LINESTRING (5.478204000000013 60.89772739712796, 5.487333242992543 60.89725481249173, 5.505480511723777 60.89542426888226, 5.52742893813602 60.8898785822002)"
NO60-300,NO63-300,300.0,1005.455,23003.13,Al/St 240/40 3-bundle 300.0,"LINESTRING (5.136890399954042 60.84024799711894, 5.138252894289912 60.844768443339824, 5.138867 60.8468072, 5.1378626 60.8496196, 5.1362278 60.8529523, 5.1355277 60.856465, 5.1337118 60.8597304, 5.1356497 60.8642805, 5.144503 60.8666732, 5.1523009 60.8687843, 5.1656717 60.8723964, 5.1736804 60.8745631, 5.1804141 60.8763818, 5.1868446 60.8781195, 5.1896318 60.8784053, 5.1965445 60.8781158, 5.2016411 60.8779004, 5.2051801 60.8777578, 5.2213211 60.8770801, 5.2280871 60.8775579, 5.2347996 60.8777102, 5.240152 60.8778242, 5.2536496 60.8781382, 5.2601232 60.8782827, 5.2659159 60.8784168, 5.2720199 60.8746226, 5.2840242 60.8734991, 5.2899919 60.8735472, 5.3078183 60.8740382, 5.3146723 60.8742354, 5.3198421 60.8748085, 5.3253206 60.8754258, 5.3322193 60.8761985, 5.3401549 60.877098, 5.3490433 60.8795058, 5.3555174 60.8812634, 5.3638709 60.8835298, 5.3770728 60.887122, 5.3942435 60.886631, 5.4003312 60.8864527, 5.4054752 60.8863028, 5.4171316 60.8859669, 5.4238288 60.8857768, 5.4274851 60.88804, 5.4341776 60.89219, 5.4404396 60.8960768, 5.449668 60.8955389, 5.463274 60.8942798, 5.467503 60.8952359, 5.469937130128098 60.895786768607955, 5.478204000000013 60.89772739712796)"
way/648848845-300,relation/10086891-300,300.0,1005.455,28597.9,Al/St 240/40 3-bundle 300.0,"LINESTRING (5.52742893813602 60.8898785822002, 5.536420451293537 60.88646628684574, 5.5450729 60.8856329, 5.556542 60.8845249, 5.5618541 60.8843011, 5.5697814 60.8839481, 5.5867611 60.8846757, 5.5953374 60.8869432, 5.6041083 60.8895739, 5.6087512 60.8909662, 5.6131124 60.8914007, 5.6194693 60.8892059, 5.6242946 60.8875474, 5.6284869 60.8860969, 5.6345527 60.8840029, 5.6388201 60.8825366, 5.6448618 60.8827421, 5.6549817 60.8830945, 5.6676123 60.8835239, 5.6746262 60.8837693, 5.6811306 60.8839938, 5.6934205 60.884414, 5.6997156 60.8834626, 5.7058793 60.8816014, 5.7143095 60.8790483, 5.7182658 60.8791371, 5.730679 60.8794308, 5.7383662 60.879607, 5.7460105 60.8797832, 5.7599553 60.8801121, 5.7670578 60.880274, 5.7780388 60.8805259, 5.7873622 60.88074, 5.794242 60.8808979, 5.7990271 60.8846587, 5.803265 60.8879871, 5.8048743 60.8892366, 5.8077912 60.8916173, 5.8100268 60.8934505, 5.8123791 60.8953553, 5.8169496 60.8990746, 5.8203801 60.9018609, 5.8215871 60.9043978, 5.8235666 60.9085595, 5.8249064 60.9113762, 5.8259001 60.9134756, 5.8318171 60.9176308, 5.8396357 60.9199449, 5.8448902 60.9214962, 5.8491978 60.9233035, 5.8545676 60.9255591, 5.8590871 60.9274529, 5.8640116 60.9271838, 5.8723801 60.9267296, 5.8801371 60.9263086, 5.8876553 60.9251082, 5.8968526 60.9248175, 5.9011187 60.9246832, 5.9062672 60.9245216, 5.9126884 60.9251003, 5.9162691 60.9260622, 5.9181929 60.9262398, 5.9200202 60.926407, 5.9227815 60.9266605, 5.9250225 60.9268097, 5.9292128 60.9267977, 5.9317254 60.9256699, 5.9342667 60.9245333, 5.9405109 60.9221766, 5.9457654 60.9230004, 5.949676 60.9243808, 5.9528115 60.925593, 5.9552135 60.9265262, 5.965749712976529 60.926573059105486, 5.976015034178005 60.926333752247686)"
relation/10308957-300,relation/9032385-300,300.0,2010.911,3939.11,Al/St 240/40 3-bundle 300.0,"LINESTRING (10.667719434832179 59.93493704090485, 10.67434410804005 59.93863761413467, 10.71110415971122 59.95482793298399, 10.7207909575547 59.95806758250444)"
relation/12832053-420,NO86-420,420.0,1876.85,2159.79,Al/St 240/40 4-bundle 380.0,"LINESTRING (6.654956104800672 59.52990729398316, 6.662913132901813 59.533567140511686, 6.678938768488418 59.53831420798397, 6.684334400000002 59.54186069690163)"
relation/12832053-420,NO86-420,420.0,1876.85,2152.73,Al/St 240/40 4-bundle 380.0,"LINESTRING (6.654956104800672 59.52990729398316, 6.662320891083647 59.533913474248216, 6.678114690378739 59.538687248103905, 6.684334400000002 59.54186069690163)"
relation/12832053-420,NO86-420,420.0,1876.85,2154.61,Al/St 240/40 4-bundle 380.0,"LINESTRING (6.654956104800672 59.52990729398316, 6.6626163616139635 59.53373215129369, 6.678512062511435 59.538493295018654, 6.684334400000002 59.54186069690163)"
way/799370310-300,relation/8332571-300,300.0,1005.455,12708.73,Al/St 240/40 3-bundle 300.0,"LINESTRING (5.9201476946377705 58.590271220212976, 5.925279249768664 58.58519410487303, 5.926019 58.584629, 5.9292403 58.5815098, 5.931488 58.5793327, 5.9349936 58.5759333, 5.9375578 58.5734504, 5.9399282 58.5711494, 5.943114 58.5680594, 5.9471802 58.5641147, 5.9496385 58.5617309, 5.951626 58.5598003, 5.9563024 58.5552642, 5.959908 58.5517692, 5.9629691 58.5482267, 5.9667912 58.5438025, 5.9707005 58.5392728, 5.9734954 58.5360403, 5.9755996 58.5336042, 5.9779572 58.5308753, 5.9799501 58.5285607, 5.9824513 58.5256626, 5.9850651 58.522634, 5.9869561 58.5204442, 5.9886619 58.5192607, 5.9911725 58.5175161, 5.9962405 58.5139951, 5.9990166 58.5120674, 6.0029085 58.5108311, 6.0062854 58.50976, 6.0095389 58.508726, 6.0183795 58.5059194, 6.02687 58.5032213, 6.0287341 58.5005776, 6.029035415406913 58.500151298681466, 6.031951351867062 58.49502081357644)"
relation/8860331-420,relation/12274653-420,420.0,1876.85,18883.55,Al/St 240/40 4-bundle 380.0,"LINESTRING (6.410652126936926 59.668983261515415, 6.419211110708169 59.664970612243415, 6.4211091 59.6635548, 6.4225455 59.6623545, 6.4250225 59.6603053, 6.4295259 59.6565765, 6.4309569 59.655395, 6.4332448 59.6534931, 6.4371555 59.6497175, 6.4365479 59.6477767, 6.4356641 59.6449554, 6.4349011 59.6424782, 6.4346141 59.6415489, 6.4343237 59.6406471, 6.4332636 59.63721, 6.4338952 59.6327397, 6.4348528 59.6296127, 6.438058 59.6260839, 6.4407349 59.6231421, 6.4421175 59.6216013, 6.4443558 59.6191379, 6.4481324 59.6149881, 6.4492375 59.6137711, 6.451056 59.6117739, 6.4526975 59.6099463, 6.4554521 59.607478, 6.4580753 59.6051032, 6.460323 59.6030757, 6.4616695 59.6018759, 6.4630026 59.6006788, 6.4641935 59.5994437, 6.4657626 59.5977266, 6.467227 59.5961168, 6.4686969 59.5945122, 6.4708668 59.5921528, 6.4721248 59.5907761, 6.4758047 59.586745, 6.4793345 59.5842099, 6.4823145 59.5820548, 6.486893 59.5787438, 6.4911818 59.5762881, 6.4954787 59.5763221, 6.5022218 59.5763791, 6.5061673 59.5764185, 6.5097266 59.5764959, 6.5186504 59.5766963, 6.5256268 59.5769686, 6.5357333 59.5774616, 6.5388367 59.5776097, 6.5451747 59.5779193, 6.5516764 59.5782277, 6.5577677 59.5785264, 6.5606886 59.5786595, 6.5677066 59.5780667, 6.5701112 59.5767934, 6.5736182 59.5746535, 6.5764734 59.572781, 6.5790457 59.5710748, 6.5821295 59.5692547, 6.5862554 59.5688794, 6.5890516 59.5680962, 6.594243 59.5666398, 6.5974282 59.5657445, 6.598380961176231 59.564988731978474, 6.602145560303242 59.56031432202856)"
relation/8886202-300,way/261717967-300,300.0,1005.455,16083.41,Al/St 240/40 3-bundle 300.0,"LINESTRING (6.663982724931814 59.06038454197493, 6.6656288020573875 59.0664051220319, 6.6700476 59.0685093, 6.6730705 59.070274, 6.6763388 59.0721833, 6.6815691 59.0735666, 6.6906805 59.0752711, 6.7028913 59.0796886, 6.7078319 59.081676, 6.7124078 59.0835185, 6.7148378 59.0844956, 6.7183918 59.0859218, 6.7208379 59.0869085, 6.7262909 59.0890993, 6.7355177 59.0928083, 6.7401338 59.094474, 6.745753 59.0964977, 6.7526007 59.0991632, 6.7587644 59.1015667, 6.7671436 59.1025171, 6.7697534 59.102816, 6.7731933 59.1032064, 6.7781594 59.1037732, 6.7870939 59.10547, 6.7896071 59.1059458, 6.7942648 59.1068292, 6.8007329 59.1087765, 6.8063682 59.1104702, 6.8136772 59.1114038, 6.8187842 59.1120558, 6.8249559 59.1123828, 6.8307924 59.1126899, 6.8392628 59.1140351, 6.8494338 59.1150574, 6.8567696 59.115794, 6.8631908 59.1173539, 6.8660983 59.1182425, 6.8704113 59.1189171, 6.88226 59.1175108, 6.8882319 59.1193074, 6.8932383 59.1208127, 6.893363056376246 59.12118015876689, 6.894989497716259 59.12568777071782)"
way/90273427-300,way/830770515-300,300.0,1005.455,3608.1,Al/St 240/40 3-bundle 300.0,"LINESTRING (5.734215455666072 58.81638056035004, 5.742241564019383 58.81285451336159, 5.7446232 58.8121878, 5.7490461 58.8109509, 5.7531278 58.8098088, 5.755861 58.8072188, 5.7565127 58.8050579, 5.7571189 58.8030469, 5.7580832 58.7998478, 5.759334710300672 58.795685558569986, 5.7629323667755745 58.79004518732627)"
way/842385259-420,relation/8293948-420,420.0,1876.85,1735.83,Al/St 240/40 4-bundle 380.0,"LINESTRING (15.989025933041313 67.63766266554708, 15.994524457680065 67.63293045547505, 15.9945863 67.6325797, 15.9951335 67.6292785, 15.99390459413586 67.62714828505362, 15.990320913784279 67.62269397550581)"
way/166227080-300,way/90273427-300,300.0,2010.911,10508.84,Al/St 240/40 3-bundle 300.0,"LINESTRING (5.694139612190939 58.88305311032763, 5.691040243719007 58.87708991963862, 5.6895681 58.8732951, 5.6882485 58.8698813, 5.68745 58.867143, 5.6862744 58.8631401, 5.6876611 58.8582344, 5.6888347 58.8540717, 5.689765 58.8507926, 5.6909617 58.8465543, 5.6918048 58.8435567, 5.6919406 58.8385306, 5.6919979 58.8363757, 5.6920851 58.8331804, 5.6910569 58.8289145, 5.6899986 58.8245114, 5.6893878 58.8219757, 5.6896035 58.8177137, 5.6926917 58.8155783, 5.6960306 58.8132674, 5.6998812 58.8106014, 5.7069522 58.8107231, 5.7141891 58.8108482, 5.7192693 58.813146, 5.7221213 58.8144389, 5.72297501163323 58.814539633326106, 5.734215455666072 58.81638056035004)"
NO62-420,relation/3993780-420,420.0,5630.551,1112.99,Al/St 240/40 4-bundle 380.0,"LINESTRING (7.300796199999997 60.853024797121016, 7.300724813751302 60.85752078128982, 7.3007207495003135 60.85777675210682, 7.301919374829291 60.86300925163511)"
