GEM location ID,bus_id
L100000101855,way/90842395-400
L100000101856,way/112342683-400
L100000400098,way/81641090-400
L100000101866,way/90842395-400
L100000200253,way/85047359-400
L100000200254,way/79866837-400
L100000200316,way/85710783-400
L100000201169,way/235370803-400
L100000101853,way/27259817-400
L100000400088,way/85710783-400
L100000400090,way/71933077-400
L100000101857,way/81641090-400
L100000101860,way/85605950-400
L100000400093,way/27259817-400
L100000400094,way/81641090-400
L100000400095,way/27259817-400
L100000400096,way/85203486-400
L100000400101,way/85047359-400
L100000400102,way/27259817-400
L100000400104,way/112342683-400
L100000400105,way/82825438-400
L100000400106,way/85710783-400
L100000400109,way/90842395-400
L100000401426,way/146695955-400
L100000406385,way/79866837-400
L100000406382,way/79866837-400
L100000406384,way/79866837-400
L100000406386,way/27259817-400
L100000407634,way/110086345-400
L100000407633,way/147132694-400
L100000407652,way/159167277-400
L100000407653,way/118086309-400
L100000407654,way/235370803-400
L100000407655,way/85047359-400
L100000407657,way/85605950-400
L100000407647,way/71933077-400
L100000407648,way/81641090-400
L100000407672,way/235370803-400
L100000407931,way/85710783-400
L100000407932,way/85047359-400
L100000407933,way/24020601-400
L100000407934,way/79866837-400
L100000407936,way/27259817-400
L100000407937,way/85605950-400
L100000104715,way/85047359-400
L100000408772,way/112342683-400
L100000408773,way/118086309-400
L100000408774,way/90842395-400
L100000408764,way/85047359-400
L100000408765,way/111558550-400
L100000408766,way/81641090-400
L100000408743,way/27259817-400
L100000408744,way/81641090-400
L100000408745,way/146695955-400
L100000408805,way/146695955-400
L100000500005,way/85995894-400
L100000500006,way/99722046-400
L100000500007,way/82825438-400
L100000500032,way/85710783-400
L100000500033,way/85710783-400
L100000500034,way/24020601-400
L100000500035,way/79866837-400
L100000500036,way/49510896-400
L100000500037,way/82599261-400
L100000500038,way/81641090-400
L100000500130,way/110086345-400
L100000500131,way/79866837-400
L100000500132,way/110086345-400
L100000500133,way/99722046-400
L100000500134,way/235370803-400
L100000500135,way/85203486-400
L100000500136,way/24020601-400
L100000500137,way/79866837-400
L100000601619,way/98890904-400
L100000601620,way/147132694-400
L100000601621,way/110086345-400
L100000601622,way/147132694-400
L100000601623,way/110086345-400
L100000601624,way/110086345-400
L100000601625,way/24020601-400
L100000601626,way/110086345-400
L100000601627,way/71933077-400
L100000601628,way/24020601-400
L100000601629,way/71933077-400
L100000601630,way/110086345-400
L100000601631,way/71933077-400
L100000601632,way/147132694-400
L100000601633,way/147132694-400
L100000601634,way/147132694-400
L100000601635,way/147132694-400
L100000601636,way/71933077-400
L100000601637,way/81641090-400
L100000601638,way/118086309-400
L100000601639,way/24020601-400
L100000601640,way/118086309-400
L100000601641,way/24020601-400
L100000601642,way/147132694-400
L100000601643,way/110086345-400
L100000601644,way/147132694-400
L100000601645,way/118086309-400
L100000601646,way/71933077-400
L100000601647,way/98890904-400
L100000601648,way/147132694-400
L100000601649,way/71933077-400
L100000601650,way/147132694-400
L100000601651,way/147132694-400
L100000601652,way/110086345-400
L100000601653,way/147132694-400
L100000601654,way/110086345-400
L100000601655,way/118086309-400
L100000601656,way/71933077-400
L100000601657,way/98890904-400
L100000601658,way/147132694-400
L100000601659,way/71933077-400
L100000601660,way/27259817-400
L100000601661,way/27259817-400
L100000601662,way/98890904-400
L100000601663,way/118086309-400
L100000601664,way/147132694-400
L100000601665,way/110086345-400
L100000601666,way/24020601-400
L100000601667,way/98890904-400
L100000601668,way/49510896-400
L100000601669,way/147132694-400
L100000601670,way/82825438-400
L100000601671,way/118086309-400
L100000601672,way/147132694-400
L100000601673,way/24020601-400
L100000601674,way/27259817-400
L100000601675,way/27259817-400
L100000601676,way/147132694-400
L100000601677,way/147132694-400
L100000601678,way/71933077-400
L100000601679,way/71933077-400
L100000601680,way/27259817-400
L100000601681,way/27259817-400
L100000601682,way/27259817-400
L100000601683,way/110086345-400
L100000601684,way/71933077-400
L100000601685,way/147132694-400
L100000601686,way/27259817-400
L100000601687,way/118086309-400
L100000601688,way/147132694-400
L100000601689,way/147132694-400
L100000601690,way/118086309-400
L100000601691,way/159167277-400
L100000604086,way/118086309-400
L100000604087,way/159167277-400
L100000604088,way/118086309-400
L100000805748,way/159167277-400
L100000805755,way/110086345-400
L100000805756,way/85710783-400
L100000805758,way/82599261-400
L100000805759,way/81641090-400
L100000805760,way/27259817-400
L100000805812,way/235370803-400
L100000805813,way/27259817-400
L100000805814,way/235370803-400
L100000805843,way/49510896-400
L100000805881,way/235370803-400
L100000805882,way/98890904-400
L100000805908,way/235370803-400
L100000805909,way/99722046-400
L100000805920,way/71933077-400
L100000805921,way/235370803-400
L100000805953,way/27259817-400
L100000806003,way/85605950-400
L100000806008,way/90842395-400
L100000806010,way/85605950-400
L100000806011,way/79866837-400
L100000806012,way/85047359-400
L100000806308,way/81641090-400
L100000806931,way/111558550-400
L100000806932,way/235370803-400
L100000815934,way/71933077-400
L100000815935,way/71933077-400
L100000815936,way/98890904-400
L100000815937,way/235370803-400
L100000815938,way/110086345-400
L100000815939,way/71933077-400
L100000815940,way/71933077-400
L100000815941,way/24020601-400
L100000815942,way/179260933-400
L100000815943,way/111558550-400
L100000815944,way/24020601-400
L100000815945,way/110086345-400
L100000815946,way/110086345-400
L100000815947,way/110086345-400
L100000815948,way/110086345-400
L100000815949,way/49510896-400
L100000815951,way/111558550-400
L100000815952,way/110086345-400
L100000815954,way/27259817-400
L100000815955,way/27259817-400
L100000815956,way/49510896-400
L100000815957,way/49510896-400
L100000815958,way/49510896-400
L100000815959,way/49510896-400
L100000815960,way/49510896-400
L100000815961,way/49510896-400
L100000815962,way/24020601-400
L100000815963,way/98890904-400
L100000815964,way/98890904-400
L100000815965,way/24020601-400
L100000815966,way/110086345-400
L100000815968,way/146695955-400
L100000815969,way/99722046-400
L100000815970,way/99722046-400
L100000815973,way/98890904-400
L100000815974,way/235370803-400
L100000815975,way/99722046-400
L100000815976,way/79866837-400
L100000815977,way/90842395-400
L100000815978,way/111558550-400
L100000815979,way/24020601-400
L100000815980,way/147132694-400
L100000815981,way/110086345-400
L100000815982,way/110086345-400
L100000815985,way/71933077-400
L100000815986,way/235370803-400
L100000815988,way/110086345-400
L100000815989,way/110086345-400
L100000815990,way/24020601-400
L100000815991,way/71933077-400
L100000815992,way/79866837-400
L100000815993,way/24020601-400
L100000816002,way/27259817-400
L100000816003,way/111558550-400
L100000816004,way/112342683-400
L100000816005,way/147132694-400
L100000816006,way/82825438-400
L100000816007,way/110086345-400
L100000816009,way/99722046-400
L100000816011,way/98890904-400
L100000816012,way/71933077-400
L100000816013,way/49510896-400
L100000816014,way/71933077-400
L100000816015,way/85047359-400
L100000816017,way/110086345-400
L100000816018,way/110086345-400
L100000816019,way/110086345-400
L100000816020,way/110086345-400
L100000816021,way/98890904-400
L100000816022,way/99722046-400
L100000816023,way/99722046-400
L100000816024,way/111558550-400
L100000816025,way/111558550-400
L100000816026,way/71933077-400
L100000816027,way/118086309-400
L100000816028,way/49510896-400
L100000816029,way/110086345-400
L100000816030,way/98890904-400
L100000816031,way/71933077-400
L100000816032,way/110086345-400
L100000816033,way/24020601-400
L100000816034,way/27259817-400
L100000816036,way/98890904-400
L100000816037,way/235370803-400
L100000816038,way/235370803-400
L100000816039,way/81641090-400
L100000816040,way/111558550-400
L100000816041,way/27259817-400
L100000816042,way/110086345-400
L100000816043,way/110086345-400
L100000816044,way/110086345-400
L100000816045,way/110086345-400
L100000816046,way/110086345-400
L100000816047,way/110086345-400
L100000816048,way/24020601-400
L100000816049,way/49510896-400
L100000816050,way/235370803-400
L100000816051,way/99722046-400
L100000816052,way/110086345-400
L100000816053,way/110086345-400
L100000816054,way/98890904-400
L100000816055,way/110086345-400
L100000816056,way/110086345-400
L100000816057,way/110086345-400
L100000816058,way/110086345-400
L100000816059,way/110086345-400
L100000816060,way/85995894-400
L100000816061,way/235370803-400
L100000816062,way/235370803-400
L100000816063,way/235370803-400
L100000816064,way/235370803-400
L100000816065,way/98890904-400
L100000816066,way/27259817-400
L100000816067,way/49510896-400
L100000816068,way/49510896-400
L100000816069,way/82825438-400
L100000816070,way/98890904-400
L100000816071,way/98890904-400
L100000816072,way/98890904-400
L100000816073,way/98890904-400
L100000816074,way/98890904-400
L100000816075,way/98890904-400
L100000816076,way/98890904-400
L100000816077,way/110086345-400
L100000816078,way/85605950-400
L100000816079,way/71933077-400
L100000816080,way/99722046-400
L100000816081,way/49510896-400
L100000816082,way/179260933-400
L100000816083,way/49510896-400
L100000816084,way/49510896-400
L100000816085,way/235370803-400
L100000816086,way/110086345-400
L100000816087,way/24020601-400
L100000816088,way/98890904-400
L100000816089,way/98890904-400
L100000816090,way/98890904-400
L100000816091,way/235370803-400
L100000816092,way/71933077-400
L100000816093,way/49510896-400
L100000816094,way/49510896-400
L100000816095,way/49510896-400
L100000816096,way/49510896-400
L100000816097,way/49510896-400
L100000816098,way/159167277-400
L100000816099,way/110086345-400
L100000816100,way/110086345-400
L100000816101,way/98890904-400
L100000816102,way/71933077-400
L100000816103,way/85995894-400
L100000816104,way/235370803-400
L100000816105,way/235370803-400
L100000816106,way/235370803-400
L100000816107,way/235370803-400
L100000816108,way/235370803-400
L100000816109,way/235370803-400
L100000816110,way/49510896-400
L100000816111,way/235370803-400
L100000816112,way/235370803-400
L100000816113,way/235370803-400
L100000816114,way/111558550-400
L100000816116,way/110086345-400
L100000816117,way/81641090-400
L100000816118,way/49510896-400
L100000816119,way/49510896-400
L100000816120,way/49510896-400
L100000816121,way/24020601-400
L100000816122,way/24020601-400
L100000816123,way/110086345-400
L100000816124,way/79866837-400
L100000816125,way/71933077-400
L100000816127,way/98890904-400
L100000816128,way/235370803-400
L100000816129,way/71933077-400
L100000816130,way/71933077-400
L100000816131,way/98890904-400
L100000816132,way/98890904-400
L100000816133,way/235370803-400
L100000816134,way/146695955-400
L100000816135,way/27259817-400
L100000816136,way/179260933-400
L100000816137,way/85995894-400
L100000816138,way/24020601-400
L100000816139,way/98890904-400
L100000816140,way/49510896-400
L100000816141,way/49510896-400
L100000816142,way/49510896-400
L100000816143,way/98890904-400
L100000816144,way/49510896-400
L100000816145,way/99722046-400
L100000816146,way/27259817-400
L100000816147,way/49510896-400
L100000816148,way/49510896-400
L100000816149,way/110086345-400
L100000816150,way/98890904-400
L100000816151,way/90842395-400
L100000816152,way/90842395-400
L100000816153,way/98890904-400
L100000816155,way/110086345-400
L100000816156,way/235370803-400
L100000816158,way/49510896-400
L100000816159,way/49510896-400
L100000816160,way/98890904-400
L100000816161,way/98890904-400
L100000816162,way/111558550-400
L100000816163,way/110086345-400
L100000816164,way/49510896-400
L100000816165,way/49510896-400
L100000816166,way/111558550-400
L100000816167,way/98890904-400
L100000816168,way/235370803-400
L100000816169,way/235370803-400
L100000816170,way/110086345-400
L100000816171,way/110086345-400
L100000816172,way/110086345-400
L100000816173,way/110086345-400
L100000816174,way/111558550-400
L100000816175,way/235370803-400
L100000816176,way/99722046-400
L100000816177,way/99722046-400
L100000816178,way/99722046-400
L100000816179,way/99722046-400
L100000816180,way/99722046-400
L100000816181,way/99722046-400
L100000816182,way/99722046-400
L100000816183,way/99722046-400
L100000816184,way/98890904-400
L100000816185,way/110086345-400
L100000816186,way/27259817-400
L100000816187,way/79866837-400
L100000816188,way/110086345-400
L100000816189,way/235370803-400
L100000816190,way/98890904-400
L100000816191,way/118086309-400
L100000816192,way/146695955-400
L100000816193,way/110086345-400
L100000816194,way/24020601-400
L100000816195,way/24020601-400
L100000816196,way/71933077-400
L100000816197,way/24020601-400
L100000816198,way/71933077-400
L100000816199,way/71933077-400
L100000816200,way/90842395-400
L100000816201,way/27259817-400
L100000816202,way/24020601-400
L100000816203,way/110086345-400
L100000816204,way/79866837-400
L100000816205,way/79866837-400
L100000816206,way/110086345-400
L100000816207,way/24020601-400
L100000816208,way/111558550-400
L100000816209,way/111558550-400
L100000816210,way/111558550-400
L100000816211,way/71933077-400
L100000816212,way/179260933-400
L100000816213,way/81641090-400
L100000816214,way/82599261-400
L100000816215,way/82599261-400
L100000816216,way/27259817-400
L100000816217,way/111558550-400
L100000816218,way/27259817-400
L100000816221,way/71933077-400
L100000816222,way/179260933-400
L100000816223,way/111558550-400
L100000816224,way/146695955-400
L100000816225,way/179260933-400
L100000816226,way/111558550-400
L100000816227,way/235370803-400
L100000816228,way/24020601-400
L100000816229,way/79866837-400
L100000816230,way/27259817-400
L100000816231,way/27259817-400
L100000816232,way/110086345-400
L100000816233,way/98890904-400
L100000816234,way/71933077-400
L100000816235,way/85605950-400
L100000816236,way/159167277-400
L100000816237,way/49510896-400
L100000816238,way/71933077-400
L100000816239,way/98890904-400
L100000816240,way/49510896-400
L100000816241,way/111558550-400
L100000816242,way/98890904-400
L100000816243,way/146695955-400
L100000816244,way/71933077-400
L100000816245,way/79866837-400
L100000816246,way/27259817-400
L100000816247,way/27259817-400
L100000816248,way/27259817-400
L100000816249,way/111558550-400
L100000816250,way/110086345-400
L100000816251,way/99722046-400
L100000816252,way/110086345-400
L100000816253,way/112342683-400
L100000816254,way/111558550-400
L100000816255,way/99722046-400
L100000816256,way/111558550-400
L100000816257,way/24020601-400
L100000816258,way/27259817-400
L100000816259,way/81641090-400
L100000816260,way/24020601-400
L100000816261,way/24020601-400
L100000816262,way/98890904-400
L100000816263,way/85047359-400
L100000816264,way/49510896-400
L100000816265,way/179260933-400
L100000816266,way/110086345-400
L100000816267,way/99722046-400
L100000816268,way/99722046-400
L100000816269,way/110086345-400
L100000816270,way/118086309-400
L100000816271,way/118086309-400
L100000816272,way/179260933-400
L100000816273,way/71933077-400
L100000816274,way/85047359-400
L100000816275,way/82825438-400
L100000816276,way/71933077-400
L100000816277,way/179260933-400
L100000816280,way/71933077-400
L100000816281,way/99722046-400
L100000816282,way/71933077-400
L100000816283,way/71933077-400
L100000816284,way/24020601-400
L100000816285,way/27259817-400
L100000816286,way/110086345-400
L100000816287,way/110086345-400
L100000816288,way/110086345-400
L100000816289,way/99722046-400
L100000816290,way/99722046-400
L100000816291,way/179260933-400
L100000816293,way/71933077-400
L100000816294,way/85047359-400
L100000816295,way/85047359-400
L100000816296,way/99722046-400
L100000816297,way/71933077-400
L100000816298,way/98890904-400
L100000816299,way/111558550-400
L100000816300,way/49510896-400
L100000816301,way/110086345-400
L100000816302,way/85710783-400
L100000816303,way/71933077-400
L100000816304,way/71933077-400
L100000816305,way/71933077-400
L100000816306,way/110086345-400
L100000816307,way/98890904-400
L100000816308,way/27259817-400
L100000816309,way/112342683-400
L100000816310,way/98890904-400
L100000816311,way/85710783-400
L100000816312,way/49510896-400
L100000816313,way/235370803-400
L100000816314,way/235370803-400
L100000816315,way/49510896-400
L100000816316,way/81641090-400
L100000816317,way/24020601-400
L100000816318,way/179260933-400
L100000816319,way/98890904-400
L100000816321,way/71933077-400
L100000816324,way/110086345-400
L100000816325,way/110086345-400
L100000816326,way/235370803-400
L100000816327,way/110086345-400
L100000816328,way/27259817-400
L100000816329,way/235370803-400
L100000816330,way/110086345-400
L100000816331,way/49510896-400
L100000816332,way/110086345-400
L100000816333,way/27259817-400
L100000816334,way/110086345-400
L100000816335,way/110086345-400
L100000816336,way/27259817-400
L100000816337,way/27259817-400
L100000816338,way/49510896-400
L100000816339,way/98890904-400
L100000816340,way/49510896-400
L100000816341,way/235370803-400
L100000816342,way/27259817-400
L100000816343,way/235370803-400
L100000816344,way/235370803-400
L100000816345,way/49510896-400
L100000816346,way/235370803-400
L100000816347,way/49510896-400
L100000816348,way/49510896-400
L100000816349,way/235370803-400
L100000816350,way/110086345-400
L100000816351,way/71933077-400
L100000816352,way/110086345-400
L100000816353,way/110086345-400
L100000816354,way/24020601-400
L100000816355,way/110086345-400
L100000816356,way/27259817-400
L100000816357,way/235370803-400
L100000816358,way/27259817-400
L100000816359,way/235370803-400
L100000816360,way/49510896-400
L100000816361,way/179260933-400
L100000816362,way/235370803-400
L100000816363,way/49510896-400
L100000816364,way/49510896-400
L100000816365,way/110086345-400
L100000816366,way/27259817-400
L100000816367,way/27259817-400
L100000816368,way/49510896-400
L100000816369,way/49510896-400
L100000816370,way/49510896-400
L100000816371,way/81641090-400
L100000816372,way/110086345-400
L100000816373,way/27259817-400
L100000816374,way/110086345-400
L100000816375,way/24020601-400
L100000816376,way/110086345-400
L100000816377,way/27259817-400
L100000816379,way/71933077-400
L100000816380,way/146695955-400
L100000816381,way/110086345-400
L100000816382,way/82825438-400
L100000816383,way/49510896-400
L100000816384,way/82825438-400
L100000816385,way/49510896-400
L100000816386,way/98890904-400
L100000816387,way/49510896-400
L100000816388,way/49510896-400
L100000816389,way/110086345-400
L100000816390,way/110086345-400
L100000816391,way/110086345-400
L100000816392,way/147132694-400
L100000816393,way/49510896-400
L100000816394,way/99722046-400
L100000816395,way/98890904-400
L100000816396,way/49510896-400
L100000816397,way/79866837-400
L100000816398,way/79866837-400
L100000816399,way/79866837-400
L100000816400,way/24020601-400
L100000816401,way/235370803-400
L100000816402,way/98890904-400
L100000816403,way/147132694-400
L100000816404,way/98890904-400
L100000816405,way/98890904-400
L100000816406,way/235370803-400
L100000816407,way/99722046-400
L100000816408,way/179260933-400
L100000816409,way/99722046-400
L100000816410,way/24020601-400
L100000816411,way/99722046-400
L100000816412,way/98890904-400
L100000816413,way/71933077-400
L100000816414,way/71933077-400
L100000816415,way/71933077-400
L100000816416,way/99722046-400
L100000816418,way/71933077-400
L100000816419,way/49510896-400
L100000816420,way/110086345-400
L100000816421,way/71933077-400
L100000816422,way/179260933-400
L100000816423,way/71933077-400
L100000816424,way/98890904-400
L100000816425,way/159167277-400
L100000816426,way/71933077-400
L100000816427,way/110086345-400
L100000816429,way/85605950-400
L100000816431,way/71933077-400
L100000816432,way/110086345-400
L100000816434,way/111558550-400
L100000816435,way/24020601-400
L100000816436,way/49510896-400
L100000816437,way/49510896-400
L100000816438,way/49510896-400
L100000816439,way/49510896-400
L100000816440,way/27259817-400
L100000816441,way/85995894-400
L100000816442,way/235370803-400
L100000816443,way/99722046-400
L100000816444,way/99722046-400
L100000816445,way/235370803-400
L100000816446,way/85605950-400
L100000816447,way/98890904-400
L100000816448,way/24020601-400
L100000816449,way/118086309-400
L100000816450,way/118086309-400
L100000816451,way/27259817-400
L100000816452,way/27259817-400
L100000816453,way/235370803-400
L100000816454,way/147132694-400
L100000816456,way/110086345-400
L100000816457,way/49510896-400
L100000816458,way/110086345-400
L100000816459,way/24020601-400
L100000816460,way/159167277-400
L100000816461,way/159167277-400
L100000816464,way/27259817-400
L100000816465,way/99722046-400
L100000816466,way/110086345-400
L100000816467,way/110086345-400
L100000816468,way/110086345-400
L100000816469,way/110086345-400
L100000816470,way/98890904-400
L100000816471,way/147132694-400
L100000816472,way/118086309-400
L100000816473,way/98890904-400
L100000816474,way/71933077-400
L100000816475,way/49510896-400
L100000816476,way/98890904-400
L100000816477,way/110086345-400
L100000816478,way/235370803-400
L100000816479,way/235370803-400
L100000816480,way/110086345-400
L100000816481,way/99722046-400
L100000816482,way/81641090-400
L100000816484,way/79866837-400
L100000816485,way/85047359-400
L100000816486,way/118086309-400
L100000816487,way/235370803-400
L100000816488,way/235370803-400
L100000816489,way/49510896-400
L100000816490,way/81641090-400
L100000816491,way/27259817-400
L100000816492,way/27259817-400
L100000816493,way/27259817-400
L100000816494,way/27259817-400
L100000816495,way/85995894-400
L100000816496,way/85995894-400
L100000816497,way/99722046-400
L100000816498,way/90842395-400
L100000816499,way/110086345-400
L100000816500,way/27259817-400
L100000816501,way/49510896-400
L100000816502,way/24020601-400
L100000816503,way/99722046-400
L100000816504,way/99722046-400
L100000816505,way/99722046-400
L100000816506,way/49510896-400
L100000816507,way/110086345-400
L100000816508,way/179260933-400
L100000816509,way/27259817-400
L100000816510,way/111558550-400
L100000816511,way/85995894-400
L100000816512,way/49510896-400
L100000816513,way/49510896-400
L100000816514,way/147132694-400
L100000816516,way/111558550-400
L100000816517,way/111558550-400
L100000816520,way/110086345-400
L100000816521,way/90842395-400
L100000816522,way/110086345-400
L100000816523,way/235370803-400
L100000816524,way/235370803-400
L100000816525,way/24020601-400
L100000816526,way/99722046-400
L100000816527,way/111558550-400
L100000816528,way/71933077-400
L100000816530,way/49510896-400
L100000816531,way/111558550-400
L100000816532,way/111558550-400
L100000816533,way/110086345-400
L100000816534,way/79866837-400
L100000816535,way/49510896-400
L100000816536,way/27259817-400
L100000816537,way/98890904-400
L100000816539,way/235370803-400
L100000816540,way/112342683-400
L100000816541,way/81641090-400
L100000816542,way/71933077-400
L100000816546,way/110086345-400
L100000816547,way/71933077-400
L100000816548,way/112342683-400
L100000816549,way/112342683-400
L100000816550,way/99722046-400
L100000816551,way/79866837-400
L100000816552,way/110086345-400
L100000816553,way/24020601-400
L100000816554,way/49510896-400
L100000816555,way/49510896-400
L100000816556,way/49510896-400
L100000816557,way/112342683-400
L100000816558,way/49510896-400
L100000816559,way/49510896-400
L100000816560,way/49510896-400
L100000816561,way/147132694-400
L100000816562,way/71933077-400
L100000816563,way/24020601-400
L100000816564,way/49510896-400
L100000816565,way/111558550-400
L100000816566,way/111558550-400
L100000816567,way/111558550-400
L100000816568,way/146695955-400
L100000816569,way/85995894-400
L100000816570,way/235370803-400
L100000816573,way/49510896-400
L100000816579,way/71933077-400
L100000816583,way/49510896-400
L100000816584,way/147132694-400
L100000816585,way/118086309-400
L100000816586,way/235370803-400
L100000816588,way/71933077-400
L100000816589,way/118086309-400
L100000816590,way/49510896-400
L100000816591,way/111558550-400
L100000816592,way/118086309-400
L100000816593,way/235370803-400
L100000816594,way/235370803-400
L100000816595,way/235370803-400
L100000816596,way/235370803-400
L100000816597,way/235370803-400
L100000816598,way/27259817-400
L100000816599,way/27259817-400
L100000816600,way/27259817-400
L100000816601,way/235370803-400
L100000816602,way/99722046-400
L100000816604,way/98890904-400
L100000816605,way/98890904-400
L100000816608,way/90842395-400
L100000816609,way/27259817-400
L100000816610,way/27259817-400
L100000816612,way/79866837-400
L100000816613,way/27259817-400
L100000816614,way/27259817-400
L100000816615,way/27259817-400
L100000816616,way/27259817-400
L100000816617,way/27259817-400
L100000816618,way/27259817-400
L100000816619,way/27259817-400
L100000816620,way/99722046-400
L100000816621,way/49510896-400
L100000816622,way/24020601-400
L100000816623,way/99722046-400
L100000816624,way/49510896-400
L100000816625,way/90842395-400
L100000816626,way/110086345-400
L100000816627,way/110086345-400
L100000816628,way/110086345-400
L100000816629,way/90842395-400
L100000816630,way/81641090-400
L100000816631,way/24020601-400
L100000816633,way/110086345-400
L100000816634,way/24020601-400
L100000816635,way/235370803-400
L100000816636,way/82825438-400
L100000816637,way/49510896-400
L100000816638,way/235370803-400
L100000816639,way/147132694-400
L100000816640,way/235370803-400
L100000816641,way/147132694-400
L100000816642,way/110086345-400
L100000816643,way/98890904-400
L100000816644,way/235370803-400
L100000816645,way/27259817-400
L100000816646,way/99722046-400
L100000816647,way/27259817-400
L100000816648,way/27259817-400
L100000816649,way/110086345-400
L100000816650,way/235370803-400
L100000816651,way/110086345-400
L100000816652,way/111558550-400
L100000816653,way/110086345-400
L100000816654,way/49510896-400
L100000816657,way/235370803-400
L100000816658,way/24020601-400
L100000816659,way/112342683-400
L100000816660,way/112342683-400
L100000816662,way/90842395-400
L100000816663,way/110086345-400
L100000816664,way/98890904-400
L100000816665,way/235370803-400
L100000816666,way/110086345-400
L100000816667,way/110086345-400
L100000816668,way/49510896-400
L100000816669,way/111558550-400
L100000816670,way/85605950-400
L100000816671,way/111558550-400
L100000816672,way/235370803-400
L100000816673,way/49510896-400
L100000816674,way/24020601-400
L100000816675,way/49510896-400
L100000816676,way/235370803-400
L100000816677,way/98890904-400
L100000816678,way/111558550-400
L100000816679,way/110086345-400
L100000816680,way/110086345-400
L100000816681,way/110086345-400
L100000816682,way/27259817-400
L100000816684,way/146695955-400
L100000816685,way/110086345-400
L100000816686,way/49510896-400
L100000816687,way/24020601-400
L100000816688,way/235370803-400
L100000816689,way/82599261-400
L100000816690,way/110086345-400
L100000816691,way/118086309-400
L100000816692,way/27259817-400
L100000816693,way/49510896-400
L100000816694,way/49510896-400
L100000816695,way/49510896-400
L100000816696,way/98890904-400
L100000816697,way/235370803-400
L100000816698,way/235370803-400
L100000816699,way/71933077-400
L100000816700,way/110086345-400
L100000816701,way/110086345-400
L100000816703,way/110086345-400
L100000816704,way/27259817-400
L100000816705,way/27259817-400
L100000816706,way/27259817-400
L100000816707,way/27259817-400
L100000816708,way/85710783-400
L100000816709,way/85710783-400
L100000816710,way/235370803-400
L100000816711,way/99722046-400
L100000816712,way/71933077-400
L100000816713,way/235370803-400
L100000816714,way/98890904-400
L100000816715,way/146695955-400
L100000816716,way/85710783-400
L100000816717,way/147132694-400
L100000816718,way/90842395-400
L100000816719,way/99722046-400
L100000816720,way/85047359-400
L100000816721,way/49510896-400
L100000816722,way/27259817-400
L100000816723,way/112342683-400
L100000816724,way/110086345-400
L100000816725,way/110086345-400
L100000816726,way/110086345-400
L100000816727,way/49510896-400
L100000816728,way/98890904-400
L100000816729,way/98890904-400
L100000816730,way/235370803-400
L100000816731,way/235370803-400
L100000816732,way/235370803-400
L100000816733,way/27259817-400
L100000816734,way/99722046-400
L100000816735,way/71933077-400
L100000816736,way/235370803-400
L100000816737,way/111558550-400
L100000816738,way/235370803-400
L100000816739,way/99722046-400
L100000816740,way/98890904-400
L100000816741,way/85047359-400
L100000816742,way/99722046-400
L100000816743,way/81641090-400
L100000816744,way/110086345-400
L100000816745,way/27259817-400
L100000816746,way/27259817-400
L100000816747,way/27259817-400
L100000816748,way/27259817-400
L100000816749,way/27259817-400
L100000816750,way/27259817-400
L100000816751,way/27259817-400
L100000816752,way/27259817-400
L100000816753,way/27259817-400
L100000816754,way/99722046-400
L100000816755,way/71933077-400
L100000816756,way/79866837-400
L100000816757,way/99722046-400
L100000816758,way/179260933-400
L100000816759,way/49510896-400
L100000816760,way/49510896-400
L100000816761,way/98890904-400
L100000816762,way/99722046-400
L100000816763,way/111558550-400
L100000816764,way/85995894-400
L100000816765,way/85995894-400
L100000816766,way/235370803-400
L100000816771,way/111558550-400
L100000816772,way/111558550-400
L100000816775,way/71933077-400
L100000816776,way/235370803-400
L100000816777,way/146695955-400
L100000816778,way/49510896-400
L100000816779,way/99722046-400
L100000816781,way/235370803-400
L100000816782,way/98890904-400
L100000816783,way/111558550-400
L100000816784,way/111558550-400
L100000816785,way/111558550-400
L100000816786,way/111558550-400
L100000816787,way/49510896-400
L100000816788,way/235370803-400
L100000816789,way/112342683-400
L100000816790,way/111558550-400
L100000816792,way/99722046-400
L100000816793,way/71933077-400
L100000816794,way/110086345-400
L100000816796,way/110086345-400
L100000816797,way/27259817-400
L100000816798,way/71933077-400
L100000816799,way/85047359-400
L100000816800,way/85047359-400
L100000816801,way/49510896-400
L100000816804,way/79866837-400
L100000816805,way/79866837-400
L100000816806,way/71933077-400
L100000816808,way/27259817-400
L100000816809,way/27259817-400
L100000816810,way/27259817-400
L100000816811,way/27259817-400
L100000816812,way/27259817-400
L100000816813,way/99722046-400
L100000816814,way/82825438-400
L100000816815,way/49510896-400
L100000816816,way/99722046-400
L100000816817,way/99722046-400
L100000816818,way/110086345-400
L100000816820,way/27259817-400
L100000816821,way/27259817-400
L100000816822,way/99722046-400
L100000816823,way/79866837-400
L100000816824,way/110086345-400
L100000816825,way/99722046-400
L100000816826,way/27259817-400
L100000816827,way/79866837-400
L100000816828,way/147132694-400
L100000816831,way/79866837-400
L100000816832,way/111558550-400
L100000816833,way/111558550-400
L100000816834,way/111558550-400
L100000816835,way/98890904-400
L100000816836,way/36805588-400
L100000816837,way/49510896-400
L100000816838,way/235370803-400
L100000816839,way/49510896-400
L100000816840,way/49510896-400
L100000816841,way/71933077-400
L100000816842,way/27259817-400
L100000816843,way/27259817-400
L100000816844,way/49510896-400
L100000816845,way/110086345-400
L100000816846,way/71933077-400
L100000816847,way/235370803-400
L100000816848,way/71933077-400
L100000816849,way/49510896-400
L100000816850,way/49510896-400
L100000816851,way/49510896-400
L100000816852,way/49510896-400
L100000816853,way/98890904-400
L100000816854,way/98890904-400
L100000816855,way/98890904-400
L100000816856,way/98890904-400
L100000816857,way/159167277-400
L100000816858,way/110086345-400
L100000816859,way/179260933-400
L100000816860,way/49510896-400
L100000816861,way/49510896-400
L100000816862,way/24020601-400
L100000816863,way/110086345-400
L100000816864,way/110086345-400
L100000816865,way/235370803-400
L100000816866,way/79866837-400
L100000816867,way/27259817-400
L100000816868,way/71933077-400
L100000816869,way/110086345-400
L100000816870,way/71933077-400
L100000816871,way/147132694-400
L100000816872,way/99722046-400
L100000816873,way/110086345-400
L100000816874,way/110086345-400
L100000816875,way/79866837-400
L100000816877,way/111558550-400
L100000816878,way/111558550-400
L100000816879,way/111558550-400
L100000816880,way/81641090-400
L100000816881,way/81641090-400
L100000816883,way/98890904-400
L100000816884,way/111558550-400
L100000816885,way/99722046-400
L100000816886,way/27259817-400
L100000816887,way/90842395-400
L100000816888,way/235370803-400
L100000816889,way/118086309-400
L100000816890,way/98890904-400
L100000816891,way/98890904-400
L100000816892,way/98890904-400
L100000816893,way/98890904-400
L100000816894,way/98890904-400
L100000816895,way/235370803-400
L100000816896,way/27259817-400
L100000816897,way/235370803-400
L100000816898,way/24020601-400
L100000816899,way/112342683-400
L100000816900,way/90842395-400
L100000816901,way/90842395-400
L100000816902,way/118086309-400
L100000816903,way/85605950-400
L100000816904,way/85605950-400
L100000816905,way/85605950-400
L100000816907,way/110086345-400
L100000816908,way/110086345-400
L100000816909,way/110086345-400
L100000816910,way/49510896-400
L100000816911,way/49510896-400
L100000816912,way/111558550-400
L100000816913,way/49510896-400
L100000816915,way/49510896-400
L100000816916,way/110086345-400
L100000816917,way/99722046-400
L100000816922,way/98890904-400
L100000816923,way/98890904-400
L100000816924,way/110086345-400
L100000816925,way/111558550-400
L100000816926,way/71933077-400
L100000816927,way/71933077-400
L100000816928,way/235370803-400
L100000816929,way/110086345-400
L100000816930,way/85710783-400
L100000816931,way/110086345-400
L100000816932,way/99722046-400
L100000816933,way/49510896-400
L100000816934,way/49510896-400
L100000816936,way/98890904-400
L100000816937,way/98890904-400
L100000816938,way/98890904-400
L100000816939,way/85203486-400
L100000816940,way/79866837-400
L100000816941,way/98890904-400
L100000816942,way/98890904-400
L100000816943,way/235370803-400
L100000816944,way/99722046-400
L100000816945,way/99722046-400
L100000816946,way/110086345-400
L100000816947,way/111558550-400
L100000816948,way/111558550-400
L100000816949,way/82825438-400
L100000816951,way/24020601-400
L100000816952,way/24020601-400
L100000816953,way/235370803-400
L100000816954,way/49510896-400
L100000816955,way/99722046-400
L100000816957,way/111558550-400
L100000816958,way/99722046-400
L100000816959,way/24020601-400
L100000816960,way/110086345-400
L100000816961,way/110086345-400
L100000816962,way/98890904-400
L100000816963,way/98890904-400
L100000816964,way/98890904-400
L100000816965,way/98890904-400
L100000816966,way/98890904-400
L100000816967,way/98890904-400
L100000816968,way/98890904-400
L100000816969,way/98890904-400
L100000816970,way/98890904-400
L100000816971,way/98890904-400
L100000816972,way/235370803-400
L100000816973,way/98890904-400
L100000816974,way/235370803-400
L100000816975,way/81641090-400
L100000816976,way/24020601-400
L100000816977,way/27259817-400
L100000816978,way/98890904-400
L100000816979,way/111558550-400
L100000816980,way/71933077-400
L100000816981,way/71933077-400
L100000816982,way/79866837-400
L100000816983,way/235370803-400
L100000816984,way/179260933-400
L100000816985,way/179260933-400
L100000816986,way/110086345-400
L100000816987,way/110086345-400
L100000816988,way/99722046-400
L100000816989,way/90842395-400
L100000816990,way/110086345-400
L100000816991,way/110086345-400
L100000816992,way/49510896-400
L100000816993,way/49510896-400
L100000816994,way/110086345-400
L100000816995,way/146695955-400
L100000816996,way/146695955-400
L100000816997,way/110086345-400
L100000816998,way/146695955-400
L100000816999,way/146695955-400
L100000817000,way/235370803-400
L100000817001,way/98890904-400
L100000817002,way/49510896-400
L100000817003,way/98890904-400
L100000817004,way/49510896-400
L100000817005,way/82825438-400
L100000817007,way/98890904-400
L100000817008,way/111558550-400
L100000817009,way/27259817-400
L100000817010,way/27259817-400
L100000817011,way/27259817-400
L100000817012,way/27259817-400
L100000817013,way/24020601-400
L100000817014,way/49510896-400
L100000817015,way/111558550-400
L100000817016,way/235370803-400
L100000817017,way/98890904-400
L100000817018,way/79866837-400
L100000817019,way/24020601-400
L100000817020,way/111558550-400
L100000817021,way/111558550-400
L100000817022,way/27259817-400
L100000817023,way/159167277-400
L100000817024,way/110086345-400
L100000817025,way/81641090-400
L100000817026,way/27259817-400
L100000817027,way/110086345-400
L100000817028,way/159167277-400
L100000817030,way/27259817-400
L100000817031,way/79866837-400
L100000817032,way/24020601-400
L100000817033,way/98890904-400
L100000817034,way/49510896-400
L100000817037,way/49510896-400
L100000817038,way/110086345-400
L100000817039,way/24020601-400
L100000817040,way/27259817-400
L100000817041,way/27259817-400
L100000817042,way/85710783-400
L100000817043,way/49510896-400
L100000817044,way/49510896-400
L100000817045,way/235370803-400
L100000817046,way/85047359-400
L100000817047,way/27259817-400
L100000817048,way/112342683-400
L100000817049,way/24020601-400
L100000817051,way/98890904-400
L100000817052,way/111558550-400
L100000817053,way/111558550-400
L100000817054,way/111558550-400
L100000817055,way/111558550-400
L100000817056,way/111558550-400
L100000817057,way/111558550-400
L100000817058,way/111558550-400
L100000817059,way/111558550-400
L100000817060,way/71933077-400
L100000817061,way/110086345-400
L100000817062,way/99722046-400
L100000817063,way/82599261-400
L100000817065,way/90842395-400
L100000817066,way/98890904-400
L100000817067,way/98890904-400
L100000817068,way/49510896-400
L100000817069,way/111558550-400
L100000817070,way/98890904-400
L100000817071,way/98890904-400
L100000817072,way/118086309-400
L100000817073,way/235370803-400
L100000817074,way/27259817-400
L100000817075,way/110086345-400
L100000817076,way/235370803-400
L100000817077,way/235370803-400
L100000817078,way/111558550-400
L100000817079,way/27259817-400
L100000817080,way/27259817-400
L100000817081,way/49510896-400
L100000817082,way/110086345-400
L100000817083,way/118086309-400
L100000817084,way/24020601-400
L100000817085,way/49510896-400
L100000817086,way/27259817-400
L100000817087,way/110086345-400
L100000817088,way/49510896-400
L100000817089,way/235370803-400
L100000817090,way/110086345-400
L100000817091,way/49510896-400
L100000817092,way/235370803-400
L100000817093,way/24020601-400
L100000817094,way/111558550-400
L100000817095,way/110086345-400
L100000817096,way/110086345-400
L100000817097,way/49510896-400
L100000817098,way/27259817-400
L100000817099,way/49510896-400
L100000817100,way/110086345-400
L100000817101,way/110086345-400
L100000817102,way/146695955-400
L100000817103,way/111558550-400
L100000817104,way/146695955-400
L100000817105,way/235370803-400
L100000817106,way/79866837-400
L100000817107,way/90842395-400
L100000817108,way/235370803-400
L100000817109,way/110086345-400
L100000817110,way/110086345-400
L100000817111,way/111558550-400
L100000817112,way/235370803-400
L100000817113,way/110086345-400
L100000817114,way/49510896-400
L100000817115,way/71933077-400
L100000817116,way/24020601-400
L100000817117,way/98890904-400
L100000817118,way/24020601-400
L100000817119,way/71933077-400
L100000817120,way/71933077-400
L100000817122,way/147132694-400
L100000817123,way/110086345-400
L100000817124,way/110086345-400
L100000817125,way/110086345-400
L100000817126,way/85047359-400
L100000817127,way/85047359-400
L100000817128,way/179260933-400
L100000817129,way/71933077-400
L100000817130,way/235370803-400
L100000817131,way/24020601-400
L100000817132,way/24020601-400
L100000817133,way/24020601-400
L100000817134,way/111558550-400
L100000817135,way/235370803-400
L100000817136,way/110086345-400
L100000817137,way/110086345-400
L100000817138,way/110086345-400
L100000817139,way/112342683-400
L100000817140,way/112342683-400
L100000817141,way/112342683-400
L100000817142,way/24020601-400
L100000817143,way/99722046-400
L100000817144,way/235370803-400
L100000817145,way/98890904-400
L100000817146,way/24020601-400
L100000817147,way/98890904-400
L100000817148,way/112342683-400
L100000817149,way/49510896-400
L100000817150,way/235370803-400
L100000817151,way/111558550-400
L100000817152,way/79866837-400
L100000817153,way/110086345-400
L100000817154,way/235370803-400
L100000817155,way/235370803-400
L100000817156,way/99722046-400
L100000817157,way/99722046-400
L100000817158,way/71933077-400
L100000817159,way/235370803-400
L100000817160,way/235370803-400
L100000817161,way/71933077-400
L100000817162,way/98890904-400
L100000817163,way/99722046-400
L100000817164,way/71933077-400
L100000817165,way/111558550-400
L100000817166,way/110086345-400
L100000817167,way/110086345-400
L100000817168,way/110086345-400
L100000817169,way/110086345-400
L100000817170,way/110086345-400
L100000817171,way/98890904-400
L100000817172,way/98890904-400
L100000817173,way/24020601-400
L100000817174,way/99722046-400
L100000817175,way/146695955-400
L100000817176,way/235370803-400
L100000817177,way/71933077-400
L100000817178,way/49510896-400
L100000817179,way/71933077-400
L100000817180,way/71933077-400
L100000817181,way/98890904-400
L100000817182,way/110086345-400
L100000817183,way/27259817-400
L100000817184,way/24020601-400
L100000817185,way/98890904-400
L100000817186,way/71933077-400
L100000817187,way/71933077-400
L100000817188,way/24020601-400
L100000817189,way/49510896-400
L100000817190,way/49510896-400
L100000817191,way/98890904-400
L100000817192,way/110086345-400
L100000817194,way/110086345-400
L100000817195,way/99722046-400
L100000817196,way/24020601-400
L100000817197,way/98890904-400
L100000817198,way/235370803-400
L100000817199,way/235370803-400
L100000817200,way/235370803-400
L100000817201,way/110086345-400
L100000817202,way/24020601-400
L100000817203,way/24020601-400
L100000817204,way/71933077-400
L100000817205,way/235370803-400
L100000817206,way/235370803-400
L100000817207,way/235370803-400
L100000817208,way/235370803-400
L100000817209,way/90842395-400
L100000817210,way/235370803-400
L100000817211,way/24020601-400
L100000817212,way/79866837-400
L100000817213,way/98890904-400
L100000817214,way/235370803-400
L100000817215,way/49510896-400
L100000817216,way/110086345-400
L100000817217,way/49510896-400
L100000817218,way/82825438-400
L100000817219,way/82825438-400
L100000817220,way/82825438-400
L100000817221,way/82825438-400
L100000817222,way/82825438-400
L100000817223,way/71933077-400
L100000817224,way/235370803-400
L100000817225,way/235370803-400
L100000817226,way/235370803-400
L100000817227,way/49510896-400
L100000817228,way/49510896-400
L100000817230,way/98890904-400
L100000817231,way/235370803-400
L100000817232,way/81641090-400
L100000817233,way/98890904-400
L100000817234,way/49510896-400
L100000817235,way/81641090-400
L100000817237,way/85995894-400
L100000817238,way/99722046-400
L100000817239,way/235370803-400
L100000817240,way/110086345-400
L100000817241,way/110086345-400
L100000817242,way/110086345-400
L100000817243,way/110086345-400
L100000817244,way/27259817-400
L100000817245,way/99722046-400
L100000817247,way/118086309-400
L100000817248,way/110086345-400
L100000817249,way/71933077-400
L100000817250,way/90842395-400
L100000817251,way/71933077-400
L100000817255,way/79866837-400
L100000817256,way/82599261-400
L100000817257,way/24020601-400
L100000817258,way/235370803-400
L100000817259,way/99722046-400
L100000817260,way/24020601-400
L100000817261,way/110086345-400
L100000817262,way/111558550-400
L100000817263,way/110086345-400
L100000817264,way/110086345-400
L100000817265,way/98890904-400
L100000817266,way/111558550-400
L100000817267,way/49510896-400
L100000817268,way/110086345-400
L100000817269,way/110086345-400
L100000817270,way/110086345-400
L100000817271,way/98890904-400
L100000817272,way/27259817-400
L100000817273,way/27259817-400
L100000817274,way/27259817-400
L100000817275,way/90842395-400
L100000817276,way/110086345-400
L100000817277,way/85710783-400
L100000817278,way/49510896-400
L100000817279,way/27259817-400
L100000817280,way/27259817-400
L100000817281,way/99722046-400
L100000817282,way/71933077-400
L100000817283,way/49510896-400
L100000817284,way/235370803-400
L100000817285,way/27259817-400
L100000817286,way/27259817-400
L100000817287,way/111558550-400
L100000817288,way/179260933-400
L100000817289,way/110086345-400
L100000817290,way/71933077-400
L100000817291,way/27259817-400
L100000817292,way/27259817-400
L100000817293,way/90842395-400
L100000817294,way/27259817-400
L100000817295,way/27259817-400
L100000817296,way/49510896-400
L100000817297,way/90842395-400
L100000817298,way/27259817-400
L100000817299,way/110086345-400
L100000817300,way/110086345-400
L100000817301,way/235370803-400
L100000817302,way/90842395-400
L100000817304,way/71933077-400
L100000817305,way/27259817-400
L100000817306,way/27259817-400
L100000817307,way/111558550-400
L100000817308,way/49510896-400
L100000817309,way/99722046-400
L100000817310,way/85995894-400
L100000817311,way/112342683-400
L100000817312,way/27259817-400
L100000817314,way/99722046-400
L100000817315,way/82599261-400
L100000817316,way/98890904-400
L100000817317,way/235370803-400
L100000817318,way/110086345-400
L100000817319,way/110086345-400
L100000817320,way/99722046-400
L100000817321,way/49510896-400
L100000817322,way/159167277-400
L100000817323,way/79866837-400
L100000817324,way/118086309-400
L100000817325,way/82599261-400
L100000817326,way/235370803-400
L100000817327,way/81641090-400
L100000817328,way/98890904-400
L100000817329,way/118086309-400
L100000817330,way/49510896-400
L100000817331,way/85047359-400
L100000817332,way/85047359-400
L100000817333,way/99722046-400
L100000817334,way/147132694-400
L100000817335,way/110086345-400
L100000817336,way/99722046-400
L100000817337,way/110086345-400
L100000817338,way/110086345-400
L100000817339,way/110086345-400
L100000817340,way/98890904-400
L100000817343,way/235370803-400
L100000817344,way/235370803-400
L100000817345,way/112342683-400
L100000817346,way/99722046-400
L100000817347,way/235370803-400
L100000817348,way/99722046-400
L100000817349,way/99722046-400
L100000817350,way/112342683-400
L100000817351,way/99722046-400
L100000817352,way/27259817-400
L100000817353,way/85047359-400
L100000817354,way/98890904-400
L100000817355,way/49510896-400
L100000817356,way/98890904-400
L100000817357,way/110086345-400
L100000817358,way/90842395-400
L100000817360,way/235370803-400
L100000817361,way/98890904-400
L100000817362,way/98890904-400
L100000817363,way/235370803-400
L100000817364,way/90842395-400
L100000817365,way/99722046-400
L100000817366,way/235370803-400
L100000817367,way/99722046-400
L100000817368,way/85995894-400
L100000817369,way/110086345-400
L100000817370,way/49510896-400
L100000817371,way/49510896-400
L100000817372,way/49510896-400
L100000817373,way/27259817-400
L100000817374,way/110086345-400
L100000817375,way/98890904-400
L100000817376,way/110086345-400
L100000817377,way/110086345-400
L100000817378,way/49510896-400
L100000817379,way/118086309-400
L100000817380,way/118086309-400
L100000817381,way/27259817-400
L100000817382,way/27259817-400
L100000817383,way/24020601-400
L100000817384,way/27259817-400
L100000817385,way/85047359-400
L100000817386,way/235370803-400
L100000817387,way/112342683-400
L100000817388,way/110086345-400
L100000817389,way/81641090-400
L100000817390,way/179260933-400
L100000817391,way/159167277-400
L100000817392,way/82825438-400
L100000817393,way/85047359-400
L100000817394,way/82599261-400
L100000817395,way/118086309-400
L100000817396,way/24020601-400
L100000817397,way/110086345-400
L100000817398,way/81641090-400
L100000817399,way/71933077-400
L100000817400,way/99722046-400
L100000817401,way/235370803-400
L100000817404,way/98890904-400
L100000817405,way/49510896-400
L100000817406,way/99722046-400
L100000817407,way/49510896-400
L100000817408,way/85605950-400
L100000817409,way/99722046-400
L100000817410,way/24020601-400
L100000817411,way/110086345-400
L100000817412,way/110086345-400
L100000817413,way/85710783-400
L100000817414,way/110086345-400
L100000817415,way/110086345-400
L100000817416,way/235370803-400
L100000817418,way/27259817-400
L100000817419,way/71933077-400
L100000817420,way/71933077-400
L100000817421,way/71933077-400
L100000817422,way/235370803-400
L100000817424,way/110086345-400
L100000817425,way/110086345-400
L100000817426,way/90842395-400
L100000817429,way/99722046-400
L100000817430,way/98890904-400
L100000817431,way/110086345-400
L100000817432,way/110086345-400
L100000817433,way/110086345-400
L100000817434,way/110086345-400
L100000817435,way/82599261-400
L100000817436,way/71933077-400
L100000817437,way/71933077-400
L100000817438,way/71933077-400
L100000817439,way/71933077-400
L100000817440,way/71933077-400
L100000817441,way/99722046-400
L100000817442,way/110086345-400
L100000817444,way/79866837-400
L100000817445,way/99722046-400
L100000817446,way/98890904-400
L100000817447,way/98890904-400
L100000817448,way/98890904-400
L100000817449,way/24020601-400
L100000817450,way/79866837-400
L100000817451,way/79866837-400
L100000817452,way/79866837-400
L100000817453,way/79866837-400
L100000817454,way/111558550-400
L100000817455,way/90842395-400
L100000817456,way/98890904-400
L100000817457,way/49510896-400
L100000817458,way/49510896-400
L100000817459,way/85047359-400
L100000817460,way/110086345-400
L100000817461,way/99722046-400
L100000817462,way/27259817-400
L100000817463,way/27259817-400
L100000817464,way/147132694-400
L100000817465,way/98890904-400
L100000817466,way/99722046-400
L100000817467,way/235370803-400
L100000817468,way/235370803-400
L100000817469,way/85047359-400
L100000817471,way/85605950-400
L100000817472,way/118086309-400
L100000817473,way/118086309-400
L100000817474,way/85605950-400
L100000817475,way/79866837-400
L100000817476,way/118086309-400
L100000817477,way/111558550-400
L100000817478,way/111558550-400
L100000817479,way/111558550-400
L100000817480,way/111558550-400
L100000817484,way/235370803-400
L100000817485,way/71933077-400
L100000907710,way/81641090-400
L100000907713,way/98890904-400
L100000907718,way/112342683-400
L100000907722,way/85710783-400
L100000907727,way/36805588-400
L100000907731,way/85605950-400
L100000907732,way/146695955-400
L100000907736,way/81641090-400
L100000907741,way/79866837-400
L100000907744,way/79866837-400
L100000907747,way/85710783-400
L100000907748,way/79866837-400
L100000907749,way/81641090-400
L100000907750,way/146695955-400
L100000907761,way/79866837-400
L100000907762,way/27259817-400
L100000907765,way/85710783-400
L100000907769,way/85605950-400
L100000907774,way/82825438-400
L100000907777,way/36805588-400
L100000907778,way/79866837-400
L100000907780,way/146695955-400
L100000907781,way/79866837-400
L100000907785,way/82599261-400
L100000907788,way/85710783-400
L100000907790,way/82599261-400
L100000907794,way/85995894-400
L100000907795,way/81641090-400
L100000907797,way/99722046-400
L100000907823,way/85710783-400
L100000907830,way/81641090-400
L100000907835,way/85710783-400
L100000907838,way/81641090-400
L100000907842,way/36805588-400
L100000907845,way/36805588-400
L100000907847,way/99722046-400
L100000907848,way/27259817-400
L100000907852,way/36805588-400
L100000907853,way/110086345-400
L100000907870,way/27259817-400
L100000907872,way/36805588-400
L100000907883,way/146695955-400
L100000907892,way/79866837-400
L100000907893,way/85710783-400
L100000907919,way/99722046-400
L100000907924,way/79866837-400
L100000907934,way/146695955-400
L100000907954,way/79866837-400
L100000907955,way/98890904-400
L100000907956,way/36805588-400
L100000907957,way/99722046-400
L100000907958,way/81641090-400
L100000907959,way/85995894-400
L100000907964,way/81641090-400
L100000907965,way/81641090-400
L100000907969,way/36805588-400
L100000907971,way/112342683-400
L100000907973,way/79866837-400
L100000907974,way/85203486-400
L100000907975,way/99722046-400
L100000907976,way/79866837-400
L100000907977,way/99722046-400
L100000907980,way/36805588-400
L100000907984,way/99722046-400
L100000907985,way/79866837-400
L100000907986,way/99722046-400
L100000907987,way/146695955-400
L100000907988,way/79866837-400
L100000907989,way/81641090-400
L100000907990,way/85203486-400
L100000907991,way/36805588-400
L100000907992,way/82599261-400
L100000907993,way/99722046-400
L100000907995,way/82599261-400
L100000907996,way/85047359-400
L100000908003,way/79866837-400
L100000908004,way/36805588-400
L100000908019,way/85995894-400
L100000908025,way/82599261-400
L100000908027,way/36805588-400
L100000908035,way/82599261-400
L100000908037,way/82825438-400
L100000908038,way/85995894-400
L100000908040,way/82825438-400
L100000908041,way/81641090-400
L100000908043,way/82599261-400
L100000908056,way/79866837-400
L100000908058,way/99722046-400
L100000908067,way/235370803-400
L100000908068,way/85047359-400
L100000908077,way/36805588-400
L100000908078,way/85710783-400
L100000908085,way/99722046-400
L100000908086,way/85995894-400
L100000908088,way/36805588-400
L100000908091,way/82599261-400
L100000908095,way/85710783-400
L100000908096,way/85995894-400
L100000908098,way/79866837-400
L100000908099,way/82599261-400
L100000908101,way/146695955-400
L100000908102,way/146695955-400
L100000908125,way/71933077-400
L100000908127,way/82825438-400
L100000908130,way/85710783-400
L100000908131,way/85710783-400
L100000908132,way/146695955-400
L100000908133,way/99722046-400
L100000908134,way/99722046-400
L100000908135,way/85995894-400
L100000908136,way/82599261-400
L100000908161,way/82825438-400
L100000908164,way/81641090-400
L100000908170,way/82825438-400
L100000908183,way/99722046-400
L100000908184,way/82825438-400
L100000908185,way/85710783-400
L100000908190,way/99722046-400
L100000908201,way/99722046-400
L100000908213,way/146695955-400
L100000908216,way/85995894-400
L100000908222,way/82599261-400
L100000908223,way/36805588-400
L100000908226,way/36805588-400
L100000908234,way/81641090-400
L100000908246,way/118086309-400
L100000908264,way/112342683-400
L100000908265,way/112342683-400
L100000908266,way/98890904-400
L100000908284,way/27259817-400
L100000908297,way/99722046-400
L100000908298,way/82599261-400
L100000908300,way/82599261-400
L100000908301,way/99722046-400
L100000908302,way/99722046-400
L100000908303,way/99722046-400
L100000908304,way/99722046-400
L100000908305,way/82825438-400
L100000908306,way/112342683-400
L100000908307,way/99722046-400
L100000908309,way/82825438-400
L100000908310,way/85710783-400
L100000908315,way/36805588-400
L100000908318,way/85203486-400
L100000908321,way/82825438-400
L100000908327,way/98890904-400
L100000908328,way/98890904-400
L100000908330,way/146695955-400
L100000908331,way/82825438-400
L100000908332,way/146695955-400
L100000908336,way/79866837-400
L100000908337,way/82825438-400
L100000908341,way/82825438-400
L100000908343,way/112342683-400
L100000908344,way/98890904-400
L100000908345,way/36805588-400
L100000908346,way/110086345-400
L100000908347,way/110086345-400
L100000908364,way/99722046-400
L100000908365,way/99722046-400
L100000908371,way/179260933-400
L100000908372,way/179260933-400
L100000908381,way/82825438-400
L100000908383,way/82825438-400
L100000908406,way/82825438-400
L100000908408,way/36805588-400
L100000908415,way/99722046-400
L100000908416,way/99722046-400
L100000908425,way/82599261-400
L100000908427,way/98890904-400
L100000908457,way/36805588-400
L100000908464,way/79866837-400
L100000908466,way/99722046-400
L100000908471,way/81641090-400
L100000908474,way/36805588-400
L100000908475,way/85605950-400
L100000908496,way/112342683-400
L100000908499,way/146695955-400
L100000908513,way/85995894-400
L100000908514,way/36805588-400
L100000908515,way/36805588-400
L100000908541,way/82599261-400
L100000908560,way/99722046-400
L100000908573,way/85203486-400
L100000908577,way/85995894-400
L100000908579,way/71933077-400
L100000908580,way/81641090-400
L100000908584,way/99722046-400
L100000908586,way/85995894-400
L100000908587,way/110086345-400
L100000908588,way/99722046-400
L100000908591,way/79866837-400
L100000908592,way/79866837-400
L100000908595,way/36805588-400
L100000908596,way/85047359-400
L100000908597,way/98890904-400
L100000908598,way/98890904-400
L100000908599,way/85995894-400
L100000908601,way/36805588-400
L100000908603,way/99722046-400
L100000908604,way/85995894-400
L100000908605,way/82825438-400
L100000908607,way/98890904-400
L100000908609,way/98890904-400
L100000908611,way/85995894-400
L100000908612,way/82825438-400
L100000908613,way/112342683-400
L100000908614,way/85203486-400
L100000908617,way/82825438-400
L100000908619,way/85710783-400
L100000908622,way/79866837-400
L100000908623,way/110086345-400
L100000908624,way/99722046-400
L100000908626,way/85995894-400
L100000908627,way/36805588-400
L100000908628,way/79866837-400
L100000908629,way/98890904-400
L100000908630,way/98890904-400
L100000908633,way/79866837-400
L100000908635,way/81641090-400
L100000908637,way/82825438-400
L100000908640,way/36805588-400
L100000908641,way/98890904-400
L100000908642,way/85995894-400
L100000908643,way/98890904-400
L100000908644,way/36805588-400
L100000908645,way/98890904-400
L100000908648,way/82825438-400
L100000908649,way/36805588-400
L100000908650,way/85047359-400
L100000908651,way/24020601-400
L100000908652,way/85605950-400
L100000908658,way/36805588-400
L100000908665,way/24020601-400
L100000908667,way/36805588-400
L100000908668,way/79866837-400
L100000908669,way/99722046-400
L100000908672,way/110086345-400
L100000908680,way/98890904-400
L100000908686,way/24020601-400
L100000908687,way/85995894-400
L100000908688,way/82825438-400
L100000908689,way/99722046-400
L100000908690,way/36805588-400
L100000908691,way/36805588-400
L100000908692,way/82825438-400
L100000908693,way/85710783-400
L100000908694,way/85710783-400
L100000908696,way/36805588-400
L100000908697,way/98890904-400
L100000908698,way/98890904-400
L100000908699,way/99722046-400
L100000908703,way/99722046-400
L100000908721,way/36805588-400
L100000908726,way/79866837-400
L100000908728,way/85710783-400
L100000908730,way/36805588-400
L100000908732,way/179260933-400
L100000908733,way/85047359-400
L100000908734,way/85047359-400
L100000908736,way/98890904-400
L100000908738,way/71933077-400
L100000908739,way/81641090-400
L100000908741,way/81641090-400
L100000908744,way/81641090-400
L100000908745,way/82825438-400
L100000908747,way/79866837-400
L100000908748,way/85995894-400
L100000908749,way/112342683-400
L100000908750,way/71933077-400
L100000908751,way/85995894-400
L100000908753,way/85710783-400
L100000908754,way/82825438-400
L100000908760,way/99722046-400
L100000908762,way/82825438-400
L100000908766,way/81641090-400
L100000908767,way/82825438-400
L100000908773,way/71933077-400
L100000908774,way/71933077-400
L100000908775,way/85203486-400
L100000908777,way/36805588-400
L100000908778,way/79866837-400
L100000908782,way/79866837-400
L100000908785,way/36805588-400
L100000908786,way/79866837-400
L100000908787,way/85710783-400
L100000908790,way/36805588-400
L100000908791,way/99722046-400
L100000908800,way/85710783-400
L100000908801,way/36805588-400
L100000908807,way/82599261-400
L100000908808,way/36805588-400
L100000908809,way/82599261-400
L100000908810,way/99722046-400
L100000908811,way/82599261-400
L100000908812,way/82599261-400
L100000908813,way/112342683-400
L100000908814,way/85047359-400
L100000908815,way/85047359-400
L100000908816,way/85710783-400
L100000908822,way/235370803-400
L100000908823,way/85995894-400
L100000908824,way/110086345-400
L100000908826,way/85203486-400
L100000908827,way/49510896-400
L100000908828,way/36805588-400
L100000908829,way/146695955-400
L100000908831,way/49510896-400
L100000908832,way/98890904-400
L100000908833,way/85710783-400
L100000908834,way/82825438-400
L100000908836,way/79866837-400
L100000908838,way/36805588-400
L100000908841,way/85047359-400
L100000908844,way/81641090-400
L100000908848,way/82825438-400
L100000908868,way/99722046-400
L100000908869,way/146695955-400
L100000908870,way/82599261-400
L100000908871,way/85203486-400
L100000908875,way/82599261-400
L100000908888,way/82599261-400
L100000908889,way/79866837-400
L100000908891,way/79866837-400
L100000908892,way/85710783-400
L100000908916,way/85605950-400
L100000908918,way/98890904-400
L100000908919,way/146695955-400
L100000908920,way/79866837-400
L100000908921,way/82599261-400
L100000908939,way/82825438-400
L100000908940,way/82825438-400
L100000908941,way/79866837-400
L100000908942,way/82599261-400
L100000908970,way/99722046-400
L100000908988,way/146695955-400
L100000909014,way/81641090-400
L100000909015,way/98890904-400
L100000909016,way/99722046-400
L100000909017,way/146695955-400
L100000909018,way/179260933-400
L100000909019,way/99722046-400
L100000909020,way/99722046-400
L100000909021,way/85995894-400
L100000909022,way/146695955-400
L100000909024,way/112342683-400
L100000909027,way/79866837-400
L100000909029,way/99722046-400
L100000909030,way/81641090-400
L100000909038,way/81641090-400
L100000909039,way/118086309-400
L100000909040,way/82825438-400
L100000909041,way/85047359-400
L100000909042,way/85995894-400
L100000909045,way/82599261-400
L100000909046,way/110086345-400
L100000909047,way/71933077-400
L100000909048,way/79866837-400
L100000909049,way/82825438-400
L100000909051,way/99722046-400
L100000909052,way/71933077-400
L100000909053,way/79866837-400
L100000909054,way/79866837-400
L100000909055,way/82599261-400
L100000909072,way/81641090-400
L100000909080,way/85710783-400
L100000909082,way/110086345-400
L100000909083,way/82825438-400
L100000909103,way/36805588-400
L100000909104,way/99722046-400
L100000909105,way/36805588-400
L100000909106,way/179260933-400
L100000909108,way/71933077-400
L100000909111,way/36805588-400
L100000909112,way/36805588-400
L100000909113,way/85995894-400
L100000909114,way/82599261-400
L100000909124,way/36805588-400
L100000909129,way/81641090-400
L100000909130,way/99722046-400
L100000909131,way/85047359-400
L100000909144,way/36805588-400
L100000909145,way/82599261-400
L100000909153,way/99722046-400
L100000909159,way/112342683-400
L100000909162,way/146695955-400
L100000909164,way/36805588-400
L100000909165,way/36805588-400
L100000909166,way/36805588-400
L100000909170,way/79866837-400
L100000909171,way/85995894-400
L100000909174,way/82825438-400
L100000909175,way/85605950-400
L100000909176,way/85605950-400
L100000909177,way/85710783-400
L100000909178,way/79866837-400
L100000909179,way/179260933-400
L100000909180,way/71933077-400
L100000909181,way/85995894-400
L100000909182,way/99722046-400
L100000909183,way/146695955-400
L100000909184,way/98890904-400
L100000909187,way/82599261-400
L100000909191,way/36805588-400
L100000909196,way/36805588-400
L100000909197,way/82599261-400
L100000909198,way/82599261-400
L100000909200,way/79866837-400
L100000909203,way/71933077-400
L100000909204,way/36805588-400
L100000909205,way/79866837-400
L100000909206,way/82825438-400
L100000909209,way/82825438-400
L100000909213,way/85203486-400
L100000909214,way/79866837-400
L100000909215,way/85995894-400
L100000909217,way/82825438-400
L100000909220,way/36805588-400
L100000909223,way/36805588-400
L100000909226,way/85710783-400
L100000909229,way/79866837-400
L100000909230,way/146695955-400
L100000909231,way/79866837-400
L100000909233,way/79866837-400
L100000909234,way/99722046-400
L100000909235,way/99722046-400
L100000909236,way/146695955-400
L100000909241,way/98890904-400
L100000909251,way/98890904-400
L100000909286,way/99722046-400
L100000909289,way/99722046-400
L100000909298,way/85995894-400
L100000909301,way/98890904-400
L100000909302,way/79866837-400
L100000909308,way/99722046-400
L100000909310,way/82599261-400
L100000909311,way/99722046-400
L100000909312,way/79866837-400
L100000909313,way/81641090-400
L100000909318,way/36805588-400
L100000909322,way/82599261-400
L100000909324,way/82825438-400
L100000909327,way/81641090-400
L100000909363,way/85710783-400
L100000909378,way/112342683-400
L100000909379,way/36805588-400
L100000909380,way/36805588-400
L100000909381,way/79866837-400
L100000909382,way/82599261-400
L100000909383,way/36805588-400
L100000909384,way/82599261-400
L100000909385,way/82599261-400
L100000909387,way/82599261-400
L100000909388,way/99722046-400
L100000909392,way/36805588-400
L100000909393,way/36805588-400
L100000909394,way/85710783-400
L100000909399,way/82599261-400
L100000909400,way/112342683-400
L100000909404,way/82599261-400
L100000909406,way/85710783-400
L100000909407,way/36805588-400
L100000909409,way/79866837-400
L100000909410,way/82825438-400
L100000909412,way/79866837-400
L100000909413,way/36805588-400
L100000909415,way/112342683-400
L100000909418,way/99722046-400
L100000909421,way/118086309-400
L100000909424,way/85710783-400
L100000909425,way/81641090-400
L100000909428,way/85710783-400
L100000909429,way/36805588-400
L100000909431,way/79866837-400
L100000909434,way/82825438-400
L100000909435,way/79866837-400
L100000909436,way/85710783-400
L100000909439,way/99722046-400
L100000909440,way/235370803-400
L100000909441,way/85203486-400
L100000909443,way/82825438-400
L100000909446,way/85710783-400
L100000909447,way/99722046-400
L100000909452,way/99722046-400
L100000909455,way/36805588-400
L100000909461,way/82825438-400
L100000909464,way/81641090-400
L100000909491,way/82825438-400
L100000909666,way/99722046-400
L100000909667,way/82825438-400
L100000909669,way/82825438-400
L100000909673,way/36805588-400
L100000909675,way/82599261-400
L100000909678,way/82825438-400
L100000909679,way/82599261-400
L100000909681,way/85710783-400
L100000909686,way/85203486-400
L100000909696,way/99722046-400
L100000909703,way/79866837-400
L100000909718,way/82825438-400
L100000909721,way/79866837-400
L100000909725,way/85710783-400
L100000909727,way/98890904-400
L100000909729,way/85995894-400
L100000909732,way/82599261-400
L100000909741,way/85605950-400
L100000909743,way/85605950-400
L100000909746,way/81641090-400
L100000909752,way/98890904-400
L100000909753,way/24020601-400
L100000909754,way/85995894-400
L100000909755,way/98890904-400
L100000909757,way/85710783-400
L100000909762,way/82825438-400
L100000909770,way/146695955-400
L100000909772,way/98890904-400
L100000909776,way/85047359-400
L100000909777,way/36805588-400
L100000909782,way/79866837-400
L100000909783,way/159167277-400
L100000909795,way/110086345-400
L100000909828,way/82599261-400
L100000909830,way/98890904-400
L100000909847,way/82599261-400
L100000909918,way/82599261-400
L100000909919,way/79866837-400
L100000909921,way/71933077-400
L100000909929,way/99722046-400
L100000909930,way/82599261-400
L100000909937,way/71933077-400
L100000909940,way/99722046-400
L100000910001,way/71933077-400
L100000910004,way/235370803-400
L100000910037,way/24020601-400
L100000910075,way/146695955-400
L100000910076,way/79866837-400
L100000910077,way/82825438-400
L100000910078,way/36805588-400
L100000910079,way/36805588-400
L100000910080,way/85710783-400
L100000910081,way/98890904-400
L100000910082,way/85203486-400
L100000910083,way/36805588-400
L100000910084,way/36805588-400
L100000910085,way/98890904-400
L100000910086,way/82825438-400
L100000910094,way/146695955-400
L100000910096,way/79866837-400
L100000910098,way/82825438-400
L100000910109,way/235370803-400
L100000910111,way/99722046-400
L100000910112,way/81641090-400
L100000910122,way/82599261-400
L100000910126,way/71933077-400
L100000910129,way/36805588-400
L100000910135,way/82825438-400
L100000910137,way/36805588-400
L100000910171,way/79866837-400
L100000910175,way/99722046-400
L100000910188,way/235370803-400
L100000910194,way/71933077-400
L100000910195,way/71933077-400
L100000910197,way/82599261-400
L100000910208,way/79866837-400
L100000910211,way/159167277-400
L100000910253,way/82825438-400
L100000910255,way/85605950-400
L100000910288,way/82825438-400
L100000910289,way/85995894-400
L100000910297,way/36805588-400
L100000910315,way/71933077-400
L100000910339,way/79866837-400
L100000910366,way/235370803-400
L100000910376,way/36805588-400
L100000910377,way/85710783-400
L100000910386,way/36805588-400
L100000910391,way/85710783-400
L100000910405,way/82825438-400
L100000910406,way/118086309-400
L100000910417,way/85710783-400
L100000910435,way/98890904-400
L100000910446,way/81641090-400
L100000910447,way/179260933-400
L100000910448,way/82599261-400
L100000910452,way/81641090-400
L100000910462,way/99722046-400
L100000910471,way/98890904-400
L100000910476,way/99722046-400
L100000910478,way/82825438-400
L100000910484,way/24020601-400
L100000910502,way/82825438-400
L100000910505,way/82825438-400
L100000910506,way/82825438-400
L100000910507,way/71933077-400
L100000910511,way/81641090-400
L100000910517,way/85995894-400
L100000910530,way/81641090-400
L100000910538,way/85710783-400
L100000910549,way/36805588-400
L100000910552,way/36805588-400
L100000910577,way/82825438-400
L100000910598,way/147132694-400
L100000910599,way/235370803-400
L100000910600,way/146695955-400
L100000910604,way/99722046-400
L100000910609,way/85995894-400
L100000910616,way/81641090-400
L100000910619,way/82599261-400
L100000910626,way/146695955-400
L100000910628,way/36805588-400
L100000910639,way/99722046-400
L100000910653,way/82825438-400
L100000910656,way/82825438-400
L100000910677,way/36805588-400
L100000910692,way/98890904-400
L100000910693,way/110086345-400
L100000910694,way/36805588-400
L100000910696,way/85995894-400
L100000910700,way/98890904-400
L100000910704,way/85605950-400
L100000910717,way/82825438-400
L100000910720,way/146695955-400
L100000910731,way/179260933-400
L100000910734,way/112342683-400
L100000910736,way/98890904-400
L100000910737,way/36805588-400
L100000910738,way/85605950-400
L100000910743,way/99722046-400
L100000910745,way/82825438-400
L100000910750,way/85605950-400
L100000910759,way/82825438-400
L100000910760,way/82825438-400
L100000910767,way/79866837-400
L100000910798,way/79866837-400
L100000910802,way/82599261-400
L100000910873,way/71933077-400
L100000910884,way/98890904-400
L100000910888,way/99722046-400
L100000910917,way/82599261-400
L100000910936,way/85605950-400
L100000910942,way/36805588-400
L100000910943,way/36805588-400
L100000910946,way/79866837-400
L100000910954,way/98890904-400
L100000910961,way/24020601-400
L100000910962,way/81641090-400
L100000910963,way/82825438-400
L100000910965,way/79866837-400
L100000910966,way/79866837-400
L100000911007,way/36805588-400
L100000911013,way/159167277-400
L100000911014,way/99722046-400
L100000911015,way/85605950-400
L100000911016,way/82599261-400
L100000911018,way/85995894-400
L100000911021,way/79866837-400
L100000911044,way/85605950-400
L100000911046,way/71933077-400
L100000911047,way/82599261-400
L100000911052,way/85203486-400
L100000911092,way/79866837-400
L100000911118,way/112342683-400
L100000911122,way/159167277-400
L100000911130,way/82599261-400
L100000911131,way/71933077-400
L100000911132,way/79866837-400
L100000911137,way/85047359-400
L100000911138,way/235370803-400
L100000911171,way/24020601-400
L100000911189,way/79866837-400
L100000911203,way/98890904-400
L100000911206,way/36805588-400
L100000911208,way/36805588-400
L100000911219,way/71933077-400
L100000911241,way/110086345-400
L100000911242,way/179260933-400
L100000911253,way/82599261-400
L100000911257,way/85203486-400
L100000911266,way/79866837-400
L100000911268,way/99722046-400
L100000911297,way/82599261-400
L100000911310,way/36805588-400
L100000911311,way/98890904-400
L100000911317,way/98890904-400
L100000911318,way/98890904-400
L100000911328,way/36805588-400
L100000911329,way/98890904-400
L100000911335,way/82825438-400
L100000911336,way/82825438-400
L100000911337,way/146695955-400
L100000911340,way/82825438-400
L100000911349,way/82599261-400
L100000911361,way/82825438-400
L100000911408,way/81641090-400
L100000911409,way/99722046-400
L100000911414,way/82599261-400
L100000911415,way/179260933-400
L100000911418,way/36805588-400
L100000911421,way/82599261-400
L100000911429,way/112342683-400
L100000911433,way/146695955-400
L100000911436,way/82825438-400
L100000911442,way/79866837-400
L100000911445,way/99722046-400
L100000911448,way/81641090-400
L100000911450,way/79866837-400
L100000911453,way/85203486-400
L100000911454,way/85605950-400
L100000911463,way/82599261-400
L100000911479,way/98890904-400
L100000911482,way/99722046-400
L100000911492,way/118086309-400
L100000911507,way/146695955-400
L100000911509,way/71933077-400
L100000911511,way/36805588-400
L100000911567,way/81641090-400
L100000911568,way/81641090-400
L100000911569,way/36805588-400
L100000911602,way/82599261-400
L100000911613,way/36805588-400
L100000911614,way/81641090-400
L100000911616,way/81641090-400
L100000911632,way/146695955-400
L100000911633,way/179260933-400
L100000911635,way/146695955-400
L100000911637,way/85995894-400
L100000911640,way/82599261-400
L100000911670,way/99722046-400
L100000911684,way/36805588-400
L100000911686,way/82825438-400
L100000911709,way/159167277-400
L100000911758,way/98890904-400
L100000911759,way/36805588-400
L100000911761,way/82599261-400
L100000911767,way/98890904-400
L100000911769,way/82825438-400
L100000911777,way/36805588-400
L100000911780,way/85203486-400
L100000911781,way/79866837-400
L100000911788,way/36805588-400
L100000911790,way/99722046-400
L100000911797,way/79866837-400
L100000911799,way/71933077-400
L100000911801,way/98890904-400
L100000911839,way/99722046-400
L100000911847,way/85710783-400
L100000911891,way/82599261-400
L100000911900,way/79866837-400
L100000911926,way/82825438-400
L100000911936,way/98890904-400
L100000911975,way/98890904-400
L100000911980,way/79866837-400
L100000911983,way/99722046-400
L100000911988,way/79866837-400
L100000911995,way/82599261-400
L100000911999,way/85605950-400
L100000912001,way/79866837-400
L100000912003,way/36805588-400
L100000912006,way/99722046-400
L100000912008,way/85605950-400
L100000912017,way/98890904-400
L100000912026,way/82825438-400
L100000912030,way/71933077-400
L100000912031,way/98890904-400
L100000912064,way/82825438-400
L100000912077,way/82599261-400
L100000912078,way/79866837-400
L100000912084,way/85710783-400
L100000912093,way/36805588-400
L100000912097,way/36805588-400
L100000912111,way/82599261-400
L100000912120,way/82599261-400
L100000912140,way/82599261-400
L100000912162,way/85047359-400
L100000912173,way/179260933-400
L100000912182,way/79866837-400
L100000912183,way/36805588-400
L100000912186,way/98890904-400
L100000912214,way/98890904-400
L100000912235,way/82825438-400
L100000912239,way/98890904-400
L100000912240,way/82599261-400
L100000912266,way/98890904-400
L100000912278,way/36805588-400
L100000912285,way/85203486-400
L100000912293,way/85605950-400
L100000912311,way/98890904-400
L100000912312,way/36805588-400
L100000912314,way/82825438-400
L100000912329,way/71933077-400
L100000912337,way/82825438-400
L100000912345,way/24020601-400
L100000912354,way/79866837-400
L100000912360,way/99722046-400
L100000912364,way/82599261-400
L100000912368,way/81641090-400
L100000912369,way/81641090-400
L100000912389,way/36805588-400
L100000912403,way/79866837-400
L100000912409,way/82599261-400
L100000912410,way/36805588-400
L100000912434,way/82599261-400
L100000912438,way/82825438-400
L100000912445,way/82599261-400
L100000912452,way/99722046-400
L100000912462,way/85710783-400
L100000912472,way/82599261-400
L100000912474,way/82825438-400
L100000912476,way/99722046-400
L100000912522,way/85605950-400
L100000912539,way/81641090-400
L100000912558,way/85605950-400
L100000912562,way/79866837-400
L100000912588,way/82825438-400
L100000912667,way/27259817-400
L100000912715,way/85605950-400
L100000912724,way/36805588-400
L100000912728,way/98890904-400
L100000912739,way/36805588-400
L100000912743,way/85605950-400
L100000912746,way/85605950-400
L100000912747,way/82599261-400
L100000912768,way/82825438-400
L100000912792,way/146695955-400
L100000912805,way/82825438-400
L100000912812,way/110086345-400
L100000912815,way/82825438-400
L100000912863,way/85605950-400
L100000912864,way/79866837-400
L100000912892,way/71933077-400
L100000912919,way/82825438-400
L100000912940,way/85203486-400
L100000912960,way/110086345-400
L100000912961,way/36805588-400
L100000912965,way/82599261-400
L100000912967,way/159167277-400
L100000912973,way/36805588-400
L100000912976,way/85047359-400
L100000912983,way/82825438-400
L100000912989,way/36805588-400
L100000913011,way/85047359-400
L100000913015,way/82599261-400
L100000913016,way/36805588-400
L100000913026,way/85710783-400
L100000913027,way/82599261-400
L100000913032,way/81641090-400
L100000913044,way/179260933-400
L100000913082,way/82825438-400
L100000913083,way/79866837-400
L100000913091,way/36805588-400
L100000913098,way/99722046-400
L100000913101,way/82825438-400
L100000913102,way/36805588-400
L100000913118,way/82825438-400
L100000913171,way/85605950-400
L100000913172,way/85605950-400
L100000913175,way/99722046-400
L100000913177,way/82825438-400
L100000913188,way/98890904-400
L100000913192,way/85047359-400
L100000913196,way/110086345-400
L100000913230,way/82825438-400
L100000913242,way/98890904-400
L100000913254,way/98890904-400
L100000913295,way/179260933-400
L100000913312,way/159167277-400
L100000913323,way/82825438-400
L100000913398,way/82599261-400
L100000913420,way/36805588-400
L100000913467,way/99722046-400
L100000913476,way/82825438-400
L100000913479,way/82825438-400
L100000913485,way/82599261-400
L100000913522,way/79866837-400
L100000913523,way/99722046-400
L100000913526,way/36805588-400
L100000913544,way/82599261-400
L100000913561,way/85047359-400
L100000913564,way/98890904-400
L100000913568,way/85047359-400
L100000913577,way/36805588-400
L100000913605,way/85605950-400
L100000913615,way/85995894-400
L100000913629,way/99722046-400
L100000913662,way/79866837-400
L100000913677,way/82599261-400
L100000913807,way/82599261-400
L100000913811,way/85710783-400
L100000913834,way/36805588-400
L100000913868,way/99722046-400
L100000913876,way/82825438-400
L100000913893,way/85203486-400
L100000913905,way/82599261-400
L100000913949,way/82825438-400
L100000913950,way/36805588-400
L100000913959,way/159167277-400
L100000913961,way/82825438-400
L100000913968,way/79866837-400
L100000914022,way/85203486-400
L100000914041,way/82599261-400
L100000914042,way/82825438-400
L100000914056,way/179260933-400
L100000914071,way/85605950-400
L100000914080,way/82825438-400
L100000914107,way/82599261-400
L100000914116,way/159167277-400
L100000914117,way/71933077-400
L100000911012,way/110086345-400
L100000914209,way/179260933-400
L100000914310,way/82599261-400
L100000914364,way/82825438-400
L100000914390,way/82599261-400
L100000914411,way/36805588-400
L100000914414,way/179260933-400
L100000914440,way/81641090-400
L100000914464,way/82599261-400
L100000914493,way/82599261-400
L100000914525,way/82599261-400
L100000914605,way/82599261-400
L100000914648,way/82599261-400
L100000914655,way/79866837-400
L100000914690,way/82599261-400
L100000914717,way/82825438-400
L100000914764,way/82599261-400
L100000914769,way/27259817-400
L100000914770,way/27259817-400
L100000914824,way/82599261-400
L100000915016,way/179260933-400
L100000915089,way/85605950-400
L100000915095,way/98890904-400
L100000915125,way/79866837-400
L100000915128,way/179260933-400
L100000915130,way/98890904-400
L100000915160,way/82825438-400
L100000915165,way/179260933-400
L100000915216,way/98890904-400
L100000915225,way/79866837-400
L100000915268,way/79866837-400
L100000915319,way/82599261-400
L100000915331,way/36805588-400
L100000915435,way/146695955-400
L100000915468,way/82825438-400
L100000915475,way/110086345-400
L100000915488,way/82599261-400
L100000915510,way/82825438-400
L100000915552,way/85047359-400
L100000915590,way/98890904-400
L100000915656,way/98890904-400
L100000915661,way/98890904-400
L100000915914,way/82825438-400
L100000916015,way/82825438-400
L100000916043,way/146695955-400
L100000916192,way/85710783-400
L100000916199,way/112342683-400
L100000916207,way/85710783-400
L100000916208,way/146695955-400
L100000916209,way/112342683-400
L100000916211,way/85710783-400
L100000916237,way/85203486-400
L100000916292,way/85995894-400
L100000916300,way/235370803-400
L100000919474,way/98890904-400
L100000919475,way/36805588-400
L100000919476,way/82825438-400
L100000919477,way/99722046-400
L100000919478,way/82599261-400
L100000919479,way/98890904-400
L100000919480,way/24020601-400
L100000919481,way/79866837-400
L100000919482,way/36805588-400
L100000919483,way/71933077-400
L100000919484,way/85047359-400
L100000919485,way/179260933-400
L100000919486,way/71933077-400
L100000919487,way/71933077-400
L100000919488,way/71933077-400
L100000919489,way/99722046-400
L100000919491,way/36805588-400
L100000919492,way/71933077-400
L100000919493,way/71933077-400
L100000919495,way/71933077-400
L100000919496,way/82599261-400
L100000919497,way/71933077-400
L100000919498,way/82825438-400
L100000919499,way/81641090-400
L100000919500,way/82825438-400
L100000919501,way/79866837-400
L100000919502,way/85605950-400
L100000919503,way/81641090-400
L100000919504,way/99722046-400
L100000919507,way/82599261-400
L100000919508,way/79866837-400
L100000919509,way/82825438-400
L100000919512,way/235370803-400
L100000919513,way/71933077-400
L100000919514,way/82599261-400
L100000919515,way/36805588-400
L100000919516,way/79866837-400
L100000919517,way/82825438-400
L100000919519,way/71933077-400
L100000919520,way/99722046-400
L100000919521,way/159167277-400
L100000919522,way/99722046-400
L100000919523,way/85047359-400
L100000919524,way/79866837-400
L100000919525,way/71933077-400
L100000919526,way/36805588-400
L100000919527,way/79866837-400
L100000919528,way/85710783-400
L100000919529,way/85710783-400
L100000919530,way/79866837-400
L100000919531,way/36805588-400
L100000919532,way/79866837-400
L100000919533,way/85605950-400
L100000919534,way/179260933-400
L100000919537,way/36805588-400
L100000919538,way/71933077-400
L100000919541,way/112342683-400
L100000919542,way/85710783-400
L100000919543,way/99722046-400
L100000919544,way/71933077-400
L100000919545,way/99722046-400
L100000919547,way/235370803-400
L100000919549,way/71933077-400
L100000919550,way/146695955-400
L100000919551,way/71933077-400
L100000919552,way/79866837-400
L100000919554,way/36805588-400
L100000919555,way/85203486-400
L100000919556,way/79866837-400
L100000919557,way/110086345-400
L100000919558,way/146695955-400
L100000919559,way/36805588-400
L100000919560,way/85203486-400
L100000919561,way/85710783-400
L100000919562,way/71933077-400
L100000919563,way/24020601-400
L100000919564,way/99722046-400
L100000919565,way/82599261-400
L100000919566,way/36805588-400
L100000919567,way/79866837-400
L100000919568,way/99722046-400
L100000919569,way/99722046-400
L100000919572,way/99722046-400
L100000919573,way/79866837-400
L100000919574,way/99722046-400
L100000919575,way/99722046-400
L100000919577,way/85605950-400
L100000919578,way/82825438-400
L100000919579,way/36805588-400
L100000919581,way/85047359-400
L100000919582,way/85047359-400
L100000919583,way/36805588-400
L100000919585,way/82599261-400
L100000919586,way/99722046-400
L100000919587,way/36805588-400
L100000919588,way/146695955-400
L100000919589,way/82825438-400
L100000919590,way/36805588-400
L100000919591,way/235370803-400
L100000919592,way/85995894-400
L100000919593,way/99722046-400
L100000919594,way/82599261-400
L100000919595,way/82825438-400
L100000919596,way/85995894-400
L100000919597,way/36805588-400
L100000919598,way/82599261-400
L100000919599,way/81641090-400
L100000919600,way/79866837-400
L100000919601,way/235370803-400
L100000919602,way/99722046-400
L100000919603,way/85995894-400
L100000919604,way/179260933-400
L100000919605,way/99722046-400
L100000919606,way/146695955-400
L100000919607,way/36805588-400
L100000919608,way/99722046-400
L100000919609,way/85605950-400
L100000919610,way/99722046-400
L100000919611,way/235370803-400
L100000919612,way/98890904-400
L100000919613,way/99722046-400
L100000919614,way/85995894-400
L100000919615,way/110086345-400
L100000919616,way/79866837-400
L100000919617,way/98890904-400
L100000919618,way/81641090-400
L100000919620,way/85047359-400
L100000919621,way/82825438-400
L100000919623,way/118086309-400
L100000919625,way/82825438-400
L100000919628,way/81641090-400
L100000919629,way/99722046-400
L100000919630,way/82825438-400
L100000919632,way/85710783-400
L100000919633,way/36805588-400
L100000919635,way/159167277-400
L100000919636,way/82825438-400
L100000919638,way/82825438-400
L100000919639,way/71933077-400
L100000919640,way/79866837-400
L100000919641,way/90842395-400
L100000919642,way/98890904-400
L100000919643,way/36805588-400
L100000919644,way/82825438-400
L100000908879,way/79866837-400
L100000919646,way/36805588-400
L100000919648,way/98890904-400
L100000919649,way/82599261-400
L100000919650,way/82599261-400
L100000919651,way/79866837-400
L100000919652,way/99722046-400
L100000919653,way/159167277-400
L100000919655,way/49510896-400
L100000919656,way/110086345-400
L100000919657,way/36805588-400
L100000919658,way/85047359-400
L100000919659,way/85710783-400
L100000919660,way/85203486-400
L100000919661,way/159167277-400
L100000919662,way/36805588-400
L100000919663,way/85710783-400
L100000919664,way/36805588-400
L100000919665,way/99722046-400
L100000919666,way/99722046-400
L100000919668,way/98890904-400
L100000919669,way/82825438-400
L100000919670,way/235370803-400
L100000919673,way/85710783-400
L100000919674,way/110086345-400
L100000919675,way/79866837-400
L100000919676,way/79866837-400
L100000919677,way/85710783-400
L100000919679,way/159167277-400
L100000919681,way/235370803-400
L100000919683,way/99722046-400
L100000919684,way/85995894-400
L100000919685,way/85995894-400
L100000919686,way/79866837-400
L100000919687,way/98890904-400
L100000919688,way/99722046-400
L100000919689,way/36805588-400
L100000919690,way/24020601-400
L100000919691,way/36805588-400
L100000919692,way/36805588-400
L100000919693,way/81641090-400
L100000919694,way/110086345-400
L100000919695,way/36805588-400
L100000919698,way/82825438-400
L100000919699,way/81641090-400
L100000919700,way/82599261-400
L100000919701,way/82599261-400
L100000919702,way/82825438-400
L100000919703,way/85203486-400
L100000919704,way/146695955-400
L100000919705,way/99722046-400
L100000919706,way/36805588-400
L100000919707,way/85995894-400
L100000919708,way/71933077-400
L100000919709,way/146695955-400
L100000919711,way/79866837-400
L100000919712,way/85203486-400
L100000919713,way/36805588-400
L100000919714,way/85710783-400
L100000919715,way/85605950-400
L100000919716,way/235370803-400
L100000919718,way/235370803-400
L100000919719,way/99722046-400
L100000919720,way/146695955-400
L100000919721,way/85047359-400
L100000919722,way/110086345-400
L100000919723,way/82825438-400
L100000919724,way/81641090-400
L100000919725,way/110086345-400
L100000919726,way/82825438-400
L100000919727,way/85710783-400
L100000919728,way/81641090-400
L100000919729,way/36805588-400
L100000919730,way/36805588-400
L100000919731,way/179260933-400
L100000919732,way/82825438-400
L100000919733,way/146695955-400
L100000919734,way/146695955-400
L100000919735,way/146695955-400
L100000919736,way/71933077-400
L100000919737,way/36805588-400
L100000919738,way/79866837-400
L100000919739,way/82825438-400
L100000919740,way/36805588-400
L100000919741,way/82599261-400
L100000919742,way/36805588-400
L100000919743,way/99722046-400
L100000919744,way/146695955-400
L100000919745,way/82825438-400
L100000919746,way/85203486-400
L100000919747,way/82825438-400
L100000919749,way/79866837-400
L100000919750,way/82825438-400
L100000919751,way/36805588-400
L100000919752,way/82599261-400
L100000919753,way/82599261-400
L100000919754,way/85605950-400
L100000919755,way/82599261-400
L100000919756,way/99722046-400
L100000919757,way/24020601-400
L100000919758,way/159167277-400
L100000919759,way/82825438-400
L100000919760,way/36805588-400
L100000919761,way/235370803-400
L100000919763,way/82599261-400
L100000919764,way/24020601-400
L100000919765,way/82599261-400
L100000919766,way/36805588-400
L100000919767,way/36805588-400
L100000919768,way/235370803-400
L100000919769,way/36805588-400
L100000919770,way/235370803-400
L100000919771,way/85047359-400
L100000919772,way/99722046-400
L100000919773,way/82599261-400
L100000919774,way/36805588-400
L100000919775,way/235370803-400
L100000919776,way/36805588-400
L100000919777,way/36805588-400
L100000919778,way/79866837-400
L100000919779,way/36805588-400
L100000919780,way/79866837-400
L100000919782,way/36805588-400
L100000919783,way/79866837-400
L100000919784,way/81641090-400
L100000919785,way/85605950-400
L100000919786,way/36805588-400
L100000919788,way/82825438-400
L100000919791,way/99722046-400
L100000919792,way/81641090-400
L100000919793,way/36805588-400
L100000919794,way/81641090-400
L100000919795,way/82825438-400
L100000919796,way/79866837-400
L100000919797,way/79866837-400
L100000919798,way/81641090-400
L100000919800,way/82599261-400
L100000919801,way/99722046-400
L100000919802,way/79866837-400
L100000919803,way/99722046-400
L100000919804,way/85995894-400
L100000919806,way/82599261-400
L100000919807,way/179260933-400
L100000919808,way/49510896-400
L100000919809,way/99722046-400
L100000919810,way/36805588-400
L100000919811,way/85995894-400
L100000919812,way/85047359-400
L100000919813,way/111558550-400
L100000919814,way/71933077-400
L100000919815,way/98890904-400
L100000919816,way/98890904-400
L100000919817,way/99722046-400
L100000919818,way/82825438-400
L100000919819,way/99722046-400
L100000919820,way/36805588-400
L100000919821,way/99722046-400
L100000919822,way/79866837-400
L100000919823,way/79866837-400
L100000919825,way/82825438-400
L100000919826,way/85605950-400
L100000919827,way/82825438-400
L100000919828,way/159167277-400
L100000919829,way/85203486-400
L100000919832,way/82825438-400
L100000919833,way/82599261-400
L100000919834,way/235370803-400
L100000919835,way/179260933-400
L100000919836,way/110086345-400
L100000919837,way/85995894-400
L100000919838,way/147132694-400
L100000919839,way/85995894-400
L100000919840,way/82825438-400
L100000919842,way/85710783-400
L100000919845,way/36805588-400
L100000919846,way/99722046-400
L100000919847,way/36805588-400
L100000919849,way/82599261-400
L100000919851,way/112342683-400
L100000919852,way/85203486-400
L100000919854,way/82825438-400
L100000919855,way/99722046-400
L100000919856,way/98890904-400
L100000919857,way/99722046-400
L100000919858,way/98890904-400
L100000919859,way/235370803-400
L100000919861,way/179260933-400
L100000919862,way/82825438-400
L100000919863,way/110086345-400
L100000919864,way/36805588-400
L100000919865,way/82599261-400
L100000919866,way/159167277-400
L100000919867,way/36805588-400
L100000919868,way/85710783-400
L100000919869,way/85203486-400
L100000919870,way/98890904-400
L100000919872,way/99722046-400
L100000919873,way/85710783-400
L100000919874,way/82825438-400
L100000919875,way/235370803-400
L100000919877,way/36805588-400
L100000919879,way/82599261-400
L100000919880,way/82599261-400
L100000919881,way/147132694-400
L100000919883,way/99722046-400
L100000919884,way/85047359-400
L100000919885,way/85710783-400
L100000919887,way/111558550-400
L100000919890,way/98890904-400
L100000919891,way/36805588-400
L100000919892,way/110086345-400
L100000919893,way/98890904-400
L100000919894,way/98890904-400
L100000919895,way/146695955-400
L100000919896,way/146695955-400
L100000919897,way/146695955-400
L100000919898,way/85047359-400
L100000919899,way/82825438-400
L100000919900,way/235370803-400
L100000919902,way/82825438-400
L100000919903,way/110086345-400
L100000919904,way/71933077-400
L100000919905,way/36805588-400
L100000919906,way/98890904-400
L100000919907,way/79866837-400
L100000919908,way/82825438-400
L100000919909,way/235370803-400
L100000919910,way/112342683-400
L100000919911,way/82599261-400
L100000919912,way/146695955-400
L100000919913,way/82825438-400
L100000919914,way/98890904-400
L100000919915,way/82825438-400
L100000919916,way/82825438-400
L100000919917,way/146695955-400
L100000919918,way/71933077-400
L100000919919,way/36805588-400
L100000919920,way/71933077-400
L100000919922,way/99722046-400
L100000919923,way/98890904-400
L100000919924,way/82599261-400
L100000919925,way/85605950-400
L100000919926,way/112342683-400
L100000919927,way/235370803-400
L100000919928,way/235370803-400
L100000919929,way/79866837-400
L100000919930,way/146695955-400
L100000919931,way/147132694-400
L100000919932,way/79866837-400
L100000919933,way/79866837-400
L100000919934,way/179260933-400
L100000919935,way/85995894-400
L100000919936,way/99722046-400
L100000919937,way/99722046-400
L100000919938,way/71933077-400
L100000919939,way/146695955-400
L100000919940,way/49510896-400
L100000919942,way/98890904-400
L100000919943,way/99722046-400
L100000919944,way/99722046-400
L100000919945,way/99722046-400
L100000919947,way/146695955-400
L100000919948,way/79866837-400
L100000919949,way/99722046-400
L100000919950,way/146695955-400
L100000919951,way/85710783-400
L100000919952,way/235370803-400
L100000919953,way/71933077-400
L100000919954,way/99722046-400
L100000919955,way/36805588-400
L100000919956,way/85710783-400
L100000919957,way/79866837-400
L100000919959,way/98890904-400
L100000919960,way/179260933-400
L100000919961,way/81641090-400
L100000919964,way/82599261-400
L100000919966,way/85605950-400
L100000919967,way/98890904-400
L100000919969,way/82599261-400
L100000919970,way/36805588-400
L100000919971,way/82599261-400
L100000919972,way/82825438-400
L100000919974,way/85995894-400
L100000919975,way/235370803-400
L100000919976,way/146695955-400
L100000919977,way/99722046-400
L100000919978,way/36805588-400
L100000919979,way/98890904-400
L100000919980,way/79866837-400
L100000919981,way/99722046-400
L100000919982,way/235370803-400
L100000919983,way/98890904-400
L100000919984,way/159167277-400
L100000919985,way/179260933-400
L100000919986,way/85710783-400
L100000919987,way/71933077-400
L100000919989,way/71933077-400
L100000919990,way/99722046-400
L100000919991,way/99722046-400
L100000919992,way/85995894-400
L100000919993,way/146695955-400
L100000919994,way/82825438-400
L100000919995,way/98890904-400
L100000919996,way/82825438-400
L100000919997,way/82599261-400
L100000919998,way/98890904-400
L100000919999,way/82825438-400
L100000920000,way/235370803-400
L100000920001,way/146695955-400
L100000920002,way/82825438-400
L100000920003,way/85710783-400
L100000920004,way/110086345-400
L100000920005,way/79866837-400
L100000920006,way/85710783-400
L100000920008,way/24020601-400
L100000920009,way/82599261-400
L100000920010,way/82599261-400
L100000920012,way/99722046-400
L100000920013,way/82825438-400
L100000920014,way/98890904-400
L100000920015,way/99722046-400
L100000920016,way/71933077-400
L100000920017,way/82599261-400
L100000920018,way/85605950-400
L100000920019,way/82825438-400
L100000920020,way/82599261-400
L100000920021,way/71933077-400
L100000920022,way/85605950-400
L100000920024,way/85203486-400
L100001000657,way/235370803-400
L100001000807,way/79866837-400
L100001000836,way/85605950-400
L100001000887,way/82599261-400
L100001000889,way/112342683-400
L100001000890,way/112342683-400
L100001000891,way/112342683-400
L100001000892,way/85047359-400
L100001000894,way/146695955-400
L100001000931,way/71933077-400
L100001000933,way/79866837-400
L100001000945,way/99722046-400
L100001000949,way/85710783-400
L100001000969,way/85710783-400
L100001000970,way/179260933-400
L100001000971,way/146695955-400
L100001000973,way/99722046-400
L100001000975,way/85605950-400
L100001000977,way/82825438-400
L100001000987,way/79866837-400
L100001001020,way/85605950-400
L100001001026,way/235370803-400
L100001001168,way/79866837-400
L100001001215,way/85203486-400
L100001001216,way/36805588-400
L100001003188,way/36805588-400
L100001003198,way/82825438-400
L100001003414,way/24020601-400
L100001003415,way/24020601-400
L100001003416,way/24020601-400
L100001003417,way/24020601-400
L100001003418,way/85047359-400
L100001003419,way/71933077-400
L100001003420,way/71933077-400
L100001003421,way/71933077-400
L100001003422,way/71933077-400
L100001003423,way/71933077-400
L100001003424,way/71933077-400
L100001003425,way/27259817-400
L100001003426,way/147132694-400
L100001003427,way/147132694-400
L100001003428,way/27259817-400
L100001003429,way/27259817-400
L100001003430,way/27259817-400
L100001003431,way/147132694-400
L100001003432,way/27259817-400
L100001003433,way/90842395-400
L100001003434,way/110086345-400
L100001003435,way/110086345-400
L100001003437,way/98890904-400
L100001003438,way/98890904-400
L100001003439,way/98890904-400
L100001003440,way/98890904-400
L100001003441,way/98890904-400
L100001003442,way/98890904-400
L100001003443,way/98890904-400
L100001003444,way/98890904-400
L100001003445,way/98890904-400
L100001003446,way/98890904-400
L100001003447,way/98890904-400
L100001003448,way/110086345-400
L100001003449,way/27259817-400
L100001003450,way/27259817-400
L100001003451,way/110086345-400
L100001003454,way/27259817-400
L100001003455,way/110086345-400
L100001003456,way/110086345-400
L100001003457,way/110086345-400
L100001003458,way/110086345-400
L100001003459,way/27259817-400
L100001003460,way/110086345-400
L100001003461,way/27259817-400
L100001003462,way/85995894-400
L100001003463,way/85710783-400
L100001003464,way/71933077-400
L100001003465,way/235370803-400
L100001003468,way/235370803-400
L100001003469,way/235370803-400
L100001003470,way/99722046-400
L100001003471,way/235370803-400
L100001003472,way/235370803-400
L100001003473,way/235370803-400
L100001003474,way/235370803-400
L100001003475,way/235370803-400
L100001003476,way/235370803-400
L100001003477,way/79866837-400
L100001003478,way/71933077-400
L100001003479,way/179260933-400
L100001003480,way/179260933-400
L100001003481,way/82599261-400
L100001003482,way/146695955-400
L100001003483,way/71933077-400
L100001003484,way/71933077-400
L100001003485,way/235370803-400
L100001003486,way/110086345-400
L100001003487,way/110086345-400
L100001003488,way/24020601-400
L100001003489,way/85047359-400
L100001003490,way/79866837-400
L100001003491,way/146695955-400
L100001003492,way/110086345-400
L100001003493,way/110086345-400
L100001003494,way/110086345-400
L100001003495,way/110086345-400
L100001003496,way/110086345-400
L100001003497,way/110086345-400
L100001003498,way/110086345-400
L100001003499,way/110086345-400
L100001003500,way/49510896-400
L100001003501,way/49510896-400
L100001003502,way/49510896-400
L100001003503,way/49510896-400
L100001003504,way/49510896-400
L100001003505,way/49510896-400
L100001003506,way/49510896-400
L100001003507,way/235370803-400
L100001003508,way/235370803-400
L100001003509,way/235370803-400
L100001003510,way/235370803-400
L100001003511,way/235370803-400
L100001003512,way/235370803-400
L100001003513,way/235370803-400
L100001003514,way/235370803-400
L100001003515,way/235370803-400
L100001003516,way/110086345-400
L100001003517,way/110086345-400
L100001003518,way/110086345-400
L100001003519,way/110086345-400
L100001003520,way/85995894-400
L100001003521,way/71933077-400
L100001003522,way/79866837-400
L100001003523,way/71933077-400
L100001003524,way/99722046-400
L100001003525,way/99722046-400
L100001003526,way/24020601-400
L100001003527,way/24020601-400
L100001003528,way/147132694-400
L100001003529,way/147132694-400
L100001003530,way/24020601-400
L100001003531,way/24020601-400
L100001003532,way/147132694-400
L100001003533,way/147132694-400
L100001003534,way/24020601-400
L100001003535,way/179260933-400
L100001003537,way/111558550-400
L100001003538,way/111558550-400
L100001003539,way/111558550-400
L100001003540,way/111558550-400
L100001003541,way/111558550-400
L100001003542,way/111558550-400
L100001003543,way/111558550-400
L100001003544,way/111558550-400
L100001003545,way/111558550-400
L100001003546,way/99722046-400
L100001003547,way/79866837-400
L100001003548,way/79866837-400
L100001003549,way/79866837-400
L100001003550,way/99722046-400
L100001003551,way/24020601-400
L100001003552,way/24020601-400
L100001003553,way/112342683-400
L100001003554,way/99722046-400
L100001003555,way/85995894-400
L100001003556,way/99722046-400
L100001003557,way/112342683-400
L100001003558,way/112342683-400
L100001003559,way/112342683-400
L100001003560,way/99722046-400
L100001003561,way/79866837-400
L100001003562,way/79866837-400
L100001003563,way/79866837-400
L100001003564,way/71933077-400
L100001003565,way/235370803-400
L100001003566,way/49510896-400
L100001003567,way/49510896-400
L100001003568,way/49510896-400
L100001003570,way/99722046-400
L100001003571,way/99722046-400
L100001003572,way/99722046-400
L100001003573,way/99722046-400
L100001003574,way/99722046-400
L100001003575,way/82599261-400
L100001003576,way/82825438-400
L100001003577,way/82825438-400
L100001003578,way/82599261-400
L100001003579,way/99722046-400
L100001003580,way/146695955-400
L100001003581,way/81641090-400
L100001003582,way/81641090-400
L100001003583,way/71933077-400
L100001003584,way/79866837-400
L100001003585,way/85605950-400
L100001003586,way/85047359-400
L100001003587,way/79866837-400
L100001003588,way/79866837-400
L100001003589,way/71933077-400
L100001003590,way/71933077-400
L100001003591,way/71933077-400
L100001003592,way/71933077-400
L100001003593,way/111558550-400
L100001003594,way/49510896-400
L100001003595,way/49510896-400
L100001003596,way/49510896-400
L100001003597,way/49510896-400
L100001003598,way/98890904-400
L100001003599,way/98890904-400
L100001003600,way/98890904-400
L100001003601,way/98890904-400
L100001003602,way/98890904-400
L100001003603,way/98890904-400
L100001003604,way/98890904-400
L100001003605,way/98890904-400
L100001003606,way/98890904-400
L100001003607,way/98890904-400
L100001003608,way/98890904-400
L100001003609,way/98890904-400
L100001003610,way/118086309-400
L100001003611,way/118086309-400
L100001003612,way/118086309-400
L100001003613,way/118086309-400
L100001003614,way/118086309-400
L100001003615,way/118086309-400
L100001003617,way/118086309-400
L100001003619,way/118086309-400
L100001003620,way/24020601-400
L100001003621,way/81641090-400
L100001003622,way/81641090-400
L100001003623,way/179260933-400
L100001003624,way/179260933-400
L100001003625,way/71933077-400
L100001003626,way/99722046-400
L100001003627,way/99722046-400
L100001003628,way/99722046-400
L100001003629,way/159167277-400
L100001003630,way/85710783-400
L100001003631,way/85047359-400
L100001003632,way/85047359-400
L100001003633,way/85047359-400
L100001003634,way/99722046-400
L100001003635,way/99722046-400
L100001003636,way/99722046-400
L100001003637,way/99722046-400
L100001003638,way/99722046-400
L100001003639,way/99722046-400
L100001003640,way/99722046-400
L100001003641,way/99722046-400
L100001003642,way/36805588-400
L100001003643,way/36805588-400
L100001003644,way/49510896-400
L100001003645,way/49510896-400
L100001003646,way/49510896-400
L100001003647,way/49510896-400
L100001003648,way/49510896-400
L100001003649,way/49510896-400
L100001003650,way/49510896-400
L100001003651,way/27259817-400
L100001003652,way/90842395-400
L100001003656,way/27259817-400
L100001003657,way/27259817-400
L100001003658,way/27259817-400
L100001003659,way/27259817-400
L100001003660,way/110086345-400
L100001003661,way/110086345-400
L100001003662,way/110086345-400
L100001003663,way/110086345-400
L100001003664,way/99722046-400
L100001003665,way/99722046-400
L100001003666,way/99722046-400
L100001003667,way/99722046-400
L100001003668,way/71933077-400
L100001003669,way/71933077-400
L100001003670,way/235370803-400
L100001003671,way/71933077-400
L100001003672,way/235370803-400
L100001003673,way/82599261-400
L100001003674,way/82599261-400
L100001003675,way/82599261-400
L100001003676,way/82599261-400
L100001003677,way/79866837-400
L100001003727,way/179260933-400
L100001003728,way/85995894-400
L100001003754,way/82599261-400
L100001003756,way/99722046-400
L100001003757,way/159167277-400
L100001003759,way/99722046-400
L100001003761,way/85047359-400
L100001003765,way/179260933-400
L100001003766,way/81641090-400
L100001003767,way/79866837-400
L100001003768,way/235370803-400
L100001003773,way/99722046-400
L100001003777,way/81641090-400
L100001003780,way/85047359-400
L100001003781,way/82599261-400
L100001003782,way/82599261-400
L100001003783,way/146695955-400
L100001003784,way/146695955-400
L100001003785,way/79866837-400
L100001003789,way/79866837-400
L100001003790,way/99722046-400
L100001003791,way/82599261-400
L100001003792,way/82825438-400
L100001003794,way/36805588-400
L100001003795,way/36805588-400
L100001003806,way/85605950-400
L100001003807,way/36805588-400
L100001003808,way/85203486-400
L100001003809,way/85203486-400
L100001003810,way/85203486-400
L100001003811,way/36805588-400
L100001003812,way/36805588-400
L100001003813,way/36805588-400
L100001003814,way/36805588-400
L100001003815,way/36805588-400
L100000919511,way/36805588-400
L100001003818,way/36805588-400
L100001003819,way/85710783-400
L100001003820,way/85047359-400
L100001003822,way/85710783-400
L100001003823,way/235370803-400
L100001003824,way/235370803-400
L100001003825,way/99722046-400
L100001003826,way/99722046-400
L100001003827,way/99722046-400
L100001003828,way/111558550-400
L100001003829,way/99722046-400
L100001003830,way/98890904-400
L100001003831,way/99722046-400
L100001003840,way/99722046-400
L100001003861,way/99722046-400
L100001003862,way/82825438-400
L100001003863,way/99722046-400
L100001003865,way/98890904-400
L100001003866,way/179260933-400
L100001003867,way/99722046-400
L100001003868,way/36805588-400
L100001003869,way/99722046-400
L100001003870,way/99722046-400
L100001003872,way/82599261-400
L100001003875,way/82825438-400
L100001003877,way/79866837-400
L100001003878,way/36805588-400
L100001003909,way/71933077-400
L100001003910,way/36805588-400
L100001003911,way/159167277-400
L100001003912,way/79866837-400
L100001003913,way/99722046-400
L100001003914,way/36805588-400
L100001003915,way/82825438-400
L100001003921,way/99722046-400
L100001003922,way/85710783-400
L100001003923,way/235370803-400
L100001003927,way/99722046-400
L100001003928,way/85710783-400
L100001003929,way/146695955-400
L100001003930,way/85710783-400
L100001003931,way/99722046-400
L100001003932,way/79866837-400
L100001003945,way/81641090-400
L100001003946,way/82599261-400
L100001003959,way/85605950-400
L100001003960,way/98890904-400
L100001003988,way/79866837-400
L100001003992,way/82599261-400
L100001003995,way/82599261-400
L100001003996,way/36805588-400
L100001003998,way/82825438-400
L100001003999,way/82825438-400
L100001004001,way/85605950-400
L100001004006,way/99722046-400
L100001004007,way/99722046-400
L100001004009,way/85047359-400
L100001004012,way/85203486-400
L100001004014,way/36805588-400
L100001004015,way/36805588-400
L100001004016,way/36805588-400
L100001004019,way/36805588-400
L100001004020,way/82825438-400
L100001004021,way/146695955-400
L100001004056,way/79866837-400
L100001004061,way/98890904-400
L100001004062,way/79866837-400
L100001004063,way/112342683-400
L100001004065,way/99722046-400
L100001004066,way/71933077-400
L100001004067,way/81641090-400
L100001004081,way/82825438-400
L100001004082,way/85203486-400
L100001004083,way/81641090-400
L100001004110,way/99722046-400
L100001004113,way/85995894-400
L100001004134,way/146695955-400
L100001004135,way/85995894-400
L100001004137,way/85995894-400
L100001004138,way/82825438-400
L100001004139,way/49510896-400
L100001004313,way/118086309-400
L100001004341,way/27259817-400
L100001004351,way/235370803-400
L100001004363,way/71933077-400
L100001004378,way/85605950-400
L100001004382,way/71933077-400
L100001004386,way/110086345-400
L100001004389,way/79866837-400
L100001004394,way/85995894-400
L100001004406,way/111558550-400
L100001004407,way/111558550-400
L100001004408,way/71933077-400
L100001004409,way/71933077-400
L100001004410,way/98890904-400
L100001004411,way/179260933-400
L100001004436,way/27259817-400
L100001004440,way/79866837-400
L100001004441,way/98890904-400
L100001004442,way/118086309-400
L100001004443,way/99722046-400
L100001004446,way/71933077-400
L100001004448,way/85047359-400
L100001004455,way/235370803-400
L100001004456,way/110086345-400
L100001004470,way/49510896-400
L100001004475,way/85995894-400
L100001004476,way/79866837-400
L100001004478,way/118086309-400
L100001004480,way/85995894-400
L100001004482,way/79866837-400
L100001004484,way/235370803-400
L100001004485,way/82825438-400
L100001004486,way/36805588-400
L100001004488,way/24020601-400
L100001004489,way/98890904-400
L100001004491,way/79866837-400
L100001004492,way/82599261-400
L100001004493,way/82599261-400
L100001004494,way/82599261-400
L100001004495,way/49510896-400
L100001004496,way/82599261-400
L100001004497,way/71933077-400
L100001004499,way/71933077-400
L100001004500,way/98890904-400
L100001004501,way/98890904-400
L100001004502,way/79866837-400
L100001004503,way/82825438-400
L100001004504,way/99722046-400
L100001004505,way/24020601-400
L100001004506,way/235370803-400
L100001004507,way/49510896-400
L100001004508,way/79866837-400
L100001004509,way/98890904-400
L100001004510,way/49510896-400
L100001004512,way/81641090-400
L100001007659,way/27259817-400
L100001007699,way/27259817-400
L100001007701,way/90842395-400
L100001007703,way/27259817-400
L100001007704,way/27259817-400
L100001007705,way/24020601-400
L100001007707,way/85995894-400
L100001007713,way/85710783-400
L100001007714,way/85710783-400
L100001007706,way/24020601-400
L100001020793,way/85047359-400
L100001020795,way/71933077-400
L100001020800,way/118086309-400
L100001023031,way/71933077-400
L100001023032,way/90842395-400
L100001023033,way/24020601-400
L100001023034,way/90842395-400
L100001023035,way/90842395-400
L100001023036,way/71933077-400
L100001023037,way/71933077-400
L100001023038,way/71933077-400
L100001023039,way/71933077-400
L100001023040,way/49510896-400
L100001023041,way/27259817-400
L100001023042,way/71933077-400
L100001023043,way/98890904-400
L100001023044,way/90842395-400
L100001023045,way/147132694-400
L100001023046,way/24020601-400
L100001023047,way/24020601-400
L100001023048,way/49510896-400
L100001023049,way/24020601-400
L100001023461,way/36805588-400
L100001023494,way/85710783-400
L100001023495,way/85047359-400
L100001042908,way/118086309-400
L100001043401,way/71933077-400
L100001043402,way/71933077-400
L100001043403,way/49510896-400
L100001043404,way/49510896-400
L100001043405,way/110086345-400
L100001043406,way/81641090-400
L100001043407,way/71933077-400
L100001043408,way/99722046-400
L100001043409,way/110086345-400
L100001043410,way/98890904-400
L100001043411,way/71933077-400
L100001043412,way/71933077-400
L100001043413,way/110086345-400
L100001043414,way/85047359-400
L100001043415,way/235370803-400
L100001043416,way/110086345-400
L100001043417,way/71933077-400
L100001043418,way/49510896-400
L100001043419,way/110086345-400
L100001043420,way/99722046-400
L100001043421,way/111558550-400
L100001043422,way/49510896-400
L100001043423,way/49510896-400
L100001043424,way/98890904-400
L100001043425,way/71933077-400
L100001043426,way/99722046-400
L100001043427,way/99722046-400
L100001043428,way/81641090-400
L100001043429,way/27259817-400
L100001043430,way/82599261-400
L100001043431,way/179260933-400
L100001043432,way/110086345-400
L100001043433,way/146695955-400
L100001043434,way/111558550-400
L100001043435,way/85605950-400
L100001043436,way/24020601-400
L100001043437,way/24020601-400
L100001043438,way/98890904-400
L100001043439,way/85995894-400
L100001043440,way/82599261-400
L100001043441,way/235370803-400
L100001043442,way/99722046-400
L100001043443,way/110086345-400
L100001043444,way/49510896-400
L100001043445,way/85995894-400
L100001043446,way/110086345-400
L100001043447,way/71933077-400
L100001043448,way/79866837-400
L100001043449,way/79866837-400
L100001043450,way/85047359-400
L100001043451,way/99722046-400
L100001043452,way/49510896-400
L100001043453,way/27259817-400
L100001043454,way/98890904-400
L100001043455,way/118086309-400
L100001043456,way/49510896-400
L100001043457,way/110086345-400
L100001043458,way/85710783-400
L100001043459,way/82825438-400
L100001043460,way/71933077-400
L100001043461,way/82599261-400
L100001043462,way/98890904-400
L100001043463,way/98890904-400
L100001043464,way/110086345-400
L100001043465,way/71933077-400
L100001043466,way/71933077-400
L100001043467,way/111558550-400
L100001043468,way/118086309-400
L100001043469,way/118086309-400
L100001043470,way/118086309-400
L100001043471,way/79866837-400
L100001043472,way/49510896-400
L100001043473,way/49510896-400
L100001043474,way/90842395-400
L100001043475,way/49510896-400
L100001043476,way/27259817-400
L100001043477,way/27259817-400
L100001043478,way/49510896-400
L100001043479,way/82599261-400
L100001043480,way/110086345-400
L100001043481,way/235370803-400
L100001043482,way/110086345-400
L100001043483,way/99722046-400
L100001043484,way/81641090-400
L100001043485,way/111558550-400
L100001043486,way/99722046-400
L100001043487,way/79866837-400
L100001043488,way/99722046-400
L100001043489,way/235370803-400
L100001043490,way/49510896-400
L100001043491,way/49510896-400
L100001043492,way/146695955-400
L100001043493,way/71933077-400
L100001043494,way/27259817-400
L100001043495,way/27259817-400
L100001043496,way/49510896-400
L100001043497,way/85605950-400
L100001043498,way/112342683-400
L100001043499,way/235370803-400
L100001043500,way/79866837-400
L100001043501,way/99722046-400
L100001043502,way/79866837-400
L100001043503,way/79866837-400
L100001043504,way/99722046-400
L100001043505,way/71933077-400
L100001043506,way/27259817-400
L100001043507,way/98890904-400
L100001043508,way/98890904-400
L100001043509,way/99722046-400
L100001043510,way/71933077-400
L100001043511,way/24020601-400
L100001043512,way/99722046-400
L100001043513,way/71933077-400
L100001043514,way/112342683-400
L100001043515,way/98890904-400
L100001043516,way/98890904-400
L100001043517,way/110086345-400
L100001043518,way/79866837-400
L100001043519,way/79866837-400
L100001043520,way/24020601-400
L100001043521,way/98890904-400
L100001043522,way/118086309-400
L100001043523,way/49510896-400
L100001043524,way/98890904-400
L100001043525,way/235370803-400
L100001043526,way/110086345-400
L100001043527,way/146695955-400
L100001043528,way/79866837-400
L100001043529,way/99722046-400
L100001043530,way/79866837-400
L100001043531,way/79866837-400
L100001043532,way/235370803-400
L100001043533,way/82599261-400
L100001043534,way/82599261-400
L100001043535,way/99722046-400
L100001043536,way/71933077-400
L100001043537,way/98890904-400
L100001043538,way/110086345-400
L100001043539,way/110086345-400
L100001043540,way/98890904-400
L100001043541,way/98890904-400
L100001043542,way/49510896-400
L100001043543,way/98890904-400
L100001043544,way/49510896-400
L100001043545,way/111558550-400
L100001043546,way/99722046-400
L100001043547,way/98890904-400
L100001043548,way/49510896-400
L100001043549,way/98890904-400
L100001043550,way/179260933-400
L100001043551,way/99722046-400
L100001043552,way/110086345-400
L100001043553,way/99722046-400
L100001043554,way/98890904-400
L100001043555,way/98890904-400
L100001043556,way/99722046-400
L100001043557,way/99722046-400
L100001043558,way/71933077-400
L100001043559,way/24020601-400
L100001043560,way/24020601-400
L100001043561,way/98890904-400
L100001043562,way/24020601-400
L100001043563,way/71933077-400
L100001043564,way/71933077-400
L100001043565,way/71933077-400
L100001043566,way/49510896-400
L100001043567,way/159167277-400
L100001043568,way/81641090-400
L100001043569,way/179260933-400
L100001043570,way/81641090-400
L100001043571,way/110086345-400
L100001043572,way/79866837-400
L100001043573,way/99722046-400
L100001043574,way/24020601-400
L100001043575,way/98890904-400
L100001043576,way/71933077-400
L100001043577,way/98890904-400
L100001043578,way/98890904-400
L100001043579,way/112342683-400
L100001043580,way/110086345-400
L100001043581,way/85047359-400
L100001043582,way/85995894-400
L100001043583,way/99722046-400
L100001043584,way/98890904-400
L100001043585,way/98890904-400
L100001043586,way/98890904-400
L100001043587,way/99722046-400
L100001043588,way/99722046-400
L100001043589,way/147132694-400
L100001043590,way/99722046-400
L100001043591,way/99722046-400
L100001046104,way/110086345-400
L100001046106,way/98890904-400
L100001046108,way/24020601-400
L100001046109,way/49510896-400
L100001046110,way/27259817-400
L100001046111,way/49510896-400
L100001046113,way/98890904-400
L100001046115,way/147132694-400
L100001046116,way/147132694-400
L100001046117,way/147132694-400
L100001046120,way/147132694-400
L100001046122,way/147132694-400
L100001046123,way/90842395-400
L100001046124,way/147132694-400
L100001046125,way/90842395-400
L100001046128,way/71933077-400
L100001046506,way/85710783-400
L100001046507,way/85710783-400
L100001046508,way/27259817-400
L100001046510,way/159167277-400
L100001046511,way/98890904-400
L100001046512,way/118086309-400
L100001046515,way/49510896-400
L100001046517,way/85047359-400
L100001046538,way/111558550-400
L100001046539,way/235370803-400
L100001046540,way/81641090-400
L100001046856,way/110086345-400
