GEM location ID,bus_id
L100000103754,way/1078532568
L100000103768,way/137050527
L100000103760,way/1078532568
L100000103762,way/1078532568
L100000200201,way/1078532568
L100000200216,way/636630368
L100000200224,way/1078532568
L100000200226,way/1274396508-400
L100000200231,way/642490160
L100000200233,way/109189896
L100000200237,way/25422135-400
L100000200243,way/1078532568
L100000200244,way/1078532568
L100000200255,way/375626500
L100000200260,way/636630368
L100000200263,way/375626500
L100000200265,way/1274396508-400
L100000200266,way/568527671
L100000200274,way/1078532568
L100000200275,way/1078532568
L100000200276,way/375626500
L100000200277,way/1078532568
L100000200282,way/1274396508-400
L100000200283,way/642490160
L100000200284,way/109189896
L100000200285,way/109189896
L100000200286,way/1078532568
L100000200287,way/1274396508-400
L100000200289,way/636630368
L100000200291,way/1078532568
L100000200293,way/1078532568
L100000200295,way/636630368
L100000200296,way/25422135-400
L100000200301,way/109189896
L100000200302,way/297840585
L100000200303,way/642490160
L100000200304,way/642490160
L100000200305,way/1078532568
L100000200307,way/25422135-400
L100000200308,way/109189896
L100000200318,way/109189896
L100000200321,way/642490160
L100000201233,way/375626500
L100000201234,way/109189896
L100000201244,way/109189896
L100000201245,way/642490160
L100000103759,way/642490160
L100000401442,way/1274396508-400
L100000401443,way/137050527
L100000400728,way/1078532568
L100000400729,way/636630368
L100000400730,way/25422135-400
L100000400731,way/375626500
L100000400733,way/636630368
L100000400734,way/1274396508-400
L100000400738,way/137050527
L100000400739,way/1078532568
L100000400740,way/109189896
L100000400741,way/1078532568
L100000400742,way/109189896
L100000401457,way/636630368
L100000400745,way/109189896
L100000400746,way/636630368
L100000400747,way/375626500
L100000400749,way/109189896
L100000400752,way/297840585
L100000400754,way/25422135-400
L100000400755,way/1078532568
L100000401447,way/109189896
L100000400763,way/636630368
L100000400764,way/1078532568
L100000401451,way/636630368
L100000400766,way/109189896
L100000400767,way/260836695
L100000400772,way/1078532568
L100000400773,way/568527671
L100000400774,way/375626500
L100000400775,way/375626500
L100000400776,way/109189896
L100000400777,way/1078532568
L100000400781,way/636630368
L100000400783,way/1274396508-400
L100000400785,way/636630368
L100000400786,way/1078532568
L100000400788,way/1078532568
L100000400790,way/1078532568
L100000400794,way/1078532568
L100000400795,way/109189896
L100000400797,way/375626500
L100000400798,way/260836695
L100000400799,way/1078532568
L100000400808,way/375626500
L100000400809,way/1078532568
L100000401441,way/1274396508-400
L100000401446,way/1274396508-400
L100000401448,way/1078532568
L100000401454,way/25422135-400
L100000401453,way/1078532568
L100000401456,way/1274396508-400
L100000103755,way/1078532568
L100000103756,way/1078532568
L100000406411,way/109189896
L100000406412,way/375626500
L100000406413,way/636630368
L100000406414,way/1078532568
L100000407585,way/642490160
L100000103775,way/1078532568
L100000407586,way/636630368
L100000407588,way/375626500
L100000407635,way/642490160
L100000407636,way/1078532568
L100000407637,way/375626500
L100000407638,way/1078532568
L100000407646,way/642490160
L100000407718,way/1274396508-400
L100000407719,way/536905500
L100000407762,way/109189896
L100000407763,way/375626500
L100000407945,way/1078532568
L100000408863,way/109189896
L100000408864,way/568527671
L100000408865,way/642490160
L100000408852,way/642490160
L100000408853,way/1274396508-400
L100000408855,way/642490160
L100000400748,way/1078532568
L100000408857,way/1078532568
L100000408858,way/636630368
L100000408910,way/375626500
L100000408909,way/1078532568
L100000408930,way/568527671
L100000409134,way/1274396508-400
L100000500188,way/642490160
L100000500373,way/642490160
L100000500374,way/536905500
L100000500375,way/636630368
L100000500376,way/297840585
L100000500378,way/25422135-400
L100000603695,way/297840585
L100000603696,way/297840585
L100000603697,way/297840585
L100000603699,way/297840585
L100000603700,way/1078532568
L100000603701,way/297840585
L100000603703,way/297840585
L100000603704,way/1274396508-400
L100000603706,way/297840585
L100000603707,way/297840585
L100000603708,way/297840585
L100000603709,way/1078532568
L100000603710,way/297840585
L100000603711,way/1262971878
L100000603712,way/297840585
L100000603698,way/297840585
L100000603702,way/297840585
L100000603705,way/297840585
L100000700252,way/1274396508-400
L100000805696,way/25422135-400
L100000805705,way/1078532568
L100000805706,way/375626500
L100000805710,way/1078532568
L100000805712,way/1078532568
L100000805714,way/137050527
L100000805716,way/636630368
L100000805734,way/775577829
L100000805735,way/25422135-400
L100000805746,way/636630368
L100000805747,way/1078532568
L100000805750,way/109189896
L100000805751,way/636630368
L100000805772,way/636630368
L100000805803,way/25422135-400
L100000805848,way/1078532568
L100000805849,way/642490160
L100000805855,way/636630368
L100000805857,way/636630368
L100000805858,way/260836695
L100000805880,way/1078532568
L100000805888,way/1078532568
L100000805892,way/642490160
L100000805893,way/109189896
L100000805894,way/25422135-400
L100000805903,way/25422135-400
L100000805911,way/636630368
L100000805926,way/1274396508-400
L100000805927,way/636630368
L100000805951,way/636630368
L100000806024,way/109189896
L100000806026,way/1078532568
L100000806100,way/636630368
L100000806105,way/1274396508-400
L100000806117,way/1078532568
L100000806119,way/636630368
L100000806120,way/636630368
L100000806134,way/636630368
L100000806135,way/636630368
L100000806136,way/25422135-400
L100000806137,way/23281217
L100000806140,way/25422135-400
L100000806142,way/25422135-400
L100000806143,way/636630368
L100000806144,way/109189896
L100000806145,way/1274396508-400
L100000806146,way/25422135-400
L100000806147,way/1078532568
L100000806160,way/109189896
L100000806161,way/1274396508-400
L100000806167,way/1078532568
L100000806169,way/636630368
L100000806179,way/636630368
L100000806180,way/636630368
L100000806212,way/636630368
L100000806219,way/636630368
L100000806220,way/636630368
L100000806221,way/1078532568
L100000806222,way/25422135-400
L100000806223,way/1274396508-400
L100000806224,way/25422135-400
L100000806244,way/568527671
L100000806245,way/568527671
L100000806246,way/375626500
L100000806247,way/1274396508-400
L100000806248,way/375626500
L100000806250,way/642490160
L100000806251,way/1078532568
L100000806252,way/636630368
L100000806254,way/1078532568
L100000806255,way/636630368
L100000806256,way/1078532568
L100000806257,way/1078532568
L100000806258,way/137050527
L100000806259,way/137050527
L100000806260,way/1078532568
L100000806261,way/1078532568
L100000806268,way/109189896
L100000806317,way/25422135-400
L100000806318,way/636630368
L100000806319,way/636630368
L100000806320,way/109189896
L100000806323,way/636630368
L100000806343,way/636630368
L100000806344,way/636630368
L100000806345,way/636630368
L100000806346,way/375626500
L100000806348,way/636630368
L100000806349,way/636630368
L100000806362,way/25422135-400
L100000806370,way/260836695
L100000806383,way/568527671
L100000806384,way/1078532568
L100000806404,way/1078532568
L100000806414,way/1078532568
L100000806423,way/1078532568
L100000806452,way/636630368
L100000806453,way/636630368
L100000806457,way/23281217
L100000806495,way/1078532568
L100000806497,way/636630368
L100000806499,way/636630368
L100000806500,way/1078532568
L100000806501,way/375626500
L100000806502,way/636630368
L100000806516,way/1078532568
L100000806517,way/636630368
L100000806518,way/636630368
L100000806519,way/636630368
L100000806520,way/636630368
L100000806521,way/636630368
L100000806522,way/375626500
L100000806523,way/375626500
L100000806524,way/636630368
L100000806560,way/1078532568
L100000806564,way/1078532568
L100000806565,way/642490160
L100000806567,way/137050527
L100000806568,way/1274396508-400
L100000806569,way/1078532568
L100000806570,way/642490160
L100000806571,way/636630368
L100000806572,way/642490160
L100000806573,way/642490160
L100000806576,way/25422135-400
L100000806577,way/137050527
L100000806578,way/568527671
L100000806579,way/109189896
L100000806580,way/1274396508-400
L100000806581,way/375626500
L100000806583,way/1078532568
L100000806584,way/1078532568
L100000806585,way/109189896
L100000806586,way/375626500
L100000806589,way/109189896
L100000806590,way/109189896
L100000806592,way/636630368
L100000806594,way/636630368
L100000806595,way/636630368
L100000806596,way/636630368
L100000806597,way/375626500
L100000806598,way/109189896
L100000806599,way/1078532568
L100000806600,way/25422135-400
L100000806608,way/1078532568
L100000806609,way/25422135-400
L100000806611,way/109189896
L100000806631,way/25422135-400
L100000806632,way/636630368
L100000806633,way/25422135-400
L100000806634,way/25422135-400
L100000806635,way/25422135-400
L100000806636,way/375626500
L100000806637,way/1078532568
L100000806638,way/636630368
L100000806652,way/1078532568
L100000806653,way/1078532568
L100000806655,way/636630368
L100000806661,way/25422135-400
L100000806695,way/109189896
L100000806708,way/109189896
L100000806709,way/109189896
L100000806710,way/1274396508-400
L100000806713,way/1274396508-400
L100000806732,way/636630368
L100000806741,way/636630368
L100000806748,way/25422135-400
L100000806752,way/25422135-400
L100000806757,way/148382435
L100000806758,way/1078532568
L100000806759,way/568527671
L100000806788,way/636630368
L100000806792,way/1078532568
L100000806793,way/1078532568
L100000806803,way/636630368
L100000806806,way/636630368
L100000806807,way/375626500
L100000806808,way/1274396508-400
L100000806813,way/1274396508-400
L100000806820,way/260836695
L100000806821,way/636630368
L100000806849,way/1078532568
L100000806859,way/25422135-400
L100000806866,way/1078532568
L100000806871,way/1078532568
L100000806872,way/775577829
L100000806901,way/1274396508-400
L100000806902,way/636630368
L100000806903,way/636630368
L100000806904,way/25422135-400
L100000806911,way/636630368
L100000806912,way/1078532568
L100000806915,way/1274396508-400
L100000806917,way/260836695
L100000806920,way/1078532568
L100000806922,way/636630368
L100000825017,way/375626500
L100000825018,way/23281217
L100000825019,way/1078532568
L100000825020,way/636630368
L100000825021,way/1274396508-400
L100000825022,way/260836695
L100000825023,way/1274396508-400
L100000825024,way/636630368
L100000825025,way/636630368
L100000825026,way/1274396508-400
L100000825037,way/1274396508-400
L100000825038,way/25422135-400
L100000825039,way/636630368
L100000825040,way/25422135-400
L100000825041,way/642490160
L100000825042,way/375626500
L100000825043,way/25422135-400
L100000825045,way/1274396508-400
L100000825046,way/642490160
L100000825047,way/536905500
L100000825048,way/297840585
L100000825051,way/636630368
L100000825052,way/636630368
L100000825053,way/375626500
L100000825055,way/1274396508-400
L100000825056,way/636630368
L100000825057,way/642490160
L100000825058,way/1078532568
L100000825059,way/260836695
L100000825060,way/636630368
L100000825061,way/636630368
L100000825062,way/1274396508-400
L100000825063,way/636630368
L100000825064,way/297840585
L100000825065,way/1078532568
L100000825067,way/375626500
L100000825068,way/1078532568
L100000825069,way/375626500
L100000825071,way/636630368
L100000825072,way/375626500
L100000825073,way/1078532568
L100000825074,way/642490160
L100000825075,way/375626500
L100000825076,way/375626500
L100000825077,way/375626500
L100000825078,way/25422135-400
L100000825079,way/1078532568
L100000825080,way/297840585
L100000825081,way/636630368
L100000825082,way/636630368
L100000825083,way/636630368
L100000825084,way/1078532568
L100000825085,way/636630368
L100000825086,way/642490160
L100000825087,way/636630368
L100000825088,way/25422135-400
L100000825089,way/375626500
L100000825090,way/1078532568
L100000825091,way/1274396508-400
L100000825092,way/636630368
L100000825093,way/1274396508-400
L100000825094,way/636630368
L100000825095,way/636630368
L100000825096,way/297840585
L100000825097,way/536905500
L100000825098,way/137050527
L100000825099,way/297840585
L100000825100,way/568527671
L100000825101,way/636630368
L100000825102,way/137050527
L100000825103,way/137050527
L100000825104,way/568527671
L100000825105,way/568527671
L100000825106,way/137050527
L100000825107,way/636630368
L100000825108,way/636630368
L100000825109,way/25422135-400
L100000825110,way/25422135-400
L100000825112,way/1078532568
L100000825113,way/636630368
L100000825114,way/25422135-400
L100000825115,way/636630368
L100000825116,way/375626500
L100000825117,way/109189896
L100000825118,way/1274396508-400
L100000825119,way/25422135-400
L100000825120,way/636630368
L100000825121,way/642490160
L100000825122,way/109189896
L100000825123,way/1078532568
L100000825124,way/109189896
L100000825125,way/636630368
L100000825126,way/25422135-400
L100000825127,way/1274396508-400
L100000825128,way/636630368
L100000825129,way/636630368
L100000825130,way/636630368
L100000825131,way/636630368
L100000825132,way/636630368
L100000825134,way/1274396508-400
L100000825135,way/375626500
L100000825136,way/636630368
L100000825137,way/23281217
L100000825138,way/375626500
L100000825139,way/1078532568
L100000825141,way/636630368
L100000825143,way/568527671
L100000825144,way/1274396508-400
L100000825145,way/23281217
L100000825146,way/1078532568
L100000825147,way/636630368
L100000825148,way/636630368
L100000825149,way/1078532568
L100000825150,way/1274396508-400
L100000825151,way/375626500
L100000825152,way/636630368
L100000825153,way/1078532568
L100000825154,way/1078532568
L100000825155,way/636630368
L100000825156,way/297840585
L100000825157,way/636630368
L100000825158,way/109189896
L100000825159,way/109189896
L100000825160,way/109189896
L100000825161,way/375626500
L100000825162,way/636630368
L100000825163,way/636630368
L100000825164,way/1078532568
L100000825165,way/1078532568
L100000825166,way/636630368
L100000825167,way/375626500
L100000825168,way/1078532568
L100000825169,way/636630368
L100000825170,way/1274396508-400
L100000825171,way/636630368
L100000825172,way/636630368
L100000825173,way/636630368
L100000825174,way/25422135-400
L100000825175,way/25422135-400
L100000825176,way/642490160
L100000825177,way/642490160
L100000825178,way/636630368
L100000825179,way/109189896
L100000825180,way/1274396508-400
L100000825181,way/1078532568
L100000825182,way/1274396508-400
L100000825183,way/1078532568
L100000825184,way/137050527
L100000825185,way/1274396508-400
L100000825186,way/1078532568
L100000825187,way/636630368
L100000825188,way/375626500
L100000825189,way/636630368
L100000825190,way/636630368
L100000825191,way/636630368
L100000825192,way/636630368
L100000825194,way/636630368
L100000825195,way/636630368
L100000825196,way/636630368
L100000825197,way/1078532568
L100000825198,way/375626500
L100000825199,way/1078532568
L100000825200,way/636630368
L100000825201,way/25422135-400
L100000825202,way/1274396508-400
L100000825203,way/636630368
L100000825204,way/25422135-400
L100000825205,way/1078532568
L100000825206,way/1078532568
L100000825207,way/1274396508-400
L100000825208,way/636630368
L100000825209,way/1078532568
L100000825210,way/375626500
L100000825211,way/375626500
L100000825212,way/25422135-400
L100000825213,way/375626500
L100000825214,way/375626500
L100000825215,way/636630368
L100000825216,way/375626500
L100000825218,way/642490160
L100000825219,way/636630368
L100000825220,way/1274396508-400
L100000825221,way/636630368
L100000825222,way/636630368
L100000825223,way/636630368
L100000825224,way/568527671
L100000825226,way/1274396508-400
L100000825228,way/1274396508-400
L100000825229,way/1274396508-400
L100000825230,way/1274396508-400
L100000825231,way/1274396508-400
L100000825232,way/375626500
L100000825234,way/636630368
L100000825235,way/1274396508-400
L100000825236,way/1078532568
L100000825237,way/1078532568
L100000825238,way/636630368
L100000825239,way/1274396508-400
L100000825240,way/25422135-400
L100000825241,way/636630368
L100000825242,way/25422135-400
L100000825243,way/375626500
L100000825244,way/375626500
L100000825245,way/375626500
L100000825246,way/642490160
L100000825247,way/25422135-400
L100000825248,way/636630368
L100000825249,way/1274396508-400
L100000825250,way/375626500
L100000825252,way/642490160
L100000825253,way/1078532568
L100000825254,way/1078532568
L100000825255,way/109189896
L100000825256,way/375626500
L100000825257,way/636630368
L100000825258,way/109189896
L100000825259,way/1078532568
L100000825260,way/260836695
L100000825261,way/1274396508-400
L100000825262,way/568527671
L100000825263,way/568527671
L100000825264,way/1078532568
L100000825265,way/642490160
L100000825266,way/1274396508-400
L100000825267,way/636630368
L100000825268,way/1078532568
L100000825269,way/636630368
L100000825270,way/636630368
L100000825271,way/109189896
L100000825272,way/1078532568
L100000825273,way/25422135-400
L100000825274,way/109189896
L100000825275,way/1274396508-400
L100000825277,way/1274396508-400
L100000825278,way/1078532568
L100000825279,way/1274396508-400
L100000825280,way/1274396508-400
L100000825281,way/25422135-400
L100000825282,way/1274396508-400
L100000825283,way/1274396508-400
L100000825284,way/1078532568
L100000825287,way/375626500
L100000825289,way/636630368
L100000825290,way/636630368
L100000825291,way/636630368
L100000825292,way/23281217
L100000825293,way/1274396508-400
L100000825294,way/1274396508-400
L100000825296,way/1274396508-400
L100000825297,way/636630368
L100000825298,way/297840585
L100000825299,way/1274396508-400
L100000825302,way/636630368
L100000825303,way/775577829
L100000825304,way/1078532568
L100000825305,way/375626500
L100000825306,way/25422135-400
L100000825307,way/636630368
L100000825308,way/260836695
L100000825309,way/636630368
L100000825310,way/568527671
L100000825311,way/636630368
L100000825312,way/25422135-400
L100000825313,way/636630368
L100000825314,way/1078532568
L100000806925,way/1078532568
L100000825315,way/636630368
L100000825316,way/636630368
L100000825317,way/1078532568
L100000825318,way/636630368
L100000825319,way/1274396508-400
L100000825320,way/109189896
L100000825321,way/636630368
L100000825322,way/636630368
L100000825323,way/25422135-400
L100000825324,way/25422135-400
L100000825325,way/636630368
L100000825326,way/636630368
L100000825327,way/636630368
L100000825328,way/1078532568
L100000825330,way/1078532568
L100000825331,way/375626500
L100000825332,way/1274396508-400
L100000825333,way/375626500
L100000825334,way/1274396508-400
L100000825335,way/1078532568
L100000825336,way/1078532568
L100000825337,way/636630368
L100000825338,way/1274396508-400
L100000825339,way/375626500
L100000825340,way/1078532568
L100000825341,way/25422135-400
L100000825342,way/1274396508-400
L100000825343,way/1274396508-400
L100000825345,way/25422135-400
L100000825346,way/375626500
L100000825347,way/375626500
L100000825348,way/375626500
L100000825349,way/375626500
L100000825350,way/568527671
L100000825351,way/636630368
L100000825352,way/1274396508-400
L100000825353,way/636630368
L100000825354,way/642490160
L100000825356,way/1274396508-400
L100000825357,way/1274396508-400
L100000825358,way/1078532568
L100000825360,way/25422135-400
L100000825361,way/1274396508-400
L100000825362,way/636630368
L100000825363,way/1078532568
L100000825364,way/109189896
L100000825365,way/636630368
L100000825366,way/375626500
L100000825367,way/375626500
L100000825368,way/636630368
L100000825369,way/636630368
L100000825371,way/636630368
L100000825372,way/375626500
L100000825373,way/375626500
L100000825375,way/636630368
L100000825376,way/375626500
L100000825377,way/1274396508-400
L100000825378,way/636630368
L100000825379,way/1078532568
L100000825380,way/1078532568
L100000825381,way/375626500
L100000825382,way/1078532568
L100000825383,way/1078532568
L100000825384,way/375626500
L100000825385,way/636630368
L100000825386,way/1274396508-400
L100000825387,way/375626500
L100000825388,way/1274396508-400
L100000825389,way/1078532568
L100000825391,way/1078532568
L100000825392,way/109189896
L100000825393,way/636630368
L100000825394,way/25422135-400
L100000825395,way/636630368
L100000825396,way/109189896
L100000825397,way/636630368
L100000825398,way/636630368
L100000825399,way/1274396508-400
L100000825400,way/109189896
L100000825401,way/1078532568
L100000825402,way/1078532568
L100000825403,way/1078532568
L100000825404,way/375626500
L100000825405,way/1274396508-400
L100000825406,way/1274396508-400
L100000825407,way/137050527
L100000825408,way/636630368
L100000825409,way/375626500
L100000825410,way/109189896
L100000825411,way/25422135-400
L100000825412,way/636630368
L100000825413,way/1078532568
L100000825414,way/1078532568
L100000825415,way/1078532568
L100000825416,way/636630368
L100000825417,way/260836695
L100000825418,way/1274396508-400
L100000825419,way/260836695
L100000825421,way/23281217
L100000825422,way/260836695
L100000825423,way/568527671
L100000825424,way/636630368
L100000825425,way/636630368
L100000825426,way/636630368
L100000825428,way/1274396508-400
L100000825429,way/1274396508-400
L100000825430,way/1274396508-400
L100000825431,way/1274396508-400
L100000825432,way/1274396508-400
L100000825433,way/137050527
L100000825434,way/1078532568
L100000825435,way/1274396508-400
L100000825436,way/1078532568
L100000825437,way/1078532568
L100000825438,way/375626500
L100000825439,way/636630368
L100000825440,way/1078532568
L100000825441,way/1274396508-400
L100000825442,way/1274396508-400
L100000825443,way/1078532568
L100000825445,way/23281217
L100000825446,way/636630368
L100000825447,way/375626500
L100000825449,way/1274396508-400
L100000825450,way/1078532568
L100000825451,way/25422135-400
L100000825452,way/1274396508-400
L100000825453,way/636630368
L100000825454,way/636630368
L100000825455,way/636630368
L100000825457,way/636630368
L100000825458,way/375626500
L100000825459,way/260836695
L100000825460,way/297840585
L100000825461,way/1078532568
L100000825462,way/109189896
L100000825463,way/1078532568
L100000825465,way/375626500
L100000825466,way/636630368
L100000825467,way/568527671
L100000825468,way/297840585
L100000825469,way/636630368
L100000825470,way/137050527
L100000825471,way/636630368
L100000825472,way/1274396508-400
L100000825473,way/636630368
L100000825474,way/568527671
L100000825475,way/642490160
L100000825476,way/1078532568
L100000825477,way/297840585
L100000825478,way/636630368
L100000825479,way/642490160
L100000825480,way/1078532568
L100000825481,way/1078532568
L100000825482,way/636630368
L100000825483,way/636630368
L100000825484,way/636630368
L100000825485,way/636630368
L100000825486,way/297840585
L100000825487,way/1078532568
L100000825488,way/636630368
L100000825489,way/25422135-400
L100000825490,way/1078532568
L100000825491,way/1274396508-400
L100000825492,way/375626500
L100000825493,way/109189896
L100000825494,way/636630368
L100000825495,way/1078532568
L100000825496,way/636630368
L100000825497,way/23281217
L100000825498,way/25422135-400
L100000825499,way/1078532568
L100000825500,way/1078532568
L100000825501,way/568527671
L100000825502,way/375626500
L100000825503,way/1078532568
L100000825504,relation/10695345
L100000825505,relation/10695345
L100000825506,way/1274396508-400
L100000825507,way/1274396508-400
L100000825508,way/1078532568
L100000825509,way/568527671
L100000825510,way/642490160
L100000825511,way/1078532568
L100000825512,way/1078532568
L100000825513,way/636630368
L100000825514,way/642490160
L100000825515,way/25422135-400
L100000825517,way/375626500
L100000825518,way/375626500
L100000825519,way/375626500
L100000825520,way/375626500
L100000825521,way/1078532568
L100000825522,way/1274396508-400
L100000825523,way/1078532568
L100000825524,way/25422135-400
L100000825525,way/375626500
L100000825526,way/1274396508-400
L100000825527,way/297840585
L100000825528,way/636630368
L100000825529,way/1078532568
L100000825530,way/636630368
L100000825531,way/636630368
L100000825532,way/109189896
L100000825533,way/109189896
L100000825534,way/536905500
L100000825535,way/636630368
L100000825536,way/636630368
L100000825537,way/1078532568
L100000825538,way/25422135-400
L100000825539,way/375626500
L100000825540,way/109189896
L100000825541,way/1078532568
L100000825542,way/109189896
L100000825543,way/1078532568
L100000825544,way/1078532568
L100000825545,way/636630368
L100000825546,way/1274396508-400
L100000825547,way/1274396508-400
L100000825548,way/1274396508-400
L100000825549,way/1274396508-400
L100000825550,way/568527671
L100000825551,way/642490160
L100000825552,way/636630368
L100000825553,way/1078532568
L100000825554,way/1274396508-400
L100000825555,way/375626500
L100000825556,way/636630368
L100000825557,way/137050527
L100000825558,way/25422135-400
L100000825559,way/636630368
L100000825560,way/636630368
L100000825561,way/636630368
L100000825562,way/1078532568
L100000825563,way/536905500
L100000825564,way/1274396508-400
L100000825565,way/636630368
L100000825566,way/1078532568
L100000825568,way/636630368
L100000825569,way/1078532568
L100000825570,way/1078532568
L100000825571,way/636630368
L100000825572,way/636630368
L100000825573,way/1274396508-400
L100000825574,way/109189896
L100000825575,way/1078532568
L100000825576,way/636630368
L100000825577,way/109189896
L100000825578,way/568527671
L100000825579,way/636630368
L100000825580,way/25422135-400
L100000825582,way/375626500
L100000825583,way/636630368
L100000825584,way/1274396508-400
L100000825585,way/1274396508-400
L100000825586,way/25422135-400
L100000825587,way/1274396508-400
L100000825590,way/568527671
L100000825591,way/25422135-400
L100000825592,way/375626500
L100000825593,way/636630368
L100000825594,way/636630368
L100000825596,way/109189896
L100000825597,way/636630368
L100000825598,way/636630368
L100000825599,way/1274396508-400
L100000825600,way/636630368
L100000825601,way/1274396508-400
L100000825602,way/1274396508-400
L100000825603,way/636630368
L100000825604,way/1078532568
L100000825605,way/642490160
L100000825606,way/636630368
L100000825607,way/109189896
L100000825608,way/1078532568
L100000825609,way/1078532568
L100000825610,way/1274396508-400
L100000825611,way/1078532568
L100000825612,way/137050527
L100000825613,way/137050527
L100000825614,way/1274396508-400
L100000825615,way/297840585
L100000825616,way/1078532568
L100000825617,way/297840585
L100000825618,way/1078532568
L100000825619,way/636630368
L100000825622,way/375626500
L100000825623,way/636630368
L100000825624,way/260836695
L100000825625,way/636630368
L100000825626,way/375626500
L100000825627,way/1078532568
L100000825628,way/1274396508-400
L100000825629,way/25422135-400
L100000825630,way/636630368
L100000825631,way/1078532568
L100000825632,way/109189896
L100000825633,way/1274396508-400
L100000825634,relation/10695345
L100000825635,way/636630368
L100000825636,way/636630368
L100000825637,way/636630368
L100000825638,way/1078532568
L100000825639,way/1274396508-400
L100000825640,way/1078532568
L100000825641,way/1078532568
L100000825642,way/1078532568
L100000825643,way/1078532568
L100000825644,way/375626500
L100000825645,way/636630368
L100000825646,way/1078532568
L100000825647,way/636630368
L100000825648,way/636630368
L100000825649,way/1274396508-400
L100000825650,way/1078532568
L100000825651,way/636630368
L100000825652,way/375626500
L100000825653,way/642490160
L100000825654,way/25422135-400
L100000825655,way/375626500
L100000825656,way/25422135-400
L100000825657,way/636630368
L100000825658,way/1078532568
L100000825659,way/1078532568
L100000825660,way/636630368
L100000825661,way/636630368
L100000825662,way/1078532568
L100000825663,way/775577829
L100000825664,way/1078532568
L100000825665,way/109189896
L100000825667,way/1274396508-400
L100000825668,way/109189896
L100000825669,way/1274396508-400
L100000825670,way/375626500
L100000825671,way/375626500
L100000825672,way/636630368
L100000825674,way/25422135-400
L100000825675,way/636630368
L100000825676,way/25422135-400
L100000825677,way/25422135-400
L100000825678,way/1078532568
L100000825679,way/636630368
L100000825680,way/636630368
L100000825681,way/25422135-400
L100000825682,way/1078532568
L100000825683,way/636630368
L100000825684,way/636630368
L100000825685,relation/10695345
L100000825686,way/25422135-400
L100000825687,way/636630368
L100000825688,way/25422135-400
L100000825689,way/1078532568
L100000825690,way/1078532568
L100000825691,way/109189896
L100000825692,way/636630368
L100000825694,way/1078532568
L100000825695,way/636630368
L100000825696,way/1274396508-400
L100000825697,way/1078532568
L100000825698,way/642490160
L100000825699,way/375626500
L100000825700,way/636630368
L100000825701,way/375626500
L100000825702,way/1078532568
L100000825703,way/1274396508-400
L100000825704,way/1078532568
L100000825705,way/636630368
L100000825706,way/636630368
L100000825707,way/636630368
L100000825708,way/1274396508-400
L100000825709,way/1274396508-400
L100000825710,way/1274396508-400
L100000825711,way/375626500
L100000825712,way/642490160
L100000825713,way/1274396508-400
L100000825714,way/375626500
L100000825715,way/1078532568
L100000825716,way/1078532568
L100000825717,way/1078532568
L100000825718,way/642490160
L100000825719,way/148382435
L100000825720,way/636630368
L100000825721,way/375626500
L100000825722,way/375626500
L100000825723,way/636630368
L100000825724,way/636630368
L100000825725,way/636630368
L100000825726,way/636630368
L100000825727,way/636630368
L100000825728,way/1274396508-400
L100000825729,way/1274396508-400
L100000825730,way/1274396508-400
L100000825731,way/1078532568
L100000825732,way/109189896
L100000825733,way/109189896
L100000825734,way/1078532568
L100000825735,way/636630368
L100000825737,way/636630368
L100000825738,way/636630368
L100000825739,way/636630368
L100000825740,way/375626500
L100000825741,way/636630368
L100000825742,way/1078532568
L100000825743,way/636630368
L100000825744,way/568527671
L100000825745,way/1274396508-400
L100000825746,way/1078532568
L100000825747,way/25422135-400
L100000825748,way/1078532568
L100000825749,way/25422135-400
L100000825750,way/1274396508-400
L100000825751,way/568527671
L100000825752,way/1078532568
L100000825753,way/636630368
L100000825754,way/25422135-400
L100000825755,way/375626500
L100000825756,way/636630368
L100000825757,way/636630368
L100000825758,way/1274396508-400
L100000825759,relation/10695345
L100000825760,way/636630368
L100000825761,way/1078532568
L100000825762,way/636630368
L100000825763,way/636630368
L100000825764,way/636630368
L100000825765,way/375626500
L100000825766,way/25422135-400
L100000825767,way/636630368
L100000825768,way/636630368
L100000825769,way/1078532568
L100000825770,way/1274396508-400
L100000825771,way/260836695
L100000825772,way/636630368
L100000825773,way/23281217
L100000825774,way/636630368
L100000825775,way/1274396508-400
L100000825776,way/636630368
L100000825777,way/636630368
L100000825778,way/636630368
L100000825779,way/568527671
L100000825780,way/642490160
L100000825781,way/1274396508-400
L100000825782,way/375626500
L100000825783,way/1078532568
L100000825784,way/636630368
L100000825785,way/1078532568
L100000825786,way/636630368
L100000825787,way/636630368
L100000825788,way/636630368
L100000825789,way/25422135-400
L100000825790,way/375626500
L100000825791,way/636630368
L100000825792,way/636630368
L100000825793,way/636630368
L100000825794,way/1078532568
L100000825795,way/109189896
L100000825797,way/109189896
L100000825798,way/1078532568
L100000825799,way/636630368
L100000825800,way/1078532568
L100000825801,way/25422135-400
L100000825802,way/375626500
L100000825803,way/1078532568
L100000825805,way/1078532568
L100000825806,way/109189896
L100000825807,way/109189896
L100000825808,way/636630368
L100000825809,way/25422135-400
L100000825810,way/375626500
L100000825811,way/375626500
L100000825812,way/642490160
L100000825813,way/1274396508-400
L100000825815,way/1274396508-400
L100000825817,way/260836695
L100000825818,way/1078532568
L100000825819,way/375626500
L100000825820,way/297840585
L100000825821,way/1274396508-400
L100000825822,way/375626500
L100000825823,way/636630368
L100000825824,way/23281217
L100000825825,way/636630368
L100000825826,way/1078532568
L100000825827,way/25422135-400
L100000825828,way/109189896
L100000825829,way/375626500
L100000825830,way/1274396508-400
L100000825831,way/1274396508-400
L100000825832,way/1274396508-400
L100000825833,way/1078532568
L100000825834,way/636630368
L100000825835,way/1078532568
L100000825836,way/1274396508-400
L100000825837,way/636630368
L100000825838,way/568527671
L100000825839,way/642490160
L100000825840,way/109189896
L100000825841,way/1274396508-400
L100000825842,way/1078532568
L100000825843,way/636630368
L100000825845,way/1274396508-400
L100000825846,way/1078532568
L100000825849,way/137050527
L100000825850,way/297840585
L100000825851,way/1274396508-400
L100000825852,way/1274396508-400
L100000825853,way/1078532568
L100000825854,way/1078532568
L100000825855,way/1078532568
L100000825856,way/375626500
L100000825857,way/636630368
L100000825858,way/636630368
L100000825859,way/636630368
L100000825860,way/1274396508-400
L100000825861,way/375626500
L100000825862,way/109189896
L100000825863,way/636630368
L100000825864,way/636630368
L100000825865,way/1078532568
L100000825866,way/1078532568
L100000825867,way/636630368
L100000825868,way/636630368
L100000825869,way/1078532568
L100000825870,way/375626500
L100000825871,way/260836695
L100000825872,way/1274396508-400
L100000825873,way/375626500
L100000825874,way/1078532568
L100000825875,way/23281217
L100000825876,way/137050527
L100000825877,way/1078532568
L100000825878,way/375626500
L100000825879,way/636630368
L100000825880,way/636630368
L100000825881,way/375626500
L100000825882,way/642490160
L100000825883,way/1078532568
L100000825884,way/260836695
L100000825885,way/636630368
L100000825886,way/1078532568
L100000825887,way/1078532568
L100000825888,way/1078532568
L100000825889,way/1078532568
L100000825890,way/636630368
L100000825891,way/1078532568
L100000825892,way/1274396508-400
L100000825893,way/1078532568
L100000825894,way/1078532568
L100000825895,way/1274396508-400
L100000825896,way/1274396508-400
L100000825897,way/775577829
L100000825898,way/636630368
L100000825899,way/1078532568
L100000825900,way/1078532568
L100000825901,way/636630368
L100000825903,way/1274396508-400
L100000825904,way/375626500
L100000825907,way/260836695
L100000825909,way/297840585
L100000825911,way/636630368
L100000825912,way/375626500
L100000825913,way/1078532568
L100000825914,way/636630368
L100000825915,way/1078532568
L100000825916,way/636630368
L100000825917,way/636630368
L100000825918,way/109189896
L100000825919,way/1078532568
L100000825920,way/109189896
L100000825921,way/109189896
L100000825922,way/1078532568
L100000825923,way/1078532568
L100000825924,way/1078532568
L100000825925,way/109189896
L100000825926,way/25422135-400
L100000825927,way/375626500
L100000825928,way/636630368
L100000825929,way/375626500
L100000825930,way/642490160
L100000825931,way/636630368
L100000825932,way/1274396508-400
L100000825934,way/636630368
L100000825935,way/636630368
L100000825936,way/636630368
L100000825937,way/375626500
L100000825938,way/636630368
L100000825939,way/23281217
L100000825940,way/375626500
L100000825941,way/636630368
L100000825942,way/636630368
L100000825943,way/636630368
L100000825944,way/636630368
L100000825945,way/636630368
L100000825946,way/1274396508-400
L100000825947,way/25422135-400
L100000825948,way/375626500
L100000825949,way/1078532568
L100000825951,way/642490160
L100000825952,way/1274396508-400
L100000825953,way/636630368
L100000825954,way/1078532568
L100000825955,way/375626500
L100000825956,way/568527671
L100000825957,way/1274396508-400
L100000825958,way/1274396508-400
L100000825959,way/1274396508-400
L100000825961,way/109189896
L100000825962,way/568527671
L100000825963,way/636630368
L100000825964,way/636630368
L100000825965,way/109189896
L100000825966,way/1078532568
L100000825967,way/1078532568
L100000825968,way/109189896
L100000825969,way/636630368
L100000825970,way/636630368
L100000825971,way/375626500
L100000825972,way/1274396508-400
L100000825973,way/1078532568
L100000825974,way/636630368
L100000825975,way/109189896
L100000825976,way/1274396508-400
L100000825977,way/1078532568
L100000825978,way/636630368
L100000825979,way/636630368
L100000825980,way/1078532568
L100000825981,way/636630368
L100000825982,way/375626500
L100000825983,way/1078532568
L100000825984,way/636630368
L100000825985,way/636630368
L100000825986,way/636630368
L100000825987,relation/10695345
L100000825988,way/375626500
L100000825989,way/1274396508-400
L100000825990,way/297840585
L100000825991,way/636630368
L100000825992,way/636630368
L100000825993,way/109189896
L100000825994,way/636630368
L100000825995,way/636630368
L100000825996,way/636630368
L100000825997,relation/10695345
L100000825998,way/636630368
L100000825999,way/1078532568
L100000826000,way/636630368
L100000826001,way/25422135-400
L100000826002,way/23281217
L100000826004,way/1078532568
L100000826005,way/1078532568
L100000826006,way/25422135-400
L100000826007,way/1078532568
L100000826008,way/375626500
L100000826009,way/109189896
L100000826010,way/1078532568
L100000826011,way/1274396508-400
L100000826012,way/1078532568
L100000826013,way/1078532568
L100000826014,way/636630368
L100000826015,way/25422135-400
L100000826016,way/568527671
L100000826017,way/375626500
L100000826018,way/1274396508-400
L100000826019,way/375626500
L100000826020,way/636630368
L100000826021,way/109189896
L100000826022,way/636630368
L100000826023,way/642490160
L100000826024,way/137050527
L100000826027,way/25422135-400
L100000826029,relation/10695345
L100000826030,way/1078532568
L100000826031,way/636630368
L100000826032,way/1078532568
L100000826033,way/636630368
L100000826034,way/1078532568
L100000826035,way/137050527
L100000826036,way/775577829
L100000826037,way/375626500
L100000826038,way/636630368
L100000826039,way/568527671
L100000826040,way/636630368
L100000826041,way/642490160
L100000826042,way/636630368
L100000826043,way/375626500
L100000826044,way/636630368
L100000826045,way/1274396508-400
L100000826046,way/1274396508-400
L100000826047,way/1274396508-400
L100000826050,way/109189896
L100000826051,way/1078532568
L100000826052,way/375626500
L100000826053,way/536905500
L100000826054,way/642490160
L100000826055,way/636630368
L100000826057,way/1274396508-400
L100000826058,way/1274396508-400
L100000826059,way/1274396508-400
L100000826060,way/1274396508-400
L100000826061,way/23281217
L100000826062,way/1078532568
L100000826063,way/636630368
L100000826064,way/1078532568
L100000826065,way/636630368
L100000826067,way/642490160
L100000826069,way/636630368
L100000826070,way/23281217
L100000826071,way/25422135-400
L100000826072,way/25422135-400
L100000826073,way/636630368
L100000826074,way/636630368
L100000826075,way/375626500
L100000826076,way/568527671
L100000826077,way/642490160
L100000826078,way/636630368
L100000826079,way/636630368
L100000826080,way/636630368
L100000826081,way/636630368
L100000826082,way/1274396508-400
L100000826083,way/636630368
L100000826084,way/1274396508-400
L100000826085,way/1274396508-400
L100000826086,way/1078532568
L100000826087,way/1274396508-400
L100000806639,way/642490160
L100000826088,way/642490160
L100000826089,way/636630368
L100000826090,way/1078532568
L100000826091,way/636630368
L100000826092,way/636630368
L100000826093,way/636630368
L100000826094,way/1078532568
L100000826095,way/642490160
L100000826096,way/375626500
L100000826097,way/642490160
L100000826098,way/1274396508-400
L100000826099,way/636630368
L100000826100,way/375626500
L100000826101,way/25422135-400
L100000826102,way/568527671
L100000826104,way/636630368
L100000826105,way/636630368
L100000826106,way/636630368
L100000826107,way/25422135-400
L100000826108,way/642490160
L100000826109,way/1078532568
L100000826110,way/260836695
L100000826111,way/1274396508-400
L100000826112,way/375626500
L100000826113,way/1078532568
L100000826114,way/1274396508-400
L100000826115,way/375626500
L100000826116,way/375626500
L100000826117,way/1078532568
L100000826118,way/636630368
L100000826119,way/25422135-400
L100000826120,way/1078532568
L100000826121,way/642490160
L100000826122,way/1274396508-400
L100000826123,way/260836695
L100000826124,way/636630368
L100000826125,way/375626500
L100000826126,way/636630368
L100000826127,way/23281217
L100000826128,way/1078532568
L100000826129,way/636630368
L100000826130,way/1078532568
L100000826131,way/1078532568
L100000826132,way/109189896
L100000826133,way/636630368
L100000826134,way/25422135-400
L100000826136,way/1078532568
L100000826137,way/23281217
L100000826138,way/636630368
L100000826139,way/642490160
L100000826140,way/375626500
L100000826141,way/1274396508-400
L100000826142,way/109189896
L100000826143,way/636630368
L100000826144,way/636630368
L100000826145,way/642490160
L100000826146,way/1078532568
L100000826147,way/375626500
L100000826148,way/1078532568
L100000826149,way/25422135-400
L100000826150,way/25422135-400
L100000826151,way/109189896
L100000826152,way/636630368
L100000826153,way/636630368
L100000826154,way/636630368
L100000826155,way/636630368
L100000826156,way/1078532568
L100000826157,way/375626500
L100000826158,way/109189896
L100000826159,way/1078532568
L100000826161,way/1274396508-400
L100000826162,way/1274396508-400
L100000826163,way/260836695
L100000826164,way/1274396508-400
L100000826165,way/1274396508-400
L100000826166,way/636630368
L100000826167,way/1078532568
L100000826168,way/25422135-400
L100000826169,way/636630368
L100000826170,way/636630368
L100000826171,way/636630368
L100000826172,way/375626500
L100000826173,way/109189896
L100000826174,way/636630368
L100000826175,way/636630368
L100000826176,way/636630368
L100000826177,way/568527671
L100000826178,way/636630368
L100000826179,way/636630368
L100000826180,way/636630368
L100000826181,way/636630368
L100000826182,way/636630368
L100000826183,way/636630368
L100000826184,way/23281217
L100000826185,way/23281217
L100000826186,way/25422135-400
L100000826189,way/636630368
L100000826190,way/636630368
L100000826191,way/109189896
L100000826192,way/1274396508-400
L100000826193,way/1274396508-400
L100000826194,way/1274396508-400
L100000826195,way/1274396508-400
L100000826196,way/1274396508-400
L100000826197,way/1078532568
L100000826198,way/636630368
L100000826200,way/1274396508-400
L100000826201,way/1274396508-400
L100000826202,way/1274396508-400
L100000826203,way/1274396508-400
L100000826204,way/636630368
L100000826205,way/1274396508-400
L100000826206,way/375626500
L100000826207,way/1078532568
L100000826208,way/1078532568
L100000826209,way/642490160
L100000826210,way/636630368
L100000826211,way/636630368
L100000826212,way/375626500
L100000826213,way/1078532568
L100000826214,way/1078532568
L100000826215,way/636630368
L100000826216,way/636630368
L100000826218,way/375626500
L100000826219,way/636630368
L100000826220,way/1274396508-400
L100000826221,way/636630368
L100000826222,way/636630368
L100000826223,way/636630368
L100000826224,way/25422135-400
L100000826225,way/636630368
L100000826226,way/1078532568
L100000826227,way/1078532568
L100000826228,way/1274396508-400
L100000826229,way/25422135-400
L100000826230,way/1274396508-400
L100000826231,way/1078532568
L100000826232,way/1078532568
L100000826233,way/260836695
L100000826234,way/636630368
L100000826235,way/636630368
L100000826236,way/1274396508-400
L100000826237,way/636630368
L100000826238,way/1078532568
L100000826239,way/1078532568
L100000826240,way/636630368
L100000826241,way/636630368
L100000826242,way/109189896
L100000826243,way/109189896
L100000826244,way/375626500
L100000826245,way/109189896
L100000826246,way/568527671
L100000826247,way/1078532568
L100000826248,way/636630368
L100000826249,way/375626500
L100000826250,way/1078532568
L100000826251,way/375626500
L100000826252,way/25422135-400
L100000826253,way/1078532568
L100000826254,way/1274396508-400
L100000826255,way/636630368
L100000826256,way/25422135-400
L100000826257,way/25422135-400
L100000826258,way/636630368
L100000826259,way/636630368
L100000826260,way/636630368
L100000826261,way/636630368
L100000826262,way/636630368
L100000826263,way/636630368
L100000826264,way/636630368
L100000826265,way/375626500
L100000826266,way/1078532568
L100000826267,way/1078532568
L100000826269,way/636630368
L100000826270,way/375626500
L100000826271,way/636630368
L100000826272,way/375626500
L100000826273,way/25422135-400
L100000826274,way/1078532568
L100000826276,way/636630368
L100000826277,way/1078532568
L100000826279,way/1274396508-400
L100000826280,way/1078532568
L100000826281,way/636630368
L100000826282,way/1078532568
L100000826283,way/1274396508-400
L100000826284,way/1274396508-400
L100000826285,way/25422135-400
L100000826287,way/636630368
L100000826288,way/260836695
L100000826289,way/375626500
L100000826290,way/1274396508-400
L100000826291,way/636630368
L100000826292,way/375626500
L100000826293,way/636630368
L100000826294,way/636630368
L100000826295,way/109189896
L100000826296,way/536905500
L100000826297,way/25422135-400
L100000826298,way/636630368
L100000826299,way/636630368
L100000826300,way/636630368
L100000826301,way/1078532568
L100000826302,way/636630368
L100000826303,way/636630368
L100000826304,way/25422135-400
L100000826305,way/1078532568
L100000826306,way/636630368
L100000826307,way/1274396508-400
L100000826308,way/1274396508-400
L100000826309,way/375626500
L100000826310,way/636630368
L100000826311,way/636630368
L100000826312,way/297840585
L100000826313,way/636630368
L100000826314,way/1078532568
L100000826315,way/109189896
L100000826316,way/260836695
L100000826317,way/636630368
L100000826318,way/636630368
L100000826319,way/1078532568
L100000826320,way/1078532568
L100000826321,way/375626500
L100000826322,way/375626500
L100000826323,way/636630368
L100000826324,way/636630368
L100000826325,way/636630368
L100000826326,way/1078532568
L100000826327,way/642490160
L100000826328,way/1078532568
L100000826329,way/375626500
L100000826330,way/375626500
L100000826331,way/25422135-400
L100000826332,way/536905500
L100000826333,way/636630368
L100000826334,way/636630368
L100000826335,way/636630368
L100000826336,way/375626500
L100000826337,way/1274396508-400
L100000826338,way/1274396508-400
L100000826339,way/1274396508-400
L100000826340,way/636630368
L100000826341,way/636630368
L100000826342,way/636630368
L100000826343,way/636630368
L100000826345,way/375626500
L100000826346,way/1078532568
L100000826347,way/1078532568
L100000826348,way/1274396508-400
L100000826349,way/636630368
L100000826350,way/1078532568
L100000826351,way/568527671
L100000826352,way/636630368
L100000826353,way/636630368
L100000826354,way/636630368
L100000826355,way/636630368
L100000826356,way/1078532568
L100000826357,way/375626500
L100000826358,way/636630368
L100000826359,way/636630368
L100000826360,way/109189896
L100000826361,way/636630368
L100000826362,way/375626500
L100000826363,way/375626500
L100000826364,way/1078532568
L100000826365,way/1078532568
L100000826366,way/636630368
L100000826367,way/636630368
L100000826369,way/137050527
L100000826370,way/636630368
L100000826371,way/260836695
L100000826372,way/636630368
L100000826373,way/375626500
L100000826374,way/1078532568
L100000826375,way/636630368
L100000826376,way/642490160
L100000826378,way/297840585
L100000826379,way/1078532568
L100000826380,way/642490160
L100000826381,way/1078532568
L100000826383,way/1078532568
L100000826385,way/1078532568
L100000826386,way/636630368
L100000826387,way/636630368
L100000826388,way/1078532568
L100000826389,way/1078532568
L100000826390,way/25422135-400
L100000826391,way/1078532568
L100000826392,way/636630368
L100000826393,way/1078532568
L100000826394,way/636630368
L100000826395,way/137050527
L100000826396,way/137050527
L100000826397,way/25422135-400
L100000826398,way/1274396508-400
L100000826399,way/636630368
L100000826400,way/642490160
L100000826401,way/1078532568
L100000826402,way/1078532568
L100000826403,way/109189896
L100000826404,way/636630368
L100000826405,way/109189896
L100000826408,way/375626500
L100000826409,way/1078532568
L100000826410,way/1274396508-400
L100000826411,way/1078532568
L100000826412,way/636630368
L100000826413,way/636630368
L100000826414,way/375626500
L100000826415,way/536905500
L100000826416,way/636630368
L100000826417,way/375626500
L100000826418,way/636630368
L100000826419,way/1274396508-400
L100000826420,way/1274396508-400
L100000826421,way/636630368
L100000826422,way/636630368
L100000826423,way/636630368
L100000826424,way/536905500
L100000826426,way/1078532568
L100000826427,way/636630368
L100000826428,way/109189896
L100000826429,way/636630368
L100000826430,way/375626500
L100000826431,way/1078532568
L100000826432,way/375626500
L100000826433,way/25422135-400
L100000826434,way/1274396508-400
L100000826435,way/568527671
L100000826436,way/636630368
L100000826437,way/23281217
L100000826438,way/642490160
L100000826440,way/568527671
L100000826441,way/636630368
L100000826442,way/636630368
L100000826443,way/1078532568
L100000826444,way/536905500
L100000826445,way/636630368
L100000826446,way/297840585
L100000826447,way/109189896
L100000826448,way/636630368
L100000826449,way/636630368
L100000826450,way/375626500
L100000826451,way/636630368
L100000826452,way/1078532568
L100000826453,way/642490160
L100000826454,way/375626500
L100000826455,way/636630368
L100000826456,way/636630368
L100000826457,way/23281217
L100000826458,way/636630368
L100000826459,way/1078532568
L100000826460,way/636630368
L100000826461,way/1078532568
L100000826463,way/375626500
L100000826464,way/1274396508-400
L100000826465,way/636630368
L100000826466,way/1078532568
L100000826467,way/25422135-400
L100000826468,way/1078532568
L100000826469,way/636630368
L100000826470,way/568527671
L100000826471,way/25422135-400
L100000826472,way/1078532568
L100000826473,way/636630368
L100000826474,way/636630368
L100000826475,way/375626500
L100000826476,way/1078532568
L100000826477,way/642490160
L100000826478,way/375626500
L100000826479,way/636630368
L100000826480,way/636630368
L100000826481,way/1078532568
L100000826482,way/25422135-400
L100000826483,way/636630368
L100000826484,way/1274396508-400
L100000826485,way/636630368
L100000826486,way/375626500
L100000826487,way/1078532568
L100000826488,way/636630368
L100000826489,way/1078532568
L100000826490,way/636630368
L100000826491,way/1274396508-400
L100000826492,way/636630368
L100000826493,way/109189896
L100000826494,way/1078532568
L100000826495,way/1078532568
L100000826496,way/1078532568
L100000826497,way/375626500
L100000826498,way/1078532568
L100000826499,way/1274396508-400
L100000826500,way/636630368
L100000826501,way/636630368
L100000826502,way/636630368
L100000826503,way/636630368
L100000826504,way/636630368
L100000826505,way/375626500
L100000826506,way/636630368
L100000826507,way/636630368
L100000826508,way/375626500
L100000826509,way/375626500
L100000826510,way/375626500
L100000826511,way/636630368
L100000826512,way/297840585
L100000826513,way/636630368
L100000826514,way/109189896
L100000826515,way/636630368
L100000826516,way/1078532568
L100000826517,way/1078532568
L100000826518,way/568527671
L100000826519,way/636630368
L100000826520,way/568527671
L100000826521,way/375626500
L100000826522,way/375626500
L100000826523,way/636630368
L100000826524,relation/10695345
L100000826525,way/1078532568
L100000826526,way/1078532568
L100000826527,way/1078532568
L100000826528,way/642490160
L100000826529,way/25422135-400
L100000826530,way/25422135-400
L100000826531,way/375626500
L100000826532,way/109189896
L100000826533,relation/10695345
L100000826534,way/1078532568
L100000826535,way/1078532568
L100000826536,way/636630368
L100000826537,way/375626500
L100000826538,way/25422135-400
L100000826539,way/375626500
L100000826540,way/636630368
L100000826541,way/109189896
L100000826542,way/1078532568
L100000826543,way/636630368
L100000826544,way/1078532568
L100000826545,way/375626500
L100000826546,way/1078532568
L100000826547,way/636630368
L100000826548,way/25422135-400
L100000826549,way/375626500
L100000826550,way/1078532568
L100000826552,way/1274396508-400
L100000826553,way/1274396508-400
L100000826554,way/1274396508-400
L100000826555,way/1274396508-400
L100000826556,way/1274396508-400
L100000826557,way/1274396508-400
L100000826559,way/1274396508-400
L100000826560,way/1274396508-400
L100000826561,way/1274396508-400
L100000826562,way/1274396508-400
L100000826563,way/1274396508-400
L100000826564,way/1274396508-400
L100000826565,way/1274396508-400
L100000826566,way/1274396508-400
L100000826567,way/1274396508-400
L100000826569,way/1274396508-400
L100000826570,way/25422135-400
L100000826571,way/636630368
L100000826572,way/636630368
L100000826573,way/636630368
L100000826574,way/636630368
L100000826575,way/636630368
L100000826576,way/1078532568
L100000826577,way/1078532568
L100000826578,way/1078532568
L100000826579,way/636630368
L100000826580,way/1078532568
L100000826581,way/1078532568
L100000826582,way/375626500
L100000826583,way/636630368
L100000826584,way/1078532568
L100000826585,way/375626500
L100000826587,way/636630368
L100000826588,way/1274396508-400
L100000826589,way/1274396508-400
L100000826590,way/1274396508-400
L100000826592,way/636630368
L100000826593,way/642490160
L100000826594,way/636630368
L100000826595,way/636630368
L100000826596,way/636630368
L100000826597,way/636630368
L100000826598,way/375626500
L100000826599,way/375626500
L100000826600,way/1274396508-400
L100000826601,way/636630368
L100000826602,way/642490160
L100000826603,way/642490160
L100000826604,way/375626500
L100000826605,way/375626500
L100000826606,way/375626500
L100000826607,way/636630368
L100000826608,way/636630368
L100000826609,way/1078532568
L100000826610,way/636630368
L100000826611,way/1078532568
L100000826612,way/1274396508-400
L100000826613,way/636630368
L100000826614,way/1078532568
L100000826615,way/1078532568
L100000826616,way/1078532568
L100000826617,way/109189896
L100000826618,way/636630368
L100000826619,way/636630368
L100000826620,way/1078532568
L100000826621,way/1274396508-400
L100000826623,way/1078532568
L100000826624,way/375626500
L100000826625,way/642490160
L100000826626,way/568527671
L100000826627,way/636630368
L100000826628,way/636630368
L100000826629,way/1078532568
L100000826630,way/25422135-400
L100000826631,way/375626500
L100000826632,way/636630368
L100000826633,way/1274396508-400
L100000826634,way/1078532568
L100000826635,way/1078532568
L100000826637,way/1078532568
L100000826638,way/636630368
L100000826639,way/568527671
L100000826640,way/1078532568
L100000826641,way/636630368
L100000826642,way/1078532568
L100000826643,way/1274396508-400
L100000826644,way/1274396508-400
L100000826646,way/260836695
L100000826647,way/297840585
L100000826648,way/1274396508-400
L100000826649,way/109189896
L100000826650,way/1274396508-400
L100000826651,way/636630368
L100000826652,way/642490160
L100000826653,way/1274396508-400
L100000826654,way/568527671
L100000826655,way/137050527
L100000826656,way/375626500
L100000826657,way/1274396508-400
L100000826658,way/260836695
L100000826659,way/636630368
L100000826660,way/568527671
L100000826661,way/1274396508-400
L100000826662,way/642490160
L100000826663,way/636630368
L100000826664,way/636630368
L100000826665,way/636630368
L100000826668,way/636630368
L100000826669,way/636630368
L100000826670,way/536905500
L100000826671,way/375626500
L100000826672,way/636630368
L100000826673,way/636630368
L100000826674,way/1078532568
L100000826675,way/1274396508-400
L100000826676,way/1078532568
L100000826677,way/1274396508-400
L100000826678,way/1274396508-400
L100000826679,way/375626500
L100000826680,way/1274396508-400
L100000826681,way/636630368
L100000826682,way/636630368
L100000826683,way/25422135-400
L100000826684,way/297840585
L100000826685,way/636630368
L100000826686,way/636630368
L100000826687,way/1274396508-400
L100000826689,way/109189896
L100000826690,way/636630368
L100000826691,way/636630368
L100000826692,way/636630368
L100000826693,way/636630368
L100000826694,way/109189896
L100000826695,way/109189896
L100000826696,way/1078532568
L100000826697,way/1078532568
L100000826698,way/23281217
L100000826699,way/1078532568
L100000826700,way/1274396508-400
L100000826701,way/25422135-400
L100000826702,way/375626500
L100000826703,way/1274396508-400
L100000826704,way/636630368
L100000826705,way/636630368
L100000826706,way/1274396508-400
L100000826708,way/636630368
L100000826709,way/1274396508-400
L100000826710,way/1274396508-400
L100000826711,way/109189896
L100000826712,way/1078532568
L100000826713,way/1078532568
L100000826714,way/109189896
L100000826715,way/636630368
L100000826716,way/375626500
L100000826717,way/636630368
L100000826719,way/25422135-400
L100000826720,way/1274396508-400
L100000826721,way/260836695
L100000826722,way/1078532568
L100000826723,way/375626500
L100000826724,way/25422135-400
L100000826726,way/642490160
L100000826727,way/375626500
L100000826728,way/1274396508-400
L100000826730,way/775577829
L100000826731,way/636630368
L100000826733,way/636630368
L100000826734,way/642490160
L100000826735,way/375626500
L100000826736,way/568527671
L100000826737,way/636630368
L100000826738,way/636630368
L100000826739,way/642490160
L100000826740,way/1274396508-400
L100000826741,way/375626500
L100000826742,way/636630368
L100000826743,way/642490160
L100000826744,way/1078532568
L100000826745,way/636630368
L100000826746,way/1078532568
L100000826747,way/636630368
L100000826750,way/260836695
L100000826751,way/375626500
L100000907724,way/1078532568
L100000907730,way/568527671
L100000907756,way/137050527
L100000907763,way/568527671
L100000907770,way/1274396508-400
L100000907782,way/1078532568
L100000907796,way/642490160
L100000907804,way/375626500
L100000907805,way/1274396508-400
L100000907814,way/568527671
L100000907837,way/1274396508-400
L100000907851,way/297840585
L100000907868,way/297840585
L100000907891,way/642490160
L100000907894,way/536905500
L100000907963,way/642490160
L100000907997,way/1078532568
L100000908001,way/297840585
L100000908024,way/568527671
L100000908029,way/297840585
L100000908052,way/297840585
L100000908126,way/1274396508-400
L100000908141,way/1078532568
L100000908189,way/568527671
L100000908191,way/1274396508-400
L100000908212,way/568527671
L100000908231,way/568527671
L100000908235,way/568527671
L100000908245,way/636630368
L100000908247,way/137050527
L100000908249,way/297840585
L100000908272,way/1078532568
L100000908287,way/375626500
L100000908295,way/568527671
L100000908296,way/1078532568
L100000908308,way/642490160
L100000908312,way/1078532568
L100000908313,way/25422135-400
L100000908314,way/1078532568
L100000908316,way/1078532568
L100000908334,way/642490160
L100000908340,way/137050527
L100000908356,way/297840585
L100000908360,way/297840585
L100000908377,way/1274396508-400
L100000908531,way/137050527
L100000908585,way/137050527
L100000908616,way/536905500
L100000908646,way/260836695
L100000908664,way/25422135-400
L100000908673,way/137050527
L100000908679,way/1274396508-400
L100000908704,way/297840585
L100000908724,way/375626500
L100000908769,way/297840585
L100000908821,way/137050527
L100000908890,way/260836695
L100000908898,way/1078532568
L100000908909,way/1078532568
L100000908914,way/1274396508-400
L100000908928,way/25422135-400
L100000908991,way/642490160
L100000909036,way/536905500
L100000909093,way/568527671
L100000909096,way/568527671
L100000909098,way/297840585
L100000909102,way/137050527
L100000909109,way/642490160
L100000909118,way/1274396508-400
L100000909211,way/1078532568
L100000909216,way/297840585
L100000909281,way/642490160
L100000909291,way/109189896
L100000909293,way/297840585
L100000909376,way/297840585
L100000909386,way/568527671
L100000909389,way/1078532568
L100000909391,way/642490160
L100000909395,way/297840585
L100000909402,way/375626500
L100000909405,way/1078532568
L100000909414,way/375626500
L100000909420,way/137050527
L100000909427,way/568527671
L100000909433,way/1078532568
L100000909442,way/1274396508-400
L100000909448,way/642490160
L100000909453,way/23281217
L100000909454,way/1078532568
L100000909463,way/636630368
L100000909466,way/137050527
L100000909494,way/297840585
L100000909509,way/568527671
L100000909671,way/297840585
L100000908932,way/642490160
L100000909672,way/297840585
L100000909705,way/375626500
L100000909713,way/636630368
L100000909716,way/642490160
L100000909722,way/1274396508-400
L100000909726,way/137050527
L100000909733,way/137050527
L100000909734,way/137050527
L100000909735,way/642490160
L100000909739,way/137050527
L100000909740,way/642490160
L100000909747,way/137050527
L100000909748,way/25422135-400
L100000909774,way/137050527
L100000909836,way/1078532568
L100000909860,way/1078532568
L100000909947,way/1078532568
L100000909950,way/1078532568
L100000909953,way/1078532568
L100000909967,way/1274396508-400
L100000909969,way/297840585
L100000910038,way/1078532568
L100000910056,way/642490160
L100000910064,way/1078532568
L100000908271,way/297840585
L100000910090,way/1078532568
L100000910097,way/1078532568
L100000910105,way/1274396508-400
L100000910117,way/1078532568
L100000910118,way/25422135-400
L100000910123,way/297840585
L100000910128,way/297840585
L100000910191,way/297840585
L100000910193,way/297840585
L100000910201,way/137050527
L100000910202,way/137050527
L100000910203,way/137050527
L100000910234,way/137050527
L100000910241,way/375626500
L100000910242,way/137050527
L100000910249,way/23281217
L100000910291,way/1078532568
L100000910296,way/568527671
L100000910307,way/137050527
L100000910313,way/297840585
L100000910327,way/297840585
L100000910332,way/137050527
L100000910392,way/1078532568
L100000910431,way/642490160
L100000910439,way/148382435
L100000910440,way/1274396508-400
L100000910450,way/1274396508-400
L100000910453,way/297840585
L100000910459,way/297840585
L100000910461,way/568527671
L100000910480,way/1078532568
L100000910504,way/375626500
L100000910509,way/375626500
L100000910532,way/1078532568
L100000910566,way/375626500
L100000910572,way/297840585
L100000910318,way/375626500
L100000910686,way/1078532568
L100000910691,way/137050527
L100000910711,way/137050527
L100000910713,way/1274396508-400
L100000910727,way/1078532568
L100000910728,way/1274396508-400
L100000910730,way/1078532568
L100000910732,way/1078532568
L100000910856,way/1262971878
L100000910865,way/1262971878
L100000910923,way/1078532568
L100000910924,way/1078532568
L100000910929,way/568527671
L100000909457,way/1274396508-400
L100000910958,way/568527671
L100000910959,way/109189896
L100000910970,way/137050527
L100000910971,way/297840585
L100000910987,way/636630368
L100000911024,way/297840585
L100000911026,way/1274396508-400
L100000911036,way/568527671
L100000911142,way/568527671
L100000911144,way/1274396508-400
L100000911145,way/1262971878
L100000911163,way/1274396508-400
L100000911185,way/375626500
L100000911246,way/1078532568
L100000911280,way/297840585
L100000911287,way/1078532568
L100000911299,way/297840585
L100000911313,way/568527671
L100000911315,way/137050527
L100000911321,way/568527671
L100000911326,way/568527671
L100000911334,way/642490160
L100000911351,way/137050527
L100000911424,way/297840585
L100000911428,way/148382435
L100000911430,way/148382435
L100000911434,way/137050527
L100000911435,way/137050527
L100000911458,way/1078532568
L100000911490,way/1078532568
L100000911497,way/109189896
L100000911506,way/1274396508-400
L100000911516,way/137050527
L100000911517,way/1078532568
L100000911518,way/297840585
L100000911575,way/642490160
L100000911576,way/137050527
L100000911587,way/1262971878
L100000911608,way/1078532568
L100000911658,way/1274396508-400
L100000911678,way/1274396508-400
L100000911714,way/137050527
L100000911717,way/148382435
L100000911743,way/568527671
L100000911747,way/568527671
L100000911748,way/1274396508-400
L100000911749,way/1274396508-400
L100000911756,way/642490160
L100000911757,way/297840585
L100000911762,way/642490160
L100000911765,way/137050527
L100000911771,way/137050527
L100000911779,way/109189896
L100000911782,way/568527671
L100000911794,way/297840585
L100000911795,way/137050527
L100000911833,way/137050527
L100000911837,way/137050527
L100000911844,way/137050527
L100000911893,way/568527671
L100000908683,way/137050527
L100000911982,way/1274396508-400
L100000911987,way/297840585
L100000912005,way/297840585
L100000911544,way/137050527
L100000912054,way/148382435
L100000910238,way/297840585
L100000912102,way/148382435
L100000912156,way/297840585
L100000912163,way/297840585
L100000912164,way/297840585
L100000912165,way/297840585
L100000912169,way/1274396508-400
L100000909723,way/137050527
L100000912184,way/1262971878
L100000912189,way/1274396508-400
L100000912192,way/297840585
L100000912193,way/1078532568
L100000912294,way/137050527
L100000912310,way/137050527
L100000912319,way/297840585
L100000909840,way/375626500
L100000912335,way/137050527
L100000912413,way/1078532568
L100000912415,way/297840585
L100000912424,way/148382435
L100000912461,way/1274396508-400
L100000912470,way/297840585
L100000912505,way/25422135-400
L100000912511,way/1078532568
L100000912523,way/297840585
L100000912548,way/642490160
L100000912569,way/1078532568
L100000912572,way/1274396508-400
L100000912575,way/1262971878
L100000912585,way/148382435
L100000912597,way/137050527
L100000912600,way/137050527
L100000912607,way/568527671
L100000912622,way/137050527
L100000912632,way/568527671
L100000912653,way/297840585
L100000912733,way/297840585
L100000912740,way/297840585
L100000912741,way/642490160
L100000912759,way/297840585
L100000912760,way/297840585
L100000912775,way/297840585
L100000909873,way/568527671
L100000912798,way/642490160
L100000912800,way/1274396508-400
L100000912856,way/25422135-400
L100000912858,way/1078532568
L100000912872,way/568527671
L100000912873,way/1078532568
L100000912891,way/297840585
L100000907878,way/297840585
L100000912902,way/375626500
L100000912921,way/297840585
L100000911786,way/137050527
L100000912952,way/297840585
L100000912966,way/148382435
L100000912970,way/1274396508-400
L100000912972,way/1078532568
L100000912977,way/1078532568
L100000912978,way/568527671
L100000908656,way/137050527
L100000912988,way/568527671
L100000913007,way/297840585
L100000913034,way/297840585
L100000913040,way/297840585
L100000913059,way/568527671
L100000913060,way/137050527
L100000913092,way/642490160
L100000913094,way/642490160
L100000913096,way/642490160
L100000913097,way/1078532568
L100000913106,way/568527671
L100000913113,way/568527671
L100000913173,way/137050527
L100000913174,way/1078532568
L100000913181,way/1262971878
L100000913184,way/1262971878
L100000913186,way/297840585
L100000913187,way/568527671
L100000913197,way/642490160
L100000913203,way/568527671
L100000913214,way/297840585
L100000913219,way/297840585
L100000913236,way/137050527
L100000913237,way/297840585
L100000913274,way/568527671
L100000909438,way/1078532568
L100000913360,way/568527671
L100000913370,way/642490160
L100000913407,way/297840585
L100000913417,way/1274396508-400
L100000913421,way/297840585
L100000910988,way/642490160
L100000913441,way/375626500
L100000913447,way/297840585
L100000913458,way/568527671
L100000913506,way/1274396508-400
L100000913559,way/297840585
L100000910200,way/137050527
L100000913569,way/297840585
L100000911461,way/297840585
L100000913582,way/1078532568
L100000913583,way/1274396508-400
L100000913626,way/297840585
L100000913634,way/1078532568
L100000913650,way/297840585
L100000913674,way/568527671
L100000913693,way/375626500
L100000913696,way/568527671
L100000913713,way/297840585
L100000913751,way/1262971878
L100000913755,way/1274396508-400
L100000913758,way/137050527
L100000913767,way/148382435
L100000913777,way/297840585
L100000913842,way/297840585
L100000913844,way/297840585
L100000913850,way/297840585
L100000913856,way/568527671
L100000913858,way/375626500
L100000913878,way/1262971878
L100000913882,way/297840585
L100000913883,way/642490160
L100000913886,way/297840585
L100000913888,way/297840585
L100000913922,way/642490160
L100000913960,way/137050527
L100000913967,way/297840585
L100000913972,way/297840585
L100000913988,way/568527671
L100000914018,way/297840585
L100000914025,way/1274396508-400
L100000914026,way/1274396508-400
L100000914028,way/568527671
L100000912939,way/297840585
L100000914044,way/1262971878
L100000914051,way/568527671
L100000914057,way/568527671
L100000909935,way/642490160
L100000914105,way/297840585
L100000914109,way/137050527
L100000914125,way/1274396508-400
L100000914154,way/1262971878
L100000914171,way/137050527
L100000914212,way/568527671
L100000914222,way/297840585
L100000914275,way/1274396508-400
L100000914309,way/297840585
L100000914314,way/568527671
L100000914316,way/642490160
L100000914342,way/297840585
L100000914344,way/137050527
L100000914347,way/297840585
L100000914349,way/642490160
L100000914408,way/137050527
L100000914457,way/297840585
L100000914489,way/1078532568
L100000914499,way/1262971878
L100000914551,way/1262971878
L100000914572,way/297840585
L100000914589,way/297840585
L100000914593,way/297840585
L100000914641,way/1262971878
L100000914650,way/297840585
L100000914651,way/1262971878
L100000914652,way/375626500
L100000914659,way/642490160
L100000914674,way/642490160
L100000914675,way/297840585
L100000913783,way/137050527
L100000914692,way/568527671
L100000914442,way/297840585
L100000914762,way/568527671
L100000910169,way/297840585
L100000914772,way/1262971878
L100000914781,way/297840585
L100000914790,way/297840585
L100000914820,way/297840585
L100000914823,way/23281217
L100000914825,way/297840585
L100000914343,way/297840585
L100000914830,way/1262971878
L100000914832,way/1262971878
L100000914833,way/297840585
L100000914900,way/1262971878
L100000914952,way/568527671
L100000915090,way/1274396508-400
L100000915093,way/297840585
L100000915105,way/297840585
L100000915119,way/568527671
L100000915133,way/568527671
L100000915137,way/297840585
L100000915150,way/568527671
L100000915163,way/642490160
L100000915168,way/137050527
L100000915173,way/1262971878
L100000915174,way/297840585
L100000915176,way/642490160
L100000915210,way/148382435
L100000915224,way/1274396508-400
L100000915226,way/568527671
L100000915228,way/297840585
L100000915229,way/297840585
L100000915243,way/1274396508-400
L100000915252,way/1262971878
L100000915262,way/297840585
L100000915265,way/568527671
L100000915294,way/1274396508-400
L100000915298,way/25422135-400
L100000915315,way/148382435
L100000915318,way/642490160
L100000915320,way/297840585
L100000915337,way/568527671
L100000913976,way/375626500
L100000915353,way/1274396508-400
L100000915354,way/297840585
L100000914235,way/1262971878
L100000915379,way/297840585
L100000915382,way/297840585
L100000915385,way/297840585
L100000915386,way/1262971878
L100000915388,way/1078532568
L100000915397,way/297840585
L100000915402,way/1274396508-400
L100000915409,way/297840585
L100000915439,way/297840585
L100000915465,way/1262971878
L100000915466,way/148382435
L100000915491,way/297840585
L100000915501,way/148382435
L100000915549,way/1262971878
L100000915557,way/297840585
L100000915560,way/297840585
L100000915562,way/642490160
L100000915456,way/148382435
L100000915595,way/297840585
L100000915599,way/1274396508-400
L100000915601,way/536905500
L100000915604,way/375626500
L100000915624,way/1274396508-400
L100000915633,way/297840585
L100000915635,way/1262971878
L100000915640,way/568527671
L100000915642,way/1262971878
L100000915657,way/1274396508-400
L100000915662,way/260836695
L100000915663,way/260836695
L100000915670,way/1078532568
L100000915671,way/1078532568
L100000915702,way/568527671
L100000915729,way/568527671
L100000909354,way/297840585
L100000915748,way/297840585
L100000915592,way/148382435
L100000915817,way/297840585
L100000915829,way/568527671
L100000915840,way/297840585
L100000909888,way/297840585
L100000914289,way/642490160
L100000915878,way/297840585
L100000915892,way/536905500
L100000915907,way/297840585
L100000915945,way/297840585
L100000915946,way/568527671
L100000915957,way/642490160
L100000915963,way/536905500
L100000915959,way/297840585
L100000915994,way/568527671
L100000916001,way/1078532568
L100000916007,way/1078532568
L100000916016,way/297840585
L100000916017,way/1274396508-400
L100000916018,way/297840585
L100000916030,way/297840585
L100000916051,way/568527671
L100000916060,way/1078532568
L100000916072,way/1078532568
L100000916099,way/260836695
L100000916102,relation/10695345
L100000916121,way/25422135-400
L100000916143,way/25422135-400
L100000916146,way/568527671
L100000916161,way/536905500
L100000916174,way/636630368
L100000916178,way/1078532568
L100000916149,way/568527671
L100000916193,way/642490160
L100000916225,way/25422135-400
L100000916228,way/297840585
L100000916232,way/1274396508-400
L100000916236,way/568527671
L100000916028,relation/10695345
L100000916257,way/25422135-400
L100000916267,way/642490160
L100000916287,way/568527671
L100000916297,way/1078532568
L100000916309,way/1274396508-400
L100000916318,way/642490160
L100000916333,way/642490160
L100000916347,way/25422135-400
L100000916348,way/25422135-400
L100000916355,way/642490160
L100000920341,way/137050527
L100000920833,way/568527671
L100000920834,way/1274396508-400
L100000920835,way/636630368
L100000920836,way/568527671
L100000920837,way/1262971878
L100000920839,way/642490160
L100000920841,way/297840585
L100000920842,way/1078532568
L100000920843,way/568527671
L100000920844,way/636630368
L100000920845,way/1078532568
L100000920846,way/137050527
L100000920847,way/636630368
L100000920848,way/1274396508-400
L100000920849,way/568527671
L100000920850,way/568527671
L100000920851,way/297840585
L100000920852,way/297840585
L100000920853,way/297840585
L100000920854,way/297840585
L100000920856,way/297840585
L100000920857,way/568527671
L100000920858,way/536905500
L100000920859,way/568527671
L100000920860,way/297840585
L100000920861,way/568527671
L100000920863,way/568527671
L100000920864,way/636630368
L100000920865,way/636630368
L100000920866,way/636630368
L100000920867,way/568527671
L100000920868,way/568527671
L100000920870,way/137050527
L100000920871,way/148382435
L100000920872,way/148382435
L100000920874,way/1078532568
L100000920876,way/297840585
L100000920877,way/148382435
L100000920878,way/148382435
L100000920879,way/1078532568
L100000920880,way/568527671
L100000920881,way/636630368
L100000920882,way/1274396508-400
L100000920883,way/109189896
L100000920886,way/297840585
L100000920887,way/1274396508-400
L100000920888,way/568527671
L100000920890,way/137050527
L100000920892,way/1262971878
L100000920893,way/137050527
L100000920894,way/642490160
L100000920895,way/568527671
L100000920896,way/137050527
L100000920897,way/375626500
L100000920898,way/1274396508-400
L100000920899,way/297840585
L100000920900,way/642490160
L100000920901,way/642490160
L100000920903,way/25422135-400
L100000920904,way/642490160
L100000920905,way/636630368
L100000920906,way/375626500
L100000920907,way/568527671
L100000920908,way/568527671
L100000920910,way/568527671
L100000910753,way/568527671
L100000920911,way/1078532568
L100000920912,way/568527671
L100000920913,way/1274396508-400
L100000920914,way/568527671
L100000920916,way/642490160
L100000920917,way/568527671
L100000920918,way/297840585
L100000920919,way/568527671
L100000920920,way/1274396508-400
L100000920921,way/568527671
L100000920922,way/568527671
L100000920923,way/297840585
L100000920925,way/568527671
L100000920928,way/1078532568
L100000920929,way/568527671
L100000920931,way/568527671
L100000920932,way/568527671
L100000920933,way/568527671
L100000920934,way/568527671
L100000920935,way/568527671
L100000920936,way/1078532568
L100000920937,way/148382435
L100000920938,way/1078532568
L100000920939,way/568527671
L100000920940,way/260836695
L100000920941,way/297840585
L100000920947,way/568527671
L100000920948,way/568527671
L100000920949,way/1078532568
L100000920950,way/375626500
L100000920951,way/636630368
L100000920952,way/636630368
L100000920953,way/25422135-400
L100000920954,way/568527671
L100000920955,way/568527671
L100000920956,way/137050527
L100000920957,way/137050527
L100000920958,way/568527671
L100000920959,way/1274396508-400
L100000920960,way/297840585
L100000920961,way/1274396508-400
L100000920962,way/137050527
L100000920963,way/137050527
L100000920965,way/568527671
L100000920966,way/297840585
L100000920967,way/1274396508-400
L100000920968,way/137050527
L100000920969,way/137050527
L100000920970,way/1078532568
L100000920973,way/568527671
L100000920974,way/1078532568
L100000920975,way/297840585
L100000920976,way/1274396508-400
L100000920977,way/1274396508-400
L100000920978,way/1274396508-400
L100000920979,way/568527671
L100000920980,way/1078532568
L100000920981,way/568527671
L100000920982,way/25422135-400
L100000920983,way/536905500
L100000920984,way/297840585
L100000920985,way/1078532568
L100000920986,way/260836695
L100000920987,way/1078532568
L100000920988,way/297840585
L100000920989,way/297840585
L100000920991,way/137050527
L100000920992,way/568527671
L100000920993,way/137050527
L100000920994,way/297840585
L100000920995,way/137050527
L100000920996,way/642490160
L100000920997,way/1274396508-400
L100000920998,way/642490160
L100000920999,way/260836695
L100000921004,way/1078532568
L100000921006,way/297840585
L100000921007,way/568527671
L100000921008,way/568527671
L100000921009,way/642490160
L100000921011,way/137050527
L100000921012,way/1078532568
L100000921013,way/137050527
L100000921014,way/568527671
L100000921015,way/642490160
L100000921016,way/536905500
L100000921017,way/1078532568
L100000921018,way/642490160
L100000921020,way/568527671
L100000921021,way/568527671
L100000921022,way/109189896
L100000921023,way/109189896
L100000921025,way/297840585
L100000921026,way/568527671
L100000921027,way/568527671
L100000921028,way/1274396508-400
L100000921029,way/1078532568
L100000921031,way/568527671
L100000921032,way/568527671
L100000921033,way/1078532568
L100000921034,way/1274396508-400
L100000921037,way/375626500
L100000921038,way/1262971878
L100000921039,way/148382435
L100000921042,way/297840585
L100000921043,way/297840585
L100000921044,way/297840585
L100000921045,way/297840585
L100000921046,way/137050527
L100000921047,way/137050527
L100000921052,way/297840585
L100000921053,way/1274396508-400
L100000921054,way/25422135-400
L100000921055,way/297840585
L100000921056,way/642490160
L100000921057,way/642490160
L100000921058,way/636630368
L100000921059,way/568527671
L100000921060,way/642490160
L100000921061,way/297840585
L100000921063,way/1078532568
L100000921064,way/568527671
L100000921065,way/568527671
L100000921066,way/137050527
L100000921067,way/260836695
L100000921068,way/568527671
L100000921069,way/1274396508-400
L100000921070,way/1078532568
L100000908277,way/375626500
L100000921072,way/1078532568
L100000921074,way/536905500
L100000921075,way/1262971878
L100000921076,way/536905500
L100000921077,way/1078532568
L100000921078,way/297840585
L100000921079,way/375626500
L100000910952,way/1274396508-400
L100000921080,way/642490160
L100000921081,way/642490160
L100000921082,way/536905500
L100000921083,way/642490160
L100000921084,way/642490160
L100000921085,way/642490160
L100000921086,way/642490160
L100000921087,way/642490160
L100000921088,way/568527671
L100000921089,way/568527671
L100000921090,way/568527671
L100000921091,way/568527671
L100000921092,way/568527671
L100000921093,way/568527671
L100000921094,way/568527671
L100000921095,way/568527671
L100000921096,way/568527671
L100000921097,way/568527671
L100000921098,way/568527671
L100000921099,way/568527671
L100000921100,way/297840585
L100000921102,way/1078532568
L100000921103,way/375626500
L100000921104,way/568527671
L100000921106,way/642490160
L100000921108,way/25422135-400
L100000921109,way/568527671
L100000921110,way/1078532568
L100000921111,way/642490160
L100000921113,way/642490160
L100000921114,way/1274396508-400
L100000911103,way/536905500
L100000921115,way/642490160
L100000921116,way/568527671
L100000921117,way/297840585
L100000921118,way/297840585
L100000921119,way/297840585
L100000921120,way/297840585
L100000921121,way/297840585
L100000921122,way/297840585
L100000921123,way/375626500
L100000921124,way/642490160
L100000921125,way/642490160
L100000921127,way/642490160
L100000921128,way/568527671
L100000921129,way/568527671
L100000921131,way/297840585
L100000921133,way/137050527
L100000921134,way/642490160
L100000921135,way/25422135-400
L100000921136,way/260836695
L100000921137,way/137050527
L100000921139,way/568527671
L100000921141,way/109189896
L100000921142,way/568527671
L100000921143,way/568527671
L100000921144,way/297840585
L100000921145,way/1274396508-400
L100000921146,way/1274396508-400
L100000921147,way/1274396508-400
L100000921148,way/260836695
L100000921151,way/297840585
L100000921152,way/568527671
L100000921153,way/297840585
L100000921155,way/1078532568
L100000921156,way/1078532568
L100000921157,way/375626500
L100000921159,way/297840585
L100000921160,way/1078532568
L100000921161,way/297840585
L100000921163,way/642490160
L100000921165,way/568527671
L100000921166,way/642490160
L100000921167,way/1078532568
L100000921168,way/1078532568
L100000921169,way/297840585
L100000921170,way/137050527
L100000921172,way/568527671
L100000921173,way/568527671
L100000921174,way/297840585
L100000921175,way/297840585
L100000921176,way/1078532568
L100000921177,way/1078532568
L100000921178,way/568527671
L100000921179,way/297840585
L100000921181,way/375626500
L100000921182,way/568527671
L100000921183,way/1078532568
L100000921185,way/1078532568
L100000921187,way/568527671
L100000921188,way/148382435
L100000921189,way/568527671
L100000921190,way/297840585
L100000921191,way/642490160
L100000911165,way/297840585
L100000921192,way/568527671
L100000921193,way/1274396508-400
L100000921195,way/642490160
L100000921196,way/1274396508-400
L100000921197,way/1274396508-400
L100000921199,way/568527671
L100000921200,way/536905500
L100000921201,way/536905500
L100000921203,way/568527671
L100000921204,way/1274396508-400
L100000921205,way/568527671
L100000921206,way/636630368
L100000921208,way/642490160
L100000921210,way/568527671
L100000921211,way/642490160
L100000921212,way/297840585
L100000921213,way/1274396508-400
L100000921215,way/1274396508-400
L100000921217,way/1274396508-400
L100000921219,way/1274396508-400
L100000921220,way/260836695
L100000921221,way/297840585
L100000921222,way/568527671
L100000921223,way/375626500
L100000921224,way/297840585
L100000921226,way/297840585
L100000921228,way/25422135-400
L100000921229,way/297840585
L100000921230,way/1274396508-400
L100000921231,way/568527671
L100000921232,way/375626500
L100000921233,way/568527671
L100000921234,way/23281217
L100000921235,way/1078532568
L100000921236,way/1078532568
L100000921237,way/1274396508-400
L100000921238,way/1078532568
L100000921239,way/642490160
L100000921240,way/642490160
L100000921241,way/568527671
L100000921242,way/568527671
L100000921243,way/137050527
L100000921244,way/137050527
L100000921245,way/1078532568
L100000921246,way/25422135-400
L100000921247,way/568527671
L100000921248,way/297840585
L100000921250,way/375626500
L100000921252,way/642490160
L100000921255,way/536905500
L100000921258,way/568527671
L100000921259,way/642490160
L100000921260,way/642490160
L100000921261,way/1274396508-400
L100000921262,way/568527671
L100000921263,way/1078532568
L100000921264,way/25422135-400
L100000921265,way/137050527
L100000921266,way/1274396508-400
L100000921267,way/260836695
L100000921268,way/375626500
L100000921269,way/260836695
L100000921270,way/1274396508-400
L100000921271,way/1274396508-400
L100000921272,way/1274396508-400
L100000921273,way/568527671
L100000921274,way/1274396508-400
L100000921275,way/1274396508-400
L100000921276,way/1262971878
L100000921278,way/297840585
L100000921279,way/297840585
L100000921280,way/1078532568
L100000921281,way/568527671
L100000921282,way/568527671
L100000921283,way/297840585
L100000921284,way/109189896
L100000921285,way/642490160
L100000921287,way/1274396508-400
L100000921288,way/297840585
L100000921289,way/636630368
L100000921290,way/1078532568
L100000921291,way/1078532568
L100000921292,way/1078532568
L100000921293,way/1274396508-400
L100000921294,way/375626500
L100000921295,way/1274396508-400
L100000921296,way/1274396508-400
L100000921297,way/375626500
L100000921298,way/297840585
L100000921300,way/568527671
L100000921301,way/297840585
L100000921303,way/375626500
L100000921304,way/1078532568
L100000921305,way/568527671
L100000921307,way/1078532568
L100000921310,way/568527671
L100000921311,way/297840585
L100000921312,way/642490160
L100000921313,way/642490160
L100000921316,way/1078532568
L100000921317,way/1078532568
L100000921318,way/137050527
L100000921319,way/636630368
L100000921320,way/137050527
L100000921322,way/297840585
L100000921324,way/297840585
L100000921325,way/568527671
L100000921326,way/25422135-400
L100000921327,way/636630368
L100000921328,way/1078532568
L100000921329,way/642490160
L100000921330,way/636630368
L100000921331,way/642490160
L100000921332,way/568527671
L100000921333,way/568527671
L100000921334,way/1078532568
L100000921335,way/137050527
L100000921336,way/636630368
L100000921338,way/297840585
L100000921341,way/642490160
L100000921342,way/642490160
L100000921343,way/297840585
L100000921344,way/297840585
L100000921345,way/297840585
L100000921346,way/375626500
L100000921347,way/642490160
L100000921348,way/297840585
L100000921351,way/568527671
L100000921352,way/568527671
L100000921354,way/568527671
L100000921355,way/1262971878
L100000921357,way/568527671
L100000921358,way/297840585
L100000921359,way/25422135-400
L100000921360,way/25422135-400
L100000921361,way/1274396508-400
L100000921362,way/1078532568
L100000921363,way/297840585
L100000921364,way/375626500
L100000921365,way/1078532568
L100000921366,way/1078532568
L100000921368,way/137050527
L100000921371,way/568527671
L100000921372,way/568527671
L100000921373,way/137050527
L100000921374,way/568527671
L100000921375,way/1262971878
L100000921376,way/297840585
L100000921377,way/568527671
L100000921379,way/297840585
L100000921380,way/148382435
L100000921381,way/642490160
L100000921382,way/642490160
L100000921383,way/1274396508-400
L100000921384,way/1274396508-400
L100000921385,way/137050527
L100000921386,way/568527671
L100000921387,way/568527671
L100000921388,way/25422135-400
L100000921389,way/568527671
L100000921390,way/297840585
L100000921391,way/137050527
L100000921392,way/260836695
L100000921393,way/297840585
L100000921394,way/375626500
L100000921395,way/297840585
L100000921396,way/568527671
L100000921397,way/568527671
L100000921398,way/1262971878
L100000921399,way/1274396508-400
L100000921400,way/636630368
L100000921401,way/642490160
L100000921403,way/137050527
L100000921404,way/1274396508-400
L100000921406,way/1078532568
L100000921407,way/25422135-400
L100000921408,way/137050527
L100000921409,way/642490160
L100000921410,way/642490160
L100000921411,way/137050527
L100000921412,way/568527671
L100000921413,way/297840585
L100000921414,way/297840585
L100000921416,way/1078532568
L100000921417,way/642490160
L100000921418,way/1274396508-400
L100000921419,way/568527671
L100000921420,way/1274396508-400
L100001001225,way/568527671
L100001001226,way/568527671
L100001001231,way/375626500
L100001001232,way/642490160
L100001001233,way/568527671
L100001001235,way/1274396508-400
L100001001236,way/636630368
L100001001237,way/568527671
L100001001238,way/642490160
L100001001239,way/636630368
L100001001240,way/1078532568
L100001001241,way/642490160
L100001001242,way/636630368
L100001001245,way/636630368
L100001001246,way/297840585
L100001001247,way/636630368
L100001001250,way/642490160
L100001001252,way/260836695
L100001001253,way/109189896
L100001001254,way/109189896
L100001001257,way/636630368
L100001001258,way/297840585
L100001001259,way/1078532568
L100001001260,way/297840585
L100001001262,way/642490160
L100001001264,way/1274396508-400
L100001001265,way/25422135-400
L100001001266,way/109189896
L100001001267,way/636630368
L100001001268,way/1274396508-400
L100001001269,way/375626500
L100001001270,way/636630368
L100001001271,way/636630368
L100001001272,way/109189896
L100001001273,way/1274396508-400
L100001001274,way/1078532568
L100001001275,way/1078532568
L100001001276,way/1078532568
L100001001277,way/375626500
L100001001278,way/1078532568
L100001001279,way/636630368
L100001001281,way/636630368
L100001001282,way/25422135-400
L100001001283,way/1078532568
L100001001284,way/1078532568
L100001001285,way/636630368
L100001001286,way/1274396508-400
L100001001287,way/1078532568
L100001001288,way/375626500
L100001001290,way/636630368
L100001001291,way/375626500
L100001001293,way/636630368
L100001001294,way/568527671
L100001001295,way/297840585
L100001001296,way/1078532568
L100001001297,way/1078532568
L100001001299,way/642490160
L100001001301,way/25422135-400
L100001001302,way/1274396508-400
L100001001303,way/1274396508-400
L100001001304,way/642490160
L100001001305,way/636630368
L100001001306,way/636630368
L100001001307,way/1078532568
L100001001308,way/536905500
L100001001309,way/375626500
L100001001310,way/137050527
L100001001312,way/109189896
L100001001314,way/1274396508-400
L100001001315,way/375626500
L100001001316,way/375626500
L100001001317,way/1078532568
L100001001318,way/636630368
L100001001319,way/109189896
L100001001320,way/375626500
L100001001321,way/1078532568
L100001001322,way/1274396508-400
L100001001323,way/1274396508-400
L100001001325,way/25422135-400
L100001001326,way/1078532568
L100001001327,way/297840585
L100001001328,way/568527671
L100001001329,way/25422135-400
L100001001330,way/1274396508-400
L100001001332,way/375626500
L100001001333,way/1078532568
L100001001334,way/1078532568
L100001001335,way/375626500
L100001001336,way/568527671
L100001001337,way/1078532568
L100001001338,way/1078532568
L100001001339,way/25422135-400
L100001001341,way/636630368
L100001001343,way/568527671
L100001001344,way/1078532568
L100001001346,way/25422135-400
L100001001347,way/1078532568
L100001001348,way/1078532568
L100001001349,way/1078532568
L100001001350,way/1274396508-400
L100001001351,way/636630368
L100001001352,way/642490160
L100001001354,way/636630368
L100001001355,way/636630368
L100001001356,way/375626500
L100001001357,way/636630368
L100001001358,way/375626500
L100001001359,way/1078532568
L100001001361,relation/10695345
L100001001362,way/642490160
L100001001363,way/375626500
L100001001364,way/375626500
L100001001365,way/636630368
L100001001366,way/642490160
L100001001367,way/109189896
L100001001368,way/636630368
L100001001371,way/568527671
L100001001372,way/1078532568
L100001001373,way/636630368
L100001001375,way/1078532568
L100001001376,way/1078532568
L100001001377,way/109189896
L100001001378,way/1078532568
L100001001379,way/375626500
L100001001380,way/109189896
L100001001381,way/1078532568
L100001001383,way/375626500
L100001001385,way/636630368
L100001001386,way/636630368
L100001001389,way/636630368
L100001001390,way/568527671
L100001001391,way/109189896
L100001001393,way/636630368
L100001001395,way/109189896
L100001001396,way/375626500
L100001001397,way/642490160
L100001001398,way/1078532568
L100001001399,way/1078532568
L100001001401,way/568527671
L100001001402,way/1078532568
L100001001403,way/1274396508-400
L100001001404,way/636630368
L100001001405,way/25422135-400
L100001001406,way/1078532568
L100001001407,way/636630368
L100001001408,way/297840585
L100001001409,way/1274396508-400
L100001001410,way/642490160
L100001001411,way/1078532568
L100001001412,way/23281217
L100001001413,way/375626500
L100001001415,way/636630368
L100001001416,way/375626500
L100001001417,way/1274396508-400
L100001001418,way/636630368
L100001001419,way/1274396508-400
L100001001422,way/375626500
L100001001423,way/375626500
L100001001425,way/636630368
L100001001426,way/375626500
L100001001427,way/636630368
L100001001428,way/642490160
L100001001431,way/636630368
L100001001432,way/1274396508-400
L100001001433,way/636630368
L100001001437,way/1274396508-400
L100001001438,way/642490160
L100001001439,way/297840585
L100001001440,way/23281217
L100001001441,way/1078532568
L100001001442,way/375626500
L100001001443,way/297840585
L100001001444,way/25422135-400
L100001001446,way/568527671
L100001001447,way/375626500
L100001001448,way/636630368
L100001001450,way/25422135-400
L100001001451,way/636630368
L100001001452,way/636630368
L100001001453,way/375626500
L100001001454,way/1078532568
L100001001455,way/1078532568
L100001001456,way/1274396508-400
L100001001457,way/375626500
L100001001458,way/568527671
L100001001459,way/642490160
L100001001460,way/568527671
L100001001461,way/1274396508-400
L100001001462,way/1274396508-400
L100001001463,way/1274396508-400
L100001001464,way/1274396508-400
L100001001465,way/109189896
L100001001466,way/636630368
L100001001467,way/375626500
L100001001468,way/636630368
L100001001469,way/375626500
L100001001470,way/375626500
L100001001472,way/636630368
L100001001473,way/642490160
L100001001474,way/25422135-400
L100001001475,way/636630368
L100001001476,way/1078532568
L100001001477,way/636630368
L100001001478,way/109189896
L100001001479,way/25422135-400
L100001001480,way/1274396508-400
L100001001482,way/1274396508-400
L100001001483,way/1274396508-400
L100001001484,way/1078532568
L100001001486,way/25422135-400
L100001001487,way/375626500
L100001001489,way/536905500
L100001001491,way/375626500
L100001001492,way/1078532568
L100001001493,way/636630368
L100001001494,way/636630368
L100001001495,way/1078532568
L100001001496,way/1078532568
L100001001497,way/1078532568
L100001001498,way/297840585
L100001001500,way/1262971878
L100001001501,way/375626500
L100001001502,way/1078532568
L100001001503,way/636630368
L100001001504,way/642490160
L100001001507,way/636630368
L100001001508,way/636630368
L100001001509,way/109189896
L100001001510,way/1078532568
L100001001511,way/642490160
L100001001512,way/636630368
L100001001514,way/1274396508-400
L100001001516,way/297840585
L100001001517,way/636630368
L100001001518,way/375626500
L100001001519,way/1078532568
L100001001520,way/1274396508-400
L100001001521,way/636630368
L100001001522,way/109189896
L100001001523,way/1274396508-400
L100001001524,way/375626500
L100001001525,way/375626500
L100001001526,way/636630368
L100001001527,way/109189896
L100001001528,way/636630368
L100001001529,way/25422135-400
L100001001530,way/536905500
L100001001531,way/1274396508-400
L100001001532,way/375626500
L100001001535,way/1274396508-400
L100001001536,way/1078532568
L100001001538,way/1078532568
L100001001539,way/636630368
L100001001540,way/536905500
L100001001541,way/109189896
L100001001542,way/636630368
L100001001543,way/375626500
L100001001545,way/568527671
L100001001546,way/375626500
L100001001547,way/1274396508-400
L100001001548,way/1078532568
L100001001549,way/109189896
L100001001550,way/297840585
L100001001551,way/375626500
L100001001552,way/642490160
L100001001553,way/297840585
L100001001554,way/642490160
L100001001555,way/109189896
L100001001556,way/25422135-400
L100001001557,way/1274396508-400
L100001001558,way/642490160
L100001001560,way/636630368
L100001001561,way/25422135-400
L100001001562,way/109189896
L100001001564,way/636630368
L100001001565,way/375626500
L100001001566,way/1274396508-400
L100001001567,way/25422135-400
L100001001568,way/1078532568
L100001001569,way/375626500
L100001001570,way/636630368
L100001001571,way/636630368
L100001001572,way/642490160
L100001001573,way/636630368
L100001001574,way/109189896
L100001001575,way/642490160
L100001001581,way/297840585
L100001001583,way/1078532568
L100001001586,way/297840585
L100001001587,way/297840585
L100001001588,way/297840585
L100001001589,way/297840585
L100001001590,way/297840585
L100001001596,way/568527671
L100001001597,way/568527671
L100001001598,way/375626500
L100001001599,way/297840585
L100001001600,way/297840585
L100001001604,way/568527671
L100001001605,way/642490160
L100001001609,way/297840585
L100001001612,way/1274396508-400
L100001001613,way/297840585
L100001001617,way/137050527
L100001001621,way/1262971878
L100001001624,way/568527671
L100001001625,way/568527671
L100001001626,way/1262971878
L100001001627,way/297840585
L100001001629,way/137050527
L100001001630,way/137050527
L100001001633,way/1262971878
L100001001634,way/297840585
L100001001635,way/568527671
L100001001636,way/568527671
L100001001638,way/375626500
L100001001639,way/375626500
L100001001640,way/568527671
L100001001643,way/297840585
L100001001644,way/297840585
L100001001645,way/297840585
L100001001647,way/375626500
L100001001648,way/375626500
L100001001650,way/297840585
L100001001651,way/1274396508-400
L100001001657,way/260836695
L100001001659,way/297840585
L100001001660,way/297840585
L100001001661,way/297840585
L100001001662,way/568527671
L100001001665,way/297840585
L100001001666,way/642490160
L100001001667,way/297840585
L100001001668,way/297840585
L100001001670,way/137050527
L100001001671,way/568527671
L100001001672,way/297840585
L100001001675,way/137050527
L100001001678,way/375626500
L100001001679,way/297840585
L100001001684,way/1274396508-400
L100001001686,way/297840585
L100001001687,way/297840585
L100001001689,way/297840585
L100001001690,way/297840585
L100001001691,way/25422135-400
L100001001694,way/297840585
L100001001698,way/642490160
L100001001700,way/297840585
L100001001701,way/297840585
L100001001703,way/148382435
L100001001704,way/1262971878
L100001001707,way/1078532568
L100001001710,way/297840585
L100001001711,way/568527671
L100001001712,way/297840585
L100001001713,way/642490160
L100001001714,way/636630368
L100001001715,way/1274396508-400
L100001001717,way/1262971878
L100001001718,way/1262971878
L100001001720,way/137050527
L100001001724,way/1274396508-400
L100001001725,way/297840585
L100001001726,way/297840585
L100001001728,way/568527671
L100001001730,way/1078532568
L100001001731,way/1262971878
L100001001734,way/297840585
L100001001735,way/297840585
L100001001737,way/642490160
L100001001738,way/297840585
L100001001741,way/642490160
L100001001743,way/1274396508-400
L100001001747,way/642490160
L100001001756,way/1078532568
L100001001758,way/375626500
L100001001759,way/297840585
L100001001761,way/297840585
L100001001765,way/137050527
L100001001766,way/297840585
L100001001768,way/137050527
L100001001772,way/297840585
L100001001773,way/642490160
L100001001779,way/1078532568
L100001001784,way/642490160
L100001001790,way/568527671
L100001001794,way/148382435
L100001001797,way/297840585
L100001001800,way/1262971878
L100001001802,way/297840585
L100001001803,way/568527671
L100001001804,way/297840585
L100001001806,way/568527671
L100001001809,way/568527671
L100001001811,way/297840585
L100001001812,way/568527671
L100001001816,way/297840585
L100001001817,way/297840585
L100001001820,way/568527671
L100001003731,way/568527671
L100001003733,way/568527671
L100001003734,way/568527671
L100001004152,way/1274396508-400
L100001004158,way/1078532568
L100001004165,way/375626500
L100001004167,way/1274396508-400
L100001004255,way/642490160
L100001004259,way/642490160
L100001004314,way/1274396508-400
L100001004315,way/137050527
L100001004318,way/636630368
L100001004322,way/568527671
L100001004329,way/1078532568
L100001004568,way/1274396508-400
L100001004612,way/375626500
L100001004613,way/375626500
L100001004614,way/642490160
L100001004615,way/536905500
L100001004616,way/297840585
L100001004617,way/297840585
L100001004619,way/568527671
L100001004621,way/1274396508-400
L100001005171,way/636630368
L100001005172,way/1274396508-400
L100001005173,way/375626500
L100001005174,way/375626500
L100001005177,way/375626500
L100001005182,way/1078532568
L100001005187,way/1274396508-400
L100001005235,way/636630368
L100001005237,way/1078532568
L100001005241,way/1274396508-400
L100001005242,way/636630368
L100001005243,way/636630368
L100001005337,way/636630368
L100001005338,way/636630368
L100001005341,way/636630368
L100001005342,way/109189896
L100000915531,way/297840585
L100001023285,way/297840585
L100001023286,way/642490160
L100001023287,way/297840585
L100001023288,way/1274396508-400
L100001023455,way/1274396508-400
L100001023456,way/636630368
L100001023457,way/297840585
L100001023458,way/297840585
L100001023460,way/1078532568
L100001023459,way/297840585
L100000400807,way/642490160
L100001023504,way/375626500
L100001023528,way/642490160
L100001025588,way/1262971878
L100001025590,way/297840585
L100001025616,way/375626500
L100001042808,way/1078532568
L100001042810,way/1078532568
L100001043003,way/1274396508-400
L100001046114,way/297840585
L100001046337,way/1274396508-400
L100001046339,relation/10695345
L100001046341,way/642490160
L100001046344,way/25422135-400
L100001046345,way/1078532568
L100001046353,way/1078532568
L100001046357,way/642490160
L100001046363,way/1078532568
L100001046417,way/109189896
L100001046418,way/1078532568
L100001046419,way/297840585
L100001046422,way/642490160
L100001046427,way/642490160
L100001046440,way/642490160
L100001046441,way/642490160
L100001046444,way/1274396508-400
L100001046445,way/1078532568
L100001046446,way/636630368
L100001046447,way/1274396508-400
L100001046448,way/109189896
L100001046449,way/297840585
L100001046450,way/1078532568
L100001046451,way/636630368
L100001046452,way/109189896
L100001046453,way/375626500
L100001046454,way/642490160
L100001046455,way/375626500
L100001046456,way/375626500
L100001046457,way/375626500
L100001046458,way/1274396508-400
L100001046461,way/1078532568
L100001046462,way/297840585
L100001046499,way/536905500
L100001047839,way/636630368
L100001048013,way/1274396508-400
L100001048036,way/642490160
L100001048037,way/375626500
L100001048509,way/375626500
L100001048512,way/109189896
L100001048513,way/137050527
L100001048549,way/375626500
L100001048550,way/636630368
L100001048552,way/636630368
L100001048556,way/1078532568
L100001048558,way/636630368
L100001048559,way/642490160
L100001048560,way/1274396508-400
L100001048564,way/375626500
L100001048565,way/297840585
L100001048566,way/1078532568
L100001048588,way/375626500
L100000104705,way/1078532568
L100001048589,way/375626500
L100001048590,way/636630368
L100001048594,way/25422135-400
L100001048596,way/1078532568
L100001048597,way/636630368
L100001048599,way/1078532568
L100001048602,way/1078532568
L100001048603,way/109189896
L100001048604,way/375626500
L100001048606,way/297840585
L100001048607,way/1078532568
L100001048608,way/137050527
