bus0,bus1,voltage,s_nom,length,type,geometry,HVDC
way/25935453-400,way/77065229-400,400.0,3574.952866822164,43099.63,Al/St 240/40 4-bundle 380.0,"LINESTRING (0.11846011124678 51.93505281828974, 0.1300842831359285 51.93834637336762, 0.1308021 51.9388066, 0.1313155 51.9391358, 0.1352905 51.9416954, 0.1394426 51.9443641, 0.1431976 51.9467912, 0.1474087 51.9494099, 0.150504 51.9514731, 0.1544254 51.953999, 0.156496 51.9569016, 0.1588617 51.9602933, 0.161147 51.9635359, 0.1634859 51.9668841, 0.1657282 51.9700569, 0.1681529 51.9734972, 0.1702504 51.9764844, 0.1728146 51.9801423, 0.1749228 51.9830928, 0.177251 51.986423, 0.1794075 51.9894953, 0.1817624 51.9928019, 0.1840745 51.996138, 0.1862042 51.9991931, 0.1884841 52.0024297, 0.1908873 52.005808, 0.1930921 52.0088955, 0.194798 52.0113554, 0.1952057 52.0147298, 0.19549 52.0172719, 0.1958387 52.0203157, 0.196123 52.0230655, 0.1965039 52.0260131, 0.1969759 52.0300762, 0.197271 52.0325217, 0.1975928 52.0354787, 0.2012353 52.0368977, 0.2069605 52.0390244, 0.2112238 52.0406066, 0.2164541 52.0426194, 0.2208476 52.0443054, 0.2253644 52.0460244, 0.2296828 52.0476641, 0.2348702 52.0496171, 0.2385394 52.0510423, 0.2402346 52.0540838, 0.2418654 52.0571613, 0.2437751 52.0607763, 0.2453898 52.0638402, 0.2471064 52.0670424, 0.249102 52.0707785, 0.2507542 52.0737857, 0.2522777 52.0766937, 0.2536242 52.0797137, 0.2549975 52.0830433, 0.2562259 52.0858519, 0.2575563 52.0890096, 0.2589672 52.092299, 0.260378 52.0955915, 0.2605164 52.0959211, 0.2616494 52.09862, 0.262733 52.100907, 0.2642672 52.1045019, 0.2663915 52.107688, 0.2685748 52.1109431, 0.2706133 52.1140463, 0.273038 52.1176303, 0.2749102 52.1204301, 0.2772169 52.1238983, 0.27925 52.1268756, 0.280339 52.1301391, 0.2815674 52.1339194, 0.2826868 52.1372221, 0.2836274 52.1399974, 0.2850355 52.144215, 0.2859014 52.1469993, 0.2872667 52.1508852, 0.2883475 52.1541091, 0.2894419 52.1573213, 0.2868884 52.1606912, 0.284571 52.1638371, 0.2821388 52.167138, 0.2797328 52.1703346, 0.2773279 52.1734984, 0.275216 52.1764174, 0.2729629 52.1795811, 0.2745287 52.1823392, 0.2764294 52.1856871, 0.2783877 52.1889495, 0.2803084 52.1922106, 0.2822694 52.1956522, 0.283879 52.1984745, 0.2858241 52.2016072, 0.2879296 52.2052463, 0.2893831 52.2076279, 0.2913599 52.2110753, 0.2933488 52.214426, 0.2951713 52.2175359, 0.2970864 52.220745, 0.2990662 52.2241433, 0.3010349 52.227514, 0.3029886 52.230908, 0.3047632 52.2340319, 0.3062116 52.2364383, 0.3070913 52.2393755, 0.3078638 52.2417743, 0.3090547 52.2454927, 0.3101008 52.2488937, 0.3112863 52.2524838, 0.3120373 52.2549479, 0.3129117 52.2577732, 0.3132455 52.2588216, 0.3139417 52.2610087, 0.3151326 52.2646157, 0.315097 52.2679187, 0.3151261 52.2715034, 0.3151461379397993 52.273069405757724, 0.3123683088598033 52.28079034434497)",False
way/88287125-400,relation/7650368-400,400.0,3574.952866822164,40187.32,Al/St 240/40 4-bundle 380.0,"LINESTRING (-0.7278762774966284 52.243144968661134, -0.7246367402795569 52.23721225720994, -0.7245439 52.2369844, -0.7234412 52.2342738, -0.7220356 52.2307809, -0.7208521 52.2279319, -0.719531 52.2247708, -0.718222 52.2215053, -0.7151597 52.2189245, -0.7120846 52.216286, -0.7090313 52.213666, -0.7059823 52.2110495, -0.7029968 52.2084874, -0.6999913 52.205908, -0.6969797 52.2033232, -0.6940626 52.2008194, -0.6910237 52.1982108, -0.6880884 52.1956911, -0.6849713 52.1930151, -0.682332 52.1901146, -0.6797249 52.1873258, -0.6770212 52.1844249, -0.6744678 52.1815897, -0.6727082 52.1782411, -0.6713564 52.1754976, -0.6699938 52.1728197, -0.6685454 52.1700363, -0.6673796 52.1676682, -0.6658525 52.1646731, -0.6640715 52.1611785, -0.6628913 52.1589802, -0.6612928 52.1557879, -0.6599612 52.1532634, -0.659648 52.1530782, -0.6581031 52.1521192, -0.6572265 52.151575, -0.6534929 52.1492512, -0.6497593 52.1468943, -0.6463689 52.1447941, -0.6428606 52.1427201, -0.6392772 52.1404814, -0.6357367 52.1383018, -0.6320674 52.1360168, -0.6285805 52.1337514, -0.6250293 52.131644, -0.6214244 52.1294838, -0.6180019 52.1272444, -0.6140644 52.1248995, -0.6105561 52.1226863, -0.6072409 52.1206969, -0.6030674 52.1181343, -0.599087 52.1161249, -0.5948491 52.1139903, -0.5909545 52.1120137, -0.5870385 52.1101556, -0.5826611 52.1079219, -0.5796678 52.1064788, -0.576138 52.104693, -0.5719645 52.1026171, -0.5683918 52.1007586, -0.5637247 52.0985574, -0.5607421 52.0970217, -0.5555279 52.0943852, -0.5541868 52.0919068, -0.5528189 52.0887683, -0.5516697 52.0863202, -0.5505391 52.0838907, -0.5492616 52.0811371, -0.5508357 52.0783128, -0.552566 52.0752496, -0.5536955 52.0731153, -0.5514045 52.0708767, -0.5490449 52.0685942, -0.5463084 52.0659562, -0.543796 52.0635297, -0.5412859 52.0611006, -0.538358 52.0582099, -0.5359216 52.055894, -0.5331262 52.0532231, -0.5291667 52.0519039, -0.529129 52.0518913, -0.5290661 52.05187, -0.5242989 52.0502545, -0.5202166 52.0488621, -0.520162 52.0487868, -0.5180335 52.0458498, -0.5159735 52.0429463, -0.5154907 52.0391451, -0.5151581 52.0360762, -0.5154845 52.0333078, -0.5159582 52.0301653, -0.5164456 52.0266967, -0.5168533 52.0235609, -0.5172825 52.020755, -0.5175614 52.0182197, -0.5180657 52.0146607, -0.5187523 52.0117948, -0.5194819 52.0087109, -0.5202758 52.0053559, -0.5209732 52.0021724, -0.5216491 51.9992, -0.5223787 51.9959236, -0.5231833 51.9924554, -0.5211019 51.9896608, -0.5191615 51.9869871, -0.5169145 51.9838899, -0.5148919 51.9810917, -0.5129408 51.9783961, -0.510652 51.9752489, -0.5090213 51.9720765, -0.5074334 51.9690757, -0.5063712 51.9670134, -0.5049443 51.9642039, -0.5031097 51.9608126, -0.5015754 51.9577912, -0.4998588 51.9545051, -0.500025 51.9524697, -0.5000305 51.9524025, -0.5002665 51.9491425, -0.4999905 51.9471962, -0.499446 51.944437, -0.5005191771919099 51.94258259994433, -0.5007399619516324 51.93429316098837)",False
way/16582436-400,GB86-400,400.0,3574.952866822164,23908.75,Al/St 240/40 4-bundle 380.0,"LINESTRING (0.0516055000000157 51.34658629444774, 0.0587046762951417 51.345898108830305, 0.0597817 51.3458085, 0.0618418 51.3456371, 0.0635048 51.3432924, 0.0657643 51.3401094, 0.0666226 51.3388869, 0.0693348 51.3386081, 0.0735749 51.3382864, 0.0771261 51.3398074, 0.0807813 51.3413965, 0.0848616 51.3413694, 0.0911101 51.3414927, 0.0951699 51.3415464, 0.0989808 51.3415893, 0.1031006 51.3416536, 0.106345 51.342742, 0.108774 51.3435837, 0.1131857 51.3451224, 0.1165331 51.3465592, 0.1207903 51.3484624, 0.1237429 51.3497221, 0.1283434 51.3517431, 0.1317509 51.35326, 0.1343945 51.3544286, 0.1382741 51.3561867, 0.1430205 51.3583681, 0.1473464 51.360319, 0.1502903 51.3617017, 0.1532944 51.3629879, 0.1567534 51.3644081, 0.1607188 51.366005, 0.1637229 51.3680413, 0.1667698 51.3700882, 0.1700743 51.3697292, 0.1729656 51.3709007, 0.1744517 51.3715028, 0.1779707 51.3729495, 0.1824933 51.3747699, 0.1860817 51.3761856, 0.1899699 51.3777714, 0.1916007 51.3794107, 0.1933774 51.3812589, 0.1951884 51.3831445, 0.197523 51.3855282, 0.2001322 51.3881957, 0.2019089 51.3900114, 0.2048014 51.3930053, 0.2082432 51.3963257, 0.2102602 51.3985641, 0.2183132 51.3987066, 0.2229309 51.3987762, 0.2262013 51.3993008, 0.2270723 51.3994405, 0.2308746 51.4000724, 0.235374 51.3997043, 0.239904 51.3993066, 0.2440453 51.398985, 0.2494869 51.3984763, 0.2535961 51.3981493, 0.2589369 51.3976838, 0.2643442 51.3972018, 0.267417 51.3969769, 0.2709704 51.3983264, 0.2748328 51.3998686, 0.2788253 51.401533, 0.2826209 51.4030415, 0.2881274 51.4052502, 0.291441 51.406326, 0.2954253 51.4076995, 0.2993293 51.4090157, 0.3014868 51.410069, 0.3038179 51.4122929, 0.3061986 51.4144778, 0.3084183 51.4165351, 0.3106027 51.4186065, 0.3110822055722269 51.41906427200928, 0.3298580196679714 51.428263609336014)",False
way/16582436-400,way/91010022-400,400.0,3574.952866822164,36880.64,Al/St 240/40 4-bundle 380.0,"LINESTRING (0.3298580196679714 51.428263609336014, 0.3327189155941798 51.422767330009854, 0.3343563 51.4216254, 0.3357811 51.4183015, 0.3370804 51.415415, 0.3372478 51.4153217, 0.3399406 51.4143804, 0.342149 51.413637, 0.3446847 51.4127834, 0.3496084 51.4116851, 0.3543978 51.410668, 0.3580753 51.4085807, 0.3616472 51.4063928, 0.3656588 51.4039274, 0.3690748 51.4019141, 0.3721648 51.3999757, 0.3745938 51.3991725, 0.3766794 51.3979944, 0.3800064 51.3959994, 0.3840609 51.3935602, 0.3866727 51.3919189, 0.3905824 51.3894975, 0.392662 51.3882361, 0.3954413 51.3865233, 0.3984441 51.3846943, 0.4015242 51.3827749, 0.4026915 51.3806381, 0.4038917 51.3782532, 0.406344 51.3749619, 0.4107251 51.3720097, 0.4125148 51.3707734, 0.4158285 51.3685749, 0.4174147 51.3674894, 0.4207468 51.3652441, 0.4209967 51.3648967, 0.4213001 51.3644749, 0.4224108 51.3628619, 0.4251442 51.3615166, 0.4292078 51.3595189, 0.433621 51.358572, 0.4408838 51.3586654, 0.4461984 51.3560944, 0.4485055 51.3534587, 0.4512648 51.3503118, 0.4530913 51.3481392, 0.4558126 51.3450237, 0.4583301 51.3421261, 0.4606126 51.3395272, 0.4621879 51.3371568, 0.4633724 51.3353349, 0.4655699 51.3323584, 0.4673485 51.3299461, 0.4709193 51.3282411, 0.4736391 51.3269424, 0.4776996 51.3249746, 0.4822085 51.322845, 0.486096 51.3210088, 0.4894989 51.3200282, 0.4940087 51.3187463, 0.4990188 51.317319, 0.5022131 51.3164184, 0.5068931 51.3150692, 0.5114742 51.3137646, 0.5162006 51.3135764, 0.5192769 51.3134533, 0.5228828 51.3132791, 0.5299996 51.3148421, 0.5342309 51.3155922, 0.5386911 51.3164003, 0.5434112 51.3172432, 0.5476549 51.3179894, 0.5511253 51.3186119, 0.5558166 51.3194605, 0.5602141 51.3207089, 0.5641948 51.3216879, 0.5683011 51.3229575, 0.5720011 51.3239485, 0.5753082 51.3249261, 0.5811876 51.32661, 0.5851461 51.3276711, 0.5888986 51.3287739, 0.5917826 51.3296611, 0.5955073 51.3315222, 0.5976894 51.3325698, 0.6016261 51.3345938, 0.6045268 51.3361521, 0.6084797 51.3381069, 0.6116532 51.3397103, 0.6151051 51.3414875, 0.6182229 51.3431465, 0.6228885 51.3454835, 0.6257447 51.3469997, 0.627994 51.3480777, 0.6308446 51.3506614, 0.6335368 51.3531387, 0.6364274 51.3557747, 0.6388626 51.3580378, 0.6403138 51.3594401, 0.6454196 51.3612435, 0.6499756 51.3627291, 0.6534126 51.3639225, 0.6584133 51.3640816, 0.6609249 51.3640993, 0.6665895 51.3641866, 0.6709642 51.3642695, 0.6752857 51.3643516, 0.681779 51.3644833, 0.6849192 51.3645428, 0.689678 51.3646329, 0.6935491 51.3647059, 0.6973653 51.3647614, 0.702345 51.364885, 0.7065489 51.3649493, 0.711852 51.365067, 0.7166904 51.3649789, 0.7209497 51.3663531, 0.7256394 51.3678644, 0.7302284 51.3692988, 0.7324464242358499 51.36999591432888, 0.7415847929338215 51.36834372988759)",False
way/24165071-400,way/77065229-400,400.0,3574.952866822164,26924.64,Al/St 240/40 4-bundle 380.0,"LINESTRING (-0.2493263462663941 51.92769348103161, -0.2371538035416589 51.92704355895281, -0.2359235 51.9270328, -0.2314491 51.9269936, -0.2265908 51.9269783, -0.2212085 51.926904, -0.2175874 51.9269166, -0.2115683 51.9268538, -0.2062952 51.9267898, -0.2007535 51.9267217, -0.1971488 51.9266615, -0.193183 51.9277197, -0.1881834 51.9288197, -0.1826188 51.930004, -0.1778421 51.9310353, -0.172965 51.9320871, -0.1682312 51.9331121, -0.1635384 51.9341117, -0.1580824 51.9352739, -0.1525338 51.9364958, -0.1479259 51.9374683, -0.1420801 51.9387021, -0.1383356 51.9409134, -0.1343985 51.9431037, -0.1302435 51.9454687, -0.1262597 51.9477609, -0.1225499 51.9499251, -0.1162199 51.9509327, -0.1112954 51.9517922, -0.1069055 51.9525188, -0.1060007 51.9526686, -0.1008079 51.9535742, -0.0954918 51.9544739, -0.0899289 51.95543, -0.084385 51.9563668, -0.0800316 51.9571121, -0.0745008 51.9580772, -0.0687234 51.9590487, -0.0632087 51.9599811, -0.0574366 51.9609719, -0.0518981 51.9619059, -0.0461257 51.9628171, -0.0406544 51.9637123, -0.0357421 51.9634991, -0.0298689 51.9631954, -0.0244857 51.9628761, -0.0181503 51.9625318, -0.0134055 51.962269, -0.0076065 51.9619492, -0.0020383 51.9616187, 0.0036534 51.9613774, 0.0085886 51.9610733, 0.0142427 51.9607592, 0.0201704 51.9604518, 0.0259211 51.9601312, 0.0312855 51.9598105, 0.0363602 51.9595262, 0.0426369 51.9591758, 0.0479691 51.9588519, 0.0527971 51.9585874, 0.0575821 51.9568618, 0.0623994 51.9551163, 0.0665514 51.9536021, 0.0707035 51.9520548, 0.0760679 51.9501108, 0.0806167 51.948484, 0.0856968 51.9466059, 0.0904175 51.9449129, 0.0944461 51.9434182, 0.0997194 51.941487, 0.1038285 51.9399791, 0.1073049655829326 51.93828053263716, 0.11846011124678 51.93505281828974)",False
way/28691559-400,way/91082448-400,400.0,3574.952866822164,51728.01,Al/St 240/40 4-bundle 380.0,"LINESTRING (-0.2358172649562416 50.9752671495426, -0.2188727207924444 50.975778149793875, -0.2162063 50.9757827, -0.2110423 50.9758078, -0.2061198 50.9758038, -0.2009601 50.9758271, -0.1966031 50.9759005, -0.1917745 50.9768177, -0.187771 50.9775971, -0.1824356 50.9786781, -0.177159 50.9797845, -0.173164 50.9805534, -0.1703146 50.9810719, -0.1663575 50.9818527, -0.1617662 50.9814041, -0.1565378 50.9809646, -0.1513294 50.9805039, -0.1450341 50.9787708, -0.1428345 50.9781442, -0.1379296 50.9777937, -0.1326781 50.9774072, -0.1278907 50.9770151, -0.1223128 50.9765733, -0.1161266 50.9780243, -0.1110881 50.9774689, -0.105304 50.9768879, -0.1003993 50.9763129, -0.0950739 50.9757434, -0.0895431 50.9757406, -0.0845147 50.9756829, -0.0803196 50.9756874, -0.0759213 50.975632, -0.067463 50.9755418, -0.0622201 50.9755034, -0.0574495 50.9754684, -0.0534146 50.9773462, -0.0485268 50.9796571, -0.0437905 50.9803952, -0.0401046 50.9809404, -0.0353972 50.9817085, -0.034531 50.9818425, -0.0312124 50.9823914, -0.0253879 50.9833988, -0.0216065 50.9839491, -0.020163 50.9841591, -0.0154852 50.9849284, -0.0113374 50.9856231, -0.0075554 50.9862391, -0.0021567 50.9869948, 0.0016317 50.9860834, 0.0070174 50.9848062, 0.0104178 50.9839215, 0.0109372 50.9837978, 0.0142814 50.9830014, 0.0195552 50.9817225, 0.025061 50.9803256, 0.0279418 50.9783368, 0.0322673 50.9756601, 0.0352829 50.9737939, 0.039268 50.9714042, 0.0422208 50.9696335, 0.0471385 50.9665713, 0.050937 50.9642624, 0.0571582 50.9604676, 0.061043 50.9580874, 0.0653147 50.9568239, 0.0709934 50.9551185, 0.0756071 50.9538391, 0.0815287 50.9521277, 0.0863006 50.9507429, 0.0899291 50.949739, 0.0950585 50.9483245, 0.1002817 50.9467412, 0.1059666 50.9446864, 0.1100507 50.9430949, 0.1150744 50.9429256, 0.1211916 50.9428799, 0.1231188 50.9428655, 0.1259405 50.9428445, 0.1296227 50.9427958, 0.1342404 50.9426876, 0.1388877 50.9426195, 0.14345 50.9424983, 0.1481707 50.9418331, 0.1532547 50.9412327, 0.1585905 50.9405243, 0.1628735 50.9400105, 0.1658861 50.939567, 0.1719029 50.9387611, 0.1761085 50.938145, 0.1807778 50.9375604, 0.1860382 50.9367968, 0.190243 50.9353899, 0.1947984 50.9339772, 0.1989653 50.9326003, 0.203789 50.9310045, 0.2075655 50.9297711, 0.2119574 50.9283164, 0.2172815 50.9265685, 0.2220834 50.9248912, 0.2272738 50.9231853, 0.2319945 50.9222655, 0.2371443 50.9212267, 0.2427062 50.9202636, 0.247986 50.919297, 0.2528286 50.9183757, 0.2578295 50.91732, 0.263877 50.9165446, 0.2687934 50.9158573, 0.2738602 50.9150986, 0.2798537 50.9141923, 0.2838877 50.9117029, 0.2880498 50.9091574, 0.2921105 50.9066281, 0.2966327 50.9037977, 0.3011782 50.9025526, 0.3055012 50.9013165, 0.3111299 50.8997306, 0.3156772 50.8985253, 0.3208924 50.8970302, 0.3266807 50.8963397, 0.3320727 50.8956765, 0.3373886 50.8950802, 0.343463 50.8943813, 0.3479943 50.8924553, 0.3514275 50.8910205, 0.3547293 50.8895945, 0.3598846 50.8885882, 0.3635335 50.8877175, 0.3677284 50.8869578, 0.3720783 50.8860756, 0.3759204 50.8853333, 0.3810494 50.8842771, 0.3858885 50.8833318, 0.3900799 50.8825388, 0.3944716 50.8816802, 0.4005807 50.8805886, 0.4051524 50.8796923, 0.4109453 50.8785951, 0.4163904 50.8781449, 0.4215513 50.8777947, 0.4273424 50.8773442, 0.432428 50.8786114, 0.436223 50.8795538, 0.438990646852218 50.8802434263573, 0.4483953922970407 50.8812160108653)",False
way/636630371-400,way/4715504-400,400.0,3574.952866822164,7627.09,Al/St 240/40 4-bundle 380.0,"LINESTRING (-1.2850681815392417 50.83562429179856, -1.281579275743121 50.8399162266618, -1.2810181 50.8405401, -1.278948 50.8428105, -1.2739469 50.8437282, -1.2685645 50.8447021, -1.2629455 50.8457001, -1.2576589 50.8466535, -1.2524132 50.8475966, -1.249909 50.8507319, -1.2504965 50.8541793, -1.2507321 50.8555454, -1.2510937 50.8576422, -1.2515837 50.8604368, -1.2521474 50.8634273, -1.2527442 50.8669098, -1.2532907 50.8702752, -1.2505244 50.8728564, -1.248235 50.8750089, -1.2461172 50.8760163, -1.2449042 50.8765933, -1.2406706 50.8788065, -1.2398543 50.8792151, -1.2376956863392996 50.88029569875499, -1.232597802703451 50.88478848238346)",False
relation/19396462-400,way/22975329-400,400.0,3574.952866822164,5440.81,Al/St 240/40 4-bundle 380.0,"LINESTRING (-0.0113544671514545 51.714246354607546, -0.0132355960876271 51.71964300002918, -0.0136022 51.7199911, -0.0123835 51.7225327, -0.0108577 51.7255354, -0.0091391 51.7289604, -0.0080061 51.7313473, -0.0050964 51.7335906, -0.0013992 51.7363427, 0.0014181 51.7393152, 0.0044823 51.7425678, 0.0072042 51.7454978, 0.0086388 51.7478935, 0.010233 51.7505669, 0.0120614844279441 51.75365993438232, 0.0097894285153132 51.75874744699197)",False
relation/9409219-400,GB93-400,400.0,3574.952866822164,16142.17,Al/St 240/40 4-bundle 380.0,"LINESTRING (-1.474663299999991 50.90390799424384, -1.4748840900051496 50.89942555022779, -1.4749142 50.8973381, -1.4741848 50.8945283, -1.4718245 50.8930124, -1.4692645 50.8910997, -1.4655761 50.8885458, -1.4621083 50.8860279, -1.4600654 50.8834806, -1.4579921 50.8809533, -1.4560308 50.8785877, -1.4536371 50.8757824, -1.4513195 50.8729169, -1.4486245 50.8697809, -1.4448308 50.8676736, -1.4415006 50.8659241, -1.4379997 50.86401, -1.434145 50.8619586, -1.4311839 50.8594719, -1.4277665 50.8566524, -1.4248284 50.8541917, -1.4217185 50.851667, -1.4168531 50.8499283, -1.4118695 50.8482544, -1.4072004 50.8466772, -1.4025755 50.8451294, -1.3977776 50.8434816, -1.3972365 50.8399641, -1.3967466 50.8372722, -1.3962776 50.8343429, -1.395643 50.8307823, -1.3957138 50.8272346, -1.3956922 50.8244645, -1.3906086 50.8237645, -1.3846598 50.822992, -1.3791467 50.8224733, -1.3734958 50.8219577, -1.3688489 50.8199683, -1.3647828 50.8179758, -1.3609354 50.8188509, -1.355561 50.8200054, -1.3502279 50.8211557, -1.3445019 50.8209916, -1.3392904 50.8208391, -1.3376811450955426 50.82078408022895, -1.32873778206139 50.82162304442217)",False
GB93-400,way/23988786-400,400.0,3574.952866822164,4421.31,Al/St 240/40 4-bundle 380.0,"LINESTRING (-1.4872019218586756 50.941759033289486, -1.4845802927539085 50.93623881786935, -1.4847588 50.9347506, -1.4847657 50.9346929, -1.484771 50.9346487, -1.4847734 50.9346285, -1.4847966 50.9344353, -1.4851713 50.9309703, -1.4855231 50.9275299, -1.4857269 50.925104, -1.4835095 50.9228401, -1.4805449 50.9199497, -1.4783562 50.9177961, -1.4775923 50.9150797, -1.4768628 50.9123416, -1.4762619 50.9099496, -1.4758331570276073 50.908330345972715, -1.474663299999991 50.90390799424384)",False
way/103150854-400,way/494951597-400,400.0,3574.952866822164,2382.74,Al/St 240/40 4-bundle 380.0,"LINESTRING (0.2864769767677054 51.491958639341064, 0.2882874812376348 51.48742359230972, 0.2876931 51.485128, 0.2876159 51.4821508, 0.2899419 51.4791093, 0.2890149 51.4771101, 0.2890111438728242 51.4768311309462, 0.2883449366638076 51.47116390590863)",False
relation/7880111-400,way/32796576-400,400.0,3574.952866822164,49868.28,Al/St 240/40 4-bundle 380.0,"LINESTRING (-1.0772802749418453 51.33629200924364, -1.0672556282709025 51.335394469687834, -1.0632161 51.3352009, -1.0580971 51.334839, -1.0531348 51.333818, -1.0479889 51.3326965, -1.0432103 51.331671, -1.0338122 51.3296982, -1.0283565 51.3284926, -1.0229473 51.3286848, -1.0176921 51.3288729, -1.012304 51.3290753, -1.0065922 51.3292938, -1.0008658 51.3294801, -0.9952635 51.32968, -0.9901709 51.329851, -0.9858079 51.330016, -0.9808506 51.3301871, -0.9755829 51.3303442, -0.9706947 51.3305436, -0.9657439 51.330721, -0.9614481 51.3317517, -0.9568355 51.33283, -0.9518868 51.3340611, -0.9471614 51.3352162, -0.9430792 51.3372035, -0.9392018 51.3391182, -0.9349472 51.3412319, -0.9299543 51.342212, -0.9243932 51.3433136, -0.919157 51.3443536, -0.9146612 51.3452416, -0.9101238 51.3455063, -0.9081825 51.3456128, -0.9047444 51.3458204, -0.8999731 51.3460815, -0.8951811 51.3460117, -0.8900111 51.3459325, -0.8854088 51.3458661, -0.8805152 51.3457853, -0.875098 51.3457134, -0.8698244 51.3456319, -0.8655493 51.3461154, -0.8595729 51.346857, -0.8547668 51.3473954, -0.849381 51.3480588, -0.8443169 51.3486485, -0.8388908 51.3495309, -0.8332757 51.3503762, -0.827839 51.3511966, -0.8222756 51.3520605, -0.8176256 51.3527667, -0.8140785 51.3547593, -0.811148 51.3563786, -0.8065622 51.35892, -0.8036615 51.3606615, -0.7991559 51.3603491, -0.7971529 51.3602302, -0.7946761 51.3600865, -0.7887593 51.3596965, -0.7837458 51.3593963, -0.779611 51.3591313, -0.7739749 51.3587182, -0.7695434 51.3584151, -0.7645229 51.3580741, -0.7600138 51.3578201, -0.7550142 51.357244, -0.7495899 51.3565559, -0.7448694 51.3559368, -0.7384841 51.3551442, -0.7340196 51.3545971, -0.7281196 51.3546583, -0.7234128 51.3547536, -0.7181602 51.3547554, -0.7143148 51.3526344, -0.7110834 51.3509339, -0.708223 51.3480539, -0.7053427 51.3450483, -0.7024426 51.3420347, -0.6994735 51.3389013, -0.6964046 51.3388859, -0.6915459 51.3396472, -0.6851519 51.3405273, -0.6755819 51.3418612, -0.6706738 51.342534, -0.6657419 51.3435699, -0.6606426 51.3447289, -0.6555935 51.3457692, -0.6509758 51.3467333, -0.6467361 51.3488141, -0.6419418 51.3508156, -0.6373801 51.3529103, -0.6325392 51.3549583, -0.628026 51.3571418, -0.6234625 51.359101, -0.6189363 51.359919, -0.6143516 51.3605588, -0.608965 51.3623077, -0.604278 51.3635319, -0.6001855 51.3648961, -0.5951775 51.3663819, -0.5901865 51.3678525, -0.5855074 51.3693676, -0.5807838 51.3706599, -0.5768623 51.3719077, -0.5712474 51.3737793, -0.5678191 51.3755158, -0.5633311 51.3779225, -0.5590642 51.3803627, -0.5551539 51.3832452, -0.5523848 51.385573, -0.5486366 51.3885137, -0.5459309 51.3906315, -0.5397718 51.3911615, -0.5345361 51.3916864, -0.5299154 51.3915295, -0.5274296 51.3907207, -0.5234761 51.389409, -0.5198247 51.386957, -0.5175741 51.385327, -0.5135247 51.3842948, -0.5112328 51.3836801, -0.5085122 51.3829503, -0.5041739 51.3817095, -0.4996974 51.3800468, -0.4951741 51.3783272, -0.4910028 51.3797575, -0.48684 51.381145, -0.4822824 51.3818307, -0.4768052 51.3810954, -0.4737668 51.3806831, -0.4723929 51.3783841, -0.4709892 51.3760085, -0.469605 51.3737081, -0.469455 51.3717652, -0.4705662 51.3697338, -0.4719052 51.3672529, -0.4759392 51.3654416, -0.4773297 51.3627996, -0.478969 51.3596751, -0.4795139428120613 51.358655416027595, -0.4839753531991876 51.35079582408274)",False
way/90547674-400,way/313495269-400,400.0,3574.952866822164,10530.14,Al/St 240/40 4-bundle 380.0,"LINESTRING (-1.2663845194970418 53.75646594407603, -1.2532637541457587 53.75392384853023, -1.2504597 53.753442, -1.245571 53.7525966, -1.2403825 53.7516831, -1.2353786 53.7508105, -1.2299134 53.7498696, -1.2247941 53.7488742, -1.2199977 53.747947, -1.2145325 53.7469243, -1.2094132 53.7459288, -1.2041786 53.7449469, -1.1987596 53.7439105, -1.1937556 53.7429558, -1.1883596 53.7419194, -1.1828483 53.7408692, -1.1780519 53.7399554, -1.1739011 53.7382096, -1.1695428 53.7363683, -1.1652306 53.7345541, -1.1604572 53.7325217, -1.1556838 53.7305027, -1.1513716 53.7288111, -1.1466444 53.7269284, -1.1424014 53.7252639, -1.1397726 53.7221122, -1.1374896 53.719697, -1.1359977577796323 53.71814098774023, -1.1298918719612265 53.71333149373115)",False
way/313495269-400,way/160580052-400,400.0,3574.952866822164,11297.18,Al/St 240/40 4-bundle 380.0,"LINESTRING (-1.1298918719612265 53.71333149373115, -1.1233240523713044 53.71766963638381, -1.123267 53.7176767, -1.1178121 53.7183456, -1.1125664 53.7190262, -1.1072237 53.7196496, -1.103687 53.7208964, -1.0976191 53.7229708, -1.0932274 53.7245474, -1.0875085 53.7265063, -1.0827458 53.728117, -1.0770181 53.7301758, -1.0723835 53.7318039, -1.0662131 53.7333618, -1.0615477 53.7345192, -1.0551529 53.736107, -1.050549 53.7372569, -1.0439099 53.7380953, -1.0386438 53.7387411, -1.0326411 53.7395305, -1.0279867 53.7401718, -1.022343 53.7398602, -1.0179002 53.739604, -1.0140067 53.7393644, -1.0098224 53.7391354, -1.0053368 53.7399047, -1.0032817 53.7431346, -1.0024021 53.7455566, -0.9971681 53.7465692, -0.9947315 53.7448134, -0.9921634 53.7429201, -0.991898891976964 53.74272177192354, -0.9924425476355113 53.73621727349513)",False
way/160580052-400,way/25629803-400,400.0,3574.952866822164,22814.89,Al/St 240/40 4-bundle 380.0,"LINESTRING (-0.9924425476355113 53.73621727349513, -0.9837524019146431 53.73988213010656, -0.9808763 53.7414924, -0.9760915 53.7418151, -0.9716424 53.7420882, -0.9678649 53.7423364, -0.963122 53.7426591, -0.960184 53.7428328, -0.9533005 53.7432797, -0.9488934 53.7435527, -0.9450319 53.7457867, -0.9408347 53.7481446, -0.9369313 53.7503783, -0.934371 53.751793, -0.9314749 53.7534557, -0.9283689 53.7551928, -0.9243815 53.7574758, -0.9203102 53.7597587, -0.9162389 53.762091, -0.9136366 53.7646961, -0.9114121 53.7669042, -0.9085999 53.7697819, -0.9060816 53.7723121, -0.9034793 53.7748918, -0.900793 53.7776698, -0.8986525 53.7798275, -0.8966378 53.7818611, -0.8944132 53.7840435, -0.8916431 53.7868704, -0.8896704 53.7888541, -0.8880334 53.7923254, -0.8864385 53.7958211, -0.8850114 53.7988208, -0.8835424 53.8019194, -0.8820314 53.805117, -0.8803945 53.808686, -0.8790514 53.8114865, -0.8770787 53.8141381, -0.8746023 53.8175329, -0.8727555 53.819986, -0.8706149 53.8228848, -0.8686422 53.8256596, -0.8666692 53.8282892, -0.8650886 53.831457, -0.8634422 53.834605, -0.8619274 53.8376363, -0.8602481 53.8408422, -0.8586016 53.844145, -0.8570869 53.8472144, -0.8555064 53.8502835, -0.8540246 53.8534496, -0.8526086 53.856596, -0.8512586 53.8595286, -0.8502378 53.8619172, -0.8487231 53.8651018, -0.8472413 53.8682474, -0.8457924 53.8712762, -0.844607 53.8740718, -0.8431581 53.8771196, -0.8401616 53.8798566, -0.8377908 53.8819917, -0.8348931 53.8845343, -0.8327198 53.887756, -0.8311392 53.8901624, -0.8288013 53.893636, -0.8272846683303596 53.895893656125814, -0.8220709014857445 53.90040028554631)",False
way/25629803-400,way/33917128-400,400.0,3574.952866822164,29660.5,Al/St 240/40 4-bundle 380.0,"LINESTRING (-0.8220709014857445 53.90040028554631, -0.816269575774044 53.89579223617636, -0.813687 53.8952077, -0.8084185 53.8940241, -0.8039731 53.893015, -0.7986057 53.8918119, -0.7945555 53.8908999, -0.7894516 53.8897355, -0.7847757 53.8886488, -0.7781241 53.887135, -0.7737117 53.8861064, -0.7691676 53.8850584, -0.764327 53.8839521, -0.7594448 53.8828511, -0.7549095 53.8815453, -0.7502995 53.8802254, -0.7450638 53.8787308, -0.740355 53.8773914, -0.7355145 53.8760325, -0.7310692 53.8747707, -0.7264921 53.8734894, -0.7218162 53.8721498, -0.717305 53.8708684, -0.7121681 53.8694123, -0.7075252 53.868092, -0.7024871 53.8666552, -0.6980418 53.8653931, -0.6928061 53.8638979, -0.6880177 53.8625579, -0.6847057 53.8600141, -0.6812676 53.8574202, -0.6777907 53.8547315, -0.6734441 53.8538381, -0.6685048 53.8528281, -0.6635984 53.8518569, -0.6588238 53.8508857, -0.6537199 53.8498562, -0.6493733 53.8489627, -0.6442364 53.8483022, -0.6391325 53.8476223, -0.6337322 53.8469813, -0.6297149 53.8464762, -0.6237878 53.8456991, -0.6178184 53.8449468, -0.612131 53.8442032, -0.6082125 53.8436981, -0.6041623 53.8431736, -0.5998157 53.8426102, -0.5931312 53.8417359, -0.589081 53.8412308, -0.5847674 53.8406479, -0.5799927 53.8399096, -0.5760083 53.8392878, -0.5707727 53.8384912, -0.565109 53.8376363, -0.5610258 53.8369757, -0.556317 53.8362567, -0.5509167 53.8354212, -0.546669 53.8347605, -0.5422565 53.8340804, -0.5361977 53.8331282, -0.5309291 53.8323509, -0.5255617 53.8315153, -0.5201285 53.8306408, -0.5146294 53.8298051, -0.5087352 53.8288723, -0.5034008 53.8286391, -0.4983956 53.8284447, -0.4928965 53.8282115, -0.488056 53.8279783, -0.4823923 53.8277256, -0.4777875 53.8275313, -0.4741272 53.8264429, -0.4695502 53.8251407, -0.4642157 53.8236052, -0.4589525 53.8220838, -0.4538103 53.8206118, -0.4487064 53.8191151, -0.4438329 53.8177154, -0.4406611 53.8167701, -0.43919 53.8163935, -0.4356666 53.8140412, -0.432736 53.8120776, -0.4305711749725305 53.81063483895803, -0.4150091058777617 53.800589314043556)",False
way/77065229-400,GB67-400,400.0,3574.952866822164,43516.67,Al/St 240/40 4-bundle 380.0,"LINESTRING (0.11846011124678 51.93505281828974, 0.129961412599754 51.93317834603416, 0.1326406 51.932832, 0.1374504 51.9321964, 0.142833 51.9314995, 0.1477196 51.9308604, 0.153003 51.9320555, 0.1586418 51.9333645, 0.1639081 51.9346087, 0.1697051 51.9359407, 0.1745723 51.9370307, 0.1805967 51.9383797, 0.1854837 51.9395218, 0.1913403 51.9408508, 0.1964271 51.9420166, 0.2016359 51.9425967, 0.2072471 51.9431898, 0.2116618 51.9436759, 0.2179703 51.9443825, 0.2232009 51.9449445, 0.2284419 51.9454567, 0.2329319 51.9459645, 0.2379048 51.9464947, 0.2418959 51.946931, 0.2472871 51.947717, 0.2533111 51.9485466, 0.2586114 51.9493132, 0.2596302 51.9494597, 0.2640829 51.9500999, 0.2674359 51.9517443, 0.2712232 51.9536377, 0.2757936 51.9559521, 0.2796504 51.9578067, 0.2831703 51.9595251, 0.2869624 51.9613997, 0.290711 51.9632736, 0.2955508 51.9641388, 0.2988499 51.9647939, 0.3050083 51.9659489, 0.3102077 51.9668315, 0.3156835 51.9678718, 0.320844 51.9688194, 0.3260357 51.9698075, 0.3311062 51.9707408, 0.3365178 51.9717579, 0.3419313 51.972777, 0.3470814 51.9737486, 0.3522205 51.9746939, 0.3557342 51.9767689, 0.3595966 51.9790951, 0.3632766 51.9813003, 0.3667849 51.9833949, 0.3708884 51.9858372, 0.3760224 51.9868823, 0.38158 51.9879256, 0.3871053 51.9890427, 0.3904161 51.9897404, 0.3927004 51.9902218, 0.3974962 51.9911867, 0.3995469 51.9913266, 0.4031125 51.9915699, 0.4088688 51.9919336, 0.4144907 51.99228, 0.4203534 51.9927064, 0.4245994 51.992957, 0.4299984 51.9933426, 0.4359803 51.9937372, 0.4415327 51.9947606, 0.4471546 51.9958003, 0.4515518 51.9965735, 0.4562146 51.9973571, 0.4611233 51.9982716, 0.4667938 51.9993184, 0.4710481 52.0001067, 0.4722709 52.0003333, 0.4774808 52.0012722, 0.4824182 52.0021865, 0.4878446 52.0031317, 0.4938667 52.0029745, 0.4995418 52.0027562, 0.5036627 52.0026241, 0.50907 52.0024375, 0.5147775 52.0022927, 0.5194743 52.002013, 0.5247502 52.0017068, 0.5256584 52.0016454, 0.5259981 52.0016224, 0.5289774 52.001421, 0.5340331 52.0011313, 0.5378823 52.0009044, 0.5414628 52.0007048, 0.545698 52.0004464, 0.5500113 52.0001729, 0.556668 51.999802, 0.5614858 51.9994921, 0.5679201 51.9991796, 0.5738025 51.9993027, 0.579617 51.9993996, 0.5845581 51.9994666, 0.5898421 51.999623, 0.5956947 51.99975, 0.6010913 51.9998938, 0.6064849 52.0000539, 0.6123179 52.0001751, 0.6180906 52.0003324, 0.6239759 52.0004591, 0.6295119 52.0006087, 0.635622 52.0007581, 0.6410079 52.000914, 0.6464367 52.0009707, 0.6517636 52.0010034, 0.6565296 52.0011029, 0.66143 52.001149, 0.6661504 52.0011908, 0.6723074 52.0012882, 0.6778709 52.001368, 0.6822948 52.0014223, 0.6830829 52.0014343, 0.6878768 52.0014926, 0.6939172 52.001293, 0.699464 52.0011305, 0.7049464 52.0009898, 0.7107024 52.0008249, 0.7156967 52.0006843, 0.7182664937918185 52.00059743044638, 0.7255420999999999 52.000393094733305)",False
way/701436399-400,GB35-400,400.0,3574.952866822164,4704.24,Al/St 240/40 4-bundle 380.0,"LINESTRING (-0.2943456999999848 53.6272954953661, -0.2934014501614732 53.63174135654811, -0.2929683 53.6338602, -0.2925092 53.6359776, -0.2916419 53.6400912, -0.2909787 53.6429341, -0.2844996 53.6450209, -0.2798571 53.6450814, -0.2754698 53.6451418, -0.26996 53.6452326, -0.2658277 53.6475611, -0.2656236 53.6497685, -0.2654622883958224 53.65175302810296, -0.2605508841834119 53.65684661866778)",False
way/160279525-400,GB38-400,400.0,3574.952866822164,6699.06,Al/St 240/40 4-bundle 380.0,"LINESTRING (-0.2329029999999951 53.590479195353026, -0.2266334442694158 53.58797601788447, -0.2254454 53.5874912, -0.2218409 53.5860893, -0.2197279 53.5843554, -0.2165584 53.5818466, -0.2143833 53.5800756, -0.2115245 53.5777511, -0.2088522 53.5756109, -0.2050612 53.572548, -0.202451 53.5705183, -0.1992194 53.5678242, -0.1964228 53.5656097, -0.1915753 53.5654989, -0.1871629 53.5653882, -0.1826262 53.5653144, -0.1779651 53.5652037, -0.1733663 53.5650929, -0.1674623 53.5649822, -0.1636713 53.5649084, -0.1609264100576011 53.56484254940992, -0.1514318224167868 53.56574008529665)",False
GB38-400,way/313180501-400,400.0,3574.952866822164,5949.35,Al/St 240/40 4-bundle 380.0,"LINESTRING (-0.2329029999999951 53.590479195353026, -0.2256846899118766 53.59179269393169, -0.2221387 53.592322, -0.2164051 53.5931416, -0.2118423 53.5938008, -0.2046678 53.5948342, -0.2001049 53.5954933, -0.195362 53.5961703, -0.1900487 53.5969364, -0.185726 53.5975777, -0.1802025 53.5983259, -0.1740187 53.5988069, -0.1683752 53.599181, -0.1639024 53.6006595, -0.1581988 53.6021736, -0.1544454736325348 53.60255088671135, -0.1461446826614229 53.601398478543096)",False
GB28-400,way/1395117766-400,400.0,3574.952866822164,47972.87,Al/St 240/40 4-bundle 380.0,"LINESTRING (-2.321046039490182 53.79532957201044, -2.3173841462971194 53.79045177472204, -2.3170318 53.7902514, -2.3140518 53.788535, -2.3103585 53.7864446, -2.309501 53.7859554, -2.3060264 53.7840297, -2.3021828 53.7819041, -2.298001 53.7795604, -2.293481 53.7769439, -2.2884382 53.775036, -2.2840104 53.7733461, -2.2800131 53.7718196, -2.2748166 53.7698387, -2.271225 53.7684697, -2.2699657 53.7669982, -2.2675906 53.7640956, -2.265536 53.7616539, -2.2637163 53.7594059, -2.2619329 53.7573154, -2.2601495 53.7551521, -2.2585813 53.7532432, -2.2556124 53.7506452, -2.2531557 53.7484635, -2.2504944 53.7459703, -2.2485572 53.7442428, -2.2468353 53.7427153, -2.2444062 53.7405148, -2.242223 53.7385689, -2.2396709 53.7362773, -2.2373647 53.734222, -2.2345666 53.7317664, -2.2296161 53.7313117, -2.2266335 53.7310388, -2.2237123 53.7307842, -2.2199917 53.7304749, -2.2164249 53.7301475, -2.2126016 53.7298006, -2.208931 53.7294585, -2.2052605 53.7291908, -2.2024447 53.7289379, -2.1998301 53.7286851, -2.1943745 53.7282091, -2.1915839 53.7279711, -2.1888436 53.7266474, -2.1861535 53.725383, -2.1834383 53.7240443, -2.1803963 53.7226163, -2.1780582 53.7214857, -2.1752675 53.7201617, -2.1723261 53.7187782, -2.1690829 53.7178111, -2.1654626 53.71674, -2.1617167 53.7156687, -2.1592277 53.7149248, -2.1565377 53.7141214, -2.1534705 53.7131989, -2.1500514 53.7121871, -2.1475373 53.711458, -2.1444254 53.7105931, -2.1401962 53.7093004, -2.1367268 53.7082439, -2.1350423 53.7056992, -2.1337099 53.7036753, -2.1324528 53.7018596, -2.1311204 53.6997461, -2.1299673 53.698065, -2.1286679 53.6960406, -2.1273914 53.6940431, -2.1260008 53.691951, -2.1247036 53.6899355, -2.122698 53.6871218, -2.1199522 53.6861745, -2.1171109 53.6852554, -2.1142218 53.6843645, -2.1097808 53.6829787, -2.1067962 53.6820171, -2.1038594 53.6810979, -2.1006121 53.6800656, -2.0973172 53.6790474, -2.0940938 53.6780291, -2.0908033 53.6769966, -2.0890748 53.6764544, -2.0797087 53.6737596, -2.077549 53.6735512, -2.072914 53.673111, -2.0689026 53.6727441, -2.0650859 53.6723613, -2.061595 53.6720407, -2.057644 53.671688, -2.0540718 53.6713353, -2.0502561 53.6709986, -2.0467651 53.6706459, -2.0453038 53.6691869, -2.0433554 53.6673432, -2.0415152 53.6655153, -2.0393773 53.6634148, -2.0374316 53.6614466, -2.0356157 53.6598389, -2.0320436 53.6605766, -2.0283361 53.6614585, -2.0255488 53.6620518, -2.0218413 53.6629017, -2.0180797 53.6637515, -2.0139934 53.6640722, -2.0099342 53.6643929, -2.005469 53.6647457, -2.0020321 53.6649702, -2.0011153 53.6647559, -1.9961327 53.6635912, -1.9929123 53.6628215, -1.9889072 53.6619235, -1.9849291 53.6616509, -1.9803557 53.6613463, -1.9759446 53.6610737, -1.9689086 53.6606247, -1.964281 53.66032, -1.9597076 53.6584277, -1.9546471 53.6586201, -1.9497218 53.6588446, -1.9434435 53.6613944, -1.9398443 53.6628857, -1.9378147 53.6637195, -1.9352709 53.6647617, -1.9326188 53.6658039, -1.9293714 53.6671668, -1.926097 53.6685296, -1.9248792 53.6713353, -1.9237426 53.6741087, -1.9223895 53.6770422, -1.9182491 53.678581, -1.9130261 53.6804724, -1.9086963 53.6820912, -1.9044476 53.6836138, -1.9003071 53.6851364, -1.8978175 53.6865948, -1.8927299 53.6896236, -1.8892118 53.6916587, -1.8832739 53.6921765, -1.8771444 53.6927284, -1.8720706 53.6926819, -1.8665478 53.6925739, -1.8609989 53.6925276, -1.8576123 53.6924968, -1.8488071 53.6935457, -1.8468272 53.6947951, -1.8432061 53.6976022, -1.8400279 53.7001162, -1.8351564 53.7014733, -1.8313123 53.7025698, -1.8270277 53.7037822, -1.8223683 53.7050956, -1.8175703 53.7070327, -1.8139372 53.7085594, -1.8158838 53.7111639, -1.8173167 53.7129914, -1.8196041 53.7160014, -1.8222798 53.7195156, -1.8250308 53.7201965, -1.8291071 53.7212341, -1.8320472 53.723526, -1.8316718 53.7261134, -1.8275454 53.7289941, -1.8231258 53.7314692, -1.8181769 53.7344681, -1.8151203 53.7363514, -1.8108636 53.7371332, -1.8091571 53.7395532, -1.8089858592770907 53.739814073324226, -1.805312199999999 53.74373109540733)",False
way/25629803-400,way/90125443-400,400.0,3574.952866822164,16919.46,Al/St 240/40 4-bundle 380.0,"LINESTRING (-1.0233721447333293 53.956801073835514, -1.0148944929532715 53.953377198964, -1.0148721 53.953369, -1.0109277 53.9520103, -1.0065664 53.9505006, -1.0009224 53.9499156, -0.995118 53.9493117, -0.9890571 53.94867, -0.9830283 53.9480661, -0.9781859 53.9475754, -0.9733701 53.9470784, -0.9678329 53.9472325, -0.9623065 53.9473616, -0.9571488 53.947478, -0.9518258 53.9476131, -0.9468492 53.9477373, -0.9421732 53.9478585, -0.9367184 53.9479438, -0.9319434 53.9480661, -0.9268354 53.9481817, -0.9232529 53.9482548, -0.9180898 53.9483869, -0.9129503 53.9485004, -0.9082484 53.9477408, -0.9038836 53.9470092, -0.8983999 53.9461221, -0.8930445 53.9452728, -0.8889225 53.9446196, -0.8848029 53.9426492, -0.8796511 53.9402685, -0.8748938 53.9380434, -0.873634 53.9350373, -0.8723355 53.9318419, -0.8711083 53.9289247, -0.8709326 53.9258211, -0.8707096 53.9222137, -0.8705004 53.9190485, -0.8703161 53.9161781, -0.8700676 53.9125323, -0.8698291 53.9093057, -0.8662988 53.9074836, -0.8615533 53.9051272, -0.8567751 53.9042204, -0.8519008 53.9032946, -0.8476891 53.9025096, -0.8429858 53.9015942, -0.8376624 53.9006117, -0.8324598 53.8998508, -0.8317340833317229 53.89997296856605, -0.8220709014857445 53.90040028554631)",False
way/27163121-400,way/1274943512-400,400.0,3574.952866822164,53191.38,Al/St 240/40 4-bundle 380.0,"LINESTRING (-3.9289770169857947 55.764466124308115, -3.9223644758720173 55.75972999845922, -3.9208427 55.7596257, -3.9138217 55.7591708, -3.9089027 55.7588308, -3.9040093 55.7591421, -3.8991329 55.7594294, -3.8948527 55.7597171, -3.8918392 55.7621465, -3.8900009 55.7652386, -3.887312 55.7669754, -3.8844534 55.7688789, -3.8813803 55.7692733, -3.8782816 55.7697034, -3.8718958 55.7688286, -3.8666337 55.7696129, -3.8631639 55.7707457, -3.8598197 55.7718351, -3.855128 55.7712215, -3.8480386 55.7702585, -3.8435071 55.7696411, -3.8388126 55.7689655, -3.8333263 55.7697091, -3.8290364 55.7702812, -3.8231656 55.7710799, -3.8178587 55.7717653, -3.8121188 55.7725299, -3.8075356 55.7731399, -3.8023479 55.7747066, -3.7979106 55.7760803, -3.7935653 55.7774424, -3.7892475 55.7787941, -3.7842264 55.7803591, -3.7785415 55.7815221, -3.7726694 55.7827616, -3.7673419 55.7838527, -3.7632485 55.7861449, -3.7590103 55.7885805, -3.7543977 55.7912216, -3.7501936 55.7936234, -3.7458704 55.7960777, -3.7417939 55.798417, -3.7376749 55.8007705, -3.7334623 55.8031765, -3.7281859 55.8039274, -3.72205 55.8048936, -3.7156924 55.8058859, -3.7114376 55.8070554, -3.7066888 55.8083563, -3.7027656 55.8094419, -3.6970637 55.8110392, -3.6917345 55.8124966, -3.6868827 55.8138436, -3.6824778 55.815027, -3.6781509 55.8162387, -3.6727018 55.8166155, -3.6674339 55.8169788, -3.6612299 55.8174139, -3.6556726 55.8177869, -3.650192 55.8181885, -3.6433752 55.8186332, -3.6375967 55.8190348, -3.6324565 55.8193934, -3.6266013 55.819795, -3.620559 55.8198715, -3.6145848 55.8199384, -3.6092379 55.819988, -3.604438 55.8199412, -3.5990823 55.8198939, -3.5926059 55.8198005, -3.5881608 55.8197536, -3.5831725 55.8197066, -3.579454 55.8196557, -3.5754182 55.8219383, -3.5722517 55.8237199, -3.5684316 55.8258581, -3.5646448 55.8279737, -3.5611258 55.8299141, -3.5571347 55.8321797, -3.5525242 55.8347438, -3.5486222 55.8369538, -3.5453384 55.8388212, -3.5418251 55.8408013, -3.5378337 55.8429814, -3.5306827 55.8416972, -3.5257044 55.8408355, -3.5208273 55.8417303, -3.514901 55.8428322, -3.5089398 55.8427786, -3.503776 55.8427388, -3.4972911 55.8426688, -3.491689 55.8437594, -3.4861116 55.8448507, -3.4803038 55.845977, -3.474576 55.8471122, -3.4687522 55.848245, -3.4633617 55.8493168, -3.4588341 55.8497179, -3.4538539 55.8501712, -3.4485397 55.850659, -3.443415 55.8511164, -3.4376926 55.8516576, -3.4316079 55.8522109, -3.4253059 55.8527804, -3.4232095 55.85297, -3.4194093 55.8533135, -3.412647 55.8539284, -3.4083894 55.8543089, -3.4072974 55.8547009, -3.4039524 55.8559016, -3.3988278 55.8577031, -3.3938481 55.8595052, -3.3893715 55.8611037, -3.3838365 55.8630851, -3.3790011 55.8642327, -3.373676 55.865483, -3.3674218 55.8651552, -3.3611369 55.8648256, -3.3548985 55.8645034, -3.35018 55.8670542, -3.3460151 55.8693056, -3.3433051 55.8707704, -3.3403562 55.8723643, -3.3350008 55.8733008, -3.3293072 55.8742965, -3.3235119 55.8753099, -3.3183502 55.8769786, -3.3138056 55.8784477, -3.3084286 55.8801858, -3.3030472 55.881938, -3.2986064 55.8833705, -3.2941 55.8850304, -3.2894843 55.8867885, -3.2850062 55.888486, -3.2809309 55.8899788, -3.2766651 55.889272, -3.2714149 55.8910729, -3.266422 55.8927942, -3.2601609 55.8939958, -3.2561531 55.8950401, -3.2512735 55.8963093, -3.2456922 55.8967838, -3.2424796 55.8971919, -3.2377003 55.897821, -3.2327751 55.8984503, -3.2270401 55.8976286, -3.2215071 55.8968675, -3.2157469 55.896046, -3.2100027 55.8952464, -3.2045288 55.8943103, -3.2001811 55.8938502, -3.1937559 55.8935413, -3.1888036 55.8933004, -3.1824566 55.8926831, -3.176594 55.8921259, -3.1752350823471405 55.89199385091825, -3.165360859510879 55.89162814408913)",False
way/26938722-400,way/677845115-400,400.0,3574.952866822164,25430.59,Al/St 240/40 4-bundle 380.0,"LINESTRING (-4.012721052391446 50.38905382328846, -4.006773978117659 50.385848935616764, -4.0065668 50.3852384, -4.0058482 50.3830403, -4.00507 50.3806642, -4.0036201 50.3777941, -4.0003327 50.3767158, -3.9961931 50.3754159, -3.9918355 50.3754842, -3.9912092 50.3754758, -3.9869273 50.3754659, -3.9822439 50.3754835, -3.9787344 50.3767864, -3.9713148 50.3795847, -3.9663188 50.3791103, -3.9660337 50.3790818, -3.9610737 50.378525, -3.9609193 50.3785518, -3.9570802 50.3781308, -3.9521181 50.3776161, -3.9506978 50.3774217, -3.9469964 50.3770839, -3.9432946 50.3766832, -3.9401133 50.3763844, -3.9365057 50.3774856, -3.9335055 50.3784796, -3.9291002 50.3798151, -3.9262893 50.3806976, -3.921354 50.3822849, -3.9172663 50.3835711, -3.9132796 50.3836581, -3.9090202 50.3837667, -3.9059581 50.3838447, -3.9020835 50.3846574, -3.8973321 50.3856029, -3.8941779 50.3862459, -3.8902455 50.387062, -3.8878583 50.3875506, -3.8855746 50.3886501, -3.8835611 50.3895925, -3.878943 50.3917469, -3.8746359 50.3938666, -3.8696439 50.3950874, -3.8641358 50.3964944, -3.8613193 50.3972796, -3.8601457 50.3976068, -3.8554666 50.398763, -3.8515217 50.4006246, -3.8479881 50.402328, -3.8443423 50.4040462, -3.8403979 50.4059584, -3.8362829 50.4079324, -3.8323905 50.4097464, -3.8296009 50.4118318, -3.825052 50.4152229, -3.8225682 50.4170721, -3.8211145 50.4181796, -3.8183805 50.4202378, -3.8160106 50.422098, -3.8121477 50.4241323, -3.8088727 50.4259081, -3.8049452 50.427989, -3.8011683 50.430036, -3.7986051 50.4314073, -3.7940184 50.4338219, -3.7909637 50.4354958, -3.7902552 50.4376393, -3.7887767 50.4415206, -3.7878914 50.4440274, -3.7845263 50.4463095, -3.7807038 50.4488054, -3.7773239 50.4510627, -3.7766283 50.4514545, -3.7745483 50.4526261, -3.7712695 50.4538994, -3.7674666 50.4550389, -3.7636198 50.4561953, -3.76154 50.4567585, -3.7588294 50.4575054, -3.7558827 50.4583657, -3.7520652 50.4592498, -3.7472541 50.4603912, -3.7433574 50.4612764, -3.7385137 50.4623491, -3.7332672 50.4634762, -3.7307835 50.4649758, -3.730870494323782 50.465985886460594, -3.730387109190733 50.471639901306744)",False
way/26938722-400,way/26678829-400,400.0,3574.952866822164,48767.21,Al/St 240/40 4-bundle 380.0,"LINESTRING (-3.730387109190733 50.471639901306744, -3.7272521086627988 50.47671319569148, -3.7236636 50.4784119, -3.7209585 50.4796254, -3.7184683 50.4807579, -3.715668 50.4821305, -3.7153691 50.4856593, -3.7151468 50.4881832, -3.71485 50.491432, -3.7147248 50.4945772, -3.7142527 50.4975256, -3.7140296 50.500185, -3.7133185 50.5014533, -3.7125452 50.5038514, -3.711431 50.5067131, -3.7104231 50.5093823, -3.7072835 50.5117259, -3.7045009 50.5137788, -3.7016184 50.515956, -3.6970878 50.5175548, -3.6921232 50.5194083, -3.6882806 50.5207781, -3.6849226 50.5231567, -3.6823182 50.5250352, -3.6787892 50.5275898, -3.6762679 50.5290182, -3.6727146 50.5311138, -3.6687142 50.5334471, -3.6672553 50.537044, -3.6650687 50.541847, -3.663572 50.5453784, -3.6625141 50.5479184, -3.6623561 50.5515418, -3.6622413 50.5546515, -3.6621404 50.5571796, -3.6620391 50.559806, -3.6595037 50.5611652, -3.6563419 50.5628188, -3.6527231 50.564709, -3.6510766 50.5655849, -3.6487104 50.5668437, -3.645498 50.5685028, -3.642323 50.5702206, -3.6424556 50.5733214, -3.6425725 50.5759781, -3.6442632 50.5782, -3.6465813 50.5809904, -3.6492136 50.5843086, -3.6470288 50.5872362, -3.6449264 50.5900186, -3.6429247 50.5926677, -3.6406391 50.5953674, -3.6380349 50.5974544, -3.6361118 50.5989974, -3.631938 50.602387, -3.6288411 50.6047246, -3.627596 50.6058954, -3.6242012 50.6086688, -3.6223614 50.6101507, -3.6206526 50.6115801, -3.6219744 50.6138249, -3.6232077 50.6159195, -3.6251138 50.6190478, -3.6263742 50.621049, -3.6238377 50.622263, -3.6206547 50.6237334, -3.6164444 50.6257243, -3.6113286 50.6281431, -3.6092899 50.6290598, -3.6045825 50.6313136, -3.6036243 50.6337048, -3.602278 50.6369517, -3.6012664 50.6392886, -3.5998278 50.6430219, -3.5990711 50.6452029, -3.5987322 50.6471717, -3.5982408 50.6498934, -3.5978104 50.6523405, -3.5983656 50.6544202, -3.5991098 50.6568752, -3.6002759 50.6617841, -3.600493 50.6632864, -3.6005574 50.665199, -3.6031945 50.6661634, -3.6063656 50.6673252, -3.6095423 50.6693807, -3.612581 50.6714355, -3.6125819 50.6742186, -3.6097427 50.6768962, -3.6073377 50.6793511, -3.6062873 50.6804687, -3.6036839 50.6829607, -3.6040314 50.685347, -3.6047616 50.6889502, -3.6051809 50.6914039, -3.6048046 50.6961903, -3.601665 50.6971782, -3.596304 50.6989026, -3.5934901 50.6998396, -3.5911062 50.7017663, -3.5870233 50.7049534, -3.5854087 50.7062325, -3.5840453 50.707356, -3.5827046 50.7083923, -3.577299 50.7119334, -3.576721 50.7149424, -3.5761714 50.7176435, -3.5755596 50.7209522, -3.5750465 50.7237231, -3.5747301 50.7252275, -3.5740432 50.7289397, -3.5709361 50.7326229, -3.568766 50.735149, -3.5656039 50.7389972, -3.5619969 50.7397489, -3.5580941 50.740641, -3.5546977 50.7414074, -3.551453 50.7420668, -3.5504111 50.7448567, -3.5496463 50.7469709, -3.5489684 50.7487842, -3.5461401 50.7501519, -3.5434888 50.7514891, -3.5411012 50.7526765, -3.5372145 50.7538001, -3.5338182 50.7547962, -3.5296852 50.7559738, -3.5254095 50.7572458, -3.5222432 50.7591216, -3.5183413 50.7616467, -3.515217 50.7635126, -3.5113472 50.7659049, -3.5078152 50.7676534, -3.5041141 50.7695126, -3.5004587 50.7713219, -3.4968183 50.7730884, -3.4925753 50.7727468, -3.4868738 50.7722489, -3.4820603 50.7718338, -3.4779394 50.7714903, -3.473923 50.7711383, -3.4688834 50.7707098, -3.463641 50.7702605, -3.4592417 50.769882, -3.4547414 50.7694963, -3.4495366 50.7690381, -3.4461299 50.7693691, -3.4422951 50.7697096, -3.4383328 50.770079, -3.4342855 50.7704362, -3.4295948 50.7708402, -3.4263479 50.7691635, -3.423639 50.7677376, -3.4210369 50.7663877, -3.4179197 50.7664188, -3.414924983830021 50.76642173228006, -3.405315842410283 50.76755870285833)",False
GB81-400,way/1275300370-400,400.0,1787.4764334110816,5976.63,Al/St 240/40 4-bundle 380.0,"LINESTRING (0.1654369068235738 51.443551664677564, 0.1802935546835866 51.45132999199398, 0.1806183 51.4517285, 0.1813337 51.4526064, 0.1815071 51.4526322, 0.1819699 51.4527009, 0.1820095 51.4527059, 0.1837812 51.4529774, 0.1882001 51.4536105, 0.1911522 51.4525689, 0.194793 51.4522335, 0.1964055 51.4530468, 0.199252 51.4544824, 0.2031508 51.4564725, 0.2063748 51.4580784, 0.2098724 51.4598332, 0.2135255 51.4616614, 0.215969 51.462885, 0.2199631 51.4648709, 0.2231053 51.4648944, 0.2263326 51.4648796, 0.2283831985960183 51.4648780522324, 0.2377446512444168 51.463718492750935)",False
GB92-400,way/28691559-400,400.0,3574.952866822164,38382.92,Al/St 240/40 4-bundle 380.0,"LINESTRING (0.4483953922970407 50.8812160108653, 0.4543074652084587 50.88550877907165, 0.4553298 50.8858794, 0.4606133 50.8878455, 0.4652974 50.8895201, 0.4701296 50.8913189, 0.4741407 50.8928577, 0.4788639 50.8944745, 0.4829561 50.8958615, 0.4879875 50.8958263, 0.4931153 50.8958421, 0.4984853 50.8958603, 0.5038761 50.8958274, 0.5091139 50.8957702, 0.513105 50.8968917, 0.5172504 50.89794, 0.5186484 50.8982935, 0.5203074 50.898754, 0.5222436 50.8992914, 0.5251076 50.9014443, 0.5286588 50.9038567, 0.5326479 50.9066639, 0.5355896 50.9087252, 0.5390865 50.911281, 0.5415857 50.913134, 0.5450446 50.9155178, 0.5480584 50.9176444, 0.5528975 50.9197793, 0.5563561 50.9213028, 0.560526 50.923093, 0.565286 50.9251659, 0.5680141 50.9263426, 0.5693305 50.9284111, 0.5716157 50.931852, 0.5735051 50.9345883, 0.5758423 50.9382001, 0.5778403 50.941329, 0.5802052 50.9449015, 0.5822467 50.9480355, 0.5844233 50.9515102, 0.5850283 50.9534775, 0.5858985 50.9565831, 0.5868566 50.9598496, 0.5875786 50.9624992, 0.5926373 50.9628891, 0.5989667 50.9633406, 0.6032514 50.9635971, 0.6080168 50.9639511, 0.6155618 50.9644515, 0.6188398 50.9647173, 0.6243413 50.9651054, 0.6292289 50.9654184, 0.6342631 50.9656082, 0.6399815 50.9661263, 0.6438101 50.9683579, 0.64816 50.9709382, 0.6523787 50.9734017, 0.6557847 50.9753905, 0.6584728 50.97696, 0.6619875 50.9789958, 0.6663092 50.9814989, 0.6710013 50.9828425, 0.6761397 50.9842199, 0.6815103 50.9857204, 0.6846058 50.9865876, 0.6886454 50.9876885, 0.6935671 50.9891596, 0.6987985 50.9905723, 0.70355 50.9914978, 0.7093076 50.9927837, 0.7140746 50.9937384, 0.7189654 50.9946054, 0.7235777 50.9947028, 0.7281435 50.9948684, 0.7282458 50.9948699, 0.7315175 50.9949171, 0.7333421 50.9949235, 0.7370429 50.9949366, 0.73783 50.9949385, 0.7407244 50.9949456, 0.7407893 50.9949458, 0.7410051 50.9949463, 0.7461127 50.9931344, 0.7501208 50.991735, 0.7540104 50.9903771, 0.7582819 50.9888693, 0.7612543 50.9877725, 0.766012 50.9860132, 0.7706952 50.9842966, 0.7754132 50.982605, 0.7794826 50.9810834, 0.7829695 50.9798373, 0.7874112 50.9782475, 0.792413 50.9764334, 0.7973639 50.9747191, 0.8016441 50.9731649, 0.8029971 50.9726792, 0.8059094 50.9716161, 0.8100416 50.9699807, 0.8149047 50.9683652, 0.8196956 50.9666288, 0.8229738 50.9654622, 0.8249559 50.9647568, 0.8299338 50.9629712, 0.8345733 50.9612926, 0.8396283 50.9595762, 0.8444021 50.9579654, 0.8455132 50.957565, 0.8455658 50.957546, 0.8491235 50.9562636, 0.8536874 50.9546444, 0.8582777 50.9530003, 0.8634449 50.9511579, 0.8685597 50.949398, 0.8733467 50.9476298, 0.8783172 50.9459359, 0.8809411 50.9449989, 0.8814536 50.9448159, 0.8831304 50.9442171, 0.8846801815446466 50.94366745056851, 0.8923617846995627 50.94264047401145)",False
relation/9572254-400,way/100009331-400,400.0,3574.952866822164,97334.47,Al/St 240/40 4-bundle 380.0,"LINESTRING (-4.899645176253177 50.39501306092503, -4.891403665212849 50.39778884096129, -4.8897955 50.3982671, -4.8849568 50.3996281, -4.8806009 50.4008933, -4.8762557 50.4022678, -4.8715779 50.4036287, -4.8666855 50.4051539, -4.8619219 50.4065352, -4.8579094 50.4078207, -4.8533389 50.4091745, -4.849455 50.4103505, -4.8481416 50.4123231, -4.8465366 50.4146734, -4.8446914 50.4174608, -4.8435942 50.4191162, -4.8421165 50.4212753, -4.8405967 50.423617, -4.8393056 50.425568, -4.8378679 50.4278775, -4.8355505 50.4317458, -4.8341588 50.4342043, -4.8323318 50.4374316, -4.8269522 50.4385806, -4.821421 50.4397798, -4.8164879 50.4408118, -4.8110254 50.4418868, -4.8067553 50.4436769, -4.8019703 50.4453987, -4.8017557 50.4478856, -4.8016484 50.4503586, -4.8016055 50.4535967, -4.8015197 50.4562061, -4.7974981 50.4599401, -4.7953613 50.4619982, -4.7928508 50.4644705, -4.7896107 50.467612, -4.7871921 50.4700021, -4.7856732 50.4716017, -4.7865193 50.4755901, -4.7870572 50.4786738, -4.7877601 50.4810576, -4.7883366 50.483631, -4.788924 50.4865247, -4.7893746 50.4888865, -4.7905697 50.4935457, -4.7910677 50.4958414, -4.7914775 50.4993428, -4.7918354 50.5020254, -4.792319 50.5054235, -4.7927864 50.5092372, -4.7948541 50.5113321, -4.7964074 50.5130205, -4.799052 50.5160462, -4.7976384 50.5186844, -4.7960546 50.5216898, -4.7923853 50.5244812, -4.7892486 50.5269244, -4.7868076 50.5288016, -4.7840851 50.5308807, -4.7798689 50.5341212, -4.7772725 50.5361669, -4.7741611 50.5392491, -4.7714575 50.5419765, -4.7689898 50.5444583, -4.7661145 50.547199, -4.7679599 50.5504305, -4.7695371 50.5531708, -4.7708567 50.5555975, -4.7725777 50.55875, -4.7710646 50.5616473, -4.7690757 50.5655211, -4.7677883 50.5678936, -4.7662218 50.5708364, -4.764355 50.5745704, -4.7630572 50.5769779, -4.7607871 50.5810494, -4.7594841 50.5835771, -4.7562225 50.5858796, -4.7532614 50.5879368, -4.7504934 50.5898679, -4.7469287 50.592388, -4.7437868 50.5945739, -4.7396001 50.5965011, -4.7357479 50.5982742, -4.7324679 50.5998281, -4.7267601 50.602443, -4.7233326 50.6039319, -4.7202483 50.6054106, -4.7184989 50.6082308, -4.716439 50.6118937, -4.7148297 50.6149165, -4.7134134 50.6175442, -4.7122547 50.6199267, -4.7106263 50.6226958, -4.7087037 50.6259365, -4.7041866 50.6274956, -4.7000848 50.6288134, -4.6948322 50.6306806, -4.6906479 50.6320009, -4.686807 50.633253, -4.6832895 50.6344421, -4.6797608 50.6356222, -4.6777132 50.638913, -4.675649 50.642371, -4.6738895 50.6452965, -4.6716644 50.6487994, -4.6691044 50.6507117, -4.6659501 50.6530653, -4.6631078 50.655283, -4.6594699 50.6579355, -4.6569689 50.6598513, -4.6538848 50.6621676, -4.6507796 50.6644781, -4.648269 50.6663686, -4.645804 50.6682185, -4.6428657 50.6704225, -4.6393112 50.672416, -4.6363651 50.6740607, -4.6332885 50.6757405, -4.6294111 50.6779217, -4.6248149 50.6804778, -4.6209016 50.6826613, -4.6162756 50.6851745, -4.6125849 50.6872647, -4.6096774 50.6888654, -4.6062334 50.6908026, -4.6022423 50.693059, -4.5978435 50.6954513, -4.5940669 50.6975581, -4.5903013 50.6996166, -4.5855232 50.6996529, -4.5796903 50.6995968, -4.5756348 50.6996375, -4.5708712 50.6996606, -4.5663865 50.6996484, -4.5616444 50.699624, -4.5555504 50.6995832, -4.5511301 50.6995696, -4.5461734 50.6995968, -4.5416459 50.6995696, -4.5373114 50.6995424, -4.5339425 50.6995016, -4.5306381 50.6995424, -4.5263894 50.6995152, -4.5232352 50.6995152, -4.5198887 50.7012068, -4.5160128 50.7032972, -4.5131391 50.7048089, -4.5095666 50.7067534, -4.5062622 50.7084573, -4.5029791 50.7095171, -4.4984301 50.711039, -4.4936021 50.712588, -4.4900831 50.7137021, -4.4860919 50.7149793, -4.481264 50.7165417, -4.4799121 50.7196392, -4.4787752 50.7227977, -4.4777776 50.7253057, -4.4750891 50.7272069, -4.4717797 50.7296233, -4.4686039 50.7318914, -4.4647416 50.7346077, -4.4620164 50.7369164, -4.458948 50.7396188, -4.4559439 50.7421852, -4.4526823 50.7448601, -4.450837 50.7465709, -4.4467386 50.7492591, -4.4433268 50.7514313, -4.4402369 50.7534405, -4.4374634 50.7552768, -4.4338569 50.7576397, -4.4302376 50.7600513, -4.4266756 50.7623889, -4.4245386 50.7637724, -4.4215439 50.7668225, -4.41938 50.7691039, -4.4175776 50.7710309, -4.4147023 50.7737178, -4.4119128 50.776703, -4.411834 50.7801762, -4.4118055 50.7837039, -4.4117433 50.7870678, -4.4117424 50.7900357, -4.4108184 50.7930096, -4.4097366 50.7965737, -4.4086941 50.8000081, -4.4075998 50.8037239, -4.4066986 50.8071411, -4.4058832 50.8101241, -4.4013984 50.812279, -4.3974416 50.814391, -4.3929013 50.8166455, -4.3890109 50.818589, -4.3846615 50.820726, -4.3800267 50.8230034, -4.3763359 50.8248604, -4.3715938 50.8272324, -4.3673141 50.8292919, -4.3644055 50.8325046, -4.3613799 50.8355267, -4.3585905 50.8383453, -4.356037 50.8407437, -4.3526252 50.8441447, -4.350179 50.8466647, -4.3472393 50.8497672, -4.3441494 50.8528017, -4.3414887 50.8555516, -4.3391713 50.8578543, -4.3371901 50.8598375, -4.3355013 50.8615738, -4.3333562 50.8637731, -4.3297299 50.867362, -4.3273495 50.8697818, -4.3264254 50.8735098, -4.3256529 50.8767594, -4.3248561 50.8801244, -4.3242745 50.8824509, -4.323685 50.884522, -4.3189959 50.8858537, -4.3150261 50.8869161, -4.3109705 50.8880228, -4.3049842 50.8896504, -4.3016374 50.8905638, -4.2961864 50.8920319, -4.2915032 50.8933009, -4.2873295 50.8944117, -4.2821153 50.8958599, -4.2808064 50.8981335, -4.2791327 50.9011108, -4.2773302 50.9043585, -4.2757386 50.9072023, -4.2723044 50.9081436, -4.267137 50.9095966, -4.2618682 50.9110175, -4.2582544 50.9120573, -4.2562588 50.9145331, -4.254113 50.9172117, -4.2519887 50.9198766, -4.2498644 50.9225143, -4.2475685 50.9243944, -4.245015 50.9265314, -4.2415174 50.9294122, -4.2381485 50.9322387, -4.2357587 50.9341971, -4.2352732 50.9371221, -4.235003 50.9387574, -4.2344183 50.9426434, -4.2338758 50.9459592, -4.2333849 50.9493562, -4.2327627 50.9528033, -4.2323979 50.9555473, -4.2318185 50.959494, -4.231439 50.9616916, -4.2313552 50.9621771, -4.230861 50.9656777, -4.2307758 50.9676515, -4.2303718 50.9713457, -4.2299946 50.9744398, -4.2254861 50.976794, -4.2211111 50.9789523, -4.217871 50.980614, -4.2132791 50.9829645, -4.210056 50.9845273, -4.2075928 50.9856257, -4.2045673 50.9868414, -4.2023025 50.9878815, -4.1991134 50.9891934, -4.1916488 50.9881239, -4.1881577 50.9875866, -4.1835433 50.9868809, -4.1790112 50.9869224, -4.1721447 50.987125, -4.1685398 50.987125, -4.1626309 50.987261, -4.1589912 50.9873141, -4.1554936 50.9873682, -4.150064 50.9874777, -4.1457298 50.9875636, -4.140836 50.9908403, -4.1398933 50.9929194, -4.1390999 50.9948912, -4.13773842053029 50.998205274862976, -4.136944788248306 51.00583239097966)",False
way/635829123-400,way/635229626-400,400.0,3574.952866822164,43519.99,Al/St 240/40 4-bundle 380.0,"LINESTRING (0.1990481748457523 52.72693584677891, 0.205485158543902 52.721080037604224, 0.205876 52.720843, 0.209534 52.718614, 0.213531 52.716216, 0.219035 52.716781, 0.224823 52.717392, 0.230681 52.718026, 0.236378 52.71863, 0.240964 52.719124, 0.245685 52.719624, 0.250567 52.720147, 0.255309 52.720648, 0.260625 52.721168, 0.26629 52.721733, 0.272115 52.722308, 0.277619 52.722854, 0.283681 52.723419, 0.288659 52.721886, 0.293643 52.720323, 0.298567 52.718783, 0.3036517 52.7171917, 0.308712 52.715608, 0.312982 52.714269, 0.317155 52.712953, 0.322235 52.711367, 0.327305 52.709774, 0.331596 52.708455, 0.336805 52.708673, 0.341295 52.708877, 0.3459301 52.709133, 0.351922 52.709371, 0.356487 52.709576, 0.362173 52.709826, 0.366406 52.709414, 0.3720443 52.708864, 0.377601 52.708322, 0.382161 52.707863, 0.387279 52.70736, 0.391855 52.706745, 0.394896 52.706355, 0.400137 52.705653, 0.40533 52.704961, 0.410925 52.704213, 0.416788 52.703433, 0.421772 52.702757, 0.428048 52.701652, 0.433187 52.700738, 0.438944 52.699724, 0.443391 52.698931, 0.449152 52.697913, 0.454833 52.696915, 0.460047 52.695992, 0.463298 52.695407, 0.468963 52.694428, 0.474418 52.693456, 0.479397 52.692328, 0.484868 52.691102, 0.490174 52.689896, 0.495152 52.688764, 0.500243 52.6876, 0.50307 52.686953, 0.50822 52.687161, 0.513428 52.689054, 0.517838 52.690637, 0.521674 52.692022, 0.525911 52.693531, 0.530096 52.695056, 0.533888 52.696418, 0.539006 52.697143, 0.544258 52.697868, 0.549762 52.698638, 0.554928 52.699367, 0.559734 52.700033, 0.564385 52.700683, 0.569991 52.700842, 0.5753556 52.7010156, 0.581669 52.701119, 0.585977 52.702022, 0.591218 52.703128, 0.596995 52.704327, 0.602494 52.705445, 0.607917 52.705549, 0.614199 52.705643, 0.619869 52.705721, 0.6256004 52.7058183, 0.628865 52.702848, 0.632143 52.699978, 0.637502 52.699393, 0.6421829 52.6989039, 0.6465512 52.698425, 0.651487 52.697881, 0.654835 52.697484, 0.660011 52.696974, 0.662763 52.696698, 0.665681 52.695527, 0.668836 52.69421, 0.673562 52.69224, 0.675986 52.691258, 0.678336 52.690341, 0.684457 52.686908, 0.6889025 52.684454, 0.6916674 52.6828631, 0.696328 52.682778, 0.702111 52.682794, 0.7069421 52.6827498, 0.71173 52.682706, 0.716869 52.682638, 0.723199 52.682589, 0.727876 52.68254, 0.732656 52.681187, 0.737951 52.679695, 0.7425315 52.678407, 0.747371 52.676992, 0.752472 52.675525, 0.757751 52.674, 0.763008 52.672526, 0.767595 52.671209, 0.772074 52.669943, 0.776736 52.668294, 0.781306 52.666602, 0.785882 52.664959, 0.7872856096348814 52.66445738860176, 0.7938086030042741 52.6611045708494)",False
way/92340133-400,way/89453364-400,400.0,3574.952866822164,16116.38,Al/St 240/40 4-bundle 380.0,"LINESTRING (-0.9075683078097988 51.92634688158579, -0.8968276444777653 51.92613776710093, -0.8953795 51.9263197, -0.8901497 51.9269678, -0.8845027 51.9276609, -0.8789806 51.9283651, -0.8746807 51.9288712, -0.8654743 51.927914, -0.8606749 51.9274244, -0.8498627 51.9262746, -0.844751 51.9257355, -0.8407098 51.9253174, -0.8353751 51.9248277, -0.8296121 51.9243326, -0.8243042 51.9238264, -0.8192281 51.9232983, -0.8129032 51.9226931, -0.8081394 51.9222475, -0.8031883 51.9217688, -0.7978892 51.9212571, -0.7929738 51.920806, -0.7883617 51.9203603, -0.7839993 51.9196285, -0.7800028 51.9189958, -0.7749178 51.9181814, -0.7704038 51.9173946, -0.7647479 51.9165417, -0.760787 51.9158209, -0.7562998 51.915144, -0.7515717 51.9146378, -0.7473253 51.9142031, -0.7442502 51.9138729, -0.7427132 51.9137078, -0.7372625 51.913174, -0.7316869 51.9125632, -0.7309853 51.9124931, -0.7273335 51.9121285, -0.7230247 51.9116057, -0.7187337 51.9109838, -0.7131938 51.9101528, -0.7075914 51.9092668, -0.7020515 51.9084798, -0.6960955 51.9075884, -0.6907298 51.9067402, -0.6870274 51.906171, -0.6851371709324809 51.90587758093414, -0.6775936923709948 51.904374490995636)",False
way/87204522-400,GB57-400,400.0,3574.952866822164,12873.75,Al/St 240/40 4-bundle 380.0,"LINESTRING (-1.6517820699399348 52.77490580595794, -1.641521348761408 52.76878176356865, -1.6412807 52.7686965, -1.6378717 52.7674879, -1.6321442 52.7686984, -1.6279593 52.769587, -1.6242028 52.7703651, -1.6189558 52.7714094, -1.6145538 52.7722936, -1.609792 52.7732464, -1.6051321 52.7751038, -1.6014289 52.7765581, -1.5987967 52.779505, -1.5962453 52.7824239, -1.5941499 52.7848162, -1.5937685 52.7852516, -1.5912784 52.7881858, -1.5913519 52.7910388, -1.5913809 52.7940302, -1.5888198 52.7961731, -1.5859628 52.7985486, -1.5844602 52.8015989, -1.5840098 52.8020264, -1.5827604 52.8032123, -1.5824193 52.803536, -1.5819358 52.8039949, -1.5798988 52.8070464, -1.5767468 52.809955, -1.574535 52.8120285, -1.5729865 52.8135012, -1.5701349 52.8160316, -1.5642074 52.8175855, -1.5606821 52.8184973, -1.5553287 52.819879, -1.550961 52.8210033, -1.5472166 52.8219564, -1.5408808 52.8235147, -1.5347604 52.8239986, -1.5313057 52.8242644, -1.5265362 52.8246304, -1.5239218292024446 52.824824044277506, -1.5142030184855828 52.826507010407326)",False
GB30-400,way/97256377-400,400.0,3574.952866822164,22152.45,Al/St 240/40 4-bundle 380.0,"LINESTRING (-2.4534811999999944 53.71015819539561, -2.447087573306659 53.707747927532786, -2.4460292 53.7062575, -2.4439971 53.7033376, -2.4418084 53.7002318, -2.4387609 53.6959773, -2.4365993 53.6929079, -2.4345564 53.6900021, -2.4322707 53.6867267, -2.4301935 53.6842279, -2.4278711 53.681456, -2.4260364 53.6792539, -2.4235874 53.6762699, -2.4205236 53.672558, -2.4191597 53.6708989, -2.4150151 53.668184, -2.4118804 53.6661015, -2.4093611 53.6644426, -2.4040036 53.6609163, -2.4007875 53.658786, -2.39803 53.6569644, -2.39367 53.6547306, -2.3895209 53.6525681, -2.3860618 53.6507437, -2.3824225 53.6488605, -2.3770358 53.646058, -2.3733952 53.6441655, -2.3688383 53.641791, -2.364432 53.6395243, -2.3611061 53.6368018, -2.3573724 53.6339392, -2.354776 53.6319607, -2.3521368 53.6298103, -2.3529629 53.6277234, -2.3546151 53.6233331, -2.3566536 53.6195277, -2.3576299 53.617364, -2.3587699 53.6151311, -2.3604648 53.6118704, -2.3616179 53.6094042, -2.3628499 53.6070662, -2.3637538 53.6052412, -2.3654696 53.6018108, -2.3671322 53.5990777, -2.3690668 53.5958394, -2.369779 53.5932901, -2.3703478 53.591251, -2.369937 53.5886566, -2.3671637 53.5862198, -2.3635855 53.5832058, -2.3616258 53.5815912, -2.3597795 53.5799416, -2.3590072 53.5773237, -2.3579229 53.5736663, -2.3570438 53.5707236, -2.356458 53.5687386, -2.3555061 53.5657962, -2.3547421 53.5629546, -2.3545834 53.5602837, -2.3564497 53.5581495, -2.3579303 53.556416, -2.3576084 53.5524453, -2.3574153 53.5505586, -2.3571791 53.5476145, -2.3579732 53.5458605, -2.359539135143452 53.54327511701791, -2.3577468118110496 53.53782081895845)",False
way/91003253-400,way/472164401-400,400.0,3574.952866822164,19189.29,Al/St 240/40 4-bundle 380.0,"LINESTRING (-1.0503022475308423 52.95994873918826, -1.0460213587110678 52.96460922102259, -1.0458646 52.9649824, -1.0445176 52.9681843, -1.0434682 52.9706886, -1.0421373 52.9714925, -1.0414567 52.971903, -1.0378948 52.9740346, -1.0350048 52.975758, -1.0334314 52.9766966, -1.0308525 52.9782348, -1.0272842 52.9803729, -1.0231632 52.9828421, -1.0206644 52.9843364, -1.0165619 52.9867833, -1.0129209 52.9889675, -1.0091892 52.9911876, -1.0054603 52.9934179, -1.0014289 52.9958218, -0.9982368 52.9977435, -0.9947087 52.9991624, -0.9921847 53.000183, -0.9914532 53.0004788, -0.9884642 53.0016843, -0.9844743 53.0033074, -0.9815956 53.0044769, -0.9807145 53.0048349, -0.9786784 53.0079208, -0.9772291 53.010142, -0.9753266 53.0130655, -0.9733747 53.0160615, -0.9716592 53.018706, -0.9708569 53.019932, -0.9698083 53.0215344, -0.9677114 53.0247589, -0.966241 53.0269935, -0.9643731 53.0298851, -0.9631506 53.0317194, -0.9605471 53.033526, -0.9575362 53.0356207, -0.9543871 53.0378322, -0.9517337 53.0396221, -0.9484601 53.0417785, -0.9455316 53.0438972, -0.9414868 53.0460797, -0.9376153 53.0481915, -0.9339675 53.0501134, -0.9304055 53.0520739, -0.9265378 53.0541118, -0.9233352 53.0558331, -0.9223256 53.0585313, -0.9214034 53.0609951, -0.9201697 53.0643772, -0.9192387 53.0670987, -0.918209 53.0696433, -0.9132815 53.0709276, -0.9084749 53.0722426, -0.9049426 53.0731542, -0.9007484 53.0742517, -0.8965385 53.0753733, -0.8927992 53.0763498, -0.8868038 53.0780178, -0.8834285 53.0788879, -0.8810935519059132 53.0794632392151, -0.8681653689223726 53.077449502050655)",False
way/553490952-400,relation/7879831-400,400.0,3574.952866822164,34655.06,Al/St 240/40 4-bundle 380.0,"LINESTRING (-3.9583781484340683 51.68611559740527, -3.9517250093904557 51.69451161953746, -3.9490448 51.6958907, -3.9453346 51.6977594, -3.9424987 51.700574, -3.9396996 51.7033523, -3.937015 51.7060652, -3.9341321 51.7089053, -3.9310326 51.7119741, -3.9281095 51.7148924, -3.925396 51.7175713, -3.9213092 51.718593, -3.9157664 51.7199665, -3.910709 51.7212204, -3.906567 51.7222317, -3.9007477 51.7236854, -3.8967348 51.7246836, -3.8938351 51.7253758, -3.8901847 51.7279919, -3.8880529 51.7295324, -3.8856517 51.7312752, -3.881497 51.7342565, -3.8807152 51.7348098, -3.8781464 51.7366276, -3.8766855 51.7371964, -3.8701984 51.7397231, -3.8672565 51.7408873, -3.8606132 51.7434717, -3.8568535 51.7431794, -3.8506178 51.7424722, -3.8454532 51.7420325, -3.8406423 51.7415644, -3.8360997 51.7410603, -3.8311669 51.7405166, -3.8278421 51.7388643, -3.8225839 51.7363578, -3.8185468 51.736174, -3.8131639 51.7358209, -3.8089549 51.7375678, -3.8068338 51.7384499, -3.802563 51.7398767, -3.799394 51.7408927, -3.793756 51.7425566, -3.7899245 51.7438105, -3.7856751 51.7452634, -3.7828331 51.7468289, -3.7799314 51.7483193, -3.777092 51.749794, -3.7743199 51.7512427, -3.7720262 51.7524748, -3.7690146 51.7540409, -3.7663742 51.755306, -3.7627055 51.757112, -3.7598964 51.7589145, -3.7562425 51.7606986, -3.752854 51.7623872, -3.7475373 51.7637557, -3.7423337 51.7650539, -3.7368496 51.766447, -3.7314765 51.7678329, -3.7289729 51.7694214, -3.7261388 51.7711382, -3.7221672 51.7734767, -3.7180674 51.7759685, -3.7144207 51.7781534, -3.709041 51.7787527, -3.7037239 51.7794057, -3.6992083 51.7799389, -3.6950882 51.7803992, -3.6901908 51.7809469, -3.6865784 51.7787289, -3.6834831 51.7768597, -3.680613 51.7751328, -3.677428 51.7731938, -3.6725031 51.7722547, -3.6685999 51.7715299, -3.6637605 51.7706251, -3.6587415 51.7696357, -3.6535131 51.7697601, -3.6471047 51.7698818, -3.6418036 51.7699505, -3.635668 51.7700784, -3.6301745 51.7702007, -3.6259742 51.7694831, -3.619989 51.7684778, -3.6148054 51.7675816, -3.608692 51.7665597, -3.6038344 51.7657242, -3.6032111 51.7644999, -3.6030214 51.7641273, -3.6020681 51.7622547, -3.6002094 51.758903, -3.5983837 51.7554634, -3.5960087 51.7537839, -3.5922951 51.751273, -3.588629 51.7502998, -3.5850742 51.749424, -3.5795418 51.7485609, -3.5739526 51.7476631, -3.5687603 51.7468568, -3.5629125 51.7459583, -3.5595487 51.7471169, -3.5564041301643554 51.74815240222732, -3.548068357760763 51.74638528125772)",False
relation/7879831-400,relation/13110367-400,400.0,3574.952866822164,84713.41,Al/St 240/40 4-bundle 380.0,"LINESTRING (-4.989573767624478 51.682272420629246, -4.982078107734502 51.67240167904779, -4.9784634 51.6724816, -4.971861 51.6725654, -4.9682275 51.6726142, -4.9624165 51.6727322, -4.9572023 51.6728159, -4.9526425 51.6728862, -4.949467 51.6706342, -4.946092 51.6681125, -4.9425425 51.6655002, -4.9398556 51.6635322, -4.9355975 51.6631607, -4.9310686 51.662771, -4.9253954 51.6622763, -4.9206439 51.662454, -4.9153012 51.6626151, -4.9108978 51.6627486, -4.9072324 51.6628957, -4.9013056 51.6631075, -4.897156 51.6650049, -4.892665 51.6670363, -4.8882097 51.6690741, -4.883982 51.6710271, -4.8800369 51.672817, -4.876799 51.6755239, -4.8739728 51.6778602, -4.8714372 51.6788378, -4.8667461 51.680622, -4.8633513 51.6818761, -4.8592051 51.6834014, -4.8561884 51.684597, -4.852301 51.6860825, -4.8469412 51.6863077, -4.8407103 51.6866442, -4.8354319 51.6869536, -4.8299167 51.6863863, -4.8244773 51.6858545, -4.8184922 51.6853305, -4.8131774 51.6849614, -4.80795 51.684253, -4.8047859 51.6857405, -4.8012176 51.6874802, -4.7968564 51.6896314, -4.7949064 51.6917612, -4.7924657 51.6945925, -4.7897819 51.6977083, -4.7869211 51.7009331, -4.7851549 51.7030184, -4.7816585 51.7070038, -4.7797549 51.7091924, -4.777714 51.7115483, -4.7748668 51.714798, -4.7731781 51.7166071, -4.7705886 51.7186135, -4.767019 51.7212721, -4.7637642 51.7236985, -4.7594989 51.7268832, -4.7562223 51.7292925, -4.7533284 51.7314553, -4.7500062 51.7348568, -4.7473494 51.7375309, -4.744441 51.7404497, -4.7418926 51.7430452, -4.7396237 51.7453185, -4.7369115 51.7481897, -4.7336642 51.7514021, -4.7294357 51.7518898, -4.7252802 51.7523478, -4.7182967 51.753086, -4.7138548 51.7535361, -4.7098878 51.7539763, -4.7037267 51.7546379, -4.699933 51.7550578, -4.6951165 51.7555675, -4.6902071 51.7560978, -4.6848949 51.7566653, -4.6794481 51.7572354, -4.6749904 51.7590316, -4.6705701 51.7607903, -4.6653134 51.7628587, -4.6607509 51.7646869, -4.6554837 51.7668094, -4.6522711 51.7680781, -4.6489806 51.7694075, -4.6428555 51.77186, -4.6395509 51.7731719, -4.6348479 51.7747334, -4.630994 51.7759334, -4.6255728 51.7776727, -4.620651 51.7792734, -4.616003 51.7807314, -4.6106934 51.7824825, -4.606072 51.7839856, -4.6015126 51.7850749, -4.5959249 51.7864405, -4.5910996 51.787626, -4.5868256 51.7886613, -4.5830043 51.7895833, -4.5776327 51.7908912, -4.5724998 51.7921442, -4.5680617 51.7932347, -4.5617128 51.7947715, -4.5572997 51.7958546, -4.5508911 51.7974005, -4.5471724 51.7983407, -4.5429497 51.7976409, -4.5375579 51.7967806, -4.5329952 51.7960372, -4.5256383 51.7948463, -4.5230567 51.7944217, -4.5199852 51.7945112, -4.5134639 51.7946316, -4.5082668 51.7947348, -4.503437 51.7948346, -4.4982989 51.7949349, -4.492461 51.7950535, -4.4868759 51.7951696, -4.4824801 51.7955611, -4.4772566 51.79603, -4.4710942 51.7965634, -4.4672965 51.7968989, -4.4618575 51.7973806, -4.4573782 51.7977678, -4.4526138 51.7981979, -4.4479746 51.7996776, -4.4444482 51.8007744, -4.4405671 51.8020174, -4.4366026 51.8032604, -4.4327206 51.804475, -4.429423 51.8055309, -4.4261362 51.8065636, -4.422994 51.8075532, -4.4194181 51.8087051, -4.4143754 51.8102871, -4.4117524 51.8111244, -4.4059764 51.8115183, -4.4008963 51.8118823, -4.3960517 51.8122298, -4.3905541 51.8126203, -4.3846667 51.8130494, -4.3806738 51.8133264, -4.3766995 51.8135995, -4.372611 51.813885, -4.3683717 51.8150014, -4.3636597 51.816226, -4.3592958 51.8173028, -4.3540979 51.8153768, -4.3499279 51.8137851, -4.3464489 51.8124773, -4.3400519 51.8100514, -4.3365764 51.8087176, -4.3318776 51.8086281, -4.326503 51.8084012, -4.3201536 51.8083837, -4.3150858 51.8072678, -4.310117 51.8061937, -4.3067513 51.8034807, -4.3037854 51.8010819, -4.301006 51.7988891, -4.2985995 51.796968, -4.2954063 51.793391, -4.293475 51.7912231, -4.2910583 51.7885495, -4.2878088 51.7849686, -4.2858995 51.7828171, -4.283044 51.7797044, -4.2802316 51.776644, -4.2772259 51.7765235, -4.2706461 51.7762676, -4.2663577 51.7760997, -4.2608683 51.7758948, -4.2555384 51.7756925, -4.251545 51.7756444, -4.2455243 51.7755433, -4.2399164 51.7755085, -4.2362764 51.7754932, -4.231146 51.7754104, -4.2271654 51.7740482, -4.2234093 51.7727365, -4.2188777 51.7721802, -4.2137916 51.7715854, -4.21017 51.7711629, -4.2078654 51.7708941, -4.2042059 51.7704317, -4.2008057 51.7700302, -4.1971781 51.7695907, -4.1895041 51.7687149, -4.1861875 51.7682707, -4.1831719 51.7679826, -4.1776539 51.7674862, -4.1721257 51.7670498, -4.1678595 51.7666894, -4.1625128 51.7658081, -4.1613717 51.7656033, -4.1576199 51.7649301, -4.1527725 51.7640566, -4.1487873 51.7633846, -4.1438122 51.762519, -4.1396546 51.7618352, -4.1356183 51.7611118, -4.1311669 51.7602303, -4.1267742 51.7610375, -4.1221465 51.7618204, -4.1176071 51.7626165, -4.1118779 51.7607481, -4.107397 51.7592584, -4.1025774 51.7576182, -4.0981828 51.7561904, -4.0927029 51.7556881, -4.0880343 51.7552295, -4.0829889 51.7547235, -4.0787082 51.7542429, -4.076129 51.7517208, -4.0728766 51.7484678, -4.0707439 51.7463616, -4.0683541 51.7440899, -4.0652335 51.7409151, -4.0623219 51.7381042, -4.0584428 51.7356564, -4.0557598 51.7339072, -4.0523475 51.7327227, -4.0460581 51.7305764, -4.0424823 51.7293918, -4.039168 51.7282502, -4.0362869 51.7272681, -4.0321676 51.725848, -4.027991 51.7244361, -4.0242149 51.7217198, -4.020413 51.7189591, -4.0175765 51.7169546, -4.0147449 51.7149356, -4.0099848 51.7115124, -4.0075758 51.7097943, -4.0048325 51.7077989, -4.0024137 51.7065071, -3.9985004 51.7043867, -3.9948918 51.7024215, -3.9905163 51.7000388, -3.9860229 51.6986829, -3.9802512 51.6969155, -3.9758167 51.6955808, -3.9725228 51.6945844, -3.9678376 51.6931368, -3.9649005783296056 51.692237100728036, -3.9583781484340683 51.68611559740527)",False
way/166703766-400,way/820237569-400,400.0,3574.952866822164,34293.11,Al/St 240/40 4-bundle 380.0,"LINESTRING (-2.948336244168779 57.5229056070256, -2.937177092852013 57.526601179909576, -2.9369928 57.5267001, -2.9344919 57.5286622, -2.9353657 57.531188, -2.9365825 57.5347911, -2.9334676 57.5363338, -2.9298724 57.5381031, -2.9262125 57.5399337, -2.9217426 57.5421239, -2.9174067 57.5442477, -2.9146305 57.5456075, -2.9110681 57.5473522, -2.9071939 57.5492496, -2.9013848 57.5496856, -2.8950315 57.5501623, -2.8894006 57.5505849, -2.8843546 57.5501864, -2.8789476 57.5497593, -2.8734896 57.5493282, -2.8678963 57.5488865, -2.8620389 57.5484238, -2.8564292 57.5479807, -2.850902 57.5475442, -2.8453044 57.547102, -2.8397247 57.5466613, -2.8337262 57.5461875, -2.8285653 57.5457798, -2.822771 57.5453221, -2.8168175 57.5448519, -2.8114758 57.5444299, -2.805337 57.5444879, -2.7998439 57.5445398, -2.7951231 57.5445844, -2.7909164 57.5446241, -2.7876987 57.5424083, -2.7848893 57.5396891, -2.7818224 57.5367204, -2.7789162 57.5339071, -2.7761327 57.5312124, -2.7732589 57.52843, -2.7703289 57.525593, -2.767693 57.5230406, -2.7647224 57.5201638, -2.7610129 57.5176443, -2.7570196 57.5149319, -2.7539336 57.5128356, -2.7502786 57.5103526, -2.7464999 57.5077854, -2.743336 57.5056358, -2.7393194 57.5029066, -2.7355688 57.5003579, -2.7324422 57.4982332, -2.7295578 57.496273, -2.7258104 57.493726, -2.7233661 57.4920647, -2.7194196 57.4893822, -2.7160047 57.4870608, -2.7131287 57.4851057, -2.7074251 57.4833993, -2.7018417 57.4817287, -2.6961367 57.4800217, -2.6918877 57.4787503, -2.6875781 57.4774607, -2.6835928 57.4762681, -2.6794564 57.4747463, -2.6741907 57.4728089, -2.6701608 57.4713261, -2.6659806 57.4697879, -2.6625203 57.4685146, -2.6575938 57.4667018, -2.6525959 57.4648625, -2.6486517 57.4634109, -2.6441288 57.4617463, -2.6398623 57.4610175, -2.6339831 57.4600131, -2.6292678 57.4592075, -2.6255358 57.45857, -2.6197602 57.4575832, -2.6142433 57.4566406, -2.6094119 57.4558152, -2.604826 57.4550316, -2.6014111 57.4544482, -2.5961139 57.4535431, -2.5909202 57.4526556, -2.5864317 57.4518887, -2.5810308 57.4509658, -2.5750028 57.4499357, -2.5702618 57.4491255, -2.5653104 57.4482794, -2.5632902 57.4465986, -2.5610343 57.4447216, -2.5579572 57.4421612, -2.5550159 57.4397136, -2.5518968 57.4371178, -2.5489884 57.4346972, -2.5457495 57.4320015, -2.5431443 57.429833, -2.5395694 57.4268571, -2.5369355 57.4246643, -2.5338941 57.4221322, -2.5312952 57.4199683, -2.528538 57.4176726, -2.526298914046031 57.415808067663406, -2.516056398098332 57.40999277831427)",False
way/820231183-400,way/133323988-400,400.0,3574.952866822164,30375.59,Al/St 240/40 4-bundle 380.0,"LINESTRING (-2.2835747608035395 57.4904932561789, -2.2783088434360277 57.49551928197584, -2.2752318 57.4971466, -2.2718174 57.4989522, -2.2677461 57.4989395, -2.2655171 57.4989326, -2.2602385 57.4989162, -2.2546059 57.4988988, -2.2489541 57.4988812, -2.2435026 57.4986632, -2.2371405 57.4984087, -2.2328152 57.4982357, -2.227209 57.4980115, -2.2214754 57.497673, -2.2156151 57.4973269, -2.2091589 57.4969457, -2.2030442 57.4965846, -2.1975066 57.4962576, -2.1914578 57.4959005, -2.1852136 57.4955318, -2.1798032 57.4952123, -2.1748898 57.4949221, -2.169656 57.4946131, -2.1642268 57.4942925, -2.1593663 57.4940054, -2.1542056 57.4937007, -2.1483276 57.4933536, -2.1421482 57.4929886, -2.136854 57.492676, -2.1320876 57.4913959, -2.1270575 57.4900448, -2.1221217 57.4887191, -2.1172375 57.4874071, -2.1117782 57.4859406, -2.1064905 57.4845202, -2.1017178 57.4832381, -2.0973427 57.4820627, -2.0923429 57.482025, -2.086839 57.4819834, -2.0809917 57.4819392, -2.0754341 57.4818973, -2.0689432 57.4818483, -2.0625918 57.4818003, -2.0573883 57.481761, -2.0526678 57.4817254, -2.0472458 57.481679, -2.0413004 57.481308, -2.0364466 57.4810051, -2.0306938 57.4806461, -2.0246494 57.480269, -2.0198429 57.479969, -2.0143018 57.4796232, -2.0084268 57.4792566, -2.0038744 57.4789725, -1.9988133 57.4786567, -1.9938281 57.4787578, -1.9889791 57.4788561, -1.9843265 57.4789505, -1.9796921 57.4790445, -1.9738876 57.4791622, -1.9681362 57.4792788, -1.9635127 57.4793726, -1.9581788 57.4802881, -1.9520828 57.4813343, -1.9464423 57.4823023, -1.9409895 57.4832381, -1.9353069 57.4842133, -1.9295049 57.485209, -1.9234155 57.4862539, -1.918778 57.4870497, -1.912829 57.4865562, -1.9073827 57.4861043, -1.9022838 57.4856813, -1.8966407 57.4852131, -1.8909646 57.4847422, -1.8852603 57.484269, -1.8803119 57.4838584, -1.8747535 57.4846404, -1.8697035 57.4853508, -1.8649914 57.4860137, -1.8592069 57.4856201, -1.8535867 57.4852377, -1.8480075 57.484858, -1.8467402 57.4847718, -1.842353 57.4844733, -1.8364292 57.4840702, -1.8301235 57.4836411, -1.8255984 57.4817865, -1.8203527 57.4796365, -1.8152765 57.4775558, -1.8116286647263764 57.47688477273744, -1.799010268972514 57.473563566004735)",False
way/100077745-400,relation/7894974-400,400.0,3574.952866822164,35027.47,Al/St 240/40 4-bundle 380.0,"LINESTRING (-4.463084407653319 55.57640654369852, -4.45299936799058 55.57612748560922, -4.4511986 55.5770617, -4.4475397 55.5789598, -4.4432719 55.5811737, -4.4382155 55.5837965, -4.4343737 55.5857891, -4.4318838 55.5896043, -4.4302242 55.5921469, -4.4280438 55.5954874, -4.4263294 55.5981136, -4.4241789 55.6014077, -4.4198664 55.6034858, -4.415622 55.605531, -4.4108978 55.6078208, -4.4063843 55.6099933, -4.4016057 55.6122932, -4.3981329 55.6139646, -4.3936502 55.6161219, -4.3891709 55.6182774, -4.3851089 55.6202321, -4.382128 55.6216664, -4.3776457 55.6212529, -4.3730135 55.6208257, -4.366733 55.6202463, -4.3609328 55.6197113, -4.3559318 55.6192551, -4.3487163 55.6185844, -4.3433659 55.6180908, -4.3390312 55.6184381, -4.3335675 55.6188654, -4.3278196 55.6193136, -4.3223025 55.6197451, -4.3166048 55.6201908, -4.3104925 55.6206828, -4.3044562 55.6211512, -4.2981517 55.6216405, -4.293594 55.6219942, -4.2877946 55.6224699, -4.2836171 55.622815, -4.27977 55.6232427, -4.2745714 55.6236884, -4.2674702 55.6244271, -4.2622664 55.6249133, -4.258886 55.6252261, -4.2530938 55.6258268, -4.2487057 55.6262299, -4.2439305 55.6266903, -4.2385684 55.6271726, -4.2341409 55.6275678, -4.2278234 55.6281902, -4.2230633 55.6286842, -4.21781 55.6292087, -4.2148208 55.6318851, -4.2096561 55.6366708, -4.2061977 55.6398696, -4.2030846 55.6426473, -4.1997683 55.6457137, -4.1965746 55.6486368, -4.193827 55.6512288, -4.190572 55.6541958, -4.1876441 55.6568775, -4.1846093 55.660064, -4.1817879 55.6630655, -4.1787067 55.6662622, -4.1764174 55.6687049, -4.1735094 55.6717406, -4.1705766 55.6748039, -4.1678666 55.6776508, -4.1647077 55.6809346, -4.1643028 55.6843066, -4.1640936 55.6874808, -4.162063 55.6902219, -4.1595049 55.6934546, -4.1572037 55.696454, -4.1549217 55.6993648, -4.1525767 55.7023627, -4.1504329 55.7051977, -4.1479541 55.7083747, -4.1456982 55.7112943, -4.1431756 55.7145588, -4.1409412 55.71745, -4.1390181 55.7199383, -4.1346664 55.7213694, -4.1296672 55.7230133, -4.124876 55.7245888, -4.1214495 55.7275342, -4.1180538 55.730453, -4.114887 55.7331748, -4.1116551 55.7359523, -4.1084557 55.7387017, -4.1050736 55.741608, -4.1018709 55.7443599, -4.0986973 55.7470865, -4.0962058 55.749227, -4.0929902 55.7519894, -4.091250793732403 55.75348355458953, -4.079846271169726 55.751913432931474)",False
way/65482882-400,GB13-400,400.0,3574.952866822164,10897.07,Al/St 240/40 4-bundle 380.0,"LINESTRING (-2.9679256270211853 55.96685817601422, -2.957449598936351 55.965576156282616, -2.9555831 55.9649084, -2.9555284 55.9613184, -2.9554418 55.9577446, -2.9554291 55.9547989, -2.9594386 55.9523122, -2.9635771 55.9498175, -2.9677451 55.9473184, -2.9687568 55.9452709, -2.9696662 55.9432172, -2.9699462 55.940179, -2.9702781 55.9365774, -2.9705848 55.9332495, -2.9708545 55.9303227, -2.9729386 55.9273472, -2.9746288 55.9249878, -2.9764736 55.9223472, -2.9745782 55.9197351, -2.9725803 55.9170653, -2.9707489 55.9145389, -2.9684948 55.9114878, -2.9669251 55.9093776, -2.9646931 55.9063129, -2.9638229 55.9042618, -2.9621886 55.9004459, -2.9608863 55.897647, -2.9552403 55.895324, -2.9511869 55.8937298, -2.947005464375827 55.892092699368845, -2.9389176097429712 55.884694124885954)",False
relation/14921826-400,relation/11051275-400,400.0,3574.952866822164,81519.2,Al/St 240/40 4-bundle 380.0,"LINESTRING (-2.9621396593513074 54.94236341489138, -2.9510487608895732 54.94078266329227, -2.9459468 54.940831, -2.9409584 54.9407128, -2.9355639 54.9405882, -2.9295277 54.9404144, -2.924686 54.9403229, -2.9198284 54.9402039, -2.9137709 54.9400214, -2.9098743 54.9370658, -2.9063226 54.9343483, -2.9036242 54.9322144, -2.9003251 54.9297117, -2.8969884 54.927141, -2.8941345 54.9249493, -2.8911434 54.9226427, -2.8905243 54.919471, -2.8898796 54.9161196, -2.8898215 54.9158174, -2.8891134 54.9122776, -2.8885019 54.909055, -2.8878742 54.9058353, -2.8872305 54.9026092, -2.8865278 54.8990528, -2.8859692 54.8961099, -2.885387 54.8932286, -2.8848159 54.8902243, -2.8838444 54.887012, -2.8825095 54.8839256, -2.8810919 54.8814523, -2.8791408 54.8781321, -2.8765875 54.8745684, -2.8752258 54.8716901, -2.8731156 54.8692843, -2.8711417 54.8670902, -2.8702521 54.8661013, -2.8681816 54.8636265, -2.8650913 54.8601316, -2.8630625 54.8577989, -2.8603457 54.854661, -2.8574978 54.8513546, -2.8548354 54.8483607, -2.851588 54.8458586, -2.8486841 54.8436985, -2.8458655 54.8416161, -2.8421805 54.8388582, -2.8390344 54.8365281, -2.8354608 54.8338436, -2.8317803 54.8310345, -2.8290045 54.8290048, -2.8255805 54.8264197, -2.8218574 54.8236238, -2.818708 54.8212856, -2.815283 54.8187008, -2.8140288 54.8160585, -2.8125968 54.8131346, -2.8109538 54.8096891, -2.8094745 54.8065951, -2.8079786 54.8035748, -2.8064162 54.8003584, -2.8046544 54.7966983, -2.8032914 54.7937757, -2.8017457 54.7906229, -2.8001657 54.7873115, -2.7973576 54.7842304, -2.7958764 54.7825939, -2.7943492 54.7808948, -2.7913906 54.7775972, -2.7895755 54.775573, -2.7876774 54.7734749, -2.7845041 54.7699699, -2.7824939 54.7677262, -2.7812015 54.7648711, -2.7795914 54.7613857, -2.7783432 54.7585712, -2.7769138 54.7554349, -2.7753347 54.7521064, -2.7740882 54.7492574, -2.7728249 54.7467919, -2.771789 54.7443076, -2.7703554 54.7409923, -2.7691826 54.7384815, -2.7677333 54.7352961, -2.7663817 54.7323646, -2.7652838 54.730049, -2.7653005 54.7267377, -2.7652506 54.7235413, -2.7652506 54.7216215, -2.7651343 54.7178486, -2.7651201 54.715107, -2.765101 54.7118959, -2.7650076 54.7084748, -2.7615274 54.7059999, -2.7581533 54.7036182, -2.7543353 54.7009208, -2.7517209 54.6991041, -2.7492129 54.6973084, -2.744607 54.6962514, -2.7399032 54.6951467, -2.7366288 54.6943975, -2.7323239 54.69336, -2.727055 54.69214, -2.7220686 54.6910064, -2.7174612 54.6899287, -2.7153702 54.6860489, -2.7139515 54.683465, -2.7122621 54.6803716, -2.7110154 54.6781216, -2.7089378 54.6742294, -2.7076791 54.6718948, -2.7073089 54.6678953, -2.707043 54.6654153, -2.706777 54.6624063, -2.7064945 54.6595221, -2.7061953 54.656532, -2.7059756 54.6543157, -2.7044999 54.6510991, -2.7031045 54.64805, -2.7026928 54.6452943, -2.7023391 54.6422127, -2.7020298 54.6395058, -2.7017311 54.6369679, -2.7013585 54.6338246, -2.700943 54.6300436, -2.700677 54.6274362, -2.7003945 54.6250884, -2.6998792 54.6210371, -2.6995468 54.6179864, -2.6992808 54.6155899, -2.6989983 54.6129334, -2.698749 54.6107869, -2.6984072 54.6075975, -2.6972697 54.6053961, -2.6957571 54.6026619, -2.6938955 54.5991957, -2.6921669 54.5959123, -2.6908372 54.5933604, -2.688959 54.5898261, -2.6874465 54.5870716, -2.6860171 54.5843458, -2.6843716 54.5813694, -2.6829656 54.5786405, -2.6821942 54.5758976, -2.6812634 54.5721305, -2.6804988 54.5690568, -2.6800442 54.5671625, -2.6777729 54.5635737, -2.6758449 54.5606729, -2.6747565 54.5589298, -2.6751822 54.5573372, -2.6741495 54.5546682, -2.6730193 54.5518149, -2.6719032 54.5489053, -2.6715898 54.5459438, -2.671141 54.5427525, -2.6708086 54.5401491, -2.6705759 54.5383845, -2.6703598 54.5360122, -2.670044 54.5336109, -2.6697349 54.5308836, -2.6685108 54.5289355, -2.6674207 54.5271539, -2.6655847 54.5241565, -2.6635002 54.5208146, -2.6617184 54.5179341, -2.659518 54.5143965, -2.6582278 54.5122774, -2.6566407 54.5097042, -2.6550474 54.5071372, -2.653726 54.5049803, -2.6521778 54.5024876, -2.65311 54.4998943, -2.6541048 54.4971014, -2.6550701 54.4944652, -2.6560454 54.4917186, -2.6569538 54.4891727, -2.657926 54.4864965, -2.6590277 54.4834932, -2.6599447 54.4808848, -2.6618726 54.4790238, -2.6639364 54.4770503, -2.6660133 54.475016, -2.6683943 54.4727917, -2.6705382 54.470768, -2.6730416 54.4682887, -2.6752042 54.4661781, -2.6774137 54.4640605, -2.6792204 54.4622951, -2.68121 54.4603989, -2.6831702 54.4585385, -2.6877681 54.45686, -2.6918167 54.4553299, -2.6919919 54.452941, -2.692199 54.4501628, -2.6923571 54.448257, -2.6925046 54.4466719, -2.6928166 54.4426872, -2.692963 54.440022, -2.693149 54.4375056, -2.6933709 54.4348056, -2.6935913 54.4321235, -2.6939361 54.4273158, -2.6940462 54.4254222, -2.6939401 54.4238912, -2.6935209 54.4199896, -2.6932106 54.4171074, -2.6928405 54.4136238, -2.6925769 54.4111438, -2.6921755 54.4070366, -2.6919522 54.4046424, -2.6916819 54.4025969, -2.6913646 54.3993198, -2.6909179 54.395625, -2.6906692 54.3926803, -2.6903307 54.3897187, -2.6917684 54.386018, -2.6927125 54.3835376, -2.6940536 54.3802073, -2.6952123 54.3770517, -2.6964461 54.3739458, -2.6971543 54.3720022, -2.6987689 54.3678365, -2.6996863 54.3655394, -2.7005553 54.3632328, -2.6982808 54.3618451, -2.6956844 54.360251, -2.6916701 54.3578443, -2.6875841 54.3553807, -2.6844835 54.3534612, -2.6811361 54.3514291, -2.6775255 54.3491333, -2.6743456 54.3471822, -2.6692302 54.3440511, -2.6668669 54.3425396, -2.6660499 54.339352, -2.6651433 54.3353965, -2.6646678 54.3334414, -2.6640888 54.3309933, -2.6631263 54.3268471, -2.6623491 54.3238036, -2.661715 54.3210329, -2.6608619 54.3173021, -2.6602307 54.3147498, -2.6592983 54.3108512, -2.6587381 54.3084163, -2.6578823 54.304719, -2.660441351329718 54.30242245562655, -2.6704647586994694 54.29765310564759)",False
way/71118225-400,relation/13110368-400,400.0,3574.952866822164,21966.59,Al/St 240/40 4-bundle 380.0,"LINESTRING (-1.5530974723920281 52.85519637026242, -1.54163636037038 52.85055399497213, -1.5390867 52.8490283, -1.5354336 52.8470445, -1.5312194 52.8468195, -1.5263485 52.8465733, -1.5222393 52.8463918, -1.5171002 52.8461715, -1.5116393 52.8459253, -1.5063076 52.8456726, -1.5005998 52.8454134, -1.4959864 52.8451931, -1.4898281 52.8449144, -1.4842169 52.8446941, -1.479464 52.8444932, -1.4757518 52.8433787, -1.4713959 52.8421021, -1.4661603 52.8406504, -1.4613967 52.8392117, -1.4564077 52.8387581, -1.4525775 52.8383757, -1.4486401 52.8379479, -1.4430289 52.8391339, -1.4381795 52.8411041, -1.434081 52.8428278, -1.4297895 52.8446034, -1.4250824 52.846534, -1.4211206 52.8481543, -1.4170436 52.8498389, -1.4123015 52.8517956, -1.4089537 52.8532727, -1.4035607 52.852496, -1.398926 52.851811, -1.3935758 52.8510157, -1.3885591 52.8502862, -1.3845914 52.8507621, -1.3789392 52.8514336, -1.3736168 52.85207, -1.3682845 52.8527154, -1.3628729 52.8533587, -1.3574884 52.8539997, -1.3544153 52.8543821, -1.3493018 52.8550776, -1.3441492 52.8557695, -1.3388489 52.8564884, -1.3340132 52.8571783, -1.3299459 52.8572938, -1.3232896 52.85751, -1.318074 52.8577127, -1.3138004 52.8578508, -1.3116788 52.8579524, -1.3077259 52.8574458, -1.3028983 52.8568307, -1.2985271 52.8563321, -1.2928961 52.8556579, -1.2878729 52.8550324, -1.2823374 52.8543288, -1.2777027 52.8537557, -1.2717726 52.8530517, -1.2678745 52.8525561, -1.2629383 52.8531758, -1.260988 52.856452, -1.2599727734269077 52.85814346934989, -1.2551639405673198 52.863643805547966)",False
relation/13110368-400,way/90534270-400,400.0,3574.952866822164,37254.46,Al/St 240/40 4-bundle 380.0,"LINESTRING (-1.2551639405673198 52.863643805547966, -1.2577148136153298 52.85774953435922, -1.2583369 52.8564586, -1.259678 52.8536712, -1.2628551 52.850086, -1.2649636 52.847689, -1.2650325 52.8448454, -1.2651548 52.8412463, -1.2661086 52.8379294, -1.2671767 52.8344545, -1.2681235 52.8308646, -1.2689714 52.8276689, -1.2673036 52.8246729, -1.2654761 52.8214919, -1.2639403 52.818713, -1.2623685 52.8159015, -1.2611187 52.8135231, -1.259718 52.8110822, -1.2579403 52.8079699, -1.2566254 52.8056658, -1.2553751 52.8035017, -1.250965 52.8022396, -1.2456201 52.8007154, -1.2406411 52.7992875, -1.2350158 52.7976988, -1.2301383 52.7962886, -1.2244209 52.7946604, -1.2202271 52.7934661, -1.2155682 52.7921392, -1.2107539 52.7907681, -1.2052367 52.7891967, -1.2000667 52.7877242, -1.1951709 52.7863255, -1.1902877 52.7849206, -1.1879152 52.7817703, -1.1855581 52.7786196, -1.1831843 52.7754221, -1.1806223 52.7719882, -1.1787636 52.769495, -1.1768125 52.7668833, -1.1747725 52.7641174, -1.1713358 52.7618112, -1.1676644 52.759334, -1.1641268 52.7569315, -1.1607468 52.7546491, -1.1572885 52.7523328, -1.1546056 52.7505334, -1.1514659 52.7483914, -1.1521747 52.7451313, -1.1528966 52.7418441, -1.1536856 52.7380889, -1.1542916 52.7352879, -1.1549061 52.7324825, -1.155376 52.7302711, -1.1560305 52.7274511, -1.1567479 52.7241423, -1.1574152 52.721098, -1.1599317 52.718941, -1.1626598 52.7166147, -1.1654505 52.7142102, -1.1643792 52.7116716, -1.1632685 52.7090556, -1.1618416 52.7056946, -1.1608762 52.7035005, -1.1597505 52.7007765, -1.1622507 52.6985522, -1.1648069 52.6962908, -1.1674802 52.693909, -1.1698871 52.6917929, -1.1727291 52.6892537, -1.1750151 52.6872287, -1.1753815 52.6846144, -1.1757775 52.6820245, -1.1762147 52.6789928, -1.1765784 52.6764703, -1.1795907 52.6741752, -1.1830961 52.6715225, -1.1867707 52.6687164, -1.1903937 52.6659916, -1.193815 52.6633939, -1.1969188 52.6610308, -1.1996809 52.6589376, -1.2024323 52.6568537, -1.2056328 52.6544064, -1.2093326 52.6515904, -1.2121865 52.6494685, -1.2172076 52.6478412, -1.2219926 52.646344, -1.2262627 52.645029, -1.2305542 52.6436359, -1.2361976 52.6418001, -1.2410685 52.6402506, -1.2462613 52.638597, -1.2481925 52.6354587, -1.2504026 52.6324634, -1.2524196 52.6296113, -1.2498662 52.6263421, -1.2475058 52.6233853, -1.2457197 52.62106, -1.243858 52.6188781, -1.2412616 52.6170872, -1.2376031 52.6146965, -1.2337622 52.6122849, -1.229417 52.6095496, -1.227636 52.6070139, -1.2257263 52.60425, -1.2238515462681356 52.60167935036138, -1.2167541050869588 52.59756066801083)",False
way/71118225-400,GB57-400,400.0,3574.952866822164,4250.99,Al/St 240/40 4-bundle 380.0,"LINESTRING (-1.5530974723920281 52.85519637026242, -1.5422781682620603 52.85035833865131, -1.5394287 52.8486726, -1.5360083 52.8467435, -1.5321528 52.8445192, -1.5284728 52.8423094, -1.524707 52.8401125, -1.5210055 52.8379674, -1.5192138 52.8351027, -1.5177118 52.8327045, -1.517042394527987 52.83165775618912, -1.5142030184855828 52.826507010407326)",False
way/292471784-400,GB71-400,400.0,3574.952866822164,7633.41,Al/St 240/40 4-bundle 380.0,"LINESTRING (-2.6702088138412794 51.536731249648554, -2.6614769283650594 51.537077379087464, -2.6574942 51.5371532, -2.6548928 51.5395657, -2.652565 51.54175, -2.6509935 51.5441616, -2.6490943 51.5470523, -2.6454927 51.548712, -2.6420359 51.550272, -2.6385476 51.5518408, -2.635125 51.5534225, -2.6332407 51.5561149, -2.6313883 51.5587523, -2.6292434 51.5618399, -2.6279683 51.5643686, -2.6267746 51.5667449, -2.6256167 51.5690151, -2.6242381 51.5717501, -2.6239078 51.5724211, -2.623211 51.5738363, -2.6186956 51.5751042, -2.6137293 51.5765333, -2.608623 51.5779868, -2.6047948209933045 51.57826714491594, -2.5976166999999926 51.578760094551264)",False
way/25935453-400,way/635829123-400,400.0,3574.952866822164,51432.64,Al/St 240/40 4-bundle 380.0,"LINESTRING (0.1990481748457523 52.72693584677891, 0.1961551784399384 52.72103633333431, 0.197794 52.718642, 0.1998888 52.7156225, 0.2022706 52.7121648, 0.2044486 52.7090708, 0.2068625 52.7056451, 0.2086865 52.7030262, 0.2107679 52.6999436, 0.2128587 52.6969983, 0.2150138 52.6939097, 0.2171354 52.6908046, 0.2188896 52.6883172, 0.2210997 52.6851337, 0.2234064 52.6817614, 0.2256166 52.6785417, 0.2275263 52.6758535, 0.2300047 52.6722967, 0.2320217 52.66933, 0.2344571 52.6658556, 0.2363668 52.6631911, 0.2378663 52.661003, 0.2399503 52.6578973, 0.2421068 52.6548906, 0.2444805 52.6514312, 0.2459584 52.6484599, 0.2471279 52.6462077, 0.2485977 52.6434996, 0.250368 52.6398343, 0.2520095 52.6366636, 0.253887 52.6331085, 0.2554964 52.6297549, 0.2571695 52.6263422, 0.2585857 52.6238413, 0.2598732 52.62121, 0.2618259 52.6175233, 0.2632635 52.6143184, 0.2651303 52.6106311, 0.2665251 52.6082206, 0.2681559 52.6048065, 0.2697189 52.6018462, 0.2716539 52.5979844, 0.2729935 52.5953625, 0.2737702 52.5938378, 0.274915 52.5915906, 0.2764278 52.5885849, 0.2781128 52.5852422, 0.2797006 52.5821393, 0.2812456 52.5790687, 0.283209 52.5751561, 0.2848129 52.5720433, 0.2866878 52.5683657, 0.2881544 52.5653425, 0.2901929 52.5614425, 0.2917164 52.5584682, 0.2939051 52.5541762, 0.2951711 52.5515929, 0.2973383 52.5473262, 0.2981091 52.5458334, 0.298733 52.5446251, 0.3002565 52.5416497, 0.3021663 52.5378258, 0.3037112 52.5347717, 0.3054708 52.5313649, 0.3071874 52.5279318, 0.3088396 52.5245506, 0.3103631 52.5214433, 0.3120583 52.5183097, 0.313453 52.5155676, 0.3151482 52.5121333, 0.3168004 52.5089337, 0.3181522 52.5062824, 0.3198259 52.5031086, 0.3217346 52.4993192, 0.3226798 52.4970345, 0.3243106 52.4935856, 0.3259418 52.4901137, 0.3272401 52.4871373, 0.3288172 52.4835833, 0.3302544 52.4802055, 0.3318208 52.4768075, 0.3329366 52.4743112, 0.3342026 52.4715533, 0.3335374 52.4682593, 0.3328293 52.464795, 0.3320568 52.4609775, 0.3314345 52.4583103, 0.3307699 52.4545841, 0.329976 52.4510992, 0.3292786 52.4476009, 0.3286348 52.4446125, 0.3278302 52.4408521, 0.3271645 52.4375358, 0.3264349 52.4341051, 0.3258422 52.4313058, 0.3256115 52.4302163, 0.3251694 52.4276064, 0.3244281 52.4240058, 0.3237843 52.421108, 0.3230113 52.4173057, 0.3224014 52.414239, 0.3218006 52.4114577, 0.3211354 52.4082599, 0.3204487 52.4048342, 0.3198801 52.4019888, 0.3191613 52.3986418, 0.3184532 52.3953469, 0.31767 52.39149, 0.3170584 52.3884152, 0.3169833 52.3860579, 0.3169002 52.3829939, 0.3168331 52.3797931, 0.3166829 52.3759368, 0.3166186 52.3727558, 0.3165542 52.3689294, 0.3169082 52.3655687, 0.3173213 52.3621405, 0.3176593 52.3583486, 0.318024 52.3549374, 0.318413 52.3515707, 0.318818 52.3483283, 0.3192364 52.345165, 0.3193988 52.3436381, 0.3194832 52.3428447, 0.3193651 52.3393182, 0.3192364 52.3362831, 0.3191506 52.3330642, 0.3190969 52.3297663, 0.3189789 52.325865, 0.3189682 52.323006, 0.3188394 52.3201075, 0.3187536 52.3168677, 0.3186882 52.3152486, 0.3186442 52.3136306, 0.318575 52.3100165, 0.3184195 52.3063473, 0.3182673 52.3045189, 0.3182604 52.304436, 0.3182211 52.3039631, 0.3178694 52.3008306, 0.3174307 52.2972079, 0.3170041 52.2936851, 0.316589 52.2902571, 0.3163642756977198 52.28784640191434, 0.3123683088598033 52.28079034434497)",False
way/77065229-400,relation/19396462-400,400.0,3574.952866822164,23317.63,Al/St 240/40 4-bundle 380.0,"LINESTRING (0.0097894285153132 51.75874744699197, 0.0125394359847569 51.767373661596345, 0.0125394 51.7674093, 0.0126421 51.7715649, 0.0126956 51.773952, 0.012745 51.7775979, 0.0163355 51.780068, 0.0204554 51.7829514, 0.0239487 51.7854522, 0.0270128 51.787576, 0.0312872 51.7881388, 0.0366173 51.7888502, 0.0426512 51.7896413, 0.0478096 51.7903208, 0.053586 51.79108, 0.0580835 51.7916693, 0.0629501 51.792317, 0.0674563 51.7929115, 0.0723572 51.793607, 0.0746059 51.7969353, 0.0763998 51.7995416, 0.0781937 51.8021742, 0.0801678 51.8051092, 0.0821762 51.8081395, 0.0841495 51.8110683, 0.0860542 51.8138643, 0.0884848 51.8174309, 0.0902357 51.8199989, 0.092433 51.8231078, 0.0946903 51.826312, 0.0969477 51.8296008, 0.0992737 51.8329318, 0.1015825 51.8361565, 0.1038914 51.8394287, 0.1062517 51.8428279, 0.108449 51.8460042, 0.1102343 51.8491272, 0.1119766 51.8524037, 0.1137877 51.8557172, 0.1155386 51.8588183, 0.1171694 51.8619245, 0.1188774 51.8649192, 0.1203194 51.8675322, 0.1218042 51.8702456, 0.1236324 51.8735365, 0.1254038 51.8768438, 0.1256126 51.8772167, 0.1273232 51.8802713, 0.127276 51.8805883, 0.1268168 51.8836727, 0.1263104 51.8869574, 0.1257205 51.8906969, 0.1250996 51.8941162, 0.1245725 51.8974903, 0.1240516 51.9010513, 0.1235034 51.9044174, 0.1230629 51.907619, 0.122501 51.9112508, 0.1219996 51.914448, 0.1219652 51.9146651, 0.1218624 51.9179247, 0.121765 51.9213625, 0.1216999949939114 51.92412256267459, 0.11846011124678 51.93505281828974)",False
way/143905069-400,way/314338790-400,400.0,3574.952866822164,8191.8,Al/St 240/40 4-bundle 380.0,"LINESTRING (-0.793448114530451 53.228147338423845, -0.7955959916625789 53.24449953238967, -0.7953182 53.2463486, -0.7948247 53.2495241, -0.7943527 53.2525629, -0.7938462 53.2557023, -0.7935265 53.2577346, -0.7930866 53.2607941, -0.7925395 53.2641411, -0.7918099 53.2670005, -0.7911125 53.2699162, -0.7904903 53.2726238, -0.7896534 53.2761781, -0.7891828 53.2782456, -0.7888809 53.2795717, -0.7880763 53.2828496, -0.7873896 53.2857809, -0.7866708 53.2888979, -0.7859412 53.2918609, -0.7852439 53.2947466, -0.7851448871471481 53.29517722214509, -0.7813506037980721 53.30073276405216)",False
way/1097582201-400,GB40-400,400.0,3574.952866822164,9424.78,Al/St 240/40 4-bundle 380.0,"LINESTRING (-1.739725147663218 53.520177298136346, -1.7305306646845027 53.52145490023531, -1.7276646 53.521726, -1.7232654 53.5210339, -1.7188337 53.5203429, -1.7143151 53.5209032, -1.7094481 53.521513, -1.7048828 53.52125, -1.6999906 53.5209809, -1.6950884 53.5196477, -1.6904375 53.5183413, -1.6874107 53.5149721, -1.6847912 53.5119764, -1.6839198 53.5109729, -1.6826543 53.5095156, -1.6793359 53.5080744, -1.6746398 53.5060022, -1.6704113 53.5040016, -1.6640259 53.5026619, -1.6590985 53.5015883, -1.6558002 53.5008256, -1.6504354 53.499746, -1.6444371 53.498445, -1.639912 53.4974879, -1.634549 53.4970471, -1.6280088 53.4965155, -1.6225881 53.495943, -1.6209629510941779 53.495799088175964, -1.6134812000000116 53.49634829531918)",False
GB40-400,way/90539508-400,400.0,3574.952866822164,1235.4,Al/St 240/40 4-bundle 380.0,"LINESTRING (-1.6134812000000116 53.49634829531918, -1.6083426273948078 53.49306050673686, -1.6079043 53.4928082, -1.6068983551201925 53.49224340276018, -1.6019111186114952 53.48771148519811)",False
way/785730495-400,GB37-400,400.0,3574.952866822164,12144.98,Al/St 240/40 4-bundle 380.0,"LINESTRING (-1.252893500000007 53.609698695359846, -1.2453881268961875 53.61022556609094, -1.24479 53.6102944, -1.2386796 53.6109278, -1.2332925 53.6115028, -1.2290644 53.6119361, -1.2243657 53.6124361, -1.2198362 53.6129095, -1.2157549 53.6133361, -1.2117023 53.6137569, -1.2060203 53.6129653, -1.200254 53.6121528, -1.1943964 53.6113111, -1.1892833 53.6105861, -1.1838905 53.6098511, -1.1794082 53.6092402, -1.1745199 53.6085526, -1.1683673 53.6076442, -1.1630435 53.6068983, -1.1580849 53.6062148, -1.1524099 53.6053939, -1.1475075 53.6047479, -1.1430335 53.60271, -1.1385244 53.6006387, -1.1342963 53.5987673, -1.1299066 53.5970792, -1.1250112 53.5951952, -1.1201018 53.593286, -1.1151713 53.5914226, -1.1101074 53.58948, -1.1065745 53.5880875, -1.1042779 53.5854192, -1.101637 53.5822171, -1.0997572501312205 53.580013049666036, -1.0887856535313105 53.57872644684885)",False
way/159736514-400,way/785730495-400,400.0,3574.952866822164,36514.43,Al/St 240/40 4-bundle 380.0,"LINESTRING (-1.3511605449978 53.40148268071731, -1.3410771147975746 53.40190821802062, -1.3403704 53.4019293, -1.3359539 53.4020641, -1.3312874 53.4021963, -1.3259559 53.4007126, -1.3211429 53.3993461, -1.3167461 53.3981599, -1.3133122 53.3972174, -1.3100781 53.3978349, -1.306299 53.3985607, -1.2996947 53.3998444, -1.2932176 53.4003914, -1.2880667 53.4008789, -1.2816077 53.401453, -1.2783465 53.4017347, -1.2736226 53.4021355, -1.2700804 53.4034372, -1.2654456 53.4035334, -1.2601051 53.4037277, -1.2549906 53.4038577, -1.2494854 53.4040256, -1.2428084 53.4046051, -1.2404374 53.4069067, -1.2380301 53.4092949, -1.2362041 53.4110602, -1.2305355 53.4115204, -1.2253755 53.4119536, -1.2197523 53.4123868, -1.2144198 53.4128146, -1.2092508 53.4128037, -1.2042998 53.4127875, -1.1998939 53.4128037, -1.1945189 53.4127866, -1.1905062 53.4136702, -1.1861248 53.4146931, -1.1829641 53.4154259, -1.1784172 53.4165102, -1.1742202 53.4174685, -1.1714586 53.4181291, -1.1679961 53.4197314, -1.1643211 53.421491, -1.1611798 53.4229518, -1.156365 53.4251821, -1.1517502 53.4273419, -1.149252 53.428511, -1.1450732 53.4304758, -1.140749 53.4323809, -1.137639 53.4337395, -1.1344239 53.4351561, -1.1319239 53.4377156, -1.1294181 53.4402542, -1.126434 53.4432748, -1.1238831 53.4458546, -1.1212305 53.4485468, -1.1184471 53.4513643, -1.1152494 53.4546014, -1.11387 53.4570767, -1.1122764 53.4599314, -1.1107562 53.4626839, -1.1090937 53.4656097, -1.1074676 53.4685191, -1.1059687 53.4711363, -1.1045061 53.4737317, -1.1027256 53.4769217, -1.1019917 53.4782081, -1.1010722 53.4798195, -1.0992917 53.4828955, -1.0955217 53.4838036, -1.0904708 53.4850037, -1.0876425 53.4856735, -1.0826916 53.4853998, -1.0780982 53.4851228, -1.0735354 53.4848958, -1.0697215 53.4846883, -1.0650144 53.4860278, -1.0610144 53.4871292, -1.0564051 53.4884964, -1.0527911 53.4895507, -1.0484795 53.4903892, -1.0475399 53.4926196, -1.0464097 53.4953063, -1.0468143 53.4969305, -1.0475625 53.4997491, -1.0481621 53.5021699, -1.0487711 53.5046545, -1.0493874 53.5070745, -1.049399 53.5071199, -1.0501025 53.5099205, -1.048306 53.512683, -1.0465676 53.5154902, -1.0449816 53.5179593, -1.0432723 53.5206804, -1.0413373 53.5237481, -1.0399474 53.5259244, -1.0400473 53.5290889, -1.0401382 53.5322261, -1.0402108 53.5349527, -1.0403108 53.5374795, -1.0403562 53.539925, -1.0404212 53.5418752, -1.0424742 53.5439913, -1.0442184 53.5458212, -1.0445625 53.5461786, -1.0465985 53.5482933, -1.0488151 53.5505979, -1.051604 53.5534961, -1.0536207 53.5561566, -1.0559554 53.5591839, -1.0581175 53.5620922, -1.0597527 53.5642828, -1.0619329 53.5671153, -1.0632138 53.5687446, -1.0680013 53.5702227, -1.0724573 53.5715794, -1.075985 53.5726488, -1.0787708 53.5735287, -1.0800709557918229 53.57404991133272, -1.0887856535313105 53.57872644684885)",False
GB92-400,way/23281217-400,400.0,3574.952866822164,20163.65,Al/St 240/40 4-bundle 380.0,"LINESTRING (0.8923617846995627 50.94264047401145, 0.8884000105646706 50.94769440066648, 0.8882777 50.9478671, 0.8879088 50.9483879, 0.8876145 50.9488874, 0.8862713 50.9511671, 0.8873314 50.9539389, 0.8885657 50.9566832, 0.8897274 50.9594821, 0.8908165 50.9622625, 0.8908439 50.9623322, 0.8908604 50.962374, 0.8919412 50.9651206, 0.8930237 50.9680882, 0.8942077 50.9707573, 0.8953857 50.9734455, 0.8980916 50.9754675, 0.9011106 50.9776534, 0.9034064 50.9793167, 0.9063833 50.9815474, 0.9093572 50.9836604, 0.909541 50.983791, 0.9123872 50.9858619, 0.9124822 50.9887509, 0.912601 50.991633, 0.9126129 50.9919226, 0.9129179 50.9952404, 0.9130195 50.9982655, 0.9131647 51.0011989, 0.9132165 51.0018585, 0.9133971 51.0041597, 0.9136004 51.0071659, 0.9137456 51.0102633, 0.9139053 51.0132234, 0.914007 51.0162747, 0.9141667 51.0191523, 0.9144136 51.0222854, 0.9146024 51.0252539, 0.9146895 51.0288706, 0.9148492 51.0313091, 0.9149799 51.0342313, 0.9151251 51.0370804, 0.915344 51.0401142, 0.9154642 51.0429464, 0.9156624 51.0458912, 0.9177535 51.0482557, 0.9203964 51.0511677, 0.9222137 51.0531918, 0.9222386 51.0532194, 0.922837 51.0538859, 0.9253626 51.056608, 0.9277151 51.0592457, 0.9295156 51.0612291, 0.9301037 51.0618769, 0.9324372 51.0645193, 0.9349467 51.0672767, 0.9375751 51.0702241, 0.9403631 51.0732442, 0.9427882 51.0759631, 0.9446783 51.07881, 0.946507 51.0816441, 0.9473609 51.0829429, 0.9491971 51.0855959, 0.9503817 51.0873505, 0.9512341 51.0895174, 0.9525715 51.0924495, 0.9535344 51.0946856, 0.9573532 51.0968635, 0.9612593 51.0990949, 0.9643745 51.10099, 0.9665289403903158 51.10217916142824, 0.9752363053510726 51.1059427193376)",False
way/20851038-400,way/91082448-400,400.0,3574.952866822164,64892.93,Al/St 240/40 4-bundle 380.0,"LINESTRING (-1.0398808866930138 50.91705623412613, -1.0358799533257115 50.92235747468883, -1.0350686 50.9239387, -1.030923 50.9259729, -1.026477 50.9282992, -1.0238935 50.9296192, -1.0202714 50.9313827, -1.0168327 50.9331343, -1.0140169 50.9345987, -1.0081256 50.9337827, -1.0044342 50.9332559, -0.9969679 50.9321707, -0.9926279 50.9320239, -0.987635 50.9318711, -0.9845397 50.9317419, -0.979361 50.9315599, -0.9750387 50.9347831, -0.9716375 50.9372809, -0.9695081 50.9388901, -0.967156 50.9406371, -0.9643276 50.9427682, -0.9611822 50.9450891, -0.9575983 50.9477704, -0.9551691 50.9495526, -0.9512205 50.9525006, -0.9491869 50.9553273, -0.9477374 50.9572879, -0.9454726 50.9604081, -0.9430223 50.9637469, -0.9407423 50.9669798, -0.9385537 50.9699748, -0.9362706 50.9715282, -0.9308974 50.9751211, -0.9283392 50.9768608, -0.9259456 50.9784429, -0.922432 50.9808175, -0.9186223 50.983377, -0.9148935 50.9859003, -0.9119665 50.9878698, -0.9076854 50.9907131, -0.9020909 50.9911526, -0.8964162 50.9915264, -0.8961531 50.9915449, -0.8935428 50.9917283, -0.8916119 50.9918639, -0.8858439 50.992288, -0.8827451 50.9924913, -0.8812415 50.9925899, -0.8769692 50.9928757, -0.8723369 50.9931969, -0.8674931 50.9928392, -0.8633543 50.9925031, -0.859163 50.9922376, -0.8537714 50.9918217, -0.8492818 50.9923759, -0.8491633 50.9923905, -0.8433746 50.9931706, -0.8388154 50.9937638, -0.838531 50.9938008, -0.8336943 50.9944394, -0.8294011 50.994996, -0.8262914 50.9954139, -0.8210278 50.9960654, -0.8185134 50.9974449, -0.8159331 50.9988602, -0.8116173 51.0012169, -0.8072944 51.003565, -0.8030404 51.0059645, -0.7982984 51.0058893, -0.791903 51.0058639, -0.7890812 51.0058708, -0.7844181 51.0057873, -0.7787747 51.0057313, -0.773924 51.005688, -0.768264 51.0069966, -0.7642698 51.0080256, -0.7582658 51.0079463, -0.7531362 51.0079067, -0.7483285 51.0079053, -0.7438178 51.0078865, -0.7378691 51.0079406, -0.7334024 51.0078805, -0.7283407 51.0078123, -0.7222479 51.0077303, -0.7170905 51.0076608, -0.7119746 51.0076105, -0.7061701 51.0075248, -0.7015815 51.0074949, -0.6974026 51.0074041, -0.6927778 51.007346, -0.6862088 51.0072487, -0.6826145 51.0078328, -0.6772065 51.0087444, -0.6716677 51.0096157, -0.6672171 51.0099732, -0.6621122 51.010374, -0.6574292 51.0107207, -0.6512885 51.0111868, -0.6465186 51.0115343, -0.6412713 51.011943, -0.637007 51.0123519, -0.6368262 51.0123739, -0.6327018 51.0126451, -0.6277655 51.0130063, -0.6231742 51.0141039, -0.6197504 51.0149116, -0.6145024 51.0162267, -0.6111952 51.0170231, -0.6056949 51.0158077, -0.6011568 51.0148426, -0.5967049 51.014028, -0.592759 51.0142367, -0.5873183 51.0144044, -0.5813776 51.0146973, -0.5760636 51.0150337, -0.5705159 51.0151723, -0.5651886 51.0154407, -0.5595744 51.0157872, -0.5544221 51.0173223, -0.5499995 51.0185072, -0.5446716 51.020137, -0.5397821 51.0215787, -0.5354308 51.0228533, -0.5321955 51.0237642, -0.5276648 51.0255714, -0.5235053 51.0273112, -0.5191785 51.0289093, -0.514547 51.030738, -0.5103123 51.0325086, -0.5070055 51.0330718, -0.5041385 51.0335108, -0.5003632 51.0340962, -0.4968649 51.0346763, -0.494589 51.0347584, -0.4909329 51.034894, -0.4868205 51.0350602, -0.4810868 51.0345027, -0.4760433 51.0340053, -0.4740066 51.0339216, -0.4706353 51.0335054, -0.4674615 51.0332034, -0.4672121 51.0331797, -0.4653469 51.0330022, -0.4640464 51.0328751, -0.4632493 51.0327972, -0.4609823 51.0325757, -0.4601245 51.0324919, -0.4562709 51.0321247, -0.4545104 51.0319569, -0.452749 51.0317777, -0.449938 51.0314917, -0.449268 51.0311771, -0.4459217 51.0296057, -0.4418594 51.027651, -0.4379491 51.0257612, -0.4363378 51.0254006, -0.4349613 51.0250926, -0.434546 51.0249997, -0.433692 51.0248086, -0.4333843 51.0247398, -0.428906 51.0237956, -0.427662 51.0235382, -0.427102 51.0234223, -0.4248963 51.0229659, -0.4243525 51.0228533, -0.4239289 51.0227657, -0.4204548 51.0207097, -0.4195602 51.0201772, -0.4186922 51.0196744, -0.4163303 51.0183062, -0.4158057 51.0180053, -0.4155217 51.0178424, -0.4130758 51.0164397, -0.4107344 51.0150772, -0.4102258 51.0147813, -0.4087999 51.0139515, -0.4075569 51.0132404, -0.4055882 51.0121141, -0.405503 51.0120653, -0.4046062 51.0115523, -0.4015359 51.0097585, -0.3978714 51.0076489, -0.3931948 51.0069768, -0.3913147 51.0067064, -0.3908027 51.0066332, -0.3881794 51.0062555, -0.3838029 51.005613, -0.3830142 51.0054972, -0.3808631 51.0050156, -0.3791518 51.0046324, -0.378168 51.004414, -0.3741429 51.0035258, -0.3733437 51.0033449, -0.3710034 51.002815, -0.3697073 51.0025216, -0.364998 51.0014764, -0.3606731 51.0004885, -0.35633 50.9995199, -0.3522513 50.9986187, -0.3466309 50.9991449, -0.3419894 50.9995975, -0.3415716 50.9996382, -0.3400897 50.9997836, -0.3399096 50.9998012, -0.3394771 50.9998437, -0.337327 51.0000546, -0.3368066 51.0001056, -0.336091 51.0001758, -0.3302552 50.9999903, -0.32929 50.9999547, -0.3289116 50.9999391, -0.3256306 50.999814, -0.3205241 50.9996624, -0.3165912 50.9995811, -0.3121798 50.9993683, -0.3081616 51.0007987, -0.3051539 51.0019093, -0.3050494 51.0019479, -0.3049666 51.0019784, -0.3044511 51.0021688, -0.3003695 51.0036187, -0.2963845 51.0050794, -0.2927894 51.0063525, -0.289036 51.0059613, -0.2853444 51.0055039, -0.2800391 51.004436, -0.2746296 51.0033062, -0.271581 51.0026358, -0.271506 51.0026194, -0.2690621 51.0021547, -0.2673656 50.9997835, -0.2671578 50.9995022, -0.2668417 50.9990743, -0.2665846 50.9987263, -0.2659269 50.9978358, -0.265441 50.9971781, -0.2634882 50.9945627, -0.263304 50.994316, -0.262771 50.9935997, -0.2617286 50.9921988, -0.2591638 50.9887995, -0.2570999 50.9860117, -0.2531108 50.984398, -0.2482267 50.9824568, -0.2441462 50.9805217, -0.2421519432042664 50.980088125570404, -0.2358172649562416 50.9752671495426)",False
GB42-400,relation/7881280-400,400.0,3574.952866822164,21055.72,Al/St 240/40 4-bundle 380.0,"LINESTRING (-0.8179951618920013 53.41570494834614, -0.8201155511443412 53.42042260647174, -0.8203725 53.4215294, -0.8210235 53.4245002, -0.8216075 53.4270958, -0.8223208 53.4305113, -0.8229381 53.4333265, -0.8236487 53.4366712, -0.8244451 53.4401385, -0.8237898 53.4423737, -0.8228168 53.4454627, -0.821725 53.4491009, -0.8189841 53.4523205, -0.8162834 53.4555098, -0.8135173 53.4587108, -0.8123332 53.4613237, -0.8111693 53.4638734, -0.8098845 53.466693, -0.8084989 53.4697522, -0.8074055 53.4722115, -0.8058939 53.4756962, -0.8045839 53.4788298, -0.8034805 53.4813604, -0.8022057 53.4843767, -0.8007798 53.4876985, -0.7993892 53.4909211, -0.797792 53.49471, -0.7966533 53.4973806, -0.7964096 53.4979275, -0.7953685 53.5002638, -0.7939073 53.5036353, -0.792567 53.5067309, -0.7910101 53.5102847, -0.789811 53.5130262, -0.7883649 53.5163368, -0.7870801 53.5192696, -0.785765 53.5222323, -0.7843593 53.5254642, -0.7827167 53.5291902, -0.7812908 53.5324156, -0.7799153 53.53553, -0.7785952 53.5385244, -0.7772852 53.5414887, -0.7758189 53.54483, -0.7745895 53.5476082, -0.7730931 53.5509909, -0.7716773 53.5541878, -0.7703169 53.5572856, -0.7690371 53.5601797, -0.7675406 53.5634148, -0.7662256 53.5664222, -0.7645024 53.5698573, -0.7630412 53.5729001, -0.7611316 53.5765231, -0.7595193 53.5797121, -0.7579725 53.5828051, -0.7564004 53.5860265, -0.7547881 53.5891878, -0.753716166013426 53.59128136989215, -0.7560371087940547 53.5980610737722)",False
way/814351697-400,way/143783006-400,400.0,3574.952866822164,11672.19,Al/St 240/40 4-bundle 380.0,"LINESTRING (0.5985499673809743 51.418553253535215, 0.5926032614402883 51.42417773548906, 0.5922209 51.4253066, 0.5940663 51.42725, 0.5970435 51.4301866, 0.5999081 51.4321465, 0.6028693 51.4340962, 0.6079814 51.4354577, 0.6130885 51.4368618, 0.618396 51.4382319, 0.6226962 51.4406137, 0.6270413 51.4430111, 0.6313651 51.4453884, 0.6317008 51.4455072, 0.635898 51.446993, 0.6406884 51.4487383, 0.6456076 51.4504901, 0.650618 51.4523221, 0.6552314 51.4539735, 0.6598662 51.4556582, 0.6649316 51.4575201, 0.6696802 51.4592655, 0.6737604 51.4593671, 0.678985 51.4594286, 0.6836252 51.4594954, 0.6892418 51.4587635, 0.6939571 51.4582083, 0.6979804 51.4576723, 0.7030283 51.4570554, 0.7077383 51.4547557, 0.7120191 51.4526464, 0.7147199924297977 51.45134133650264, 0.7154747178344231 51.44475983920319)",False
way/92483460-400,way/92460913-400,400.0,3574.952866822164,26243.43,Al/St 240/40 4-bundle 380.0,"LINESTRING (-2.604575848142416 51.88822884731259, -2.5971986696193374 51.889738457234635, -2.59456 51.8903649, -2.5893279 51.8915014, -2.5856934 51.8897301, -2.5792351 51.8894117, -2.5765969 51.8892679, -2.5748076 51.8904287, -2.5715701 51.8923908, -2.568549 51.89425, -2.5652533 51.896253, -2.559386 51.8960578, -2.5537516 51.8958113, -2.5490078 51.8943116, -2.5441006 51.8939514, -2.5405189 51.8937364, -2.534019 51.8926167, -2.5301589 51.8919512, -2.5251687 51.8911465, -2.5213215 51.8904809, -2.5173132 51.8921896, -2.5131843 51.8939182, -2.5087173 51.8958553, -2.5044676 51.8975737, -2.4993164 51.8972459, -2.4945838 51.8969579, -2.4895695 51.8966301, -2.4816254 51.8961135, -2.4786555 51.8968883, -2.4724661 51.898567, -2.4691178 51.8994113, -2.4625581 51.9011495, -2.4588155 51.9022024, -2.4566585 51.9035035, -2.4521308 51.9062868, -2.4483574 51.9086993, -2.4443365 51.9102966, -2.4426812 51.9109354, -2.4375943 51.9102267, -2.4327582 51.9095847, -2.4303249 51.909339, -2.4246963 51.9087086, -2.4198296 51.9082171, -2.4148245 51.907715, -2.4100444 51.9072235, -2.4051432 51.9073196, -2.4004844 51.9073624, -2.3952021 51.907512, -2.3897639 51.9075761, -2.3848453 51.9074372, -2.3795284 51.9071807, -2.3732157 51.9069991, -2.3684529 51.9069029, -2.3634564 51.9066892, -2.3578797 51.9064328, -2.3520779 51.906326, -2.3475403 51.9061229, -2.3440679 51.9049476, -2.3408465 51.9036546, -2.3364475 51.9019129, -2.3316935 51.9000642, -2.3266623 51.8980444, -2.3220901 51.8962383, -2.3169897 51.8942397, -2.3133354 51.8927968, -2.3094213 51.8912898, -2.3038446 51.8905416, -2.2991331 51.8900046, -2.2940074 51.8893551, -2.2895911 51.8887886, -2.284364 51.8881313, -2.2791813 51.8874745, -2.2745454 51.8856368, -2.2697496 51.8836435, -2.2668465 51.8824403, -2.2635053 51.8810743, -2.262278057347674 51.8805685308473, -2.2535023673068064 51.879453135615506)",False
way/92529432-400,relation/7894457-400,400.0,3574.952866822164,2434.14,Al/St 240/40 4-bundle 380.0,"LINESTRING (-2.405178454491036 53.435411487897824, -2.391029676716651 53.43505850057975, -2.3899103 53.43506, -2.3881183 53.4350642, -2.3846363 53.4350071, -2.3821201 53.432538, -2.3811014870469984 53.431624393719325, -2.3791827939912915 53.42611869761402)",False
relation/19169705-400,GB23-400,400.0,3574.952866822164,25797.6,Al/St 240/40 4-bundle 380.0,"LINESTRING (-2.933961224226979 53.87556700824885, -2.9249591007082105 53.877587002950534, -2.9216086 53.8782244, -2.9163565 53.8792562, -2.9109159 53.8799838, -2.9055193 53.8806984, -2.8991249 53.8815522, -2.8939868 53.8822033, -2.887688 53.883753, -2.8831711 53.884847, -2.8780331 53.8860861, -2.8726579 53.8873824, -2.8667785 53.8887735, -2.8617456 53.8899938, -2.8591163 53.8927446, -2.8560693 53.8958425, -2.8533764 53.8986873, -2.8505944 53.9015939, -2.847615 53.9046545, -2.8446109 53.9077768, -2.8417892 53.9106461, -2.8384848 53.9134583, -2.8358422 53.915694, -2.8331633 53.9180269, -2.8301484 53.9205227, -2.8271873 53.9230121, -2.8240223 53.9257287, -2.8209431 53.9286978, -2.8177674 53.9317299, -2.8147418 53.9345912, -2.8125607 53.937931, -2.8103108 53.9409763, -2.8080792 53.9440391, -2.8060375 53.9469362, -2.8043778 53.9491916, -2.8045494 53.952279, -2.8048499 53.956029, -2.8050644 53.9594505, -2.8052575 53.9627265, -2.8054614 53.9660401, -2.8056652 53.9690379, -2.8058369 53.9725782, -2.8061695 53.9762128, -2.8063412 53.9794307, -2.806545 53.9829891, -2.8067596 53.9864335, -2.8069956 53.9896104, -2.8071761 53.9928586, -2.8073671 53.9960486, -2.8075837 53.9997962, -2.8078405 54.0030194, -2.8080375 54.0060827, -2.8082145 54.0088696, -2.8084203 54.0117606, -2.8086497 54.0153342, -2.8142438 54.0172772, -2.8191267 54.0187999, -2.8246843 54.0206846, -2.8292333 54.022254, -2.8346449 54.0240821, -2.8399879 54.0259066, -2.8452237 54.0276792, -2.8511201 54.0286182, -2.8571433 54.0295635, -2.862718 54.0304331, -2.8683979 54.0312334, -2.8728309576433104 54.03197483414328, -2.89026568849227 54.032581944555325)",False
GB54-400,way/89573357-400,400.0,3574.952866822164,64376.77,Al/St 240/40 4-bundle 380.0,"LINESTRING (-3.946765740113734 52.92716626149434, -3.93421902663724 52.92977100825802, -3.9331624 52.9299572, -3.9299046 52.9288928, -3.925322 52.9273492, -3.9210328 52.9259327, -3.9177852 52.9248503, -3.9139904 52.9235662, -3.9100477 52.9222302, -3.9054418 52.9207484, -3.9015023 52.9215838, -3.894486 52.9231266, -3.890521 52.9239483, -3.8859822 52.9249256, -3.8812649 52.9259523, -3.8757264 52.9271502, -3.8713142 52.9281064, -3.8671695 52.9290073, -3.8639227 52.9297085, -3.8596899 52.9306135, -3.8562594 52.931353, -3.852353 52.9322174, -3.8466607 52.9334339, -3.8430372 52.9342172, -3.8383028 52.9340307, -3.8350366 52.9339191, -3.831741 52.9337833, -3.8270815 52.9336105, -3.8202538 52.933364, -3.8161418 52.9331969, -3.8106654 52.9329925, -3.8066644 52.9328466, -3.8025168 52.9326939, -3.7964705 52.9324467, -3.7928786 52.9323124, -3.7878565 52.9321323, -3.7824925 52.9319381, -3.778977 52.9317906, -3.7757706 52.9329113, -3.7715297 52.9343903, -3.7677601 52.9356912, -3.7644033 52.9368751, -3.7610455 52.9372874, -3.7566385 52.9378236, -3.7522164 52.9383777, -3.7466821 52.9390632, -3.7416195 52.9396806, -3.7359901 52.9403849, -3.7315044 52.9401452, -3.7268844 52.9398994, -3.7199918 52.9395248, -3.7166797 52.9393599, -3.7125345 52.9387236, -3.7073323 52.9379163, -3.7021867 52.9371228, -3.6992563 52.9350402, -3.6956443 52.932478, -3.6935745 52.9310083, -3.6912451 52.9293547, -3.687731 52.9268923, -3.6824974 52.92717, -3.6778462 52.9274122, -3.6738473 52.9276277, -3.6680572 52.927932, -3.6625951 52.9282253, -3.6581982 52.9292095, -3.6548627 52.9299494, -3.6495886 52.9311224, -3.6462126 52.9318888, -3.6415798 52.9329196, -3.6369359 52.9339548, -3.632539 52.93493, -3.6291335 52.9356942, -3.6240215 52.9368204, -3.619831 52.9366338, -3.6156626 52.9364361, -3.6108824 52.936214, -3.6072926 52.9360407, -3.6034817 52.9358741, -3.5986867 52.9356586, -3.5943598 52.935452, -3.5900402 52.9352477, -3.586034 52.93507, -3.5797095 52.9347745, -3.5763124 52.9346316, -3.5710651 52.9362838, -3.566025 52.9378998, -3.5615631 52.9393266, -3.5581608 52.9404199, -3.5537934 52.9418147, -3.5504063 52.9429008, -3.545088 52.9445998, -3.5409269 52.9459204, -3.5377543 52.9469364, -3.5359801 52.9485029, -3.533991 52.9502528, -3.5307444 52.9531206, -3.5279624 52.9555847, -3.5257611 52.9575252, -3.5220271 52.9588421, -3.5177123 52.9603809, -3.5135845 52.9618476, -3.5098431 52.9631857, -3.5051358 52.9648544, -3.4999723 52.96668, -3.4972933 52.9676413, -3.4910399 52.9693914, -3.4874764 52.9703772, -3.4838925 52.9713874, -3.4786566 52.9728568, -3.4747423 52.9739405, -3.4712246 52.9749262, -3.4650939 52.9766373, -3.460468 52.9779198, -3.458155 52.9789329, -3.4545457 52.9805368, -3.4486443 52.9831457, -3.4446748 52.9848779, -3.4422338 52.985951, -3.4373083 52.9881197, -3.4333021 52.9898882, -3.4290909 52.9917464, -3.4237741 52.9940905, -3.4175761 52.9968212, -3.4144119 52.998216, -3.4104101 52.9999627, -3.4042175 53.0004935, -3.3993604 53.0008935, -3.3964287 53.0011327, -3.3939831 53.0013286, -3.3906895 53.0015924, -3.3868697 53.0019064, -3.3824426 53.0020218, -3.3795596 53.002097, -3.3747731 53.0029102, -3.369706 53.0033339, -3.3653573 53.0036918, -3.3597049 53.0041528, -3.357326 53.0043532, -3.3513691 53.0043561, -3.3457976 53.0043618, -3.3410873 53.0043561, -3.3345976 53.0043618, -3.3291831 53.0043561, -3.3232072 53.0043618, -3.3171932 53.0043618, -3.3114029 53.0043475, -3.3056839 53.0056587, -3.3004407 53.0068583, -3.2951738 53.0080493, -3.2904444 53.0091457, -3.2850195 53.0103796, -3.2801826 53.0114826, -3.2742457 53.0128384, -3.2706729 53.0140793, -3.2675436 53.0151917, -3.263088 53.0167572, -3.2589546 53.0182169, -3.2549739 53.019633, -3.2499399 53.0214264, -3.2452961 53.02304, -3.2400404 53.0249085, -3.23593 53.026349, -3.2329021 53.0279468, -3.2293722 53.0298401, -3.2256689 53.0318015, -3.2215556 53.03399, -3.2181877 53.0357856, -3.2147002 53.0376178, -3.2117101 53.0401833, -3.2082648 53.0430262, -3.2051159 53.0456845, -3.202008 53.048315, -3.2004928 53.0495719, -3.1997077 53.0502232, -3.1967224 53.0527397, -3.1947033 53.0544449, -3.1904135 53.0580453, -3.18769 53.060319, -3.1858194 53.0618681, -3.1850945 53.0624683, -3.1823244 53.0647839, -3.178427 53.0680889, -3.1789986 53.0707813, -3.1797461 53.0741339, -3.1803257 53.0767827, -3.1810572 53.0800052, -3.1816168 53.0826632, -3.1785384 53.0845199, -3.1733421 53.087633, -3.1679591 53.0908432, -3.1646793 53.0928237, -3.1615261 53.094668, -3.1587676 53.0991749, -3.1574079 53.1013802, -3.1557824 53.104031, -3.1540554 53.1068364, -3.1526605 53.1090999, -3.151379 53.111192, -3.150534357136021 53.11255125538883, -3.147946900000001 53.116749795179075)",False
relation/13110369-400,way/314338790-400,400.0,3574.952866822164,6885.46,Al/St 240/40 4-bundle 380.0,"LINESTRING (-0.8088344601805582 53.35935914632315, -0.8102722634521876 53.35235639488924, -0.8091954 53.3500331, -0.8076039 53.3466711, -0.8061259 53.3435257, -0.8046345 53.3403983, -0.8030937 53.3371219, -0.8015112 53.3337755, -0.7998639 53.3302951, -0.798304 53.3269704, -0.7967551 53.3236982, -0.7953118 53.3206205, -0.7939152 53.317687, -0.79278 53.3153, -0.791521 53.312628, -0.7901639 53.3097267, -0.7898620031989765 53.30909779306991, -0.7813506037980721 53.30073276405216)",False
relation/7879831-400,way/95749833-400,400.0,3574.952866822164,61995.59,Al/St 240/40 4-bundle 380.0,"LINESTRING (-3.9583781484340683 51.68611559740527, -3.9478549448258744 51.69121071406499, -3.9446428 51.6917561, -3.939176 51.6926474, -3.9343645 51.6934568, -3.9288468 51.6943796, -3.9244469 51.6951007, -3.9204869 51.6941873, -3.917546 51.6935253, -3.9134204 51.6925572, -3.9092124 51.6916035, -3.903255 51.6887735, -3.9002428 51.6872986, -3.8950623 51.684831, -3.8900524 51.6843715, -3.8840209 51.6837947, -3.8791078 51.6833429, -3.8743095 51.6830048, -3.87038 51.6840525, -3.8652456 51.6854536, -3.8621484 51.687283, -3.8573401 51.6902161, -3.854563 51.6918904, -3.8490001 51.695215, -3.8462476 51.69685, -3.844238 51.6980452, -3.8393008 51.6981148, -3.8340387 51.6981349, -3.830076 51.6977717, -3.8245717 51.697256, -3.8195341 51.6972717, -3.8130203 51.6973095, -3.8080588 51.6972277, -3.8037986 51.6972815, -3.7999077 51.6973166, -3.7941279 51.6972665, -3.7886575 51.6973828, -3.7841872 51.6973798, -3.778339 51.6974326, -3.7748089 51.6947996, -3.771105 51.6920297, -3.7678069 51.6895051, -3.7643987 51.68707, -3.7624215 51.6856721, -3.7586914 51.6837218, -3.7562929 51.6810059, -3.7548919 51.6795509, -3.7532778 51.6778746, -3.7506811 51.675061, -3.7486517 51.6728627, -3.7465144 51.670689, -3.7427393 51.6666471, -3.7412092 51.6648573, -3.7390241 51.6625231, -3.7396346 51.6599841, -3.7397487 51.6576023, -3.7408954 51.6534108, -3.7439569 51.650877, -3.7436279 51.6480529, -3.741793 51.64581, -3.7395649 51.6433549, -3.7378332 51.6414798, -3.7364556 51.6399157, -3.7345276 51.638147, -3.7302718 51.6340263, -3.7283754 51.6322965, -3.7254554 51.6295548, -3.7229014 51.6271095, -3.7209515 51.6252972, -3.7192865 51.6237077, -3.717048 51.6231882, -3.7131671 51.6223209, -3.7060413 51.6208145, -3.7029945 51.6193201, -3.7006229 51.6181644, -3.696808 51.6154994, -3.6942447 51.6136928, -3.6904496 51.6117355, -3.6856418 51.6092995, -3.6833651 51.6080264, -3.6801961 51.606365, -3.6757694 51.6040233, -3.6714865 51.6017739, -3.6680908 51.5994471, -3.6649208 51.5972873, -3.6622831 51.5933637, -3.6609963 51.5914357, -3.6586161 51.5879894, -3.6569867 51.5854782, -3.654668 51.5844217, -3.6505488 51.5825856, -3.6474362 51.5812081, -3.641683 51.5786706, -3.6388777 51.5774093, -3.6352208 51.5757835, -3.6305121 51.5736688, -3.6251588 51.5734989, -3.6204361 51.5733295, -3.6143547 51.5730975, -3.6093135 51.5729137, -3.6048711 51.5727529, -3.6020504 51.5702674, -3.598591 51.5672534, -3.5962779 51.5651592, -3.5939735 51.5632752, -3.5875989 51.5629113, -3.5837729 51.5626944, -3.5763574 51.5622606, -3.5738797 51.5608122, -3.569965 51.5584961, -3.5670142 51.5567736, -3.5633405 51.5532577, -3.5609571 51.5509548, -3.5575913 51.547743, -3.5546684 51.544941, -3.5518849 51.5422557, -3.5473918 51.5415248, -3.5425838 51.540751, -3.5375147 51.5399198, -3.5323994 51.5390886, -3.5282366 51.5384341, -3.5234593 51.5376602, -3.5185284 51.5368576, -3.5138126 51.5381809, -3.5076758 51.539915, -3.5033748 51.5411379, -3.4988817 51.5423703, -3.4943962 51.5436362, -3.4910398 51.5445915, -3.4863624 51.545905, -3.4824684 51.5470084, -3.4766235 51.548126, -3.4727602 51.5488186, -3.4672609 51.5498836, -3.4625835 51.5507863, -3.4587125 51.5515265, -3.4559547 51.553161, -3.4525153 51.5552721, -3.4487547 51.556571, -3.4444488 51.5579863, -3.4414218 51.55893, -3.4362066 51.5606776, -3.43159 51.5621762, -3.4272416 51.5645847, -3.4242052 51.5662005, -3.4176389 51.5684697, -3.4140733 51.5697265, -3.4098381 51.5711414, -3.4054415 51.5726146, -3.4015397 51.5739777, -3.3981484 51.5751432, -3.391319 51.5774936, -3.3877884 51.5790084, -3.3839317 51.580694, -3.3804792 51.58213, -3.3776203 51.5833548, -3.3733445 51.5851571, -3.3691185 51.5869547, -3.3674568 51.5892577, -3.3647565 51.5931608, -3.3631257 51.5954685, -3.3614101 51.5979365, -3.3626393 51.5995464, -3.3649152 51.6009002, -3.3649671 51.602821, -3.3649834 51.6030681, -3.3652497 51.6055433, -3.3651785 51.6104132, -3.3636232 51.6118528, -3.3594475 51.6157843, -3.3578912 51.6171784, -3.3555861 51.6193235, -3.3520896 51.6224983, -3.3486982 51.6245074, -3.3445391 51.626928, -3.3402633 51.6294532, -3.3375848 51.6309806, -3.3340767 51.6307231, -3.3283259 51.6302343, -3.3231164 51.6297674, -3.3192357 51.6294357, -3.3143426 51.6290604, -3.309047351759508 51.628643424026635, -3.3003748822682115 51.63586780587152)",False
GB68-400,way/95749833-400,400.0,3574.952866822164,12614.66,Al/St 240/40 4-bundle 380.0,"LINESTRING (-3.3773280000000034 51.730085594617556, -3.375202633566866 51.72580426051206, -3.3744069 51.7250407, -3.371883 51.722641, -3.3697079 51.7205841, -3.3655027 51.7165985, -3.3636834 51.7148471, -3.3618162 51.7131056, -3.3595331 51.7109552, -3.3554308 51.7070827, -3.3512127 51.7050556, -3.3490944 51.7018408, -3.3499021 51.698421, -3.3526929 51.6961931, -3.3533966 51.6912784, -3.350126 51.6893574, -3.3481748 51.6867225, -3.3453759 51.6828603, -3.3436211 51.6805164, -3.3402029 51.6773587, -3.3372562 51.6746861, -3.3355835 51.6710192, -3.3339852 51.6677358, -3.3331278 51.6659907, -3.3324983 51.6647095, -3.3312577 51.6621987, -3.3309302 51.6615358, -3.3293467 51.6581602, -3.324355 51.656259, -3.3207942 51.6549114, -3.3179384 51.6538238, -3.3163827 51.6506383, -3.3147002 51.6472717, -3.3135909 51.6451348, -3.3124507 51.6427656, -3.3106843 51.6392425, -3.309834208918452 51.63746842879582, -3.3003748822682115 51.63586780587152)",False
GB68-400,way/95895489-400,400.0,3574.952866822164,14202.55,Al/St 240/40 4-bundle 380.0,"LINESTRING (-3.3773280000000034 51.730085594617556, -3.370330088259176 51.73126226922821, -3.367216 51.7318374, -3.3630166 51.7326013, -3.3590413 51.7333062, -3.3554586 51.7346604, -3.3524688 51.7358135, -3.3493506 51.7369824, -3.3464108 51.7381455, -3.3434569 51.7392693, -3.3417114 51.7407699, -3.3396721 51.7425544, -3.3374112 51.7445067, -3.3354484 51.7462108, -3.3332559 51.7481725, -3.3313003 51.7498543, -3.3296747 51.7512738, -3.3269117 51.7536662, -3.3253436 51.7550279, -3.3232351 51.7568172, -3.3225591 51.7587195, -3.3216522 51.7611891, -3.3196854 51.7634102, -3.3185434 51.7646692, -3.3173282 51.7660498, -3.3157052 51.7678453, -3.3138643 51.7699277, -3.3120793 51.7719292, -3.3105273 51.7737086, -3.308677 51.7757936, -3.3070271 51.7775728, -3.3052794 51.7795942, -3.3025343 51.781206, -3.2994163 51.783109, -3.2971243 51.7844971, -3.2936572 51.7854406, -3.2904512 51.7862983, -3.2872121 51.7871713, -3.2839519 51.7880809, -3.2809541 51.7888983, -3.277685 51.7897784, -3.274114 51.7907478, -3.2704783 51.7917459, -3.2680566 51.7924044, -3.2646296 51.7933301, -3.2614081 51.7941898, -3.2574436 51.7946514, -3.2549409 51.795003, -3.2519347 51.7965826, -3.2490312 51.7981275, -3.2460478 51.7997045, -3.2432121 51.8011679, -3.2402584 51.8026954, -3.237444 51.8041537, -3.2346785 51.805624, -3.23445980736869 51.80573411301198, -3.2266042040057705 51.808404645864556)",False
way/95895489-400,way/95896505-400,400.0,3574.952866822164,46276.46,Al/St 240/40 4-bundle 380.0,"LINESTRING (-3.2266042040057705 51.808404645864556, -3.2186471342671346 51.81102321168538, -3.2182653 51.8110796, -3.2146161 51.8116143, -3.2112284 51.8120861, -3.2077049 51.8125724, -3.2043045 51.8130588, -3.2011316 51.8135106, -3.197601 51.8140582, -3.1943726 51.8145194, -3.1914063 51.8149139, -3.187456 51.8154659, -3.1872203 51.8154994, -3.1864352 51.8156111, -3.1839972 51.8159578, -3.180797 51.8164282, -3.1772917 51.81692, -3.1742328 51.8159631, -3.1715531 51.8151304, -3.1682614 51.8141187, -3.1650158 51.8130828, -3.1614425 51.8119754, -3.1583384 51.8110413, -3.1558637 51.8102778, -3.1527689 51.809318, -3.1493645 51.8079107, -3.1460174 51.8064473, -3.1457705 51.8038422, -3.1428455 51.8028809, -3.1389674 51.8015322, -3.1363484 51.7998986, -3.1323246 51.799255, -3.1288751 51.7996703, -3.1257009 51.8000562, -3.1228108 51.8003964, -3.1218977 51.8021281, -3.120768 51.8042001, -3.1183466 51.8055467, -3.1157674 51.8069255, -3.114123 51.8097358, -3.1128023 51.8120906, -3.1114824 51.8142229, -3.1084119 51.8152172, -3.1046075 51.8164338, -3.1001987 51.8178899, -3.0942674 51.8183785, -3.0889166 51.8187975, -3.0841232 51.8196575, -3.0785551 51.8206269, -3.0735313 51.8214968, -3.0676072 51.8225373, -3.0628693 51.821838, -3.0581814 51.8211484, -3.0526647 51.8203541, -3.0483289 51.8191468, -3.0437536 51.8179007, -3.0400446 51.8169085, -3.0342564 51.8159304, -3.0306133 51.815284, -3.026889 51.8140293, -3.0232107 51.8128133, -3.0184775 51.8112359, -3.0130376 51.8094201, -3.0085266 51.8078665, -3.0041431 51.8095188, -3.0006663 51.8108284, -2.9973437 51.8120183, -2.9945791 51.8118558, -2.9887561 51.8116524, -2.9852626 51.8120031, -2.9809598 51.8125011, -2.9758285 51.8131215, -2.9711663 51.8138754, -2.9666142 51.8146482, -2.961268 51.815599, -2.9558263 51.8165063, -2.9509516 51.8173314, -2.9500887 51.8174774, -2.9459934 51.816067, -2.9418817 51.8145792, -2.9368726 51.8128303, -2.933051 51.8100707, -2.9278301 51.8096216, -2.9236035 51.8116415, -2.9192645 51.8137489, -2.9148832 51.8159262, -2.9104757 51.8180822, -2.9057566 51.8203643, -2.9017487 51.8223322, -2.8980547 51.8241353, -2.8929156 51.8266417, -2.8893616 51.8283666, -2.8869466 51.8303034, -2.8829267 51.8335091, -2.8799321 51.8359354, -2.875989 51.8390911, -2.873088 51.841437, -2.8708452 51.8438243, -2.8676334 51.847322, -2.8638548 51.848139, -2.8573846 51.8494817, -2.851097 51.8508017, -2.8479876 51.8514438, -2.8414377 51.8528285, -2.8379322 51.8535694, -2.8305407 51.8551203, -2.8269937 51.8558611, -2.8233141 51.856744, -2.818419 51.8579455, -2.8129437 51.8592584, -2.8082193 51.8603634, -2.8030706 51.861607, -2.7975998 51.8629162, -2.7922565 51.8642235, -2.7868447 51.8655442, -2.7823959 51.8665938, -2.7771962 51.8678417, -2.7715999 51.867873, -2.766489 51.8678828, -2.760401 51.8679063, -2.7552933 51.867922, -2.7511691 51.8679357, -2.7466388 51.8679631, -2.7423527 51.8679827, -2.7391993 51.8694343, -2.735516 51.8711345, -2.7321498 51.872675, -2.7284717 51.8744011, -2.7230735 51.8751049, -2.7176654 51.875818, -2.713766 51.8763346, -2.7116129 51.8766198, -2.7066063 51.87729, -2.7011387 51.8780183, -2.695577 51.8787405, -2.6896781 51.8795361, -2.6846864 51.8801695, -2.6810777 51.878358, -2.6774394 51.8765413, -2.6746929 51.8751845, -2.6705204 51.8751879, -2.6669117 51.8752001, -2.6614867 51.8752271, -2.6552266 51.87526, -2.6506007 51.8752858, -2.646697 51.8752932, -2.6432473274055535 51.875314502618025, -2.635734492607127 51.87684294358998)",False
way/100773252-400,GB75-400,400.0,3574.952866822164,2787.78,Al/St 240/40 4-bundle 380.0,"LINESTRING (0.4716213000000095 51.52161159452603, 0.4788231372019975 51.52147791166605, 0.4807488 51.5216898, 0.4853183 51.5222357, 0.4886931 51.5209948, 0.4898244 51.5205788, 0.4951685 51.5186361, 0.4998913 51.5169914, 0.5006998458649139 51.51671119182926, 0.5067235220490116 51.512860976397654)",False
way/1386143667-400,way/576238223-400,400.0,3574.952866822164,42183.59,Al/St 240/40 4-bundle 380.0,"LINESTRING (1.0613490103371839 52.07137081677381, 1.0644663763826108 52.077190465773675, 1.0663716 52.0785682, 1.0696891 52.0810963, 1.0737431 52.0841364, 1.0766396 52.0862903, 1.0828586 52.0859804, 1.0883803 52.0856363, 1.0941903 52.0853369, 1.0995194 52.0850222, 1.1047483 52.0847092, 1.1093888 52.0857483, 1.1140393 52.0867749, 1.1192318 52.0879466, 1.1250943 52.0892307, 1.129889 52.0903356, 1.1358257 52.0916473, 1.1403909 52.0927782, 1.144794 52.0937379, 1.1501756 52.0949613, 1.1546989 52.0958366, 1.1596341 52.0968912, 1.1642776 52.097893, 1.1691699 52.0989844, 1.1748519 52.1002077, 1.1794009 52.1010776, 1.1843104 52.102111, 1.189177 52.1031338, 1.1950822 52.1043252, 1.1999917 52.1051529, 1.205708 52.1061387, 1.2111154 52.1071456, 1.2161965 52.1079891, 1.2209001 52.1096759, 1.2259641 52.1114049, 1.2305989 52.1130705, 1.2345547 52.1144563, 1.2385971 52.1158611, 1.2429641 52.117404, 1.2469575 52.1188133, 1.2480495 52.1192159, 1.2527893 52.1208766, 1.2567544 52.122282, 1.2615341 52.1239618, 1.2660187 52.1255278, 1.2702566 52.1270312, 1.2753528 52.1285626, 1.2802559 52.1300626, 1.2853146 52.1315971, 1.2906495 52.1332189, 1.2949115 52.1345129, 1.2990448 52.1347977, 1.3036019 52.1351072, 1.3086927 52.1354349, 1.3139257 52.1358004, 1.3189763 52.1361329, 1.3250971 52.1365478, 1.329807 52.1368622, 1.3356033 52.1372606, 1.3412681 52.1377347, 1.347177 52.1382484, 1.352925 52.1387389, 1.3587615 52.1392443, 1.3646382 52.1397398, 1.3682672 52.1411637, 1.3724381 52.1427868, 1.3764399 52.1443472, 1.3807315 52.1459784, 1.3853475 52.1477889, 1.3900763 52.150121, 1.3943624 52.1522309, 1.3989624 52.1545101, 1.4031091 52.156521, 1.4082992 52.1575413, 1.4133123 52.1585253, 1.4180705 52.1594615, 1.4224157 52.1603122, 1.4277104 52.1613488, 1.43363 52.1625137, 1.438812 52.163524, 1.4440933 52.1645638, 1.4500183 52.1656858, 1.4551681 52.1667124, 1.4611253 52.1678755, 1.4660257 52.1688379, 1.4695796 52.1707725, 1.4741099 52.1732647, 1.4776906 52.1752336, 1.4817944 52.1774739, 1.4853135 52.1794064, 1.4891571 52.1815231, 1.4934352 52.1838502, 1.4966512 52.1856181, 1.5000039 52.1868843, 1.5043357 52.1885139, 1.5093353 52.1903967, 1.5143698 52.1922908, 1.5192649 52.1941307, 1.5241733 52.1959771, 1.5284809 52.1975981, 1.5331641 52.1993539, 1.5378445 52.1987851, 1.5418169 52.1982804, 1.5467575 52.197654, 1.5510893 52.1971, 1.5560031 52.1964867, 1.5613863 52.1958011, 1.5674266 52.1950498, 1.5712997 52.1954542, 1.5749529 52.1958587, 1.5802315 52.1964193, 1.586237 52.1970769, 1.5873956 52.1972001, 1.5918186 52.1976704, 1.5978429 52.1983379, 1.6012439 52.2003386, 1.6048854568600168 52.202517644805724, 1.6078953986080617 52.20755655854745)",False
way/635226843-400,way/635829123-400,400.0,1787.4764334110816,3811.24,Al/St 240/40 4-bundle 380.0,"LINESTRING (0.1910313091064416 52.75600745661235, 0.1903521095378581 52.751130489796424, 0.1892459 52.7490742, 0.1878726 52.7465414, 0.1861565 52.7433589, 0.1845579 52.7402545, 0.1826482 52.7367467, 0.1852016 52.73446, 0.1885909 52.732654, 0.1905468176194296 52.73058272671638, 0.1990481748457523 52.72693584677891)",False
way/635829123-400,GB56-400,400.0,3574.952866822164,23443.43,Al/St 240/40 4-bundle 380.0,"LINESTRING (-0.071968299999999 52.83814319507267, -0.0677284125855309 52.8344619203146, -0.066561 52.8334169, -0.0633209 52.8309019, -0.0601237 52.8282313, -0.0570767 52.8253789, -0.0538152 52.8228764, -0.0506609 52.8200886, -0.0471847 52.817106, -0.0438159 52.8143696, -0.0401895 52.8134877, -0.0342887 52.8121129, -0.0298255 52.8110754, -0.0254696 52.8100507, -0.0214999 52.8091817, -0.0164359 52.8080662, -0.0144189 52.8050569, -0.0127237 52.8025792, -0.0110286 52.7999068, -0.0094192 52.7974158, -0.0073164 52.7943019, -0.0044625 52.7927838, 0.0003655 52.7901238, 0.0040776 52.7880216, 0.008455 52.7856727, 0.0127894 52.7832588, 0.0169737 52.7809875, 0.0212735 52.7786246, 0.0257713 52.7761461, 0.0296766 52.7739654, 0.0335605 52.7730567, 0.0380451 52.7719792, 0.0419719 52.7710056, 0.047508 52.7696814, 0.0524432 52.7685519, 0.0569064 52.7675133, 0.062185 52.7663059, 0.0665838 52.7653581, 0.0724418 52.7640207, 0.0773127 52.7628392, 0.0830204 52.7614758, 0.0852271 52.7609937, 0.0881917 52.7603461, 0.0914962 52.7581516, 0.0945217 52.7561777, 0.0986416 52.7535414, 0.1010449 52.7520219, 0.105787 52.7489177, 0.1091988 52.7467096, 0.1122887 52.7445923, 0.1162578 52.7421112, 0.1197876 52.739766, 0.1222879 52.738171, 0.1270617 52.7362777, 0.1321622 52.7342596, 0.1366539 52.7339969, 0.1406659 52.7339335, 0.1471247 52.7335827, 0.1523174 52.7332904, 0.1580037 52.733037, 0.1618554 52.7328486, 0.1675416 52.7331344, 0.1710923 52.7333034, 0.177045 52.733558, 0.1822814 52.7338277, 0.18805 52.732349, 0.1900813889261004 52.73016859847074, 0.1990481748457523 52.72693584677891)",False
way/24165071-400,relation/7650368-400,400.0,3574.952866822164,18061.42,Al/St 240/40 4-bundle 380.0,"LINESTRING (-0.5007399619516324 51.93429316098837, -0.4903772211623371 51.93361773420934, -0.4850203 51.9340172, -0.4789822 51.9344338, -0.4733817 51.9348331, -0.4684492 51.9352226, -0.462997 51.9356369, -0.4588761 51.9359054, -0.4537187 51.9362971, -0.4493929 51.936633, -0.4447209 51.9375868, -0.4406845 51.9384395, -0.4354896 51.9395114, -0.4299695 51.9398017, -0.4256649 51.9399755, -0.4213199 51.9401599, -0.4165042 51.9397679, -0.4107164 51.9393071, -0.4073014 51.9390248, -0.4033379 51.9386732, -0.3968659 51.9388577, -0.3920887 51.9389882, -0.3867401 51.9391441, -0.3812533 51.9393084, -0.3756603 51.9394874, -0.3702136 51.939648, -0.3671404 51.9397437, -0.3602102 51.9399436, -0.3556458 51.9400724, -0.3495719 51.9402526, -0.344388 51.9403947, -0.3384027 51.9405918, -0.3344307 51.9395081, -0.3297731 51.9382533, -0.3251253 51.9370028, -0.3209472 51.9358829, -0.3166858 51.9347344, -0.3113114 51.933309, -0.3059521 51.9318523, -0.3015286 51.9306786, -0.2966522 51.9291943, -0.2919704 51.9277836, -0.2881891 51.9266571, -0.2833841 51.9252175, -0.2785661 51.9237643, -0.2734057 51.9221787, -0.2686106 51.9207817, -0.2644228 51.921946, -0.2580538 51.9237425, -0.2579595293406919 51.923769662653186, -0.2493263462663941 51.92769348103161)",False
way/23228362-400,way/102549055-400,400.0,3574.952866822164,9203.83,Al/St 240/40 4-bundle 380.0,"LINESTRING (0.0012220818911716 51.51941878826544, 0.0073348909440671 51.5152345715049, 0.008606 51.5131744, 0.0099107 51.5103593, 0.0113837 51.5085701, 0.0153523 51.5088742, 0.0201846 51.5092268, 0.0242177 51.5094676, 0.0291539 51.5095687, 0.0336428 51.5092108, 0.0377749 51.5095162, 0.0415994 51.5098892, 0.044509 51.5127738, 0.0483199 51.5133507, 0.0538045 51.5132545, 0.0593062 51.5131263, 0.0643102 51.5146326, 0.0694171 51.5144136, 0.071934 51.5162113, 0.0749274 51.5182379, 0.07897 51.5177412, 0.0827552 51.5172445, 0.0859326 51.5168967, 0.0899932 51.5163425, 0.0946651 51.5154064, 0.0984879 51.5167744, 0.1038867 51.51882, 0.1051044145976126 51.518818553062495, 0.1146099622023944 51.52118284976055)",False
way/103150854-400,GB80-400,400.0,3574.952866822164,2237.48,Al/St 240/40 4-bundle 380.0,"LINESTRING (0.2883449366638076 51.47116390590863, 0.2929467204000101 51.46602342162354, 0.3041743 51.4625411, 0.3053682623612415 51.462177305563216, 0.3129172239189732 51.459227300345034)",False
GB90-400,way/103915328-400,400.0,3574.952866822164,72417.42,Al/St 240/40 4-bundle 380.0,"LINESTRING (-2.9398724598288024 51.18302371197724, -2.9225247691566922 51.1816821634667, -2.919827 51.1815612, -2.9146813 51.1813674, -2.9093571 51.1811621, -2.9040215 51.1809558, -2.8988725 51.1807386, -2.8940139 51.1805607, -2.8891521 51.1803754, -2.8842055 51.180181, -2.8796952 51.1799902, -2.8746374 51.1797815, -2.8699448 51.1799803, -2.8650348 51.1801984, -2.8605651 51.1803855, -2.8551149 51.1806075, -2.8501524 51.1808022, -2.8449915 51.1810193, -2.8397558 51.1812212, -2.8347945 51.1814351, -2.8298968 51.1816335, -2.8243903 51.1818766, -2.8192434 51.1820836, -2.8137874 51.1822834, -2.8085371 51.1825099, -2.8036704 51.182703, -2.7992444 51.1828874, -2.7947719 51.1830604, -2.7902591 51.1832505, -2.7854204 51.1834456, -2.7811414 51.183693, -2.7758502 51.1839903, -2.770915 51.1842862, -2.7659901 51.1845936, -2.7610297 51.1848688, -2.7561124 51.1851615, -2.7514851 51.1854496, -2.7469468 51.1856917, -2.7420437 51.1859876, -2.7371835 51.1862431, -2.7321678 51.1865458, -2.7273881 51.1868013, -2.7224115 51.1866783, -2.7176157 51.186528, -2.7126574 51.1864112, -2.7078815 51.1862547, -2.7030551 51.1861086, -2.6983012 51.1859626, -2.6940589 51.1858296, -2.6891398 51.1856682, -2.6848949 51.1840773, -2.6808249 51.1824603, -2.6763939 51.1807722, -2.6717618 51.1790278, -2.6677385 51.1775069, -2.6637446 51.1759699, -2.6592117 51.174248, -2.6547612 51.17255, -2.6505482 51.1709216, -2.6460163 51.1692488, -2.6419312 51.1676629, -2.6368903 51.1657449, -2.6332284 51.164347, -2.6295296 51.162963, -2.6258181 51.161545, -2.6217779 51.1600059, -2.6167969 51.1592728, -2.6116882 51.1585316, -2.6066776 51.1577814, -2.6020899 51.1571089, -2.5973619 51.1570968, -2.5923517 51.1570789, -2.5876326 51.1570578, -2.5825507 51.1570492, -2.5777184 51.1570486, -2.5740188 51.1570238, -2.5689745 51.1573177, -2.563374 51.1576239, -2.5612394 51.157747, -2.5577762 51.1579468, -2.5529294 51.1582295, -2.5488096 51.1593061, -2.5444882 51.1604679, -2.5398642 51.1616799, -2.5347217 51.1630272, -2.5303773 51.1641867, -2.527317 51.1649872, -2.5235806 51.1659754, -2.5174571 51.1675933, -2.5135679 51.1686209, -2.5112336 51.1692502, -2.5098462 51.1696243, -2.5095501 51.1697041, -2.504942 51.17091, -2.5006317 51.1715373, -2.4970736 51.17201, -2.4914409 51.172789, -2.4859896 51.1735536, -2.4824276 51.1740462, -2.4781387 51.1746449, -2.4749308 51.1750905, -2.4696146 51.1758288, -2.4637137 51.1766628, -2.4580354 51.1771538, -2.4524431 51.1776247, -2.4482668 51.1779895, -2.4443401 51.1783376, -2.4391768 51.1787579, -2.4347216 51.1791296, -2.4296309 51.1795634, -2.4241001 51.1800207, -2.4189422 51.1804462, -2.4142671 51.1805033, -2.4131068 51.1805145, -2.4090082 51.1805542, -2.4042572 51.1806008, -2.3995634 51.1806496, -2.3954207 51.180679, -2.3892836 51.1807445, -2.3840907 51.1807977, -2.380509 51.1808345, -2.3763033 51.1802476, -2.3725375 51.1797063, -2.3677383 51.1790249, -2.3633724 51.1784066, -2.3584371 51.1777088, -2.3540383 51.1770967, -2.3502108 51.1781661, -2.3459193 51.1793684, -2.3447285 51.1796986, -2.3402623 51.180937, -2.3362148 51.1820782, -2.3336963 51.1835179, -2.3307975 51.1851365, -2.328136 51.186613, -2.3238418 51.1890154, -2.3198399 51.1913067, -2.3162883 51.1932707, -2.3146688 51.1950997, -2.3123861 51.1975443, -2.3099266 51.2001207, -2.3074991 51.2026922, -2.3066898 51.2035606, -2.3051763 51.2051845, -2.3041732 51.2079655, -2.3029353 51.2113199, -2.3017458 51.2147405, -2.3006246 51.2176385, -2.2997234 51.2201468, -2.2983877 51.2225809, -2.2973927 51.2243993, -2.2953645 51.2281141, -2.2941365 51.2303261, -2.2928852 51.2326307, -2.2910723 51.2358633, -2.2895926 51.2385668, -2.2881267 51.2412478, -2.2840516 51.2430084, -2.2799281 51.2448054, -2.2753827 51.2467526, -2.2705601 51.2483678, -2.2658072 51.2499157, -2.2611736 51.2514745, -2.2567037 51.2529712, -2.2523076 51.2544333, -2.2495852 51.2569093, -2.2471215 51.2591343, -2.2446571 51.2613624, -2.2405139 51.2633346, -2.2362546 51.2653796, -2.2317431 51.2675001, -2.2271055 51.2697036, -2.2248713 51.2725949, -2.2227845 51.275273, -2.2205269 51.2781671, -2.2182441 51.2811118, -2.2140223 51.2836275, -2.2100385 51.2860143, -2.2061876 51.2882932, -2.2030931 51.2901454, -2.1998549 51.292095, -2.1974784 51.2934912, -2.1947112 51.2960216, -2.1919694 51.2985752, -2.1897818 51.3005899, -2.1872393 51.3029426, -2.1844086 51.3055223, -2.1817204 51.307984, -2.1790058 51.3104993, -2.1761501 51.3131188, -2.1734873 51.3155246, -2.1709537 51.31788, -2.168434 51.3201826, -2.1658478 51.3225677, -2.164081 51.3248617, -2.1622616 51.3272148, -2.1601225 51.3299964, -2.1582163 51.3325174, -2.156151 51.3351952, -2.1566615 51.3375595, -2.1572537 51.3399563, -2.1578644 51.3426956, -2.1585781 51.3456307, -2.1591853 51.3484145, -2.1598826 51.3513733, -2.1605006 51.3540418, -2.1615565 51.3570795, -2.1625043 51.3598279, -2.1633999 51.3623992, -2.1645263 51.365731, -2.1656827 51.3691134, -2.1652392 51.3719771, -2.1647406 51.3747933, -2.1641967 51.3781059, -2.1644328 51.3819151, -2.1645873 51.3845888, -2.1618968 51.3869135, -2.1593086 51.3891357, -2.1588399466511237 51.38953065974879, -2.1505685250801054 51.393693602413045)",False
way/32796576-400,way/1377318457-400,400.0,3574.952866822164,65717.01,Al/St 240/40 4-bundle 380.0,"LINESTRING (-1.9465876990777207 51.36594468134901, -1.9382858436692787 51.36175649498801, -1.9361068 51.3606567, -1.932234 51.3586471, -1.9284071 51.3566426, -1.9245923 51.3546656, -1.9203501 51.3524583, -1.9160626 51.3502417, -1.9118847 51.3480481, -1.9074269 51.345716, -1.9032566 51.3435522, -1.8991196 51.3413883, -1.895132 51.3393617, -1.8911976 51.3372515, -1.8872762 51.3352059, -1.8834842 51.3332329, -1.8794444 51.331128, -1.8746315 51.3305588, -1.8708199 51.3300841, -1.8695948 51.3299562, -1.8642663 51.3293193, -1.8586837 51.3286524, -1.8532728 51.3280068, -1.8476344 51.3267402, -1.8428361 51.3256163, -1.8378322 51.3258577, -1.8326603 51.3261515, -1.8269343 51.3264453, -1.8217624 51.3267496, -1.8162366 51.3269594, -1.8110029 51.3272482, -1.8060994 51.3274842, -1.8011298 51.3277098, -1.7963179 51.327987, -1.7905546 51.3282839, -1.7848001 51.3285753, -1.7799782 51.3288172, -1.7744965 51.3290976, -1.7691087 51.3293118, -1.7644305 51.3299223, -1.7591951 51.3305876, -1.7537837 51.3312363, -1.7491378 51.3318301, -1.7439728 51.3324403, -1.7383239 51.3331495, -1.7330269 51.3337597, -1.7284778 51.3351395, -1.7233569 51.3365582, -1.7188841 51.3379685, -1.7153757 51.3390039, -1.7149219 51.3391378, -1.7104056 51.339023, -1.7049909 51.3388749, -1.6996961 51.3387215, -1.694656 51.3384924, -1.6897272 51.3384153, -1.6841113 51.3383846, -1.6790603 51.338226, -1.6739029 51.3380368, -1.6711966 51.3378661, -1.669605 51.3377657, -1.6643985 51.3374538, -1.6586343 51.3370806, -1.6533736 51.3368098, -1.6499333 51.3366036, -1.6482709 51.336504, -1.6430235 51.336196, -1.6385537 51.3358994, -1.6324157 51.3355313, -1.6286323 51.3362919, -1.6233435 51.3374042, -1.618029 51.3384463, -1.6140095 51.3392934, -1.6093899 51.3402571, -1.6040095 51.3413611, -1.5994145 51.3423015, -1.5947933 51.342048, -1.588791 51.3416508, -1.5832978 51.3413148, -1.5794035 51.3410615, -1.5736134 51.3406911, -1.5691112 51.3404277, -1.5644235 51.3401117, -1.5605716 51.3383537, -1.5559268 51.3364497, -1.5517137 51.3346158, -1.5474838 51.3327461, -1.5430617 51.330819, -1.5392252 51.329172, -1.5352286 51.3274964, -1.5299977 51.3252132, -1.5261798 51.3235633, -1.5220807 51.3217731, -1.5172797 51.3196925, -1.5137662 51.3181561, -1.5092933 51.3161916, -1.50789 51.3155753, -1.5044421 51.3140549, -1.4999698 51.3129121, -1.4949593 51.3116701, -1.4899705 51.3104415, -1.4853243 51.3092729, -1.4796078 51.3078217, -1.4751004 51.3066454, -1.4713821 51.3043552, -1.4668953 51.3015278, -1.4633889 51.2993557, -1.4600921 51.2973029, -1.4567069 51.2951638, -1.4533724 51.2930227, -1.450096 51.2909673, -1.447105 51.2890925, -1.4419776 51.2858699, -1.4376741 51.2859288, -1.4323199 51.2859868, -1.4263398 51.2860675, -1.4215791 51.2861409, -1.414862 51.2862551, -1.4105709 51.2863448, -1.4068015 51.2863612, -1.4007887 51.2864672, -1.3963933 51.2865162, -1.3904457 51.2866222, -1.3860242 51.2873319, -1.3810809 51.2881802, -1.3748684 51.2891487, -1.3706401 51.2899116, -1.3651092 51.2908545, -1.3595374 51.2917563, -1.3553011 51.2925096, -1.3505486 51.2933038, -1.3456897 51.2941236, -1.3407569 51.2940519, -1.3354472 51.293975, -1.3306046 51.2939033, -1.3264995 51.2938213, -1.3204933 51.2937137, -1.315323 51.2936266, -1.3090956 51.2935446, -1.3043759 51.2934729, -1.2983698 51.2939443, -1.292888 51.2943798, -1.2880126 51.2947794, -1.2834732 51.295174, -1.2779341 51.2956197, -1.2730669 51.2960809, -1.2685387 51.2963679, -1.2628002 51.2970031, -1.2577482 51.2975593, -1.2524367 51.298105, -1.2470131 51.2986172, -1.2426925 51.2990998, -1.2379465 51.2996553, -1.232039 51.3002057, -1.2271746 51.3007647, -1.2233338 51.3024335, -1.2189769 51.3042612, -1.2137091 51.3065481, -1.2103854 51.3080364, -1.2071823 51.3094289, -1.2022557 51.3115429, -1.1979546 51.3133956, -1.1929365 51.3155763, -1.1877478 51.3162654, -1.1818649 51.3170834, -1.1770796 51.3177905, -1.172327 51.3184177, -1.1682688 51.3190009, -1.1640888 51.3188301, -1.1587686 51.3186626, -1.1533747 51.3184394, -1.1483752 51.3182714, -1.1437579 51.31809, -1.1388412 51.3179217, -1.1353634 51.3195208, -1.1309202 51.3215489, -1.1269957 51.3233381, -1.123137 51.3250843, -1.1182649 51.3258384, -1.1132748 51.3266121, -1.1077355 51.3274732, -1.1028543 51.3282221, -1.0968934 51.3291571, -1.092449 51.3298382, -1.0887108 51.3304107, -1.0838764 51.3311158, -1.0838205593152206 51.33114679566027, -1.0772802749418453 51.33629200924364)",False
way/29111844-400,way/925179651-400,400.0,3574.952866822164,20566.64,Al/St 240/40 4-bundle 380.0,"LINESTRING (0.5371121581757673 51.7655580966421, 0.5335449722235751 51.760933613473156, 0.5334377 51.7583045, 0.5332017 51.7542666, 0.5331632 51.752859, 0.5331159 51.7511291, 0.5329562 51.7479396, 0.5327511 51.744755, 0.5325745 51.7414083, 0.5324936 51.7380983, 0.5300903 51.7352413, 0.5277975 51.7322776, 0.5252049 51.7292177, 0.5232391 51.7268192, 0.5222468 51.7241252, 0.5213355 51.7216133, 0.5202 51.7185489, 0.5192894 51.7161279, 0.5195924 51.7130305, 0.5198411 51.7090036, 0.5200329 51.7063819, 0.5201859 51.7044652, 0.520236 51.703837, 0.5204786 51.7014433, 0.5218071 51.6989614, 0.5230952 51.6967012, 0.5248708 51.6934468, 0.5232667 51.6917854, 0.5222316 51.6907132, 0.5193854 51.6878413, 0.5168948 51.6851364, 0.5181126 51.6824904, 0.5196014 51.6791779, 0.5209439 51.6763828, 0.5213571 51.6755225, 0.522497 51.6730065, 0.5237792 51.670451, 0.5252598 51.6672288, 0.5257775 51.6654074, 0.5261384 51.6641798, 0.5270333 51.6612184, 0.5278972 51.6582919, 0.5285278 51.6559311, 0.5294895 51.6528164, 0.5298833 51.6491654, 0.5303048 51.6457972, 0.5331386 51.6425171, 0.5346823 51.6390089, 0.5350799 51.6362875, 0.5354711 51.6326241, 0.5359483 51.6291, 0.5363272 51.626012, 0.5367345 51.6227184, 0.5410314 51.6202399, 0.5448128 51.6181585, 0.5484527 51.6160667, 0.5512781 51.6138527, 0.5521056 51.6132043, 0.5512583 51.611621, 0.5511885 51.6080073, 0.554886 51.6053361, 0.5579811 51.6031592, 0.5607204 51.6012082, 0.5628312902593103 51.59963279767803, 0.5665019941757928 51.59375911368557)",False
GB71-400,way/103915328-400,400.0,3574.952866822164,46112.05,Al/St 240/40 4-bundle 380.0,"LINESTRING (-2.5976166999999926 51.578760094551264, -2.5982043075943975 51.57429601885808, -2.5984289 51.5724658, -2.5951959 51.5699212, -2.5919373 51.5673863, -2.5867901 51.5676857, -2.5813742 51.5678829, -2.5753935 51.5681246, -2.5722019 51.5682268, -2.5663371 51.5661133, -2.5623583 51.5646556, -2.5576442 51.5629332, -2.5554499 51.5613258, -2.5525328 51.5609186, -2.5495201 51.5605837, -2.5451376 51.5600301, -2.5394865 51.5593083, -2.5348783 51.5587345, -2.5289688 51.5580411, -2.5240765 51.5574541, -2.5191939 51.5568169, -2.5151518 51.5563262, -2.5097232 51.5554664, -2.5063745 51.5549504, -2.501804 51.554232, -2.4976518 51.5519628, -2.495061 51.5505542, -2.4919086 51.5489009, -2.4877738 51.5474327, -2.483328 51.5459093, -2.4789224 51.5444521, -2.4756146 51.5451709, -2.4715437 51.5449964, -2.467199 51.5438197, -2.4649241 51.5432074, -2.4648783 51.543195, -2.4628735 51.5426554, -2.4583112 51.5414592, -2.453122 51.5400013, -2.44876 51.5388659, -2.444917 51.5374306, -2.4442776 51.5343713, -2.4437636 51.5318857, -2.4411258 51.529134, -2.4384753 51.5263299, -2.4356646 51.5242593, -2.4321745 51.5216834, -2.4287165 51.5191119, -2.4259048 51.5170271, -2.4217591 51.5149, -2.4181126 51.512992, -2.4153863 51.5105559, -2.4132769 51.5086358, -2.4103883 51.5059884, -2.4076413 51.5035895, -2.4050993 51.50125, -2.4023933 51.4988509, -2.4007476 51.4973899, -2.3943471 51.4963032, -2.3896587 51.4955299, -2.3851045 51.4947775, -2.3801587 51.4939346, -2.3726779 51.4937506, -2.370021 51.4937078, -2.3651496 51.4935809, -2.3606663 51.4934628, -2.3570375 51.4933672, -2.3519664 51.4932291, -2.3478569 51.4931267, -2.3438789 51.4930346, -2.3396389 51.493686, -2.3348052 51.4944418, -2.3304245 51.4951224, -2.3250164 51.4959718, -2.3194221 51.4968489, -2.3141155 51.4973194, -2.3087761 51.4978308, -2.3034683 51.4983008, -2.2973936 51.4988505, -2.2934679 51.5000664, -2.2894805 51.5013083, -2.2852084 51.5026212, -2.2806672 51.5040279, -2.2771914 51.5051197, -2.2725103 51.5065866, -2.2685502 51.5078056, -2.2646654 51.5081807, -2.2598531 51.5086401, -2.2562373 51.5095028, -2.2526698 51.5103789, -2.2469759 51.5118252, -2.2437571 51.5126142, -2.2391896 51.5137091, -2.235474 51.5120343, -2.2307818 51.5098961, -2.2272921 51.5083302, -2.2214038 51.5063995, -2.217364 51.505103, -2.2134489 51.5038312, -2.2088758 51.5023782, -2.2046031 51.5009931, -2.2043983 51.4978488, -2.2041935 51.495244, -2.2039205 51.4928217, -2.2037294 51.4904121, -2.203511 51.4873564, -2.2033062 51.4846872, -2.2011903 51.4822814, -2.1994882 51.4803227, -2.1971742 51.4777124, -2.1948384 51.4750815, -2.1926664 51.4725456, -2.1899267 51.4694997, -2.1872744 51.4664671, -2.1847817 51.4635886, -2.1819175 51.4607844, -2.1793602 51.4582168, -2.1768906 51.4558312, -2.174404 51.4533617, -2.1702977 51.4523782, -2.1659868 51.4512581, -2.1614129 51.4502108, -2.1574904 51.4478752, -2.1540446 51.445853, -2.152762 51.4433175, -2.1513071 51.440418, -2.1496321 51.4370528, -2.1480479 51.433838, -2.1464541 51.4307118, -2.1451177 51.4279447, -2.1438304 51.4254984, -2.1428495 51.4228992, -2.1417584 51.4200016, -2.1407776 51.417425, -2.1395618 51.4140791, -2.1402136 51.4112466, -2.1408266 51.4080271, -2.1414474 51.4046799, -2.1440545 51.4023527, -2.1453869453203627 51.40118264517801, -2.1505685250801054 51.393693602413045)",False
GB20-400,relation/11051275-400,400.0,3574.952866822164,34525.22,Al/St 240/40 4-bundle 380.0,"LINESTRING (-2.755971765460866 54.01281882091691, -2.754034304818754 54.017036316109156, -2.754685 54.0194897, -2.755762 54.0238643, -2.7564573 54.0263827, -2.7572205 54.0291204, -2.7582998 54.0331543, -2.7580093 54.0370161, -2.7577789 54.0400778, -2.7575226 54.0434397, -2.7591692 54.0464285, -2.7606166 54.049033, -2.7625184 54.052387, -2.761248 54.0546808, -2.7595033 54.0578476, -2.757839 54.0609716, -2.75644 54.0635623, -2.7542102 54.0675604, -2.7526869 54.0703131, -2.7509512 54.0734783, -2.7490315 54.076967, -2.7473601 54.080065, -2.7491856 54.083037, -2.7510884 54.0862369, -2.752532 54.0885999, -2.7541362 54.0912435, -2.750249 54.0940113, -2.7470186 54.0963183, -2.7426346 54.0994568, -2.740064 54.1012837, -2.7359071 54.1042315, -2.7333322 54.1060179, -2.7296737 54.108578, -2.7264443 54.1109114, -2.7239171 54.1127818, -2.7214446 54.1158672, -2.7189019 54.1189988, -2.7162841 54.1222371, -2.7139285 54.1252576, -2.711617 54.1280151, -2.7098194 54.1303123, -2.706435 54.1324597, -2.7029481 54.1346472, -2.6991394 54.1370546, -2.6948371 54.1397699, -2.6919403 54.1415925, -2.688351 54.1438135, -2.6848378 54.1459476, -2.6826814 54.1490958, -2.6805249 54.1522501, -2.6784327 54.1552722, -2.6760724 54.1586773, -2.6739744 54.161714, -2.6720062 54.1645068, -2.6700106 54.1673772, -2.6676948 54.1707946, -2.6665345 54.1725776, -2.6640581 54.1760894, -2.6625004 54.1782983, -2.6598826 54.182028, -2.6584342 54.1841062, -2.6580694 54.1863538, -2.6577046 54.1886138, -2.6571468 54.1919534, -2.6565459 54.1951044, -2.6561168 54.1978283, -2.6555374 54.2012362, -2.6550868 54.2039221, -2.6548293 54.2071475, -2.6545826 54.2101781, -2.6543465 54.2132148, -2.6540568 54.2165461, -2.6537672 54.2199399, -2.6535707 54.222392, -2.6532629 54.2257482, -2.6530943 54.2281703, -2.6527908 54.232095, -2.6525977 54.2337944, -2.6526514 54.2359954, -2.6526192 54.2384157, -2.6526836 54.2429362, -2.6526943 54.2469672, -2.6526621 54.2498883, -2.6526943 54.2534486, -2.6527694 54.2562815, -2.6527694 54.2596094, -2.6528182 54.2630119, -2.6528322 54.2653101, -2.6528406 54.2682065, -2.6528605 54.2713426, -2.65289 54.2752956, -2.6529017 54.277195, -2.6529282 54.2805748, -2.6529677 54.2843126, -2.6533844 54.2862188, -2.6544084 54.2901817, -2.6589046 54.2919151, -2.6632799 54.293594, -2.6633345846959084 54.29361364135202, -2.6704647586994694 54.29765310564759)",False
way/142741752-400,GB58-400,400.0,3574.952866822164,6378.05,Al/St 240/40 4-bundle 380.0,"LINESTRING (-1.914974578190724 52.75668149843619, -1.905748831481736 52.75670878070009, -1.9038859 52.7564251, -1.8987233 52.7556297, -1.8940012 52.754918, -1.8902446 52.7544027, -1.8852367 52.7536369, -1.8798687 52.7518828, -1.875249 52.7503314, -1.8694796 52.7484826, -1.8650195 52.7470194, -1.8593159 52.7450381, -1.8566158 52.7428124, -1.8534636 52.7402728, -1.8500534 52.7375466, -1.8475583 52.7346325, -1.8451637 52.7319483, -1.844546936452479 52.73120879478174, -1.8397942999999917 52.72777219502959)",False
relation/7886014-400,way/127184694-400,400.0,3574.952866822164,15304.66,Al/St 240/40 4-bundle 380.0,"LINESTRING (-2.6931463305726107 52.709286290883064, -2.6853973313410893 52.706044924698716, -2.6825122 52.7048015, -2.6772867 52.7027606, -2.6729587 52.7010215, -2.668162 52.699109, -2.6632041 52.6983228, -2.6566486 52.6971365, -2.6529089 52.696515, -2.6476862 52.6955871, -2.6422036 52.6946715, -2.6367605 52.6937687, -2.6331031 52.691599, -2.6286819 52.688976, -2.6251311 52.6869015, -2.6219898 52.685038, -2.6184168 52.6829398, -2.6144795 52.6805442, -2.610135 52.677934, -2.6064403 52.675898, -2.601681 52.6731356, -2.598182 52.6710566, -2.5948362 52.6691248, -2.5901908 52.6663694, -2.5864705 52.6641752, -2.5826321 52.661943, -2.5796472 52.6601761, -2.5752965 52.6592758, -2.5708231 52.6583608, -2.5651023 52.6571932, -2.5603887 52.656206, -2.5547596 52.6550224, -2.5497682 52.653394, -2.5451965 52.6518877, -2.540556 52.6503059, -2.5352466 52.6486288, -2.5318447 52.6475081, -2.5285693 52.6441708, -2.5258222 52.6414221, -2.5226841 52.638169, -2.5199402980954186 52.63624772184103, -2.5125533039057553 52.632261616633116)",False
relation/7894975-400,GB20-400,400.0,3574.952866822164,31875.02,Al/St 240/40 4-bundle 380.0,"LINESTRING (-2.7563875369248914 53.74403959044247, -2.759212382235641 53.751913757035375, -2.7612202 53.7551372, -2.7622379 53.7568527, -2.7645768 53.7603158, -2.7682762 53.7617208, -2.772932 53.7632746, -2.7778029 53.7648982, -2.7821266 53.7663377, -2.7829849 53.7690328, -2.7836313 53.7714443, -2.7826738 53.7750122, -2.7820193 53.7774848, -2.7807211 53.7797608, -2.7801819 53.7806998, -2.779498 53.7818908, -2.7772879 53.7838496, -2.7753138 53.7855864, -2.772417 53.7881979, -2.7699816 53.7903465, -2.7675145 53.7925774, -2.7653258 53.7945167, -2.762032 53.7974634, -2.7606909 53.7986484, -2.7594893 53.7997003, -2.755981 53.8028178, -2.753052 53.8054345, -2.7502732 53.8079243, -2.7474837 53.8104267, -2.7475696 53.8135307, -2.7476979 53.8167173, -2.7478696 53.8202889, -2.7479983 53.8225436, -2.7483417 53.8255833, -2.7486421 53.828357, -2.7490712 53.8310671, -2.7495004 53.8340049, -2.7498222 53.8368033, -2.7501226 53.8403232, -2.7503662 53.8430888, -2.7505969 53.8455283, -2.750761 53.8484069, -2.7510317 53.8516083, -2.7511137 53.8527889, -2.7511861 53.8538973, -2.7513084 53.8552649, -2.7514521 53.8581709, -2.7517096 53.8608791, -2.7520529 53.8644855, -2.7526537 53.8677753, -2.7533632 53.8710527, -2.7536636 53.8735197, -2.7541142 53.8757968, -2.7545434 53.8784279, -2.7530199 53.8806668, -2.7507668 53.8838541, -2.7494187 53.8858201, -2.7508931 53.8885333, -2.7523761 53.8913788, -2.7538138 53.8939205, -2.7551442 53.8968792, -2.7566891 53.9001159, -2.7576762 53.902619, -2.7590495 53.9056404, -2.7603584 53.9085983, -2.7615815 53.9115939, -2.7629762 53.9143997, -2.7644354 53.9175971, -2.7649503 53.9204404, -2.7655726 53.9234352, -2.766152 53.9263666, -2.7667015 53.9294869, -2.7673107 53.9330751, -2.7667957 53.9351216, -2.7661734 53.9378879, -2.7654224 53.9409193, -2.7648645 53.9435843, -2.7640847 53.94664, -2.7641135 53.9482064, -2.7640706 53.9519063, -2.7641135 53.9551008, -2.764135 53.9585098, -2.7641135 53.9620446, -2.7640706 53.9648344, -2.7640857 53.967893, -2.7641564 53.9709688, -2.7641564 53.9741367, -2.7641779 53.9766985, -2.7641387 53.9795757, -2.7634577 53.981297, -2.7627113 53.9832947, -2.7614801 53.9863514, -2.7605044 53.988938, -2.7572911 53.9917257, -2.754007 53.9946649, -2.7522474 53.9963173, -2.752388 53.9989349, -2.7526262 54.0022847, -2.7528955 54.0057721, -2.7530606029103066 54.00778710051159, -2.755971765460866 54.01281882091691)",False
relation/7894975-400,GB23-400,400.0,3574.952866822164,19923.77,Al/St 240/40 4-bundle 380.0,"LINESTRING (-2.933961224226979 53.87556700824885, -2.9332366748770475 53.87074316944569, -2.9316225 53.8679726, -2.9272999 53.8662904, -2.9234697 53.864916, -2.919102 53.8632587, -2.9153254 53.8618417, -2.9104545 53.8599815, -2.9063347 53.8582478, -2.9053154 53.8558049, -2.9044142 53.8529318, -2.9031589 53.8493181, -2.9020753 53.845799, -2.9008844 53.8423999, -2.8997793 53.8390511, -2.8985026 53.8353095, -2.8953816 53.8332389, -2.8920127 53.8309975, -2.8882137 53.8285663, -2.8849424 53.8263433, -2.8813687 53.8240955, -2.8781725 53.821999, -2.8740516 53.8193583, -2.8704692 53.8170271, -2.8672184 53.8149242, -2.8637744 53.8126945, -2.8604474 53.810541, -2.8580238 53.8074745, -2.8559521 53.8047948, -2.8535595 53.8017155, -2.8514674 53.7990162, -2.8491071 53.7959301, -2.8465429 53.792641, -2.8444722 53.7900235, -2.8422299 53.7871269, -2.8402558 53.7846485, -2.8342476 53.7837357, -2.8284337 53.7828099, -2.825758 53.7808129, -2.8226775 53.7786387, -2.8196183 53.7763843, -2.8154614 53.7733195, -2.8126612 53.77117, -2.806579 53.7697557, -2.8013004 53.7685128, -2.796193 53.767287, -2.7906888 53.7660498, -2.7874272 53.7644517, -2.7840163 53.7628119, -2.7807753 53.7614328, -2.7764203 53.7611312, -2.7723642 53.760901, -2.7699631 53.7591336, -2.7671999 53.7563551, -2.7652634 53.7543534, -2.7634185 53.7523718, -2.7626379084564605 53.75114148957047, -2.7563875369248914 53.74403959044247)",False
relation/7894975-400,GB30-400,400.0,3574.952866822164,21391.87,Al/St 240/40 4-bundle 380.0,"LINESTRING (-2.7563875369248914 53.74403959044247, -2.748597626897443 53.73896204775172, -2.7456968 53.7382867, -2.7422539 53.7374852, -2.7374474 53.7363556, -2.7332246 53.7353475, -2.7291034 53.7343652, -2.7249752 53.7324759, -2.7206312 53.7304977, -2.7158591 53.7283216, -2.7111855 53.726193, -2.7067887 53.7241639, -2.702089 53.7222662, -2.6973449 53.7203976, -2.6941716 53.7191172, -2.6887374 53.7189331, -2.6836356 53.7187428, -2.6789257 53.71979, -2.6737222 53.7188761, -2.6697231 53.7181324, -2.6658306 53.717438, -2.6612126 53.7176316, -2.6560283 53.7172718, -2.6537836 53.7173251, -2.6500081 53.7174016, -2.6462404 53.7174822, -2.6436924 53.7175251, -2.6386673 53.7175238, -2.6321126 53.717508, -2.6265562 53.7174845, -2.6199566 53.7174437, -2.614467 53.717476, -2.6085202 53.7174449, -2.6047134 53.7170675, -2.599986 53.7166066, -2.5987162 53.7173699, -2.5924101 53.7172247, -2.5887975 53.7171154, -2.5834812 53.7169575, -2.5796633 53.7169089, -2.573535 53.7167029, -2.5693312 53.7165328, -2.5651685 53.7164065, -2.560078 53.7174705, -2.5558678 53.7160517, -2.5509823 53.7159428, -2.5457864 53.715834, -2.5421442 53.715735, -2.534782 53.7155132, -2.5296755 53.7153132, -2.5229059 53.7161988, -2.5176724 53.7168298, -2.513514 53.7173311, -2.5086748 53.7179601, -2.5024628 53.7187474, -2.4978881 53.7193077, -2.4913692 53.7201441, -2.4858975 53.7185156, -2.4817892 53.7172538, -2.4763886 53.7167968, -2.4740108 53.7164411, -2.473882 53.7156379, -2.4700296 53.714576, -2.4648475 53.7132172, -2.4616082 53.7123489, -2.460386609291633 53.71201817429694, -2.4534811999999944 53.71015819539561)",False
GB30-400,way/1395117766-400,400.0,3574.952866822164,16224.23,Al/St 240/40 4-bundle 380.0,"LINESTRING (-2.4534811999999944 53.71015819539561, -2.450023723286564 53.71413964479431, -2.4491727 53.715084, -2.446394 53.7181385, -2.4437332 53.7209694, -2.4416303 53.7231786, -2.439506 53.7254892, -2.4362187 53.7290261, -2.4336374 53.7318492, -2.4306547 53.7351558, -2.4280112 53.7380636, -2.4250007 53.7413239, -2.4222004 53.7443886, -2.4230008 53.7473021, -2.4239814 53.7512279, -2.4291162 53.7526882, -2.433558 53.7539252, -2.4389438 53.7553783, -2.4435723 53.756689, -2.4418191 53.7602687, -2.4403654 53.762114, -2.4382669 53.7646803, -2.4358861 53.7676, -2.4322802 53.768838, -2.4270445 53.770604, -2.4223721 53.7721163, -2.4221474 53.7721926, -2.4169272 53.7739645, -2.4122226 53.7756035, -2.4070459 53.7772393, -2.4027606 53.7790761, -2.398866 53.7807339, -2.3931253 53.783173, -2.3894936 53.7847007, -2.3862052 53.7860667, -2.3824509 53.7876654, -2.3786797 53.7882105, -2.3738517 53.7888919, -2.3673286 53.7898553, -2.362591 53.7910296, -2.3580259 53.792183, -2.3526569 53.7935375, -2.3493256 53.7943487, -2.3452272 53.7943963, -2.3414989 53.7944184, -2.3362901 53.7944533, -2.3309471 53.7944976, -2.3294052938219436 53.79426262686563, -2.321046039490182 53.79532957201044)",False
way/20851038-400,way/4715504-400,400.0,3574.952866822164,14998.45,Al/St 240/40 4-bundle 380.0,"LINESTRING (-1.232597802703451 50.88478848238346, -1.224244247635249 50.887140372722264, -1.2236431 50.8873425, -1.2188777 50.8881525, -1.2143475 50.8890143, -1.2092412 50.889882, -1.2038941 50.8907388, -1.1994068 50.8914762, -1.194799 50.8922571, -1.1900194 50.8930813, -1.1854853 50.8938302, -1.180433 50.8946242, -1.1752678 50.8934283, -1.1697316 50.8920402, -1.1649348 50.8908038, -1.1591408 50.8894698, -1.154533 50.8883636, -1.149633 50.8871597, -1.1454379 50.8860425, -1.1415007 50.8880273, -1.138492 50.8895349, -1.1349674 50.8912593, -1.1316148 50.8930379, -1.1270242 50.8938947, -1.1213161 50.8950225, -1.117379 50.8957707, -1.1125649 50.8966166, -1.1077165 50.8975925, -1.1035386 50.89846, -1.0990684 50.8992408, -1.0939105 50.8998697, -1.0879617 50.9004335, -1.0850733 50.9007154, -1.0829586 50.9034261, -1.0808266 50.9060933, -1.0787291 50.9088578, -1.0734837 50.9090773, -1.0684169 50.9103005, -1.0639431 50.9114488, -1.0596792 50.9125112, -1.0549684 50.9135952, -1.0505498 50.9147009, -1.049181034545201 50.91503549577637, -1.0398808866930138 50.91705623412613)",False
way/676646876-400,relation/10377509-400,400.0,3574.952866822164,41798.99,Al/St 240/40 4-bundle 380.0,"LINESTRING (-3.4284749682641187 55.30102086352227, -3.416081446987392 55.29962345077866, -3.4133516 55.2990304, -3.4119147 55.2968443, -3.409519 55.2931525, -3.4081034 55.2909485, -3.4062224 55.2881018, -3.4043514 55.2851871, -3.4025992 55.2824697, -3.4009162 55.2798986, -3.3987581 55.2765661, -3.3971643 55.2741074, -3.3955769 55.2716724, -3.3936868 55.2687772, -3.3917286 55.265748, -3.3898972 55.2629051, -3.3881251 55.2601579, -3.3861452 55.2571679, -3.3844225 55.2544808, -3.3804092 55.2514975, -3.3764675 55.2491578, -3.3729381 55.2470586, -3.3689476 55.2454755, -3.3662907 55.243935, -3.3625239 55.2417339, -3.3589382 55.2396045, -3.359356 55.2368262, -3.3597866 55.2341449, -3.3601777 55.2316271, -3.3606896 55.2288294, -3.3609449 55.2262637, -3.3612567 55.2232711, -3.3615748 55.2203999, -3.3617918 55.2177684, -3.3620751 55.2146038, -3.3584457 55.2126368, -3.3547707 55.2106278, -3.3513126 55.2087666, -3.3477636 55.2068533, -3.3451267 55.2054257, -3.3444175 55.2033302, -3.3434418 55.2004745, -3.3412185 55.1982046, -3.3388594 55.1957834, -3.3364444 55.1933061, -3.3325663 55.1893702, -3.3311103 55.1878636, -3.3288987 55.1856235, -3.3286605 55.1852181, -3.3275823 55.1833835, -3.3256922 55.180186, -3.3241382 55.1775799, -3.323168 55.1759692, -3.3212402 55.1736983, -3.3193548 55.1715282, -3.3163401 55.1699763, -3.3132671 55.168397, -3.310019 55.1667257, -3.3067959 55.1650562, -3.305399 55.1626831, -3.3039709 55.1603198, -3.3022699 55.1574924, -3.3010309 55.1554647, -3.2988039 55.1517726, -3.2944508 55.150705, -3.2906987 55.1498089, -3.2864917 55.1487889, -3.2819219 55.1476527, -3.2800096 55.1452766, -3.2780426 55.1427562, -3.2761735 55.1403836, -3.2740385 55.1376628, -3.2719595 55.1348978, -3.2702235 55.1327729, -3.2670104 55.1286229, -3.2658064 55.127078, -3.2639164 55.1246925, -3.2623903 55.1226751, -3.2600033 55.1196169, -3.2580993 55.1171709, -3.2567763 55.1154774, -3.2550822 55.1131914, -3.2525762 55.1099562, -3.2508472 55.1077299, -3.2489851 55.1053272, -3.2471371 55.1029805, -3.2452401 55.1005175, -3.2437071 55.0985389, -3.2419839 55.0964514, -3.238499 55.0944694, -3.2349849 55.0925026, -3.2323291 55.0910288, -3.2274388 55.0900149, -3.2219928 55.0888812, -3.2171137 55.0878556, -3.2125216 55.0868941, -3.2076286 55.0858724, -3.2035895 55.085011, -3.1986474 55.0839773, -3.1933333 55.0828777, -3.1873633 55.0825789, -3.1840102 55.0824066, -3.1793412 55.0821502, -3.1743711 55.0818978, -3.169751 55.0816614, -3.1648346 55.0814152, -3.1596639 55.0809642, -3.1562268 55.0806596, -3.1510231 55.0802197, -3.1467627 55.0782874, -3.1424016 55.0763679, -3.1381106 55.0744523, -3.1337775 55.0725125, -3.1303125 55.0709695, -3.1262174 55.0691538, -3.1235504 55.0679605, -3.1187936 55.0658574, -3.114903 55.0641256, -3.1107402 55.0622632, -3.1069615 55.060584, -3.1027859 55.0589096, -3.0976727 55.0568458, -3.0939739 55.0553685, -3.0896969 55.0536464, -3.0858678 55.0521046, -3.0817728 55.0504485, -3.0782097 55.0490129, -3.0748287 55.0476614, -3.0705936 55.045949, -3.0665504 55.0443293, -3.0626005 55.0427099, -3.0591158 55.0412845, -3.0551961 55.0396973, -3.0546801949084497 55.03829203807471, -3.0504441021355966 55.03199063013473)",False
way/143383456-400,way/284874050-400,400.0,3574.952866822164,26765.53,Al/St 240/40 4-bundle 380.0,"LINESTRING (-3.86734219678289 55.615328609990875, -3.8573810493912704 55.616186295427454, -3.8565072 55.6161551, -3.8530332 55.6138123, -3.8492336 55.612105, -3.8439802 55.6096774, -3.8398463 55.6078003, -3.8354418 55.6057901, -3.8311352 55.6038526, -3.828045 55.6024783, -3.8241475 55.6007172, -3.8191984 55.6001104, -3.814277 55.5994958, -3.8099064 55.5989901, -3.8062991 55.597203, -3.8023447 55.5952614, -3.7998617 55.5939464, -3.8004807 55.5917811, -3.8013259 55.5885187, -3.8022238 55.5853665, -3.8031468 55.5820985, -3.8025692 55.5793932, -3.8020166 55.5767381, -3.8014122 55.5737607, -3.8008078 55.5708709, -3.8004393 55.5688305, -3.8011014 55.5660769, -3.8018562 55.5630157, -3.8004798 55.560169, -3.7987246 55.5570364, -3.7977341 55.5539379, -3.7967364 55.5512127, -3.7958838 55.5487413, -3.795033 55.5464026, -3.7962663 55.5432021, -3.7974751 55.5400463, -3.7986885 55.536882, -3.7974406 55.5340465, -3.7961525 55.5312109, -3.7918284 55.5295119, -3.7878568 55.5279384, -3.7839196 55.5262963, -3.7794472 55.5245369, -3.7746985 55.5226601, -3.7702433 55.5208615, -3.7659953 55.5191409, -3.7617048 55.5173419, -3.7601596 55.5143995, -3.7587554 55.511634, -3.757339 55.5087785, -3.7557028 55.5056668, -3.7543109 55.5028661, -3.7529799 55.5002381, -3.7519219 55.4981149, -3.7482692 55.4946498, -3.7464255 55.4927061, -3.7429333 55.4892819, -3.7398557 55.4864429, -3.7354727 55.4853108, -3.7313701 55.4843768, -3.7240072 55.4826678, -3.7190986 55.4815261, -3.7149593 55.4805367, -3.7098211 55.479314, -3.705787 55.4761925, -3.7036891 55.4733328, -3.7014057 55.4701699, -3.6995419 55.4678005, -3.6971077 55.4674083, -3.6914054 55.4665846, -3.6877667 55.4660862, -3.6832611 55.4654062, -3.6808801 55.4627496, -3.6786089 55.4601051, -3.6761438 55.4573477, -3.6743134 55.4552229, -3.6712915 55.4517858, -3.6693229 55.4494943, -3.6671126 55.4471046, -3.6651302 55.4446814, -3.6653132 55.4417518, -3.6654232413709056 55.441670936923636, -3.672311398461351 55.43735367882536)",False
relation/7894974-400,way/143383456-400,400.0,3574.952866822164,21826.38,Al/St 240/40 4-bundle 380.0,"LINESTRING (-4.079846271169726 55.751913432931474, -4.07953353486641 55.74592503932598, -4.0793938 55.7447651, -4.0789186 55.7413799, -4.0784863 55.7385614, -4.0758708 55.7361955, -4.073237 55.73384, -4.0710587 55.7317914, -4.0682083 55.729286, -4.0656311 55.7269627, -4.0618586 55.7251622, -4.058174 55.7234525, -4.0543503 55.7216122, -4.0504231 55.719762, -4.0469007 55.7181043, -4.0431697 55.7162507, -4.0396472 55.7146059, -4.0358235 55.7127522, -4.0322316 55.7110681, -4.0285792 55.7092734, -4.0243618 55.7072594, -4.0209646 55.705637, -4.0170304 55.7037581, -4.0161489 55.7006746, -4.0154768 55.6976187, -4.0147584 55.6946801, -4.0140486 55.6915923, -4.0134906 55.6887669, -4.0128418 55.6852593, -4.0123435 55.6826334, -4.0117874 55.6798433, -4.0087747 55.6771653, -4.0063531 55.6749374, -4.0034911 55.6722977, -4.0008956 55.6699257, -3.9984971 55.6676908, -3.9958205 55.6652074, -3.9933177 55.6629069, -3.9906991 55.6605148, -3.988092 55.6581421, -3.9855126 55.6557946, -3.9815801 55.6543703, -3.9774204 55.6528275, -3.9734461 55.6513631, -3.9694949 55.6499182, -3.9658103 55.6485845, -3.9621025 55.6472572, -3.9580818 55.6457926, -3.9542103 55.6443336, -3.9502284 55.6429002, -3.9465906 55.6415685, -3.9433297 55.6392287, -3.9399377 55.6367963, -3.934948 55.6333, -3.9316653 55.6309381, -3.9289943 55.6290695, -3.926225 55.627099, -3.9237343 55.6253227, -3.920829 55.623334, -3.915115 55.622362, -3.9103466 55.6215663, -3.9061788 55.6208651, -3.9000958 55.6205947, -3.8946647 55.6197527, -3.8914038 55.619216, -3.8842594 55.6180963, -3.8799661 55.6174069, -3.876822234783535 55.616896586217976, -3.86734219678289 55.615328609990875)",False
way/1274943512-400,relation/7894974-400,400.0,3574.952866822164,11604.85,Al/St 240/40 4-bundle 380.0,"LINESTRING (-4.079846271169726 55.751913432931474, -4.075318506870579 55.7469584761274, -4.0751637 55.7468093, -4.0697536 55.7454386, -4.0654131 55.7443633, -4.0604304 55.743141, -4.0553046 55.7418566, -4.0503682 55.7406169, -4.0448936 55.7409854, -4.0395474 55.7413504, -4.0344581 55.7416775, -4.0295156 55.7420115, -4.0249646 55.7423008, -4.0195205 55.7426554, -4.0134953 55.7430548, -4.0104124 55.7452171, -4.0080451 55.7469145, -4.0032555 55.7503229, -3.9996322 55.7529306, -3.9972349 55.7558882, -3.9948386 55.7589305, -3.9921496 55.7623247, -3.9891771 55.7628664, -3.9858552 55.7635039, -3.9825074 55.764122, -3.9788049 55.7648131, -3.9707858 55.7663218, -3.9673601 55.7669545, -3.9643064 55.767519, -3.9615488 55.7680357, -3.9580347 55.7665165, -3.9540467 55.7647304, -3.950872 55.7632947, -3.9469719 55.7615784, -3.9422424 55.7617743, -3.9389115 55.7617038, -3.938909484648905 55.761704185767236, -3.9289770169857947 55.764466124308115)",False
way/91010711-400,way/814351697-400,400.0,3574.952866822164,17798.51,Al/St 240/40 4-bundle 380.0,"LINESTRING (0.3924175493003255 51.405016292721804, 0.3945288068525658 51.409736032473084, 0.3955397 51.4112543, 0.3998024 51.4127506, 0.4040504 51.4141914, 0.4082582 51.4156279, 0.4116885 51.4168372, 0.416511 51.4185267, 0.4212283 51.4201933, 0.423211 51.4226341, 0.4256371 51.4254872, 0.4278507 51.4282801, 0.4304416 51.4313933, 0.4329895 51.4345408, 0.4353683 51.4373415, 0.4410143 51.4381993, 0.4460193 51.4389951, 0.4508312 51.4405969, 0.4560079 51.4423824, 0.4608252 51.4440408, 0.4657926 51.4442414, 0.4715272 51.4444889, 0.4755925 51.4426794, 0.4816765 51.4431313, 0.4863663 51.4434022, 0.4922873 51.4438168, 0.4977965 51.4441931, 0.5035095 51.4445524, 0.5075435 51.4448199, 0.5123875 51.4447764, 0.5171941 51.4447196, 0.5236957 51.4446593, 0.5283574 51.4445658, 0.5345479 51.4444988, 0.5396924 51.4444387, 0.5435494 51.4444187, 0.5502764 51.444325, 0.5548952 51.4442883, 0.5583499 51.4428238, 0.562223 51.4412155, 0.5657742 51.4397342, 0.5690909 51.4383204, 0.5723403 51.4369386, 0.5748508 51.4341229, 0.5777905 51.4308855, 0.580521 51.427872, 0.5834339 51.4246409, 0.5857069619793392 51.42212497651099, 0.5985499673809743 51.418553253535215)",False
way/88389243-400,way/20851038-400,400.0,3574.952866822164,41279.33,Al/St 240/40 4-bundle 380.0,"LINESTRING (-1.0398808866930138 50.91705623412613, -1.0400570733600822 50.92304269893718, -1.0400832 50.9231515, -1.0408197 50.9262039, -1.0394464 50.9284545, -1.0369401 50.9329228, -1.0356698 50.9350486, -1.0339875 50.9378666, -1.0323396 50.940771, -1.0296617 50.9429127, -1.0263572 50.945541, -1.0227866 50.9484124, -1.0196109 50.9510188, -1.0165434 50.9535561, -1.0137539 50.9558134, -1.0103508 50.9584837, -1.0074239 50.9608143, -1.0046529 50.9630817, -1.0035371 50.9658656, -1.00276 50.9679254, -1.0019089 50.9701502, -1.0034866 50.9716788, -1.0069435 50.9750198, -1.009711 50.9776175, -1.0132377 50.9809657, -1.0160221 50.983664, -1.0196256 50.9870532, -1.0222868 50.989608, -1.020387 50.9923553, -1.018639 50.9949213, -1.0156429 50.9993113, -1.0131163 51.001202, -1.0127829 51.0033366, -1.0126541 51.0041614, -1.0118984 51.0082938, -1.011387 51.0112387, -1.0108801 51.0145581, -1.0082892 51.0190104, -1.0069091 51.0212806, -1.0061257 51.02277, -1.0041532 51.0260932, -1.0026335 51.0286294, -1.0010092 51.0314815, -0.9988039 51.0351564, -0.9982134 51.038337, -0.997723 51.0410343, -0.9974934 51.0422973, -0.9968903 51.0454872, -0.9962122 51.0489525, -0.9956657 51.0517509, -0.9977512 51.0545625, -0.9996723 51.057096, -1.0019877 51.0600768, -1.0017892 51.0628572, -1.0015143 51.0667792, -1.0013941 51.0691421, -1.0012116 51.0723644, -0.9985275 51.07462, -0.9943238 51.078149, -0.9916455 51.0803736, -0.9892767 51.0822842, -0.9869128 51.084319, -0.9863191 51.0875203, -0.985626 51.0907568, -0.9842025 51.0924003, -0.9828633 51.0930313, -0.9787121 51.0951124, -0.9756183 51.0992645, -0.9740395 51.101312, -0.9724436 51.1034683, -0.9695793 51.1069552, -0.9678958 51.109469, -0.9662077 51.1119881, -0.9644343 51.1146839, -0.9621094 51.1180985, -0.9600931 51.1210572, -0.958085 51.1239829, -0.9560857 51.1269094, -0.9539329 51.1300791, -0.9520202 51.1330191, -0.9501147 51.1357629, -0.9476963 51.1381443, -0.9465358 51.139287, -0.9431265 51.1421504, -0.9397285 51.1450197, -0.9363938 51.1478056, -0.9335846 51.1502035, -0.930906 51.1524119, -0.9279887 51.1547886, -0.9252596 51.1570661, -0.9223857 51.1594821, -0.9189148 51.1623949, -0.9157013 51.1651151, -0.9129331 51.1674217, -0.9114224 51.1709217, -0.9101467 51.1739943, -0.9085339 51.1778773, -0.9073187 51.1805165, -0.9059053 51.1837049, -0.9036775 51.1869947, -0.9017476 51.1897262, -0.8996388 51.1927525, -0.8971422 51.1963435, -0.8950717 51.1992529, -0.891373 51.2026471, -0.8886161 51.2052341, -0.8861598 51.2074973, -0.8827227 51.2106891, -0.8815273 51.2118277, -0.8800833 51.2131758, -0.8821153 51.2161841, -0.8834497 51.2181637, -0.8831219 51.222236, -0.8827846 51.2253405, -0.8825712 51.2277995, -0.8823026 51.2305228, -0.8820552 51.2337786, -0.8818197 51.2362833, -0.8816279 51.2387261, -0.8814007 51.2411355, -0.8811253 51.2445835, -0.8813579901485389 51.2449693862338, -0.8818121133886603 51.250867526812314)",False
way/102198808-400,way/97551523-400,400.0,3574.952866822164,34297.06,Al/St 240/40 4-bundle 380.0,"LINESTRING (-2.416744037747287 55.948838025084804, -2.412024496537729 55.94474670712881, -2.4107108 55.9435552, -2.4081254 55.9412278, -2.4054289 55.9387759, -2.4035043 55.9370422, -2.403002 55.9343249, -2.4023358 55.9313928, -2.4017331 55.9284427, -2.4009717 55.924968, -2.4003576 55.9219216, -2.4002738 55.9183822, -2.4001945 55.9151199, -2.4001152 55.9115907, -2.3999883 55.9084168, -2.3998931 55.9045403, -2.3997503 55.9017037, -2.399671 55.8996584, -2.3995917 55.8975152, -2.3995434 55.8950629, -2.397498 55.8919565, -2.3960704 55.8898217, -2.3945001 55.887331, -2.392898 55.884858, -2.3910715 55.8820409, -2.3908202 55.8795288, -2.3906298 55.8768505, -2.3903919 55.874359, -2.3902491 55.8723034, -2.3898613 55.8687919, -2.386712 55.8665542, -2.3831431 55.8640353, -2.3793838 55.8614806, -2.3765921 55.8594599, -2.3724998 55.8565666, -2.3695019 55.8544655, -2.3662344 55.8521863, -2.3641089 55.8506993, -2.3618883 55.8491767, -2.3591759 55.8472444, -2.3557973 55.8448756, -2.3527611 55.8426639, -2.3528946 55.8407968, -2.3531643 55.8380624, -2.3535608 55.8343392, -2.3538146 55.8315866, -2.3540594 55.8294508, -2.3592393 55.8274617, -2.3640056 55.8258341, -2.3654572 55.8217059, -2.3662721 55.8192315, -2.365251 55.8172325, -2.3639027 55.8147282, -2.3627953 55.8125658, -2.36008 55.8105392, -2.3577483 55.8088724, -2.3544491 55.8064211, -2.3501823 55.8033366, -2.3470839 55.800991, -2.3412652 55.7983274, -2.33787 55.7968074, -2.3356547 55.7942533, -2.3327045 55.7906863, -2.3306243 55.7882225, -2.327819 55.7856832, -2.3264073 55.7844166, -2.324793 55.7830395, -2.3231715 55.7809112, -2.3209862 55.7781163, -2.3210778 55.775657, -2.3212522 55.772124, -2.3213791 55.7699559, -2.3214267 55.7672166, -2.3215404 55.7635048, -2.3216594 55.7603661, -2.3217564 55.7578091, -2.3190938 55.7544587, -2.3162716 55.7516069, -2.3133689 55.7487681, -2.3113545 55.7467683, -2.3088166 55.7442417, -2.306441 55.7418859, -2.3068339 55.738411, -2.3071353 55.7356159, -2.3075318 55.7320168, -2.3078713 55.7289117, -2.309229 55.726872, -2.3114497 55.7236741, -2.3130358 55.7213425, -2.3149551 55.7184926, -2.3167158 55.7158926, -2.3187461 55.7128278, -2.3206971 55.7099415, -2.3229006 55.7067151, -2.3214109 55.7039448, -2.3198247 55.7009685, -2.3182544 55.6981439, -2.3163034 55.6946218, -2.314511 55.691296, -2.3132405 55.6890681, -2.3149159 55.6864877, -2.3170806 55.6833262, -2.3189761 55.6803542, -2.320238 55.6785009, -2.325969243309618 55.67621552387125, -2.3305413520062226 55.67025135431451)",False
way/1274396508-400,way/280317944-400,400.0,3574.952866822164,29413.05,Al/St 240/40 4-bundle 380.0,"LINESTRING (-3.474012351706981 53.2500991677194, -3.468053291271286 53.24380304046773, -3.4666897 53.2434221, -3.4623472 53.2422067, -3.4580149 53.2409695, -3.4524145 53.2393998, -3.4471648 53.240981, -3.4423579 53.242468, -3.4369774 53.2441373, -3.4323211 53.244561, -3.4269796 53.2450749, -3.4233028 53.2456719, -3.4196073 53.2453227, -3.4142493 53.2447975, -3.409527 53.2443449, -3.4037935 53.2449057, -3.3981775 53.2454732, -3.39637 53.2457598, -3.3957442 53.2458591, -3.3939369 53.2461457, -3.3894099 53.246885, -3.3848099 53.2476319, -3.38024 53.2483631, -3.3771388 53.249535, -3.370952 53.2485104, -3.3678366 53.2479769, -3.3623459 53.2484337, -3.3579894 53.2488125, -3.3519411 53.2493498, -3.3469516 53.2497824, -3.3427169 53.2501493, -3.3387146 53.2512984, -3.3343629 53.2525854, -3.3290951 53.254115, -3.3239077 53.2556307, -3.3186361 53.2571564, -3.3132599 53.2580251, -3.3088047 53.2587481, -3.3037863 53.2595307, -3.2995162 53.2602139, -3.294023 53.2611124, -3.2881088 53.2620609, -3.2836146 53.261953, -3.2795794 53.2618485, -3.2725482 53.2616704, -3.2674976 53.2615116, -3.2626128 53.2600085, -3.2574822 53.2584333, -3.252761 53.2569853, -3.2493004 53.2559192, -3.2455716 53.2547629, -3.2413461 53.2534407, -3.2370245 53.2521065, -3.233884 53.2511196, -3.2308236 53.2496811, -3.2273394 53.2480961, -3.2235832 53.2463368, -3.2188502 53.2441148, -3.2133855 53.2439954, -3.209654 53.2438827, -3.2054799 53.2453693, -3.2019212 53.2466096, -3.1984924 53.247794, -3.1940022 53.2493235, -3.1893963 53.248792, -3.1849455 53.2482624, -3.1779514 53.2474686, -3.1734233 53.2469145, -3.1689606 53.2453118, -3.1641407 53.243589, -3.1602263 53.2422092, -3.1555335 53.240571, -3.1516196 53.2392136, -3.1467548 53.2375376, -3.1419722 53.2353506, -3.1404961 53.2337946, -3.133711 53.2329428, -3.1280467 53.23278, -3.1224141 53.2326063, -3.1169531 53.2324788, -3.1109557 53.2333846, -3.108863 53.2355824, -3.1068946 53.2376297, -3.1043038 53.2380074, -3.0989256 53.2365283, -3.0933253 53.2350069, -3.0891826 53.2331046, -3.0873561484787957 53.2324869999135, -3.0742279809374113 53.22972662832484)",False
way/280317944-400,way/98899051-400,400.0,3574.952866822164,50075.45,Al/St 240/40 4-bundle 380.0,"LINESTRING (-4.158252803363987 53.187491046335566, -4.148687290413209 53.18908396512326, -4.1485681 53.1891004, -4.143856 53.1897687, -4.1389104 53.1904996, -4.1322694 53.1914437, -4.1282288 53.1939017, -4.1241175 53.1965251, -4.1212454 53.1983167, -4.1176501 53.2005606, -4.1122498 53.201336, -4.1080017 53.2019337, -4.1045685 53.2024478, -4.1002233 53.2023321, -4.0951595 53.2022185, -4.089355 53.2020686, -4.0846879 53.2019722, -4.0796449 53.2018575, -4.0759143 53.2026352, -4.0717837 53.2035413, -4.0667326 53.2046225, -4.0635338 53.2053338, -4.0599187 53.2075935, -4.0575052 53.2090977, -4.054786 53.2109016, -4.0498848 53.2120537, -4.0457861 53.213059, -4.0420364 53.2139776, -4.0393968 53.2146008, -4.0334592 53.2164639, -4.0289896 53.2178393, -4.0249432 53.2190978, -4.0203652 53.2205409, -4.0166182 53.2216697, -4.0115913 53.222633, -4.0086436 53.22317, -3.998481 53.2251799, -3.9904987 53.2267009, -3.9873123 53.2277992, -3.9830207 53.2293663, -3.9778816 53.2311838, -3.9733004 53.2314407, -3.9684724 53.2317297, -3.9639127 53.231948, -3.9603561 53.2321534, -3.9558446 53.2318162, -3.9509308 53.2314566, -3.9442789 53.230946, -3.9389788 53.2305575, -3.9334041 53.2301437, -3.9276599 53.229729, -3.9254981 53.2284573, -3.9222901 53.2265787, -3.9200639 53.2252365, -3.9169531 53.2235265, -3.9120173 53.2222753, -3.9071137 53.2212041, -3.9023915 53.2201392, -3.8980167 53.21916, -3.8930512 53.2179562, -3.8875352 53.2166816, -3.8831 53.2157337, -3.8751974 53.2159025, -3.8668719 53.2161332, -3.8600305 53.2163085, -3.8567065 53.2163961, -3.8514856 53.2165546, -3.8493126 53.2166092, -3.8459937 53.2143154, -3.8434334 53.2125545, -3.8417011 53.2113574, -3.8388284 53.2093641, -3.8386535 53.2092428, -3.8352898 53.2069312, -3.8317937 53.2045144, -3.8290292 53.202619, -3.8232357 53.2002591, -3.8212514 53.2004085, -3.8150603 53.2008378, -3.8109702 53.2011214, -3.8083232 53.201037, -3.8038802 53.2008954, -3.7989911 53.2022797, -3.7938662 53.2038428, -3.7888401 53.2052504, -3.7860737 53.2056203, -3.7780448 53.2067223, -3.7756773 53.2070614, -3.7725764 53.2074852, -3.7682403 53.2080786, -3.7632865 53.208749, -3.7596452 53.2092653, -3.7572906 53.2095658, -3.7521567 53.2102825, -3.7486579 53.2107493, -3.7436368 53.211439, -3.7410397 53.2135265, -3.7369672 53.2168129, -3.7347453 53.2185712, -3.7299989 53.2197292, -3.7258581 53.2207255, -3.7227173 53.2215005, -3.719579 53.2223102, -3.7133187 53.2238447, -3.7098737 53.2246952, -3.7074418 53.2246982, -3.7050406 53.224709, -3.7004122 53.2247297, -3.6957521 53.2247061, -3.6921136 53.2247286, -3.6874456 53.2247691, -3.682575 53.2248322, -3.678086 53.2248164, -3.674874 53.2248401, -3.6674627 53.2248637, -3.6637768 53.2248795, -3.6584203 53.2248628, -3.6519057 53.2249263, -3.6484335 53.2261105, -3.645277 53.2269672, -3.6418889 53.2280002, -3.6393847 53.228882, -3.6365648 53.2297512, -3.6332189 53.2309353, -3.6303148 53.2318297, -3.6232231 53.2342229, -3.6189512 53.2355706, -3.6153948 53.2367294, -3.6123013 53.2385808, -3.6090395 53.2406336, -3.6052306 53.242976, -3.6014909 53.2451752, -3.5968749 53.2467624, -3.5934646 53.2478343, -3.5892792 53.2492771, -3.5833709 53.2512216, -3.5790654 53.2526469, -3.5737922 53.2517499, -3.5691267 53.2510095, -3.5667101 53.2511067, -3.5578459 53.2492204, -3.5532502 53.2485034, -3.548485 53.2477757, -3.5427306 53.2477603, -3.5370565 53.2477312, -3.532499 53.2477134, -3.5268444 53.247707, -3.5226655 53.2483008, -3.5160297 53.2492288, -3.5126503 53.2497099, -3.5088999 53.2501766, -3.5044415 53.2507919, -3.4993858 53.2514865, -3.4946946 53.250419, -3.490166 53.2493431, -3.4875325492802705 53.2487497728182, -3.474012351706981 53.2500991677194)",False
GB54-400,way/1274396508-400,400.0,3574.952866822164,14502.72,Al/St 240/40 4-bundle 380.0,"LINESTRING (-3.147946900000001 53.116749795179075, -3.145396361243755 53.12095665852311, -3.1445017 53.1224007, -3.1437242 53.1249658, -3.1425403 53.1287991, -3.1416221 53.1318093, -3.1398822 53.1338169, -3.1373125 53.1367447, -3.1351635 53.1392082, -3.1327488 53.1419956, -3.1324762 53.145566, -3.1322384 53.148968, -3.1320825 53.1515126, -3.1298275 53.1543501, -3.127957 53.156766, -3.1259323 53.1593555, -3.1237601 53.1621672, -3.1218288 53.1646284, -3.1206642 53.1661213, -3.120538 53.1662831, -3.1205216 53.1663041, -3.1198858 53.1671191, -3.1198493 53.1671659, -3.1197285 53.1673203, -3.1196302 53.1674458, -3.1186825 53.1686569, -3.1179032 53.1696526, -3.1153564 53.1729447, -3.1133253 53.175553, -3.1105359 53.1790832, -3.1102362 53.1824272, -3.1099644 53.1860909, -3.109709 53.1889152, -3.1094184 53.192424, -3.1090369 53.1952177, -3.1086472 53.1981663, -3.1081359 53.2019413, -3.1062217 53.2046406, -3.1039847 53.2078079, -3.1021175 53.2104608, -3.1001152 53.2132677, -3.0983865 53.2157478, -3.0969357 53.2186731, -3.0956231 53.2212846, -3.094078 53.2243767, -3.0927991 53.2269074, -3.0913939 53.2296782, -3.0885137 53.2304334, -3.087719726703304 53.230649232835766, -3.0742279809374113 53.22972662832484)",False
way/16582436-400,way/1275300370-400,400.0,3574.952866822164,8597.17,Al/St 240/40 4-bundle 380.0,"LINESTRING (0.2377446512444168 51.463718492750935, 0.2491997035917955 51.45244305012283, 0.248148 51.451232, 0.2507164 51.4484319, 0.2539459 51.4449042, 0.2584582 51.4421739, 0.2605597 51.4393111, 0.2625813 51.4371476, 0.2663042 51.4364496, 0.2719766 51.4354166, 0.2766828 51.4346926, 0.2814042 51.4340096, 0.2872228 51.4329089, 0.2930956 51.4315771, 0.2965209 51.4313052, 0.3001123 51.431164, 0.3036285 51.4310052, 0.309845 51.4308449, 0.3106798 51.430857, 0.311739 51.4308349, 0.3117916 51.4294612, 0.3118984134046017 51.427950362210126, 0.3298580196679714 51.428263609336014)",False
way/90099036-400,way/23988786-400,400.0,3574.952866822164,40021.93,Al/St 240/40 4-bundle 380.0,"LINESTRING (-1.8951223449162944 50.84686403850571, -1.8942845770742656 50.852966835095714, -1.8939075 50.8539786, -1.8926629 50.8570315, -1.8916437 50.8597134, -1.8873736 50.8607445, -1.8834469 50.8616614, -1.8784902 50.8628018, -1.8732223 50.8635155, -1.868802 50.8640948, -1.864135 50.8647195, -1.8592601 50.8653452, -1.8577795 50.8676673, -1.8560065 50.8704586, -1.8545056 50.8728279, -1.852344 50.8752068, -1.8516638 50.8784108, -1.851027 50.8815017, -1.8505313 50.8839159, -1.8503663 50.8847192, -1.8497976 50.8874895, -1.8492181 50.8902013, -1.8470335 50.8930939, -1.8448225 50.8958589, -1.8429343 50.898455, -1.8442856 50.9015753, -1.8458305 50.9052255, -1.8471158 50.9085501, -1.8484988 50.9121977, -1.8477907 50.915777, -1.8471566 50.9186448, -1.8466154 50.9211853, -1.8458565 50.9245328, -1.8450618 50.9280378, -1.8418903 50.9298242, -1.8365938 50.9327662, -1.8335001 50.9344728, -1.8295254 50.9366875, -1.8246194 50.9378566, -1.819689 50.9390538, -1.8163163 50.9408548, -1.8132992 50.9424857, -1.80906 50.9447823, -1.8044022 50.9472909, -1.8007608 50.9492343, -1.7957288 50.9497324, -1.7906658 50.9502361, -1.7856998 50.9507219, -1.7811799 50.9511787, -1.77668 50.951627, -1.7721459 50.9520994, -1.7676629 50.9525346, -1.7645499 50.9554402, -1.7613663 50.9586186, -1.7582792 50.9615102, -1.7529734 50.9617591, -1.7480365 50.9619728, -1.744451 50.9621068, -1.7398887 50.9616887, -1.7349829 50.9612386, -1.7313577 50.9611937, -1.725296 50.9610877, -1.7205365 50.9610137, -1.7162517 50.9610434, -1.7113137 50.9609996, -1.7065662 50.9609343, -1.7021574 50.9608924, -1.6972155 50.9604322, -1.6927584 50.9600367, -1.6866604 50.9602043, -1.6859737 50.9602261, -1.6814857 50.9603688, -1.6765684 50.9605232, -1.671488 50.9606618, -1.6659852 50.9608383, -1.6599279 50.9610221, -1.6545316 50.9611719, -1.649194 50.9613169, -1.6444846 50.9614438, -1.6393339 50.9621187, -1.63377 50.9628601, -1.6287454 50.9633576, -1.6236961 50.9638751, -1.6192281 50.9643107, -1.6144117 50.9647006, -1.6105062 50.96701, -1.606906 50.9691387, -1.6028677 50.9715205, -1.5984919 50.9741037, -1.5947316 50.9762779, -1.5893211 50.9770603, -1.5842143 50.977807, -1.5801261 50.9783605, -1.5756386 50.9781946, -1.5711211 50.9780311, -1.5708929 50.9780224, -1.5652234 50.9778057, -1.5613371 50.9776412, -1.5579963 50.9756056, -1.5570406 50.9750126, -1.553735 50.9729618, -1.5510986 50.9698133, -1.5489623 50.9673408, -1.5469907 50.9650615, -1.5436499 50.9612504, -1.5415817 50.958867, -1.5391499 50.9559824, -1.537183 50.9536934, -1.5336919 50.9521935, -1.5302852 50.950646, -1.5267559 50.9490451, -1.5261146 50.9487547, -1.5227859 50.9472475, -1.5192954 50.945681, -1.5144524 50.9455075, -1.5086133 50.9453187, -1.5034464 50.945135, -1.4989355 50.9443849, -1.4968283 50.9440494, -1.4966552398746058 50.94402184850304, -1.4872019218586756 50.941759033289486)",False
way/90099036-400,way/49922626-400,400.0,3574.952866822164,54055.47,Al/St 240/40 4-bundle 380.0,"LINESTRING (-2.4876735460048263 50.62413966633166, -2.4877161441553675 50.62971720318775, -2.4875916 50.6332682, -2.4874993 50.6358995, -2.4873613 50.6396649, -2.4872992 50.6416028, -2.4871784 50.6430849, -2.4847061 50.6449242, -2.4824812 50.6465696, -2.4813699 50.6473914, -2.4760111 50.6469504, -2.4705386 50.6465242, -2.4676797 50.6462428, -2.4644485 50.648453, -2.4593074 50.6517278, -2.4560859 50.6525836, -2.4524928 50.6534847, -2.4495537 50.6542071, -2.445107 50.6554155, -2.440791 50.656483, -2.4372569 50.6573137, -2.4336143 50.6588348, -2.4310503 50.6599055, -2.427006 50.6618038, -2.4229716 50.6626886, -2.4185538 50.6635548, -2.4138843 50.6644704, -2.4089997 50.6654282, -2.405694 50.6660807, -2.4004632 50.6671133, -2.3974223 50.6675416, -2.3936479 50.6680555, -2.3894225 50.6685834, -2.3849961 50.6691557, -2.3808363 50.6697086, -2.3764361 50.6702929, -2.3737964 50.6707088, -2.3707187 50.673647, -2.3675461 50.675549, -2.3636552 50.6778824, -2.3611061 50.679411, -2.3613588 50.6819935, -2.3614557 50.6838649, -2.3617966 50.6875458, -2.3581849 50.6899799, -2.3558072 50.6916569, -2.351863 50.694312, -2.3476263 50.6972796, -2.3440789 50.6996232, -2.3409052 50.701832, -2.337311 50.7039785, -2.3342654 50.7058033, -2.3305017 50.7080517, -2.3272506 50.7099573, -2.3237419 50.712068, -2.320125 50.7142176, -2.3159598 50.7166924, -2.3120902 50.7190113, -2.3106703 50.7198435, -2.3077176 50.7215742, -2.3033433 50.7216383, -2.2980634 50.7217034, -2.2937183 50.7227605, -2.2889708 50.7239013, -2.2838951 50.725168, -2.2783525 50.7265167, -2.2753564 50.727254, -2.2712853 50.7282612, -2.2654735 50.7280283, -2.2600156 50.7277828, -2.2553389 50.7275956, -2.2491341 50.7274451, -2.2443646 50.7272694, -2.2382821 50.7270099, -2.2335282 50.7268257, -2.228968 50.7267066, -2.223143 50.7263983, -2.2184713 50.7262719, -2.2129142 50.7260606, -2.2074845 50.7258553, -2.2034864 50.7256988, -2.1983623 50.7255159, -2.193874 50.725353, -2.1883167 50.7251373, -2.183203 50.7265007, -2.177757 50.7278248, -2.1720824 50.7278304, -2.1662868 50.7277681, -2.1606836 50.7276804, -2.1554555 50.7277071, -2.1500587 50.7276944, -2.1441005 50.7276412, -2.1386357 50.7276461, -2.1336244 50.729723, -2.129126 50.731617, -2.1265746 50.7346462, -2.1237192 50.7379283, -2.1218321 50.7401275, -2.1188805 50.7435234, -2.116372 50.7464461, -2.1152432 50.7477426, -2.1143256 50.7487965, -2.1141147 50.7490177, -2.1114132 50.752138, -2.1088157 50.75504, -2.106143 50.7579712, -2.104182 50.760052, -2.1015462 50.7627832, -2.0989018 50.7649456, -2.0955238 50.7677, -2.0907924 50.7695796, -2.0864686 50.7712081, -2.0815227 50.7731825, -2.0779724 50.7747207, -2.0748171 50.7773618, -2.0725748 50.7795123, -2.0691201 50.7828092, -2.0661661 50.7855751, -2.06323 50.7883509, -2.0580375 50.7903086, -2.054603 50.7916135, -2.0511171 50.7929086, -2.0465466 50.7947329, -2.0425126 50.7963537, -2.0385 50.7978863, -2.0342621 50.7995273, -2.030271 50.8011276, -2.0253036 50.8030126, -2.0203039 50.8030398, -2.0154116 50.8031618, -2.0099486 50.8033648, -2.0068607 50.8073723, -2.0048329 50.8097994, -2.0016222 50.8124538, -1.9986102 50.8148702, -1.9952843 50.8175342, -1.993278 50.8191339, -1.9899416 50.8219059, -1.9869122 50.824295, -1.9844052 50.826264, -1.9810149 50.8290696, -1.9780323 50.8314956, -1.9746849 50.8334878, -1.9701251 50.8360966, -1.9671236 50.8378937, -1.9633982 50.8401279, -1.9589672 50.842743, -1.9538924 50.8437796, -1.9494721 50.8446535, -1.9437322 50.8458796, -1.9413933 50.8463132, -1.9355032 50.8474106, -1.9308147 50.8483657, -1.9255254 50.8485283, -1.9195923 50.8487383, -1.914303 50.8489618, -1.9101295 50.8490838, -1.9046798 50.8492463, -1.904608691910703 50.84924865789528, -1.8951223449162944 50.84686403850571)",False
way/701436399-400,way/257311344-400,400.0,3574.952866822164,3031.02,Al/St 240/40 4-bundle 380.0,"LINESTRING (-0.2605508841834119 53.65684661866778, -0.2471194098252208 53.65637575054386, -0.2460598 53.6552597, -0.2472159 53.651662, -0.2452096 53.6485475, -0.2431874 53.6454196, -0.2418284391820102 53.64334438611045, -0.2384168750483371 53.63835871241388)",False
GB35-400,relation/7881280-400,400.0,3574.952866822164,36215.92,Al/St 240/40 4-bundle 380.0,"LINESTRING (-0.7560371087940547 53.5980610737722, -0.7466538110339956 53.60146158417289, -0.7444612 53.60363, -0.7418594 53.6062332, -0.7392066 53.6088666, -0.7365537 53.6115301, -0.7339009 53.6141631, -0.7315542 53.6165236, -0.7287993 53.6192774, -0.7261464 53.6218796, -0.7238507 53.6242397, -0.7211979 53.6268417, -0.7205347 53.6288082, -0.7195143 53.6319544, -0.718494 53.6348887, -0.7175757 53.6376715, -0.7167085 53.6401819, -0.7158922 53.6426317, -0.7147698 53.6458979, -0.7138515 53.64868, -0.7128822 53.6514921, -0.7100253 53.6539412, -0.7069133 53.6566018, -0.7041585 53.6589297, -0.7016587 53.6620133, -0.7002812 53.6637061, -0.6977304 53.6668195, -0.6934961 53.6671822, -0.6840071 53.6679378, -0.6779872 53.6684517, -0.6721203 53.6689353, -0.667988 53.6692979, -0.6634476 53.6696606, -0.658397 53.6700838, -0.6532954 53.6705069, -0.6482958 53.6708998, -0.642633 53.6713834, -0.6366131 53.6718669, -0.6308993 53.6715647, -0.6249814 53.6712625, -0.6207981 53.6715949, -0.6146761 53.6713834, -0.6097786 53.6712323, -0.6044729 53.6710509, -0.598504 53.6708696, -0.5924331 53.670658, -0.5865152 53.6704767, -0.5806484 53.6702953, -0.5759039 53.6697815, -0.5709043 53.6692073, -0.5662618 53.6686935, -0.5610072 53.6681494, -0.5567728 53.6676356, -0.5521303 53.667152, -0.5474369 53.6666079, -0.5428454 53.6660941, -0.5381519 53.6655802, -0.5344788 53.6651872, -0.5306015 53.6647641, -0.5267243 53.6643409, -0.5205003 53.6636456, -0.5152967 53.6630713, -0.5112664 53.6626179, -0.5051445 53.6619528, -0.5019305 53.6616505, -0.4979002 53.6612273, -0.4934618 53.6606832, -0.4882581 53.6600785, -0.4835136 53.6595646, -0.4794833 53.6591111, -0.4741267 53.6590809, -0.4694332 53.6590507, -0.4643826 53.6589902, -0.459434 53.6589902, -0.4546385 53.6589297, -0.4503021 53.6580228, -0.4457617 53.6570553, -0.4415273 53.6560879, -0.4369869 53.6551506, -0.4319873 53.6540924, -0.4285692 53.6533365, -0.4244369 53.6524597, -0.4178048 53.6510385, -0.4135195 53.6501012, -0.4096422 53.6492847, -0.4055099 53.6484078, -0.4017347 53.6475913, -0.3969392 53.6465632, -0.3927049 53.6456257, -0.3879604 53.6446277, -0.3827567 53.643539, -0.3771449 53.6423293, -0.3715332 53.6411498, -0.3659724 53.6399097, -0.3621462 53.6390931, -0.3578098 53.6381857, -0.3530653 53.6371573, -0.3491371 53.6360684, -0.3446477 53.6347677, -0.3405664 53.633588, -0.3368422 53.6325595, -0.3320977 53.6311679, -0.3283225 53.6308049, -0.3224556 53.6303209, -0.3168439 53.6298066, -0.3118443 53.6292923, -0.3075079 53.6289292, -0.3024063 53.6284754, -0.3016800763312351 53.62840841628581, -0.2943456999999848 53.6272954953661)",False
way/33917128-400,GB33-400,400.0,3574.952866822164,32173.23,Al/St 240/40 4-bundle 380.0,"LINESTRING (-0.7254892999999863 53.643697395372, -0.7273982672872663 53.648037938194776, -0.7284616 53.6503434, -0.7297032 53.6531532, -0.7310201 53.6560743, -0.7322993 53.6588391, -0.7335409 53.6616928, -0.7350083 53.6648808, -0.736438 53.6680686, -0.7380182 53.6715681, -0.7393727 53.6745993, -0.7406519 53.6774743, -0.742345 53.6811514, -0.7433977 53.6837669, -0.7440381 53.6866552, -0.7447154 53.6904428, -0.7452108 53.6938695, -0.7458016 53.6971702, -0.7461371 53.6991304, -0.7461451 53.7024051, -0.7459946 53.7072825, -0.7458817 53.7097767, -0.7427589 53.7115805, -0.7393351 53.7135623, -0.7367766 53.7150764, -0.7318854 53.716635, -0.7280477 53.7178596, -0.722818 53.7194849, -0.7174377 53.7211546, -0.7128851 53.7225572, -0.7067147 53.7244494, -0.7020493 53.7258741, -0.6966314 53.7275659, -0.6915521 53.7291463, -0.6860213 53.7308379, -0.6828608 53.7318172, -0.678233 53.7332639, -0.6739815 53.7345771, -0.669354 53.7359537, -0.6643823 53.7374608, -0.6599852 53.7389167, -0.6555079 53.7402964, -0.6517349 53.7414123, -0.6471396 53.7428015, -0.6433552 53.744057, -0.6382007 53.745659, -0.6336857 53.7462597, -0.6293213 53.7468382, -0.6242796 53.7474612, -0.6206677 53.7479507, -0.6149488 53.7487071, -0.609719 53.7493523, -0.6045644 53.7500198, -0.5997109 53.7506427, -0.5947445 53.7513101, -0.5898909 53.751933, -0.5865047 53.7547138, -0.5830056 53.7575833, -0.5795034 53.7603848, -0.5769323 53.7624672, -0.57346 53.7652948, -0.5680687 53.7668801, -0.5634896 53.7681572, -0.5566309 53.7692374, -0.5520517 53.769933, -0.5478268 53.7705938, -0.5436881 53.7712387, -0.5387217 53.7719947, -0.5330404 53.7728619, -0.5276225 53.7737069, -0.5234838 53.7743294, -0.5220988 53.7745391, -0.5189313 53.7750187, -0.5146045 53.7756857, -0.51024 53.7763528, -0.5051231 53.7779758, -0.5010973 53.7792208, -0.4973725 53.7804213, -0.4936477 53.7816218, -0.4885954 53.7831875, -0.4845158 53.7844768, -0.4796892 53.7859948, -0.4749485 53.7874809, -0.4726051 53.7894623, -0.4676439 53.7910562, -0.4634625 53.7923453, -0.4596891 53.7935931, -0.4556094 53.7949138, -0.4502399 53.7965901, -0.4459775 53.7980028, -0.4401809 53.7998592, -0.4346333 53.8004769, -0.4294268 53.8010677, -0.4284924101302089 53.80095084083021, -0.4150091058777617 53.800589314043556)",False
GB38-400,GB35-400,400.0,3574.952866822164,6403.72,Al/St 240/40 4-bundle 380.0,"LINESTRING (-0.2943456999999848 53.6272954953661, -0.2885160988953728 53.62443852733799, -0.2859144 53.6231488, -0.2854172 53.6200526, -0.28492 53.6169929, -0.2844229 53.6138593, -0.28405 53.6115367, -0.2834907 53.6082183, -0.2831178 53.6060059, -0.2780217 53.6040516, -0.2746036 53.6027609, -0.2714342 53.6015808, -0.2679539 53.6002532, -0.2632308 53.5991837, -0.2586319 53.5980773, -0.2542194 53.5970077, -0.250242 53.5960857, -0.2462646 53.5951267, -0.2418522 53.594094, -0.2391564434959257 53.592996871781146, -0.2329029999999951 53.590479195353026)",False
way/95338682-400,GB54-400,400.0,3574.952866822164,12275.21,Al/St 240/40 4-bundle 380.0,"LINESTRING (-3.147946900000001 53.116749795179075, -3.144589721793672 53.11274509352746, -3.1434013 53.1112985, -3.1404675 53.1077312, -3.1382858 53.1050586, -3.1344567 53.1027025, -3.1303146 53.1001359, -3.1265025 53.0977959, -3.1220336 53.095088, -3.1188309 53.0931177, -3.1155906 53.0908489, -3.1117208 53.0880853, -3.1078203 53.0853215, -3.1046005 53.0830298, -3.1012693 53.0806781, -3.0964586 53.0772551, -3.094657 53.0759827, -3.0897743 53.0747387, -3.0862893 53.0738482, -3.0845401 53.0715659, -3.0826499 53.0690755, -3.080368 53.0660861, -3.0782619 53.0632785, -3.0800153 53.0603415, -3.081261 53.0581801, -3.082841 53.0555255, -3.0801792 53.0525802, -3.0773924 53.0495348, -3.0744577 53.046325, -3.0719696 53.0435839, -3.0694602 53.0408507, -3.0664107 53.037558, -3.0640777 53.0350035, -3.0616852 53.0323303, -3.0614990638258193 53.032235512381156, -3.0532200669631977 53.02882769158017)",False
way/785730495-400,GB34-400,400.0,3574.952866822164,7419.38,Al/St 240/40 4-bundle 380.0,"LINESTRING (-1.0887856535313105 53.57872644684885, -1.0983079913873524 53.5803020053619, -1.097406 53.5828956, -1.0961104 53.5866292, -1.0951837 53.5892868, -1.0942079 53.5920757, -1.0928303 53.5949811, -1.0912067 53.598412, -1.0896815 53.6017404, -1.0884515 53.6043387, -1.0870463 53.6073424, -1.0862152 53.6091249, -1.0856195 53.6104025, -1.0842501 53.6133457, -1.0831594 53.6163275, -1.0821508 53.6190951, -1.0810848 53.6219355, -1.0799644 53.6249632, -1.0788246 53.6280706, -1.0777422 53.6309785, -1.0766058 53.6340588, -1.076272562678151 53.63492825623486, -1.06928319999999 53.63663369536947)",False
GB34-400,relation/7881280-400,400.0,3574.952866822164,21565.5,Al/St 240/40 4-bundle 380.0,"LINESTRING (-1.06928319999999 53.63663369536947, -1.06190809471678 53.635621886901596, -1.0591284 53.635272, -1.0537329 53.6345627, -1.0491195 53.6339584, -1.0434761 53.6332522, -1.0386696 53.6326288, -1.0335627 53.6319926, -1.0284987 53.6313246, -1.0230913 53.6306121, -1.0182526 53.6299949, -1.013092 53.6292887, -1.0078993 53.6286334, -1.0034363 53.6280271, -1.0025134 53.6279017, -0.997782 53.6272909, -0.9932115 53.6269728, -0.9889414 53.6266801, -0.9836038 53.6262918, -0.9782394 53.6259546, -0.9717968 53.6254839, -0.9676983 53.6252103, -0.9627416 53.6248413, -0.9575381 53.6244977, -0.9529462 53.6228178, -0.9485366 53.6212142, -0.9439447 53.619547, -0.939503 53.6179433, -0.9349539 53.6163077, -0.9302332 53.6145829, -0.9256413 53.6129281, -0.9210064 53.6112478, -0.9167471 53.6096947, -0.9115543 53.6078233, -0.9069731 53.6061682, -0.9027031 53.6046025, -0.8980253 53.6028837, -0.8927252 53.6027436, -0.8869531 53.6025272, -0.8816531 53.6023744, -0.8763208 53.6021703, -0.8719971 53.6020303, -0.8677163 53.6022786, -0.8620515 53.6025332, -0.8575239 53.6026733, -0.8535757 53.6023295, -0.8493807 53.6018966, -0.8450248 53.6014637, -0.839464 53.6009588, -0.8341565 53.6004769, -0.8265283 53.5997829, -0.8228591 53.5997192, -0.8177092 53.5996492, -0.813643 53.5994964, -0.8089652 53.5992035, -0.8040407 53.5988215, -0.7988586 53.5984395, -0.7935693 53.5979874, -0.7878723 53.5976245, -0.7824543 53.5972489, -0.7771971 53.5968732, -0.7726052 53.5968414, -0.7678952 53.5968414, -0.7666048518056005 53.59683906485915, -0.7560371087940547 53.5980610737722)",False
GB40-400,GB36-400,400.0,3574.952866822164,29133.77,Al/St 240/40 4-bundle 380.0,"LINESTRING (-1.6134812000000116 53.49634829531918, -1.6062909819303002 53.4976903202772, -1.6045397 53.4980058, -1.6035542 53.5012268, -1.6050978 53.5039841, -1.6068425 53.5072675, -1.6084263 53.5099526, -1.6096631 53.5121831, -1.6096129 53.5152596, -1.6095726 53.5187424, -1.6094922 53.5208977, -1.6038509 53.5236686, -1.6004922 53.5253066, -1.5970481 53.5269594, -1.5930408 53.5288782, -1.5893353 53.5306594, -1.5881135 53.532581, -1.5856196 53.536669, -1.5844851 53.5390305, -1.5825351 53.5431494, -1.5815066 53.5452552, -1.5800787 53.5481589, -1.5775899 53.5492254, -1.5726524 53.5513104, -1.56951 53.5526636, -1.5655983 53.5543721, -1.5616916 53.5560447, -1.5569754 53.558007, -1.5529581 53.5596854, -1.5491188 53.5613352, -1.5458598 53.5627263, -1.5427567 53.5640468, -1.5392023 53.5668082, -1.5352846 53.5697796, -1.5306607 53.5698653, -1.525847 53.569978, -1.5205242 53.5697178, -1.5157683 53.5694653, -1.5110169 53.56922, -1.5081135 53.5711065, -1.5036855 53.5738188, -1.5004238 53.5758782, -1.4967246 53.5782331, -1.4920415 53.5794593, -1.4870109 53.5808044, -1.4860639 53.5843986, -1.4853264 53.587959, -1.4809169 53.5896097, -1.4753972 53.5899361, -1.4702899 53.5901683, -1.4646644 53.5905323, -1.4591869 53.5907771, -1.453646 53.591047, -1.4498393 53.5914173, -1.4439389 53.5919696, -1.4384086 53.5926098, -1.4349297 53.5929361, -1.4317363 53.5941474, -1.4268933 53.596074, -1.4226342 53.5977455, -1.4179632 53.5995434, -1.415238 53.5999473, -1.4108839 53.6005607, -1.4068023 53.6012384, -1.4005318 53.6020604, -1.3948957 53.6028636, -1.3889213 53.6037545, -1.3842752 53.6044169, -1.3794938 53.6042611, -1.3747233 53.6041053, -1.3704452 53.6039365, -1.3689191 53.6038827, -1.3647338 53.6037352, -1.3585519 53.6035989, -1.353486 53.6034366, -1.3479934 53.6047285, -1.3429822 53.605975, -1.336855 53.6074356, -1.3320189 53.6085911, -1.3264497 53.6099803, -1.3230907 53.6099803, -1.3176309 53.6099803, -1.3128058 53.6099803, -1.3075012 53.6100209, -1.3020985 53.6100673, -1.2969866 53.6100309, -1.293445243173714 53.6100398397813, -1.2848459143923123 53.610974030945094)",False
GB13-400,way/102198808-400,400.0,3574.952866822164,54830.76,Al/St 240/40 4-bundle 380.0,"LINESTRING (-2.9389176097429712 55.884694124885954, -2.9383553207951714 55.88021876252962, -2.9382381 55.879233, -2.9376621 55.8754482, -2.9372014 55.8721155, -2.93655 55.8681951, -2.9361246 55.864901, -2.9357988 55.8624328, -2.9353607 55.8592759, -2.9387544 55.8566076, -2.9416867 55.8544262, -2.9447127 55.8520849, -2.9424903 55.848854, -2.9378468 55.8475286, -2.9319822 55.8457909, -2.9264047 55.8441744, -2.9227916 55.8413599, -2.9189983 55.8384067, -2.9159965 55.8360889, -2.9141112 55.8336431, -2.9117956 55.8307808, -2.9097691 55.8282123, -2.9046394 55.827134, -2.9001479 55.8262189, -2.8946298 55.8251033, -2.8939924 55.8231142, -2.8929917 55.8198196, -2.8919794 55.816479, -2.8909554 55.8132231, -2.8899664 55.8099997, -2.8891726 55.8074976, -2.8866676 55.8045546, -2.884553 55.802099, -2.8810793 55.798067, -2.8789153 55.7955972, -2.8765457 55.7928497, -2.8744723 55.7904813, -2.8719802 55.7876937, -2.8697727 55.7849698, -2.8653892 55.7833076, -2.8594549 55.7810312, -2.8547105 55.7792112, -2.8510657 55.7778129, -2.8441579 55.7751627, -2.8368891 55.7723738, -2.8344106 55.7698007, -2.8327858 55.7681137, -2.8306871 55.7659346, -2.8268769 55.7619781, -2.8229903 55.7600317, -2.8199984 55.7585333, -2.8134427 55.7552498, -2.8107901 55.7539211, -2.8055733 55.751308, -2.8020095 55.7495227, -2.7990588 55.7480445, -2.7954424 55.7462328, -2.7918453 55.7444306, -2.7914435 55.7419041, -2.7910256 55.7392761, -2.7905744 55.7364388, -2.7899011 55.7322039, -2.7895765 55.7301618, -2.789363 55.7288193, -2.7889812 55.7264175, -2.7882231 55.7216478, -2.7878533 55.7193212, -2.787553 55.717432, -2.7872008 55.7152156, -2.7866081 55.7114859, -2.7843114 55.7094751, -2.7809094 55.7064963, -2.7777435 55.7037241, -2.774819 55.7011631, -2.7735961 55.7000922, -2.7696827 55.6966648, -2.7667494 55.6940957, -2.7647133 55.6923122, -2.7606681 55.6905392, -2.756762 55.6888272, -2.751637 55.6865807, -2.747384 55.6847164, -2.7420609 55.6823829, -2.7385241 55.6808522, -2.7346244 55.6791262, -2.7292175 55.6767644, -2.7252762 55.6750367, -2.7194771 55.6748368, -2.7148994 55.6746855, -2.7098995 55.6744989, -2.7034297 55.6742609, -2.6961243 55.6757529, -2.6919522 55.6743655, -2.6852131 55.6721244, -2.6809776 55.6707158, -2.6773883 55.6695221, -2.6721313 55.6677736, -2.6667411 55.6659356, -2.6629191 55.6647095, -2.6573362 55.6648635, -2.6507796 55.6650444, -2.6448783 55.6652072, -2.6379785 55.6653976, -2.6332953 55.6655268, -2.6280377 55.6656719, -2.621396 55.6658551, -2.6155867 55.6660154, -2.6104498 55.6664766, -2.6047873 55.666985, -2.5980481 55.66759, -2.5921736 55.6681174, -2.5862513 55.6680742, -2.5797072 55.6680265, -2.5739922 55.6679848, -2.5676216 55.6679383, -2.5614768 55.6678935, -2.5556517 55.6689628, -2.5506628 55.6698786, -2.5452184 55.670878, -2.5395273 55.6719226, -2.5333871 55.6730497, -2.5283204 55.6739797, -2.5234789 55.6748683, -2.5185234 55.6757778, -2.5127436 55.6757198, -2.5065545 55.6756577, -2.5004724 55.6755967, -2.4937516 55.6755293, -2.4883128 55.6754603, -2.4833255 55.6754082, -2.47585 55.6753413, -2.4705861 55.6752924, -2.4651177 55.6752416, -2.4604891 55.6751987, -2.45371 55.6751357, -2.449056 55.6750925, -2.4439421 55.6750451, -2.438468 55.6749943, -2.4320665 55.6749571, -2.4269248 55.6759305, -2.4216541 55.6769283, -2.4166113 55.677883, -2.4103258 55.6790728, -2.4040394 55.6785063, -2.398482 55.6780055, -2.3936737 55.6775722, -2.3882862 55.6770867, -2.3821902 55.6765318, -2.3768385 55.6760551, -2.3730716 55.6757156, -2.3685026 55.6743574, -2.3642037 55.6730794, -2.3587298 55.6726325, -2.354001 55.6722465, -2.3479846 55.6717553, -2.3424929 55.6713017, -2.3421327045599254 55.67127257752229, -2.3305413520062226 55.67025135431451)",False
way/96905262-400,way/27163121-400,400.0,3574.952866822164,8813.85,Al/St 240/40 4-bundle 380.0,"LINESTRING (-3.165360859510879 55.89162814408913, -3.1557158496292446 55.89084557463782, -3.1554294 55.8908466, -3.1509949 55.8913746, -3.1447212 55.8921087, -3.138459 55.8928427, -3.132701 55.8935156, -3.1273268 55.8954343, -3.122396 55.8971846, -3.1174516 55.8989498, -3.1121546 55.9008284, -3.1068719 55.9026925, -3.1019729 55.9044319, -3.0951832 55.9047737, -3.0905146 55.9050133, -3.0855868 55.9052615, -3.0807351 55.9066259, -3.0757259 55.9080571, -3.0709079 55.9094214, -3.065788 55.9108534, -3.0613323 55.9120817, -3.0551854 55.9104807, -3.0523683 55.909752, -3.0488211 55.9104606, -3.0450948 55.9111985, -3.044600242423128 55.91096648762847, -3.035949017267527 55.908662548713494)",False
way/96905262-400,way/262532045-400,400.0,3574.952866822164,31005.64,Al/St 240/40 4-bundle 380.0,"LINESTRING (-3.035949017267527 55.908662548713494, -3.027572897524926 55.90583618676681, -3.0257311 55.9053537, -3.0212817 55.9041551, -3.0150333 55.9050534, -3.0090258 55.9059302, -3.0033353 55.9090594, -3.0004615 55.9098309, -2.995496 55.9111575, -2.9899663 55.9099434, -2.9865331 55.9091993, -2.9830457 55.9086439, -2.978814 55.9079671, -2.9745637 55.9072615, -2.9720232 55.9068133, -2.9687601 55.9036583, -2.9661749 55.9011585, -2.963764 55.8988272, -2.9621526 55.8972689, -2.9565255 55.8947183, -2.9522601 55.8927937, -2.9483027 55.8910113, -2.9437385 55.8889596, -2.9392411 55.8869121, -2.9354794 55.8862018, -2.9296474 55.8850692, -2.9238788 55.8839569, -2.9182731 55.882875, -2.9136184 55.8845562, -2.9087644 55.8862933, -2.9041006 55.8879439, -2.8997175 55.8895182, -2.8945737 55.8913769, -2.8910147 55.892616, -2.8868399 55.8924433, -2.8837487 55.8922899, -2.8822175 55.8915257, -2.8783795 55.8896101, -2.8747209 55.8878021, -2.8695499 55.8851611, -2.8646869 55.8826875, -2.8603853 55.8805236, -2.8559841 55.8782529, -2.8509218 55.8756875, -2.8466112 55.873574, -2.8416938 55.8737569, -2.8366768 55.8728221, -2.8309263 55.8718009, -2.8262353 55.8709066, -2.8209919 55.869926, -2.8169711 55.8687218, -2.8124942 55.8673372, -2.8098047 55.8665324, -2.8061291 55.8653718, -2.8048932 55.8643261, -2.8027801 55.8625258, -2.8010985 55.8607053, -2.8002507 55.8597874, -2.7994751 55.8571306, -2.7996671 55.8556226, -2.799971 55.8526305, -2.8000669 55.8515992, -2.800195 55.8502207, -2.8004958 55.847124, -2.8006283 55.8453758, -2.7994835 55.8433144, -2.7983952 55.8414219, -2.7968098 55.8386038, -2.7943819 55.8342911, -2.7900523 55.8324961, -2.7857312 55.8307748, -2.7843494 55.8279181, -2.7797113 55.8264946, -2.7747419 55.8250419, -2.7707991 55.8239103, -2.7685243 55.8232672, -2.7643143 55.821986, -2.7622271 55.8204829, -2.7597682 55.8187336, -2.7571731 55.8168486, -2.7541014 55.8147364, -2.7507423 55.8122927, -2.7469368 55.81151, -2.7415248 55.8105941, -2.7378773 55.8093159, -2.7336358 55.8079261, -2.7290983 55.8064187, -2.7249467 55.8070559, -2.7224965 55.8090507, -2.7194171 55.8115896, -2.7172918 55.8133684, -2.7146388 55.8155184, -2.7118948 55.8177475, -2.7092411 55.8199839, -2.7065828 55.8221354, -2.7019513 55.8223434, -2.697201 55.8225818, -2.6932255 55.8227683, -2.6889364 55.8229445, -2.6845182 55.8231517, -2.6805704 55.8233331, -2.6760415 55.8235352, -2.6744820389373296 55.82360929748482, -2.6657593014873227 55.82497486941594)",False
way/820237569-400,way/1263000221-400,400.0,3574.952866822164,23700.08,Al/St 240/40 4-bundle 380.0,"LINESTRING (-2.516056398098332 57.40999277831427, -2.512263954415922 57.404140534708766, -2.5100485 57.4022754, -2.5083702 57.4008782, -2.5066121 57.3994145, -2.5060795 57.3960088, -2.5057541 57.3939278, -2.5052551 57.3907366, -2.5048158 57.387927, -2.5042734 57.3844577, -2.503863 57.3818323, -2.5033822 57.3787559, -2.5028432 57.3753078, -2.5023676 57.3722643, -2.5018684 57.3690699, -2.5004913 57.3661803, -2.4993759 57.3638397, -2.4981518 57.3612708, -2.4967891 57.3584107, -2.4953162 57.3553192, -2.4936957 57.3519176, -2.4922527 57.3488883, -2.4891315 57.3457884, -2.4861355 57.3428126, -2.4830941 57.3397914, -2.4810823 57.3377928, -2.4779424 57.3346734, -2.4758329 57.3325775, -2.475193 57.3304401, -2.4740131 57.3267317, -2.473185 57.3237323, -2.4723909 57.3210793, -2.4713931 57.3179588, -2.4707562 57.3156171, -2.4658791 57.3133524, -2.4622039 57.3116417, -2.4583517 57.3098747, -2.4552495 57.308457, -2.4523656 57.3071334, -2.4480499 57.3051758, -2.4437417 57.3032222, -2.4408235 57.3017495, -2.4365754 57.2997101, -2.4328369 57.297873, -2.4291376 57.296076, -2.4252168 57.2941714, -2.420369 57.2918108, -2.4163076 57.2898338, -2.4127304 57.2880639, -2.4098598 57.2867003, -2.4086746 57.2838382, -2.4075626 57.2811528, -2.4066869 57.2790379, -2.405274 57.2772301, -2.4030771 57.274419, -2.4013764 57.2722427, -2.3994993 57.2698406, -2.39719 57.266885, -2.3954893 57.2647083, -2.3937132 57.2624348, -2.3931357 57.2594792, -2.3924135 57.255783, -2.3918095 57.252691, -2.3900786 57.2498687, -2.3887655 57.2477277, -2.3868815 57.2446554, -2.3862043 57.2425261, -2.3854253 57.2401591, -2.3846645 57.2378474, -2.3850376 57.2349152, -2.3853237 57.2326671, -2.3857468 57.2293414, -2.3861922 57.2258408, -2.3851402905553716 57.22423315837426, -2.3837381741805865 57.21885733511434)",False
way/23988786-400,way/20851038-400,400.0,3574.952866822164,36677.85,Al/St 240/40 4-bundle 380.0,"LINESTRING (-1.4872019218586756 50.941759033289486, -1.4858897411323606 50.94803027094483, -1.4837893 50.9508353, -1.4811972 50.9540146, -1.4789999 50.9568802, -1.4757212 50.9596969, -1.472392 50.9626062, -1.4694727 50.9651027, -1.4670351 50.9671082, -1.4627493 50.9674452, -1.4591829 50.9678046, -1.4563012 50.96791, -1.4527726 50.9681542, -1.4486157 50.9684349, -1.4440435 50.9690497, -1.4427043 50.9692405, -1.4391451 50.9697476, -1.4346773 50.9702341, -1.4293144 50.9709112, -1.4241081 50.9715851, -1.418875 50.9722963, -1.4147945 50.9720247, -1.4095528 50.9716696, -1.4033822 50.9712935, -1.398804 50.9709802, -1.3932478 50.9705423, -1.387459 50.9701985, -1.3826339 50.9698877, -1.3776633 50.9695395, -1.3761874 50.971086, -1.374299 50.9730795, -1.3718821 50.9755632, -1.3693936 50.9782513, -1.3664764 50.9813451, -1.3638384 50.9841731, -1.3612005 50.9868542, -1.357246 50.9866736, -1.3519211 50.9862285, -1.3477915 50.9859179, -1.3438003 50.9856369, -1.3384788 50.9852155, -1.333535 50.9848426, -1.3276556 50.9844914, -1.3232267 50.9840916, -1.3192098 50.9837404, -1.3142394 50.9834129, -1.3097685 50.9830433, -1.3059833 50.9827407, -1.3017519 50.9815735, -1.2967763 50.9802466, -1.29231 50.9789434, -1.2868645 50.9773603, -1.2819676 50.9760264, -1.2771333 50.9746575, -1.2720905 50.9732667, -1.2674646 50.9719239, -1.2633318 50.9705811, -1.2587544 50.969129, -1.254184 50.9676068, -1.2507736 50.9665351, -1.2468839 50.9652052, -1.2443972 50.9624405, -1.2421468 50.9598374, -1.2405562 50.9579605, -1.2373333 50.9556548, -1.233822 50.9532307, -1.2304958 50.9508631, -1.227469 50.9487389, -1.2236093 50.9466389, -1.2202908 50.9450778, -1.2153663 50.9425833, -1.2106992 50.9422453, -1.2048212 50.941952, -1.1997571 50.9416337, -1.1950695 50.9413211, -1.1902862 50.9388698, -1.1860229 50.936632, -1.1824276 50.9351936, -1.1770032 50.9350254, -1.1727003 50.9348628, -1.1672977 50.9354933, -1.1652167 50.9357245, -1.1624225 50.936035, -1.15757 50.9352547, -1.1528708 50.9345244, -1.1478711 50.9337131, -1.143365 50.9320632, -1.13858 50.9306162, -1.1337305 50.9293314, -1.1291064 50.9278708, -1.1243106 50.926356, -1.1192077 50.9247819, -1.1142255 50.9232451, -1.1091401 50.921676, -1.1053222 50.9213405, -1.1017888 50.9209964, -1.0972057 50.9206139, -1.0922578 50.920161, -1.0856342 50.9196053, -1.0810828 50.9191324, -1.0761991 50.9186671, -1.071238 50.9182342, -1.0662341 50.9177796, -1.0619083 50.9180664, -1.0563636 50.9185372, -1.0506988 50.9189917, -1.0493335730610631 50.9191107588113, -1.0398808866930138 50.91705623412613)",False
GB56-400,way/376450057-400,400.0,3574.952866822164,5890.18,Al/St 240/40 4-bundle 380.0,"LINESTRING (-0.1332754663351423 52.80578628227872, -0.1246902064100964 52.80802306192338, -0.1221786 52.8085893, -0.1165679 52.8097426, -0.1114288 52.8108681, -0.10599 52.8123384, -0.1012943 52.8137398, -0.0965597 52.8150057, -0.0926313 52.8160965, -0.0874717 52.8175578, -0.0841927 52.8229863, -0.0826084 52.8256336, -0.0807209 52.8286762, -0.0786474 52.8319974, -0.0760547972759479 52.83440367463809, -0.071968299999999 52.83814319507267)",False
way/142397822-400,way/109730296-400,400.0,3574.952866822164,5605.78,Al/St 240/40 4-bundle 380.0,"LINESTRING (-1.1607243254805697 54.52456441901472, -1.1576605705337228 54.52882316924986, -1.1565467 54.5304049, -1.1544569 54.5334428, -1.1562443 54.5362824, -1.1552851 54.5389185, -1.1544657 54.5411706, -1.1536409 54.5434372, -1.1518186 54.5448428, -1.1487619 54.5470227, -1.1435569 54.5494521, -1.1396803 54.5513252, -1.1358437 54.5540038, -1.1326495 54.5562084, -1.1290102 54.5586421, -1.1263332 54.5605453, -1.1268630097243955 54.561261943848216, -1.1312857399533491 54.56684398621295)",False
way/310502642-400,GB16-400,400.0,3574.952866822164,26934.45,Al/St 240/40 4-bundle 380.0,"LINESTRING (-1.8034040567708356 55.01525629671488, -1.8038740359155354 55.02029869845957, -1.8043289 55.0224645, -1.8050513 55.0258199, -1.8058635 55.0295922, -1.8065461 55.0327624, -1.8044525 55.035128, -1.8019909 55.0379091, -1.798808 55.041505, -1.7964377 55.0441827, -1.7932294 55.0478067, -1.7909007 55.0504369, -1.7847347 55.0528251, -1.7811258 55.0542228, -1.7762226 55.0561218, -1.7713308 55.0580077, -1.7680398 55.0602066, -1.7641088 55.0628331, -1.7611849 55.0647865, -1.7571953 55.0674517, -1.7532707 55.0700734, -1.7493433 55.0726967, -1.7452858 55.0748015, -1.7415521 55.0767383, -1.7373777 55.0789415, -1.7334351 55.0809773, -1.7292556 55.0831354, -1.7254374 55.0851067, -1.7209045 55.0874469, -1.7166593 55.0896593, -1.712439 55.0918715, -1.7124038 55.0950413, -1.7123635 55.0986619, -1.7123235 55.102261, -1.7122885 55.1054055, -1.7122481 55.1090431, -1.712217 55.1118325, -1.7102933 55.1142611, -1.7079081 55.1172519, -1.7054109 55.1204352, -1.703096 55.1233173, -1.7007827 55.1261794, -1.6952098 55.1266611, -1.6889155 55.1271955, -1.6828183 55.1277231, -1.6764738 55.1282856, -1.6722088 55.1305161, -1.6672744 55.1331285, -1.6614639 55.1344656, -1.6557417 55.1357824, -1.6522172 55.1365934, -1.6468692 55.137824, -1.6428992 55.1402328, -1.6381131 55.1418449, -1.6326358 55.1436898, -1.6273365 55.1454746, -1.621878 55.147313, -1.6182892 55.1485216, -1.615426 55.1481306, -1.6141894 55.1479617, -1.6075799 55.1470589, -1.6020888 55.1463089, -1.5973779 55.1477551, -1.5920623 55.1494071, -1.5866782 55.1510396, -1.5797435 55.1502914, -1.5748962 55.1497684, -1.5699947 55.1496936, -1.5629611 55.149585, -1.5573938 55.1494995, -1.5521947 55.1479517, -1.5503418645175002 55.14736597548281, -1.5312182811143442 55.14106730925335)",False
way/87207123-400,way/87204522-400,400.0,3574.952866822164,45195.79,Al/St 240/40 4-bundle 380.0,"LINESTRING (-2.0833856594499354 53.040858162219564, -2.078699023486251 53.03490576237745, -2.0780895 53.0320649, -2.0773105 53.0288016, -2.0766947 53.0261093, -2.074506 53.0229666, -2.0727358 53.0204691, -2.0710853 53.0180453, -2.0693562 53.0156738, -2.0668027 53.0119946, -2.0650647 53.0095287, -2.0626185 53.0060298, -2.0607088 53.0032795, -2.0584357 52.9999221, -2.0565099 52.9972175, -2.0542929 52.9941751, -2.0521686 52.9911916, -2.0506022 52.9889054, -2.0480487 52.9851981, -2.0452807 52.9826532, -2.0424697 52.9801727, -2.0394013 52.9773949, -2.0364401 52.9746945, -2.0336936 52.972149, -2.0304964 52.969319, -2.0275996 52.9666439, -2.0252219 52.964419, -2.0219562 52.9615388, -2.0198963 52.9596517, -2.0175359 52.9575577, -2.0148537 52.9551275, -2.0120267 52.9524654, -2.007365 52.9508872, -2.002816 52.9492583, -1.9980524 52.9475904, -1.9953701 52.9466466, -1.9913146 52.9451855, -1.9866798 52.9435563, -1.9837401 52.9425865, -1.9782684 52.9406469, -1.9739339 52.9390822, -1.9693205 52.9374657, -1.9645569 52.9357974, -1.9599435 52.9341161, -1.9553301 52.9325641, -1.9521544 52.9311025, -1.9481204 52.9293693, -1.9440005 52.9275455, -1.9399235 52.9256828, -1.9358251 52.9238717, -1.9317052 52.9219959, -1.9274137 52.9201977, -1.9229505 52.9181406, -1.9186804 52.9162128, -1.9153759 52.9147377, -1.9115994 52.9130556, -1.9073079 52.9111017, -1.9055054 52.9079313, -1.9039175 52.9050194, -1.9025872 52.9026769, -1.8997977 52.8977196, -1.8982313 52.8948976, -1.8966434 52.8920367, -1.8951199 52.8893827, -1.8933604 52.8860942, -1.8916438 52.8830643, -1.8899057 52.8798789, -1.8882331 52.8767709, -1.8856796 52.8741808, -1.8829974 52.8713055, -1.8810233 52.8693368, -1.8789419 52.8671866, -1.8764957 52.8646088, -1.8738993 52.8620574, -1.8714317 52.8593628, -1.8690272 52.856868, -1.8665918 52.8543739, -1.8642314 52.8519832, -1.8615814 52.8492555, -1.8592211 52.8466832, -1.8570109 52.8443828, -1.85479 52.842024, -1.8518182 52.8401706, -1.8487068 52.8382653, -1.8453701 52.8361978, -1.8423017 52.8343247, -1.8391796 52.8324191, -1.8364223 52.8307208, -1.8333597 52.8288834, -1.830339 52.8269481, -1.8272277 52.8250097, -1.8239876 52.8230518, -1.8206294 52.8210161, -1.8166383 52.8184809, -1.8130441 52.8163023, -1.8097826 52.8143635, -1.806167 52.8121327, -1.8048151 52.8101808, -1.8014677 52.8054853, -1.7975302 52.8001536, -1.7955454 52.7973902, -1.7934533 52.7946656, -1.791801 52.7923949, -1.7879172 52.7910065, -1.7838724 52.7896245, -1.7800422 52.7882879, -1.7759867 52.786867, -1.7715665 52.7853356, -1.766835 52.7837783, -1.7621573 52.7821495, -1.7575117 52.7805661, -1.7490574 52.7776522, -1.7453774 52.7764061, -1.739616 52.7761984, -1.7334684 52.7760624, -1.7278357 52.7759326, -1.7218705 52.7757314, -1.7158838 52.7756276, -1.7101331 52.7753031, -1.7049082 52.7750889, -1.7003484 52.7748033, -1.695263 52.774654, -1.6902526 52.7743165, -1.6853769 52.7742078, -1.6815768 52.7740287, -1.675913 52.7742036, -1.6723682 52.772986, -1.6678299 52.7714931, -1.6649100457594634 52.77053159067606, -1.6517820699399348 52.77490580595794)",False
way/92458761-400,GB61-400,400.0,1787.4764334110816,7075.28,Al/St 240/40 4-bundle 380.0,"LINESTRING (-2.2407987999999963 52.61180729498383, -2.244590604630984 52.60796242991673, -2.2449111 52.6076539, -2.2450077 52.6045454, -2.2451719 52.601067, -2.2452826 52.5972317, -2.2453461 52.5951096, -2.2453585 52.5947927, -2.2454943 52.5913282, -2.2439585 52.5892528, -2.2434914 52.5886214, -2.2425758 52.587384, -2.2412037 52.5855958, -2.2399852 52.5839705, -2.2372181 52.5803437, -2.2366634 52.5796115, -2.2349885 52.5773772, -2.2325215 52.5741577, -2.2300782 52.5714521, -2.2275383 52.5686342, -2.2269074 52.5679342, -2.2244009 52.5651706, -2.2216097 52.5620271, -2.2185076594772504 52.56020849857485, -2.2089003207258897 52.55642712510978)",False
GB57-400,GB55-400,400.0,3574.952866822164,7686.51,Al/St 240/40 4-bundle 380.0,"LINESTRING (-1.5142030184855828 52.826507010407326, -1.5039956534749073 52.82635283740191, -1.5011077 52.8265707, -1.4959189 52.8269621, -1.4914041 52.8273004, -1.4879313 52.8285187, -1.4830993 52.8301903, -1.4790009 52.8316148, -1.4753263 52.8328957, -1.4713358 52.8335127, -1.4652264 52.8344764, -1.4615002 52.8350618, -1.456929 52.8357837, -1.4521701 52.8365371, -1.4477344 52.8372318, -1.4426402 52.838176, -1.4383426 52.8389849, -1.4343368 52.8397318, -1.4299916 52.8398011, -1.4246553 52.8398792, -1.4196496 52.8399684, -1.4144897 52.8400567, -1.4116457163185132 52.83951847551942, -1.4045595000000044 52.838175795072615)",False
way/87204522-400,GB60-400,400.0,3574.952866822164,19730.17,Al/St 240/40 4-bundle 380.0,"LINESTRING (-1.7507602999999987 52.61627489498555, -1.7502252643768834 52.62074212679058, -1.7500778 52.6217509, -1.749893 52.6249485, -1.7467491 52.6271034, -1.7431196 52.6295048, -1.7394459 52.6319544, -1.7358958 52.6343126, -1.7327431 52.636451, -1.7291577 52.6388466, -1.7260856 52.640952, -1.723209 52.6434566, -1.7204926 52.6458839, -1.7181929 52.6479102, -1.7158081 52.6500292, -1.7125238 52.6529924, -1.7098411 52.6553378, -1.7074511 52.6584469, -1.7052661 52.6613988, -1.7029575 52.6643307, -1.7006453 52.6673672, -1.6983526 52.6703618, -1.6960685 52.6733216, -1.693861 52.6762237, -1.6916147 52.6791627, -1.6894359 52.6820187, -1.6865768 52.6843051, -1.6842861 52.6861262, -1.6808187 52.6888035, -1.6776946 52.6912452, -1.6743349 52.6939051, -1.6714184 52.6961772, -1.6687386 52.6982746, -1.6652381 52.7010105, -1.6622428 52.7034183, -1.6590656 52.7058769, -1.6560462 52.7083089, -1.6557868 52.7111833, -1.6555359 52.7142641, -1.65529 52.7176166, -1.6550357 52.7205361, -1.6546996 52.7236507, -1.6546876 52.7237944, -1.6544352 52.7268203, -1.6542231 52.7297883, -1.6538804 52.7332273, -1.6536017 52.7360581, -1.6533186 52.7391068, -1.6531164 52.741835, -1.6528744 52.7451211, -1.6526169 52.7477037, -1.652289 52.7516476, -1.6520693 52.7541298, -1.6517934 52.7574323, -1.6515114 52.7602888, -1.6511789 52.7640148, -1.6509107 52.7665206, -1.650849445309677 52.767184460684064, -1.6517820699399348 52.77490580595794)",False
way/103150854-400,way/102549055-400,400.0,3574.952866822164,16080.36,Al/St 240/40 4-bundle 380.0,"LINESTRING (0.1146099622023944 51.52118284976055, 0.1216701618767216 51.52612660170942, 0.1220415 51.5263065, 0.1251785 51.5259555, 0.1281424 51.5256238, 0.1339039 51.5252665, 0.1374636 51.5250684, 0.1410902 51.524856, 0.1412621 51.524842, 0.1467231 51.524417, 0.1500207 51.5241232, 0.1557805 51.5229087, 0.1598055 51.5217893, 0.1626305 51.5201956, 0.1674271 51.5191031, 0.1694719 51.5167716, 0.1720534 51.5166836, 0.1764994 51.5172925, 0.1806451 51.5156207, 0.1855288 51.5153751, 0.1889523 51.5146218, 0.1934424 51.5136338, 0.1957917 51.5122141, 0.1990729 51.5102311, 0.203107 51.5077631, 0.2071847 51.5061245, 0.2101537 51.5042852, 0.210188 51.5028053, 0.2139302 51.5013253, 0.2176896 51.4999575, 0.2206765 51.498221, 0.2214286 51.4977792, 0.2246333 51.4958966, 0.2286845 51.4934919, 0.2323556 51.4913175, 0.2359634 51.4892158, 0.2400399 51.4886287, 0.2439459 51.4877535, 0.2492066 51.4877576, 0.2528115 51.4877309, 0.2566671 51.4877012, 0.261493 51.488108, 0.2656185 51.4878202, 0.2684842 51.4889441, 0.2727586 51.4897724, 0.2783547 51.4907985, 0.2839319 51.4916237, 0.2880708 51.4893876, 0.2870923 51.4859137, 0.2865575 51.4839192, 0.2863284 51.4830649, 0.2878561 51.4790131, 0.2885841 51.4771034, 0.288575350585364 51.476839670613465, 0.2883449366638076 51.47116390590863)",False
way/494951597-400,way/102549055-400,400.0,3574.952866822164,14017.02,Al/St 240/40 4-bundle 380.0,"LINESTRING (0.1146099622023944 51.52118284976055, 0.1213401470495742 51.52637446821889, 0.1222323 51.5268001, 0.1268338 51.5260995, 0.1310607 51.5258534, 0.1363114 51.5259466, 0.1412173 51.5261143, 0.1440672 51.5258564, 0.1471622 51.5247799, 0.1487332 51.5251592, 0.1516861 51.5248486, 0.1551534 51.5237868, 0.1608457 51.5225993, 0.1637117 51.5217265, 0.1683884 51.5210743, 0.1725684 51.5194503, 0.176199 51.5179495, 0.1809626 51.5159519, 0.1841641 51.516673, 0.1876598 51.5174025, 0.1907473 51.5157596, 0.1929189 51.5145471, 0.1967383 51.5121809, 0.2004977 51.5097503, 0.2034846 51.5080035, 0.2058535 51.5083828, 0.2101279 51.5058879, 0.2134581 51.5038898, 0.2169429 51.5018382, 0.2223326 51.5010247, 0.2238694 51.4977668, 0.2278434 51.4954103, 0.2299548 51.494208, 0.233999 51.4921279, 0.2368899 51.4905473, 0.2394305 51.4896442, 0.2440139 51.4880783, 0.2491809 51.4880836, 0.2528458 51.4880996, 0.2561907 51.488156, 0.2579847 51.4881863, 0.2629799 51.4898598, 0.2665294 51.4910663, 0.2694283 51.4908733, 0.2727414 51.4906382, 0.2770057311138439 51.491258730594964, 0.2864769767677054 51.491958639341064)",False
way/29111844-400,GB75-400,400.0,3574.952866822164,10896.68,Al/St 240/40 4-bundle 380.0,"LINESTRING (0.4716213000000095 51.52161159452603, 0.4769402819307704 51.524639664584015, 0.4778291 51.5251545, 0.4811994 51.5270913, 0.4840006 51.5285304, 0.4866286 51.5306462, 0.4899238 51.5332768, 0.4926569 51.5354902, 0.4952798 51.5375927, 0.4981071 51.5398589, 0.501919 51.5429175, 0.5040636 51.5446378, 0.5078831 51.5477215, 0.5127099 51.5489616, 0.5176065 51.5501566, 0.5220555 51.5518976, 0.52555 51.5532722, 0.5291186 51.554674, 0.5333541 51.5563526, 0.5344247 51.5595628, 0.5354762 51.5625165, 0.536828 51.5666136, 0.5386055 51.5693979, 0.5407057 51.5727097, 0.5422981 51.5752335, 0.5437575 51.577495, 0.5484324 51.5790598, 0.5534545 51.5807007, 0.5580073 51.5825288, 0.56042 51.5849672, 0.5609014 51.5884005, 0.5609260473545008 51.5885790336601, 0.5665019941757928 51.59375911368557)",False
GB75-400,way/94530230-400,400.0,3574.952866822164,9884.1,Al/St 240/40 4-bundle 380.0,"LINESTRING (0.3901193359165864 51.4601736325286, 0.3961238683784181 51.46742242995427, 0.3967252 51.468955, 0.399642 51.4704047, 0.4026071 51.4717789, 0.4034791 51.4748605, 0.4044643 51.4786609, 0.4042368 51.4819751, 0.4039042 51.4856439, 0.4036316 51.4886591, 0.4033909 51.4917331, 0.4044123 51.4922731, 0.4076932 51.4940075, 0.4117631 51.4961263, 0.4144869 51.4986152, 0.4171187 51.5010112, 0.419616 51.5033173, 0.4220882 51.5054822, 0.4262757 51.5065986, 0.4317195 51.5080502, 0.4354765 51.5090682, 0.4404971 51.5104176, 0.4454402 51.5117394, 0.4480382 51.5138018, 0.4517497 51.5165537, 0.4544521 51.5187246, 0.4586501 51.5189227, 0.4630277 51.5191377, 0.4654600569098911 51.519283071610786, 0.4716213000000095 51.52161159452603)",False
GB56-400,way/190511290-400,400.0,3574.952866822164,14502.6,Al/St 240/40 4-bundle 380.0,"LINESTRING (-0.2198088135516616 52.93205225140846, -0.2145697365731707 52.92717204518118, -0.2117436 52.9258247, -0.2076452 52.9236255, -0.2029889 52.921271, -0.1984358 52.9189504, -0.1941295 52.9167437, -0.1899024 52.9145715, -0.18626 52.9128288, -0.182246 52.9109015, -0.1772612 52.9085261, -0.1734417 52.9066626, -0.1691931 52.9045143, -0.1656955 52.9027412, -0.1621335 52.9010974, -0.1577561 52.8990524, -0.1540225 52.8965153, -0.151233 52.8946254, -0.14795 52.8925412, -0.1452249 52.8908194, -0.1413625 52.8881265, -0.138058 52.8858089, -0.1344746 52.8834394, -0.1310199 52.881277, -0.1275008 52.8789073, -0.1243524 52.8768519, -0.120055 52.8739861, -0.1162141 52.8714864, -0.112459 52.8688571, -0.1090258 52.8666162, -0.1054638 52.8641939, -0.1017301 52.8616936, -0.0974815 52.8589212, -0.0936835 52.8563559, -0.0907438 52.85392, -0.0886839 52.8520807, -0.0848644 52.8488794, -0.0817316 52.8463135, -0.0784486 52.8435401, -0.076374879264659 52.84175616131065, -0.071968299999999 52.83814319507267)",False
way/160580052-400,GB34-400,400.0,3574.952866822164,13634.25,Al/St 240/40 4-bundle 380.0,"LINESTRING (-1.06928319999999 53.63663369536947, -1.0692415668961726 53.64111332598177, -1.0690229 53.6418385, -1.0680908 53.6449595, -1.0672721 53.6477717, -1.0665206 53.6504369, -1.0658111 53.6528482, -1.0648916 53.6557743, -1.0639974 53.6587898, -1.0604371 53.6602651, -1.0556635 53.6621385, -1.0518849 53.6636535, -1.0483079 53.6651112, -1.0486185 53.6679445, -1.0489754 53.6704194, -1.0494079 53.673312, -1.0497269 53.6760054, -1.0501229 53.67933, -1.0505375 53.6824818, -1.0508944 53.6852387, -1.0483281 53.6878462, -1.0456463 53.6905406, -1.0434474 53.6927998, -1.0435419 53.6949159, -1.0436888 53.6970381, -1.04382 53.6991726, -1.044009 53.7030996, -1.0441079 53.7063403, -1.0399138 53.7081668, -1.0355115 53.7101327, -1.0310083 53.7121465, -1.0298934 53.7126431, -1.0268713 53.7139891, -1.0212351 53.7162384, -1.0166583 53.7180603, -1.012654 53.719682, -1.0085367 53.721346, -1.003857 53.7232325, -0.9998816 53.7248094, -0.9951769 53.7266868, -0.9913721 53.7282734, -0.9912956354527314 53.72966601657849, -0.9924425476355113 53.73621727349513)",False
way/100009331-400,way/119616836-400,400.0,3574.952866822164,73253.28,Al/St 240/40 4-bundle 380.0,"LINESTRING (-4.136944788248306 51.00583239097966, -4.129885556254994 51.01221064137947, -4.12968 51.0134437, -4.12691 51.0157277, -4.1245492 51.0177141, -4.1228095 51.0190938, -4.1181621 51.0190823, -4.1138653 51.0190713, -4.1087588 51.0190188, -4.1041733 51.0192811, -4.0988668 51.0195182, -4.093438 51.0198152, -4.0885671 51.0200311, -4.0840825 51.0197477, -4.0793188 51.0193967, -4.0748986 51.0190728, -4.069341 51.0186813, -4.0635475 51.0182089, -4.0586337 51.0178714, -4.0545138 51.0176014, -4.0502866 51.017237, -4.0453943 51.01694, -4.0398582 51.016454, -4.0358885 51.0161706, -4.0301456 51.0146382, -4.0256961 51.0136327, -4.0210184 51.0122287, -4.0156325 51.0108246, -4.0111049 51.0096771, -4.0064486 51.0101766, -4.0015563 51.0106863, -3.9964708 51.0112162, -3.9917072 51.0117697, -3.9876517 51.0136732, -3.9823302 51.0138487, -3.9776531 51.0139465, -3.9749389 51.0139934, -3.9690757 51.0141257, -3.9647763 51.0155705, -3.9591266 51.0175486, -3.9551632 51.0189969, -3.952137 51.020022, -3.9464419 51.0219981, -3.9422804 51.023428, -3.9376117 51.023443, -3.933122 51.023549, -3.9289435 51.0236349, -3.9248236 51.0236754, -3.9193519 51.0236889, -3.914245 51.0220558, -3.9100178 51.0206115, -3.9062413 51.0193427, -3.9027437 51.0181279, -3.8986803 51.0167162, -3.8951047 51.0149556, -3.8917788 51.0132277, -3.8868584 51.0107796, -3.8838083 51.0092315, -3.8795075 51.0087544, -3.8738402 51.0082324, -3.8698705 51.0077869, -3.8654288 51.0073684, -3.8611802 51.0069498, -3.855451 51.0063557, -3.8509485 51.0058996, -3.8458808 51.0061802, -3.8398727 51.0065312, -3.8353344 51.0067692, -3.831407 51.0070121, -3.8262365 51.0073191, -3.8206627 51.0076384, -3.8137231 51.0080161, -3.8091453 51.0095421, -3.8035448 51.0114187, -3.7990817 51.0128632, -3.7955418 51.0147724, -3.7913361 51.0170661, -3.7878164 51.0190728, -3.7828382 51.0217453, -3.7793406 51.0236079, -3.7766872 51.0250809, -3.7735256 51.0267796, -3.7675818 51.0267391, -3.7620672 51.0267661, -3.7563594 51.0268201, -3.751231 51.0268471, -3.7459954 51.0268336, -3.7406953 51.0265907, -3.7356957 51.0264017, -3.7300094 51.0261183, -3.7245162 51.0258754, -3.7190016 51.0256054, -3.7134655 51.0260778, -3.7081226 51.0264827, -3.7025685 51.0269769, -3.6974889 51.0273589, -3.6927803 51.0265232, -3.6885746 51.0257809, -3.6842187 51.0249711, -3.6794337 51.0241073, -3.6739405 51.0230951, -3.6700138 51.0223662, -3.6644348 51.0219613, -3.6588772 51.0215024, -3.6532339 51.021057, -3.6479263 51.0206665, -3.6428054 51.0202876, -3.6387928 51.0199501, -3.6341151 51.0189378, -3.6287506 51.0177364, -3.6240085 51.016697, -3.6192664 51.0155901, -3.6156568 51.0148533, -3.6112545 51.0138613, -3.6073797 51.0118958, -3.6051666 51.0107274, -3.6020422 51.0091047, -3.5973345 51.0067402, -3.592859 51.0067934, -3.5864736 51.0068992, -3.58163 51.0069811, -3.5755188 51.0070704, -3.5701792 51.007127, -3.5645064 51.0072257, -3.5591849 51.0072738, -3.5544213 51.0050055, -3.550398 51.003083, -3.5473188 51.0015691, -3.5429092 51.0009023, -3.5389074 51.0002795, -3.5317405 51.0012787, -3.5279151 51.0018483, -3.5240158 51.0024805, -3.5196384 51.0030746, -3.5156902 51.0036823, -3.5094889 51.0046139, -3.505648 51.0051675, -3.4992536 51.0043169, -3.4945444 51.0036943, -3.4927098 51.0047441, -3.4894308 51.00678, -3.4860717 51.0087754, -3.481825 51.0089927, -3.4777538 51.0091074, -3.4729895 51.0092514, -3.4686014 51.0093831, -3.4632836 51.0095293, -3.4582374 51.0097255, -3.4534438 51.0107223, -3.4485322 51.0117693, -3.4440791 51.0127113, -3.4387312 51.013828, -3.4339577 51.0148313, -3.4293063 51.0158156, -3.4252727 51.0156187, -3.4206021 51.0153544, -3.4161894 51.0151299, -3.4097338 51.0147803, -3.4065996 51.0145774, -3.4015545 51.0117974, -3.3987117 51.0103061, -3.3945007 51.0079652, -3.3868148 51.0076057, -3.3808206 51.0072772, -3.3763784 51.0070758, -3.371786 51.006848, -3.3653617 51.006941, -3.3605954 51.007013, -3.3548309 51.0070966, -3.3508875 51.0071303, -3.3442334 51.0072329, -3.3412504 51.0070502, -3.3354179 51.0066746, -3.329859 51.006285, -3.3245312 51.0057925, -3.3191516 51.0052126, -3.3144519 51.0056439, -3.307872 51.0062322, -3.3039466 51.0065728, -3.2992129 51.0070091, -3.2944037 51.0074468, -3.2908243 51.0077697, -3.2854534 51.0093449, -3.2807576 51.0107691, -3.2757579 51.0106978, -3.2699389 51.0105307, -3.2650229 51.01039, -3.2608695 51.0103121, -3.2569776 51.0091175, -3.2534139 51.008053, -3.2494352 51.0068901, -3.244978 51.0074486, -3.2410369 51.0079973, -3.2364239 51.0086119, -3.2318123 51.0092043, -3.2266674 51.0092425, -3.2212195 51.0092503, -3.2161731 51.0092588, -3.2105954 51.0093348, -3.2061976 51.0093154, -3.2006829 51.0093643, -3.1958335 51.0093496, -3.1907064 51.0093866, -3.185637 51.0093905, -3.1812789 51.0093921, -3.177415 51.011131, -3.1740893 51.0126544, -3.1700216 51.0143796, -3.1661087 51.0161696, -3.164182037120951 51.01651856058677, -3.154925324051073 51.01694852410127)",False
way/884174267-400,way/42800878-400,400.0,3574.952866822164,10051.46,Al/St 240/40 4-bundle 380.0,"LINESTRING (-3.0310507894538348 51.547822228975534, -3.0230577079552283 51.54984784246408, -3.0203584 51.5513482, -3.0159467 51.5537231, -3.0130167 51.5543131, -3.007899 51.5553486, -3.0069301 51.5582243, -3.0060611 51.5607993, -3.0051933 51.5634089, -3.0042504 51.5660949, -3.0011038 51.5673347, -2.9964709 51.5691403, -2.9945319 51.5702695, -2.9941244 51.5701953, -2.992894 51.5699713, -2.9908545 51.5696001, -2.9893735 51.5693305, -2.9829272 51.5682467, -2.9785886 51.5674965, -2.9780756 51.5674114, -2.9739408 51.5672092, -2.9711897 51.5670778, -2.9700534 51.5670235, -2.9687125 51.5669517, -2.9653483 51.5671555, -2.9646405 51.5673805, -2.9611639 51.5684854, -2.9569474 51.5698252, -2.9527849 51.5683067, -2.9484842 51.5675958, -2.948108 51.5675336, -2.9426707 51.5666333, -2.9372717 51.5657682, -2.9324516 51.5649528, -2.9271943 51.5651042, -2.9218971 51.5653472, -2.918526882646775 51.56546319255327, -2.9084973079596548 51.56494819858899)",False
relation/7879831-400,relation/13110367-400,400.0,3574.952866822164,84207.28,Al/St 240/40 4-bundle 380.0,"LINESTRING (-4.989573767624478 51.682272420629246, -4.981335131791274 51.67341070136695, -4.9809795 51.6732139, -4.9767404 51.6732871, -4.9704573 51.6733792, -4.9667919 51.6734384, -4.9619778 51.6735711, -4.9564103 51.6736668, -4.952314 51.6737419, -4.9488073 51.6737897, -4.9456352 51.6724589, -4.9422378 51.6709819, -4.9382838 51.669276, -4.9330152 51.6669679, -4.9289032 51.6651841, -4.9240623 51.6631381, -4.9193178 51.6633723, -4.9156489 51.6635863, -4.9109655 51.6638468, -4.905308 51.6641636, -4.9015483 51.665645, -4.8965821 51.6675733, -4.8918424 51.669389, -4.8877878 51.6709663, -4.8843549 51.6723102, -4.8815082 51.6734309, -4.877688 51.6763988, -4.875249 51.678339, -4.87271 51.6793193, -4.8690515 51.6807571, -4.8664249 51.681762, -4.8607795 51.6839226, -4.8574196 51.6852231, -4.8537002 51.686721, -4.8489778 51.6869292, -4.8446433 51.6871964, -4.8401504 51.6874542, -4.8356489 51.687721, -4.8303 51.6872692, -4.8252414 51.6868271, -4.8197392 51.6863242, -4.8147666 51.6858303, -4.8113276 51.6854077, -4.807934 51.6879221, -4.8043264 51.6904899, -4.8014082 51.6926408, -4.7979163 51.6952082, -4.7952037 51.6971374, -4.795046 51.6972613, -4.7927736 51.6989951, -4.7910622 51.7008592, -4.7887814 51.7032867, -4.786185 51.7060303, -4.7836214 51.70883, -4.780979 51.7115796, -4.7785324 51.7144073, -4.7755523 51.7173819, -4.773112 51.7190455, -4.7687898 51.7219958, -4.7652578 51.7243804, -4.7623586 51.7263481, -4.7578363 51.7293694, -4.7549381 51.7313455, -4.7519191 51.7344574, -4.748934 51.7374708, -4.745926 51.740513, -4.7431363 51.7433711, -4.7404314 51.7461621, -4.7383073 51.7483878, -4.7347202 51.7520292, -4.7302725 51.7525553, -4.7261489 51.7530237, -4.7190587 51.7538588, -4.7152474 51.7542647, -4.7105306 51.7548358, -4.7034158 51.7559305, -4.6990769 51.7566264, -4.6938196 51.7575174, -4.6885349 51.7579586, -4.6837968 51.7583479, -4.6778263 51.7588385, -4.6740549 51.7603897, -4.6696489 51.7621692, -4.6648663 51.7641487, -4.6601785 51.766047, -4.6551148 51.768152, -4.651542 51.7696154, -4.6471894 51.7714128, -4.6420572 51.7735282, -4.6378417 51.7752777, -4.6338259 51.7769057, -4.62945 51.7786699, -4.6244271 51.7807225, -4.6206325 51.7815434, -4.6147651 51.7828563, -4.6100712 51.7838977, -4.6064192 51.7846983, -4.601665 51.785855, -4.5960553 51.787222, -4.591005 51.7884465, -4.5855325 51.7897897, -4.5803122 51.7910447, -4.5755525 51.7922012, -4.5707475 51.793373, -4.5649624 51.7947763, -4.5618642 51.7955351, -4.5571621 51.7966839, -4.5514387 51.7980447, -4.5465929 51.799214, -4.5421275 51.7989344, -4.5383858 51.798692, -4.5358758 51.7985261, -4.5290179 51.7980911, -4.5256237 51.7978675, -4.5198368 51.7974889, -4.5158416 51.7972481, -4.5112956 51.7968798, -4.5059762 51.7964256, -4.5019866 51.7960849, -4.4979358 51.7957614, -4.4928222 51.7966321, -4.4868406 51.7976748, -4.4814877 51.7980533, -4.4762295 51.7984215, -4.4708655 51.7988069, -4.4657074 51.7991923, -4.4606606 51.7995467, -4.4540558 51.8000285, -4.4496433 51.800321, -4.4446689 51.8019038, -4.4406904 51.8031253, -4.4379223 51.8039908, -4.4367397 51.8043605, -4.4328002 51.8055819, -4.4282041 51.8070544, -4.4237916 51.8084134, -4.4199857 51.8095969, -4.4169031 51.8105705, -4.4115613 51.8122596, -4.4059692 51.8126208, -4.4006943 51.812982, -4.3966713 51.8132503, -4.390367 51.8136734, -4.3852924 51.8140174, -4.381453 51.814272, -4.3766677 51.8145953, -4.3730008 51.8148361, -4.3687219 51.8158818, -4.3648603 51.8168209, -4.3591291 51.8181761, -4.3538541 51.816212, -4.3494806 51.8145747, -4.3454989 51.8131028, -4.3396355 51.8109103, -4.3368534 51.8098739, -4.3328819 51.8097191, -4.3296824 51.8095385, -4.3252588 51.809345, -4.3199189 51.8091685, -4.3140156 51.8079221, -4.3092291 51.8069276, -4.3057133 51.8041436, -4.3029354 51.8019921, -4.2995543 51.7993481, -4.2969791 51.7973574, -4.2944601 51.7944145, -4.2928261 51.7924687, -4.2906616 51.7900158, -4.2873886 51.7863132, -4.2851574 51.7837169, -4.2825036 51.7806736, -4.280013 51.7778823, -4.2761036 51.7777894, -4.2707208 51.7776512, -4.2697541 51.7776264, -4.265681 51.7775121, -4.2607115 51.7773929, -4.2568311 51.7772834, -4.2531354 51.7771983, -4.247419 51.7770329, -4.2427561 51.7769258, -4.2378928 51.7768139, -4.2342089 51.7767166, -4.2293259 51.7759431, -4.2263222 51.7754736, -4.2219497 51.7747949, -4.2183485 51.7742399, -4.217975 51.7741823, -4.2167561 51.7739945, -4.212683 51.7733499, -4.2061311 51.7724145, -4.2024207 51.7718002, -4.1986797 51.7712266, -4.1948682 51.7706263, -4.1875847 51.7695072, -4.184951 51.7690916, -4.1792045 51.7685619, -4.1733927 51.7680373, -4.1691908 51.7676815, -4.165333 51.7673256, -4.1606397 51.7665744, -4.155455 51.7656955, -4.1519264 51.765078, -4.1468154 51.7642568, -4.1406035 51.7632166, -4.1353991 51.7623589, -4.1296148 51.7613582, -4.1245742 51.762368, -4.1208594 51.7630739, -4.1179746 51.7636457, -4.1135565 51.7621827, -4.1093167 51.7607863, -4.1035636 51.758784, -4.0984391 51.7580541, -4.0934102 51.7572815, -4.0879876 51.7564225, -4.0826615 51.7556468, -4.0778036 51.7548452, -4.0746496 51.7524158, -4.0710301 51.7493308, -4.0686899 51.747461, -4.0642503 51.7438222, -4.0623213 51.741738, -4.0604859 51.739598, -4.0586724 51.7375972, -4.0558863 51.7349408, -4.0534384 51.7340524, -4.0501446 51.7328553, -4.0446072 51.730952, -4.0415054 51.7299243, -4.0372022 51.7284512, -4.034268 51.7274589, -4.0303162 51.7261021, -4.0259598 51.7246289, -4.0222328 51.7220822, -4.0190002 51.7199176, -4.0169079 51.7184948, -4.0137015 51.7163286, -4.0091736 51.7132643, -4.0068581 51.7116742, -4.0043999 51.7100171, -4.000969 51.7082293, -3.9971859 51.7062325, -3.9943886 51.7047366, -3.9913602 51.7031615, -3.9867929 51.7007301, -3.9823191 51.6992127, -3.9769161 51.6974088, -3.9721424 51.6957815, -3.9685076 51.6945547, -3.964167029398875 51.69306419219697, -3.9583781484340683 51.68611559740527)",False
GB51-400,way/98899051-400,400.0,3574.952866822164,4610.12,Al/St 240/40 4-bundle 380.0,"LINESTRING (-4.170435699999989 53.14981689519151, -4.167461190615211 53.153924374072034, -4.1673926 53.1549969, -4.167212 53.157759, -4.1671299 53.1595117, -4.16332 53.1623326, -4.1594444 53.1650402, -4.1558259 53.1675656, -4.1550679 53.1702086, -4.1544293 53.1721756, -4.153773 53.1742295, -4.1532445 53.1757646, -4.1524838 53.1779779, -4.1538659 53.1800807, -4.154967189419544 53.18182529343441, -4.158252803363987 53.187491046335566)",False
way/42800878-400,way/95749833-400,400.0,3574.952866822164,25190.16,Al/St 240/40 4-bundle 380.0,"LINESTRING (-3.3003748822682115 51.63586780587152, -3.2912821056733743 51.634465987638656, -3.2882162 51.6344728, -3.2826641 51.6344945, -3.2777395 51.6345211, -3.2727721 51.6344811, -3.2683732 51.6345011, -3.2640388 51.6344811, -3.2599082 51.6337686, -3.2550802 51.6329428, -3.2505097 51.6321104, -3.246304 51.6314311, -3.2403388 51.6303723, -3.2362082 51.6296397, -3.23502 51.6294398, -3.2313266 51.6288139, -3.2254686 51.6277616, -3.221735 51.6270889, -3.2186451 51.6256503, -3.2139566 51.6234922, -3.2105019 51.6217871, -3.2104766 51.6210671, -3.2103839 51.618976, -3.2102551 51.6155053, -3.2102122 51.6122142, -3.2101369 51.6101724, -3.2099976 51.6063975, -3.209944 51.603299, -3.2098153 51.6005802, -3.2080128 51.5989941, -3.204644 51.598301, -3.1997731 51.598181, -3.1959 51.5980744, -3.1911042 51.5979544, -3.1864264 51.5978478, -3.1851712 51.5978195, -3.1825747 51.5977611, -3.1788304 51.5976812, -3.1749144 51.5963816, -3.1748071 51.5945622, -3.1747427 51.593469, -3.1745579 51.5895566, -3.1744423 51.58711, -3.1742814 51.5841435, -3.1709983 51.5820835, -3.1678082 51.5800133, -3.1660643 51.5788908, -3.1621112 51.5763462, -3.1602646 51.5733358, -3.1589815 51.5712182, -3.1550591 51.5673877, -3.1528361 51.5651576, -3.1504315 51.5644319, -3.148699 51.5639091, -3.1437981 51.5624631, -3.1385968 51.5606542, -3.1347773 51.5593522, -3.1295845 51.5578474, -3.1246064 51.5561878, -3.1195681 51.5564013, -3.1154911 51.5566467, -3.111603 51.5567802, -3.1059038 51.5569563, -3.1022045 51.5571324, -3.0965998 51.5589894, -3.0920336 51.5605102, -3.0870812 51.5620896, -3.0823519 51.5618388, -3.0778887 51.5616094, -3.0716921 51.5612563, -3.0668599 51.5609682, -3.0609976 51.5606427, -3.0553757 51.5603172, -3.051891 51.5601411, -3.0506379 51.5586043, -3.0487152 51.5562083, -3.0455223 51.5522538, -3.0450417 51.5492916, -3.0399519 51.547162, -3.0396499869469324 51.54711227723845, -3.0310507894538348 51.547822228975534)",False
way/1078525352-400,way/97551523-400,400.0,3574.952866822164,9347.31,Al/St 240/40 4-bundle 380.0,"LINESTRING (-2.5391541619477795 55.91763767711645, -2.535388531243582 55.92270213091496, -2.5341831 55.9255112, -2.5328847 55.9283294, -2.5318798 55.9305631, -2.5269054 55.932191, -2.5231049 55.9334333, -2.5180299 55.9350783, -2.5131195 55.9366618, -2.508042 55.9383149, -2.5037634 55.9396831, -2.5001781 55.9408369, -2.4951667 55.9424602, -2.4916672 55.9435991, -2.4884781 55.9445863, -2.4840675 55.9447712, -2.47796 55.9450337, -2.4725722 55.9452371, -2.46626 55.9454663, -2.4639424 55.9455772, -2.4598315 55.9469671, -2.4550564 55.948569, -2.4505022 55.9501231, -2.4457698 55.9504408, -2.4400296 55.9508278, -2.4346157 55.9511837, -2.430946 55.9514373, -2.4286275643962623 55.95168530616027, -2.416744037747287 55.948838025084804)",False
way/262532045-400,way/1078525352-400,400.0,3574.952866822164,14027.47,Al/St 240/40 4-bundle 380.0,"LINESTRING (-2.6657593014873227 55.82497486941594, -2.6557121333398035 55.82732300859671, -2.6547382 55.8278223, -2.6510662 55.8297345, -2.6470371 55.83178, -2.6439472 55.8333962, -2.6413645 55.8347119, -2.6380992 55.8364316, -2.6346126 55.8382238, -2.6311537 55.8400055, -2.6274088 55.8419425, -2.6235071 55.8439467, -2.6204817 55.8454899, -2.6172441 55.8471625, -2.6136376 55.849006, -2.6114331 55.8501244, -2.6068139 55.8524884, -2.6067169 55.8554858, -2.6066515 55.8584149, -2.6066054 55.8614278, -2.6066148 55.8645137, -2.6065718 55.8675424, -2.6065235 55.8705121, -2.6064506 55.8735342, -2.6032164 55.8757617, -2.5997071 55.8780884, -2.5962128 55.879345, -2.5925446 55.8806078, -2.5888481 55.8818923, -2.5849575 55.8832205, -2.5800328 55.8849215, -2.5767968 55.8875276, -2.5738422 55.8898915, -2.5714551 55.8918044, -2.5691006 55.8937391, -2.5644241 55.8948015, -2.5606709 55.8956509, -2.5576897 55.896318, -2.5541016 55.8988986, -2.5506012 55.9014636, -2.5476034 55.903656, -2.5441998 55.9061896, -2.5419925 55.9078086, -2.539859353478433 55.90939783054731, -2.5391541619477795 55.91763767711645)",False
GB23-400,way/310495264-400,400.0,3574.952866822164,4055.59,Al/St 240/40 4-bundle 380.0,"LINESTRING (-2.9886907987358393 53.87899353949666, -2.979314472084753 53.87704152489181, -2.9787833 53.8772022, -2.975217 53.8782936, -2.9683575 53.8803667, -2.9655713 53.8812673, -2.960997 53.8814836, -2.9554931 53.8817916, -2.9515975 53.8820357, -2.9466547 53.8824126, -2.9430284 53.879924, -2.9406903756055205 53.87838222090526, -2.933961224226979 53.87556700824885)",False
GB16-400,way/91955171-400,400.0,3574.952866822164,7344.26,Al/St 240/40 4-bundle 380.0,"LINESTRING (-1.8034040567708356 55.01525629671488, -1.8034258272676775 55.01018489555002, -1.803871 55.0093522, -1.8056468 55.006086, -1.8076019 55.0025003, -1.8093999 54.9991181, -1.811301 54.9956074, -1.8073303 54.9935738, -1.8033404 54.9926044, -1.7998878 54.9917573, -1.7951439 54.9892774, -1.7893248 54.988513, -1.7835091 54.987749, -1.7778468 54.9871718, -1.7713971 54.9865143, -1.7654051 54.9859034, -1.7602675 54.9860309, -1.7562761 54.9860838, -1.7534298 54.9839981, -1.7487353250530422 54.98288576172729, -1.7429869041026962 54.9778525930585)",False
GB33-400,relation/7881280-400,400.0,3574.952866822164,5640.74,Al/St 240/40 4-bundle 380.0,"LINESTRING (-0.7560371087940547 53.5980610737722, -0.7496733692954634 53.6029038422503, -0.7470929 53.6034292, -0.7449411 53.6059869, -0.7426836 53.6085318, -0.7399747 53.6116121, -0.7377925 53.6141343, -0.7354974 53.6167233, -0.7329765 53.6195576, -0.7318102 53.6225703, -0.730531 53.6258059, -0.729628 53.6281487, -0.7283487 53.6315623, -0.7270695 53.6347749, -0.725715 53.6383218, -0.7253582497673475 53.63921760786609, -0.7254892999999863 53.643697395372)",False
way/89453364-400,relation/7650368-400,400.0,3574.952866822164,13404.11,Al/St 240/40 4-bundle 380.0,"LINESTRING (-0.6775936923709948 51.904374490995636, -0.6700641798760341 51.904419149869454, -0.6697543 51.9044096, -0.6659267 51.9042658, -0.6612624 51.9040684, -0.6558286 51.9038627, -0.6512891 51.9037045, -0.6457197 51.9034828, -0.6404306 51.903287, -0.6348996 51.9030228, -0.6299842 51.9028522, -0.6231596 51.9026265, -0.6185118 51.9024504, -0.612847 51.9022522, -0.6085917 51.9021256, -0.6034711 51.901922, -0.5980918 51.9017348, -0.5933359 51.9015841, -0.5898042 51.9014321, -0.5843535 51.901245, -0.5785906 51.9010193, -0.5742461 51.9008762, -0.5700979 51.9029843, -0.5666501 51.9047234, -0.5629343 51.9066169, -0.5578908 51.9091627, -0.5537962 51.9112099, -0.5491605 51.913579, -0.5447267 51.9157907, -0.5406698 51.9178051, -0.537019 51.9196314, -0.5331692 51.9215916, -0.5287136 51.9238018, -0.525618 51.9253312, -0.5222102 51.926503, -0.5174746 51.9281119, -0.5119289 51.9299687, -0.5113226165975009 51.93017425734829, -0.5007399619516324 51.93429316098837)",False
way/103829261-400,way/814351697-400,400.0,3574.952866822164,14951.5,Al/St 240/40 4-bundle 380.0,"LINESTRING (0.4076182109493994 51.44231108382325, 0.413925196383857 51.43968718541348, 0.4154363 51.439508, 0.4162874 51.4394142, 0.4219036 51.438756, 0.4274613 51.4381072, 0.4325283 51.437431, 0.4373285 51.4381571, 0.4435785 51.4393462, 0.4478621 51.4401779, 0.4524137 51.4417638, 0.4569911 51.4432997, 0.4605998 51.4445925, 0.4657551 51.444783, 0.4717793 51.4450706, 0.475775 51.4432367, 0.4815853 51.4436797, 0.4862094 51.4439539, 0.4922122 51.4443751, 0.4976855 51.4447328, 0.5034316 51.4450957, 0.5075166 51.4453615, 0.5124197 51.4453147, 0.5172155 51.4452912, 0.5237333 51.4451976, 0.5283574 51.4451375, 0.534564 51.4450672, 0.5397085 51.4450105, 0.5435709 51.4449737, 0.5502657 51.44487, 0.5552212 51.4447965, 0.5588702 51.4432851, 0.5627165 51.4416568, 0.5662248 51.4401855, 0.5697975 51.4386574, 0.5730591 51.4373065, 0.5756501 51.4344204, 0.5785415 51.4311363, 0.581272 51.4281429, 0.5842386 51.4248684, 0.5862901576515241 51.42261389562943, 0.5985499673809743 51.418553253535215)",False
way/87953830-400,relation/10695345-400,400.0,3574.952866822164,20991.95,Al/St 240/40 4-bundle 380.0,"LINESTRING (1.0963755974964657 51.2937207099382, 1.1054613344980764 51.297543233931414, 1.1065237 51.2978464, 1.1087833 51.3010897, 1.1065108 51.3035706, 1.1034989 51.3068594, 1.1022063 51.3100673, 1.1035571 51.3135245, 1.1087786 51.3151124, 1.1142903 51.3158621, 1.1186448 51.3164469, 1.1238882 51.3171625, 1.1289672 51.3173968, 1.1339206 51.3176322, 1.1387722 51.3178627, 1.1432619 51.3180762, 1.1487142 51.3183266, 1.1519521 51.3201336, 1.1566173 51.3227503, 1.159572 51.3244082, 1.1659724 51.3248234, 1.1710222 51.3251546, 1.1772652 51.3255675, 1.1824052 51.3258974, 1.1869127 51.3277388, 1.1906259 51.3292775, 1.1957636 51.3313855, 1.1997596 51.3330255, 1.2041268 51.3335085, 1.2099006 51.3341293, 1.2142389 51.3346035, 1.2191372 51.3351368, 1.2235528 51.3356227, 1.2283245 51.3351576, 1.2326145 51.3347443, 1.2374863 51.3342783, 1.2428717 51.3337621, 1.2480915 51.3332639, 1.2527523 51.3328103, 1.258044 51.3322878, 1.2626352 51.331843, 1.2687946 51.3312566, 1.2732493 51.3308251, 1.2772413 51.3304502, 1.2819642 51.3286842, 1.2864369 51.326987, 1.2908758 51.325335, 1.2954513 51.3236295, 1.3000157 51.3219104, 1.3046193 51.3201788, 1.3087394 51.3186437, 1.3132836 51.31694, 1.3177396 51.3152678, 1.3221354 51.3136157, 1.3265698 51.3119623, 1.3305482 51.3104545, 1.3349609 51.3088072, 1.335689076782523 51.308742149540755, 1.3465946881403463 51.310007989526724)",False
relation/19169705-400,GB20-400,400.0,3574.952866822164,9230.98,Al/St 240/40 4-bundle 380.0,"LINESTRING (-2.89026568849227 54.032581944555325, -2.8723421042224397 54.03245502555179, -2.8686334 54.0318475, -2.8630972 54.0311023, -2.8569175 54.0301587, -2.851045 54.0292493, -2.844987 54.0282933, -2.840005 54.0265458, -2.8346621 54.024754, -2.8292118 54.0229316, -2.8241693 54.0211633, -2.819152 54.019394, -2.8135301 54.0194192, -2.8088094 54.0193688, -2.802246 54.0193309, -2.797815 54.0192995, -2.7923116 54.0192144, -2.7861535 54.0191673, -2.7818403 54.0182784, -2.7772268 54.0173175, -2.772156 54.0162868, -2.7691625 54.0156772, -2.765627264646344 54.01489738882631, -2.755971765460866 54.01281882091691)",False
way/284874050-400,way/676646876-400,400.0,3574.952866822164,23439.1,Al/St 240/40 4-bundle 380.0,"LINESTRING (-3.672311398461351 55.43735367882536, -3.663146627304143 55.434676083417806, -3.6615925 55.4339223, -3.6591367 55.4334163, -3.6540368 55.4324249, -3.6490483 55.4314141, -3.6438332 55.4303814, -3.6384781 55.4293209, -3.6331021 55.4282643, -3.628048 55.4272713, -3.6239109 55.426453, -3.6184229 55.4253725, -3.6135083 55.4243921, -3.6096447 55.4225759, -3.6063057 55.4210146, -3.6037254 55.4197828, -3.6008176 55.4167594, -3.5982834 55.4141717, -3.5947135 55.4124243, -3.5906955 55.4104652, -3.5869714 55.4086451, -3.5829674 55.4066859, -3.5789913 55.4047384, -3.5749382 55.4027471, -3.5709178 55.4007673, -3.5659361 55.3997064, -3.5620511 55.3988677, -3.556948 55.3977745, -3.5518939 55.3966813, -3.5481209 55.3958703, -3.5441378 55.3950117, -3.5376487 55.3935964, -3.5333646 55.3926541, -3.5285203 55.3915835, -3.5271145 55.3902981, -3.5258433 55.3881018, -3.5253845 55.3854217, -3.5249225 55.3827256, -3.5244077 55.3798602, -3.5219755 55.3775412, -3.5194904 55.3752487, -3.5172442 55.3731499, -3.5167324 55.3709488, -3.5162273 55.3687126, -3.5172785 55.3660905, -3.5182312 55.3637041, -3.5183658 55.3616256, -3.5173638 55.3586012, -3.5152144 55.3562518, -3.513185 55.3540344, -3.5112173 55.3518958, -3.5101953 55.3493911, -3.5090272 55.3467117, -3.5078674 55.3438768, -3.5011975 55.3426495, -3.4983963 55.341689, -3.4947423 55.340439, -3.4908037 55.3390952, -3.4877439 55.3372736, -3.4846422 55.3353787, -3.4821605 55.3331801, -3.4799015 55.3311503, -3.4747869 55.3305791, -3.4722474 55.3283927, -3.4700695 55.3264892, -3.4676683 55.3243635, -3.4656642 55.3223213, -3.4631002 55.319719, -3.4613423 55.3178995, -3.4571703 55.3161082, -3.4529431 55.3142773, -3.4490724 55.3126097, -3.4447759 55.3107392, -3.4408854 55.3090771, -3.4374442 55.3076045, -3.4352266513027 55.306642949167106, -3.4284749682641187 55.30102086352227)",False
way/677845115-400,way/34656007-400,400.0,3574.952866822164,21039.48,Al/St 240/40 4-bundle 380.0,"LINESTRING (-4.242535213727529 50.44487758090692, -4.229093321926714 50.44946669947282, -4.2249055 50.4507286, -4.2217481 50.4516989, -4.2182341 50.4544673, -4.2154457 50.4566741, -4.2132489 50.4573292, -4.2060055 50.4595282, -4.2037668 50.4602256, -4.2022932 50.4595771, -4.1983423 50.4578651, -4.1960912 50.4568764, -4.1919651 50.4550946, -4.1905746 50.4536573, -4.188755 50.4517391, -4.1857595 50.4486731, -4.1838476 50.4466166, -4.1802578 50.4429395, -4.1767388 50.4424185, -4.1688609 50.4412922, -4.1651049 50.4406232, -4.1601062 50.4404655, -4.155975 50.4402287, -4.1524029 50.4401101, -4.1481328 50.4401716, -4.142846 50.4403212, -4.1368924 50.4404752, -4.1323336 50.4406576, -4.1277765 50.4417414, -4.1245302 50.4425374, -4.1206159 50.4434008, -4.1160056 50.4443874, -4.1121155 50.4452366, -4.1058376 50.4446586, -4.1016665 50.4442785, -4.0985423 50.4439779, -4.0936671 50.444049, -4.0869122 50.4401898, -4.0810886 50.4371305, -4.0706282 50.433648, -4.0664566 50.4332113, -4.0632811 50.4328826, -4.0569554 50.4303676, -4.0541401 50.429203, -4.0509301 50.4280329, -4.0469618 50.4264495, -4.0429375 50.4249034, -4.0392313 50.423385, -4.0360127 50.4221656, -4.0334532 50.4171981, -4.0315426 50.4140828, -4.0293785 50.4106217, -4.0278207 50.4087512, -4.026338 50.4070304, -4.0233452 50.4035786, -4.0214998 50.4014198, -4.0192116 50.3987422, -4.0170306 50.3961955, -4.015213361923376 50.39370184966854, -4.012721052391446 50.38905382328846)",False
GB36-400,GB37-400,400.0,3574.952866822164,2135.16,Al/St 240/40 4-bundle 380.0,"LINESTRING (-1.2848459143923123 53.610974030945094, -1.2688452116159552 53.61163059287969, -1.2648507 53.6111468, -1.2603017852871377 53.610595904161876, -1.252893500000007 53.609698695359846)",False
way/292371992-400,GB90-400,400.0,3574.952866822164,14336.92,Al/St 240/40 4-bundle 380.0,"LINESTRING (-3.132439502728008 51.20628469901352, -3.1209233707828195 51.200399336952906, -3.1184381 51.1993511, -3.1141036 51.1974524, -3.1091071 51.1967997, -3.1046132 51.1962037, -3.0998325 51.1955833, -3.0949151 51.1949172, -3.0901061 51.1942759, -3.085189 51.1936175, -3.0804943 51.1930026, -3.0757564 51.1923448, -3.0709218 51.1912112, -3.0659268 51.1899439, -3.0614947 51.188896, -3.0561653 51.1875975, -3.0509618 51.186339, -3.0455772 51.1850453, -3.041625 51.1840709, -3.0366954 51.182875, -3.0315398 51.1816364, -3.0265108 51.1804118, -3.0216453 51.1792157, -3.017496 51.1782275, -3.0135074 51.1772563, -3.0097737 51.1763463, -3.0049699 51.1761953, -2.9998192 51.1760252, -2.9950537 51.1758808, -2.9911632 51.1768421, -2.985928 51.1782081, -2.9805484 51.1796087, -2.9753945 51.1809253, -2.974687 51.1811069, -2.9700611 51.1822946, -2.9651014 51.1835584, -2.9607595 51.1833599, -2.9572334784023178 51.18320984547096, -2.9398724598288024 51.18302371197724)",False
way/94530230-400,way/494951597-400,400.0,3574.952866822164,13164.53,Al/St 240/40 4-bundle 380.0,"LINESTRING (0.2864769767677054 51.491958639341064, 0.2937614536428451 51.49319005250536, 0.2965269 51.4935714, 0.302518 51.4943126, 0.3071701 51.4947935, 0.3122942 51.4953225, 0.3138906 51.4974118, 0.3170427 51.4996789, 0.3197185 51.5017238, 0.3209974 51.5035189, 0.3239242 51.5062757, 0.3271429 51.5093421, 0.330207 51.5121679, 0.3346273 51.5132469, 0.3385927 51.5124563, 0.3407899 51.5095023, 0.3430301 51.5064413, 0.3451759 51.5035403, 0.3474247 51.5004949, 0.3492099 51.4981172, 0.3550207 51.4972783, 0.3595439 51.4966851, 0.3642131 51.4960386, 0.3677494 51.4955363, 0.375045 51.4945851, 0.3802206 51.4938958, 0.3854133 51.4931957, 0.3898548 51.4926137, 0.3916103 51.4899553, 0.393333 51.4874636, 0.3952633 51.4843459, 0.3973268 51.4814208, 0.398543 51.4778985, 0.3973518 51.4755477, 0.3961472 51.4731243, 0.3945905 51.4699924, 0.3933324779082541 51.467480013137255, 0.3901193359165864 51.4601736325286)",False
GB90-400,way/1049638569-400,400.0,3574.952866822164,12510.97,Al/St 240/40 4-bundle 380.0,"LINESTRING (-2.9398724598288024 51.18302371197724, -2.93567556666829 51.18854805765151, -2.9341543 51.1894574, -2.9299374 51.1919585, -2.9268918 51.1938621, -2.9245054 51.1965963, -2.9221702 51.1991931, -2.9200689 51.2019985, -2.9177668 51.2045856, -2.9141199 51.2070651, -2.9106372 51.2094037, -2.907301 51.211766, -2.906549 51.2140213, -2.9057958 51.216363, -2.9072711 51.2195724, -2.9087955 51.2230666, -2.9094973 51.2260948, -2.9093814 51.2284013, -2.9092975 51.2312226, -2.9074203 51.2337655, -2.9046375 51.2363386, -2.9015954 51.239355, -2.9012704 51.2423546, -2.9009541 51.2458505, -2.9006481 51.2492511, -2.9001766 51.2526866, -2.8998346 51.2560333, -2.8995571 51.2594146, -2.8992027 51.2627779, -2.8987144 51.2662906, -2.8987677 51.2695925, -2.8987169 51.2723165, -2.8986877 51.2755927, -2.89899 51.2786528, -2.8991637963017127 51.27997669095403, -2.8999640736101533 51.28654274463925)",False
way/820237569-400,way/820231183-400,400.0,3574.952866822164,17130.41,Al/St 240/40 4-bundle 380.0,"LINESTRING (-2.516056398098332 57.40999277831427, -2.5052785720643533 57.408577221095285, -2.5043149 57.4089897, -2.499161 57.4112061, -2.4959153 57.412566, -2.4908521 57.4146872, -2.4871504 57.4162379, -2.4835436 57.4185932, -2.4798214 57.4210237, -2.476717 57.4230508, -2.4732648 57.4253047, -2.4691151 57.4280138, -2.4650541 57.4306649, -2.4614571 57.4324048, -2.4565515 57.4347776, -2.4529011 57.4365431, -2.4491011 57.4383809, -2.4458653 57.4405498, -2.4418873 57.443216, -2.4387045 57.4453491, -2.4347101 57.4480259, -2.4300996 57.4491712, -2.4252366 57.4503792, -2.4191776 57.4518842, -2.4143486 57.4530836, -2.4090135 57.4544088, -2.4042457 57.4555929, -2.4017813 57.456205, -2.40001 57.4566449, -2.3961838 57.4575951, -2.3926529 57.458472, -2.388809 57.4594266, -2.3829079 57.460892, -2.3776517 57.4621973, -2.3728404 57.463392, -2.3675406 57.4647079, -2.3618136 57.4661299, -2.3563138 57.4674954, -2.3513624 57.4687247, -2.3454517 57.4701922, -2.3401873 57.4714991, -2.3348699 57.4728192, -2.3301103 57.4740007, -2.3244105 57.4754156, -2.319034 57.4767501, -2.3146969 57.4778267, -2.3091566 57.4792018, -2.3051772 57.4813072, -2.3015705 57.4832153, -2.2968716 57.4857011, -2.2931411184851256 57.487674360125176, -2.2835747608035395 57.4904932561789)",False
way/23299657-400,GB87-400,400.0,3574.952866822164,2922.63,Al/St 240/40 4-bundle 380.0,"LINESTRING (-0.0036261868778072 51.351994702988286, 0.003560621144238 51.34930490055746, 0.0074337 51.3489877, 0.0117682 51.3486178, 0.0143689 51.3483927, 0.017139 51.3481657, 0.0216645 51.3477708, 0.0254324 51.3474652, 0.0295695 51.3471221, 0.0297577383647543 51.34707365960952, 0.0363620000000033 51.3453210944472)",False
GB86-400,GB87-400,400.0,1787.4764334110816,1070.36,Al/St 240/40 4-bundle 380.0,"LINESTRING (0.0363620000000033 51.3453210944472, 0.0435063862255274 51.34575820379365, 0.044521051714214 51.345855701261264, 0.0516055000000157 51.34658629444774)",False
GB86-400,GB87-400,400.0,1787.4764334110816,1070.72,Al/St 240/40 4-bundle 380.0,"LINESTRING (0.0363620000000033 51.3453210944472, 0.0434337655610523 51.346093868945374, 0.0444550113424972 51.34619215181839, 0.0516055000000157 51.34658629444774)",False
way/635229626-400,way/32227788-400,400.0,3574.952866822164,35723.29,Al/St 240/40 4-bundle 380.0,"LINESTRING (0.7938086030042741 52.6611045708494, 0.8032078604836977 52.66237729236578, 0.806428 52.662714, 0.812168 52.663303, 0.817258 52.663801, 0.822532 52.66438, 0.827778 52.664898, 0.832724 52.665421, 0.837761 52.665984, 0.842949 52.665285, 0.848404 52.664569, 0.854455 52.663788, 0.859836 52.663095, 0.865549 52.662337, 0.871063 52.661615, 0.876541 52.660912, 0.881959 52.660203, 0.887398 52.659549, 0.89302 52.658816, 0.898438 52.658091, 0.904178 52.658143, 0.90906 52.65814, 0.914242 52.658162, 0.919214 52.658208, 0.9238184 52.6581902, 0.924402 52.658188, 0.929815 52.657004, 0.9355488 52.65576, 0.940608 52.654593, 0.945827 52.653467, 0.951219 52.65226, 0.956803 52.651055, 0.962403 52.649838, 0.967441 52.648702, 0.972564 52.647964, 0.978314 52.647104, 0.984017 52.646245, 0.989875 52.64537, 0.995529 52.64453, 1.000957 52.643729, 1.006311 52.642909, 1.011879 52.642089, 1.017485 52.641265, 1.022839 52.640487, 1.028166 52.639676, 1.033428 52.638954, 1.03919 52.638576, 1.044661 52.638332, 1.050321 52.638046, 1.055959 52.637753, 1.061581 52.637469, 1.067744 52.637147, 1.072653 52.636903, 1.077921 52.6366, 1.0811168 52.6348867, 1.0850212 52.6326984, 1.0887294 52.6305864, 1.092609 52.62833, 1.096643 52.626061, 1.099545 52.624407, 1.102903 52.622505, 1.106207 52.620655, 1.111631 52.619867, 1.116925 52.619141, 1.122322 52.618411, 1.126796 52.617773, 1.131216 52.6159, 1.135283 52.614096, 1.139665 52.612206, 1.144112 52.610239, 1.1479654 52.6086572, 1.152604 52.608721, 1.157674 52.608946, 1.163279 52.609079, 1.16829 52.609236, 1.17366 52.609412, 1.1788897 52.6095752, 1.184052 52.6097349, 1.1889184 52.609715, 1.194163 52.6095952, 1.1988211 52.6095785, 1.2032601 52.6095952, 1.2087402 52.6095452, 1.214118 52.6085915, 1.2192065 52.6077969, 1.2204321 52.6050864, 1.2218884 52.6021121, 1.2232804 52.5993329, 1.2283445 52.5978069, 1.2330609 52.5965159, 1.2375161 52.5950507, 1.2409709 52.5938871, 1.2450024 52.5919254, 1.2493291 52.5895833, 1.2525056 52.5867799, 1.2552622 52.5843337, 1.255879066157943 52.58378766325659, 1.2722610780283699 52.574025970583534)",False
GB68-400,way/553490952-400,400.0,3574.952866822164,13198.49,Al/St 240/40 4-bundle 380.0,"LINESTRING (-3.548068357760763 51.74638528125772, -3.539857068071234 51.74769271940313, -3.5354413 51.7475462, -3.5306873 51.7473539, -3.5259461 51.7471457, -3.5205006 51.7469516, -3.5141962 51.7467203, -3.5100287 51.7465516, -3.5047202 51.7463606, -3.499132 51.7461024, -3.4937967 51.7456865, -3.4887743 51.7452835, -3.4834851 51.7448087, -3.4776619 51.7443326, -3.4722248 51.7438916, -3.4676928 51.7434955, -3.4624453 51.7431164, -3.4562648 51.7425564, -3.4531029 51.7421511, -3.451135 51.7393881, -3.4494333 51.7371406, -3.4486999 51.7345751, -3.4477352 51.7318166, -3.4468929 51.7292158, -3.4413898 51.7272139, -3.4369384 51.7255275, -3.4327971 51.7239122, -3.4279437 51.7251823, -3.4224182 51.7265948, -3.4177542 51.7277691, -3.4144743 51.7286189, -3.4112119 51.729484, -3.4073724 51.7295478, -3.4039987 51.7295798, -3.4008135 51.7296519, -3.3980519 51.7296913, -3.3939789 51.7297751, -3.3887773 51.7298592, -3.384571981708376 51.72995326049903, -3.3773280000000034 51.730085594617556)",False
GB83-400,way/103915328-400,400.0,3574.952866822164,11410.36,Al/St 240/40 4-bundle 380.0,"LINESTRING (-2.1505685250801054 51.393693602413045, -2.141904823615198 51.39842051214481, -2.139675 51.3989202, -2.1344269 51.3999808, -2.1289353 51.3985508, -2.1243155 51.3973288, -2.1215479 51.3952633, -2.117652 51.3924007, -2.1140647 51.3898102, -2.1107542 51.3873258, -2.1071448 51.3846334, -2.1037382 51.3821437, -2.0998243 51.3792094, -2.0955302 51.3774663, -2.0911801 51.3758128, -2.0868384 51.373978, -2.082875 51.3725382, -2.0786115 51.3709616, -2.0740091 51.3690849, -2.0695695 51.3673435, -2.0637674 51.3670917, -2.0589553 51.3667862, -2.0537121 51.3666189, -2.0487951 51.3664516, -2.0432083 51.3661757, -2.0385593 51.365933, -2.0336382 51.3667567, -2.0283063 51.3676787, -2.0235729 51.3684764, -2.0190562 51.3692492, -2.017750801016481 51.36946915204681, -2.0105708638014144 51.370535483118914)",False
way/1377318457-400,GB83-400,400.0,3574.952866822164,4737.7,Al/St 240/40 4-bundle 380.0,"LINESTRING (-2.0105708638014144 51.370535483118914, -1.9933991621482434 51.37134201958756, -1.9896997 51.3712819, -1.9852633 51.3712153, -1.9807916 51.3711454, -1.9758627 51.3715806, -1.9707309 51.3720216, -1.9657611 51.3724693, -1.9605235 51.3729178, -1.9579797823751082 51.37165282258564, -1.9465876990777207 51.36594468134901)",False
way/264102298-400,GB92-400,400.0,3574.952866822164,5390.26,Al/St 240/40 4-bundle 380.0,"LINESTRING (0.8923617846995627 50.94264047401145, 0.9008008419410705 50.93984271995631, 0.9006933 50.9366557, 0.9005683 50.933935, 0.9003455 50.9318257, 0.9026261 50.9308581, 0.9048791 50.9301856, 0.9068782 50.9294445, 0.909239 50.9286334, 0.9112146 50.9279547, 0.9135636 50.9271263, 0.9157 50.926371, 0.9180418 50.925576, 0.9202852 50.9247767, 0.9239635 50.9233794, 0.9289328 50.9215023, 0.9325252 50.9201527, 0.9353062616863519 50.919083907011775, 0.9476351382877498 50.91481412340655)",False
way/264102298-400,GB92-400,400.0,3574.952866822164,5376.47,Al/St 240/40 4-bundle 380.0,"LINESTRING (0.8923617846995627 50.94264047401145, 0.8999031383350681 50.93952940846574, 0.8999034 50.9367002, 0.8997668 50.93394, 0.8997055 50.9315189, 0.9023063 50.9305216, 0.9046372 50.9297941, 0.9065877 50.9290817, 0.9088477 50.9283138, 0.9108824 50.9276122, 0.9132443 50.9267789, 0.9153896 50.926022, 0.9176759 50.9252098, 0.9199445 50.9244432, 0.9236865 50.9229917, 0.9286188 50.9210607, 0.9320879 50.9196915, 0.9349599233844198 50.91866573980192, 0.9476351382877498 50.91481412340655)",False
way/925179651-400,relation/7872518-400,400.0,3574.952866822164,12596.17,Al/St 240/40 4-bundle 380.0,"LINESTRING (0.5371121581757673 51.7655580966421, 0.5413723059038771 51.770082401141266, 0.543716 51.7719429, 0.5471699 51.774743, 0.5476856 51.7783291, 0.5481435 51.7812606, 0.5485066 51.7834141, 0.5466771 51.7864998, 0.5447892 51.7897731, 0.5429649 51.7928839, 0.5411285 51.7961648, 0.5393596 51.7992629, 0.5375907 51.8023155, 0.5356479 51.8055632, 0.5339971 51.8086564, 0.5367851 51.8113212, 0.5402291 51.8143126, 0.5435228 51.8173436, 0.5469024 51.8202684, 0.5506682 51.8224369, 0.5550017 51.8249827, 0.5586507 51.8271407, 0.5630386 51.8297243, 0.5664504 51.8316737, 0.5701625 51.8339146, 0.5714393 51.8370437, 0.5726087 51.8403252, 0.5740705 51.8440261, 0.5742207 51.8444189, 0.5752587 51.8471325, 0.5766878 51.8510394, 0.57778 51.8540249, 0.5763505057649362 51.85624724869928, 0.5758981171408233 51.86573282741804)",False
relation/9409219-400,way/636630371-400,400.0,3574.952866822164,3449.79,Al/St 240/40 4-bundle 380.0,"LINESTRING (-1.32873778206139 50.82162304442217, -1.3212615743690976 50.82438517974582, -1.2975864520903884 50.83258402570153, -1.2850681815392417 50.83562429179856)",False
way/98899051-400,GB52-400,400.0,1787.4764334110816,6026.42,Al/St 240/40 4-bundle 380.0,"LINESTRING (-4.158252803363987 53.187491046335566, -4.159274173078817 53.18161083578717, -4.15867 53.1791642, -4.1560699 53.1754356, -4.1560018 53.174935, -4.1555904 53.1744585, -4.1549429 53.1741292, -4.1514603 53.1715797, -4.1503901 53.1707475, -4.1494846 53.1700339, -4.1491386 53.1697911, -4.1486263 53.1692911, -4.1483108 53.1686625, -4.1478613 53.167306, -4.1475818 53.1666384, -4.1472665 53.1661862, -4.1468066 53.1657621, -4.1444135 53.1647149, -4.1421905 53.1626746, -4.1403775 53.1596719, -4.1400731 53.1592564, -4.1398153 53.1588934, -4.139553 53.1584398, -4.1393837 53.1578631, -4.139367 53.1575213, -4.1394305 53.1571469, -4.1395833 53.1567551, -4.1397586 53.156447, -4.1399128 53.156202, -4.1402832 53.1558051, -4.1407926 53.1554465, -4.1412471 53.1551817, -4.1426574 53.1545256, -4.1433376 53.1541861, -4.1438917 53.1538311, -4.1443771 53.1534238, -4.1451988 53.1524753, -4.1455222 53.152202, -4.1460406 53.1518969, -4.1465007 53.1516764, -4.1468867 53.1515139, -4.1467866 53.1512762, -4.1470329 53.151157, -4.1475116 53.1512774, -4.1482765 53.1509505, -4.1488893 53.1505581, -4.1493992 53.1501431, -4.1499811 53.1496572, -4.1506048 53.1491424, -4.1515813 53.1483285, -4.1527601 53.1470517, -4.1543449 53.1452437, -4.154513014267301 53.14505384176454, -4.156151499999993 53.14068719518802)",False
GB52-400,GB53-400,400.0,3574.952866822164,4658.33,Al/St 240/40 4-bundle 380.0,"LINESTRING (-4.156151499999993 53.14068719518802, -4.150770322962602 53.13757175972396, -4.1505806 53.1374701, -4.1492938 53.1370295, -4.1484347 53.1366635, -4.1467642 53.1362857, -4.1459327 53.1359994, -4.1450183 53.1354524, -4.1448292 53.1352011, -4.1444667 53.1348979, -4.1440542 53.1346021, -4.143046 53.1341519, -4.1415596 53.1336986, -4.1379783 53.1323631, -4.133767 53.1313692, -4.1319091 53.1308984, -4.1306377 53.1305211, -4.1290359 53.1299468, -4.1271047 53.1283375, -4.1258602 53.1271015, -4.1254095 53.1267409, -4.1174917 53.12414, -4.1143232 53.1222023, -4.113751 53.1220077, -4.105170252291474 53.122321455694156, -4.097702899999986 53.12259449518128)",False
way/92483460-400,way/95896505-400,400.0,3574.952866822164,2556.65,Al/St 240/40 4-bundle 380.0,"LINESTRING (-2.635734492607127 51.87684294358998, -2.6279716648537987 51.87886705722935, -2.6258967 51.8793656, -2.6245696 51.8808866, -2.6223992 51.88154, -2.6196783 51.8823469, -2.6184695 51.8834727, -2.6128335 51.886362, -2.6124338353791514 51.88651144584385, -2.604575848142416 51.88822884731259)",False
way/209404646-400,way/142397822-400,400.0,3574.952866822164,5587.04,Al/St 240/40 4-bundle 380.0,"LINESTRING (-1.2295251461068624 54.50409954867983, -1.2226336056125284 54.50654692934081, -1.2213022 54.5070533, -1.217682 54.5071746, -1.2126117 54.5066728, -1.2112878 54.5061914, -1.2049357 54.505129, -1.1979094 54.5048632, -1.1931425 54.5047122, -1.1908098 54.5065307, -1.1855655 54.510704, -1.181646 54.5143206, -1.1756265 54.5165522, -1.1703775 54.5182201, -1.1695566 54.5187048, -1.1671365 54.5204918, -1.1661543 54.5209997, -1.1661261732617791 54.521015561361786, -1.1607243254805697 54.52456441901472)",False
way/49601061-400,way/93299730-400,400.0,1787.4764334110816,2669.92,Al/St 240/40 4-bundle 380.0,"LINESTRING (-0.2573692200858875 51.53409061124915, -0.2504259601617566 51.52972413497992, -0.2498894 51.5293286, -0.2492594 51.5289635, -0.2485609 51.5286847, -0.2470841 51.5282687, -0.2457918 51.5279655, -0.2451282 51.5278529, -0.2446194 51.5278549, -0.244109 51.5278805, -0.2439076 51.5278698, -0.2436489 51.5278076, -0.2431217 51.5276184, -0.2425347 51.5270823, -0.2421043 51.5266891, -0.2416134 51.5263031, -0.2411677 51.5261, -0.2405508 51.5260393, -0.2386113 51.5261069, -0.2359268 51.5261773, -0.2350522 51.526196, -0.2346721 51.5261999, -0.2329441610667759 51.52621772251136, -0.2240061349207386 51.526205291383576)",False
way/227589012-400,way/371757485-400,400.0,1787.4764334110816,6524.05,Al/St 240/40 4-bundle 380.0,"LINESTRING (-0.113517264838461 51.56149743945649, -0.1066488209605606 51.56373898563161, -0.1048205 51.5645006, -0.1040911 51.5648044, -0.1040078 51.5658496, -0.1039623 51.5661449, -0.103619 51.5676388, -0.1029714 51.56921, -0.1029538 51.5692526, -0.1020418 51.5703729, -0.0988768 51.5721334, -0.0946604 51.5736737, -0.0939515 51.5738898, -0.0937242 51.5739591, -0.092976 51.5741872, -0.0919253 51.5744044, -0.0902669 51.5747473, -0.0842856 51.5747023, -0.0805627 51.5747006, -0.0776659 51.5744072, -0.0736963 51.5736537, -0.0718938 51.5731403, -0.0683748 51.5723401, -0.0667225 51.5718867, -0.0638365 51.5704063, -0.0597488 51.5706263, -0.054674 51.5698411, -0.050817 51.5691292, -0.0492452 51.5687458, -0.0474052 51.5678522, -0.0462304 51.5669252, -0.0458391 51.5663635, -0.0453563 51.5650096, -0.0451440430231972 51.56432703186834, -0.0426580747544312 51.55924380725732)",False
way/93299730-400,GB79-400,400.0,3574.952866822164,5488.33,Al/St 240/40 4-bundle 380.0,"LINESTRING (-0.2240061349207386 51.526205291383576, -0.2284569450201814 51.52203017665824, -0.2283993 51.5218766, -0.2282964 51.5216769, -0.2281265 51.5214215, -0.2278582 51.5211333, -0.2276469 51.5209459, -0.2265112 51.5199833, -0.2261481 51.5197302, -0.2259459 51.5195857, -0.2257122 51.5193758, -0.2246956 51.518385, -0.2241665 51.5178714, -0.2238915 51.5176083, -0.2234754 51.5171498, -0.2229322 51.5165076, -0.2226118 51.5161103, -0.2224962 51.5159045, -0.2224237 51.5157309, -0.2223864 51.5156118, -0.2222867 51.5152624, -0.2221423 51.5149897, -0.2220427 51.5148399, -0.2218617 51.5145707, -0.2216713 51.514308, -0.2213629 51.5139262, -0.2212679 51.5138314, -0.2211738 51.5137523, -0.2210067 51.5135941, -0.2208881 51.5134597, -0.2207503 51.5132759, -0.2204315 51.5127214, -0.2200161 51.5119569, -0.2197792 51.5114218, -0.2195711 51.5107892, -0.219073 51.5095044, -0.2187793 51.508675, -0.2186011 51.508274, -0.2185102 51.5080706, -0.2183299 51.507664, -0.2181738 51.5073094, -0.2179712 51.5068464, -0.2176819 51.5062952, -0.2173945 51.5059053, -0.2171125 51.5056004, -0.2167419 51.5052554, -0.216407 51.5049168, -0.2161388 51.5045334, -0.2159833 51.504288, -0.2156445 51.5038787, -0.2153076 51.5036038, -0.2144688 51.502978, -0.2133934 51.5021782, -0.2065173 51.4970714, -0.2061255 51.4968509, -0.2058749 51.49674, -0.2056119 51.4966407, -0.2050204 51.4964161, -0.2048237 51.4963119, -0.2042615 51.4959376, -0.2037463 51.4955535, -0.2032312 51.4951541, -0.2024907 51.4945509, -0.2018202 51.4939707, -0.2010307 51.493284, -0.2005059 51.4928842, -0.2001285 51.4926307, -0.199447 51.4922066, -0.1984042 51.4916417, -0.1942744975213181 51.48945093062395, -0.1924749018915676 51.48511554655636)",False
GB79-400,way/23299459-400,400.0,3574.952866822164,6733.49,Al/St 240/40 4-bundle 380.0,"LINESTRING (-0.1924749018915676 51.48511554655636, -0.1873715782436 51.48170178055921, -0.1872168 51.4816346, -0.1863011 51.4813145, -0.1858615 51.4811092, -0.1854998 51.4808922, -0.1852229 51.4806695, -0.184981 51.4804235, -0.1842224 51.4794766, -0.1838702 51.4790346, -0.1837663 51.4788741, -0.1836687 51.478674, -0.1836166 51.4785284, -0.1835848 51.4783853, -0.1835656 51.4780613, -0.1835929 51.4776794, -0.1836175 51.4774183, -0.1836524 51.4770442, -0.183667 51.4768855, -0.1836765 51.4767278, -0.1836659 51.4765577, -0.1836462 51.4764372, -0.1836082 51.4762953, -0.183517 51.476083, -0.1834726 51.4760026, -0.1833918 51.4758674, -0.1832541 51.4756587, -0.1831308 51.4754171, -0.1830777 51.4752793, -0.1830393 51.4751218, -0.1830127 51.4748796, -0.1830326 51.4746364, -0.1830811 51.4744075, -0.1832492 51.4740516, -0.1834375 51.4737492, -0.1837089 51.473323, -0.183942 51.4729516, -0.1841787 51.4725795, -0.184365 51.4722858, -0.1845942 51.4719213, -0.1847581 51.4716582, -0.1849403 51.4713439, -0.1850129 51.4711669, -0.1850519 51.4709843, -0.1850831 51.4707792, -0.1850975 51.4706003, -0.1851143 51.4703959, -0.1851695 51.4701789, -0.1852859 51.46992, -0.1854168 51.4697089, -0.185586 51.4695016, -0.1858448 51.4692519, -0.1861731 51.4689319, -0.1869172 51.4682183, -0.1871975 51.4679461, -0.1874253 51.4677449, -0.1877086 51.4675327, -0.188 51.4673556, -0.1882565 51.4672271, -0.18849 51.4671225, -0.1902707 51.4663706, -0.1909377 51.4660904, -0.191341 51.4659122, -0.1916978 51.4656994, -0.1920845 51.4653847, -0.1923018 51.4651358, -0.1925152 51.4648136, -0.192685 51.4645912, -0.1928818 51.4643963, -0.1931247 51.4641968, -0.1933679 51.46401, -0.1935872 51.4638328, -0.1937675 51.4636577, -0.1939048 51.4634966, -0.1940183 51.4633187, -0.1941136 51.4631386, -0.1941539 51.4630425, -0.1942058 51.4628505, -0.1942388 51.4626598, -0.1942389 51.4624457, -0.1942074 51.4621641, -0.1941978 51.4620453, -0.1941842 51.4619208, -0.1941425 51.4616174, -0.1941214 51.461449, -0.1940827 51.4613021, -0.1939412 51.4609833, -0.193681 51.4605835, -0.1935321 51.4603013, -0.1934653 51.4600735, -0.193382 51.4597523, -0.1932699 51.4593093, -0.193296 51.4592034, -0.1935438 51.4588915, -0.1937 51.4586856, -0.1938308 51.4584512, -0.1938749 51.4583481, -0.193942 51.4581261, -0.1939669 51.4578451, -0.1939971 51.4576221, -0.1940891 51.4573257, -0.1942259 51.4570751, -0.1944506 51.4567866, -0.1946596 51.4565872, -0.1949001 51.4563924, -0.1952263 51.4561364, -0.1953937 51.4560058, -0.1956273 51.4558248, -0.1957658 51.4556994, -0.1958794 51.4555876, -0.1959884 51.4554596, -0.196077 51.4553397, -0.1961885 51.4551504, -0.1962821 51.4549649, -0.1963406 51.4547683, -0.1963684 51.4545892, -0.1963672 51.4543667, -0.1963485 51.4541899, -0.1963058 51.4540291, -0.1962164 51.4538021, -0.1958342 51.4529252, -0.1948489 51.4506925, -0.194042 51.4488706, -0.1939465 51.4486477, -0.1938739 51.4484986, -0.1937974 51.4483285, -0.1937081 51.4481108, -0.1936201 51.4479128, -0.1935353 51.4476551, -0.193488 51.4474319, -0.1934406 51.4471064, -0.1933955 51.4468349, -0.1933714 51.4465954, -0.193334 51.4462511, -0.1932869 51.4459486, -0.1932619 51.4457579, -0.1932309 51.4455415, -0.1932009 51.4453203, -0.1931745 51.4451304, -0.1931518 51.4449758, -0.1931113 51.4446689, -0.1930846 51.4445185, -0.1930116 51.4442828, -0.1929048 51.444047, -0.1928108 51.4438808, -0.1926931 51.443691, -0.192625 51.4436049, -0.1924921 51.4434445, -0.1923367 51.4432879, -0.192234 51.4431986, -0.1920562 51.4430449, -0.1917668 51.4428138, -0.1916219 51.442693, -0.1914461 51.442556, -0.1912456 51.442384, -0.1910639 51.4422073, -0.190894 51.4420222, -0.1907742 51.4418644, -0.1906596 51.4416782, -0.1905402 51.44147, -0.1904544 51.4413225, -0.1903199 51.441074, -0.1902158 51.4408882, -0.1901272 51.4407282, -0.1900376 51.4405753, -0.1899175 51.4403464, -0.1898184 51.4401689, -0.1897217 51.4399774, -0.1896206 51.4398126, -0.189541 51.4396633, -0.1894758 51.4395424, -0.1894158 51.4394072, -0.189339 51.4391668, -0.1892993 51.4389858, -0.1892943328010371 51.438933695096594, -0.1880406282009816 51.430673628810894)",False
way/93299730-400,way/31015820-400,400.0,1787.4764334110816,4275.51,Al/St 240/40 4-bundle 380.0,"LINESTRING (-0.2240061349207386 51.526205291383576, -0.2153939813339214 51.52653057363779, -0.2138406 51.5266587, -0.2130101 51.5266726, -0.2118986 51.5266053, -0.2102571 51.5264251, -0.2082186 51.5261047, -0.2072282 51.525923, -0.2071406 51.5259062, -0.2068132 51.5258444, -0.2059656 51.5254973, -0.2054184 51.5246362, -0.2045695 51.5236609, -0.203724 51.5232956, -0.2024092 51.5228759, -0.2011099 51.5225069, -0.200275 51.5222419, -0.1991243 51.5218729, -0.1980863 51.5215807, -0.1971419 51.5214338, -0.1959349 51.521494, -0.1951088 51.5216501, -0.1926833 51.5223865, -0.190865 51.5228715, -0.1903666 51.5229755, -0.1894869 51.5229518, -0.188451 51.5226708, -0.1846231 51.5214639, -0.1843112 51.5213736, -0.1839677 51.5212578, -0.1837472 51.5211778, -0.1831309 51.5211545, -0.1827554 51.5213415, -0.1791076 51.5234176, -0.1780978439030634 51.523950819408924, -0.1701849107179376 51.527561029266714)",False
way/97551523-400,way/111550033-400,400.0,3574.952866822164,1996.66,Al/St 240/40 4-bundle 380.0,"LINESTRING (-2.416744037747287 55.948838025084804, -2.4152761820409805 55.95470125060422, -2.4151342 55.9555179, -2.4146741 55.9583334, -2.4143226 55.9600723, -2.4138885 55.9605642, -2.4136168 55.9608131, -2.4133592 55.9611183, -2.4134226 55.9616137, -2.41338249263449 55.961737926068764, -2.4103305004318467 55.9661911497436)",False
way/97551523-400,way/111550033-400,400.0,3574.952866822164,1990.46,Al/St 240/40 4-bundle 380.0,"LINESTRING (-2.416744037747287 55.948838025084804, -2.41483376785438 55.95452484872828, -2.4146701 55.9552025, -2.4140172 55.9585405, -2.413974 55.9600539, -2.4136556 55.9604556, -2.4133858 55.9606761, -2.4130783 55.9611625, -2.4129790695630278 55.961662865220575, -2.4103305004318467 55.9661911497436)",False
way/23299362-400,way/23299657-400,400.0,3574.952866822164,9954.55,Al/St 240/40 4-bundle 380.0,"LINESTRING (-0.1274371096384897 51.37337985661656, -0.1178026289278957 51.37480406491513, -0.1168577 51.3750492, -0.1164842 51.3751237, -0.1161137 51.3751773, -0.1155977 51.3752211, -0.1150162 51.3752441, -0.1144519 51.3752234, -0.1138159 51.3751807, -0.1129396 51.3751157, -0.11242 51.375074, -0.1119727 51.3750071, -0.1115278 51.3749214, -0.1110854 51.3748104, -0.1107318 51.374701, -0.1104061 51.3745761, -0.1100662 51.3744294, -0.1095005 51.3741345, -0.1087712 51.3737427, -0.1083127 51.373484, -0.1080308 51.3733568, -0.107626 51.373199, -0.1074233 51.3730736, -0.107164 51.3728949, -0.1071393 51.3728723, -0.1068082 51.3725699, -0.1066587 51.3723741, -0.1065716 51.3722113, -0.106457 51.3719269, -0.1064347 51.3718095, -0.1064055 51.371596, -0.1064048 51.3712756, -0.1063881 51.3711531, -0.1063553 51.3710234, -0.1062593 51.3707775, -0.1060855 51.370483, -0.1057036 51.3700558, -0.1056279 51.369971, -0.1049797 51.3693977, -0.104362 51.3689689, -0.1037878 51.368654, -0.103165 51.3683848, -0.1027942 51.3682433, -0.1024233 51.3681158, -0.1018056 51.3679592, -0.1011635 51.3678255, -0.0992522 51.3676978, -0.0987542 51.3676465, -0.0982651 51.3675775, -0.0974065 51.3673728, -0.0969441 51.3672974, -0.0959606 51.3671376, -0.0938829 51.3669116, -0.0931931 51.366769, -0.0928126 51.3666627, -0.092433 51.3665467, -0.0919682 51.3664141, -0.0913319 51.3662756, -0.0897166 51.3660023, -0.0885908 51.3658294, -0.0875714 51.3655777, -0.0867104 51.3652614, -0.0853031 51.3647898, -0.0842942 51.3646323, -0.0835894 51.3645431, -0.0791515 51.3642778, -0.0782376 51.3642077, -0.0771231 51.3640675, -0.0755456 51.3637027, -0.0739886 51.3632319, -0.0728289 51.3630135, -0.0717855 51.3629819, -0.0709124 51.3630274, -0.0704494 51.3629921, -0.0692245 51.3628203, -0.0680545 51.3626638, -0.0665627 51.3623674, -0.0651263 51.3619019, -0.0631133 51.3611606, -0.0608337 51.3599596, -0.0585672 51.3593846, -0.0576639 51.3591734, -0.0569842 51.3589914, -0.056362 51.3587722, -0.0554359 51.3583895, -0.0536811 51.3576505, -0.0522581 51.3571205, -0.0514714 51.3567414, -0.0508059 51.3564102, -0.0495497 51.3558186, -0.0490294 51.3556173, -0.0483923 51.3554455, -0.0466182 51.3550536, -0.0460082 51.3549434, -0.045359 51.3548705, -0.0446201 51.3548284, -0.0439149 51.3548215, -0.0430018 51.3548231, -0.0423406 51.3547932, -0.0418067 51.3547148, -0.0381653 51.3541672, -0.0363628 51.3539817, -0.0351502 51.3538605, -0.0345896 51.3538006, -0.0342312 51.3537722, -0.0337399 51.3536816, -0.0333194 51.3535908, -0.0329994 51.3534909, -0.0326102 51.3533515, -0.0322698 51.3532103, -0.0319896 51.3530709, -0.0315795 51.3528101, -0.0313395 51.3526405, -0.031039 51.3523812, -0.0305585 51.3519207, -0.0263102 51.3480205, -0.0257477 51.3476433, -0.0252388 51.347395, -0.0246374 51.3471539, -0.0240657 51.347004, -0.0233265 51.3468737, -0.0224774 51.3468055, -0.0216618 51.3468293, -0.0210137 51.3469242, -0.0203228 51.3470628, -0.0196644 51.3472947, -0.0190639 51.3475195, -0.0186147 51.3476701, -0.0181649 51.347816, -0.0177701 51.3479257, -0.0174222 51.3480036, -0.017052 51.3480862, -0.0164566 51.3481976, -0.0160746 51.3482596, -0.0156869 51.3483082, -0.0153028 51.3483498, -0.014958 51.3483778, -0.0146479 51.3483972, -0.0143117 51.3484102, -0.0139279 51.3484153, -0.0135008 51.3484204, -0.0128885 51.3483905, -0.0124167 51.3483518, -0.0117064 51.3482682, -0.0109339 51.3482444, -0.0101946 51.348287, -0.0098770931228835 51.348328605113885, -0.0036261868778072 51.351994702988286)",False
way/1275300370-400,way/103150854-400,400.0,3574.952866822164,4174.03,Al/St 240/40 4-bundle 380.0,"LINESTRING (0.2377446512444168 51.463718492750935, 0.2546007570620464 51.463900054584606, 0.2588637 51.4694555, 0.2600008 51.470712, 0.2604667 51.4715101, 0.2606935 51.4718516, 0.2610454 51.4722201, 0.2615133 51.4726205, 0.262012 51.4729245, 0.2625817 51.4731504, 0.2632869 51.4734155, 0.2639245 51.4735686, 0.2644468562860486 51.47365777841291, 0.2883449366638076 51.47116390590863)",False
way/31015820-400,way/447301159-400,400.0,3574.952866822164,6400.83,Al/St 240/40 4-bundle 380.0,"LINESTRING (-0.1701849107179376 51.527561029266714, -0.1655768943828482 51.532528215104286, -0.1655286 51.5325721, -0.1654718 51.5327313, -0.1652664 51.5329688, -0.1650273 51.5332432, -0.1647252 51.5336046, -0.1644248 51.5339058, -0.1642276 51.534101, -0.1640332 51.5342595, -0.1638307 51.5343938, -0.1637001 51.5344692, -0.1632358 51.5346662, -0.1631236 51.5347138, -0.1629564 51.5347987, -0.1621426 51.5350868, -0.1615668 51.5352985, -0.1610479 51.5354549, -0.1578936 51.5362324, -0.1566073 51.5365474, -0.155725 51.5367663, -0.1553331 51.5368285, -0.1537152 51.5370778, -0.1526184 51.5372435, -0.1523099 51.5372816, -0.1521362 51.5373062, -0.1520598 51.5373218, -0.1520182 51.5373369, -0.1519847 51.5373619, -0.15195 51.5373932, -0.1519156 51.5374401, -0.1519184 51.5375646, -0.1519069 51.5376322, -0.1518733 51.5378524, -0.1517674 51.5382561, -0.1516521 51.5384738, -0.1514945 51.5386941, -0.1512974 51.5389159, -0.1508555 51.5393405, -0.1503566 51.5397226, -0.1498899 51.5400195, -0.1495144 51.5402188, -0.1491952 51.540354, -0.1488894 51.5404407, -0.1482309 51.5405603, -0.1479171 51.5406134, -0.1471674 51.5407268, -0.146873 51.5407966, -0.1462775 51.5409555, -0.1459788 51.5410597, -0.1450056 51.5414175, -0.1449238 51.5414704, -0.1448498 51.5415198, -0.1446161 51.5416123, -0.1443781 51.5416577, -0.1442525 51.5416716, -0.1437849 51.5417973, -0.143547 51.5418848, -0.1434086 51.5419071, -0.1432002 51.5419183, -0.1430324 51.5418986, -0.1428465 51.5418651, -0.142796 51.541846, -0.142689 51.5417809, -0.1425601 51.5417081, -0.1424003 51.5416404, -0.1422216 51.5415901, -0.1421738 51.5415683, -0.1421197 51.5415183, -0.1418956 51.5414339, -0.1417666 51.5414067, -0.1416458 51.5413586, -0.1412341 51.5411802, -0.1410607 51.5410884, -0.1409314 51.5410364, -0.1408402 51.5410056, -0.1407865 51.5409967, -0.1407254 51.54099, -0.1406624 51.5409883, -0.140596 51.5409875, -0.1405333 51.5409925, -0.1404492 51.5410092, -0.1400616 51.541126, -0.139835 51.5411994, -0.1395532 51.5412379, -0.1394012 51.5412332, -0.1393013 51.5412032, -0.1388292 51.5410015, -0.1386288 51.5409279, -0.1383733 51.5408395, -0.1382472 51.5408185, -0.1381147 51.5408052, -0.1379337 51.5407984, -0.1377568 51.5408008, -0.1376176 51.5408148, -0.1373688 51.540854, -0.1371793 51.5409006, -0.1370191 51.5409143, -0.1368371 51.5409165, -0.1366843 51.5408995, -0.1365975 51.540882, -0.136505 51.5408369, -0.1354989 51.5402578, -0.1353741 51.5402144, -0.1351664 51.5401205, -0.1348037 51.5399274, -0.1342925 51.5396493, -0.1334629 51.5392312, -0.1332419 51.5391071, -0.1331024 51.5390059, -0.1325217 51.5385598, -0.1323108 51.5384005, -0.1319283 51.5382296, -0.1312217 51.5379066, -0.1304694 51.5375374, -0.1302638 51.5374118, -0.130193 51.5373699, -0.1296532 51.5373006, -0.1288586 51.5370804, -0.1286307 51.5369857, -0.1284728 51.5369072, -0.1283047 51.5367957, -0.1279493 51.5365454, -0.1278899 51.5364782, -0.127826 51.536355, -0.1275899 51.5360916, -0.1275125 51.536043, -0.1274901 51.5360197, -0.1273554 51.5358317, -0.1273061 51.5357727, -0.1271274 51.5355592, -0.1268889 51.5352743, -0.1267728 51.5351447, -0.1267301 51.5350982, -0.1267201 51.5350875, -0.126628 51.5349913, -0.1265457 51.5349252, -0.1264478 51.5348731, -0.1263563 51.5348399, -0.1262708 51.5348237, -0.1261374 51.5347988, -0.1260609 51.5347916, -0.1257782 51.5347759, -0.125606 51.5347699, -0.1254226 51.534834, -0.1251102 51.5349385, -0.1249272 51.5349749, -0.1244662 51.5350891, -0.1239444 51.5352287, -0.1236869 51.5353274, -0.1234499 51.5354624, -0.1231422 51.5355675, -0.1230262 51.5356052, -0.1226185 51.5356009, -0.1224885 51.5355601, -0.1224425 51.5355463, -0.1221735 51.535524, -0.1219199 51.5355215, -0.1217849 51.5355157, -0.1179075 51.5351572, -0.1155142 51.5349382, -0.1149412 51.5348928, -0.1026261 51.5332159, -0.1025515146622294 51.533212742577426, -0.0958864032625618 51.530398354852124)",False
way/371757485-400,way/23228362-400,400.0,1787.4764334110816,5927.64,Al/St 240/40 4-bundle 380.0,"LINESTRING (-0.0426580747544312 51.55924380725732, -0.0330800317011663 51.55754664403056, -0.0329053 51.557496, -0.0281821 51.5559806, -0.0247085 51.5548044, -0.0217822 51.5535787, -0.0200468 51.5527865, -0.0191644 51.5522149, -0.0183275 51.5514722, -0.0176195 51.5506721, -0.0165278 51.5490155, -0.0161469 51.5481465, -0.0159216 51.5472791, -0.0156909 51.5463701, -0.0152511 51.545519, -0.014725 51.5445318, -0.0139714 51.5431148, -0.0137006 51.5426086, -0.0136176 51.5424534, -0.0131588 51.5419304, -0.0123706 51.5413161, -0.0109166 51.540183, -0.0099313 51.5393439, -0.0092364 51.5382327, -0.008359 51.5363377, -0.0077945 51.5356134, -0.0064694 51.534386, -0.0057721 51.53392, -0.0016662 51.5319547, -0.0003192 51.5313004, 0.0003329 51.5308115, 0.0003744 51.5307212, 0.0007795 51.5299099, 0.0007778 51.5293732, 0.0006075 51.5288337, 0.000405 51.5279581, 0.0005123 51.5260391, 0.0003601338596986 51.52553824150138, 0.0012220818911716 51.51941878826544)",False
way/1274396508-400,way/375626500-400,400.0,3574.952866822164,3121.39,Al/St 240/40 4-bundle 380.0,"LINESTRING (-3.0742279809374113 53.22972662832484, -3.065747619547779 53.22624670625282, -3.0649066 53.225306, -3.062203 53.2265264, -3.0580567 53.2285613, -3.0491353 53.2296735, -3.0473328 53.2290055, -3.0415721349258327 53.229460945854896, -3.032722036000424 53.2303521092484)",False
way/32604320-400,GB81-400,400.0,3574.952866822164,2823.06,Al/St 240/40 4-bundle 380.0,"LINESTRING (0.1550519045489018 51.432873710081715, 0.1628746802715656 51.43465569386324, 0.1659315 51.4362287, 0.166248 51.4363731, 0.1665257 51.4364815, 0.1690117 51.437404, 0.1692458 51.4375009, 0.169462 51.4375954, 0.1696735 51.4376984, 0.16987 51.4378037, 0.1700671 51.43792, 0.1703502 51.4381006, 0.1765572 51.4424268, 0.1767532 51.4425872, 0.1769421 51.4427593, 0.1771064 51.4429398, 0.1772615 51.4431514, 0.1773899572797376 51.44337217367344, 0.1654369068235738 51.443551664677564)",False
way/94530230-400,way/103829261-400,400.0,3574.952866822164,2349.72,Al/St 240/40 4-bundle 380.0,"LINESTRING (0.3901193359165864 51.4601736325286, 0.3976141543718417 51.450056576467446, 0.4026360602246363 51.44613550062078, 0.4076182109493994 51.44231108382325)",False
way/23281217-400,way/775577829-400,400.0,1787.4764334110816,13190.89,Al/St 240/40 4-bundle 380.0,"LINESTRING (0.9752363053510726 51.1059427193376, 0.9850173159361756 51.107176163555536, 0.9854114 51.1071799, 1.0056677 51.101784, 1.006061 51.1016792, 1.0065185 51.1015559, 1.006577 51.1015396, 1.0066733 51.1015164, 1.0079741 51.1011674, 1.0130757 51.101639, 1.0146367 51.1013055, 1.0154307 51.1012988, 1.0168683 51.1017636, 1.018939 51.1015278, 1.0220289 51.1026394, 1.0256175 51.1021787, 1.0268569 51.1020196, 1.0317278 51.1014065, 1.0338736 51.101639, 1.0376499 51.1008776, 1.0400051 51.1004027, 1.0398549 51.0997795, 1.0416305 51.0992877, 1.0424352 51.0983411, 1.0416949 51.097327, 1.0421938 51.097071, 1.0445058 51.0967745, 1.0473061 51.0967308, 1.0474187 51.0980008, 1.0496557 51.0980109, 1.0521823 51.0960266, 1.0586894 51.0952653, 1.059832 51.0962928, 1.0616612 51.0954842, 1.0734791 51.0964848, 1.0775185 51.0963635, 1.07916 51.0960806, 1.0815203 51.0949823, 1.0844117 51.0937155, 1.0864931 51.0939951, 1.0886872 51.0943792, 1.0896259 51.0944735, 1.0925388 51.0943523, 1.0938531 51.0943691, 1.0955429 51.0942545, 1.0965514 51.094268, 1.0976243 51.0944095, 1.0988474 51.09477, 1.0998827 51.0950665, 1.1021197 51.0954977, 1.1023718 51.0963366, 1.1024389 51.0972715, 1.1058024 51.0974685, 1.1064756 51.097071, 1.1069745 51.0970441, 1.1086482 51.0969329, 1.1117595 51.0964242, 1.1148494 51.0960637, 1.1186957 51.0973473, 1.1233467 51.0978829, 1.1262864 51.0977246, 1.1291456 51.0976841, 1.1347836 51.0982299, 1.1360449310635958 51.098349802835514, 1.1449680724783617 51.098552940857815)",False
way/895564309-400,way/190511290-400,400.0,1787.4764334110816,1635.17,Al/St 240/40 4-bundle 380.0,"LINESTRING (-0.2263395820250131 52.94495795675022, -0.2203706928612915 52.94061256030891, -0.2188021 52.9393855, -0.2180708941221804 52.93765073956206, -0.2198088135516616 52.93205225140846)",False
GB73-400,GB76-400,400.0,1787.4764334110816,3180.79,Al/St 240/40 4-bundle 380.0,"LINESTRING (-1.1635073998610987 51.511287594529534, -1.1687881279425156 51.514524077529245, -1.1693998 51.5188995, -1.1697417 51.5202212, -1.1680225 51.5210851, -1.1668239 51.5216705, -1.1658113 51.5219362, -1.1658397 51.522879, -1.1667126 51.5244788, -1.1668199 51.5253833, -1.1665868 51.5264797, -1.1660072 51.5266457, -1.1655047 51.5266898, -1.165054 51.5265024, -1.1644688 51.5269466, -1.1642787 51.5274255, -1.164582 51.5289419, -1.1650388590272116 51.53125754528863, -1.1608888998874185 51.53502989454073)",False
GB76-400,GB73-400,400.0,1787.4764334110816,3161.04,Al/St 240/40 4-bundle 380.0,"LINESTRING (-1.1635073998610987 51.511287594529534, -1.1685746119314573 51.51465836011687, -1.1692265 51.5189748, -1.1694914 51.5201563, -1.167874 51.5209691, -1.1667019 51.5215416, -1.16557 51.5218386, -1.1656022 51.5229067, -1.1665598 51.5245289, -1.1666751 51.5253733, -1.1663774 51.5263695, -1.165967 51.526463, -1.1655486 51.5265297, -1.1650068 51.5263044, -1.1642504 51.5268785, -1.1640358 51.5274192, -1.1644301 51.528956, -1.1647831969986873 51.53115272409756, -1.1608888998874185 51.53502989454073)",False
way/895564309-400,way/190511290-400,400.0,1787.4764334110816,1628.4,Al/St 240/40 4-bundle 380.0,"LINESTRING (-0.2263395820250131 52.94495795675022, -0.2204621220523804 52.940548909219494, -0.2188867 52.9393362, -0.2181947934394281 52.93767076097059, -0.2198088135516616 52.93205225140846)",False
way/1078532568-400,way/190511290-400,400.0,3574.952866822164,2328.33,Al/St 240/40 4-bundle 380.0,"LINESTRING (-0.2366345394689164 52.92088491851833, -0.2279001030962274 52.91921872532709, -0.2260878 52.9188592, -0.2255988 52.9187813, -0.225249 52.9188839, -0.2248789 52.9190919, -0.2240167 52.9206518, -0.2224487 52.9235466, -0.2216181 52.9248361, -0.2215136712446969 52.92498828208871, -0.2198088135516616 52.93205225140846)",False
way/1087785232-400,way/1049638569-400,400.0,3574.952866822164,8433.05,Al/St 240/40 4-bundle 380.0,"LINESTRING (-2.8999640736101533 51.28654274463925, -2.8932911339188596 51.2890213817742, -2.8928381 51.2894567, -2.8924459 51.2900266, -2.8913909 51.2912085, -2.8908923 51.291858, -2.8903749 51.292126, -2.890234 51.2925358, -2.8900766 51.2929273, -2.889741 51.2944314, -2.8897691 51.2948214, -2.8902465 51.2953514, -2.8909408 51.2955506, -2.8913284 51.2958761, -2.891402 51.2961751, -2.8913807 51.2969615, -2.8913485 51.2980218, -2.8912612 51.298394, -2.8900832 51.3001977, -2.8889422 51.3020436, -2.8883801 51.3027872, -2.8875612 51.3033821, -2.8861708 51.3039346, -2.8827878 51.30519, -2.8806793 51.3060088, -2.8775068 51.3075551, -2.8745189 51.3089893, -2.8737185 51.3093323, -2.8715176 51.310251, -2.8708721 51.3108855, -2.8704646 51.3112125, -2.8700121 51.3113496, -2.8688265 51.3116393, -2.86841 51.3117856, -2.8677635 51.3121768, -2.8673619 51.3126335, -2.8672297 51.3131298, -2.8669834 51.3140967, -2.8667125 51.3144665, -2.8660682 51.3152287, -2.865251 51.315776, -2.8643618 51.3165179, -2.8633143 51.3169203, -2.8627356 51.3172507, -2.8613179 51.3180934, -2.8603735 51.3186825, -2.8594806 51.3190694, -2.8577347 51.3197291, -2.8553056 51.3207495, -2.8540207 51.3213179, -2.8530857 51.3216666, -2.8510097 51.3220054, -2.8500167 51.3224068, -2.8475294 51.3234391, -2.8434044 51.3251569, -2.8409313 51.3262236, -2.8406278 51.3265615, -2.8405803 51.3268666, -2.84071 51.3271924, -2.8411915 51.3284589, -2.8418681 51.3299892, -2.8424794 51.3305472, -2.8439426 51.3312126, -2.8452136 51.3325264, -2.8461035 51.3330415, -2.8463084 51.3332702, -2.8461876 51.3336883, -2.8458747 51.3344578, -2.8450939 51.3352992, -2.8449811 51.3364397, -2.844833562565111 51.336641674847684, -2.8394492572559624 51.34057310907044)",False
way/23299362-400,way/23299657-400,400.0,1787.4764334110816,11297.68,Al/St 240/40 4-bundle 380.0,"LINESTRING (-0.1274371096384897 51.37337985661656, -0.1270274947403877 51.36731843319974, -0.1269511 51.3663694, -0.1270468 51.3662101, -0.1269626 51.3650799, -0.1269915 51.3650541, -0.1273431 51.3648584, -0.1273578 51.3648314, -0.127268 51.3646391, -0.1272035 51.3645614, -0.1266492 51.3633942, -0.1265153 51.3633477, -0.1249586 51.3636432, -0.124831 51.3636801, -0.124076 51.3638077, -0.1229386 51.364023, -0.1225825 51.364099, -0.122176 51.3641966, -0.1214368 51.364296, -0.1205946 51.36438, -0.1185616 51.3646675, -0.117952 51.3647517, -0.1175602 51.3647698, -0.1171838 51.3647454, -0.1170681 51.3647956, -0.1169599 51.3648153, -0.1168517 51.3648106, -0.1166023 51.3647566, -0.1163664 51.3646839, -0.1160749 51.3645793, -0.115691 51.36444, -0.1150697 51.3641966, -0.114806 51.3640891, -0.1144942 51.3639282, -0.1135896 51.3634498, -0.113211 51.3632847, -0.1128466 51.3631374, -0.1125108 51.3630365, -0.1122099 51.3629708, -0.1118985 51.3629164, -0.1114613 51.3628461, -0.1108167 51.3627513, -0.1102254 51.3626683, -0.109707 51.3626101, -0.1091639 51.3625454, -0.1080452 51.3624197, -0.1072586 51.3624056, -0.1063413 51.3623948, -0.1062819 51.3623864, -0.1061617 51.3622761, -0.1062181 51.3620777, -0.106285 51.3619337, -0.1064033 51.3615181, -0.106481 51.3611634, -0.106466 51.3611482, -0.1059476 51.3611468, -0.1046982 51.3611402, -0.1043482 51.3611909, -0.1031784 51.3613757, -0.1021965 51.3615267, -0.101189 51.3616825, -0.1009313 51.3617435, -0.100893 51.3617463, -0.1006842 51.3617299, -0.100588 51.3617376, -0.1004152 51.3617707, -0.0999524 51.3619471, -0.0997458 51.3620043, -0.0995032 51.3620526, -0.099268 51.3620943, -0.0988338 51.3621671, -0.0984694 51.3622252, -0.098093 51.3620573, -0.0980419 51.3616501, -0.0978763 51.3603328, -0.0977773 51.3602798, -0.0958589 51.3605915, -0.09553 51.3606536, -0.0954506 51.3606396, -0.095157 51.3599277, -0.0950102 51.3596221, -0.0949467 51.359371, -0.0948991 51.3593437, -0.0946041 51.3593371, -0.0945591 51.3593479, -0.094046 51.3593404, -0.0938793 51.359295, -0.0931201 51.3592835, -0.0925699 51.3592991, -0.092144 51.3592017, -0.0919694 51.359409, -0.091097 51.3604711, -0.0900756 51.3616535, -0.0899142 51.3616863, -0.0895105 51.3615373, -0.088791 51.3613674, -0.0876468 51.3611297, -0.0872432 51.3610486, -0.0871133 51.3609828, -0.0862569 51.3608404, -0.0857462 51.3607352, -0.0853601 51.3606322, -0.0846055 51.3604075, -0.0840597 51.360253, -0.0830927 51.3599067, -0.0823697 51.3596678, -0.0811798 51.3593654, -0.08052 51.3591988, -0.0802655 51.3591068, -0.0796355 51.3587692, -0.0784404 51.3580799, -0.0781736 51.3579134, -0.0777963 51.3578925, -0.0771136 51.3577293, -0.076517 51.3575813, -0.07608 51.3574454, -0.0755272 51.3572273, -0.0744549 51.3567912, -0.073688 51.356412, -0.0731229 51.3561051, -0.0725139 51.3556931, -0.0719682 51.35527, -0.0712486 51.354641, -0.0706835 51.3541554, -0.0700711 51.3538584, -0.0687672 51.3532502, -0.0678897 51.3528742, -0.0663611 51.3522473, -0.0654257 51.3518791, -0.0649168 51.3517322, -0.0642763 51.3515963, -0.0632057 51.3514363, -0.062502 51.3513354, -0.0619124 51.3513113, -0.061342 51.3513595, -0.0602399 51.3515119, -0.0578602 51.3518341, -0.0576321 51.3519065, -0.0574513 51.3518867, -0.0572881 51.351855, -0.0571038 51.3517804, -0.0570301 51.3517618, -0.0569757 51.3518002, -0.0567441 51.352061, -0.0563667 51.3523405, -0.0558262 51.3525575, -0.0551558 51.3527164, -0.0545995 51.35278, -0.0540274 51.3527778, -0.0535062 51.3527022, -0.053343 51.352666, -0.0530552 51.3526529, -0.0526357 51.352575, -0.0515126 51.3523339, -0.0505649 51.352209, -0.0499279 51.352049, -0.0492908 51.3518582, -0.0487117 51.351673, -0.0478272 51.3514461, -0.0475482 51.3510264, -0.0466233 51.350691, -0.0463425 51.3505792, -0.0459231 51.3503106, -0.0456774 51.3502054, -0.0444314 51.3498382, -0.0439137 51.3496815, -0.0435925 51.3495357, -0.0431678 51.3492694, -0.0424852 51.3496661, -0.0415744 51.3501364, -0.0404898 51.3507381, -0.0398124 51.3510779, -0.0389595 51.3514154, -0.0383751 51.3516325, -0.0379767 51.35181, -0.0373169 51.352015, -0.0364236 51.3522451, -0.0355654 51.3525049, -0.0345651 51.3528436, -0.0344002 51.3528841, -0.0333332 51.3532655, -0.0330822 51.3532228, -0.0299654 51.3526353, -0.0263766 51.3512423, -0.0240706 51.3504268, -0.0235275 51.3505093, -0.0229917 51.3507429, -0.0225543 51.350887, -0.0222709 51.3509553, -0.0218429 51.3510403, -0.0214469 51.3510987, -0.0208134 51.3511601, -0.0203975 51.3512401, -0.020037 51.351322, -0.0197324 51.3514274, -0.0195027 51.3515259, -0.0192883 51.3516335, -0.019169 51.3516927, -0.0184144 51.3520928, -0.0179002 51.3523427, -0.0175668 51.3524863, -0.0171403 51.3526134, -0.0167841 51.3527011, -0.0166138 51.352757, -0.0156328 51.353008, -0.0154082 51.3530496, -0.0148624 51.3531811, -0.0147466 51.3532436, -0.0142219 51.3533576, -0.0138288 51.35342, -0.0134199 51.3534299, -0.0129566 51.35342, -0.012574 51.3533652, -0.0122072 51.3532863, -0.0120744761161973 51.353244638587626, -0.0036261868778072 51.351994702988286)",False
way/166703766-400,way/1185489725-400,400.0,3574.952866822164,2925.1,Al/St 240/40 4-bundle 380.0,"LINESTRING (-2.948336244168779 57.5229056070256, -2.939929766792063 57.5183604764717, -2.93989 57.518191, -2.9399633 57.5177972, -2.9403942 57.5162909, -2.9402936 57.5159176, -2.9400733 57.5150996, -2.9398992 57.5149371, -2.9391842 57.5145974, -2.9389184 57.5144202, -2.9388542 57.5142282, -2.9387076 57.5118208, -2.9387993 57.5115352, -2.9390284 57.511353, -2.9391017 57.5111561, -2.9390192 57.5109346, -2.9377635 57.5099301, -2.9360861 57.5081034, -2.9356736 57.5060994, -2.9357806717039763 57.50471932478197, -2.9299852160457847 57.50022609581149)",False
way/91056548-400,GB14-400,400.0,1787.4764334110816,21507.49,Al/St 240/40 4-bundle 380.0,"LINESTRING (-4.708717551305747 55.915943305600585, -4.70357956752466 55.911373865630175, -4.7025547 55.9098783, -4.7004458 55.9068006, -4.6986934 55.904243, -4.6964296 55.9009387, -4.6942919 55.8978182, -4.6906457 55.8985809, -4.6862845 55.8994932, -4.6809091 55.9006177, -4.6768572 55.9014652, -4.6731261 55.9020953, -4.668592 55.902861, -4.6619001 55.9039911, -4.6566467 55.9048782, -4.652149 55.9056377, -4.6463658 55.9066142, -4.6407357 55.9075649, -4.6351798 55.9075161, -4.6294362 55.907485, -4.6245066 55.9074502, -4.6201237 55.9063876, -4.6193414 55.9061979, -4.6157327 55.905323, -4.6143453 55.9049866, -4.6091545 55.9037281, -4.6053233 55.9027992, -4.5994989 55.9013869, -4.5948505 55.9002598, -4.5905958 55.8995582, -4.5852331 55.8986738, -4.580247 55.8978515, -4.5741709 55.8968495, -4.5686653 55.8959415, -4.5626769 55.8949538, -4.5572901 55.8940654, -4.5518687 55.8931712, -4.5446307 55.8919774, -4.544485 55.8901607, -4.5441287 55.8857172, -4.5439036 55.8832548, -4.5406405 55.8820347, -4.5347861 55.8798457, -4.5300793 55.8780857, -4.5261846 55.8766293, -4.5217319 55.8749642, -4.5188636 55.873107, -4.516131 55.8713376, -4.5123038 55.8688592, -4.5082817 55.8681966, -4.5085432 55.8656043, -4.510922 55.8635308, -4.5138897 55.8609438, -4.5188718 55.8566004, -4.5210882 55.854668, -4.52609 55.8537449, -4.5328647 55.8524946, -4.5381629 55.8515168, -4.5420909 55.8496858, -4.5458955 55.8479122, -4.5519238 55.8451019, -4.5556626 55.8433588, -4.5594439 55.8415958, -4.5632147 55.8398376, -4.566583419574024 55.83826684986472, -4.570777400000004 55.83446759606426)",False
way/91056548-400,way/86071326-400,400.0,1787.4764334110816,28719.94,Al/St 240/40 4-bundle 380.0,"LINESTRING (-4.708717551305747 55.915943305600585, -4.70357956752466 55.911373865630175, -4.7025547 55.9098783, -4.7004458 55.9068006, -4.6986934 55.904243, -4.6964296 55.9009387, -4.6942919 55.8978182, -4.6906457 55.8985809, -4.6862845 55.8994932, -4.6809091 55.9006177, -4.6768572 55.9014652, -4.6731261 55.9020953, -4.668592 55.902861, -4.6619001 55.9039911, -4.6566467 55.9048782, -4.652149 55.9056377, -4.6463658 55.9066142, -4.6407357 55.9075649, -4.6351798 55.9075161, -4.6294362 55.907485, -4.6245066 55.9074502, -4.6201237 55.9063876, -4.6193414 55.9061979, -4.6157327 55.905323, -4.6143453 55.9049866, -4.6091545 55.9037281, -4.6053233 55.9027992, -4.5994989 55.9013869, -4.5948505 55.9002598, -4.5905958 55.8995582, -4.5852331 55.8986738, -4.580247 55.8978515, -4.5741709 55.8968495, -4.5686653 55.8959415, -4.5626769 55.8949538, -4.5572901 55.8940654, -4.5518687 55.8931712, -4.5446307 55.8919774, -4.544485 55.8901607, -4.5441287 55.8857172, -4.5439036 55.8832548, -4.5406405 55.8820347, -4.5347861 55.8798457, -4.5300793 55.8780857, -4.5261846 55.8766293, -4.5217319 55.8749642, -4.5188636 55.873107, -4.516131 55.8713376, -4.5123038 55.8688592, -4.5082817 55.8681966, -4.5080493 55.8705, -4.5049166 55.8727294, -4.4995692 55.8733891, -4.4943048 55.8740385, -4.4898315 55.8744272, -4.4857816 55.8744193, -4.4821126 55.8749587, -4.4790982 55.8755884, -4.4759601 55.8762439, -4.4738575 55.8777115, -4.4723759 55.8794962, -4.4708941 55.881281, -4.4672534 55.8833909, -4.4655883 55.8865316, -4.4630901 55.8897134, -4.4606554 55.8928141, -4.4586455 55.8953736, -4.4577308 55.8980449, -4.4568228 55.9006968, -4.4555476 55.9044206, -4.4554458 55.9047177, -4.454652 55.9070355, -4.4515208 55.9095392, -4.4485353 55.9119263, -4.4454231 55.9144145, -4.4439697 55.9160312, -4.4400749 55.9178539, -4.4398118 55.9200965, -4.4406847 55.9229992, -4.4366165 55.9259277, -4.433514 55.9282429, -4.4303522 55.9306023, -4.4272035 55.9308665, -4.4236133 55.9311678, -4.4184927 55.9315975, -4.4122301 55.9321039, -4.4072237 55.9325431, -4.400662 55.9320598, -4.3948057 55.9321311, -4.3903998 55.9329181, -4.3856836 55.9337604, -4.38497995792999 55.93388608544408, -4.376998787552509 55.930073604231474)",False
way/143398451-400,GB14-400,400.0,1787.4764334110816,6947.73,Al/St 240/40 4-bundle 380.0,"LINESTRING (-4.570777400000004 55.83446759606426, -4.567330106180224 55.830423476987455, -4.5663642 55.8292841, -4.5642115 55.8267447, -4.5620719 55.8242206, -4.5601252 55.8219239, -4.5525758 55.8205514, -4.5472866 55.8195897, -4.5416314 55.8185442, -4.536436 55.8176169, -4.5310677 55.814885, -4.5254771 55.8148681, -4.5202362 55.814539, -4.5147657 55.8141954, -4.5081977 55.8137829, -4.5020041 55.8133939, -4.4965978 55.8125769, -4.493254 55.8120682, -4.489794948673937 55.81153902151935, -4.478118487121447 55.809149878362945)",False
GB14-400,way/86071326-400,400.0,1787.4764334110816,18579.17,Al/St 240/40 4-bundle 380.0,"LINESTRING (-4.570777400000004 55.83446759606426, -4.566583419574024 55.83826684986472, -4.5632147 55.8398376, -4.5594439 55.8415958, -4.5556626 55.8433588, -4.5519238 55.8451019, -4.5458955 55.8479122, -4.5420909 55.8496858, -4.5381629 55.8515168, -4.5328647 55.8524946, -4.52609 55.8537449, -4.5210882 55.854668, -4.5188718 55.8566004, -4.5138897 55.8609438, -4.510922 55.8635308, -4.5085432 55.8656043, -4.5082817 55.8681966, -4.5080493 55.8705, -4.5049166 55.8727294, -4.4995692 55.8733891, -4.4943048 55.8740385, -4.4898315 55.8744272, -4.4857816 55.8744193, -4.4821126 55.8749587, -4.4790982 55.8755884, -4.4759601 55.8762439, -4.4738575 55.8777115, -4.4723759 55.8794962, -4.4708941 55.881281, -4.4672534 55.8833909, -4.4655883 55.8865316, -4.4630901 55.8897134, -4.4606554 55.8928141, -4.4586455 55.8953736, -4.4577308 55.8980449, -4.4568228 55.9006968, -4.4555476 55.9044206, -4.4554458 55.9047177, -4.454652 55.9070355, -4.4515208 55.9095392, -4.4485353 55.9119263, -4.4454231 55.9144145, -4.4439697 55.9160312, -4.4400749 55.9178539, -4.4398118 55.9200965, -4.4406847 55.9229992, -4.4366165 55.9259277, -4.433514 55.9282429, -4.4303522 55.9306023, -4.4272035 55.9308665, -4.4236133 55.9311678, -4.4184927 55.9315975, -4.4122301 55.9321039, -4.4072237 55.9325431, -4.400662 55.9320598, -4.3948057 55.9321311, -4.3903998 55.9329181, -4.3856836 55.9337604, -4.38497995792999 55.93388608544408, -4.376998787552509 55.930073604231474)",False
way/89427607-400,way/98899051-400,400.0,1787.4764334110816,35468.19,Al/St 240/40 4-bundle 380.0,"LINESTRING (-4.480233469858517 53.415208166848, -4.475546470355434 53.41058575862612, -4.4746325 53.4091742, -4.4733235 53.4072172, -4.4698689 53.4054136, -4.4653628 53.4032517, -4.4612 53.4011152, -4.4568441 53.3989915, -4.4528958 53.3969188, -4.4487116 53.3948205, -4.4437549 53.3926197, -4.4404719 53.3911993, -4.4367811 53.3896125, -4.4334123 53.3881025, -4.4291004 53.3868484, -4.423972 53.385415, -4.4188436 53.3839816, -4.4135435 53.3824714, -4.4089516 53.3811915, -4.4042095 53.3799627, -4.3987378 53.3783115, -4.3966564 53.375521, -4.3951972 53.3737417, -4.3918284 53.3720006, -4.3880733 53.3701955, -4.3847044 53.3685055, -4.3802198 53.3662393, -4.3754347 53.3638193, -4.3718513 53.3620011, -4.3680145 53.3600799, -4.3639978 53.3580569, -4.3592986 53.3555981, -4.355007 53.3533952, -4.3499215 53.351077, -4.346509 53.3493363, -4.3428405 53.3474649, -4.3395146 53.3453641, -4.3357166 53.343212, -4.3311032 53.3404192, -4.3288287 53.3376902, -4.3266185 53.3349867, -4.3244298 53.3322703, -4.3224986 53.3300149, -4.3184217 53.3279389, -4.3141087 53.3257346, -4.3098386 53.3237481, -4.3081649 53.3203132, -4.306577 53.3170317, -4.3051179 53.3135065, -4.3034657 53.3100066, -4.3017062 53.3064039, -4.3000968 53.3029675, -4.2973288 53.3005055, -4.2946037 53.2981074, -4.2926081 53.294478, -4.2909988 53.291387, -4.2892822 53.2884368, -4.2873724 53.2849862, -4.2856129 53.2816123, -4.2840036 53.2785332, -4.2824801 53.2757233, -4.2806991 53.2724641, -4.2788537 53.2692303, -4.2770942 53.2659322, -4.2755278 53.2630188, -4.2739399 53.2601052, -4.2722233 53.2570245, -4.2706998 53.2541619, -4.2690476 53.2511835, -4.2675026 53.2483981, -4.2657431 53.2450496, -4.263769 53.2416417, -4.2611512 53.2388383, -4.2587908 53.236049, -4.2528685 53.2353824, -4.2471178 53.234669, -4.2412384 53.2339523, -4.2360457 53.2332755, -4.2317971 53.232806, -4.2271622 53.2322062, -4.2247589 53.2297812, -4.2221206 53.2273434, -4.2200789 53.2252358, -4.217742 53.2228235, -4.2164599 53.2214996, -4.2149292 53.2202423, -4.2101227 53.2202307, -4.2052054 53.2203065, -4.2021581 53.2199555, -4.2004117 53.2197544, -4.1956581 53.2190295, -4.1908861 53.218706, -4.1887817 53.2172048, -4.1850164 53.2145787, -4.1830208 53.2131431, -4.1800285 53.2109939, -4.1766881 53.2085147, -4.1749705 53.2071927, -4.1738881 53.2063975, -4.1719116 53.2049352, -4.1694022 53.2031105, -4.1660655 53.2006873, -4.1639632 53.199204, -4.162591 53.1970558, -4.1606936 53.194119, -4.160176388009758 53.19333858343927, -4.158252803363987 53.187491046335566)",False
way/89427607-400,way/98899051-400,400.0,1787.4764334110816,35468.19,Al/St 240/40 4-bundle 380.0,"LINESTRING (-4.480233469858517 53.415208166848, -4.475546470355434 53.41058575862612, -4.4746325 53.4091742, -4.4733235 53.4072172, -4.4698689 53.4054136, -4.4653628 53.4032517, -4.4612 53.4011152, -4.4568441 53.3989915, -4.4528958 53.3969188, -4.4487116 53.3948205, -4.4437549 53.3926197, -4.4404719 53.3911993, -4.4367811 53.3896125, -4.4334123 53.3881025, -4.4291004 53.3868484, -4.423972 53.385415, -4.4188436 53.3839816, -4.4135435 53.3824714, -4.4089516 53.3811915, -4.4042095 53.3799627, -4.3987378 53.3783115, -4.3966564 53.375521, -4.3951972 53.3737417, -4.3918284 53.3720006, -4.3880733 53.3701955, -4.3847044 53.3685055, -4.3802198 53.3662393, -4.3754347 53.3638193, -4.3718513 53.3620011, -4.3680145 53.3600799, -4.3639978 53.3580569, -4.3592986 53.3555981, -4.355007 53.3533952, -4.3499215 53.351077, -4.346509 53.3493363, -4.3428405 53.3474649, -4.3395146 53.3453641, -4.3357166 53.343212, -4.3311032 53.3404192, -4.3288287 53.3376902, -4.3266185 53.3349867, -4.3244298 53.3322703, -4.3224986 53.3300149, -4.3184217 53.3279389, -4.3141087 53.3257346, -4.3098386 53.3237481, -4.3081649 53.3203132, -4.306577 53.3170317, -4.3051179 53.3135065, -4.3034657 53.3100066, -4.3017062 53.3064039, -4.3000968 53.3029675, -4.2973288 53.3005055, -4.2946037 53.2981074, -4.2926081 53.294478, -4.2909988 53.291387, -4.2892822 53.2884368, -4.2873724 53.2849862, -4.2856129 53.2816123, -4.2840036 53.2785332, -4.2824801 53.2757233, -4.2806991 53.2724641, -4.2788537 53.2692303, -4.2770942 53.2659322, -4.2755278 53.2630188, -4.2739399 53.2601052, -4.2722233 53.2570245, -4.2706998 53.2541619, -4.2690476 53.2511835, -4.2675026 53.2483981, -4.2657431 53.2450496, -4.263769 53.2416417, -4.2611512 53.2388383, -4.2587908 53.236049, -4.2528685 53.2353824, -4.2471178 53.234669, -4.2412384 53.2339523, -4.2360457 53.2332755, -4.2317971 53.232806, -4.2271622 53.2322062, -4.2247589 53.2297812, -4.2221206 53.2273434, -4.2200789 53.2252358, -4.217742 53.2228235, -4.2164599 53.2214996, -4.2149292 53.2202423, -4.2101227 53.2202307, -4.2052054 53.2203065, -4.2021581 53.2199555, -4.2004117 53.2197544, -4.1956581 53.2190295, -4.1908861 53.218706, -4.1887817 53.2172048, -4.1850164 53.2145787, -4.1830208 53.2131431, -4.1800285 53.2109939, -4.1766881 53.2085147, -4.1749705 53.2071927, -4.1738881 53.2063975, -4.1719116 53.2049352, -4.1694022 53.2031105, -4.1660655 53.2006873, -4.1639632 53.199204, -4.162591 53.1970558, -4.1606936 53.194119, -4.160176388009758 53.19333858343927, -4.158252803363987 53.187491046335566)",False
way/1274396508-400,way/23164132-400,400.0,1787.4764334110816,11440.91,Al/St 240/40 4-bundle 380.0,"LINESTRING (-3.0742279809374113 53.22972662832484, -3.0639746711015605 53.22819052706926, -3.0629238 53.2281585, -3.0574617 53.2257425, -3.0537325 53.2249551, -3.0495268 53.2241058, -3.0455434 53.2233139, -3.0437947 53.2223626, -3.039305 53.2209721, -3.0346625 53.2214341, -3.0314957 53.2217756, -3.0262614 53.2223375, -3.0242509 53.2251251, -3.0219266 53.2285737, -3.0181308 53.2313121, -3.014425 53.2340323, -3.0107445 53.2366994, -3.0069847 53.239357, -3.0030794 53.2422026, -2.9993372 53.2449146, -2.9959555 53.2473387, -2.9927883 53.2502455, -2.9897327 53.2530339, -2.9870462 53.2555192, -2.9839392 53.2583125, -2.9806604 53.2613828, -2.9767551 53.263, -2.9723263 53.2650381, -2.9676485 53.2670145, -2.9635201 53.2687906, -2.9587908 53.2708233, -2.957167794418293 53.270756189831076, -2.947158775578948 53.26761759210352)",False
way/1274396508-400,way/92529432-400,400.0,1787.4764334110816,60209.8,Al/St 240/40 4-bundle 380.0,"LINESTRING (-3.0742279809374113 53.22972662832484, -3.065687166338667 53.226288427605404, -3.065522 53.2262234, -3.0617539 53.226245, -3.0568458 53.2253132, -3.0526913 53.223903, -3.0490557 53.2226514, -3.0466054 53.2221345, -3.0441208 53.2220194, -3.0398486 53.2204696, -3.0353545 53.2210072, -3.0319067 53.2214231, -3.0275691 53.2207665, -3.0248586 53.2218675, -3.0227827 53.2247147, -3.0205789 53.2277914, -3.0171514 53.2302096, -3.0133332 53.2329327, -3.0095048 53.2356175, -3.0039528 53.2357358, -2.9990099 53.2357618, -2.9935511 53.2358102, -2.988469 53.2358821, -2.9853215 53.2361192, -2.9823103 53.2363489, -2.9770166 53.2367641, -2.9727306 53.2371264, -2.9672233 53.2375627, -2.9624371 53.2379193, -2.956546 53.2383689, -2.9512871 53.2373418, -2.9461676 53.2388597, -2.9409366 53.2404111, -2.9354994 53.2420123, -2.9300541 53.2411659, -2.9253703 53.2404523, -2.9199387 53.2396272, -2.9152943 53.2389533, -2.9113507 53.2383137, -2.90691 53.2376302, -2.9013071 53.2367423, -2.8978535 53.2361948, -2.8935246 53.2358965, -2.8887983 53.2355629, -2.8836999 53.2352207, -2.8791082 53.2348706, -2.8722631 53.2346253, -2.8670703 53.2344314, -2.8621176 53.2340858, -2.8576659 53.23379, -2.8527448 53.2334911, -2.847511 53.2345399, -2.8433193 53.2353723, -2.8378566 53.2364678, -2.8333244 53.237384, -2.8268749 53.2385082, -2.8245186 53.23902, -2.8244178 53.2390419, -2.8222245 53.2395182, -2.8178748 53.2405041, -2.8120502 53.241654, -2.8074076 53.242601, -2.8030371 53.2433191, -2.7976952 53.2442426, -2.7941286 53.2448487, -2.7904884 53.2459228, -2.7866891 53.2470268, -2.7826255 53.2481996, -2.778602 53.2493758, -2.7753143 53.2503318, -2.7713453 53.2514762, -2.7665774 53.2528753, -2.763083 53.2538425, -2.7578523 53.2540617, -2.7517367 53.2543024, -2.7472184 53.2544862, -2.7410515 53.2547531, -2.7356413 53.2575114, -2.732481 53.2577874, -2.7319947 53.2578299, -2.7289208 53.2581228, -2.7268676 53.2583185, -2.7225033 53.2586923, -2.7180151 53.2591546, -2.7132563 53.2592813, -2.7088279 53.2594883, -2.7050044 53.2596593, -2.7013886 53.2598026, -2.696541 53.2599868, -2.6924176 53.2601642, -2.6898626 53.261133, -2.6871081 53.2621263, -2.6827147 53.2624742, -2.6773312 53.262824, -2.6733613 53.263039, -2.6678549 53.2632166, -2.6617939 53.2634736, -2.6558898 53.263716, -2.65168 53.2631082, -2.6466953 53.262266, -2.6419622 53.26152, -2.6370327 53.2606782, -2.6320633 53.2605684, -2.6281245 53.2604886, -2.6233193 53.2604119, -2.6176736 53.2602866, -2.613029 53.2601972, -2.6080595 53.2600914, -2.6046269 53.2599869, -2.599186 53.2598772, -2.5955415 53.2620271, -2.592528 53.2637798, -2.5897842 53.2653793, -2.5865803 53.2672406, -2.5861768 53.267475, -2.5816877 53.270086, -2.5788416 53.2722876, -2.574803 53.2754513, -2.5722444 53.2775361, -2.5683332 53.2797742, -2.5643145 53.2820762, -2.5607318 53.2841796, -2.5579373 53.2856624, -2.5547018 53.2873693, -2.5515625 53.2890624, -2.5486302 53.2905885, -2.5450408 53.2924968, -2.5421935 53.294113, -2.5394961 53.2957105, -2.5351968 53.2963331, -2.5315162 53.2968378, -2.5279103 53.2973797, -2.5243203 53.2965621, -2.5208576 53.2957792, -2.5167374 53.2948538, -2.5133171 53.2960898, -2.510109 53.2972023, -2.5052783 53.2974745, -2.5001256 53.2978037, -2.4958786 53.2980934, -2.4908728 53.2983983, -2.4854771 53.2987618, -2.4814218 53.2996537, -2.476464 53.3007861, -2.4723407 53.3017658, -2.4679128 53.3027617, -2.4639358 53.30368, -2.4584111 53.304951, -2.4540482 53.3059214, -2.4520137 53.3080887, -2.4493904 53.3109434, -2.4468012 53.3136728, -2.443932 53.3167161, -2.4413375 53.319489, -2.439176 53.3217731, -2.4366548 53.324518, -2.4336503 53.3277088, -2.430919 53.3306552, -2.4287638 53.3328413, -2.4277219 53.3358756, -2.4266592 53.3390914, -2.4255145 53.3417971, -2.4246853 53.3449437, -2.4241396 53.3470056, -2.4231929 53.3509874, -2.4224719 53.3539214, -2.4235822 53.3569712, -2.4227702 53.3595088, -2.422181 53.3614426, -2.4212592 53.3642454, -2.4205081 53.3665806, -2.4200944 53.3692358, -2.4195981 53.3724057, -2.4192454 53.3751139, -2.4195441 53.3781377, -2.419853 53.3811171, -2.4201754 53.3841122, -2.4205641 53.3879209, -2.4208229 53.3908283, -2.4183745 53.3926791, -2.4145586 53.395552, -2.4107425 53.3984075, -2.4071143 53.4011197, -2.4038498 53.4035856, -2.4004744 53.4061499, -2.3976549 53.4082371, -2.3941716 53.4109442, -2.3909007 53.4133434, -2.3881078 53.4154086, -2.3860094 53.4176296, -2.385083455062607 53.4185935886014, -2.3791827939912915 53.42611869761402)",False
way/1274396508-400,way/23164132-400,400.0,1787.4764334110816,11440.91,Al/St 240/40 4-bundle 380.0,"LINESTRING (-3.0742279809374113 53.22972662832484, -3.0639746711015605 53.22819052706926, -3.0629238 53.2281585, -3.0574617 53.2257425, -3.0537325 53.2249551, -3.0495268 53.2241058, -3.0455434 53.2233139, -3.0437947 53.2223626, -3.039305 53.2209721, -3.0346625 53.2214341, -3.0314957 53.2217756, -3.0262614 53.2223375, -3.0242509 53.2251251, -3.0219266 53.2285737, -3.0181308 53.2313121, -3.014425 53.2340323, -3.0107445 53.2366994, -3.0069847 53.239357, -3.0030794 53.2422026, -2.9993372 53.2449146, -2.9959555 53.2473387, -2.9927883 53.2502455, -2.9897327 53.2530339, -2.9870462 53.2555192, -2.9839392 53.2583125, -2.9806604 53.2613828, -2.9767551 53.263, -2.9723263 53.2650381, -2.9676485 53.2670145, -2.9635201 53.2687906, -2.9587908 53.2708233, -2.957167794418293 53.270756189831076, -2.947158775578948 53.26761759210352)",False
way/26678829-400,way/119616836-400,400.0,1787.4764334110816,38332.8,Al/St 240/40 4-bundle 380.0,"LINESTRING (-3.405315842410283 50.76755870285833, -3.3992986710769673 50.771792335625754, -3.3988504 50.7720897, -3.3956205 50.7742058, -3.3917876 50.776731, -3.3891929 50.7784139, -3.3870552 50.7814438, -3.3851132 50.784188, -3.3832579 50.7867974, -3.3802983 50.7882358, -3.3762227 50.7901763, -3.3733187 50.7915796, -3.3697626 50.793252, -3.3662149 50.794926, -3.3623592 50.7967733, -3.3614191 50.7990529, -3.3604578 50.8015096, -3.3596274 50.8036773, -3.361344 50.8059416, -3.3631786 50.8083027, -3.365535 50.8112216, -3.3676394 50.8138646, -3.3692823 50.8169542, -3.3709629 50.820105, -3.3729713 50.8236877, -3.3747443 50.82689, -3.3764497 50.8299576, -3.3757351 50.8328667, -3.37524 50.8352284, -3.374799 50.8378655, -3.374195 50.8415173, -3.373606 50.844884, -3.3727976 50.8486047, -3.3722509 50.8517324, -3.3715965 50.8550509, -3.3709554 50.8583483, -3.370342 50.8616239, -3.3698126 50.8644916, -3.3731616 50.867183, -3.3763742 50.8697984, -3.3796323 50.872386, -3.3826499 50.8747835, -3.3854689 50.877051, -3.3879463 50.8790066, -3.390888 50.8813595, -3.3907882 50.8844624, -3.3906801 50.8872889, -3.3875228 50.8898139, -3.3842963 50.8923454, -3.3810482 50.8948633, -3.3792482 50.8962695, -3.3774346 50.8987059, -3.3751016 50.9018082, -3.3726361 50.9051428, -3.3701824 50.9083895, -3.3678483 50.9115004, -3.3656592 50.9144229, -3.3633029 50.9176011, -3.3600332 50.9198249, -3.3563216 50.9223361, -3.3528454 50.924701, -3.3491987 50.9271812, -3.345476 50.9296363, -3.3425863 50.9323244, -3.3401113 50.9345847, -3.3373601 50.9370894, -3.3344779 50.9397103, -3.3315915 50.9423781, -3.3287726 50.9449173, -3.3262727 50.9472236, -3.3230799 50.9501283, -3.3198538 50.9530571, -3.3167121 50.9559012, -3.3140406 50.9583386, -3.3118761 50.9602773, -3.3085474 50.9617725, -3.3054948 50.9630987, -3.3003421 50.9653843, -3.2970123 50.9668445, -3.2933669 50.9684556, -3.2894731 50.9706064, -3.2850432 50.9730484, -3.284854 50.9731528, -3.2809329 50.9753168, -3.2793992 50.9761659, -3.277208 50.977379, -3.2731068 50.9796287, -3.2690256 50.9811221, -3.2647496 50.9825865, -3.2589877 50.9846553, -3.25635 50.9856036, -3.2518267 50.9871334, -3.2485052 50.9891802, -3.2461596 50.9905989, -3.241365 50.9910035, -3.23658 50.991456, -3.231666 50.9918837, -3.2268313 50.9922739, -3.2218531 50.9927348, -3.216376 50.9932062, -3.211216 50.9936417, -3.2068212 50.9949023, -3.2020584 50.9962444, -3.1971045 50.9976662, -3.1919508 50.9991399, -3.1866941 51.0006325, -3.1830428 51.0033563, -3.1794156 51.0060569, -3.1756984 51.0088426, -3.1721733 51.0114529, -3.169219 51.01218, -3.1644183 51.0133843, -3.1625677348645316 51.01385435209081, -3.154925324051073 51.01694852410127)",False
relation/9572254-400,way/34656007-400,400.0,1787.4764334110816,49606.92,Al/St 240/40 4-bundle 380.0,"LINESTRING (-4.899645176253177 50.39501306092503, -4.890790441984398 50.396983593173175, -4.8889233 50.3975708, -4.8842361 50.3990519, -4.8795995 50.4005592, -4.8751239 50.4019508, -4.8710869 50.4031975, -4.8665384 50.4024854, -4.8611767 50.4016598, -4.8558709 50.4008731, -4.8501981 50.3999774, -4.8460986 50.3993677, -4.8395416 50.3985889, -4.8348209 50.397987, -4.831155 50.3975652, -4.8274346 50.398308, -4.8231978 50.4007192, -4.8200154 50.4025839, -4.8165032 50.4046446, -4.8116328 50.4059445, -4.8077738 50.4069939, -4.8036906 50.4080391, -4.8002371 50.4089507, -4.795313 50.4102079, -4.7916724 50.4124823, -4.7872448 50.4150929, -4.7842862 50.417049, -4.7814634 50.4187903, -4.7773267 50.4196956, -4.7722085 50.4207485, -4.7684424 50.4215891, -4.7637968 50.4225802, -4.7596555 50.423339, -4.756115 50.4237491, -4.750139 50.4243643, -4.7450857 50.4247881, -4.740011 50.4253622, -4.7374146 50.4256083, -4.7329393 50.4267283, -4.7276608 50.4280212, -4.722548 50.4292434, -4.718155 50.4303108, -4.713606 50.4314248, -4.7098831 50.4322863, -4.7063104 50.4332567, -4.7027806 50.4328258, -4.6990255 50.4322449, -4.6917368 50.4312844, -4.6893883 50.4309539, -4.6858971 50.4304915, -4.6811292 50.4298529, -4.6748382 50.4289904, -4.6701865 50.4296541, -4.6676295 50.4300624, -4.6626402 50.4307899, -4.6584618 50.4313765, -4.6531552 50.4304674, -4.6478506 50.4295341, -4.6441374 50.428871, -4.6404692 50.4282462, -4.6355661 50.4273713, -4.6313993 50.4266304, -4.6259329 50.4256683, -4.6224769 50.4251363, -4.6176811 50.4257651, -4.6111258 50.4279116, -4.607757 50.4291214, -4.6013197 50.4313559, -4.5971354 50.4326612, -4.593906 50.4337888, -4.590335 50.4328075, -4.5867499 50.4318825, -4.5820185 50.4306656, -4.5779222 50.4295483, -4.5743483 50.4286125, -4.5714506 50.4278634, -4.5666119 50.4265648, -4.5625951 50.4255462, -4.558426 50.4256756, -4.5524456 50.42592, -4.5483021 50.4264475, -4.5441067 50.4270051, -4.5374396 50.4278161, -4.5337655 50.4283923, -4.5295539 50.4289233, -4.5216848 50.42952, -4.5174732 50.4297777, -4.5104888 50.4305226, -4.5063689 50.4308233, -4.5024636 50.4311855, -4.4973996 50.4318075, -4.4925623 50.4324177, -4.4869604 50.4331811, -4.4815141 50.4338567, -4.4774398 50.4343799, -4.4701755 50.4338379, -4.467199 50.433939, -4.4606052 50.4341856, -4.4566208 50.4343291, -4.4505077 50.4345507, -4.445464 50.4347423, -4.4401821 50.436978, -4.4366624 50.4384826, -4.4341378 50.4395944, -4.4273565 50.4424833, -4.4244642 50.4437249, -4.4208807 50.4453032, -4.415688 50.447537, -4.4109029 50.4478171, -4.4058818 50.4480972, -4.4027276 50.4482748, -4.3975884 50.4486438, -4.3914837 50.4490058, -4.3862695 50.4493064, -4.3837053 50.4480904, -4.3799427 50.4462845, -4.3755729 50.4441622, -4.3718929 50.4424541, -4.3667323 50.4399464, -4.3635888 50.4394886, -4.357366 50.438696, -4.3547911 50.4383816, -4.3474311 50.437425, -4.3425924 50.4369398, -4.3377108 50.4364409, -4.332915 50.4359558, -4.3282158 50.4354911, -4.322154 50.4348965, -4.3162961 50.4354296, -4.3127448 50.4357371, -4.3054385 50.4364068, -4.3010075 50.4368236, -4.2972846 50.4371311, -4.2904396 50.4377325, -4.2862553 50.4381015, -4.2821569 50.4393178, -4.2765243 50.440985, -4.2720181 50.4422423, -4.2670475 50.4438268, -4.2621798 50.4452212, -4.2523415 50.4450368, -4.2513239016241355 50.445001637766445, -4.242535213727529 50.44487758090692)",False
way/26678829-400,way/119616836-400,400.0,1787.4764334110816,38332.8,Al/St 240/40 4-bundle 380.0,"LINESTRING (-3.405315842410283 50.76755870285833, -3.3992986710769673 50.771792335625754, -3.3988504 50.7720897, -3.3956205 50.7742058, -3.3917876 50.776731, -3.3891929 50.7784139, -3.3870552 50.7814438, -3.3851132 50.784188, -3.3832579 50.7867974, -3.3802983 50.7882358, -3.3762227 50.7901763, -3.3733187 50.7915796, -3.3697626 50.793252, -3.3662149 50.794926, -3.3623592 50.7967733, -3.3614191 50.7990529, -3.3604578 50.8015096, -3.3596274 50.8036773, -3.361344 50.8059416, -3.3631786 50.8083027, -3.365535 50.8112216, -3.3676394 50.8138646, -3.3692823 50.8169542, -3.3709629 50.820105, -3.3729713 50.8236877, -3.3747443 50.82689, -3.3764497 50.8299576, -3.3757351 50.8328667, -3.37524 50.8352284, -3.374799 50.8378655, -3.374195 50.8415173, -3.373606 50.844884, -3.3727976 50.8486047, -3.3722509 50.8517324, -3.3715965 50.8550509, -3.3709554 50.8583483, -3.370342 50.8616239, -3.3698126 50.8644916, -3.3731616 50.867183, -3.3763742 50.8697984, -3.3796323 50.872386, -3.3826499 50.8747835, -3.3854689 50.877051, -3.3879463 50.8790066, -3.390888 50.8813595, -3.3907882 50.8844624, -3.3906801 50.8872889, -3.3875228 50.8898139, -3.3842963 50.8923454, -3.3810482 50.8948633, -3.3792482 50.8962695, -3.3774346 50.8987059, -3.3751016 50.9018082, -3.3726361 50.9051428, -3.3701824 50.9083895, -3.3678483 50.9115004, -3.3656592 50.9144229, -3.3633029 50.9176011, -3.3600332 50.9198249, -3.3563216 50.9223361, -3.3528454 50.924701, -3.3491987 50.9271812, -3.345476 50.9296363, -3.3425863 50.9323244, -3.3401113 50.9345847, -3.3373601 50.9370894, -3.3344779 50.9397103, -3.3315915 50.9423781, -3.3287726 50.9449173, -3.3262727 50.9472236, -3.3230799 50.9501283, -3.3198538 50.9530571, -3.3167121 50.9559012, -3.3140406 50.9583386, -3.3118761 50.9602773, -3.3085474 50.9617725, -3.3054948 50.9630987, -3.3003421 50.9653843, -3.2970123 50.9668445, -3.2933669 50.9684556, -3.2894731 50.9706064, -3.2850432 50.9730484, -3.284854 50.9731528, -3.2809329 50.9753168, -3.2793992 50.9761659, -3.277208 50.977379, -3.2731068 50.9796287, -3.2690256 50.9811221, -3.2647496 50.9825865, -3.2589877 50.9846553, -3.25635 50.9856036, -3.2518267 50.9871334, -3.2485052 50.9891802, -3.2461596 50.9905989, -3.241365 50.9910035, -3.23658 50.991456, -3.231666 50.9918837, -3.2268313 50.9922739, -3.2218531 50.9927348, -3.216376 50.9932062, -3.211216 50.9936417, -3.2068212 50.9949023, -3.2020584 50.9962444, -3.1971045 50.9976662, -3.1919508 50.9991399, -3.1866941 51.0006325, -3.1830428 51.0033563, -3.1794156 51.0060569, -3.1756984 51.0088426, -3.1721733 51.0114529, -3.169219 51.01218, -3.1644183 51.0133843, -3.1625677348645316 51.01385435209081, -3.154925324051073 51.01694852410127)",False
relation/9572254-400,way/34656007-400,400.0,1787.4764334110816,49606.92,Al/St 240/40 4-bundle 380.0,"LINESTRING (-4.899645176253177 50.39501306092503, -4.890790441984398 50.396983593173175, -4.8889233 50.3975708, -4.8842361 50.3990519, -4.8795995 50.4005592, -4.8751239 50.4019508, -4.8710869 50.4031975, -4.8665384 50.4024854, -4.8611767 50.4016598, -4.8558709 50.4008731, -4.8501981 50.3999774, -4.8460986 50.3993677, -4.8395416 50.3985889, -4.8348209 50.397987, -4.831155 50.3975652, -4.8274346 50.398308, -4.8231978 50.4007192, -4.8200154 50.4025839, -4.8165032 50.4046446, -4.8116328 50.4059445, -4.8077738 50.4069939, -4.8036906 50.4080391, -4.8002371 50.4089507, -4.795313 50.4102079, -4.7916724 50.4124823, -4.7872448 50.4150929, -4.7842862 50.417049, -4.7814634 50.4187903, -4.7773267 50.4196956, -4.7722085 50.4207485, -4.7684424 50.4215891, -4.7637968 50.4225802, -4.7596555 50.423339, -4.756115 50.4237491, -4.750139 50.4243643, -4.7450857 50.4247881, -4.740011 50.4253622, -4.7374146 50.4256083, -4.7329393 50.4267283, -4.7276608 50.4280212, -4.722548 50.4292434, -4.718155 50.4303108, -4.713606 50.4314248, -4.7098831 50.4322863, -4.7063104 50.4332567, -4.7027806 50.4328258, -4.6990255 50.4322449, -4.6917368 50.4312844, -4.6893883 50.4309539, -4.6858971 50.4304915, -4.6811292 50.4298529, -4.6748382 50.4289904, -4.6701865 50.4296541, -4.6676295 50.4300624, -4.6626402 50.4307899, -4.6584618 50.4313765, -4.6531552 50.4304674, -4.6478506 50.4295341, -4.6441374 50.428871, -4.6404692 50.4282462, -4.6355661 50.4273713, -4.6313993 50.4266304, -4.6259329 50.4256683, -4.6224769 50.4251363, -4.6176811 50.4257651, -4.6111258 50.4279116, -4.607757 50.4291214, -4.6013197 50.4313559, -4.5971354 50.4326612, -4.593906 50.4337888, -4.590335 50.4328075, -4.5867499 50.4318825, -4.5820185 50.4306656, -4.5779222 50.4295483, -4.5743483 50.4286125, -4.5714506 50.4278634, -4.5666119 50.4265648, -4.5625951 50.4255462, -4.558426 50.4256756, -4.5524456 50.42592, -4.5483021 50.4264475, -4.5441067 50.4270051, -4.5374396 50.4278161, -4.5337655 50.4283923, -4.5295539 50.4289233, -4.5216848 50.42952, -4.5174732 50.4297777, -4.5104888 50.4305226, -4.5063689 50.4308233, -4.5024636 50.4311855, -4.4973996 50.4318075, -4.4925623 50.4324177, -4.4869604 50.4331811, -4.4815141 50.4338567, -4.4774398 50.4343799, -4.4701755 50.4338379, -4.467199 50.433939, -4.4606052 50.4341856, -4.4566208 50.4343291, -4.4505077 50.4345507, -4.445464 50.4347423, -4.4401821 50.436978, -4.4366624 50.4384826, -4.4341378 50.4395944, -4.4273565 50.4424833, -4.4244642 50.4437249, -4.4208807 50.4453032, -4.415688 50.447537, -4.4109029 50.4478171, -4.4058818 50.4480972, -4.4027276 50.4482748, -4.3975884 50.4486438, -4.3914837 50.4490058, -4.3862695 50.4493064, -4.3837053 50.4480904, -4.3799427 50.4462845, -4.3755729 50.4441622, -4.3718929 50.4424541, -4.3667323 50.4399464, -4.3635888 50.4394886, -4.357366 50.438696, -4.3547911 50.4383816, -4.3474311 50.437425, -4.3425924 50.4369398, -4.3377108 50.4364409, -4.332915 50.4359558, -4.3282158 50.4354911, -4.322154 50.4348965, -4.3162961 50.4354296, -4.3127448 50.4357371, -4.3054385 50.4364068, -4.3010075 50.4368236, -4.2972846 50.4371311, -4.2904396 50.4377325, -4.2862553 50.4381015, -4.2821569 50.4393178, -4.2765243 50.440985, -4.2720181 50.4422423, -4.2670475 50.4438268, -4.2621798 50.4452212, -4.2523415 50.4450368, -4.2513239016241355 50.445001637766445, -4.242535213727529 50.44487758090692)",False
way/119616836-400,GB89-400,400.0,1787.4764334110816,25412.91,Al/St 240/40 4-bundle 380.0,"LINESTRING (-3.154925324051073 51.01694852410127, -3.157404394344706 51.02234384090026, -3.1574953 51.0228331, -3.1579657 51.0254002, -3.1562732 51.0281095, -3.1524952 51.0301305, -3.1494711 51.0317262, -3.1459342 51.0321295, -3.1414254 51.032653, -3.1378142 51.0343644, -3.133056 51.0365503, -3.1290863 51.0384055, -3.1253419 51.0401798, -3.121316 51.0420264, -3.1175947 51.0437663, -3.1146395 51.0456267, -3.1110046 51.047914, -3.1080829 51.0497504, -3.1058364 51.0516247, -3.1019828 51.0548775, -3.0991 51.0572741, -3.0966351 51.0592953, -3.0947822 51.0608146, -3.0915079 51.0619237, -3.08793 51.0631242, -3.0837228 51.0645656, -3.0780786 51.0664452, -3.0754374 51.0673254, -3.0693472 51.0693662, -3.0660646 51.0704599, -3.0609217 51.0728198, -3.0578892 51.0741946, -3.053151 51.0763128, -3.0487792 51.0782647, -3.0478168 51.0804173, -3.0455725 51.0848307, -3.0444778 51.0871021, -3.0426395 51.0908325, -3.0415692 51.0929924, -3.0414562 51.0932205, -3.0403548 51.0954284, -3.0420594 51.098026, -3.0442109 51.1012497, -3.0460333 51.1040006, -3.0479048 51.1067737, -3.0498794 51.1098529, -3.0521815 51.1133706, -3.0542338 51.1164868, -3.0565159 51.1184622, -3.0591495 51.12098, -3.0618589 51.1233648, -3.0648386 51.1262059, -3.0677812 51.1288997, -3.071074 51.1319934, -3.0740839 51.1342045, -3.0764287 51.1358949, -3.0793737 51.1380356, -3.0826375 51.1404788, -3.0858155 51.1429383, -3.0876579 51.1452986, -3.090152 51.1487555, -3.0923251 51.1518482, -3.0941285 51.1542984, -3.0965653 51.1576722, -3.0985649 51.1604916, -3.0999512 51.1632527, -3.1018345 51.1670151, -3.1034056 51.1701888, -3.1050113 51.1733503, -3.106532 51.1765192, -3.1078159 51.1790207, -3.1092588 51.1819349, -3.1109568 51.1853696, -3.1121675 51.1877784, -3.1135719 51.1906682, -3.114365187702848 51.19224580620115, -3.1165281999999994 51.19651339437959)",False
way/119616836-400,GB89-400,400.0,1787.4764334110816,25412.91,Al/St 240/40 4-bundle 380.0,"LINESTRING (-3.154925324051073 51.01694852410127, -3.157404394344706 51.02234384090026, -3.1574953 51.0228331, -3.1579657 51.0254002, -3.1562732 51.0281095, -3.1524952 51.0301305, -3.1494711 51.0317262, -3.1459342 51.0321295, -3.1414254 51.032653, -3.1378142 51.0343644, -3.133056 51.0365503, -3.1290863 51.0384055, -3.1253419 51.0401798, -3.121316 51.0420264, -3.1175947 51.0437663, -3.1146395 51.0456267, -3.1110046 51.047914, -3.1080829 51.0497504, -3.1058364 51.0516247, -3.1019828 51.0548775, -3.0991 51.0572741, -3.0966351 51.0592953, -3.0947822 51.0608146, -3.0915079 51.0619237, -3.08793 51.0631242, -3.0837228 51.0645656, -3.0780786 51.0664452, -3.0754374 51.0673254, -3.0693472 51.0693662, -3.0660646 51.0704599, -3.0609217 51.0728198, -3.0578892 51.0741946, -3.053151 51.0763128, -3.0487792 51.0782647, -3.0478168 51.0804173, -3.0455725 51.0848307, -3.0444778 51.0871021, -3.0426395 51.0908325, -3.0415692 51.0929924, -3.0414562 51.0932205, -3.0403548 51.0954284, -3.0420594 51.098026, -3.0442109 51.1012497, -3.0460333 51.1040006, -3.0479048 51.1067737, -3.0498794 51.1098529, -3.0521815 51.1133706, -3.0542338 51.1164868, -3.0565159 51.1184622, -3.0591495 51.12098, -3.0618589 51.1233648, -3.0648386 51.1262059, -3.0677812 51.1288997, -3.071074 51.1319934, -3.0740839 51.1342045, -3.0764287 51.1358949, -3.0793737 51.1380356, -3.0826375 51.1404788, -3.0858155 51.1429383, -3.0876579 51.1452986, -3.090152 51.1487555, -3.0923251 51.1518482, -3.0941285 51.1542984, -3.0965653 51.1576722, -3.0985649 51.1604916, -3.0999512 51.1632527, -3.1018345 51.1670151, -3.1034056 51.1701888, -3.1050113 51.1733503, -3.106532 51.1765192, -3.1078159 51.1790207, -3.1092588 51.1819349, -3.1109568 51.1853696, -3.1121675 51.1877784, -3.1135719 51.1906682, -3.114365187702848 51.19224580620115, -3.1165281999999994 51.19651339437959)",False
way/1274396508-400,way/536905500-400,400.0,1787.4764334110816,1792.36,Al/St 240/40 4-bundle 380.0,"LINESTRING (-3.0742279809374113 53.22972662832484, -3.0643766989213947 53.23121157615525, -3.062863802361959 53.23146242488471, -3.050363601620399 53.23659159755566)",False
way/23164132-400,way/23164256-400,400.0,1787.4764334110816,18405.85,Al/St 240/40 4-bundle 380.0,"LINESTRING (-2.947158775578948 53.26761759210352, -2.938785464650043 53.26353035638036, -2.9381033 53.2631213, -2.934584 53.2603729, -2.9318977 53.2584698, -2.9282929 53.2556817, -2.9247738 53.252991, -2.9216152 53.2505979, -2.9176939 53.2475679, -2.9117533 53.249083, -2.9071957 53.2503104, -2.900767 53.252041, -2.8952824 53.2525647, -2.8893429 53.253145, -2.8840986 53.2539666, -2.8790947 53.2547677, -2.8736445 53.2555944, -2.8685547 53.2564005, -2.8636624 53.2570988, -2.8580576 53.2578998, -2.8527463 53.2588166, -2.8464104 53.2596917, -2.8410374 53.2604619, -2.8348662 53.2614117, -2.8298622 53.2626541, -2.8240687 53.2641481, -2.8188416 53.2653699, -2.8135286 53.2667252, -2.8079411 53.2681625, -2.8025255 53.2694858, -2.7975126 53.2706931, -2.791556 53.2721457, -2.7868954 53.2739165, -2.7831133 53.2754124, -2.7784918 53.277254, -2.7743861 53.2788669, -2.7688452 53.2808193, -2.7652403 53.2821741, -2.7603136 53.2840471, -2.7561165 53.2864639, -2.7518078 53.2889421, -2.7479283 53.2912201, -2.7438341 53.2935442, -2.7391907 53.2962221, -2.7353111 53.298433, -2.7319723 53.3003463, -2.7279297 53.3026955, -2.72393 53.3049625, -2.722904884843482 53.305566093395825, -2.716248140828032 53.30945477944595)",False
way/23164132-400,way/23164256-400,400.0,1787.4764334110816,18405.85,Al/St 240/40 4-bundle 380.0,"LINESTRING (-2.947158775578948 53.26761759210352, -2.938785464650043 53.26353035638036, -2.9381033 53.2631213, -2.934584 53.2603729, -2.9318977 53.2584698, -2.9282929 53.2556817, -2.9247738 53.252991, -2.9216152 53.2505979, -2.9176939 53.2475679, -2.9117533 53.249083, -2.9071957 53.2503104, -2.900767 53.252041, -2.8952824 53.2525647, -2.8893429 53.253145, -2.8840986 53.2539666, -2.8790947 53.2547677, -2.8736445 53.2555944, -2.8685547 53.2564005, -2.8636624 53.2570988, -2.8580576 53.2578998, -2.8527463 53.2588166, -2.8464104 53.2596917, -2.8410374 53.2604619, -2.8348662 53.2614117, -2.8298622 53.2626541, -2.8240687 53.2641481, -2.8188416 53.2653699, -2.8135286 53.2667252, -2.8079411 53.2681625, -2.8025255 53.2694858, -2.7975126 53.2706931, -2.791556 53.2721457, -2.7868954 53.2739165, -2.7831133 53.2754124, -2.7784918 53.277254, -2.7743861 53.2788669, -2.7688452 53.2808193, -2.7652403 53.2821741, -2.7603136 53.2840471, -2.7561165 53.2864639, -2.7518078 53.2889421, -2.7479283 53.2912201, -2.7438341 53.2935442, -2.7391907 53.2962221, -2.7353111 53.298433, -2.7319723 53.3003463, -2.7279297 53.3026955, -2.72393 53.3049625, -2.722904884843482 53.305566093395825, -2.716248140828032 53.30945477944595)",False
GB47-400,way/23164256-400,400.0,1787.4764334110816,2198.39,Al/St 240/40 4-bundle 380.0,"LINESTRING (-2.744055499999994 53.319390995254565, -2.7380613734169112 53.31668911305156, -2.734327 53.3167383, -2.7335225128328786 53.31647876628113, -2.716248140828032 53.30945477944595)",False
way/91955171-400,relation/11543333-400,400.0,3574.952866822164,37793.13,Al/St 240/40 4-bundle 380.0,"LINESTRING (-1.7429869041026962 54.9778525930585, -1.7439783657781376 54.97177858889631, -1.7439608 54.9716174, -1.7449244 54.9684669, -1.7467963 54.9623458, -1.7510568 54.9599599, -1.753935 54.9559667, -1.7564394 54.9531783, -1.7581914 54.9512274, -1.7615724 54.9474625, -1.7636812 54.9441734, -1.765433 54.9409533, -1.7670297 54.9379146, -1.7702418 54.9349403, -1.7730021 54.9323891, -1.7760492 54.9295624, -1.7776752 54.9261367, -1.77907 54.9232355, -1.7818917 54.9224913, -1.7858524 54.9214957, -1.7884013 54.9196258, -1.7907968 54.9177941, -1.7901942 54.914572, -1.7893402 54.9107425, -1.7888589 54.908584, -1.7904303 54.9056556, -1.7920934 54.9023688, -1.7898068 54.8991792, -1.7876545 54.8962874, -1.7857527 54.8937382, -1.7852013 54.8910945, -1.7845437 54.8879417, -1.7839428 54.885277, -1.7833218 54.8822557, -1.7827582 54.8795137, -1.7820625 54.8761289, -1.7813335 54.8728921, -1.7808226 54.870095, -1.7792258 54.8680311, -1.777169 54.8653725, -1.7749374 54.8624877, -1.772631 54.8594564, -1.7700051 54.8560788, -1.7675589 54.8528968, -1.7651631 54.8498501, -1.7598759 54.8474643, -1.7556368 54.8455513, -1.7511101 54.8435085, -1.7468648 54.8415925, -1.7421687 54.8394731, -1.7378209 54.8375107, -1.7349412 54.8362108, -1.7310972 54.8344757, -1.7285578 54.8333294, -1.7281092 54.8303305, -1.7277348 54.827827, -1.7271684 54.82404, -1.7266729 54.820726, -1.7262139 54.8176565, -1.7257413 54.8144959, -1.7252134 54.8109652, -1.7247315 54.8077414, -1.7241443 54.8038131, -1.7238272 54.8016915, -1.7211904 54.7998832, -1.7184475 54.7980021, -1.7149997 54.7956373, -1.711611 54.7933131, -1.7079973 54.7908072, -1.704406 54.7883707, -1.7016758 54.7862051, -1.6979798 54.7832734, -1.6954569 54.7812722, -1.6918857 54.778438, -1.6883761 54.775655, -1.6848727 54.773061, -1.6826775 54.771466, -1.6800641 54.769567, -1.6766049 54.7670533, -1.6723159 54.7639364, -1.6697322 54.7620587, -1.6659852 54.7593353, -1.6631079 54.7572593, -1.6594652 54.7545961, -1.6580792 54.7521231, -1.6561025 54.748596, -1.6530585 54.7469904, -1.6486636 54.7446721, -1.6442233 54.7423296, -1.6402977 54.7402607, -1.6364161 54.7382092, -1.6321484 54.7356475, -1.6281687 54.7332243, -1.6243868 54.7311731, -1.6207516 54.7292013, -1.6175781 54.7274798, -1.6127259 54.7248327, -1.6075186 54.7239482, -1.6012392 54.7229078, -1.5959418 54.7220019, -1.5910107 54.7211587, -1.5861744 54.7203317, -1.5809376 54.7195065, -1.575443 54.7182407, -1.5695287 54.7168462, -1.5674359 54.7144289, -1.5647422 54.7115985, -1.5635023842498468 54.710239112757705, -1.5550282140403806 54.70567199074047)",False
way/92460913-400,way/23059230-400,400.0,1787.4764334110816,91863.43,Al/St 240/40 4-bundle 380.0,"LINESTRING (-2.2535023673068064 51.879453135615506, -2.246534483514478 51.88330750281787, -2.2456203 51.883995, -2.2426538 51.8862432, -2.2393654 51.8887265, -2.2346422 51.8897802, -2.2303208 51.890735, -2.2260014 51.8892957, -2.221949 51.8878886, -2.2170823 51.8862624, -2.2125784 51.8853601, -2.2074299 51.8843711, -2.2036192 51.8821687, -2.199562 51.8797821, -2.1979662 51.8775721, -2.196605 51.875324, -2.1948245 51.8723009, -2.1932335 51.8696339, -2.1922356 51.8679417, -2.1918294 51.867253, -2.1905567 51.8651472, -2.1903673 51.8648339, -2.1863922 51.8636758, -2.1817174 51.862366, -2.1781136 51.8613221, -2.1758678 51.8595505, -2.1750459 51.8589021, -2.172353 51.8589882, -2.1706042 51.8590942, -2.1659693 51.8592797, -2.1608876 51.8594858, -2.1578476 51.860373, -2.1539852 51.8615524, -2.1498439 51.8627782, -2.1460244 51.864355, -2.1412286 51.8663227, -2.1369371 51.8680849, -2.1325742 51.8699273, -2.1287295 51.8714899, -2.1236229 51.8724339, -2.1186983 51.8733099, -2.1145248 51.8739822, -2.1112015 51.8733414, -2.1074733 51.8725697, -2.1041609 51.8718493, -2.1011122 51.8706032, -2.100737 51.8704499, -2.0971201 51.8689577, -2.0930298 51.8672768, -2.0884379 51.8653721, -2.0872685 51.8634507, -2.0855679 51.8607972, -2.0849027 51.8580971, -2.0808902 51.854744, -2.0756384 51.8546314, -2.071937 51.8545419, -2.0683482 51.8544723, -2.0658472 51.8548605, -2.0632037 51.8552709, -2.0586547 51.8545287, -2.054685 51.8538925, -2.0511016 51.8533027, -2.0434524 51.8519775, -2.0381918 51.85118, -2.0351731 51.8504784, -2.0316081 51.8495706, -2.0293226 51.8493889, -2.0285749 51.8496291, -2.0275555 51.8493118, -2.0254769 51.8473772, -2.0232284 51.8452568, -2.0168168 51.8466851, -2.0122881 51.8476422, -2.0089512 51.8483735, -2.0044622 51.8478484, -2.0002831 51.8473428, -1.9950871 51.8467244, -1.991186 51.8462434, -1.9880875 51.8458556, -1.9864508 51.8442015, -1.9839554 51.8417228, -1.9836094 51.8413791, -1.983392 51.8411631, -1.981072 51.8388166, -1.9782197 51.8359791, -1.9757727 51.8334654, -1.9717044 51.8334714, -1.9663554 51.8334564, -1.9624316 51.8330256, -1.9581622 51.8325363, -1.953753 51.8320422, -1.9483192 51.8314474, -1.9425593 51.8329824, -1.9380337 51.83434, -1.932336 51.8359517, -1.9289437 51.8368726, -1.9228647 51.8367077, -1.920676 51.8366051, -1.9195239 51.8365961, -1.9193587 51.8365906, -1.9142607 51.8364384, -1.9097123 51.8362861, -1.9046143 51.8361222, -1.8995731 51.8359582, -1.8931367 51.8357355, -1.8881993 51.8355761, -1.8829812 51.8354027, -1.8802357 51.8338702, -1.8763904 51.8317565, -1.8722114 51.8294645, -1.8683054 51.8273318, -1.864134 51.8250068, -1.8599854 51.8227566, -1.855594 51.8203657, -1.8502395 51.8197047, -1.8434969 51.8188608, -1.8388013 51.8183919, -1.8343477 51.8158189, -1.8304342 51.8135308, -1.8265024 51.8111376, -1.8223583 51.8087442, -1.8179798 51.8061705, -1.8143412 51.8040311, -1.8105745 51.8017955, -1.8071605 51.7997276, -1.8025662 51.7970925, -1.7997688 51.7954828, -1.7962767 51.7932542, -1.7927939 51.7910542, -1.7894223 51.7888942, -1.7858283 51.7865794, -1.7823013 51.7843783, -1.7782328 51.7836366, -1.7733421 51.7827083, -1.7696925 51.7820435, -1.7644313 51.782204, -1.7600963 51.7823702, -1.7549925 51.782565, -1.7498457 51.7827534, -1.7443885 51.7829661, -1.7391304 51.7821767, -1.7343248 51.7814544, -1.7295373 51.7807433, -1.7247318 51.7800379, -1.7200981 51.779338, -1.7171116 51.7775742, -1.7136635 51.7755751, -1.7098172 51.7733016, -1.7061791 51.771112, -1.7020738 51.7686845, -1.6998779 51.7673706, -1.6983985 51.7664853, -1.69692 51.7637842, -1.6950313 51.7603998, -1.6934256 51.7574181, -1.6919967 51.7548258, -1.6907517 51.7525663, -1.6897755 51.7507796, -1.6887639 51.7489665, -1.6883324 51.7468249, -1.6877877 51.7444116, -1.6872499 51.7418834, -1.6859506 51.7395142, -1.6849609 51.7377611, -1.6840265 51.736008, -1.6831197 51.7343028, -1.6820598 51.7324304, -1.6796581 51.7312158, -1.6769541 51.7297871, -1.6728186 51.7276597, -1.6682378 51.7252694, -1.6640458 51.7230573, -1.6596482 51.7207618, -1.6558498 51.7187016, -1.6521385 51.7168651, -1.6476542 51.7145099, -1.6434147 51.7122823, -1.6393685 51.7101744, -1.6352192 51.7079307, -1.6314951 51.706059, -1.6281063 51.7042703, -1.6243325 51.7025193, -1.6199612 51.7004718, -1.6156806 51.6984742, -1.6114603 51.696464, -1.6077437 51.6947097, -1.6030803 51.6925245, -1.5984371 51.6903018, -1.5950912 51.6887661, -1.5910465 51.6869415, -1.5867116 51.6875664, -1.5813997 51.6882716, -1.575916 51.689049, -1.5705299 51.6898195, -1.5649042 51.6906305, -1.5600542 51.6913125, -1.5551977 51.6920176, -1.5504889 51.692681, -1.5460984 51.6933189, -1.5411658 51.6940118, -1.5359157 51.694722, -1.530439 51.6955024, -1.5248037 51.6963281, -1.519863 51.6976668, -1.5147708 51.6990751, -1.5110026 51.700248, -1.5054562 51.7017951, -1.5004612 51.7032462, -1.4957112 51.7046261, -1.4906458 51.7060976, -1.4859681 51.7074565, -1.4808231 51.7089512, -1.4755833 51.7104734, -1.4703753 51.7119863, -1.4671356 51.7129275, -1.4619914 51.7133866, -1.4574272 51.7138022, -1.453018 51.7141627, -1.4478167 51.7146349, -1.4421035 51.715137, -1.4363806 51.715667, -1.4308939 51.7161489, -1.4246319 51.7164186, -1.4201315 51.7165578, -1.415265 51.7167824, -1.410177 51.716991, -1.4045951 51.717224, -1.3985933 51.7174739, -1.3937691 51.7176797, -1.3882654 51.7179338, -1.3840992 51.7180848, -1.3788334 51.7182701, -1.3746048 51.7184501, -1.3696862 51.7186754, -1.3677727 51.7216522, -1.365826 51.7246308, -1.3637131 51.728011, -1.3615668 51.7312365, -1.3596036 51.7342453, -1.3574985 51.7373876, -1.3552944 51.7407672, -1.349707 51.7422284, -1.3446676 51.7435565, -1.3401688 51.7447117, -1.3352602 51.7459695, -1.3307208 51.7471557, -1.3247516 51.7486707, -1.3202489 51.7505652, -1.3159797 51.7522777, -1.3116144 51.7529776, -1.3083013 51.7535302, -1.3031153 51.7544045, -1.2976951 51.7552774, -1.2926131 51.7549684, -1.2902579 51.7540032, -1.2903839 51.7508405, -1.2862064 51.7499816, -1.2819819 51.7491549, -1.278992 51.7485303, -1.278829 51.7486808, -1.2785579 51.7486141, -1.2784707 51.7485584, -1.2786099 51.7481239, -1.2785635 51.7480131, -1.2766369 51.7471905, -1.2764091 51.7470967, -1.2762734 51.7470102, -1.2742902 51.7450851, -1.2736441 51.7447294, -1.2735726 51.7447208, -1.2732845 51.7445516, -1.2732466 51.7445017, -1.2724193 51.7440455, -1.269237 51.7423231, -1.2689169 51.742147, -1.2683126 51.7417002, -1.2647921 51.7391509, -1.2626849 51.737622, -1.2603571 51.7359281, -1.2595472 51.7352875, -1.2594351 51.7352247, -1.2591329 51.7351311, -1.2589023 51.7350585, -1.2587864 51.7349734, -1.2588089 51.7349556, -1.2589435 51.7347746, -1.2566283 51.7327627, -1.254052 51.7305264, -1.251685 51.7284232, -1.2472704 51.7267075, -1.2441793 51.7252951, -1.2436322 51.7229456, -1.2431984 51.7207332, -1.2419029 51.7189704, -1.2397904 51.7161567, -1.2385893 51.7129397, -1.2372791 51.7093271, -1.2361764 51.706453, -1.2336479 51.7056938, -1.2299727 51.7045842, -1.2249431 51.7057154, -1.2190913 51.7069917, -1.2139838 51.7081153, -1.2081766 51.7094057, -1.2036887 51.7104109, -1.2003313192057374 51.710964961094064, -1.1903820847648041 51.7111138438472)",False
way/95279334-400,way/23059230-400,400.0,1787.4764334110816,102509.29,Al/St 240/40 4-bundle 380.0,"LINESTRING (-2.002022274481397 51.607606647503744, -2.0047985643151613 51.61287080710015, -2.0045278 51.6138186, -2.0037321 51.6166343, -2.0029688 51.6198607, -2.0021772 51.6226445, -2.0015722 51.625035, -2.0006628 51.6286934, -1.9997977 51.6321856, -1.9988138 51.6356951, -1.9979261 51.6392465, -1.9969592 51.6428748, -1.9961733 51.6459238, -1.9954269 51.6487447, -1.9945957 51.6517618, -1.9937024 51.6553049, -1.9928655 51.6585355, -1.9921135 51.6613695, -1.9912541 51.6645156, -1.990536 51.6673317, -1.9897613 51.6702634, -1.9888566 51.673742, -1.9880311 51.6768871, -1.9861822 51.6798147, -1.9845255 51.6823845, -1.9827821 51.6852103, -1.9809292 51.687753, -1.9795588 51.6900025, -1.9785744 51.6916417, -1.9769531 51.6941542, -1.9765768 51.6949438, -1.9754739 51.6966354, -1.9743569 51.6983578, -1.9715355 51.6988753, -1.967726 51.6996362, -1.9647061 51.7002209, -1.9621057 51.7007117, -1.9590076 51.7013335, -1.9553902 51.7020494, -1.9513683 51.7028438, -1.949852 51.7051043, -1.947289 51.7089629, -1.9471652 51.7118449, -1.9470701 51.714761, -1.9469707 51.7175838, -1.9468597 51.721121, -1.9467441 51.7243866, -1.9483179 51.7271198, -1.9500564 51.7301008, -1.9518199 51.7331045, -1.953611 51.7361591, -1.9552037 51.7388586, -1.9570719 51.7420494, -1.9590173 51.7453218, -1.9610252 51.7488518, -1.9628412 51.7518909, -1.9658521 51.753751, -1.9710618 51.7570264, -1.974069 51.7589066, -1.9772776 51.7608877, -1.9816828 51.763635, -1.9853315 51.765852, -1.9866382 51.7691029, -1.9880765 51.7725165, -1.9894148 51.7756821, -1.9906951 51.7786877, -1.9935392 51.7821771, -1.9958043 51.7849695, -1.9986662 51.7884266, -2.0009116 51.791188, -2.0030385 51.793802, -2.0058029 51.7971392, -2.0083256 51.8001671, -2.0107153 51.8030977, -2.0126335 51.805435, -2.0158734 51.8093768, -2.0176146 51.8115269, -2.0204615 51.8149646, -2.0228158 51.8177871, -2.0253425 51.8208438, -2.027948 51.8240526, -2.0305781 51.8272398, -2.0302579 51.830442, -2.0298639 51.8344779, -2.0296191 51.8374399, -2.0293657 51.8400822, -2.029004 51.844218, -2.028772 51.8465496, -2.028631 51.8484811, -2.0275555 51.8493118, -2.0254769 51.8473772, -2.0232284 51.8452568, -2.0168168 51.8466851, -2.0122881 51.8476422, -2.0089512 51.8483735, -2.0044622 51.8478484, -2.0002831 51.8473428, -1.9950871 51.8467244, -1.991186 51.8462434, -1.9880875 51.8458556, -1.9864508 51.8442015, -1.9839554 51.8417228, -1.9836094 51.8413791, -1.983392 51.8411631, -1.981072 51.8388166, -1.9782197 51.8359791, -1.9757727 51.8334654, -1.9717044 51.8334714, -1.9663554 51.8334564, -1.9624316 51.8330256, -1.9581622 51.8325363, -1.953753 51.8320422, -1.9483192 51.8314474, -1.9425593 51.8329824, -1.9380337 51.83434, -1.932336 51.8359517, -1.9289437 51.8368726, -1.9228647 51.8367077, -1.920676 51.8366051, -1.9195239 51.8365961, -1.9193587 51.8365906, -1.9142607 51.8364384, -1.9097123 51.8362861, -1.9046143 51.8361222, -1.8995731 51.8359582, -1.8931367 51.8357355, -1.8881993 51.8355761, -1.8829812 51.8354027, -1.8802357 51.8338702, -1.8763904 51.8317565, -1.8722114 51.8294645, -1.8683054 51.8273318, -1.864134 51.8250068, -1.8599854 51.8227566, -1.855594 51.8203657, -1.8502395 51.8197047, -1.8434969 51.8188608, -1.8388013 51.8183919, -1.8343477 51.8158189, -1.8304342 51.8135308, -1.8265024 51.8111376, -1.8223583 51.8087442, -1.8179798 51.8061705, -1.8143412 51.8040311, -1.8105745 51.8017955, -1.8071605 51.7997276, -1.8025662 51.7970925, -1.7997688 51.7954828, -1.7962767 51.7932542, -1.7927939 51.7910542, -1.7894223 51.7888942, -1.7858283 51.7865794, -1.7823013 51.7843783, -1.7782328 51.7836366, -1.7733421 51.7827083, -1.7696925 51.7820435, -1.7644313 51.782204, -1.7600963 51.7823702, -1.7549925 51.782565, -1.7498457 51.7827534, -1.7443885 51.7829661, -1.7391304 51.7821767, -1.7343248 51.7814544, -1.7295373 51.7807433, -1.7247318 51.7800379, -1.7200981 51.779338, -1.7171116 51.7775742, -1.7136635 51.7755751, -1.7098172 51.7733016, -1.7061791 51.771112, -1.7020738 51.7686845, -1.6998779 51.7673706, -1.6983985 51.7664853, -1.69692 51.7637842, -1.6950313 51.7603998, -1.6934256 51.7574181, -1.6919967 51.7548258, -1.6907517 51.7525663, -1.6897755 51.7507796, -1.6887639 51.7489665, -1.6883324 51.7468249, -1.6877877 51.7444116, -1.6872499 51.7418834, -1.6859506 51.7395142, -1.6849609 51.7377611, -1.6840265 51.736008, -1.6831197 51.7343028, -1.6820598 51.7324304, -1.6796581 51.7312158, -1.6769541 51.7297871, -1.6728186 51.7276597, -1.6682378 51.7252694, -1.6640458 51.7230573, -1.6596482 51.7207618, -1.6558498 51.7187016, -1.6521385 51.7168651, -1.6476542 51.7145099, -1.6434147 51.7122823, -1.6393685 51.7101744, -1.6352192 51.7079307, -1.6314951 51.706059, -1.6281063 51.7042703, -1.6243325 51.7025193, -1.6199612 51.7004718, -1.6156806 51.6984742, -1.6114603 51.696464, -1.6077437 51.6947097, -1.6030803 51.6925245, -1.5984371 51.6903018, -1.5950912 51.6887661, -1.5910465 51.6869415, -1.5867116 51.6875664, -1.5813997 51.6882716, -1.575916 51.689049, -1.5705299 51.6898195, -1.5649042 51.6906305, -1.5600542 51.6913125, -1.5551977 51.6920176, -1.5504889 51.692681, -1.5460984 51.6933189, -1.5411658 51.6940118, -1.5359157 51.694722, -1.530439 51.6955024, -1.5248037 51.6963281, -1.519863 51.6976668, -1.5147708 51.6990751, -1.5110026 51.700248, -1.5054562 51.7017951, -1.5004612 51.7032462, -1.4957112 51.7046261, -1.4906458 51.7060976, -1.4859681 51.7074565, -1.4808231 51.7089512, -1.4755833 51.7104734, -1.4703753 51.7119863, -1.4671356 51.7129275, -1.4619914 51.7133866, -1.4574272 51.7138022, -1.453018 51.7141627, -1.4478167 51.7146349, -1.4421035 51.715137, -1.4363806 51.715667, -1.4308939 51.7161489, -1.4246319 51.7164186, -1.4201315 51.7165578, -1.415265 51.7167824, -1.410177 51.716991, -1.4045951 51.717224, -1.3985933 51.7174739, -1.3937691 51.7176797, -1.3882654 51.7179338, -1.3840992 51.7180848, -1.3788334 51.7182701, -1.3746048 51.7184501, -1.3696862 51.7186754, -1.3677727 51.7216522, -1.365826 51.7246308, -1.3637131 51.728011, -1.3615668 51.7312365, -1.3596036 51.7342453, -1.3574985 51.7373876, -1.3552944 51.7407672, -1.349707 51.7422284, -1.3446676 51.7435565, -1.3401688 51.7447117, -1.3352602 51.7459695, -1.3307208 51.7471557, -1.3247516 51.7486707, -1.3202489 51.7505652, -1.3159797 51.7522777, -1.3116144 51.7529776, -1.3083013 51.7535302, -1.3031153 51.7544045, -1.2976951 51.7552774, -1.2926131 51.7549684, -1.2902579 51.7540032, -1.2903839 51.7508405, -1.2862064 51.7499816, -1.2819819 51.7491549, -1.278992 51.7485303, -1.2790114 51.7483653, -1.278918 51.7483282, -1.2787412 51.7482199, -1.2786358 51.748032, -1.2785978 51.747992, -1.2764665 51.7470801, -1.2763322 51.7470065, -1.2749971 51.7456718, -1.2743429 51.7450523, -1.2712281 51.7433545, -1.2695914 51.7424429, -1.2692776 51.7422681, -1.2689427 51.7421304, -1.266907 51.7405981, -1.2637517 51.7383227, -1.2637043 51.7382882, -1.2616643 51.7368006, -1.2607626 51.736146, -1.2595988 51.7352566, -1.2593736 51.7350451, -1.2592567 51.7348006, -1.2592833 51.7347385, -1.2589435 51.7347746, -1.2566283 51.7327627, -1.254052 51.7305264, -1.251685 51.7284232, -1.2472704 51.7267075, -1.2441793 51.7252951, -1.2436322 51.7229456, -1.2431984 51.7207332, -1.2419029 51.7189704, -1.2397904 51.7161567, -1.2385893 51.7129397, -1.2372791 51.7093271, -1.2361764 51.706453, -1.2336479 51.7056938, -1.2299727 51.7045842, -1.2249431 51.7057154, -1.2190913 51.7069917, -1.2139838 51.7081153, -1.2081766 51.7094057, -1.2036887 51.7104109, -1.2003313192057374 51.710964961094064, -1.1903820847648041 51.7111138438472)",False
way/92460913-400,way/96107758-400,400.0,1787.4764334110816,68264.6,Al/St 240/40 4-bundle 380.0,"LINESTRING (-2.2535023673068064 51.879453135615506, -2.246534483514478 51.88330750281787, -2.2456203 51.883995, -2.2426538 51.8862432, -2.2393654 51.8887265, -2.2346422 51.8897802, -2.2303208 51.890735, -2.2260014 51.8892957, -2.221949 51.8878886, -2.2170823 51.8862624, -2.2125784 51.8853601, -2.2074299 51.8843711, -2.2036192 51.8821687, -2.199562 51.8797821, -2.1979662 51.8775721, -2.196605 51.875324, -2.1948245 51.8723009, -2.1932335 51.8696339, -2.1922356 51.8679417, -2.1918294 51.867253, -2.1905567 51.8651472, -2.1903673 51.8648339, -2.1863922 51.8636758, -2.1817174 51.862366, -2.1781136 51.8613221, -2.1758678 51.8595505, -2.1750459 51.8589021, -2.172353 51.8589882, -2.1706042 51.8590942, -2.1659693 51.8592797, -2.1608876 51.8594858, -2.1578476 51.860373, -2.1539852 51.8615524, -2.1498439 51.8627782, -2.1460244 51.864355, -2.1412286 51.8663227, -2.1369371 51.8680849, -2.1325742 51.8699273, -2.1287295 51.8714899, -2.1236229 51.8724339, -2.1186983 51.8733099, -2.1145248 51.8739822, -2.1112015 51.8733414, -2.1074733 51.8725697, -2.1041609 51.8718493, -2.1011122 51.8706032, -2.100737 51.8704499, -2.0971201 51.8689577, -2.0930298 51.8672768, -2.0884379 51.8653721, -2.0872685 51.8634507, -2.0855679 51.8607972, -2.0849027 51.8580971, -2.0808902 51.854744, -2.0756384 51.8546314, -2.071937 51.8545419, -2.0683482 51.8544723, -2.0658472 51.8548605, -2.0632037 51.8552709, -2.0586547 51.8545287, -2.054685 51.8538925, -2.0511016 51.8533027, -2.0434524 51.8519775, -2.0381918 51.85118, -2.0351731 51.8504784, -2.0316081 51.8495706, -2.0293226 51.8493889, -2.0284272 51.8508165, -2.0284459 51.8526128, -2.0285239 51.855829, -2.0285908 51.85899, -2.0286299 51.8619889, -2.0286142 51.8648822, -2.0287469 51.8677692, -2.0267678 51.8702374, -2.0251231 51.8722821, -2.0227035 51.8752216, -2.0191578 51.8795514, -2.0162141 51.8831673, -2.0144301 51.8853256, -2.0121867 51.8881143, -2.0097961 51.8910486, -2.0072984 51.8940929, -2.0046759 51.8972828, -2.0027179 51.9004642, -2.0006261 51.9039564, -1.9989402 51.9066613, -1.9953722 51.9125631, -1.9936064 51.915574, -1.9916529 51.9186661, -1.9894585 51.9222476, -1.9879934 51.9246553, -1.9859306 51.9280154, -1.9842978 51.9307019, -1.9847755 51.9323084, -1.9861334 51.9365473, -1.9868717 51.9393012, -1.9881116 51.9436977, -1.9904933 51.9450173, -1.9950664 51.9475663, -1.9988782 51.9497376, -2.0019468 51.9518982, -2.0055148 51.9543886, -2.0088688 51.9567827, -2.0120488 51.9589787, -2.0145509 51.9614412, -2.0170976 51.9639146, -2.016839 51.9659262, -2.0163394 51.9693803, -2.0159202 51.9723697, -2.0153716 51.9762657, -2.0148899 51.9796228, -2.0143592 51.9833038, -2.0138819 51.9867154, -2.0130167 51.989668, -2.0123655 51.9918844, -2.0115002 51.99493, -2.0104833 51.9984011, -2.0096449 52.0012678, -2.0089045 52.0038077, -2.0078296 52.0074785, -2.0072944 52.00937, -2.0063444 52.0120576, -2.0052606 52.0150854, -2.0040876 52.0183765, -2.0028611 52.022005, -2.0016881 52.0252599, -2.0004169 52.0288823, -1.9992395 52.0322465, -1.9979416 52.0355034, -1.9965322 52.0391249, -1.9953012 52.0423841, -1.9939811 52.0456704, -1.9926296 52.0491568, -1.9914611 52.0521656, -1.9901632 52.055454, -1.9889501 52.0585556, -1.9874961 52.0623234, -1.9862384 52.0655781, -1.985101 52.0685009, -1.9836069 52.0721911, -1.9825588 52.0747871, -1.9812252 52.0781369, -1.9797311 52.0818071, -1.9785358 52.0847562, -1.9772914 52.0879298, -1.9762389 52.0904647, -1.9747358 52.0928131, -1.9727555 52.0959724, -1.9706236 52.0992768, -1.9687102 52.1023151, -1.966498 52.1057505, -1.9645624 52.108802, -1.9622298 52.1124697, -1.9604769 52.1152716, -1.9592014 52.1173175, -1.957123 52.1205189, -1.9561819 52.1239145, -1.9553345 52.1270059, -1.954264 52.1308282, -1.9535281 52.1333989, -1.9524934 52.1370837, -1.9514364 52.1389999, -1.9500582 52.1413896, -1.9484882 52.1442034, -1.9464768 52.1477285, -1.9447016 52.1508676, -1.942757 52.1544634, -1.9408392 52.1576867, -1.9396171 52.1598346, -1.9372667 52.1640562, -1.93757 52.167919, -1.937793 52.1708925, -1.9380338 52.1738275, -1.9382791 52.1769537, -1.9385735 52.1804736, -1.9388233 52.1836376, -1.9390819 52.1860878, -1.9393362 52.1891202, -1.9394878 52.1915701, -1.9397599 52.1948454, -1.9400409 52.198085, -1.9403308 52.2015021, -1.9395101 52.204681, -1.9388857 52.2072585, -1.9380249 52.2107896, -1.9371373 52.2143505, -1.9363524 52.217493, -1.9354827 52.2209332, -1.9346888 52.2241927, -1.934158 52.2276706, -1.9337209 52.2305909, -1.9332036 52.2341147, -1.932812 52.2368069, -1.932369 52.2396184, -1.9320569 52.2421708, -1.9356312 52.244757, -1.9398599 52.2458636, -1.9454981 52.2473245, -1.9486042 52.2480951, -1.9513529 52.2488194, -1.9560749 52.2491183, -1.9620555 52.2494882, -1.9630350984768659 52.249549127357135, -1.9726738865018782 52.25110813442906)",False
way/95279334-400,way/96107758-400,400.0,1787.4764334110816,79060.57,Al/St 240/40 4-bundle 380.0,"LINESTRING (-2.002022274481397 51.607606647503744, -2.0047985643151613 51.61287080710015, -2.0045278 51.6138186, -2.0037321 51.6166343, -2.0029688 51.6198607, -2.0021772 51.6226445, -2.0015722 51.625035, -2.0006628 51.6286934, -1.9997977 51.6321856, -1.9988138 51.6356951, -1.9979261 51.6392465, -1.9969592 51.6428748, -1.9961733 51.6459238, -1.9954269 51.6487447, -1.9945957 51.6517618, -1.9937024 51.6553049, -1.9928655 51.6585355, -1.9921135 51.6613695, -1.9912541 51.6645156, -1.990536 51.6673317, -1.9897613 51.6702634, -1.9888566 51.673742, -1.9880311 51.6768871, -1.9861822 51.6798147, -1.9845255 51.6823845, -1.9827821 51.6852103, -1.9809292 51.687753, -1.9795588 51.6900025, -1.9785744 51.6916417, -1.9769531 51.6941542, -1.9765768 51.6949438, -1.9754739 51.6966354, -1.9743569 51.6983578, -1.9715355 51.6988753, -1.967726 51.6996362, -1.9647061 51.7002209, -1.9621057 51.7007117, -1.9590076 51.7013335, -1.9553902 51.7020494, -1.9513683 51.7028438, -1.949852 51.7051043, -1.947289 51.7089629, -1.9471652 51.7118449, -1.9470701 51.714761, -1.9469707 51.7175838, -1.9468597 51.721121, -1.9467441 51.7243866, -1.9483179 51.7271198, -1.9500564 51.7301008, -1.9518199 51.7331045, -1.953611 51.7361591, -1.9552037 51.7388586, -1.9570719 51.7420494, -1.9590173 51.7453218, -1.9610252 51.7488518, -1.9628412 51.7518909, -1.9658521 51.753751, -1.9710618 51.7570264, -1.974069 51.7589066, -1.9772776 51.7608877, -1.9816828 51.763635, -1.9853315 51.765852, -1.9866382 51.7691029, -1.9880765 51.7725165, -1.9894148 51.7756821, -1.9906951 51.7786877, -1.9935392 51.7821771, -1.9958043 51.7849695, -1.9986662 51.7884266, -2.0009116 51.791188, -2.0030385 51.793802, -2.0058029 51.7971392, -2.0083256 51.8001671, -2.0107153 51.8030977, -2.0126335 51.805435, -2.0158734 51.8093768, -2.0176146 51.8115269, -2.0204615 51.8149646, -2.0228158 51.8177871, -2.0253425 51.8208438, -2.027948 51.8240526, -2.0305781 51.8272398, -2.0302579 51.830442, -2.0298639 51.8344779, -2.0296191 51.8374399, -2.0293657 51.8400822, -2.029004 51.844218, -2.028772 51.8465496, -2.028631 51.8484811, -2.0284272 51.8508165, -2.0284459 51.8526128, -2.0285239 51.855829, -2.0285908 51.85899, -2.0286299 51.8619889, -2.0286142 51.8648822, -2.0287469 51.8677692, -2.0267678 51.8702374, -2.0251231 51.8722821, -2.0227035 51.8752216, -2.0191578 51.8795514, -2.0162141 51.8831673, -2.0144301 51.8853256, -2.0121867 51.8881143, -2.0097961 51.8910486, -2.0072984 51.8940929, -2.0046759 51.8972828, -2.0027179 51.9004642, -2.0006261 51.9039564, -1.9989402 51.9066613, -1.9953722 51.9125631, -1.9936064 51.915574, -1.9916529 51.9186661, -1.9894585 51.9222476, -1.9879934 51.9246553, -1.9859306 51.9280154, -1.9842978 51.9307019, -1.9847755 51.9323084, -1.9861334 51.9365473, -1.9868717 51.9393012, -1.9881116 51.9436977, -1.9904933 51.9450173, -1.9950664 51.9475663, -1.9988782 51.9497376, -2.0019468 51.9518982, -2.0055148 51.9543886, -2.0088688 51.9567827, -2.0120488 51.9589787, -2.0145509 51.9614412, -2.0170976 51.9639146, -2.016839 51.9659262, -2.0163394 51.9693803, -2.0159202 51.9723697, -2.0153716 51.9762657, -2.0148899 51.9796228, -2.0143592 51.9833038, -2.0138819 51.9867154, -2.0130167 51.989668, -2.0123655 51.9918844, -2.0115002 51.99493, -2.0104833 51.9984011, -2.0096449 52.0012678, -2.0089045 52.0038077, -2.0078296 52.0074785, -2.0072944 52.00937, -2.0063444 52.0120576, -2.0052606 52.0150854, -2.0040876 52.0183765, -2.0028611 52.022005, -2.0016881 52.0252599, -2.0004169 52.0288823, -1.9992395 52.0322465, -1.9979416 52.0355034, -1.9965322 52.0391249, -1.9953012 52.0423841, -1.9939811 52.0456704, -1.9926296 52.0491568, -1.9914611 52.0521656, -1.9901632 52.055454, -1.9889501 52.0585556, -1.9874961 52.0623234, -1.9862384 52.0655781, -1.985101 52.0685009, -1.9836069 52.0721911, -1.9825588 52.0747871, -1.9812252 52.0781369, -1.9797311 52.0818071, -1.9785358 52.0847562, -1.9772914 52.0879298, -1.9762389 52.0904647, -1.9747358 52.0928131, -1.9727555 52.0959724, -1.9706236 52.0992768, -1.9687102 52.1023151, -1.966498 52.1057505, -1.9645624 52.108802, -1.9622298 52.1124697, -1.9604769 52.1152716, -1.9592014 52.1173175, -1.957123 52.1205189, -1.9561819 52.1239145, -1.9553345 52.1270059, -1.954264 52.1308282, -1.9535281 52.1333989, -1.9524934 52.1370837, -1.9514364 52.1389999, -1.9500582 52.1413896, -1.9484882 52.1442034, -1.9464768 52.1477285, -1.9447016 52.1508676, -1.942757 52.1544634, -1.9408392 52.1576867, -1.9396171 52.1598346, -1.9372667 52.1640562, -1.93757 52.167919, -1.937793 52.1708925, -1.9380338 52.1738275, -1.9382791 52.1769537, -1.9385735 52.1804736, -1.9388233 52.1836376, -1.9390819 52.1860878, -1.9393362 52.1891202, -1.9394878 52.1915701, -1.9397599 52.1948454, -1.9400409 52.198085, -1.9403308 52.2015021, -1.9395101 52.204681, -1.9388857 52.2072585, -1.9380249 52.2107896, -1.9371373 52.2143505, -1.9363524 52.217493, -1.9354827 52.2209332, -1.9346888 52.2241927, -1.934158 52.2276706, -1.9337209 52.2305909, -1.9332036 52.2341147, -1.932812 52.2368069, -1.932369 52.2396184, -1.9320569 52.2421708, -1.9356312 52.244757, -1.9398599 52.2458636, -1.9454981 52.2473245, -1.9486042 52.2480951, -1.9513529 52.2488194, -1.9560749 52.2491183, -1.9620555 52.2494882, -1.9630350984768659 52.249549127357135, -1.9726738865018782 52.25110813442906)",False
way/91010022-400,way/87953830-400,400.0,1787.4764334110816,28530.53,Al/St 240/40 4-bundle 380.0,"LINESTRING (0.7415847929338215 51.36834372988759, 0.7475986890473955 51.36352346793888, 0.7487626 51.3614772, 0.7503126 51.3589827, 0.7551265 51.357556, 0.7588178 51.3564356, 0.7640323 51.3548197, 0.7702731 51.3541994, 0.7761885 51.3541803, 0.7813923 51.3541994, 0.7860067 51.3529108, 0.791048 51.3514953, 0.794598 51.3505512, 0.798824 51.3493561, 0.8032497 51.3480884, 0.806544 51.3471843, 0.810812 51.3459846, 0.8148156 51.3448617, 0.8193204 51.3444237, 0.823625 51.3439849, 0.8284522 51.3435375, 0.8337976 51.3430128, 0.8388141 51.3425224, 0.8433455 51.3420663, 0.8476853 51.3416702, 0.8524203 51.3412046, 0.8583336 51.3406183, 0.8636782 51.3401039, 0.8683618 51.3396367, 0.8724062 51.3392516, 0.8783257 51.3386788, 0.8825601 51.3382819, 0.8869549 51.3378701, 0.8904878 51.337713, 0.8934116 51.3375829, 0.897392 51.3374422, 0.9003927 51.3373421, 0.9031964 51.3372376, 0.9092008 51.3379939, 0.9143648 51.3380467, 0.9181627 51.3380856, 0.9234062 51.3381052, 0.9290307 51.3381058, 0.9336527 51.3381063, 0.9383868 51.3381522, 0.9428399 51.3390012, 0.9471866 51.3374895, 0.9534958 51.3369454, 0.9568692 51.3367041, 0.962973 51.3361903, 0.9670954 51.3358901, 0.9725154 51.3354352, 0.976857 51.3350826, 0.9820944 51.3346577, 0.9866368 51.334315, 0.9913345 51.3339302, 0.9956107 51.3335858, 0.9998067 51.333248, 1.0044006 51.3326611, 1.0073426 51.3322815, 1.0099703 51.3321965, 1.0148382 51.3320811, 1.0194132 51.3319561, 1.0246232 51.3318092, 1.0293136 51.331713, 1.0333751 51.3316211, 1.0371538 51.3301972, 1.0421796 51.328349, 1.047062 51.3265134, 1.0511777 51.3250068, 1.0551602 51.3235337, 1.0578298 51.3225349, 1.06193 51.3210577, 1.0657828 51.3196052, 1.0697968 51.3181162, 1.0741169 51.3165053, 1.078767 51.3147703, 1.0824712 51.3133916, 1.0852738 51.3123493, 1.0891608 51.3109173, 1.0944381 51.3089361, 1.0971487 51.3066982, 1.0985416 51.3056118, 1.1027865 51.3043965, 1.1042086 51.3017827, 1.1016223083840901 51.299639075649246, 1.0963755974964657 51.2937207099382)",False
way/143783006-400,way/91010022-400,400.0,1787.4764334110816,9609.65,Al/St 240/40 4-bundle 380.0,"LINESTRING (0.7154747178344231 51.44475983920319, 0.7068241945945752 51.43107772632682, 0.700089984191223 51.42050525722805, 0.7032575 51.4182509, 0.706555 51.4159554, 0.7096386 51.4137043, 0.7130163 51.4113029, 0.7163406 51.4089237, 0.7181676 51.4064999, 0.7201639 51.4038536, 0.7222583 51.4011182, 0.7242546 51.3983047, 0.7263935 51.39553, 0.7282116 51.3931055, 0.7301901 51.390603, 0.7325697 51.3881893, 0.7352701 51.3853807, 0.7379259 51.3826942, 0.7401539 51.3804637, 0.7426939 51.3777769, 0.741788 51.3750212, 0.7414618389319515 51.37407183177629, 0.7415847929338215 51.36834372988759)",False
way/1412218972-400,way/87953830-400,400.0,1787.4764334110816,13541.08,Al/St 240/40 4-bundle 380.0,"LINESTRING (0.9415059428361351 51.337829844890656, 0.9504314719692888 51.33720966502274, 0.9534958 51.3369454, 0.9568692 51.3367041, 0.962973 51.3361903, 0.9670954 51.3358901, 0.9725154 51.3354352, 0.976857 51.3350826, 0.9820944 51.3346577, 0.9866368 51.334315, 0.9913345 51.3339302, 0.9956107 51.3335858, 0.9998067 51.333248, 1.0044006 51.3326611, 1.0073426 51.3322815, 1.0099703 51.3321965, 1.0148382 51.3320811, 1.0194132 51.3319561, 1.0246232 51.3318092, 1.0293136 51.331713, 1.0333751 51.3316211, 1.0371538 51.3301972, 1.0421796 51.328349, 1.047062 51.3265134, 1.0511777 51.3250068, 1.0551602 51.3235337, 1.0578298 51.3225349, 1.06193 51.3210577, 1.0657828 51.3196052, 1.0697968 51.3181162, 1.0741169 51.3165053, 1.078767 51.3147703, 1.0824712 51.3133916, 1.0852738 51.3123493, 1.0891608 51.3109173, 1.0944381 51.3089361, 1.0971487 51.3066982, 1.0985416 51.3056118, 1.1027865 51.3043965, 1.1042086 51.3017827, 1.1016223083840901 51.299639075649246, 1.0963755974964657 51.2937207099382)",False
way/91010022-400,way/1412218972-400,400.0,1787.4764334110816,14934.1,Al/St 240/40 4-bundle 380.0,"LINESTRING (0.7415847929338215 51.36834372988759, 0.7475986890473955 51.36352346793888, 0.7487626 51.3614772, 0.7503126 51.3589827, 0.7551265 51.357556, 0.7588178 51.3564356, 0.7640323 51.3548197, 0.7702731 51.3541994, 0.7761885 51.3541803, 0.7813923 51.3541994, 0.7860067 51.3529108, 0.791048 51.3514953, 0.794598 51.3505512, 0.798824 51.3493561, 0.8032497 51.3480884, 0.806544 51.3471843, 0.810812 51.3459846, 0.8148156 51.3448617, 0.8193204 51.3444237, 0.823625 51.3439849, 0.8284522 51.3435375, 0.8337976 51.3430128, 0.8388141 51.3425224, 0.8433455 51.3420663, 0.8476853 51.3416702, 0.8524203 51.3412046, 0.8583336 51.3406183, 0.8636782 51.3401039, 0.8683618 51.3396367, 0.8724062 51.3392516, 0.8783257 51.3386788, 0.8825601 51.3382819, 0.8869549 51.3378701, 0.8904878 51.337713, 0.8934116 51.3375829, 0.897392 51.3374422, 0.9003927 51.3373421, 0.9031964 51.3372376, 0.9092008 51.3379939, 0.9143648 51.3380467, 0.9181627 51.3380856, 0.9234062 51.3381052, 0.9290307 51.3381058, 0.9327768074399789 51.33810620524745, 0.9415059428361351 51.337829844890656)",False
GB82-400,way/143783006-400,400.0,1787.4764334110816,1864.45,Al/St 240/40 4-bundle 380.0,"LINESTRING (0.6899650384829353 51.44008263969113, 0.6968836764355825 51.44233843132699, 0.6984266 51.4426659, 0.7015326449031472 51.443340080289055, 0.7154747178344231 51.44475983920319)",False
way/143783006-400,way/91010022-400,400.0,1787.4764334110816,9675.13,Al/St 240/40 4-bundle 380.0,"LINESTRING (0.7154747178344231 51.44475983920319, 0.7039039716753472 51.43113156157861, 0.7002117 51.4208441, 0.6998837 51.4208267, 0.6996972 51.420801, 0.6999778 51.4205851, 0.7032575 51.4182509, 0.706555 51.4159554, 0.7096386 51.4137043, 0.7130163 51.4113029, 0.7163406 51.4089237, 0.7181676 51.4064999, 0.7201639 51.4038536, 0.7222583 51.4011182, 0.7242546 51.3983047, 0.7263935 51.39553, 0.7282116 51.3931055, 0.7301901 51.390603, 0.7325697 51.3881893, 0.7352701 51.3853807, 0.7379259 51.3826942, 0.7401539 51.3804637, 0.7426939 51.3777769, 0.741788 51.3750212, 0.7414618389319515 51.37407183177629, 0.7415847929338215 51.36834372988759)",False
way/23281217-400,way/87953830-400,400.0,1787.4764334110816,26950.37,Al/St 240/40 4-bundle 380.0,"LINESTRING (0.9752363053510726 51.1059427193376, 0.9802901620919036 51.11091200659263, 0.9830812 51.1128151, 0.9861523 51.1147922, 0.9892712 51.1170788, 0.9930947 51.1198796, 0.9967111 51.1224702, 0.9997365 51.1246583, 1.0027318 51.1268903, 1.005627 51.1289273, 1.0093035 51.1310334, 1.0133708 51.1334537, 1.0179958 51.1361109, 1.0215814 51.1381948, 1.0252708 51.1404771, 1.0287841 51.1424148, 1.0324601 51.144597, 1.0330018 51.1449185, 1.0393751 51.1485736, 1.042587 51.1505408, 1.0503899 51.1551061, 1.0574229 51.1591711, 1.0613824 51.1612418, 1.0658566 51.1635206, 1.0697233 51.1654789, 1.0748318 51.1681228, 1.0779985 51.169747, 1.0810066 51.1713182, 1.0816757 51.1726421, 1.0832375 51.1758624, 1.0862381 51.178409, 1.0877514 51.1810719, 1.0890775 51.1839102, 1.0909293 51.187235, 1.0925302 51.1901103, 1.0936595 51.1918712, 1.0956073 51.1947617, 1.0981163 51.1984949, 1.1000074 51.2011126, 1.1009714 51.2034358, 1.1021579 51.2064017, 1.1036658 51.2098087, 1.1042838 51.2132077, 1.1037103 51.2160646, 1.1022077 51.2186641, 1.100639 51.2212255, 1.0988502 51.2239867, 1.0971951 51.2266916, 1.0955092 51.2294466, 1.0954982 51.2318385, 1.0954384 51.2339129, 1.0953948 51.2387328, 1.0953269 51.2418512, 1.0969779 51.2446922, 1.0985586 51.2476187, 1.1005918 51.2508612, 1.1024613 51.2539705, 1.1043308 51.2570714, 1.1068471 51.2593939, 1.1085538 51.2609997, 1.1102669 51.2626115, 1.1130112 51.2649942, 1.1153003 51.2664506, 1.1197113 51.2691461, 1.1233892 51.2715115, 1.1266299 51.2736918, 1.1312081 51.2765397, 1.1304493 51.279846, 1.1296134 51.2837955, 1.1275357 51.2858496, 1.1250762 51.2882811, 1.1203556 51.2897389, 1.1150816 51.2914132, 1.1100023 51.2929481, 1.1061577807172098 51.2945332697802, 1.0963755974964657 51.2937207099382)",False
way/23281217-400,way/87953830-400,400.0,1787.4764334110816,26950.37,Al/St 240/40 4-bundle 380.0,"LINESTRING (0.9752363053510726 51.1059427193376, 0.9802901620919036 51.11091200659263, 0.9830812 51.1128151, 0.9861523 51.1147922, 0.9892712 51.1170788, 0.9930947 51.1198796, 0.9967111 51.1224702, 0.9997365 51.1246583, 1.0027318 51.1268903, 1.005627 51.1289273, 1.0093035 51.1310334, 1.0133708 51.1334537, 1.0179958 51.1361109, 1.0215814 51.1381948, 1.0252708 51.1404771, 1.0287841 51.1424148, 1.0324601 51.144597, 1.0330018 51.1449185, 1.0393751 51.1485736, 1.042587 51.1505408, 1.0503899 51.1551061, 1.0574229 51.1591711, 1.0613824 51.1612418, 1.0658566 51.1635206, 1.0697233 51.1654789, 1.0748318 51.1681228, 1.0779985 51.169747, 1.0810066 51.1713182, 1.0816757 51.1726421, 1.0832375 51.1758624, 1.0862381 51.178409, 1.0877514 51.1810719, 1.0890775 51.1839102, 1.0909293 51.187235, 1.0925302 51.1901103, 1.0936595 51.1918712, 1.0956073 51.1947617, 1.0981163 51.1984949, 1.1000074 51.2011126, 1.1009714 51.2034358, 1.1021579 51.2064017, 1.1036658 51.2098087, 1.1042838 51.2132077, 1.1037103 51.2160646, 1.1022077 51.2186641, 1.100639 51.2212255, 1.0988502 51.2239867, 1.0971951 51.2266916, 1.0955092 51.2294466, 1.0954982 51.2318385, 1.0954384 51.2339129, 1.0953948 51.2387328, 1.0953269 51.2418512, 1.0969779 51.2446922, 1.0985586 51.2476187, 1.1005918 51.2508612, 1.1024613 51.2539705, 1.1043308 51.2570714, 1.1068471 51.2593939, 1.1085538 51.2609997, 1.1102669 51.2626115, 1.1130112 51.2649942, 1.1153003 51.2664506, 1.1197113 51.2691461, 1.1233892 51.2715115, 1.1266299 51.2736918, 1.1312081 51.2765397, 1.1304493 51.279846, 1.1296134 51.2837955, 1.1275357 51.2858496, 1.1250762 51.2882811, 1.1203556 51.2897389, 1.1150816 51.2914132, 1.1100023 51.2929481, 1.1061577807172098 51.2945332697802, 1.0963755974964657 51.2937207099382)",False
way/32796576-400,way/88389243-400,400.0,1787.4764334110816,17795.3,Al/St 240/40 4-bundle 380.0,"LINESTRING (-1.0772802749418453 51.33629200924364, -1.0673603584676064 51.33487628349612, -1.0636243 51.3346474, -1.057925 51.3342955, -1.0528883 51.3324612, -1.0480704 51.3307842, -1.0434976 51.3291403, -1.0386797 51.3273886, -1.0334376 51.3254754, -1.029004 51.3238644, -1.023815 51.322009, -1.0190434 51.3202861, -1.0154581 51.3184802, -1.0109848 51.3160364, -1.0069488 51.3138866, -1.0033436 51.3120018, -0.9988902 51.3122172, -0.9931842 51.3125321, -0.988744 51.3127392, -0.98327 51.3130333, -0.978346 51.3132777, -0.9740975 51.3122114, -0.9699806 51.3111687, -0.9673726 51.3090717, -0.9646874 51.3068524, -0.9623157 51.3049502, -0.9592929 51.3032479, -0.9554823 51.3011347, -0.9528181 51.2996555, -0.9487358 51.2973599, -0.9467543 51.2943597, -0.9439895 51.2926366, -0.9405499 51.290427, -0.9365761 51.2878949, -0.9331925 51.2858016, -0.9298437 51.2836834, -0.9265108 51.2815624, -0.9238545 51.279874, -0.9203621 51.2775776, -0.9185814 51.2747047, -0.9167725 51.2719021, -0.9151324 51.2692751, -0.9134267 51.2665132, -0.9113407 51.2632711, -0.9096062 51.2605291, -0.9078891 51.257684, -0.9045948 51.256596, -0.8994213 51.254892, -0.8944541 51.2532525, -0.8917137934065583 51.252328527179564, -0.8818121133886603 51.250867526812314)",False
way/32796576-400,way/88389243-400,400.0,1787.4764334110816,17795.3,Al/St 240/40 4-bundle 380.0,"LINESTRING (-1.0772802749418453 51.33629200924364, -1.0673603584676064 51.33487628349612, -1.0636243 51.3346474, -1.057925 51.3342955, -1.0528883 51.3324612, -1.0480704 51.3307842, -1.0434976 51.3291403, -1.0386797 51.3273886, -1.0334376 51.3254754, -1.029004 51.3238644, -1.023815 51.322009, -1.0190434 51.3202861, -1.0154581 51.3184802, -1.0109848 51.3160364, -1.0069488 51.3138866, -1.0033436 51.3120018, -0.9988902 51.3122172, -0.9931842 51.3125321, -0.988744 51.3127392, -0.98327 51.3130333, -0.978346 51.3132777, -0.9740975 51.3122114, -0.9699806 51.3111687, -0.9673726 51.3090717, -0.9646874 51.3068524, -0.9623157 51.3049502, -0.9592929 51.3032479, -0.9554823 51.3011347, -0.9528181 51.2996555, -0.9487358 51.2973599, -0.9467543 51.2943597, -0.9439895 51.2926366, -0.9405499 51.290427, -0.9365761 51.2878949, -0.9331925 51.2858016, -0.9298437 51.2836834, -0.9265108 51.2815624, -0.9238545 51.279874, -0.9203621 51.2775776, -0.9185814 51.2747047, -0.9167725 51.2719021, -0.9151324 51.2692751, -0.9134267 51.2665132, -0.9113407 51.2632711, -0.9096062 51.2605291, -0.9078891 51.257684, -0.9045948 51.256596, -0.8994213 51.254892, -0.8944541 51.2532525, -0.8917137934065583 51.252328527179564, -0.8818121133886603 51.250867526812314)",False
relation/7650368-400,way/4746208-400,400.0,1787.4764334110816,34757.01,Al/St 240/40 4-bundle 380.0,"LINESTRING (-0.5007399619516324 51.93429316098837, -0.5064723436441898 51.92796595147203, -0.5045361 51.9242505, -0.5036428 51.9226091, -0.5020949 51.9196362, -0.501213 51.917941, -0.5004747 51.9165218, -0.4990462 51.9137322, -0.4973444 51.9104237, -0.4956658 51.907256, -0.499219 51.9045744, -0.499682 51.9042109, -0.502504 51.9021278, -0.5057742 51.8996162, -0.5093081 51.8976555, -0.5124602 51.8959666, -0.513672 51.8940872, -0.5128413 51.8916658, -0.5103158 51.889163, -0.509044 51.885646, -0.507669 51.8840647, -0.5031603 51.8818438, -0.4999314 51.8803338, -0.4982671 51.8791056, -0.4973625 51.8784381, -0.4938459 51.8758284, -0.4901482 51.8730313, -0.4876634 51.8696668, -0.4865048 51.8680878, -0.4842357 51.8647693, -0.4818385 51.8617435, -0.4814476 51.8611907, -0.4795868 51.8586837, -0.4774691 51.8556948, -0.475217 51.852723, -0.4759005 51.8512609, -0.4766795 51.8495823, -0.4774483 51.8479255, -0.4787518 51.8450484, -0.477577 51.8429206, -0.4762743 51.8405301, -0.4741878 51.8366857, -0.4712805 51.8348203, -0.4685487 51.8330889, -0.4664621 51.8317341, -0.4630319 51.829524, -0.4598863 51.8274814, -0.4566281 51.8253614, -0.4524679 51.8226821, -0.4488108 51.8203133, -0.4473962 51.8181567, -0.4449217 51.8144263, -0.4434079 51.8121554, -0.4408586 51.8082189, -0.4390491 51.8054512, -0.4369857 51.802206, -0.4363008 51.7992005, -0.4357398 51.796678, -0.4347112 51.7919163, -0.4345075 51.7911045, -0.4321971 51.7884141, -0.4293533 51.7848396, -0.4274089 51.7824131, -0.4249552 51.7794293, -0.4227676 51.7767865, -0.4206065 51.7740606, -0.4184314 51.7714373, -0.4160468 51.7685332, -0.4140378 51.7660677, -0.4110502 51.7623942, -0.4092928 51.7602247, -0.4065418 51.756825, -0.4039924 51.753758, -0.4014163 51.7505298, -0.3991667 51.7478629, -0.3970523 51.7441522, -0.3956642 51.7417255, -0.3942007 51.7386992, -0.3933595 51.7375937, -0.3924025 51.7359097, -0.3919519 51.7351167, -0.3904413 51.7337772, -0.3877634 51.7314755, -0.3849419 51.7289364, -0.3835958 51.7277683, -0.3835078 51.7276877, -0.3811352 51.7255496, -0.3787649 51.7234262, -0.3750684 51.7201604, -0.3721291 51.7175098, -0.3680001 51.7147609, -0.3656838 51.711797, -0.3630112 51.7089781, -0.3612582 51.7063231, -0.3582228 51.7042266, -0.3550305 51.7022875, -0.3519196 51.7003855, -0.3515019 51.6967993, -0.3512207 51.6942191, -0.3507899 51.6903143, -0.3505047 51.6877728, -0.3501701 51.684885, -0.3498883 51.6821125, -0.3495393 51.6790948, -0.3492194 51.676215, -0.345818 51.6744284, -0.3433635 51.6731397, -0.3422474 51.6703598, -0.3413089 51.668064, -0.3418191 51.6671721, -0.3418836661159196 51.66704843508509, -0.3429034951501008 51.66067718156556)",False
way/4746208-400,relation/7650368-400,400.0,1787.4764334110816,34757.01,Al/St 240/40 4-bundle 380.0,"LINESTRING (-0.5007399619516324 51.93429316098837, -0.5064723436441898 51.92796595147203, -0.5045361 51.9242505, -0.5036428 51.9226091, -0.5020949 51.9196362, -0.501213 51.917941, -0.5004747 51.9165218, -0.4990462 51.9137322, -0.4973444 51.9104237, -0.4956658 51.907256, -0.499219 51.9045744, -0.499682 51.9042109, -0.502504 51.9021278, -0.5057742 51.8996162, -0.5093081 51.8976555, -0.5124602 51.8959666, -0.513672 51.8940872, -0.5128413 51.8916658, -0.5103158 51.889163, -0.509044 51.885646, -0.507669 51.8840647, -0.5031603 51.8818438, -0.4999314 51.8803338, -0.4982671 51.8791056, -0.4973625 51.8784381, -0.4938459 51.8758284, -0.4901482 51.8730313, -0.4876634 51.8696668, -0.4865048 51.8680878, -0.4842357 51.8647693, -0.4818385 51.8617435, -0.4814476 51.8611907, -0.4795868 51.8586837, -0.4774691 51.8556948, -0.475217 51.852723, -0.4759005 51.8512609, -0.4766795 51.8495823, -0.4774483 51.8479255, -0.4787518 51.8450484, -0.477577 51.8429206, -0.4762743 51.8405301, -0.4741878 51.8366857, -0.4712805 51.8348203, -0.4685487 51.8330889, -0.4664621 51.8317341, -0.4630319 51.829524, -0.4598863 51.8274814, -0.4566281 51.8253614, -0.4524679 51.8226821, -0.4488108 51.8203133, -0.4473962 51.8181567, -0.4449217 51.8144263, -0.4434079 51.8121554, -0.4408586 51.8082189, -0.4390491 51.8054512, -0.4369857 51.802206, -0.4363008 51.7992005, -0.4357398 51.796678, -0.4347112 51.7919163, -0.4345075 51.7911045, -0.4321971 51.7884141, -0.4293533 51.7848396, -0.4274089 51.7824131, -0.4249552 51.7794293, -0.4227676 51.7767865, -0.4206065 51.7740606, -0.4184314 51.7714373, -0.4160468 51.7685332, -0.4140378 51.7660677, -0.4110502 51.7623942, -0.4092928 51.7602247, -0.4065418 51.756825, -0.4039924 51.753758, -0.4014163 51.7505298, -0.3991667 51.7478629, -0.3970523 51.7441522, -0.3956642 51.7417255, -0.3942007 51.7386992, -0.3933595 51.7375937, -0.3924025 51.7359097, -0.3919519 51.7351167, -0.3904413 51.7337772, -0.3877634 51.7314755, -0.3849419 51.7289364, -0.3835958 51.7277683, -0.3835078 51.7276877, -0.3811352 51.7255496, -0.3787649 51.7234262, -0.3750684 51.7201604, -0.3721291 51.7175098, -0.3680001 51.7147609, -0.3656838 51.711797, -0.3630112 51.7089781, -0.3612582 51.7063231, -0.3582228 51.7042266, -0.3550305 51.7022875, -0.3519196 51.7003855, -0.3515019 51.6967993, -0.3512207 51.6942191, -0.3507899 51.6903143, -0.3505047 51.6877728, -0.3501701 51.684885, -0.3498883 51.6821125, -0.3495393 51.6790948, -0.3492194 51.676215, -0.345818 51.6744284, -0.3433635 51.6731397, -0.3422474 51.6703598, -0.3413089 51.668064, -0.3418191 51.6671721, -0.3418836661159196 51.66704843508509, -0.3429034951501008 51.66067718156556)",False
way/263863442-400,way/115530033-400,400.0,1787.4764334110816,5068.0,Al/St 240/40 4-bundle 380.0,"LINESTRING (-1.2592858617995804 51.625597819503405, -1.258097523796949 51.63103364819977, -1.2561138 51.6345338, -1.2549787 51.6396364, -1.2542668 51.6429964, -1.2535493 51.6464752, -1.2515385 51.6481744, -1.2484627 51.6507854, -1.2451357 51.6534986, -1.2419062 51.6561316, -1.2385493 51.6589172, -1.2367037 51.6615175, -1.236186824326576 51.66223705538786, -1.2282379766653213 51.66102500945725)",False
way/115530033-400,way/23059230-400,400.0,1787.4764334110816,6475.15,Al/St 240/40 4-bundle 380.0,"LINESTRING (-1.2282379766653213 51.66102500945725, -1.2257098548112046 51.66839606065367, -1.2234436 51.669613, -1.2188239 51.6720344, -1.2148512 51.6740395, -1.2112648 51.6773238, -1.2086487 51.6797194, -1.2059322 51.6821475, -1.202264 51.6845102, -1.1980971 51.6871366, -1.1962946 51.6906538, -1.1945437 51.6940004, -1.192777 51.6972957, -1.1911002 51.7007109, -1.1894007 51.7039557, -1.1885554317841305 51.70557418216209, -1.1903820847648041 51.7111138438472)",False
way/263863442-400,way/115530033-400,400.0,1787.4764334110816,5068.0,Al/St 240/40 4-bundle 380.0,"LINESTRING (-1.2592858617995804 51.625597819503405, -1.258097523796949 51.63103364819977, -1.2561138 51.6345338, -1.2549787 51.6396364, -1.2542668 51.6429964, -1.2535493 51.6464752, -1.2515385 51.6481744, -1.2484627 51.6507854, -1.2451357 51.6534986, -1.2419062 51.6561316, -1.2385493 51.6589172, -1.2367037 51.6615175, -1.236186824326576 51.66223705538786, -1.2282379766653213 51.66102500945725)",False
way/115530033-400,way/23059230-400,400.0,1787.4764334110816,6475.15,Al/St 240/40 4-bundle 380.0,"LINESTRING (-1.2282379766653213 51.66102500945725, -1.2257098548112046 51.66839606065367, -1.2234436 51.669613, -1.2188239 51.6720344, -1.2148512 51.6740395, -1.2112648 51.6773238, -1.2086487 51.6797194, -1.2059322 51.6821475, -1.202264 51.6845102, -1.1980971 51.6871366, -1.1962946 51.6906538, -1.1945437 51.6940004, -1.192777 51.6972957, -1.1911002 51.7007109, -1.1894007 51.7039557, -1.1885554317841305 51.70557418216209, -1.1903820847648041 51.7111138438472)",False
way/41710456-400,way/23232738-400,400.0,1787.4764334110816,20452.46,Al/St 240/40 4-bundle 380.0,"LINESTRING (-0.6560364240817206 51.664868538759535, -0.6561744754528834 51.659266657076955, -0.6543889 51.6574822, -0.6518133 51.6548782, -0.6494533 51.652498, -0.6459779 51.6490479, -0.6432892 51.6462362, -0.6403526 51.6448085, -0.6357888 51.6423877, -0.6327876 51.640776, -0.6298241 51.6380607, -0.6275934 51.6360542, -0.625034 51.6337165, -0.6223345 51.6312282, -0.6193925 51.6285793, -0.6149041 51.6271711, -0.6102033 51.6256876, -0.6066279 51.6242409, -0.6017893 51.6223375, -0.5967694 51.6213945, -0.5914224 51.6203705, -0.5862292 51.6193747, -0.5840944 51.6161166, -0.5830861 51.6131959, -0.5841968 51.6098314, -0.5852691 51.6063278, -0.5863589 51.6028819, -0.5873662 51.5997081, -0.5879647 51.5976231, -0.5886202 51.5957367, -0.5895419 51.5928766, -0.5905529 51.589526, -0.5880709 51.5860441, -0.5858941 51.5829237, -0.5859426 51.5807842, -0.5837981 51.5795253, -0.5831946 51.577245, -0.5825426 51.5747335, -0.5816449 51.5713861, -0.5811525 51.5696063, -0.5780068 51.5673325, -0.5719605 51.5672696, -0.5672294 51.5672217, -0.5622142 51.5671644, -0.5576001 51.5671141, -0.55133 51.5670422, -0.545994 51.5669909, -0.5411642 51.5662389, -0.5376481 51.5656887, -0.5352238 51.5649435, -0.5306259 51.5635114, -0.5272555 51.5624533, -0.5256906 51.560759, -0.5239985 51.5588844, -0.5213762 51.5560523, -0.5166855 51.5552572, -0.5117671 51.554431, -0.5073851 51.5537015, -0.5048346 51.5532647, -0.5016157 51.5524762, -0.5008331 51.5492842, -0.5007219664120985 51.54883517121896, -0.4982011331212757 51.54356841031178)",False
way/41710456-400,way/23232738-400,400.0,1787.4764334110816,20452.46,Al/St 240/40 4-bundle 380.0,"LINESTRING (-0.6560364240817206 51.664868538759535, -0.6561744754528834 51.659266657076955, -0.6543889 51.6574822, -0.6518133 51.6548782, -0.6494533 51.652498, -0.6459779 51.6490479, -0.6432892 51.6462362, -0.6403526 51.6448085, -0.6357888 51.6423877, -0.6327876 51.640776, -0.6298241 51.6380607, -0.6275934 51.6360542, -0.625034 51.6337165, -0.6223345 51.6312282, -0.6193925 51.6285793, -0.6149041 51.6271711, -0.6102033 51.6256876, -0.6066279 51.6242409, -0.6017893 51.6223375, -0.5967694 51.6213945, -0.5914224 51.6203705, -0.5862292 51.6193747, -0.5840944 51.6161166, -0.5830861 51.6131959, -0.5841968 51.6098314, -0.5852691 51.6063278, -0.5863589 51.6028819, -0.5873662 51.5997081, -0.5879647 51.5976231, -0.5886202 51.5957367, -0.5895419 51.5928766, -0.5905529 51.589526, -0.5880709 51.5860441, -0.5858941 51.5829237, -0.5859426 51.5807842, -0.5837981 51.5795253, -0.5831946 51.577245, -0.5825426 51.5747335, -0.5816449 51.5713861, -0.5811525 51.5696063, -0.5780068 51.5673325, -0.5719605 51.5672696, -0.5672294 51.5672217, -0.5622142 51.5671644, -0.5576001 51.5671141, -0.55133 51.5670422, -0.545994 51.5669909, -0.5411642 51.5662389, -0.5376481 51.5656887, -0.5352238 51.5649435, -0.5306259 51.5635114, -0.5272555 51.5624533, -0.5256906 51.560759, -0.5239985 51.5588844, -0.5213762 51.5560523, -0.5166855 51.5552572, -0.5117671 51.554431, -0.5073851 51.5537015, -0.5048346 51.5532647, -0.5016157 51.5524762, -0.5008331 51.5492842, -0.5007219664120985 51.54883517121896, -0.4982011331212757 51.54356841031178)",False
way/92340133-400,way/41710456-400,400.0,1787.4764334110816,35647.54,Al/St 240/40 4-bundle 380.0,"LINESTRING (-0.9075683078097988 51.92634688158579, -0.904253612248096 51.920869984307295, -0.9031775 51.9183112, -0.9020029 51.915443, -0.9007798 51.9122822, -0.8995646 51.9092732, -0.8982655 51.9060067, -0.8969176 51.9027126, -0.8955958 51.8994503, -0.8943411 51.896254, -0.8932694 51.8932665, -0.8922871 51.8901764, -0.8912684 51.8871262, -0.8902834 51.8842214, -0.8893556 51.8812633, -0.8881202 51.8775927, -0.8870719 51.8744064, -0.8861426 51.8716175, -0.8852303 51.8686003, -0.8843147 51.8657865, -0.8834321 51.8632269, -0.8823468 51.8597945, -0.8812684 51.8565519, -0.8802658 51.8534961, -0.879334 51.8503892, -0.8770408 51.8487639, -0.8737785 51.8463162, -0.8707966 51.8440933, -0.8680918 51.8420886, -0.8648033 51.8396469, -0.8616269 51.8373219, -0.8585194 51.8350068, -0.8558059 51.832997, -0.8523566 51.8304197, -0.8495813 51.8283614, -0.8464814 51.8260627, -0.8436567 51.8239543, -0.8419868 51.8218081, -0.8394253 51.8185938, -0.8373987 51.8159724, -0.8357988 51.8138506, -0.833378 51.8107631, -0.8312441 51.8079532, -0.8292326 51.8051777, -0.8273882 51.8025808, -0.8255073 51.7999391, -0.8232785 51.7967591, -0.8209319 51.7933856, -0.8186567 51.7902167, -0.8170869 51.7879669, -0.8151295 51.785204, -0.813339 51.7826877, -0.8092282 51.7808579, -0.8053723 51.7791107, -0.8012133 51.7772563, -0.7974867 51.7756136, -0.7936056 51.7738463, -0.789595 51.7720522, -0.7857559 51.7710728, -0.7832133 51.7704528, -0.7804856 51.7697807, -0.7777157 51.7690513, -0.7751226 51.7686137, -0.7724285 51.7681604, -0.7700837 51.7677694, -0.7663658 51.7671411, -0.7621436 51.7664252, -0.7564828 51.7654719, -0.7533004 51.7639817, -0.7496971 51.7623195, -0.7471461 51.760897, -0.7453016 51.7594404, -0.7431723 51.7574316, -0.7408255 51.7553827, -0.7385976 51.7521593, -0.7355783 51.7487382, -0.7332409 51.746074, -0.7307037 51.7432076, -0.7282621 51.7404029, -0.7258375 51.7376137, -0.7234519 51.7349466, -0.720149 51.7317857, -0.7177888 51.7294798, -0.7141013 51.7259129, -0.7115166 51.7234566, -0.7091593 51.7207863, -0.7066336 51.7179385, -0.7036089 51.7145491, -0.7014895 51.712138, -0.6979354 51.710562, -0.6943665 51.7089093, -0.6896029 51.7080727, -0.688644 51.7052835, -0.6875223 51.701975, -0.6865289 51.6987138, -0.6854206 51.6954984, -0.685367 51.6953428, -0.6842978 51.6923473, -0.6834222 51.6899048, -0.6823614 51.6867471, -0.6814269 51.6825609, -0.6772763 51.6788337, -0.6729489 51.6750174, -0.6706589 51.6728769, -0.6675186 51.6700469, -0.6637974 51.6687259, -0.6629769709451313 51.66844478922806, -0.6560364240817206 51.664868538759535)",False
way/92340133-400,way/41710456-400,400.0,1787.4764334110816,35647.54,Al/St 240/40 4-bundle 380.0,"LINESTRING (-0.9075683078097988 51.92634688158579, -0.904253612248096 51.920869984307295, -0.9031775 51.9183112, -0.9020029 51.915443, -0.9007798 51.9122822, -0.8995646 51.9092732, -0.8982655 51.9060067, -0.8969176 51.9027126, -0.8955958 51.8994503, -0.8943411 51.896254, -0.8932694 51.8932665, -0.8922871 51.8901764, -0.8912684 51.8871262, -0.8902834 51.8842214, -0.8893556 51.8812633, -0.8881202 51.8775927, -0.8870719 51.8744064, -0.8861426 51.8716175, -0.8852303 51.8686003, -0.8843147 51.8657865, -0.8834321 51.8632269, -0.8823468 51.8597945, -0.8812684 51.8565519, -0.8802658 51.8534961, -0.879334 51.8503892, -0.8770408 51.8487639, -0.8737785 51.8463162, -0.8707966 51.8440933, -0.8680918 51.8420886, -0.8648033 51.8396469, -0.8616269 51.8373219, -0.8585194 51.8350068, -0.8558059 51.832997, -0.8523566 51.8304197, -0.8495813 51.8283614, -0.8464814 51.8260627, -0.8436567 51.8239543, -0.8419868 51.8218081, -0.8394253 51.8185938, -0.8373987 51.8159724, -0.8357988 51.8138506, -0.833378 51.8107631, -0.8312441 51.8079532, -0.8292326 51.8051777, -0.8273882 51.8025808, -0.8255073 51.7999391, -0.8232785 51.7967591, -0.8209319 51.7933856, -0.8186567 51.7902167, -0.8170869 51.7879669, -0.8151295 51.785204, -0.813339 51.7826877, -0.8092282 51.7808579, -0.8053723 51.7791107, -0.8012133 51.7772563, -0.7974867 51.7756136, -0.7936056 51.7738463, -0.789595 51.7720522, -0.7857559 51.7710728, -0.7832133 51.7704528, -0.7804856 51.7697807, -0.7777157 51.7690513, -0.7751226 51.7686137, -0.7724285 51.7681604, -0.7700837 51.7677694, -0.7663658 51.7671411, -0.7621436 51.7664252, -0.7564828 51.7654719, -0.7533004 51.7639817, -0.7496971 51.7623195, -0.7471461 51.760897, -0.7453016 51.7594404, -0.7431723 51.7574316, -0.7408255 51.7553827, -0.7385976 51.7521593, -0.7355783 51.7487382, -0.7332409 51.746074, -0.7307037 51.7432076, -0.7282621 51.7404029, -0.7258375 51.7376137, -0.7234519 51.7349466, -0.720149 51.7317857, -0.7177888 51.7294798, -0.7141013 51.7259129, -0.7115166 51.7234566, -0.7091593 51.7207863, -0.7066336 51.7179385, -0.7036089 51.7145491, -0.7014895 51.712138, -0.6979354 51.710562, -0.6943665 51.7089093, -0.6896029 51.7080727, -0.688644 51.7052835, -0.6875223 51.701975, -0.6865289 51.6987138, -0.6854206 51.6954984, -0.685367 51.6953428, -0.6842978 51.6923473, -0.6834222 51.6899048, -0.6823614 51.6867471, -0.6814269 51.6825609, -0.6772763 51.6788337, -0.6729489 51.6750174, -0.6706589 51.6728769, -0.6675186 51.6700469, -0.6637974 51.6687259, -0.6629769709451313 51.66844478922806, -0.6560364240817206 51.664868538759535)",False
way/92529432-400,way/87207123-400,400.0,1787.4764334110816,53455.77,Al/St 240/40 4-bundle 380.0,"LINESTRING (-2.3791827939912915 53.42611869761402, -2.3843775003508134 53.41823505615302, -2.3853927 53.4170674, -2.3872014 53.4150102, -2.3895353 53.4129713, -2.3924643 53.4104586, -2.3954115 53.407837, -2.3982857 53.4053403, -2.4011781 53.4028652, -2.402492 53.3998678, -2.4040432 53.3970823, -2.4054965 53.394215, -2.4070279 53.3913037, -2.4086691 53.388148, -2.410316 53.384994, -2.4117055 53.38224, -2.4129423 53.379852, -2.4121454 53.3774323, -2.4119813 53.3769341, -2.4087987 53.3754465, -2.4045186 53.3734839, -2.3994156 53.372668, -2.3953395 53.3719782, -2.3911963 53.3712988, -2.3874516 53.3706683, -2.3844873 53.3692015, -2.3808821 53.3675967, -2.3770772 53.3650594, -2.3743122 53.3630433, -2.3716402 53.3611336, -2.369618 53.3581384, -2.3663542 53.3568538, -2.3624554 53.3544968, -2.3583784 53.3520046, -2.3547844 53.3497633, -2.3499948 53.3468165, -2.3460862 53.3444705, -2.3423716 53.3421545, -2.3380225 53.3393992, -2.3342397 53.3370905, -2.3301475 53.3345719, -2.3253708 53.3328628, -2.321406 53.3314598, -2.3195656 53.3309459, -2.318237 53.330626, -2.307319 53.3279881, -2.2984879 53.3271176, -2.2929831 53.325828, -2.2899644 53.3229387, -2.2872092 53.3202814, -2.2849636 53.3181193, -2.2814603 53.3147554, -2.2787048 53.3124258, -2.2753795 53.3096589, -2.2719747 53.3067936, -2.2684038 53.3044636, -2.2646749 53.3020752, -2.2609234 53.2996056, -2.25734 53.2972022, -2.2559542 53.2941731, -2.2545714 53.2911519, -2.253071 53.2878303, -2.2516712 53.2847283, -2.2503957 53.2818834, -2.2492679 53.2793891, -2.2478495 53.2762028, -2.2464806 53.2731154, -2.243862 53.2714772, -2.240432 53.2694427, -2.2374874 53.2676988, -2.2339753 53.2655453, -2.2305628 53.2634737, -2.2266146 53.2610929, -2.2208756 53.2606571, -2.2151279 53.2601906, -2.2088475 53.2597225, -2.2033598 53.2592787, -2.1983192 53.2588593, -2.19399 53.2585006, -2.1876995 53.2580264, -2.1840049 53.2559072, -2.1795391 53.2532478, -2.1756649 53.2509357, -2.1721698 53.2488039, -2.1677769 53.2463842, -2.1644008 53.2444287, -2.1602302 53.2420022, -2.1562125 53.239644, -2.1526308 53.237593, -2.1488633 53.2353676, -2.1459258 53.2336212, -2.1426215 53.2316567, -2.1382525 53.2290656, -2.13805 53.2259748, -2.1378905 53.222503, -2.1377557 53.2192306, -2.1376141 53.2164885, -2.1375384 53.2124655, -2.1372466 53.2091459, -2.1371897 53.2066796, -2.1370354 53.2039455, -2.1368729 53.2011431, -2.1367592 53.1982627, -2.1366617 53.1955233, -2.1347466 53.1935376, -2.132607 53.1912424, -2.1301989 53.1887117, -2.1277754 53.186084, -2.127083 53.183221, -2.1265137 53.1808881, -2.1258146 53.1780459, -2.12523 53.1755115, -2.1244019 53.1722798, -2.1238268 53.1699383, -2.1229545 53.1663046, -2.1224362 53.1641977, -2.1218357 53.1616777, -2.1210392 53.1585904, -2.1194301 53.1558592, -2.1176961 53.1529273, -2.1166358 53.1511338, -2.1160578 53.150156, -2.1158255 53.1497631, -2.1140507 53.1468335, -2.1127488 53.144616, -2.1111852 53.1419467, -2.1097962 53.1396113, -2.1080287 53.1366674, -2.1061779 53.1335929, -2.1049832 53.1304989, -2.1037603 53.1275316, -2.1024588 53.1243137, -2.1012855 53.1214104, -2.1000295 53.1182986, -2.0989735 53.1155982, -2.0978464 53.1128486, -2.0965234 53.1095405, -2.0953599 53.1066945, -2.0941791 53.103733, -2.0935043 53.1006561, -2.0928877 53.0978374, -2.0921256 53.0944212, -2.0914334 53.0913191, -2.0907121 53.0880107, -2.0900431 53.0850689, -2.0893974 53.0821619, -2.0886877 53.0789262, -2.0880304 53.0759977, -2.0874719 53.0734326, -2.0869542 53.0711503, -2.0862852 53.0681759, -2.0855174 53.0646875, -2.0849822 53.0623384, -2.0842143 53.0590382, -2.0835104 53.0558287, -2.0827593 53.0527167, -2.0819969 53.0493465, -2.0814690866342556 53.047069704671856, -2.0833856594499354 53.040858162219564)",False
way/92419253-400,way/87207123-400,400.0,1787.4764334110816,31645.17,Al/St 240/40 4-bundle 380.0,"LINESTRING (-2.12079072629691 53.26874936996681, -2.129535316334802 53.26775998164699, -2.1312681 53.2679092, -2.1354665 53.2706328, -2.1393333 53.2733456, -2.1429996 53.2733354, -2.1479298 53.2734004, -2.1529488 53.2734241, -2.1575183 53.2713659, -2.1577494 53.2712618, -2.1637 53.2717795, -2.1684714 53.272211, -2.172461 53.2693378, -2.1748158 53.2670593, -2.1770313 53.2650252, -2.1756333 53.2631737, -2.1759755 53.260652, -2.1762586 53.25883, -2.1809008 53.2575509, -2.1840049 53.2559072, -2.1795391 53.2532478, -2.1756649 53.2509357, -2.1721698 53.2488039, -2.1677769 53.2463842, -2.1644008 53.2444287, -2.1602302 53.2420022, -2.1562125 53.239644, -2.1526308 53.237593, -2.1488633 53.2353676, -2.1459258 53.2336212, -2.1426215 53.2316567, -2.1382525 53.2290656, -2.13805 53.2259748, -2.1378905 53.222503, -2.1377557 53.2192306, -2.1376141 53.2164885, -2.1375384 53.2124655, -2.1372466 53.2091459, -2.1371897 53.2066796, -2.1370354 53.2039455, -2.1368729 53.2011431, -2.1367592 53.1982627, -2.1366617 53.1955233, -2.1347466 53.1935376, -2.132607 53.1912424, -2.1301989 53.1887117, -2.1277754 53.186084, -2.127083 53.183221, -2.1265137 53.1808881, -2.1258146 53.1780459, -2.12523 53.1755115, -2.1244019 53.1722798, -2.1238268 53.1699383, -2.1229545 53.1663046, -2.1224362 53.1641977, -2.1218357 53.1616777, -2.1210392 53.1585904, -2.1194301 53.1558592, -2.1176961 53.1529273, -2.1166358 53.1511338, -2.1160578 53.150156, -2.1158255 53.1497631, -2.1140507 53.1468335, -2.1127488 53.144616, -2.1111852 53.1419467, -2.1097962 53.1396113, -2.1080287 53.1366674, -2.1061779 53.1335929, -2.1049832 53.1304989, -2.1037603 53.1275316, -2.1024588 53.1243137, -2.1012855 53.1214104, -2.1000295 53.1182986, -2.0989735 53.1155982, -2.0978464 53.1128486, -2.0965234 53.1095405, -2.0953599 53.1066945, -2.0941791 53.103733, -2.0935043 53.1006561, -2.0928877 53.0978374, -2.0921256 53.0944212, -2.0914334 53.0913191, -2.0907121 53.0880107, -2.0900431 53.0850689, -2.0893974 53.0821619, -2.0886877 53.0789262, -2.0880304 53.0759977, -2.0874719 53.0734326, -2.0869542 53.0711503, -2.0862852 53.0681759, -2.0855174 53.0646875, -2.0849822 53.0623384, -2.0842143 53.0590382, -2.0835104 53.0558287, -2.0827593 53.0527167, -2.0819969 53.0493465, -2.0814690866342556 53.047069704671856, -2.0833856594499354 53.040858162219564)",False
way/92529432-400,way/92419253-400,400.0,1787.4764334110816,33536.67,Al/St 240/40 4-bundle 380.0,"LINESTRING (-2.3791827939912915 53.42611869761402, -2.3843775003508134 53.41823505615302, -2.3853927 53.4170674, -2.3872014 53.4150102, -2.3895353 53.4129713, -2.3924643 53.4104586, -2.3954115 53.407837, -2.3982857 53.4053403, -2.4011781 53.4028652, -2.402492 53.3998678, -2.4040432 53.3970823, -2.4054965 53.394215, -2.4070279 53.3913037, -2.4086691 53.388148, -2.410316 53.384994, -2.4117055 53.38224, -2.4129423 53.379852, -2.4121454 53.3774323, -2.4119813 53.3769341, -2.4087987 53.3754465, -2.4045186 53.3734839, -2.3994156 53.372668, -2.3953395 53.3719782, -2.3911963 53.3712988, -2.3874516 53.3706683, -2.3844873 53.3692015, -2.3808821 53.3675967, -2.3770772 53.3650594, -2.3743122 53.3630433, -2.3716402 53.3611336, -2.369618 53.3581384, -2.3663542 53.3568538, -2.3624554 53.3544968, -2.3583784 53.3520046, -2.3547844 53.3497633, -2.3499948 53.3468165, -2.3460862 53.3444705, -2.3423716 53.3421545, -2.3380225 53.3393992, -2.3342397 53.3370905, -2.3301475 53.3345719, -2.3253708 53.3328628, -2.321406 53.3314598, -2.3195656 53.3309459, -2.318237 53.330626, -2.307319 53.3279881, -2.2984879 53.3271176, -2.2929831 53.325828, -2.2899644 53.3229387, -2.2872092 53.3202814, -2.2849636 53.3181193, -2.2814603 53.3147554, -2.2787048 53.3124258, -2.2753795 53.3096589, -2.2719747 53.3067936, -2.2684038 53.3044636, -2.2646749 53.3020752, -2.2609234 53.2996056, -2.25734 53.2972022, -2.2559542 53.2941731, -2.2545714 53.2911519, -2.253071 53.2878303, -2.2516712 53.2847283, -2.2503957 53.2818834, -2.2492679 53.2793891, -2.2478495 53.2762028, -2.2464806 53.2731154, -2.243862 53.2714772, -2.240432 53.2694427, -2.2374874 53.2676988, -2.2339753 53.2655453, -2.2305628 53.2634737, -2.2266146 53.2610929, -2.2208756 53.2606571, -2.2151279 53.2601906, -2.2088475 53.2597225, -2.2033598 53.2592787, -2.1983192 53.2588593, -2.19399 53.2585006, -2.1876995 53.2580264, -2.1840049 53.2559072, -2.1809008 53.2575509, -2.1762586 53.25883, -2.1759755 53.260652, -2.1756333 53.2631737, -2.1770313 53.2650252, -2.1748158 53.2670593, -2.172461 53.2693378, -2.1684714 53.272211, -2.1637 53.2717795, -2.1577494 53.2712618, -2.1575183 53.2713659, -2.1529488 53.2734241, -2.1479298 53.2734004, -2.1429996 53.2733354, -2.1393333 53.2733456, -2.1354665 53.2706328, -2.1312681 53.2679092, -2.129535316334802 53.26775998164699, -2.12079072629691 53.26874936996681)",False
relation/7894457-400,way/92529432-400,400.0,1787.4764334110816,2355.39,Al/St 240/40 4-bundle 380.0,"LINESTRING (-2.405178454491036 53.435411487897824, -2.3910858227219736 53.434517859348524, -2.3895058 53.4344673, -2.3875071 53.4344336, -2.3873461 53.4344287, -2.3848499 53.4343822, -2.3827047 53.4322439, -2.3819373710286076 53.43148032127359, -2.3791827939912915 53.42611869761402)",False
relation/7894457-400,way/92529432-400,400.0,1787.4764334110816,2355.39,Al/St 240/40 4-bundle 380.0,"LINESTRING (-2.405178454491036 53.435411487897824, -2.3910858227219736 53.434517859348524, -2.3895058 53.4344673, -2.3875071 53.4344336, -2.3873461 53.4344287, -2.3848499 53.4343822, -2.3827047 53.4322439, -2.3819373710286076 53.43148032127359, -2.3791827939912915 53.42611869761402)",False
relation/13110369-400,way/190511290-400,400.0,1787.4764334110816,65775.35,Al/St 240/40 4-bundle 380.0,"LINESTRING (-0.8088344601805582 53.35935914632315, -0.8037796725381782 53.35384460593799, -0.8029441 53.3527337, -0.8007983 53.3496725, -0.7986525 53.3468654, -0.7971505 53.3448178, -0.7940177 53.3420763, -0.7909492 53.3393987, -0.7879671 53.3368046, -0.7851133 53.3342548, -0.7817873 53.3313589, -0.7788154 53.3287511, -0.7740948 53.3273795, -0.7691809 53.3259573, -0.7646528 53.3245511, -0.7605004 53.3233132, -0.7593962 53.322984, -0.7543644 53.3215228, -0.7518753 53.320773, -0.7456306 53.3189974, -0.7408885 53.3175618, -0.7359103 53.3160492, -0.7300738 53.3143443, -0.7249669 53.3128187, -0.7193664 53.3111905, -0.7187012 53.3078956, -0.7178858 53.3046773, -0.717189 53.3011898, -0.7164487 53.2978877, -0.715687 53.2944827, -0.7133368 53.2922892, -0.7105044 53.2895444, -0.7072214 53.286453, -0.7043461 53.2837848, -0.7016853 53.2811934, -0.6988314 53.2784606, -0.6958917 53.2756636, -0.6927589 53.2728022, -0.6897334 53.2699278, -0.6869653 53.2673355, -0.6838969 53.2643709, -0.680571 53.261329, -0.6784252 53.2591726, -0.67776 53.2560149, -0.6771168 53.2528123, -0.6765691 53.2496307, -0.6760434 53.2470153, -0.6749061 53.2435742, -0.6735543 53.2400686, -0.6723956 53.2366526, -0.6712369 53.2333133, -0.6702713 53.2307702, -0.6690267 53.2271608, -0.6677393 53.2236795, -0.6666449 53.2205192, -0.6653789 53.2170373, -0.66407 53.2136452, -0.6628469 53.21006, -0.6617311 53.206873, -0.6602291 53.2039298, -0.65877 53.2009865, -0.6571177 53.1978759, -0.6556586 53.1949322, -0.6539956 53.1918565, -0.6497905 53.1897965, -0.6458744 53.1878937, -0.6417224 53.1859136, -0.6372908 53.1837339, -0.6335143 53.181985, -0.63036 53.180429, -0.6270555 53.1788087, -0.623383 53.1770203, -0.6212673 53.1760147, -0.6177858 53.1743331, -0.6144454 53.1727142, -0.6107477 53.170899, -0.6086663 53.1683779, -0.606778 53.1656509, -0.6044606 53.1627821, -0.6023148 53.1600418, -0.6000403 53.1571341, -0.5973796 53.1536986, -0.595148 53.1508677, -0.5928305 53.1477791, -0.5904273 53.1447033, -0.5876592 53.1413054, -0.5854706 53.1384221, -0.58296 53.135204, -0.5789903 53.1333631, -0.5751065 53.1317796, -0.5715231 53.130106, -0.5680469 53.1286511, -0.5642704 53.1270675, -0.5595068 53.1267198, -0.5550221 53.126488, -0.5549742 53.1264855, -0.5508169 53.1262695, -0.5447552 53.1259605, -0.5389509 53.125542, -0.5352811 53.1252906, -0.5310324 53.1251361, -0.5257324 53.1247987, -0.5205396 53.1244665, -0.5166773 53.1220328, -0.5124072 53.119393, -0.5082229 53.1169847, -0.5045751 53.1146923, -0.5001334 53.1121679, -0.4961852 53.1098108, -0.4923657 53.1074793, -0.4882888 53.1049416, -0.4877952 53.1018112, -0.4873875 53.0986289, -0.4868296 53.0950728, -0.4852418 53.0930111, -0.4832462 53.0901375, -0.4811004 53.0873926, -0.4789976 53.0844671, -0.4767445 53.0813609, -0.47447 53.0783576, -0.4723028 53.0752381, -0.4682473 53.0728635, -0.4640211 53.0703914, -0.4602767 53.0681771, -0.4562748 53.0659175, -0.4525188 53.0637249, -0.4494075 53.0618809, -0.4452661 53.0595468, -0.4410819 53.0570837, -0.4374126 53.0549041, -0.4334429 53.0526083, -0.4295162 53.0502866, -0.427349 53.0478745, -0.424774 53.0448689, -0.422285 53.0421727, -0.4199461 53.039257, -0.4145607 53.037922, -0.4088203 53.0364414, -0.4037461 53.0352158, -0.3978018 53.0337347, -0.3958986 53.0332412, -0.3931138 53.0325192, -0.3866872 53.030935, -0.3820947 53.029786, -0.3771595 53.0285214, -0.3749447 53.0279431, -0.3711299 53.0269469, -0.3676108 53.0243012, -0.3640059 53.0216037, -0.3610233 53.0193449, -0.3574613 53.0166084, -0.3540066 53.0138588, -0.3507022 53.0112768, -0.3472046 53.0085914, -0.3438357 53.0060092, -0.3396085 53.0050149, -0.3343729 53.0036204, -0.3289655 53.0023679, -0.3237513 53.0011153, -0.3180007 52.9996819, -0.3128937 52.9985455, -0.307422 52.9973316, -0.3038495 52.996435, -0.302122 52.9960014, -0.2980021 52.9934959, -0.294666 52.9913328, -0.2905029 52.9887452, -0.2867798 52.9864305, -0.282617 52.9837048, -0.2790121 52.981457, -0.2761368 52.9782529, -0.273498 52.9755399, -0.2707723 52.9727486, -0.2678541 52.9695439, -0.2651933 52.9667525, -0.2621893 52.9633665, -0.2596143 52.9606264, -0.2569965 52.9579378, -0.253692 52.9541115, -0.2509454 52.9513709, -0.2479414 52.9480353, -0.245109 52.9462252, -0.2415899 52.9440788, -0.2372984 52.9413375, -0.2345518 52.939553, -0.2308611 52.9371735, -0.2277464456638692 52.93510745626363, -0.2198088135516616 52.93205225140846)",False
way/91003253-400,way/88287125-400,400.0,1787.4764334110816,101885.54,Al/St 240/40 4-bundle 380.0,"LINESTRING (-0.8681653689223726 53.077449502050655, -0.8702954221563152 53.0713719869881, -0.8704325 53.0695018, -0.8705982 53.0665595, -0.8707431 53.0635929, -0.8709362 53.0604562, -0.8710912 53.0578874, -0.8713321 53.0546796, -0.8696782 53.0514584, -0.8686739 53.0496295, -0.8672278 53.0465072, -0.8656828 53.043477, -0.8647231 53.0406323, -0.8636717 53.0372133, -0.8626846 53.0341295, -0.8615688 53.0307874, -0.8606247 53.0275225, -0.8595089 53.0244122, -0.8585219 53.021263, -0.8574704 53.0179586, -0.8564405 53.014794, -0.8602599 53.0124852, -0.8634786 53.0105099, -0.8672337 53.0082635, -0.8711604 53.0059523, -0.8739928 53.0041834, -0.8776192 53.0020399, -0.8812241 52.9998963, -0.8840565 52.9969906, -0.8867172 52.9942268, -0.8889842 52.9918484, -0.891395 52.9893963, -0.8938535 52.9867889, -0.8964402 52.9841517, -0.8994025 52.9812479, -0.9024886 52.9782735, -0.9041623 52.9760874, -0.9069518 52.9732215, -0.9096126 52.9703399, -0.912166 52.9676261, -0.9147195 52.9648863, -0.9173802 52.9621205, -0.9198908 52.9593415, -0.9223584 52.9565753, -0.9251694 52.9535976, -0.9273185 52.9512154, -0.9299687 52.9483153, -0.9333117 52.9456088, -0.9363585 52.9431497, -0.9390901 52.9409346, -0.9395849 52.9405333, -0.9419832 52.9386013, -0.9444219 52.9366234, -0.9469803 52.9345602, -0.94996 52.9321367, -0.9531555 52.9295472, -0.9558064 52.9266261, -0.9579732 52.9242067, -0.9601804 52.9217542, -0.9626086 52.9190838, -0.9643767 52.9171237, -0.9672689 52.9139056, -0.9701574 52.9112517, -0.9730364 52.9085873, -0.9755164 52.9063039, -0.9783464 52.9036863, -0.9810195 52.9012348, -0.9832441 52.8991772, -0.9844453 52.8957755, -0.9854961 52.8928577, -0.9867143 52.8893526, -0.9841223 52.8864879, -0.9816349 52.883687, -0.9790573 52.8808142, -0.9768475 52.8783541, -0.9749633 52.8762675, -0.9729307 52.874008, -0.9709221 52.871774, -0.9681672 52.8687067, -0.9656122 52.8658691, -0.9633182 52.863294, -0.9607144 52.860516, -0.9580675 52.8576044, -0.9556169 52.8547446, -0.9536325 52.8525072, -0.9537228 52.8493514, -0.9538346 52.8459517, -0.9539476 52.8431332, -0.9541044 52.8396848, -0.9542117 52.836574, -0.9542811 52.833492, -0.9541366 52.8304358, -0.9539542 52.8271104, -0.9537611 52.8242385, -0.9534821 52.820757, -0.9533212 52.8178004, -0.9531118 52.8147938, -0.9529586 52.8112073, -0.9526973 52.8074496, -0.9533748 52.8049083, -0.9541887 52.8018109, -0.9550378 52.7985387, -0.9558747 52.7955676, -0.9564755 52.7932126, -0.9572909 52.7901763, -0.9582181 52.7867469, -0.9588607 52.7841616, -0.9600334 52.7807201, -0.9609984 52.7778598, -0.9620437 52.7746734, -0.9630048 52.7718075, -0.9640452 52.7687722, -0.9652123 52.765305, -0.9641844 52.762921, -0.9631179 52.760482, -0.961856 52.7574672, -0.9608689 52.755155, -0.9594709 52.7520389, -0.9582803 52.7492023, -0.9569154 52.7459049, -0.9557137 52.7427808, -0.9544477 52.7398319, -0.9529779 52.7369153, -0.9517119 52.7338945, -0.9504459 52.7309775, -0.9495447 52.7279043, -0.9486327 52.724649, -0.9476778 52.7216144, -0.9468303 52.7186251, -0.9459612 52.7155835, -0.9450815 52.7129058, -0.9441373 52.7093698, -0.9434292 52.7068347, -0.9425924 52.7040069, -0.941659 52.7007498, -0.9406183 52.6975379, -0.9390318 52.6947808, -0.9388373 52.6944429, -0.9370259 52.6914287, -0.9353456 52.6887391, -0.9335909 52.6856833, -0.9321425 52.68342, -0.9305761 52.6808703, -0.9292886 52.6786848, -0.9272179 52.6753412, -0.9258232 52.6729408, -0.9236989 52.6696748, -0.9221968 52.6670658, -0.9207914 52.6634871, -0.9197936 52.6606305, -0.9184954 52.6571684, -0.9176371 52.654845, -0.9165964 52.6519943, -0.9153519 52.6487789, -0.9145365 52.6465527, -0.9131099 52.6425715, -0.9114721 52.6403594, -0.9093859 52.6374302, -0.9092727 52.6372713, -0.9072297 52.6343335, -0.9056399 52.6320575, -0.9029939 52.6283163, -0.9013947 52.6260785, -0.8992996 52.6231058, -0.8978591 52.621081, -0.8953324 52.6175, -0.8936233 52.6150549, -0.8946667 52.6118749, -0.8957547 52.6086165, -0.8968384 52.6053213, -0.8976678 52.6028468, -0.8988474 52.5993007, -0.8997843 52.5965571, -0.9001695 52.5954234, -0.9009234 52.593092, -0.9009271 52.5930807, -0.9018872 52.5901114, -0.9030933 52.5865315, -0.9040091 52.5837815, -0.9039527 52.580363, -0.9039032 52.5773256, -0.9038525 52.5744177, -0.9038061 52.5707731, -0.9037654 52.5684017, -0.9037969 52.5653689, -0.9037003 52.5626885, -0.9036574 52.5591926, -0.903636 52.5562378, -0.9035252 52.5530208, -0.9035287 52.5496165, -0.9004173 52.5473331, -0.8966889 52.5446613, -0.8937118 52.5424787, -0.8910189 52.5405016, -0.8881757 52.5384526, -0.8854184 52.5364231, -0.8821783 52.5340476, -0.8788631 52.5316851, -0.8796677 52.5280627, -0.8803437 52.5251449, -0.8810625 52.5217896, -0.8817599 52.5186038, -0.8823821 52.515581, -0.8832404 52.5121205, -0.8836589 52.5099135, -0.8821783 52.5067725, -0.8809016 52.5040036, -0.8796141 52.5012149, -0.8784554 52.498844, -0.8772645 52.4960942, -0.8785949 52.4926714, -0.8795175 52.4897644, -0.8807084 52.4863998, -0.8815667 52.4840151, -0.8830259 52.4800032, -0.8839056 52.4776508, -0.8851394 52.4740697, -0.8862445 52.4712464, -0.8858261 52.4677824, -0.8854544 52.4647087, -0.8854506 52.4646777, -0.8851073 52.4620303, -0.8846137 52.4583695, -0.8845279 52.4555648, -0.8841631 52.4527207, -0.8837769 52.4490918, -0.8808372 52.446607, -0.8777473 52.4439258, -0.8746574 52.4412576, -0.8718893 52.43889, -0.8686385 52.4360906, -0.8657524 52.4335527, -0.8624587 52.4307857, -0.8600662 52.4283195, -0.8570728 52.4260886, -0.853704 52.4231641, -0.8509896 52.4209003, -0.8478889 52.4182045, -0.844799 52.4156197, -0.8419773 52.4132443, -0.8385441 52.4104171, -0.8362374 52.4083882, -0.835422 52.4062153, -0.8338556 52.4020654, -0.8326111 52.3985567, -0.8289418 52.3966386, -0.8239636 52.3941639, -0.8204875 52.3923503, -0.816035 52.3901307, -0.8130417 52.3886182, -0.8112392 52.3864312, -0.8085356 52.3830915, -0.8065078 52.3805374, -0.8043728 52.3777933, -0.8020983 52.3749376, -0.7997486 52.3720294, -0.7973025 52.3689965, -0.792453 52.3669068, -0.7885692 52.3652297, -0.7847497 52.3636115, -0.7804797 52.3617835, -0.7756946 52.3598638, -0.772197 52.3582127, -0.7674334 52.3559783, -0.7639158 52.3543885, -0.7598588 52.3525642, -0.7558141 52.3506768, -0.7529065 52.3493071, -0.7503496 52.34556, -0.7488725 52.3433953, -0.7471559 52.3409111, -0.745676 52.3387574, -0.7435725 52.3356013, -0.7418022 52.3330183, -0.7396779 52.3301335, -0.7376931 52.3271371, -0.7381866 52.3240683, -0.7388518 52.321078, -0.7394955 52.318245, -0.74015 52.314946, -0.7405559 52.3125102, -0.7410825 52.3099194, -0.7417749 52.3064808, -0.7423951 52.3034109, -0.7430112 52.3003006, -0.74367 52.2969424, -0.7442933 52.2938671, -0.7448697 52.2909446, -0.743317 52.2883178, -0.741409 52.2850774, -0.7397407 52.2822556, -0.7377592 52.2789086, -0.7363699 52.2765784, -0.7350789 52.2743865, -0.7333444 52.2714505, -0.7316163 52.2685311, -0.7311193 52.2653367, -0.7306046 52.2620083, -0.7301048 52.2587943, -0.7296474 52.2558387, -0.7291964 52.2528599, -0.7287493 52.2501075, -0.7286553522940469 52.24952380168545, -0.7278762774966284 52.243144968661134)",False
way/91003253-400,way/88287125-400,400.0,1787.4764334110816,101885.54,Al/St 240/40 4-bundle 380.0,"LINESTRING (-0.8681653689223726 53.077449502050655, -0.8702954221563152 53.0713719869881, -0.8704325 53.0695018, -0.8705982 53.0665595, -0.8707431 53.0635929, -0.8709362 53.0604562, -0.8710912 53.0578874, -0.8713321 53.0546796, -0.8696782 53.0514584, -0.8686739 53.0496295, -0.8672278 53.0465072, -0.8656828 53.043477, -0.8647231 53.0406323, -0.8636717 53.0372133, -0.8626846 53.0341295, -0.8615688 53.0307874, -0.8606247 53.0275225, -0.8595089 53.0244122, -0.8585219 53.021263, -0.8574704 53.0179586, -0.8564405 53.014794, -0.8602599 53.0124852, -0.8634786 53.0105099, -0.8672337 53.0082635, -0.8711604 53.0059523, -0.8739928 53.0041834, -0.8776192 53.0020399, -0.8812241 52.9998963, -0.8840565 52.9969906, -0.8867172 52.9942268, -0.8889842 52.9918484, -0.891395 52.9893963, -0.8938535 52.9867889, -0.8964402 52.9841517, -0.8994025 52.9812479, -0.9024886 52.9782735, -0.9041623 52.9760874, -0.9069518 52.9732215, -0.9096126 52.9703399, -0.912166 52.9676261, -0.9147195 52.9648863, -0.9173802 52.9621205, -0.9198908 52.9593415, -0.9223584 52.9565753, -0.9251694 52.9535976, -0.9273185 52.9512154, -0.9299687 52.9483153, -0.9333117 52.9456088, -0.9363585 52.9431497, -0.9390901 52.9409346, -0.9395849 52.9405333, -0.9419832 52.9386013, -0.9444219 52.9366234, -0.9469803 52.9345602, -0.94996 52.9321367, -0.9531555 52.9295472, -0.9558064 52.9266261, -0.9579732 52.9242067, -0.9601804 52.9217542, -0.9626086 52.9190838, -0.9643767 52.9171237, -0.9672689 52.9139056, -0.9701574 52.9112517, -0.9730364 52.9085873, -0.9755164 52.9063039, -0.9783464 52.9036863, -0.9810195 52.9012348, -0.9832441 52.8991772, -0.9844453 52.8957755, -0.9854961 52.8928577, -0.9867143 52.8893526, -0.9841223 52.8864879, -0.9816349 52.883687, -0.9790573 52.8808142, -0.9768475 52.8783541, -0.9749633 52.8762675, -0.9729307 52.874008, -0.9709221 52.871774, -0.9681672 52.8687067, -0.9656122 52.8658691, -0.9633182 52.863294, -0.9607144 52.860516, -0.9580675 52.8576044, -0.9556169 52.8547446, -0.9536325 52.8525072, -0.9537228 52.8493514, -0.9538346 52.8459517, -0.9539476 52.8431332, -0.9541044 52.8396848, -0.9542117 52.836574, -0.9542811 52.833492, -0.9541366 52.8304358, -0.9539542 52.8271104, -0.9537611 52.8242385, -0.9534821 52.820757, -0.9533212 52.8178004, -0.9531118 52.8147938, -0.9529586 52.8112073, -0.9526973 52.8074496, -0.9533748 52.8049083, -0.9541887 52.8018109, -0.9550378 52.7985387, -0.9558747 52.7955676, -0.9564755 52.7932126, -0.9572909 52.7901763, -0.9582181 52.7867469, -0.9588607 52.7841616, -0.9600334 52.7807201, -0.9609984 52.7778598, -0.9620437 52.7746734, -0.9630048 52.7718075, -0.9640452 52.7687722, -0.9652123 52.765305, -0.9641844 52.762921, -0.9631179 52.760482, -0.961856 52.7574672, -0.9608689 52.755155, -0.9594709 52.7520389, -0.9582803 52.7492023, -0.9569154 52.7459049, -0.9557137 52.7427808, -0.9544477 52.7398319, -0.9529779 52.7369153, -0.9517119 52.7338945, -0.9504459 52.7309775, -0.9495447 52.7279043, -0.9486327 52.724649, -0.9476778 52.7216144, -0.9468303 52.7186251, -0.9459612 52.7155835, -0.9450815 52.7129058, -0.9441373 52.7093698, -0.9434292 52.7068347, -0.9425924 52.7040069, -0.941659 52.7007498, -0.9406183 52.6975379, -0.9390318 52.6947808, -0.9388373 52.6944429, -0.9370259 52.6914287, -0.9353456 52.6887391, -0.9335909 52.6856833, -0.9321425 52.68342, -0.9305761 52.6808703, -0.9292886 52.6786848, -0.9272179 52.6753412, -0.9258232 52.6729408, -0.9236989 52.6696748, -0.9221968 52.6670658, -0.9207914 52.6634871, -0.9197936 52.6606305, -0.9184954 52.6571684, -0.9176371 52.654845, -0.9165964 52.6519943, -0.9153519 52.6487789, -0.9145365 52.6465527, -0.9131099 52.6425715, -0.9114721 52.6403594, -0.9093859 52.6374302, -0.9092727 52.6372713, -0.9072297 52.6343335, -0.9056399 52.6320575, -0.9029939 52.6283163, -0.9013947 52.6260785, -0.8992996 52.6231058, -0.8978591 52.621081, -0.8953324 52.6175, -0.8936233 52.6150549, -0.8946667 52.6118749, -0.8957547 52.6086165, -0.8968384 52.6053213, -0.8976678 52.6028468, -0.8988474 52.5993007, -0.8997843 52.5965571, -0.9001695 52.5954234, -0.9009234 52.593092, -0.9009271 52.5930807, -0.9018872 52.5901114, -0.9030933 52.5865315, -0.9040091 52.5837815, -0.9039527 52.580363, -0.9039032 52.5773256, -0.9038525 52.5744177, -0.9038061 52.5707731, -0.9037654 52.5684017, -0.9037969 52.5653689, -0.9037003 52.5626885, -0.9036574 52.5591926, -0.903636 52.5562378, -0.9035252 52.5530208, -0.9035287 52.5496165, -0.9004173 52.5473331, -0.8966889 52.5446613, -0.8937118 52.5424787, -0.8910189 52.5405016, -0.8881757 52.5384526, -0.8854184 52.5364231, -0.8821783 52.5340476, -0.8788631 52.5316851, -0.8796677 52.5280627, -0.8803437 52.5251449, -0.8810625 52.5217896, -0.8817599 52.5186038, -0.8823821 52.515581, -0.8832404 52.5121205, -0.8836589 52.5099135, -0.8821783 52.5067725, -0.8809016 52.5040036, -0.8796141 52.5012149, -0.8784554 52.498844, -0.8772645 52.4960942, -0.8785949 52.4926714, -0.8795175 52.4897644, -0.8807084 52.4863998, -0.8815667 52.4840151, -0.8830259 52.4800032, -0.8839056 52.4776508, -0.8851394 52.4740697, -0.8862445 52.4712464, -0.8858261 52.4677824, -0.8854544 52.4647087, -0.8854506 52.4646777, -0.8851073 52.4620303, -0.8846137 52.4583695, -0.8845279 52.4555648, -0.8841631 52.4527207, -0.8837769 52.4490918, -0.8808372 52.446607, -0.8777473 52.4439258, -0.8746574 52.4412576, -0.8718893 52.43889, -0.8686385 52.4360906, -0.8657524 52.4335527, -0.8624587 52.4307857, -0.8600662 52.4283195, -0.8570728 52.4260886, -0.853704 52.4231641, -0.8509896 52.4209003, -0.8478889 52.4182045, -0.844799 52.4156197, -0.8419773 52.4132443, -0.8385441 52.4104171, -0.8362374 52.4083882, -0.835422 52.4062153, -0.8338556 52.4020654, -0.8326111 52.3985567, -0.8289418 52.3966386, -0.8239636 52.3941639, -0.8204875 52.3923503, -0.816035 52.3901307, -0.8130417 52.3886182, -0.8112392 52.3864312, -0.8085356 52.3830915, -0.8065078 52.3805374, -0.8043728 52.3777933, -0.8020983 52.3749376, -0.7997486 52.3720294, -0.7973025 52.3689965, -0.792453 52.3669068, -0.7885692 52.3652297, -0.7847497 52.3636115, -0.7804797 52.3617835, -0.7756946 52.3598638, -0.772197 52.3582127, -0.7674334 52.3559783, -0.7639158 52.3543885, -0.7598588 52.3525642, -0.7558141 52.3506768, -0.7529065 52.3493071, -0.7503496 52.34556, -0.7488725 52.3433953, -0.7471559 52.3409111, -0.745676 52.3387574, -0.7435725 52.3356013, -0.7418022 52.3330183, -0.7396779 52.3301335, -0.7376931 52.3271371, -0.7381866 52.3240683, -0.7388518 52.321078, -0.7394955 52.318245, -0.74015 52.314946, -0.7405559 52.3125102, -0.7410825 52.3099194, -0.7417749 52.3064808, -0.7423951 52.3034109, -0.7430112 52.3003006, -0.74367 52.2969424, -0.7442933 52.2938671, -0.7448697 52.2909446, -0.743317 52.2883178, -0.741409 52.2850774, -0.7397407 52.2822556, -0.7377592 52.2789086, -0.7363699 52.2765784, -0.7350789 52.2743865, -0.7333444 52.2714505, -0.7316163 52.2685311, -0.7311193 52.2653367, -0.7306046 52.2620083, -0.7301048 52.2587943, -0.7296474 52.2558387, -0.7291964 52.2528599, -0.7287493 52.2501075, -0.7286553522940469 52.24952380168545, -0.7278762774966284 52.243144968661134)",False
relation/13110369-400,way/190511290-400,400.0,1787.4764334110816,65775.35,Al/St 240/40 4-bundle 380.0,"LINESTRING (-0.8088344601805582 53.35935914632315, -0.8037796725381782 53.35384460593799, -0.8029441 53.3527337, -0.8007983 53.3496725, -0.7986525 53.3468654, -0.7971505 53.3448178, -0.7940177 53.3420763, -0.7909492 53.3393987, -0.7879671 53.3368046, -0.7851133 53.3342548, -0.7817873 53.3313589, -0.7788154 53.3287511, -0.7740948 53.3273795, -0.7691809 53.3259573, -0.7646528 53.3245511, -0.7605004 53.3233132, -0.7593962 53.322984, -0.7543644 53.3215228, -0.7518753 53.320773, -0.7456306 53.3189974, -0.7408885 53.3175618, -0.7359103 53.3160492, -0.7300738 53.3143443, -0.7249669 53.3128187, -0.7193664 53.3111905, -0.7187012 53.3078956, -0.7178858 53.3046773, -0.717189 53.3011898, -0.7164487 53.2978877, -0.715687 53.2944827, -0.7133368 53.2922892, -0.7105044 53.2895444, -0.7072214 53.286453, -0.7043461 53.2837848, -0.7016853 53.2811934, -0.6988314 53.2784606, -0.6958917 53.2756636, -0.6927589 53.2728022, -0.6897334 53.2699278, -0.6869653 53.2673355, -0.6838969 53.2643709, -0.680571 53.261329, -0.6784252 53.2591726, -0.67776 53.2560149, -0.6771168 53.2528123, -0.6765691 53.2496307, -0.6760434 53.2470153, -0.6749061 53.2435742, -0.6735543 53.2400686, -0.6723956 53.2366526, -0.6712369 53.2333133, -0.6702713 53.2307702, -0.6690267 53.2271608, -0.6677393 53.2236795, -0.6666449 53.2205192, -0.6653789 53.2170373, -0.66407 53.2136452, -0.6628469 53.21006, -0.6617311 53.206873, -0.6602291 53.2039298, -0.65877 53.2009865, -0.6571177 53.1978759, -0.6556586 53.1949322, -0.6539956 53.1918565, -0.6497905 53.1897965, -0.6458744 53.1878937, -0.6417224 53.1859136, -0.6372908 53.1837339, -0.6335143 53.181985, -0.63036 53.180429, -0.6270555 53.1788087, -0.623383 53.1770203, -0.6212673 53.1760147, -0.6177858 53.1743331, -0.6144454 53.1727142, -0.6107477 53.170899, -0.6086663 53.1683779, -0.606778 53.1656509, -0.6044606 53.1627821, -0.6023148 53.1600418, -0.6000403 53.1571341, -0.5973796 53.1536986, -0.595148 53.1508677, -0.5928305 53.1477791, -0.5904273 53.1447033, -0.5876592 53.1413054, -0.5854706 53.1384221, -0.58296 53.135204, -0.5789903 53.1333631, -0.5751065 53.1317796, -0.5715231 53.130106, -0.5680469 53.1286511, -0.5642704 53.1270675, -0.5595068 53.1267198, -0.5550221 53.126488, -0.5549742 53.1264855, -0.5508169 53.1262695, -0.5447552 53.1259605, -0.5389509 53.125542, -0.5352811 53.1252906, -0.5310324 53.1251361, -0.5257324 53.1247987, -0.5205396 53.1244665, -0.5166773 53.1220328, -0.5124072 53.119393, -0.5082229 53.1169847, -0.5045751 53.1146923, -0.5001334 53.1121679, -0.4961852 53.1098108, -0.4923657 53.1074793, -0.4882888 53.1049416, -0.4877952 53.1018112, -0.4873875 53.0986289, -0.4868296 53.0950728, -0.4852418 53.0930111, -0.4832462 53.0901375, -0.4811004 53.0873926, -0.4789976 53.0844671, -0.4767445 53.0813609, -0.47447 53.0783576, -0.4723028 53.0752381, -0.4682473 53.0728635, -0.4640211 53.0703914, -0.4602767 53.0681771, -0.4562748 53.0659175, -0.4525188 53.0637249, -0.4494075 53.0618809, -0.4452661 53.0595468, -0.4410819 53.0570837, -0.4374126 53.0549041, -0.4334429 53.0526083, -0.4295162 53.0502866, -0.427349 53.0478745, -0.424774 53.0448689, -0.422285 53.0421727, -0.4199461 53.039257, -0.4145607 53.037922, -0.4088203 53.0364414, -0.4037461 53.0352158, -0.3978018 53.0337347, -0.3958986 53.0332412, -0.3931138 53.0325192, -0.3866872 53.030935, -0.3820947 53.029786, -0.3771595 53.0285214, -0.3749447 53.0279431, -0.3711299 53.0269469, -0.3676108 53.0243012, -0.3640059 53.0216037, -0.3610233 53.0193449, -0.3574613 53.0166084, -0.3540066 53.0138588, -0.3507022 53.0112768, -0.3472046 53.0085914, -0.3438357 53.0060092, -0.3396085 53.0050149, -0.3343729 53.0036204, -0.3289655 53.0023679, -0.3237513 53.0011153, -0.3180007 52.9996819, -0.3128937 52.9985455, -0.307422 52.9973316, -0.3038495 52.996435, -0.302122 52.9960014, -0.2980021 52.9934959, -0.294666 52.9913328, -0.2905029 52.9887452, -0.2867798 52.9864305, -0.282617 52.9837048, -0.2790121 52.981457, -0.2761368 52.9782529, -0.273498 52.9755399, -0.2707723 52.9727486, -0.2678541 52.9695439, -0.2651933 52.9667525, -0.2621893 52.9633665, -0.2596143 52.9606264, -0.2569965 52.9579378, -0.253692 52.9541115, -0.2509454 52.9513709, -0.2479414 52.9480353, -0.245109 52.9462252, -0.2415899 52.9440788, -0.2372984 52.9413375, -0.2345518 52.939553, -0.2308611 52.9371735, -0.2277464456638692 52.93510745626363, -0.2198088135516616 52.93205225140846)",False
way/239248206-400,way/68515955-400,400.0,1787.4764334110816,25339.88,Al/St 240/40 4-bundle 380.0,"LINESTRING (-4.792978681874958 57.329633567929, -4.785622609709306 57.32668078207318, -4.7852705 57.3263899, -4.7817014 57.3245481, -4.7798796 57.323594, -4.7733121 57.3264182, -4.7673491 57.3287969, -4.7620598 57.3309971, -4.7556379 57.3336931, -4.7517529 57.335293, -4.7466053 57.3368195, -4.7398927 57.3391185, -4.7332953 57.3412669, -4.7285089 57.342887, -4.723307 57.3445794, -4.7166795 57.3467649, -4.7112765 57.3485753, -4.7069162 57.3499459, -4.6981998 57.3517418, -4.6924366 57.3523452, -4.6896877 57.3529588, -4.6862942 57.3540531, -4.6812178 57.3564367, -4.6760629 57.3589308, -4.6716917 57.3621983, -4.6683536 57.3647122, -4.6666646 57.3670834, -4.662863 57.3721635, -4.6613053 57.3745085, -4.6588597 57.3759497, -4.6544425 57.3788727, -4.6529069 57.3809166, -4.6516933 57.3827283, -4.6481275 57.3849827, -4.6440254 57.3876415, -4.6393844 57.390843, -4.6362124 57.3930498, -4.6334084 57.3950153, -4.6300176 57.397386, -4.626111 57.4000238, -4.6218461 57.4004971, -4.6164805 57.4010388, -4.6090178 57.4017974, -4.6016453 57.4026279, -4.596172 57.4056376, -4.5911224 57.4084438, -4.5866571 57.410937, -4.5811168 57.4140029, -4.5781835 57.4155763, -4.5743452 57.4178376, -4.5715361 57.4199309, -4.567854 57.4225565, -4.5638494 57.42549, -4.5601079 57.4282616, -4.5550651 57.4307824, -4.5500538 57.4332766, -4.5475442 57.4345491, -4.5448231 57.439399, -4.5437214 57.4414555, -4.5405658 57.4434672, -4.5358879 57.4462051, -4.5298377 57.4498568, -4.5243811 57.4531331, -4.5211102 57.4551199, -4.5166183 57.4577876, -4.5114944 57.4609195, -4.5049204 57.4626024, -4.502495611503357 57.46365154586364, -4.494129430044979 57.46666596176973)",False
way/239248206-400,way/1263095951-400,400.0,1787.4764334110816,25590.38,Al/St 240/40 4-bundle 380.0,"LINESTRING (-4.792978681874958 57.329633567929, -4.785622609709306 57.32668078207318, -4.7852705 57.3263899, -4.7817014 57.3245481, -4.7798796 57.323594, -4.7815118 57.3203924, -4.7833931 57.3165557, -4.7848656 57.3135553, -4.786769 57.3099018, -4.7880595 57.3071656, -4.7893297 57.3045441, -4.7906748 57.3017955, -4.7927351 57.2977699, -4.7975314 57.2943999, -4.8027629 57.2907094, -4.8064218 57.288015, -4.8113587 57.2845112, -4.8165469 57.2808297, -4.818535 57.2776547, -4.8206204 57.2741702, -4.8226853 57.2707297, -4.824991 57.2670766, -4.8268937 57.2639003, -4.8289045 57.26058, -4.8308348 57.2575494, -4.8300226 57.2541037, -4.8293401 57.2513656, -4.8287329 57.2487965, -4.8280297 57.2458421, -4.8278793 57.2434356, -4.8269401 57.2410006, -4.8266885 57.2388619, -4.8263067 57.2366253, -4.8259239 57.234016, -4.82545 57.2304145, -4.8249775 57.2269333, -4.8246558 57.2241395, -4.8259267 57.2229981, -4.8286041 57.2206616, -4.8302427 57.2191504, -4.8294667 57.2168616, -4.8286157 57.2145893, -4.8276592 57.2119835, -4.8264557 57.2086572, -4.8255542 57.2061617, -4.8237697 57.201466, -4.8225807 57.1980616, -4.8211093 57.1940985, -4.816772 57.1910575, -4.8128808 57.18837, -4.8089326 57.1856433, -4.8037827 57.1821444, -4.8011649 57.1802662, -4.7936333 57.1770039, -4.7906292 57.1748579, -4.7855652 57.1712402, -4.782207 57.1688438, -4.7793317 57.1668253, -4.7764671 57.1647951, -4.7735811 57.1627182, -4.7692037 57.1595648, -4.7650409 57.1566323, -4.7593117 57.15523, -4.7532392 57.1537228, -4.7482503 57.1524833, -4.7433579 57.1512729, -4.7377575 57.1499053, -4.7342921 57.1473212, -4.7314918 57.1452608, -4.7273934 57.1421874, -4.724796704575418 57.1402214502408, -4.718064557225571 57.13534565675838)",False
way/1263095951-400,way/68515955-400,400.0,1787.4764334110816,48856.63,Al/St 240/40 4-bundle 380.0,"LINESTRING (-4.718064557225571 57.13534565675838, -4.724796704575418 57.1402214502408, -4.7273934 57.1421874, -4.7314918 57.1452608, -4.7342921 57.1473212, -4.7377575 57.1499053, -4.7433579 57.1512729, -4.7482503 57.1524833, -4.7532392 57.1537228, -4.7593117 57.15523, -4.7650409 57.1566323, -4.7692037 57.1595648, -4.7735811 57.1627182, -4.7764671 57.1647951, -4.7793317 57.1668253, -4.782207 57.1688438, -4.7855652 57.1712402, -4.7906292 57.1748579, -4.7936333 57.1770039, -4.8011649 57.1802662, -4.8037827 57.1821444, -4.8089326 57.1856433, -4.8128808 57.18837, -4.816772 57.1910575, -4.8211093 57.1940985, -4.8225807 57.1980616, -4.8237697 57.201466, -4.8255542 57.2061617, -4.8264557 57.2086572, -4.8276592 57.2119835, -4.8286157 57.2145893, -4.8294667 57.2168616, -4.8302427 57.2191504, -4.8286041 57.2206616, -4.8259267 57.2229981, -4.8246558 57.2241395, -4.8249775 57.2269333, -4.82545 57.2304145, -4.8259239 57.234016, -4.8263067 57.2366253, -4.8266885 57.2388619, -4.8269401 57.2410006, -4.8278793 57.2434356, -4.8280297 57.2458421, -4.8287329 57.2487965, -4.8293401 57.2513656, -4.8300226 57.2541037, -4.8308348 57.2575494, -4.8289045 57.26058, -4.8268937 57.2639003, -4.824991 57.2670766, -4.8226853 57.2707297, -4.8206204 57.2741702, -4.818535 57.2776547, -4.8165469 57.2808297, -4.8113587 57.2845112, -4.8064218 57.288015, -4.8027629 57.2907094, -4.7975314 57.2943999, -4.7927351 57.2977699, -4.7906748 57.3017955, -4.7893297 57.3045441, -4.7880595 57.3071656, -4.786769 57.3099018, -4.7848656 57.3135553, -4.7833931 57.3165557, -4.7815118 57.3203924, -4.7798796 57.323594, -4.7733121 57.3264182, -4.7673491 57.3287969, -4.7620598 57.3309971, -4.7556379 57.3336931, -4.7517529 57.335293, -4.7466053 57.3368195, -4.7398927 57.3391185, -4.7332953 57.3412669, -4.7285089 57.342887, -4.723307 57.3445794, -4.7166795 57.3467649, -4.7112765 57.3485753, -4.7069162 57.3499459, -4.6981998 57.3517418, -4.6924366 57.3523452, -4.6896877 57.3529588, -4.6862942 57.3540531, -4.6812178 57.3564367, -4.6760629 57.3589308, -4.6716917 57.3621983, -4.6683536 57.3647122, -4.6666646 57.3670834, -4.662863 57.3721635, -4.6613053 57.3745085, -4.6588597 57.3759497, -4.6544425 57.3788727, -4.6529069 57.3809166, -4.6516933 57.3827283, -4.6481275 57.3849827, -4.6440254 57.3876415, -4.6393844 57.390843, -4.6362124 57.3930498, -4.6334084 57.3950153, -4.6300176 57.397386, -4.626111 57.4000238, -4.6218461 57.4004971, -4.6164805 57.4010388, -4.6090178 57.4017974, -4.6016453 57.4026279, -4.596172 57.4056376, -4.5911224 57.4084438, -4.5866571 57.410937, -4.5811168 57.4140029, -4.5781835 57.4155763, -4.5743452 57.4178376, -4.5715361 57.4199309, -4.567854 57.4225565, -4.5638494 57.42549, -4.5601079 57.4282616, -4.5550651 57.4307824, -4.5500538 57.4332766, -4.5475442 57.4345491, -4.5448231 57.439399, -4.5437214 57.4414555, -4.5405658 57.4434672, -4.5358879 57.4462051, -4.5298377 57.4498568, -4.5243811 57.4531331, -4.5211102 57.4551199, -4.5166183 57.4577876, -4.5114944 57.4609195, -4.5049204 57.4626024, -4.502495611503357 57.46365154586364, -4.494129430044979 57.46666596176973)",False
way/1263095951-400,way/689626274-400,400.0,1787.4764334110816,21811.01,Al/St 240/40 4-bundle 380.0,"LINESTRING (-4.718064557225571 57.13534565675838, -4.7089615192645935 57.132678166064835, -4.7066881 57.1316834, -4.6999182 57.128638, -4.6984698 57.1267513, -4.6936954 57.1201644, -4.6953584 57.117172, -4.6966995 57.1148652, -4.6980218 57.1123246, -4.69402 57.1060673, -4.6921854 57.1032063, -4.6900074 57.0998905, -4.687529 57.0960266, -4.6855228 57.0929374, -4.6838598 57.0904135, -4.6818535 57.087289, -4.6793751 57.0834704, -4.6768968 57.0795756, -4.674987 57.0766659, -4.6732275 57.0739367, -4.6712963 57.0710207, -4.6677665 57.0693819, -4.6648268 57.0679879, -4.6588723 57.0652348, -4.6543018 57.0636948, -4.6498708 57.0621606, -4.6459977 57.0608305, -4.6429507 57.0590337, -4.6403329 57.0574468, -4.6374468 57.0557489, -4.6345608 57.054016, -4.6291105 57.0527965, -4.6251409 57.0518804, -4.6211605 57.0509993, -4.617738 57.0508359, -4.6149807 57.0506608, -4.6115367 57.0504916, -4.608951 57.0503691, -4.6067194 57.0502465, -4.6044771 57.0501006, -4.6014623 57.0497272, -4.5983939 57.0492603, -4.5947568 57.0486767, -4.5916884 57.0483324, -4.5847039 57.0480815, -4.5809595 57.0478714, -4.5780305 57.0462432, -4.5743827 57.0441538, -4.5713679 57.0424145, -4.5661537 57.0393735, -4.5628492 57.0374472, -4.5581715 57.0347794, -4.5521526 57.0342306, -4.547935 57.0338824, -4.5421093 57.0333453, -4.5359724 57.0328433, -4.5289664 57.0325397, -4.5221644 57.0321252, -4.5150511 57.0317749, -4.5093863 57.0314713, -4.5045369 57.0312436, -4.4984322 57.0304437, -4.4925742 57.0296963, -4.4844203 57.0294628, -4.480207468101419 57.02933525831078, -4.47052941309277 57.02726384294216)",False
way/689626274-400,way/495512692-400,400.0,1787.4764334110816,55279.73,Al/St 240/40 4-bundle 380.0,"LINESTRING (-4.47052941309277 57.02726384294216, -4.459953826159791 57.02715263323975, -4.4579523 57.0269054, -4.4516652 57.0261463, -4.4451957 57.0253404, -4.4389193 57.0245755, -4.4320421 57.0237755, -4.4277828 57.023244, -4.4241564 57.0218191, -4.4191783 57.019816, -4.4149296 57.0180814, -4.4135134 57.0146061, -4.4120221 57.0108735, -4.4104235 57.0069828, -4.4092112 57.0039389, -4.4082134 57.0014673, -4.4064431 56.9970204, -4.4044368 56.9922866, -4.4036107 56.9900832, -4.4020658 56.9862195, -4.4008534 56.9831914, -4.3996411 56.9801864, -4.3963795 56.9778419, -4.3920343 56.9779472, -4.3853502 56.9781109, -4.3801253 56.9782337, -4.3696218 56.9784792, -4.3661242 56.9785728, -4.3574338 56.9788008, -4.3509107 56.9789587, -4.3450313 56.979099, -4.3395488 56.9778595, -4.3321567 56.9761814, -4.3256872 56.9746845, -4.3206446 56.9735326, -4.3145828 56.9721701, -4.3083065 56.9708894, -4.301558 56.969521, -4.2960541 56.9684215, -4.2839413 56.9660295, -4.2808406 56.9653452, -4.2751007 56.9658774, -4.2691784 56.9664155, -4.260488 56.9672167, -4.2548983 56.9676788, -4.2486971 56.966357, -4.2442017 56.962409, -4.2414121 56.9599581, -4.2374103 56.956413, -4.2343418 56.9536633, -4.2319922 56.9515629, -4.227175 56.947233, -4.2226259 56.9432653, -4.2242567 56.9406317, -4.2259948 56.9376702, -4.2281942 56.9342518, -4.2302756 56.9307746, -4.2322712 56.9275136, -4.2343096 56.9241821, -4.2341809 56.9212485, -4.2339556 56.9179868, -4.2337625 56.9148711, -4.2336337 56.9117728, -4.2341273 56.9091897, -4.2347817 56.9064189, -4.2369704 56.9035132, -4.2393415 56.9003671, -4.2417662 56.8970508, -4.2438798 56.8942088, -4.2464225 56.890722, -4.2459933 56.8864025, -4.2489009 56.8830967, -4.2511217 56.8806582, -4.2536108 56.8779263, -4.2557566 56.8754288, -4.2557888 56.8733299, -4.255778 56.8711721, -4.2549197 56.8685569, -4.2536752 56.8669501, -4.2518942 56.8645164, -4.2499094 56.8624755, -4.2477207 56.860147, -4.2456071 56.8579709, -4.2437403 56.8560293, -4.2420129 56.8532781, -4.239835 56.8498813, -4.2381077 56.8470475, -4.235286 56.8435152, -4.2322604 56.8413675, -4.2291491 56.8391786, -4.2256729 56.8367607, -4.2226045 56.8345832, -4.2189674 56.8320711, -4.2138498 56.8299462, -4.209644 56.8281969, -4.2057066 56.8271109, -4.2010932 56.8258428, -4.1961579 56.8244808, -4.1922204 56.823377, -4.1878431 56.8221148, -4.1785304 56.8195607, -4.1741101 56.818997, -4.1682415 56.8189735, -4.1616325 56.8189852, -4.1565792 56.8189676, -4.1524701 56.8189676, -4.1456036 56.8187915, -4.140722 56.8186271, -4.1347782 56.8184509, -4.1308837 56.8174468, -4.124897 56.8159142, -4.1188137 56.8143522, -4.1133742 56.8129134, -4.1075699 56.8114099, -4.1038577 56.8079095, -4.0996413 56.8039506, -4.0969698 56.8013306, -4.0934508 56.7980114, -4.091938 56.7950973, -4.090157 56.7915601, -4.0888159 56.7889921, -4.0871422 56.7857423, -4.0858333 56.7831505, -4.0842991 56.7800413, -4.0854792 56.776873, -4.0867023 56.7738337, -4.0878825 56.7709354, -4.089406 56.7669667, -4.0904896 56.7642442, -4.0915196 56.761592, -4.0938155 56.7560343, -4.094985 56.7530405, -4.0964763 56.7492993, -4.0975384 56.746705, -4.0984289 56.7441634, -4.0957145 56.7401918, -4.0939014 56.7373791, -4.0892343 56.7342367, -4.0847604 56.7311587, -4.0801363 56.7291046, -4.0759628 56.7272564, -4.0712421 56.7251079, -4.0669291 56.7232419, -4.0620796 56.7215406, -4.0562968 56.71948, -4.0509002 56.7175254, -4.0457396 56.7156354, -4.0408044 56.7138926, -4.0373604 56.7119494, -4.034792923480002 56.71045545322582, -4.028475775209555 56.706994375475674)",False
way/1263095951-400,way/689626274-400,400.0,1787.4764334110816,21811.01,Al/St 240/40 4-bundle 380.0,"LINESTRING (-4.718064557225571 57.13534565675838, -4.7089615192645935 57.132678166064835, -4.7066881 57.1316834, -4.6999182 57.128638, -4.6984698 57.1267513, -4.6936954 57.1201644, -4.6953584 57.117172, -4.6966995 57.1148652, -4.6980218 57.1123246, -4.69402 57.1060673, -4.6921854 57.1032063, -4.6900074 57.0998905, -4.687529 57.0960266, -4.6855228 57.0929374, -4.6838598 57.0904135, -4.6818535 57.087289, -4.6793751 57.0834704, -4.6768968 57.0795756, -4.674987 57.0766659, -4.6732275 57.0739367, -4.6712963 57.0710207, -4.6677665 57.0693819, -4.6648268 57.0679879, -4.6588723 57.0652348, -4.6543018 57.0636948, -4.6498708 57.0621606, -4.6459977 57.0608305, -4.6429507 57.0590337, -4.6403329 57.0574468, -4.6374468 57.0557489, -4.6345608 57.054016, -4.6291105 57.0527965, -4.6251409 57.0518804, -4.6211605 57.0509993, -4.617738 57.0508359, -4.6149807 57.0506608, -4.6115367 57.0504916, -4.608951 57.0503691, -4.6067194 57.0502465, -4.6044771 57.0501006, -4.6014623 57.0497272, -4.5983939 57.0492603, -4.5947568 57.0486767, -4.5916884 57.0483324, -4.5847039 57.0480815, -4.5809595 57.0478714, -4.5780305 57.0462432, -4.5743827 57.0441538, -4.5713679 57.0424145, -4.5661537 57.0393735, -4.5628492 57.0374472, -4.5581715 57.0347794, -4.5521526 57.0342306, -4.547935 57.0338824, -4.5421093 57.0333453, -4.5359724 57.0328433, -4.5289664 57.0325397, -4.5221644 57.0321252, -4.5150511 57.0317749, -4.5093863 57.0314713, -4.5045369 57.0312436, -4.4984322 57.0304437, -4.4925742 57.0296963, -4.4844203 57.0294628, -4.480207468101419 57.02933525831078, -4.47052941309277 57.02726384294216)",False
way/689626274-400,way/1177951352-400,400.0,1787.4764334110816,59367.89,Al/St 240/40 4-bundle 380.0,"LINESTRING (-4.47052941309277 57.02726384294216, -4.459953826159791 57.02715263323975, -4.4579523 57.0269054, -4.4516652 57.0261463, -4.4451957 57.0253404, -4.4389193 57.0245755, -4.4320421 57.0237755, -4.4277828 57.023244, -4.4241564 57.0218191, -4.4191783 57.019816, -4.4149296 57.0180814, -4.4135134 57.0146061, -4.4120221 57.0108735, -4.4104235 57.0069828, -4.4092112 57.0039389, -4.4082134 57.0014673, -4.4064431 56.9970204, -4.4044368 56.9922866, -4.4036107 56.9900832, -4.4020658 56.9862195, -4.4008534 56.9831914, -4.3996411 56.9801864, -4.3963795 56.9778419, -4.3920343 56.9779472, -4.3853502 56.9781109, -4.3801253 56.9782337, -4.3696218 56.9784792, -4.3661242 56.9785728, -4.3574338 56.9788008, -4.3509107 56.9789587, -4.3450313 56.979099, -4.3395488 56.9778595, -4.3321567 56.9761814, -4.3256872 56.9746845, -4.3206446 56.9735326, -4.3145828 56.9721701, -4.3083065 56.9708894, -4.301558 56.969521, -4.2960541 56.9684215, -4.2839413 56.9660295, -4.2808406 56.9653452, -4.2751007 56.9658774, -4.2691784 56.9664155, -4.260488 56.9672167, -4.2548983 56.9676788, -4.2486971 56.966357, -4.2442017 56.962409, -4.2414121 56.9599581, -4.2374103 56.956413, -4.2343418 56.9536633, -4.2319922 56.9515629, -4.227175 56.947233, -4.2226259 56.9432653, -4.2242567 56.9406317, -4.2259948 56.9376702, -4.2281942 56.9342518, -4.2302756 56.9307746, -4.2322712 56.9275136, -4.2343096 56.9241821, -4.2341809 56.9212485, -4.2339556 56.9179868, -4.2337625 56.9148711, -4.2336337 56.9117728, -4.2341273 56.9091897, -4.2347817 56.9064189, -4.2369704 56.9035132, -4.2393415 56.9003671, -4.2417662 56.8970508, -4.2438798 56.8942088, -4.2464225 56.890722, -4.2459933 56.8864025, -4.2489009 56.8830967, -4.2511217 56.8806582, -4.2536108 56.8779263, -4.2557566 56.8754288, -4.2557888 56.8733299, -4.255778 56.8711721, -4.2549197 56.8685569, -4.2536752 56.8669501, -4.2518942 56.8645164, -4.2499094 56.8624755, -4.2477207 56.860147, -4.2456071 56.8579709, -4.2437403 56.8560293, -4.2420129 56.8532781, -4.239835 56.8498813, -4.2381077 56.8470475, -4.235286 56.8435152, -4.2322604 56.8413675, -4.2291491 56.8391786, -4.2256729 56.8367607, -4.2226045 56.8345832, -4.2189674 56.8320711, -4.2138498 56.8299462, -4.209644 56.8281969, -4.2057066 56.8271109, -4.2010932 56.8258428, -4.1961579 56.8244808, -4.1922204 56.823377, -4.1878431 56.8221148, -4.1785304 56.8195607, -4.1741101 56.818997, -4.1682415 56.8189735, -4.1616325 56.8189852, -4.1565792 56.8189676, -4.1524701 56.8189676, -4.1456036 56.8187915, -4.140722 56.8186271, -4.1347782 56.8184509, -4.1308837 56.8174468, -4.124897 56.8159142, -4.1188137 56.8143522, -4.1133742 56.8129134, -4.1075699 56.8114099, -4.1038577 56.8079095, -4.0996413 56.8039506, -4.0969698 56.8013306, -4.0934508 56.7980114, -4.091938 56.7950973, -4.090157 56.7915601, -4.0888159 56.7889921, -4.0871422 56.7857423, -4.0858333 56.7831505, -4.0842991 56.7800413, -4.0854792 56.776873, -4.0867023 56.7738337, -4.0878825 56.7709354, -4.089406 56.7669667, -4.0904896 56.7642442, -4.0915196 56.761592, -4.0938155 56.7560343, -4.094985 56.7530405, -4.0964763 56.7492993, -4.0975384 56.746705, -4.0984289 56.7441634, -4.0957145 56.7401918, -4.0939014 56.7373791, -4.0892343 56.7342367, -4.0847604 56.7311587, -4.0801363 56.7291046, -4.0759628 56.7272564, -4.0712421 56.7251079, -4.0669291 56.7232419, -4.0620796 56.7215406, -4.0562968 56.71948, -4.0509002 56.7175254, -4.0457396 56.7156354, -4.0408044 56.7138926, -4.0373604 56.7119494, -4.0325365 56.7091425, -4.0295068 56.7064977, -4.0276051 56.7066236, -4.0229487 56.7040278, -4.0180081 56.7019811, -4.0129817 56.6999066, -4.0090871 56.6982926, -4.0067321 56.6944119, -4.0055037 56.6922321, -4.0085131 56.6893849, -4.0099293 56.6879973, -4.0098274 56.684836, -4.009626705900439 56.68227592349405, -4.00664522736321 56.677062219814815)",False
way/1177951352-400,GB9-400,400.0,1787.4764334110816,86929.92,Al/St 240/40 4-bundle 380.0,"LINESTRING (-4.00664522736321 56.677062219814815, -4.008841166514597 56.671463791666135, -4.0088377 56.6714156, -4.0073794 56.6697166, -4.003787 56.6655131, -4.0017486 56.6632491, -3.9987552 56.6596759, -4.0008473 56.65612, -4.0025747 56.6533895, -4.0043128 56.6505231, -4.0073276 56.6457866, -4.0094519 56.6422943, -4.0081751 56.6394743, -4.0069091 56.6363236, -4.0053856 56.6328423, -4.0039051 56.629514, -3.9985299 56.6273895, -3.9934337 56.6255304, -3.9878547 56.6233761, -3.9809668 56.620714, -3.9759243 56.6187306, -3.9747655 56.6159502, -3.9735532 56.6136123, -3.9688647 56.6105244, -3.9648843 56.6080445, -3.9620519 56.6071765, -3.9567533 56.6056417, -3.9484772 56.6046515, -3.9406759 56.6037065, -3.9326915 56.6026985, -3.9255645 56.6015524, -3.9195841 56.6005803, -3.9172239 56.599441, -3.916067 56.5967871, -3.9172054 56.5946277, -3.9192117 56.5910232, -3.9202201 56.5891564, -3.9216393 56.5865621, -3.9230821 56.5839351, -3.9243903 56.5814446, -3.9214555 56.5791996, -3.916765 56.5756621, -3.9138605 56.5734114, -3.9102599 56.5706806, -3.907037 56.5682357, -3.9048821 56.5665988, -3.9009082 56.5653231, -3.8950932 56.5635319, -3.8919711 56.5625682, -3.8881624 56.561374, -3.8864458 56.5586189, -3.8842678 56.5553196, -3.8824117 56.5523748, -3.8808775 56.5499621, -3.8800192 56.5473362, -3.879236 56.5447516, -3.8782704 56.5416641, -3.8774443 56.5393216, -3.8730455 56.536908, -3.8686896 56.5345001, -3.8647199 56.5323288, -3.8605678 56.5300745, -3.8556862 56.5274118, -3.8520089 56.5254443, -3.8484335 56.5234529, -3.8439274 56.5209732, -3.8400892 56.5189446, -3.8349045 56.517641, -3.8334125 56.5172995, -3.8295508 56.5164158, -3.8241113 56.5150662, -3.8182211 56.5136574, -3.8134575 56.5097444, -3.8106895 56.5075124, -3.8059795 56.5035396, -3.8019562 56.5002592, -3.7987054 56.4975825, -3.7952936 56.4947516, -3.7903583 56.4905405, -3.7900365 56.4873093, -3.7897897 56.4839742, -3.789618 56.4806151, -3.7893927 56.4770245, -3.7891031 56.4734218, -3.7854445 56.4706603, -3.7820006 56.4681001, -3.7785781 56.4655456, -3.7748015 56.4627776, -3.7709016 56.4599975, -3.767978 56.4579435, -3.7640727 56.4550119, -3.7605107 56.4524209, -3.7552321 56.4484127, -3.7561977 56.4441371, -3.756879 56.4420689, -3.758719 56.4370482, -3.7604356 56.43254, -3.7625706 56.4291407, -3.7657786 56.4241451, -3.7679887 56.4205997, -3.7701023 56.4172586, -3.7720764 56.4140123, -3.7748552 56.4096082, -3.7769044 56.4062306, -3.7796617 56.4018732, -3.7819469 56.3982811, -3.7844575 56.3942197, -3.7870968 56.3900212, -3.7915385 56.3872417, -3.7975252 56.3835176, -3.8017845 56.3808208, -3.8049066 56.3771258, -3.8078356 56.3736147, -3.8111615 56.3694614, -3.8141442 56.3658307, -3.8175452 56.3616885, -3.8212359 56.3574329, -3.8217532 56.3567832, -3.8242507 56.3536464, -3.8276196 56.3495327, -3.8263643 56.3464113, -3.8238001 56.3431352, -3.820839 56.33927, -3.8177705 56.335006, -3.8191974 56.3308247, -3.8211179 56.3260482, -3.8224375 56.3224906, -3.8283706 56.3199918, -3.8342929 56.3175464, -3.8396251 56.315327, -3.844657 56.3132264, -3.8507831 56.3106794, -3.8586581 56.3090368, -3.8659322 56.3075489, -3.8722515 56.3061919, -3.879 56.3048051, -3.886199 56.3033349, -3.8923466 56.3012992, -3.8980866 56.2994419, -3.9031184 56.2977989, -3.9083326 56.2961141, -3.9145339 56.294072, -3.9192546 56.2925359, -3.923707 56.2910652, -3.9284814 56.2853904, -3.9311314 56.2821329, -3.9338351 56.2789941, -3.9364743 56.2758134, -3.9389742 56.2727278, -3.9415598 56.2695942, -3.9440489 56.2666809, -3.9478925 56.2620863, -3.9521116 56.2601995, -3.9561618 56.2583737, -3.9599061 56.2566604, -3.9607859 56.2527984, -3.9618373 56.2488168, -3.9625454 56.2457647, -3.9636612 56.2411385, -3.9645517 56.2373822, -3.9600134 56.2344306, -3.9549065 56.2322541, -3.9497674 56.2299641, -3.9443708 56.2276083, -3.9393604 56.2235346, -3.935895 56.2206476, -3.9315713 56.2171578, -3.9262283 56.2140972, -3.9209175 56.2110782, -3.9162505 56.2082917, -3.9108324 56.2051767, -3.9054036 56.2020615, -3.9012838 56.1996264, -3.9019597 56.1965824, -3.9023539 56.1946849, -3.9030648 56.1919144, -3.9037547 56.1889921, -3.9044774 56.1861646, -3.905086 56.1832948, -3.905747 56.1803644, -3.906498 56.177486, -3.9070451 56.1750494, -3.9084292 56.172308, -3.9093733 56.1704385, -3.91065 56.1679447, -3.9117712 56.1655612, -3.9132786 56.1626997, -3.9143354 56.1605176, -3.9123935 56.1587461, -3.9082146 56.1552432, -3.9064229 56.1534296, -3.9021421 56.1494392, -3.9020992 56.1453183, -3.9002002 56.1422162, -3.8985694 56.1395322, -3.8969064 56.1367524, -3.8951576 56.1338887, -3.8933552 56.1307737, -3.8912738 56.1274492, -3.889423 56.1243396, -3.8877279 56.1215109, -3.886022 56.11867, -3.8843376 56.1159485, -3.8841981 56.1122817, -3.8857323 56.1100159, -3.8876206 56.107246, -3.8872451 56.1039852, -3.8866979 56.1008842, -3.8840801 56.09938, -3.8797242 56.097088, -3.8754326 56.0948618, -3.8718707 56.0929825, -3.8675362 56.0937127, -3.8634485 56.0944428, -3.8582236 56.0937905, -3.8530201 56.0930962, -3.8495654 56.09075, -3.8459283 56.0882959, -3.8425058 56.0859135, -3.8430315 56.0824713, -3.8437075 56.0804478, -3.8448447 56.077532, -3.8463789 56.0734244, -3.8476342 56.0699272, -3.8486213 56.06737, -3.8520652 56.0643574, -3.8560134 56.0609911, -3.857698643426989 56.05954064714826, -3.86213401458055 56.05490559136192)",False
GB9-400,way/422486984-400,400.0,1787.4764334110816,2771.07,Al/St 240/40 4-bundle 380.0,"LINESTRING (-3.889260662734327 56.039312347274276, -3.8869242527603056 56.04519151719056, -3.8859262 56.0474124, -3.88447 56.0506527, -3.8786473 56.0517744, -3.8734127 56.0527827, -3.870140595007399 56.05344021403793, -3.86213401458055 56.05490559136192)",False
way/495512689-400,GB9-400,400.0,1787.4764334110816,27725.86,Al/St 240/40 4-bundle 380.0,"LINESTRING (-3.9472052228605237 56.2620525373992, -3.9547020876930996 56.259031727438135, -3.9561618 56.2583737, -3.9599061 56.2566604, -3.9607859 56.2527984, -3.9618373 56.2488168, -3.9625454 56.2457647, -3.9636612 56.2411385, -3.9645517 56.2373822, -3.9600134 56.2344306, -3.9549065 56.2322541, -3.9497674 56.2299641, -3.9443708 56.2276083, -3.9393604 56.2235346, -3.935895 56.2206476, -3.9315713 56.2171578, -3.9262283 56.2140972, -3.9209175 56.2110782, -3.9162505 56.2082917, -3.9108324 56.2051767, -3.9054036 56.2020615, -3.9012838 56.1996264, -3.9019597 56.1965824, -3.9023539 56.1946849, -3.9030648 56.1919144, -3.9037547 56.1889921, -3.9044774 56.1861646, -3.905086 56.1832948, -3.905747 56.1803644, -3.906498 56.177486, -3.9070451 56.1750494, -3.9084292 56.172308, -3.9093733 56.1704385, -3.91065 56.1679447, -3.9117712 56.1655612, -3.9132786 56.1626997, -3.9143354 56.1605176, -3.9123935 56.1587461, -3.9082146 56.1552432, -3.9064229 56.1534296, -3.9021421 56.1494392, -3.9020992 56.1453183, -3.9002002 56.1422162, -3.8985694 56.1395322, -3.8969064 56.1367524, -3.8951576 56.1338887, -3.8933552 56.1307737, -3.8912738 56.1274492, -3.889423 56.1243396, -3.8877279 56.1215109, -3.886022 56.11867, -3.8843376 56.1159485, -3.8841981 56.1122817, -3.8857323 56.1100159, -3.8876206 56.107246, -3.8872451 56.1039852, -3.8866979 56.1008842, -3.8840801 56.09938, -3.8797242 56.097088, -3.8754326 56.0948618, -3.8718707 56.0929825, -3.8675362 56.0937127, -3.8634485 56.0944428, -3.8582236 56.0937905, -3.8530201 56.0930962, -3.8495654 56.09075, -3.8459283 56.0882959, -3.8425058 56.0859135, -3.8430315 56.0824713, -3.8437075 56.0804478, -3.8448447 56.077532, -3.8463789 56.0734244, -3.8476342 56.0699272, -3.8486213 56.06737, -3.8520652 56.0643574, -3.8560134 56.0609911, -3.857698643426989 56.05954064714826, -3.86213401458055 56.05490559136192)",False
GB9-400,way/422486984-400,400.0,1787.4764334110816,2771.07,Al/St 240/40 4-bundle 380.0,"LINESTRING (-3.889260662734327 56.039312347274276, -3.8869242527603056 56.04519151719056, -3.8859262 56.0474124, -3.88447 56.0506527, -3.8786473 56.0517744, -3.8734127 56.0527827, -3.870140595007399 56.05344021403793, -3.86213401458055 56.05490559136192)",False
way/495512692-400,way/1177951352-400,400.0,1787.4764334110816,4033.56,Al/St 240/40 4-bundle 380.0,"LINESTRING (-4.028475775209555 56.706994375475674, -4.021908361744185 56.70359682799089, -4.0180081 56.7019811, -4.0129817 56.6999066, -4.0090871 56.6982926, -4.0067321 56.6944119, -4.0055037 56.6922321, -4.0085131 56.6893849, -4.0099293 56.6879973, -4.0098274 56.684836, -4.009626705900439 56.68227592349405, -4.00664522736321 56.677062219814815)",False
way/1177951352-400,way/495512689-400,400.0,1787.4764334110816,59222.4,Al/St 240/40 4-bundle 380.0,"LINESTRING (-4.00664522736321 56.677062219814815, -4.008841166514597 56.671463791666135, -4.0088377 56.6714156, -4.0073794 56.6697166, -4.003787 56.6655131, -4.0017486 56.6632491, -3.9987552 56.6596759, -4.0008473 56.65612, -4.0025747 56.6533895, -4.0043128 56.6505231, -4.0073276 56.6457866, -4.0094519 56.6422943, -4.0081751 56.6394743, -4.0069091 56.6363236, -4.0053856 56.6328423, -4.0039051 56.629514, -3.9985299 56.6273895, -3.9934337 56.6255304, -3.9878547 56.6233761, -3.9809668 56.620714, -3.9759243 56.6187306, -3.9747655 56.6159502, -3.9735532 56.6136123, -3.9688647 56.6105244, -3.9648843 56.6080445, -3.9620519 56.6071765, -3.9567533 56.6056417, -3.9484772 56.6046515, -3.9406759 56.6037065, -3.9326915 56.6026985, -3.9255645 56.6015524, -3.9195841 56.6005803, -3.9172239 56.599441, -3.916067 56.5967871, -3.9172054 56.5946277, -3.9192117 56.5910232, -3.9202201 56.5891564, -3.9216393 56.5865621, -3.9230821 56.5839351, -3.9243903 56.5814446, -3.9214555 56.5791996, -3.916765 56.5756621, -3.9138605 56.5734114, -3.9102599 56.5706806, -3.907037 56.5682357, -3.9048821 56.5665988, -3.9009082 56.5653231, -3.8950932 56.5635319, -3.8919711 56.5625682, -3.8881624 56.561374, -3.8864458 56.5586189, -3.8842678 56.5553196, -3.8824117 56.5523748, -3.8808775 56.5499621, -3.8800192 56.5473362, -3.879236 56.5447516, -3.8782704 56.5416641, -3.8774443 56.5393216, -3.8730455 56.536908, -3.8686896 56.5345001, -3.8647199 56.5323288, -3.8605678 56.5300745, -3.8556862 56.5274118, -3.8520089 56.5254443, -3.8484335 56.5234529, -3.8439274 56.5209732, -3.8400892 56.5189446, -3.8349045 56.517641, -3.8334125 56.5172995, -3.8295508 56.5164158, -3.8241113 56.5150662, -3.8182211 56.5136574, -3.8134575 56.5097444, -3.8106895 56.5075124, -3.8059795 56.5035396, -3.8019562 56.5002592, -3.7987054 56.4975825, -3.7952936 56.4947516, -3.7903583 56.4905405, -3.7900365 56.4873093, -3.7897897 56.4839742, -3.789618 56.4806151, -3.7893927 56.4770245, -3.7891031 56.4734218, -3.7854445 56.4706603, -3.7820006 56.4681001, -3.7785781 56.4655456, -3.7748015 56.4627776, -3.7709016 56.4599975, -3.767978 56.4579435, -3.7640727 56.4550119, -3.7605107 56.4524209, -3.7552321 56.4484127, -3.7561977 56.4441371, -3.756879 56.4420689, -3.758719 56.4370482, -3.7604356 56.43254, -3.7625706 56.4291407, -3.7657786 56.4241451, -3.7679887 56.4205997, -3.7701023 56.4172586, -3.7720764 56.4140123, -3.7748552 56.4096082, -3.7769044 56.4062306, -3.7796617 56.4018732, -3.7819469 56.3982811, -3.7844575 56.3942197, -3.7870968 56.3900212, -3.7915385 56.3872417, -3.7975252 56.3835176, -3.8017845 56.3808208, -3.8049066 56.3771258, -3.8078356 56.3736147, -3.8111615 56.3694614, -3.8141442 56.3658307, -3.8175452 56.3616885, -3.8212359 56.3574329, -3.8217532 56.3567832, -3.8242507 56.3536464, -3.8276196 56.3495327, -3.8263643 56.3464113, -3.8238001 56.3431352, -3.820839 56.33927, -3.8177705 56.335006, -3.8191974 56.3308247, -3.8211179 56.3260482, -3.8224375 56.3224906, -3.8283706 56.3199918, -3.8342929 56.3175464, -3.8396251 56.315327, -3.844657 56.3132264, -3.8507831 56.3106794, -3.8586581 56.3090368, -3.8659322 56.3075489, -3.8722515 56.3061919, -3.879 56.3048051, -3.886199 56.3033349, -3.8923466 56.3012992, -3.8980866 56.2994419, -3.9031184 56.2977989, -3.9083326 56.2961141, -3.9145339 56.294072, -3.9192546 56.2925359, -3.923707 56.2910652, -3.9284814 56.2853904, -3.9311314 56.2821329, -3.9338351 56.2789941, -3.9364743 56.2758134, -3.9389742 56.2727278, -3.9415598 56.2695942, -3.9440489 56.2666809, -3.94412800974935 56.266586333017386, -3.9472052228605237 56.2620525373992)",False
relation/19169705-400,GB19-400,400.0,1787.4764334110816,1869.93,Al/St 240/40 4-bundle 380.0,"LINESTRING (-2.9167012300122908 54.02987178961289, -2.9102236990844874 54.032503145505196, -2.9087056 54.0329061, -2.9048188 54.0339728, -2.9014409 54.0335213, -2.900988697342859 54.033454716373924, -2.89026568849227 54.032581944555325)",False
relation/19169705-400,GB19-400,400.0,1787.4764334110816,1869.93,Al/St 240/40 4-bundle 380.0,"LINESTRING (-2.9167012300122908 54.02987178961289, -2.9102236990844874 54.032503145505196, -2.9087056 54.0329061, -2.9048188 54.0339728, -2.9014409 54.0335213, -2.900988697342859 54.033454716373924, -2.89026568849227 54.032581944555325)",False
relation/19169705-400,GB19-400,400.0,1787.4764334110816,1839.45,Al/St 240/40 4-bundle 380.0,"LINESTRING (-2.9167012300122908 54.02987178961289, -2.9094875088118046 54.03209560366932, -2.9083783 54.0324207, -2.904865 54.0335495, -2.9016278 54.0330992, -2.901038140715101 54.03301417475994, -2.89026568849227 54.032581944555325)",False
GB19-400,relation/19169705-400,400.0,1787.4764334110816,1839.45,Al/St 240/40 4-bundle 380.0,"LINESTRING (-2.9167012300122908 54.02987178961289, -2.9094875088118046 54.03209560366932, -2.9083783 54.0324207, -2.904865 54.0335495, -2.9016278 54.0330992, -2.901038140715101 54.03301417475994, -2.89026568849227 54.032581944555325)",False
way/26678829-400,way/34205588-400,400.0,1787.4764334110816,36323.93,Al/St 240/40 4-bundle 380.0,"LINESTRING (-3.405315842410283 50.76755870285833, -3.3959923834917514 50.76923427383473, -3.3921727 50.7692525, -3.3879391 50.7692968, -3.3833549 50.7712756, -3.3788465 50.7732254, -3.3749867 50.7749045, -3.3698457 50.7771405, -3.3675824 50.7781727, -3.3644092 50.7797872, -3.3602209 50.7819882, -3.3560375 50.7841475, -3.352044 50.786154, -3.3490741 50.7876591, -3.3449726 50.7897962, -3.341829 50.7913899, -3.3374597 50.7929971, -3.3323864 50.7948451, -3.3280678 50.7963905, -3.3235696 50.7980225, -3.3183335 50.7999502, -3.3146501 50.799978, -3.310497 50.7999941, -3.304747 50.7999807, -3.2991923 50.7999913, -3.2941917 50.7999769, -3.2890716 50.8000151, -3.2838713 50.799998, -3.2793292 50.799992, -3.2749375 50.8000229, -3.2687175 50.8000316, -3.2652726 50.8001361, -3.2596911 50.8002967, -3.2542822 50.8004708, -3.2516721 50.8005764, -3.2472202 50.8007043, -3.2471428 50.8007066, -3.246741 50.8007181, -3.2416012 50.8004239, -3.2363276 50.8001164, -3.2315909 50.7998315, -3.2265433 50.7995217, -3.2211477 50.7992157, -3.2162888 50.8002571, -3.2126304 50.8010453, -3.2078135 50.8020904, -3.2051442 50.8026683, -3.2042832 50.8028547, -3.1998417 50.8047823, -3.1946518 50.8049524, -3.1893654 50.8051272, -3.184911 50.8052693, -3.1809413 50.8054036, -3.1769274 50.8055103, -3.1724856 50.8048517, -3.1683964 50.8042387, -3.1624983 50.8034117, -3.1586623 50.8028296, -3.1544913 50.8021503, -3.1491294 50.8012583, -3.1439892 50.8004772, -3.1386525 50.7996304, -3.133727 50.7988488, -3.129595 50.7982193, -3.1252822 50.7987858, -3.1202838 50.7996119, -3.115497 50.8003552, -3.1093894 50.8007262, -3.1061648 50.8009039, -3.103687 50.8010723, -3.0989631 50.8013246, -3.0949773 50.8015995, -3.0882128 50.8019897, -3.0837097 50.8022842, -3.0796943 50.8031832, -3.0747649 50.8042519, -3.0704809 50.8052043, -3.0656719 50.8049038, -3.0618246 50.8046653, -3.0596727 50.8045161, -3.0542484 50.8041554, -3.0504687 50.8023485, -3.047989 50.8011552, -3.0455158 50.8008851, -3.0411939 50.8003882, -3.0335906 50.7996497, -3.0308416 50.7993351, -3.0281784 50.7989468, -3.0200345 50.8010995, -3.0176205 50.8017308, -3.0148141 50.8024497, -3.0104928 50.8024484, -3.0041636 50.8023331, -3.0004782 50.802293, -2.9970604 50.8004826, -2.9947197 50.799247, -2.9924006 50.7979956, -2.9874857 50.7973628, -2.9824031 50.7967583, -2.9772131 50.7983459, -2.9736377 50.7993945, -2.9681512 50.8009812, -2.9638217 50.8007721, -2.9599456 50.7982675, -2.9555575 50.795694, -2.9529182 50.7941308, -2.9496888 50.792225, -2.9456067 50.790321, -2.9412567 50.7884791, -2.9364165 50.7882859, -2.9328804 50.7881662, -2.9327275611240062 50.788159162052665, -2.9243997984647025 50.78678954757501)",False
way/1386143667-400,way/1389837644-400,400.0,1787.4764334110816,31718.55,Al/St 240/40 4-bundle 380.0,"LINESTRING (1.0613490103371839 52.07137081677381, 1.0561562142623018 52.07947528616535, 1.0547208 52.0810803, 1.0554064 52.0841558, 1.0560193 52.0874096, 1.0568898 52.0908037, 1.0573447 52.093124, 1.057832 52.0962966, 1.0582027 52.0987881, 1.0584859 52.1006724, 1.0588131 52.1026383, 1.0591762 52.1055652, 1.0573668 52.1080681, 1.0551782 52.1109516, 1.0526884 52.1141031, 1.0509021 52.1165306, 1.0504919 52.1186153, 1.0499082 52.1224043, 1.0492816 52.1257084, 1.0488078 52.1282634, 1.0484 52.130665, 1.048167 52.132231, 1.050664 52.133565, 1.053725 52.135139, 1.056978 52.136826, 1.06058 52.138681, 1.063536 52.140202, 1.067983 52.142505, 1.07206 52.144602, 1.075512 52.146413, 1.076456 52.149524, 1.077433 52.152896, 1.078304 52.155975, 1.079147 52.158815, 1.079903 52.161466, 1.080579 52.164162, 1.081156 52.166433, 1.081904 52.169392, 1.082682 52.172441, 1.083497 52.175651, 1.084101 52.178109, 1.084921 52.181301, 1.085659 52.184207, 1.08615 52.186093, 1.086914 52.189035, 1.086745 52.191367, 1.086603 52.193705, 1.085393 52.196059, 1.084047 52.198685, 1.082907 52.201019, 1.085589 52.202332, 1.088518 52.203744, 1.088778 52.206323, 1.08906 52.209617, 1.089272 52.212059, 1.089535 52.215063, 1.089741 52.217573, 1.089975 52.220782, 1.08766 52.223427, 1.085621 52.225719, 1.083811 52.22774, 1.081198 52.230655, 1.078734 52.233419, 1.076204 52.23626, 1.073849 52.238898, 1.071272 52.241716, 1.068815 52.244513, 1.066556 52.247057, 1.064158 52.249773, 1.06661 52.252576, 1.069086 52.255364, 1.071473 52.258053, 1.074034 52.260948, 1.076462 52.26367, 1.078701 52.266187, 1.081359 52.269161, 1.082365 52.272214, 1.083331 52.275147, 1.084307 52.278122, 1.085364 52.281284, 1.086372 52.28434, 1.087362 52.287346, 1.088526 52.290363, 1.089604 52.293203, 1.090428 52.296121, 1.091251 52.299009, 1.092013 52.301724, 1.092756 52.304355, 1.094044 52.307482, 1.0949336 52.3095806, 1.096301 52.3128974, 1.0974039 52.3155112, 1.0984828 52.3181126, 1.099373 52.320303, 1.0990639 52.3210258, 1.09804 52.32342, 1.096849 52.326302, 1.099504056941789 52.3286184112391, 1.1082458233728854 52.33187585069114)",False
way/1389837644-400,way/32227788-400,400.0,1787.4764334110816,30239.57,Al/St 240/40 4-bundle 380.0,"LINESTRING (1.1082458233728854 52.33187585069114, 1.1094218187013782 52.336573699743916, 1.1096767 52.3367659, 1.111011 52.337772, 1.114216 52.340186, 1.11721 52.342436, 1.120394 52.344838, 1.123473 52.34716, 1.125745 52.348864, 1.129918 52.350918, 1.133518 52.35267, 1.1365368 52.3542494, 1.140639 52.356184, 1.141865 52.358571, 1.14327 52.361363, 1.144389 52.363614, 1.143136 52.365578, 1.141637 52.367846, 1.1396518 52.3708809, 1.140317 52.374197, 1.1410305 52.3778152, 1.142642 52.380772, 1.141358 52.383371, 1.140325 52.385458, 1.139295 52.387509, 1.140164 52.390284, 1.142264 52.392477, 1.144759 52.395013, 1.147106 52.39744, 1.149504 52.399841, 1.151808 52.402286, 1.154329 52.404861, 1.156483 52.407106, 1.158835 52.409886, 1.161278 52.412785, 1.163762 52.415737, 1.166447 52.418907, 1.169086 52.42213, 1.170393 52.42519, 1.171474 52.427686, 1.172689 52.430625, 1.173525 52.432654, 1.174706 52.435539, 1.17613 52.438892, 1.177264 52.441523, 1.178565 52.444568, 1.179813 52.447571, 1.182801 52.450054, 1.185386 52.452154, 1.188111 52.454368, 1.191292 52.456937, 1.194085 52.459219, 1.196965 52.461613, 1.19759 52.464628, 1.198014 52.467063, 1.198561 52.470033, 1.199012 52.472602, 1.199621 52.476013, 1.200189 52.479297, 1.202858 52.48234, 1.204154 52.483807, 1.205087 52.48633, 1.20624 52.48938, 1.20738 52.492417, 1.208695 52.495914, 1.209668 52.49851, 1.210591 52.500953, 1.211573 52.503534, 1.212495 52.506024, 1.213474 52.508631, 1.216266 52.510987, 1.218503 52.512862, 1.220577 52.514596, 1.223554 52.517088, 1.226298 52.519385, 1.228302 52.521064, 1.231027 52.523334, 1.233832 52.525684, 1.235957 52.527466, 1.238464 52.529547, 1.241656 52.532228, 1.244465 52.5346, 1.245811 52.536426, 1.24819 52.539692, 1.2498801 52.5419738, 1.251505 52.544205, 1.253327 52.546681, 1.255448 52.549601, 1.257497 52.552401, 1.259353 52.554929, 1.260732 52.556752, 1.262666 52.559399, 1.264447 52.561845, 1.266609 52.564801, 1.268476 52.567307, 1.2694656883120856 52.568876199445114, 1.2722610780283699 52.574025970583534)",False
way/1386143667-400,way/1389837644-400,400.0,1787.4764334110816,31718.55,Al/St 240/40 4-bundle 380.0,"LINESTRING (1.0613490103371839 52.07137081677381, 1.0561562142623018 52.07947528616535, 1.0547208 52.0810803, 1.0554064 52.0841558, 1.0560193 52.0874096, 1.0568898 52.0908037, 1.0573447 52.093124, 1.057832 52.0962966, 1.0582027 52.0987881, 1.0584859 52.1006724, 1.0588131 52.1026383, 1.0591762 52.1055652, 1.0573668 52.1080681, 1.0551782 52.1109516, 1.0526884 52.1141031, 1.0509021 52.1165306, 1.0504919 52.1186153, 1.0499082 52.1224043, 1.0492816 52.1257084, 1.0488078 52.1282634, 1.0484 52.130665, 1.048167 52.132231, 1.050664 52.133565, 1.053725 52.135139, 1.056978 52.136826, 1.06058 52.138681, 1.063536 52.140202, 1.067983 52.142505, 1.07206 52.144602, 1.075512 52.146413, 1.076456 52.149524, 1.077433 52.152896, 1.078304 52.155975, 1.079147 52.158815, 1.079903 52.161466, 1.080579 52.164162, 1.081156 52.166433, 1.081904 52.169392, 1.082682 52.172441, 1.083497 52.175651, 1.084101 52.178109, 1.084921 52.181301, 1.085659 52.184207, 1.08615 52.186093, 1.086914 52.189035, 1.086745 52.191367, 1.086603 52.193705, 1.085393 52.196059, 1.084047 52.198685, 1.082907 52.201019, 1.085589 52.202332, 1.088518 52.203744, 1.088778 52.206323, 1.08906 52.209617, 1.089272 52.212059, 1.089535 52.215063, 1.089741 52.217573, 1.089975 52.220782, 1.08766 52.223427, 1.085621 52.225719, 1.083811 52.22774, 1.081198 52.230655, 1.078734 52.233419, 1.076204 52.23626, 1.073849 52.238898, 1.071272 52.241716, 1.068815 52.244513, 1.066556 52.247057, 1.064158 52.249773, 1.06661 52.252576, 1.069086 52.255364, 1.071473 52.258053, 1.074034 52.260948, 1.076462 52.26367, 1.078701 52.266187, 1.081359 52.269161, 1.082365 52.272214, 1.083331 52.275147, 1.084307 52.278122, 1.085364 52.281284, 1.086372 52.28434, 1.087362 52.287346, 1.088526 52.290363, 1.089604 52.293203, 1.090428 52.296121, 1.091251 52.299009, 1.092013 52.301724, 1.092756 52.304355, 1.094044 52.307482, 1.0949336 52.3095806, 1.096301 52.3128974, 1.0974039 52.3155112, 1.0984828 52.3181126, 1.099373 52.320303, 1.0990639 52.3210258, 1.09804 52.32342, 1.096849 52.326302, 1.099504056941789 52.3286184112391, 1.1082458233728854 52.33187585069114)",False
way/1389837644-400,way/32227788-400,400.0,1787.4764334110816,30239.57,Al/St 240/40 4-bundle 380.0,"LINESTRING (1.1082458233728854 52.33187585069114, 1.1094218187013782 52.336573699743916, 1.1096767 52.3367659, 1.111011 52.337772, 1.114216 52.340186, 1.11721 52.342436, 1.120394 52.344838, 1.123473 52.34716, 1.125745 52.348864, 1.129918 52.350918, 1.133518 52.35267, 1.1365368 52.3542494, 1.140639 52.356184, 1.141865 52.358571, 1.14327 52.361363, 1.144389 52.363614, 1.143136 52.365578, 1.141637 52.367846, 1.1396518 52.3708809, 1.140317 52.374197, 1.1410305 52.3778152, 1.142642 52.380772, 1.141358 52.383371, 1.140325 52.385458, 1.139295 52.387509, 1.140164 52.390284, 1.142264 52.392477, 1.144759 52.395013, 1.147106 52.39744, 1.149504 52.399841, 1.151808 52.402286, 1.154329 52.404861, 1.156483 52.407106, 1.158835 52.409886, 1.161278 52.412785, 1.163762 52.415737, 1.166447 52.418907, 1.169086 52.42213, 1.170393 52.42519, 1.171474 52.427686, 1.172689 52.430625, 1.173525 52.432654, 1.174706 52.435539, 1.17613 52.438892, 1.177264 52.441523, 1.178565 52.444568, 1.179813 52.447571, 1.182801 52.450054, 1.185386 52.452154, 1.188111 52.454368, 1.191292 52.456937, 1.194085 52.459219, 1.196965 52.461613, 1.19759 52.464628, 1.198014 52.467063, 1.198561 52.470033, 1.199012 52.472602, 1.199621 52.476013, 1.200189 52.479297, 1.202858 52.48234, 1.204154 52.483807, 1.205087 52.48633, 1.20624 52.48938, 1.20738 52.492417, 1.208695 52.495914, 1.209668 52.49851, 1.210591 52.500953, 1.211573 52.503534, 1.212495 52.506024, 1.213474 52.508631, 1.216266 52.510987, 1.218503 52.512862, 1.220577 52.514596, 1.223554 52.517088, 1.226298 52.519385, 1.228302 52.521064, 1.231027 52.523334, 1.233832 52.525684, 1.235957 52.527466, 1.238464 52.529547, 1.241656 52.532228, 1.244465 52.5346, 1.245811 52.536426, 1.24819 52.539692, 1.2498801 52.5419738, 1.251505 52.544205, 1.253327 52.546681, 1.255448 52.549601, 1.257497 52.552401, 1.259353 52.554929, 1.260732 52.556752, 1.262666 52.559399, 1.264447 52.561845, 1.266609 52.564801, 1.268476 52.567307, 1.2694656883120856 52.568876199445114, 1.2722610780283699 52.574025970583534)",False
way/1386143667-400,way/576238223-400,400.0,1787.4764334110816,42190.26,Al/St 240/40 4-bundle 380.0,"LINESTRING (1.0613490103371839 52.07137081677381, 1.0638118045112108 52.077327014064366, 1.0658931 52.0788682, 1.0691786 52.0813542, 1.0732192 52.0844044, 1.076351 52.0867295, 1.0827642 52.0864076, 1.0877371 52.0860868, 1.0942166 52.0857411, 1.0994604 52.0854467, 1.1046947 52.0851463, 1.1090283 52.086223, 1.1144599 52.0873762, 1.1189332 52.0883748, 1.1248231 52.0896098, 1.1296534 52.0907206, 1.1336594 52.0915946, 1.1356058 52.0920192, 1.1401505 52.0930999, 1.1445537 52.0941334, 1.1498494 52.0953357, 1.1543984 52.0962162, 1.1594024 52.0972708, 1.1640115 52.0982832, 1.1689038 52.0993377, 1.1743112 52.1004607, 1.1791551 52.1014374, 1.1840959 52.1024906, 1.188971 52.1034923, 1.190315 52.1037538, 1.1950135 52.1046679, 1.1999059 52.1055641, 1.2054677 52.1065868, 1.2110038 52.1075357, 1.2159047 52.1084213, 1.2205997 52.1100765, 1.2256379 52.1118055, 1.2299552 52.1134448, 1.2341706 52.1147939, 1.2382381 52.1162179, 1.2426175 52.1177581, 1.2465862 52.1191537, 1.2524666 52.1212476, 1.2563789 52.1226196, 1.2613302 52.1243504, 1.2656513 52.1258736, 1.2699482 52.1273704, 1.27498 52.1289034, 1.2799609 52.1304248, 1.2850302 52.1319709, 1.2903491 52.1335811, 1.2947372 52.1349179, 1.2990099 52.1351994, 1.3037279 52.1355024, 1.3086498 52.135853, 1.3138667 52.1362086, 1.3189575 52.1365379, 1.3250354 52.1369495, 1.3297749 52.1372771, 1.3355282 52.1376672, 1.3412493 52.1381512, 1.3470805 52.1386517, 1.352815 52.1391373, 1.3586649 52.139646, 1.3644183 52.1401398, 1.3681224 52.1415835, 1.3721484 52.143172, 1.3761395 52.1447209, 1.3803533 52.1463273, 1.3850927 52.1482053, 1.3896498 52.1504535, 1.393936 52.1525551, 1.3985065 52.1547833, 1.4027524 52.1568847, 1.4079961 52.1579197, 1.4131004 52.1589235, 1.417695 52.1598351, 1.4222091 52.1607137, 1.4275065 52.1617503, 1.4334235 52.1629053, 1.4385197 52.1639106, 1.4437526 52.1649356, 1.4497313 52.1660659, 1.4549106 52.1671007, 1.4608383 52.1682473, 1.4656958 52.1692114, 1.4691129 52.1710736, 1.4734286 52.1734555, 1.4772105 52.1755461, 1.4812928 52.1777568, 1.4848387 52.1797041, 1.4887092 52.181834, 1.4929712 52.1841528, 1.4962971 52.1859683, 1.4996365 52.1872263, 1.5041479 52.18892, 1.5090108 52.1907444, 1.5140694 52.1926419, 1.5189645 52.1945023, 1.5237468 52.1962911, 1.5282154 52.1979861, 1.5330487 52.1997879, 1.5378982 52.1991994, 1.5418303 52.1986947, 1.5469265 52.1980436, 1.5511429 52.1975184, 1.5560567 52.1969068, 1.5614533 52.1962163, 1.56744 52.19546, 1.5711361 52.1958735, 1.5747732 52.196245, 1.5800598 52.1968238, 1.5858883 52.1974501, 1.5916818 52.198074, 1.5975291 52.1987218, 1.6008335 52.2006649, 1.6041964066260619 52.20266478218894, 1.6078953986080617 52.20755655854745)",False
way/1386143667-400,way/576238223-400,400.0,1787.4764334110816,42190.26,Al/St 240/40 4-bundle 380.0,"LINESTRING (1.0613490103371839 52.07137081677381, 1.0638118045112108 52.077327014064366, 1.0658931 52.0788682, 1.0691786 52.0813542, 1.0732192 52.0844044, 1.076351 52.0867295, 1.0827642 52.0864076, 1.0877371 52.0860868, 1.0942166 52.0857411, 1.0994604 52.0854467, 1.1046947 52.0851463, 1.1090283 52.086223, 1.1144599 52.0873762, 1.1189332 52.0883748, 1.1248231 52.0896098, 1.1296534 52.0907206, 1.1336594 52.0915946, 1.1356058 52.0920192, 1.1401505 52.0930999, 1.1445537 52.0941334, 1.1498494 52.0953357, 1.1543984 52.0962162, 1.1594024 52.0972708, 1.1640115 52.0982832, 1.1689038 52.0993377, 1.1743112 52.1004607, 1.1791551 52.1014374, 1.1840959 52.1024906, 1.188971 52.1034923, 1.190315 52.1037538, 1.1950135 52.1046679, 1.1999059 52.1055641, 1.2054677 52.1065868, 1.2110038 52.1075357, 1.2159047 52.1084213, 1.2205997 52.1100765, 1.2256379 52.1118055, 1.2299552 52.1134448, 1.2341706 52.1147939, 1.2382381 52.1162179, 1.2426175 52.1177581, 1.2465862 52.1191537, 1.2524666 52.1212476, 1.2563789 52.1226196, 1.2613302 52.1243504, 1.2656513 52.1258736, 1.2699482 52.1273704, 1.27498 52.1289034, 1.2799609 52.1304248, 1.2850302 52.1319709, 1.2903491 52.1335811, 1.2947372 52.1349179, 1.2990099 52.1351994, 1.3037279 52.1355024, 1.3086498 52.135853, 1.3138667 52.1362086, 1.3189575 52.1365379, 1.3250354 52.1369495, 1.3297749 52.1372771, 1.3355282 52.1376672, 1.3412493 52.1381512, 1.3470805 52.1386517, 1.352815 52.1391373, 1.3586649 52.139646, 1.3644183 52.1401398, 1.3681224 52.1415835, 1.3721484 52.143172, 1.3761395 52.1447209, 1.3803533 52.1463273, 1.3850927 52.1482053, 1.3896498 52.1504535, 1.393936 52.1525551, 1.3985065 52.1547833, 1.4027524 52.1568847, 1.4079961 52.1579197, 1.4131004 52.1589235, 1.417695 52.1598351, 1.4222091 52.1607137, 1.4275065 52.1617503, 1.4334235 52.1629053, 1.4385197 52.1639106, 1.4437526 52.1649356, 1.4497313 52.1660659, 1.4549106 52.1671007, 1.4608383 52.1682473, 1.4656958 52.1692114, 1.4691129 52.1710736, 1.4734286 52.1734555, 1.4772105 52.1755461, 1.4812928 52.1777568, 1.4848387 52.1797041, 1.4887092 52.181834, 1.4929712 52.1841528, 1.4962971 52.1859683, 1.4996365 52.1872263, 1.5041479 52.18892, 1.5090108 52.1907444, 1.5140694 52.1926419, 1.5189645 52.1945023, 1.5237468 52.1962911, 1.5282154 52.1979861, 1.5330487 52.1997879, 1.5378982 52.1991994, 1.5418303 52.1986947, 1.5469265 52.1980436, 1.5511429 52.1975184, 1.5560567 52.1969068, 1.5614533 52.1962163, 1.56744 52.19546, 1.5711361 52.1958735, 1.5747732 52.196245, 1.5800598 52.1968238, 1.5858883 52.1974501, 1.5916818 52.198074, 1.5975291 52.1987218, 1.6008335 52.2006649, 1.6041964066260619 52.20266478218894, 1.6078953986080617 52.20755655854745)",False
GB10-525,GB17-525,525.0,2346.062818852044,192891.91,Al/St 240/40 4-bundle 380.0,"LINESTRING (-2.461615100000006 55.97272749610241, -2.456838511816582 55.96912076221055, -2.4506304 55.9679416, -2.4470837 55.9677157, -2.447521 55.9665351, -2.4441669 55.9638602, -2.439454 55.961756, -2.4385748 55.9604754, -2.4340284 55.9595135, -2.4332509 55.9558314, -2.4319664 55.9541038, -2.4304385 55.9529334, -2.4268835 55.9524009, -2.4251427 55.9509338, -2.4265629 55.9499237, -2.4269549 55.9482792, -2.4253663 55.9468383, -2.4211696 55.9455609, -2.4179518 55.9443509, -2.4112657 55.9446353, -2.4049457 55.9440326, -2.4042684 55.944753, -2.3992576 55.9453575, -2.3929978 55.94713, -2.3894489 55.9497888, -2.3799877 55.9540827, -2.377455 55.9552084, -2.3768476 55.9553147, -2.3752015 55.9554762, -2.3735638 55.9554293, -2.3720773 55.9552452, -2.370597 55.9549228, -2.3689283 55.9543365, -2.3670363 55.9538732, -2.3643658 55.9534015, -2.3627971 55.9532361, -2.3548404 55.9532256, -2.3476152 55.9533567, -2.3411892 55.9534962, -2.3182501 55.9546666, -2.2977201 55.9564315, -2.24767 55.9602043, -2.2334025 55.9612264, -2.2082782 55.9609079, -2.180828 55.9599216, -2.1301322 55.958686, -2.0982138 55.9578579, -2.0754221 55.9538261, -2.073723 55.9536433, -2.0701577 55.9536013, -2.0594976 55.953795, -2.0568807 55.9535416, -2.0529139 55.9530362, -2.0476105 55.9525498, -2.0272024 55.9503666, -2.0070899 55.9482271, -1.987643 55.946124, -1.9851846 55.9457485, -1.9509896 55.9385687, -1.949161 55.9379845, -1.9373916 55.932539, -1.9352095 55.9318798, -1.9155249 55.9267635, -1.9108158 55.9255485, -1.9094799 55.9250264, -1.9083497 55.9243829, -1.9074224 55.9236499, -1.9051612 55.9212983, -1.9015976 55.9168807, -1.8992414 55.913956, -1.8886399 55.9008904, -1.8729329 55.881427, -1.86584 55.872585, -1.8535057 55.8631695, -1.8315585 55.8367167, -1.8256572 55.8309611, -1.8197657 55.8240753, -1.817442 55.8193292, -1.8130052 55.8132565, -1.808695 55.8081921, -1.7969529 55.7943115, -1.7960292 55.793568, -1.7909092 55.7907534, -1.7693537 55.7814131, -1.7657418 55.7798705, -1.7524693 55.7735983, -1.7391938 55.7677167, -1.7342014 55.7661799, -1.7052796 55.7605639, -1.6974986 55.7582129, -1.6889994 55.7566147, -1.6715014 55.7555238, -1.6609417 55.7535838, -1.6570036 55.7524012, -1.5486064 55.7081102, -1.546084 55.7074346, -1.5229941 55.7020694, -1.4906618 55.6967134, -1.444655 55.6891327, -1.4418413 55.6883657, -1.4341909 55.6851526, -1.4117778 55.6753571, -1.4047607 55.6711107, -1.4032397 55.6695314, -1.4029154 55.6686962, -1.4027777 55.6677873, -1.4033252 55.6655065, -1.4042254 55.6635994, -1.4047293 55.6586324, -1.4064351 55.652687, -1.4076892 55.6276851, -1.4069135 55.6242824, -1.3970193 55.6027278, -1.3963311 55.5988613, -1.3974351 55.58828, -1.3932841 55.5640899, -1.3926368 55.5602058, -1.3921788 55.5593417, -1.3844869 55.5495127, -1.3811936 55.5439228, -1.3804893 55.5412498, -1.3789832 55.5386904, -1.3767283 55.5363095, -1.3742356 55.5320906, -1.3728879 55.5285097, -1.364275 55.5147451, -1.36201 55.510337, -1.3617818 55.5093875, -1.3629405 55.5030041, -1.3626941 55.5011897, -1.3615905 55.4968852, -1.3620901 55.479499, -1.3646038 55.4732071, -1.3648775 55.4713919, -1.3648946 55.4691134, -1.3664568 55.4655191, -1.3665403 55.4646171, -1.3656421 55.4605149, -1.3591609 55.445918, -1.3506747 55.4190226, -1.3471269 55.4124962, -1.3461667 55.41147, -1.3407328 55.4078809, -1.3033119 55.3683851, -1.293113 55.3479653, -1.2817784 55.3312607, -1.2801926 55.328017, -1.2786525 55.3222041, -1.2787599 55.3196758, -1.2804826 55.3115797, -1.2803336 55.310286, -1.2798065 55.3089497, -1.2784604 55.3071624, -1.2735145 55.3019791, -1.2613031 55.2848831, -1.2493397 55.2681161, -1.2224995 55.2306239, -1.2095326 55.2043993, -1.196257 55.1554258, -1.1930282 55.1406169, -1.1932161 55.1370247, -1.1810332 55.094466, -1.1738126 55.0664461, -1.1616249 55.0189911, -1.1609587 55.0127209, -1.1688394 54.943085, -1.1697464 54.9408788, -1.1767878 54.9313469, -1.2110367 54.8970625, -1.2304589 54.8785019, -1.2325553 54.8771161, -1.2349962 54.8760079, -1.2377112 54.8751384, -1.3198105 54.8549518, -1.3220153 54.8541651, -1.3243318 54.8535739, -1.3263881 54.8532062, -1.3388646 54.8524258, -1.3465066 54.8519268, -1.352821 54.8529372, -1.3546994 54.8535711, -1.3607108 54.8547924, -1.3626736 54.8562419, -1.363301 54.8565178, -1.3639069 54.8567247, -1.3647545 54.8567546, -1.3684119 54.8565125, -1.3710596 54.8549717, -1.3767746 54.8502513, -1.3771257 54.8500838, -1.3777935 54.8500748, -1.3799321 54.8499437, -1.3802652 54.8496792, -1.3848438 54.8455229, -1.3893114 54.8439729, -1.3899304 54.8433304, -1.3934943 54.8378306, -1.3939801 54.836114, -1.4018214 54.826217, -1.4073855 54.8243726, -1.4080309 54.8242423, -1.4084936 54.8237536, -1.4108003 54.8169373, -1.4108473 54.8162567, -1.4108916 54.8156495, -1.4120673 54.8114148, -1.413889 54.8078087, -1.4137494 54.8073783, -1.4130842 54.8065899, -1.4110389 54.8047861, -1.4106766 54.8045881, -1.4091705 54.8037889, -1.4069061 54.8028063, -1.4050485 54.8025154, -1.4007375 54.8028448, -1.3983312 54.8035872, -1.395166 54.8030845, -1.394658149042697 54.80311987382444, -1.3868791000000005 54.80312139575949)",False
way/90534270-400,way/92340133-400,400.0,3574.952866822164,86076.25,Al/St 240/40 4-bundle 380.0,"LINESTRING (-1.2167541050869588 52.59756066801083, -1.225027559240653 52.594182315444954, -1.2263042 52.5932678, -1.229973 52.5906849, -1.2317792 52.5890206, -1.2322024 52.5886307, -1.234915 52.5860669, -1.2375697 52.5834906, -1.240152 52.580984, -1.2429689 52.5783255, -1.2455012 52.5758966, -1.2499712 52.5734504, -1.2530335 52.5718157, -1.2566073 52.5698798, -1.2604576 52.5689903, -1.2656884 52.5677399, -1.2700992 52.5666932, -1.2735132 52.5654759, -1.270684 52.5626977, -1.2699384 52.5619061, -1.2682096 52.5600706, -1.2655773 52.5577345, -1.263019 52.5554078, -1.2604231 52.5530642, -1.2573251 52.5502774, -1.2541841 52.5475184, -1.251655 52.5451532, -1.2488746 52.5426326, -1.2465288 52.540495, -1.2445079 52.5379918, -1.2423364 52.5352899, -1.2401869 52.5326147, -1.2380191 52.5299049, -1.2361636 52.5276143, -1.2336828 52.5245997, -1.2313826 52.5217771, -1.2293629 52.5192216, -1.2259636 52.517194, -1.222021 52.5148578, -1.217478 52.5121621, -1.2136322 52.5098898, -1.2109313 52.5082727, -1.2074991 52.5062186, -1.2038176 52.5040748, -1.2001268 52.5018935, -1.1961583 52.4995031, -1.1928323 52.4974391, -1.1931327 52.4950615, -1.1935946 52.491766, -1.194034 52.4881207, -1.1943451 52.4857426, -1.1946724 52.4830377, -1.1951068 52.4795387, -1.1954796 52.476425, -1.1934519 52.4739612, -1.1918369 52.4720242, -1.1906415 52.4705717, -1.1888412 52.4684165, -1.1867169 52.4658412, -1.1842063 52.4628344, -1.1813954 52.4595659, -1.1792711 52.4570816, -1.1772755 52.454728, -1.1768191 52.4541741, -1.1747006 52.4516027, -1.1731771 52.4498503, -1.1687997 52.4471825, -1.1649588 52.4447498, -1.1616758 52.4426964, -1.1578563 52.4403027, -1.1540154 52.4379744, -1.1498311 52.4354104, -1.1500886 52.4322968, -1.1503676 52.4294316, -1.1506465 52.4261345, -1.1509684 52.422366, -1.1512688 52.418885, -1.1515478 52.4160975, -1.1518696 52.4124066, -1.1521915 52.4090296, -1.152449 52.4065556, -1.1527065 52.4034138, -1.1485866 52.4016465, -1.1441663 52.3999052, -1.1410335 52.3986615, -1.1369995 52.3970248, -1.1330091 52.3954032, -1.1292626 52.3938912, -1.1250899 52.3913924, -1.1209585 52.3888922, -1.1172632 52.3866369, -1.1132605 52.3842199, -1.1089207 52.3816229, -1.1065872 52.3782209, -1.1045871 52.3755723, -1.1026497 52.3727651, -1.1007086 52.3699984, -1.098959 52.3674135, -1.0969159 52.3645218, -1.0947778 52.3613851, -1.0945985 52.3587195, -1.0942622 52.3550134, -1.0940792 52.3519138, -1.0939092 52.348569, -1.0936107 52.3452237, -1.0933816 52.3416467, -1.0930005 52.3380804, -1.0926885 52.3345406, -1.0924053 52.330967, -1.0887264 52.3281753, -1.0853122 52.3256688, -1.0811201 52.3226639, -1.0783499 52.3206405, -1.0739414 52.317411, -1.0713746 52.3155802, -1.0669489 52.3123699, -1.0639242 52.3101996, -1.0602391 52.3075097, -1.0585156 52.3062122, -1.0578053 52.3035408, -1.0570735 52.3007478, -1.0562035 52.2973703, -1.0553477 52.2940352, -1.0550582 52.2917006, -1.0546022 52.2901056, -1.0540303 52.2871367, -1.053444 52.2841482, -1.0527904 52.2806896, -1.0521515 52.2773431, -1.0514255 52.2736157, -1.0508093 52.2703808, -1.050138 52.2669173, -1.0492446 52.2629304, -1.048588 52.2600749, -1.0479249 52.257151, -1.0472252 52.2539749, -1.0465539 52.2510158, -1.0458962 52.2481063, -1.0453368 52.2441634, -1.0448875 52.2408485, -1.0444423 52.2376205, -1.0439099 52.2337869, -1.0435572 52.2311898, -1.0431934 52.2285348, -1.0427133 52.2249591, -1.0422826 52.2218359, -1.0418291 52.2185571, -1.0415916 52.216804, -1.038173 52.213729, -1.0349936 52.2108583, -1.031985 52.2081484, -1.0285543 52.2050699, -1.0265384 52.2032569, -1.023806 52.2008557, -1.0225026 52.199634, -1.0193636 52.1967843, -1.0166979 52.1943883, -1.0135702 52.1915741, -1.0111388 52.1893691, -1.0099233 52.1882667, -1.008316 52.1868203, -1.0045401 52.1834223, -1.0021596 52.1812799, -1.0021281 52.1812078, -1.0008693 52.178328, -0.9993349 52.1748174, -0.9983329 52.1725248, -0.9971512 52.1698209, -0.9959306 52.1670278, -0.9947196 52.1642564, -0.9932554 52.1609054, -0.9921075 52.1582782, -0.9882207 52.1568594, -0.9842137 52.1553967, -0.9790618 52.153516, -0.9755985 52.1522517, -0.9721462 52.1509913, -0.9676661 52.1493557, -0.9632034 52.1477263, -0.9588847 52.1461495, -0.955554 52.1449334, -0.9540684 52.1444027, -0.9492975 52.1426983, -0.9452976 52.141188, -0.9423746 52.1401279, -0.9420583 52.1371879, -0.9416751 52.1335516, -0.9413634 52.1305271, -0.940966 52.1266708, -0.9407347 52.1244268, -0.9403662 52.1208505, -0.9400447 52.1177312, -0.9397143 52.1145238, -0.9394181 52.1116493, -0.9390591 52.1081641, -0.938767 52.1053288, -0.9402212 52.1029311, -0.942295 52.0995117, -0.9439874 52.0967211, -0.9454522 52.0943055, -0.9471925 52.0914353, -0.9486021 52.0891105, -0.9503944 52.0861544, -0.9500975 52.0829969, -0.9497656 52.0794664, -0.9494694 52.0763151, -0.9491736 52.0731687, -0.9488904 52.0701555, -0.9485576 52.0666146, -0.9482835 52.0636987, -0.9480146 52.0608368, -0.9477306 52.0578142, -0.9474226 52.0545365, -0.9471268 52.0513882, -0.946817 52.048091, -0.9465188 52.0452044, -0.9462817 52.0424816, -0.946028 52.039897, -0.9464314 52.0370789, -0.9469182 52.0334841, -0.9472323 52.0314287, -0.9476282 52.0286793, -0.9480721 52.0255233, -0.9484916 52.0225789, -0.9489655 52.0192522, -0.9494362 52.0160725, -0.9498512 52.0129854, -0.9502846 52.0098557, -0.9503941 52.0091247, -0.9507076 52.0070322, -0.9511985 52.0034614, -0.9515664 52.0009395, -0.9520873 51.9971958, -0.9524768 51.9940226, -0.9514964 51.9908122, -0.9507438 51.9887667, -0.949631 51.9853698, -0.9485967 51.9822847, -0.9475866 51.9792887, -0.9463195 51.9754993, -0.9454765 51.9729695, -0.9443694 51.9698615, -0.9432291 51.9663923, -0.941992 51.9634688, -0.9408105 51.9606756, -0.9395113 51.9574711, -0.9382769 51.9545445, -0.9371574 51.9519178, -0.9359718 51.9490071, -0.9349086 51.9465545, -0.9334999 51.9431829, -0.9322714 51.9402697, -0.9310484 51.9373594, -0.9278512 51.9360497, -0.9247433 51.9348931, -0.9230876 51.9342769, -0.9193647 51.9327954, -0.9150946 51.931135, -0.9142561376710722 51.930808773313835, -0.9075683078097988 51.92634688158579)",False
way/681875115-400,GB93-400,400.0,3574.952866822164,2584.85,Al/St 240/40 4-bundle 380.0,"LINESTRING (-1.474663299999991 50.90390799424384, -1.467588036867238 50.904373491690905, -1.4670561 50.9044085, -1.4642336 50.9029677, -1.4605099 50.9012798, -1.4552723 50.9002501, -1.4499252 50.8993826, -1.4481557693429206 50.898909907776655, -1.4402052311411968 50.89834215838303)",False
way/91010711-400,way/16582436-400,400.0,3574.952866822164,5976.54,Al/St 240/40 4-bundle 380.0,"LINESTRING (0.3298580196679714 51.428263609336014, 0.3350106328814278 51.423406066110665, 0.3361889 51.4226036, 0.3365179 51.4202477, 0.3369426 51.4169254, 0.3399525 51.4153789, 0.3438124 51.4135063, 0.3438628 51.4134779, 0.3466449 51.4130205, 0.3500204 51.4123971, 0.3537112 51.4117815, 0.358295 51.4091408, 0.3623801 51.4065723, 0.3666007 51.404126, 0.3688603 51.4027976, 0.3713923 51.4011323, 0.3748255 51.4013679, 0.3807478 51.402155, 0.3849535 51.4027869, 0.3851899394805546 51.40282081474952, 0.3924175493003255 51.405016292721804)",False
relation/9598269-400,way/92419253-400,400.0,1787.4764334110816,31043.6,Al/St 240/40 4-bundle 380.0,"LINESTRING (-2.12079072629691 53.26874936996681, -2.1199307656964637 53.27362298614578, -2.119776 53.2738316, -2.1178399 53.2763725, -2.1164596 53.278189, -2.1146328 53.2806852, -2.1159294 53.2824265, -2.1175018 53.2846012, -2.1218394 53.2856078, -2.124759 53.2874947, -2.1286364 53.2899883, -2.1283901 53.2926812, -2.128373 53.2928771, -2.1281279 53.2956778, -2.1278339 53.2991016, -2.1275479 53.3022972, -2.1272467 53.3058938, -2.1252508 53.3080006, -2.1222607 53.3111886, -2.1198686 53.3137731, -2.1169872 53.31684, -2.1139691 53.3200171, -2.1080852 53.3200654, -2.1037833 53.3201141, -2.1009834 53.3223989, -2.0978224 53.3250013, -2.0936321 53.3285053, -2.0907825 53.330816, -2.0879467 53.3331291, -2.0851934 53.3353774, -2.0823023 53.3377656, -2.0800584 53.3396031, -2.0802503 53.3427678, -2.0804066 53.3457902, -2.0805452 53.3490867, -2.0806907 53.3517046, -2.0807533 53.3535066, -2.0808727 53.3558855, -2.0818006 53.3578547, -2.0831882 53.3605676, -2.0855099 53.3618859, -2.0857535 53.3643578, -2.0858577 53.3676944, -2.0860645 53.371207, -2.0852215 53.3741432, -2.0890526 53.3769052, -2.092931 53.3796831, -2.0967099 53.3823488, -2.1000285 53.3846441, -2.1025491 53.3864489, -2.1045144 53.3878609, -2.1036209 53.3895589, -2.101801 53.3929428, -2.1020769 53.3955568, -2.10567 53.3984753, -2.1078862 53.4008585, -2.1051057 53.4041771, -2.1001538 53.4044529, -2.0938921 53.4047909, -2.0862855 53.4052243, -2.081349 53.4054885, -2.0778939 53.4067822, -2.0728353 53.4086728, -2.0693455 53.4099592, -2.0637167 53.4120717, -2.0612063 53.412993, -2.0596957 53.4159261, -2.0560789 53.4193289, -2.0536585 53.4215146, -2.0497624 53.4252648, -2.0474564 53.4274183, -2.044379 53.4302574, -2.0426388 53.4315203, -2.0394579 53.4338002, -2.0351684 53.4367982, -2.0318513 53.4391552, -2.0282754 53.4416951, -2.0245813 53.4443189, -2.022613 53.445739, -2.0226971 53.4489865, -2.0227846 53.4510565, -2.0229033 53.4536758, -2.0229376 53.4549908, -2.0229781 53.4565412, -2.0230988 53.4608813, -2.0228472 53.4638163, -2.022527 53.4676509, -2.0223828 53.4693096, -2.0222929 53.4704021, -2.0220881 53.4729861, -2.0242499 53.4751972, -2.0260481 53.4770132, -2.0293477 53.4803076, -2.0314013 53.4823628, -2.0339878 53.4842789, -2.0361203 53.4858518, -2.0384369901049553 53.487590437241714, -2.0433476003013986 53.492486233661815)",False
relation/9598269-400,way/1097582201-400,400.0,3574.952866822164,23223.72,Al/St 240/40 4-bundle 380.0,"LINESTRING (-2.0433476003013986 53.492486233661815, -2.0333509019048694 53.4961178121915, -2.028945 53.4957931, -2.025598 53.4928019, -2.0227785 53.4902676, -2.0191008 53.4905011, -2.0124346 53.4909352, -2.0071784 53.4912758, -2.0011895 53.4916671, -1.996513 53.4919597, -1.9886761 53.4917789, -1.9853695 53.4916872, -1.9839957 53.490464, -1.9818916 53.4884921, -1.9775993 53.4844642, -1.9758207 53.482765, -1.9747686 53.4813262, -1.9723781 53.4780268, -1.9707409 53.4758963, -1.9675249 53.4749911, -1.9642346 53.4741145, -1.9582301 53.4725015, -1.9538549 53.4713404, -1.9514528 53.4721623, -1.9471006 53.4736955, -1.942614 53.4752733, -1.9374674 53.4770813, -1.9334953 53.4785229, -1.9297191 53.47983, -1.9264597 53.4800129, -1.9194843 53.4803268, -1.9149223 53.4797004, -1.9106688 53.4797546, -1.9057745 53.479832, -1.9007457 53.4799224, -1.8966492 53.4824845, -1.892421 53.4851517, -1.889201 53.4870937, -1.8871423 53.4878014, -1.8816622 53.4896743, -1.8771774 53.4904594, -1.8724994 53.4912835, -1.8695332 53.491196, -1.8636983 53.4910258, -1.8602724 53.4925007, -1.8547822 53.4934896, -1.8503902 53.4942855, -1.8461387 53.4945354, -1.8423553 53.4947972, -1.8395683 53.4945707, -1.8334562 53.4954318, -1.8331431 53.4955346, -1.8328849 53.4955344, -1.8321986 53.4955102, -1.8319649 53.4954999, -1.8317457 53.4954995, -1.8315867 53.4954977, -1.8312702 53.495528, -1.8306151 53.4956355, -1.8304487 53.4956613, -1.8302856 53.4956553, -1.8301563 53.4956403, -1.8300422 53.495641, -1.8299205 53.4956577, -1.8297541 53.495692, -1.8289071 53.4958707, -1.8282757 53.4960276, -1.8276484 53.4961945, -1.8273219 53.4962966, -1.8268282 53.4964613, -1.8261451 53.4966966, -1.8252037 53.4970177, -1.8242163 53.4973398, -1.8224644 53.4979282, -1.8210504 53.4984061, -1.819341 53.4989767, -1.816791 53.4998324, -1.8139225 53.5007924, -1.8095675 53.5022531, -1.8056932 53.5035419, -1.8026522 53.5045599, -1.8011317 53.5050773, -1.7953343 53.5070092, -1.7918177 53.5081891, -1.787553 53.5096083, -1.7838087 53.5108655, -1.7815565 53.5116198, -1.7787838 53.5125457, -1.7748891 53.5138463, -1.7707261 53.5152242, -1.7672682 53.5163776, -1.7654659 53.5169803, -1.7645508 53.5172816, -1.7631361 53.5176466, -1.7617823 53.5178545, -1.7604325 53.5179681, -1.7592418 53.5180134, -1.7578599 53.5179376, -1.7567623 53.5178641, -1.7558992 53.5178548, -1.7552326 53.5178676, -1.7544749 53.517921, -1.7536488 53.5180295, -1.7527167 53.5181722, -1.7515553 53.518358, -1.7474868231560585 53.51900949832463, -1.739725147663218 53.520177298136346)",False
GB80-400,way/16582436-400,400.0,3574.952866822164,4452.6,Al/St 240/40 4-bundle 380.0,"LINESTRING (0.3129172239189732 51.459227300345034, 0.318356828675244 51.45471456703922, 0.3204218 51.4530327, 0.3214947 51.4504225, 0.3195559 51.4470523, 0.3178822 51.4456885, 0.3180395 51.4444849, 0.3173569 51.4431881, 0.3155298 51.4400139, 0.3137567 51.4369114, 0.3140448 51.4348783, 0.3144038 51.4333199, 0.3184212 51.4327573, 0.3236929427997494 51.43211793191483, 0.3298580196679714 51.428263609336014)",False
way/90547674-400,GB28-400,400.0,1787.4764334110816,39825.75,Al/St 240/40 4-bundle 380.0,"LINESTRING (-1.805312199999999 53.74373109540733, -1.7977604293380793 53.74414720282748, -1.7961709 53.7453546, -1.7922693 53.7483077, -1.7888425 53.7508744, -1.7865123 53.7526195, -1.7812785 53.7519961, -1.7756023 53.7513151, -1.771295 53.7499362, -1.7656484 53.7481776, -1.7611188 53.7467326, -1.755386 53.7449183, -1.752116 53.7438966, -1.7480122 53.7425765, -1.7415713 53.741851, -1.7361064 53.7412322, -1.7309845 53.7406544, -1.7252458 53.7424703, -1.7225302 53.7433215, -1.7196911 53.7442011, -1.7146995 53.7456827, -1.710606 53.7442987, -1.7071979 53.7431065, -1.701851 53.7412293, -1.6996083 53.7404537, -1.6969387 53.7409019, -1.6932976 53.7414837, -1.6874951 53.74165, -1.6843692 53.7417415, -1.6797316 53.7418919, -1.6768706 53.741267, -1.671829 53.7418233, -1.6685699 53.7421793, -1.6637397 53.7423128, -1.6606057 53.7423988, -1.6555417 53.7421865, -1.6525938 53.7420735, -1.649114 53.7419453, -1.6472582 53.7418769, -1.6434185 53.7413722, -1.6395839 53.7391968, -1.6370283 53.7376445, -1.6351828 53.7353252, -1.6335649 53.7332331, -1.6315306 53.7305553, -1.6294563 53.7278437, -1.6286479 53.7249892, -1.6246646 53.7226157, -1.6203259 53.7216484, -1.6160071 53.7207058, -1.6110279 53.7200552, -1.6065348 53.7194857, -1.6039467 53.716822, -1.6014337 53.7141772, -1.5975936 53.7133915, -1.5934573 53.7125072, -1.5902888 53.7118392, -1.5864216 53.7121063, -1.5825086 53.7123513, -1.5760292 53.7127934, -1.5717857 53.7130861, -1.5671579 53.7131529, -1.5624924 53.713242, -1.5569592 53.7133517, -1.5524765 53.7134218, -1.5474803 53.7135092, -1.541799 53.7136205, -1.5350348 53.7137001, -1.5327074 53.7151935, -1.5298721 53.7169827, -1.526183 53.7192385, -1.5221243 53.7210446, -1.5175551 53.7230693, -1.5142203 53.7246857, -1.5099996 53.7266485, -1.5054538 53.725309, -1.5002993 53.7237507, -1.4958179 53.7223697, -1.491031 53.722209, -1.4860404 53.7225104, -1.4809603 53.7228158, -1.4760699 53.7237815, -1.4708017 53.7243073, -1.4649376 53.7248513, -1.4600549 53.7253129, -1.4551876 53.7255094, -1.4493558 53.7257097, -1.4436556 53.7259755, -1.4377349 53.7261868, -1.4322549 53.7264105, -1.4283081 53.7257162, -1.4236146 53.7249589, -1.418746 53.727062, -1.4138166 53.7291692, -1.4094145 53.7310723, -1.4039966 53.7310834, -1.3988797 53.7311502, -1.3933865 53.7311947, -1.3890785 53.7318179, -1.3847329 53.7324745, -1.3793338 53.7333092, -1.3743297 53.734077, -1.3702475 53.7355793, -1.3649989 53.7375822, -1.3603523 53.739318, -1.3560255 53.7409536, -1.3511497 53.7427338, -1.3475035 53.7441356, -1.342048 53.7452703, -1.3370816 53.7463161, -1.3308171 53.7476622, -1.3259071 53.7486633, -1.3204516 53.7498091, -1.3146198 53.7510772, -1.3108574 53.751867, -1.30638 53.7528125, -1.3007928 53.7535577, -1.2945095 53.7543919, -1.289054 53.7550926, -1.2832245 53.7558957, -1.278569 53.7565183, -1.2761334439916971 53.7568401352364, -1.2663845194970418 53.75646594407603)",False
way/163036722-400,way/193617444-400,400.0,1787.4764334110816,73867.66,Al/St 240/40 4-bundle 380.0,"LINESTRING (-2.2160783426256754 53.621912560011346, -2.2228412521316483 53.62582441988359, -2.2228944 53.6277138, -2.2230988 53.6309058, -2.2232351 53.6336734, -2.2167621 53.6364812, -2.2136619 53.6378345, -2.2075296 53.6406017, -2.2039865 53.6421568, -2.2011929 53.643409, -2.1980586 53.6448025, -2.1945635 53.6463209, -2.19113 53.6463664, -2.1861077 53.6464272, -2.1788563 53.6465031, -2.1756277 53.6465335, -2.1706311 53.6465943, -2.1663263 53.646655, -2.1617141 53.6475208, -2.156615 53.648508, -2.1522078 53.6493281, -2.1464937 53.650452, -2.1423939 53.6512417, -2.1359112 53.6525023, -2.1280447 53.6540057, -2.1242012 53.6547346, -2.1166935 53.6561924, -2.1134393 53.656815, -2.1080327 53.6578476, -2.1012937 53.6574224, -2.0961434 53.6570884, -2.0910955 53.6567543, -2.0868164 53.656481, -2.0792318 53.6559798, -2.0747733 53.6556913, -2.0685211 53.6559798, -2.0628388 53.6563268, -2.0580411 53.6565873, -2.0538388 53.656815, -2.0490216 53.6570732, -2.046203 53.6572098, -2.0419751 53.6574376, -2.0376723 53.6584436, -2.0333454 53.6593801, -2.0279652 53.6606286, -2.0233374 53.6616988, -2.0181423 53.6628425, -2.0135704 53.6632191, -2.0075511 53.6636889, -2.0037665 53.6639665, -1.9979635 53.6629628, -1.9938906 53.6622366, -1.9886283 53.6613396, -1.9850239 53.6607202, -1.9791128 53.6597164, -1.9749318 53.6589688, -1.9696334 53.6580504, -1.966029 53.6579649, -1.961884 53.6578795, -1.9571263 53.6581145, -1.9517198 53.6583921, -1.9458447 53.6587339, -1.9415555 53.6581145, -1.9371582 53.6575164, -1.932004 53.6567688, -1.9282194 53.6562348, -1.923714 53.6568329, -1.918776 53.6574737, -1.9145229 53.6577086, -1.9088496 53.6580603, -1.9010328 53.6584929, -1.8980521 53.6586732, -1.8947976 53.6588534, -1.8895662 53.6591598, -1.8852776 53.6594122, -1.8817471 53.6601076, -1.8762201 53.6612524, -1.8709064 53.6627634, -1.8652196 53.6643649, -1.8600268 53.6658512, -1.8544058 53.66745, -1.8498937 53.6687179, -1.8433861 53.6686069, -1.8378067 53.6685079, -1.8350096 53.6684654, -1.8318147 53.668411, -1.8263568 53.6695776, -1.8203567 53.6708615, -1.8152436 53.6719769, -1.8111496 53.6728364, -1.807464 53.6744809, -1.803345 53.676213, -1.7994005 53.6780588, -1.7952252 53.6799138, -1.7930904 53.6808677, -1.7870437 53.681859, -1.7812855 53.6828122, -1.7755486 53.6836572, -1.7712541 53.6843106, -1.7667626 53.6851156, -1.7629014 53.6853372, -1.7594146 53.6855472, -1.7548048 53.6858039, -1.7506088 53.6852906, -1.7454671 53.6844506, -1.7413499 53.6838789, -1.7383358 53.6825255, -1.7345005 53.6806871, -1.7341004 53.6804953, -1.7310863 53.6773565, -1.7302392 53.6750461, -1.7293922 53.6726654, -1.7283565 53.6699693, -1.724114 53.6676203, -1.7200703 53.6654359, -1.7153725 53.6628638, -1.7110315 53.6605734, -1.7065716 53.6581772, -1.7031226 53.6563094, -1.6995546 53.6543711, -1.6947379 53.6517631, -1.6906942 53.6495426, -1.6855802 53.6497894, -1.682369 53.6500361, -1.6776712 53.6502828, -1.6731518 53.6505295, -1.6682756 53.6506353, -1.6645888 53.6507058, -1.6577502 53.6508115, -1.6537065 53.6508467, -1.6487114 53.6509172, -1.6421107 53.651023, -1.6365804 53.6511287, -1.6317225 53.6518381, -1.6256603 53.6527836, -1.6198261 53.6536751, -1.6138095 53.6545665, -1.6086133 53.6552959, -1.6023271 53.6562588, -1.5968081 53.6571057, -1.5926147 53.6586723, -1.5885125 53.6601849, -1.5831185 53.6621432, -1.578257 53.6639931, -1.5734255 53.6655054, -1.5680647 53.6672462, -1.5635498 53.6686951, -1.558922 53.6705898, -1.554708 53.6723283, -1.5510208 53.6751812, -1.5481614 53.6774321, -1.5459792 53.6791258, -1.5434583 53.6811092, -1.5416147 53.6835381, -1.5394565 53.6863217, -1.5372503 53.6891084, -1.5384342 53.6904999, -1.5397335 53.692027, -1.541991 53.6947894, -1.5405612 53.6971284, -1.539583 53.6987545, -1.5358958 53.701227, -1.533074 53.7031202, -1.5296502 53.7053251, -1.5271293 53.7070177, -1.5244119 53.7086055, -1.5215923 53.7103413, -1.5189684 53.7119004, -1.5168771 53.7131772, -1.5145704 53.7145814, -1.5117208 53.7145085, -1.5084468 53.7143654, -1.5038846 53.7141521, -1.4992905 53.7140175, -1.4937113 53.7139121, -1.4877854 53.7136856, -1.4845188 53.714212, -1.4796019 53.7150195, -1.4749867 53.7157875, -1.4747241 53.715933, -1.4719288 53.717482, -1.4674449 53.7172989, -1.4624322 53.7165256, -1.4586718 53.7141266, -1.4546907 53.7116564, -1.4508459 53.708927, -1.4472151 53.7064105, -1.4441581 53.7042501, -1.4400623 53.7013866, -1.4367838 53.6990382, -1.4330213 53.6964097, -1.4298894 53.6942308, -1.4297084 53.6917267, -1.4280753 53.6893169, -1.4275099 53.6859375, -1.4233397 53.6846108, -1.4197694 53.6834882, -1.4151004 53.6852546, -1.4105802 53.6869162, -1.4067457 53.6883192, -1.4025372 53.6898514, -1.3979777 53.6914719, -1.3938084 53.6926757, -1.3883746 53.6941492, -1.3837391 53.6954629, -1.3787513 53.6968103, -1.3736699 53.6981945, -1.3683702 53.6997264, -1.3631953 53.70052, -1.3576463 53.7013504, -1.351505 53.7022916, -1.346143 53.7031036, -1.3427226 53.7046996, -1.3384748 53.706646, -1.3343554 53.7085899, -1.3311371 53.7100719, -1.3266166 53.7105861, -1.3216089 53.7111489, -1.3161846 53.7117947, -1.3108061 53.7123934, -1.3056646 53.7129737, -1.3011008 53.7134952, -1.2977069832521408 53.71387367728368, -1.2827062916535121 53.71799412748927)",False
GB33-400,way/701436399-400,400.0,3574.952866822164,34282.32,Al/St 240/40 4-bundle 380.0,"LINESTRING (-0.7254892999999863 53.643697395372, -0.7194784435294106 53.64641652424093, -0.7189021 53.6469261, -0.7161983 53.6493452, -0.7136475 53.6516735, -0.7106375 53.6543645, -0.7076276 53.6570553, -0.7051278 53.6592321, -0.7028321 53.661983, -0.7014546 53.6636456, -0.6988018 53.6669102, -0.6972713 53.6687841, -0.6926798 53.668905, -0.6832419 53.669177, -0.6781402 53.6693282, -0.6727325 53.6694793, -0.6680901 53.6698722, -0.6635496 53.6702651, -0.658499 53.6707185, -0.6534484 53.6711416, -0.6485509 53.6715647, -0.6436023 53.6719576, -0.639521 53.6723203, -0.6347765 53.6727131, -0.630032 53.672562, -0.6249304 53.6723807, -0.6214613 53.67229, -0.6146251 53.6720483, -0.6093195 53.6718972, -0.6042689 53.6717158, -0.598402 53.6715345, -0.5934534 53.6713531, -0.589066 53.6712323, -0.5848317 53.6710811, -0.5809035 53.6709905, -0.5757508 53.6704162, -0.5707002 53.669842, -0.5662618 53.6693584, -0.5608541 53.6687539, -0.5560076 53.6682401, -0.5520793 53.6677867, -0.5472838 53.6672729, -0.5428964 53.6667893, -0.5382029 53.6662452, -0.531979 53.66555, -0.5265713 53.6649757, -0.5203473 53.6642804, -0.5151436 53.6637061, -0.5111644 53.6632527, -0.5050424 53.6625876, -0.5017774 53.6621946, -0.4979512 53.6618319, -0.4934618 53.6614087, -0.4867276 53.6607436, -0.481575 53.6602902, -0.4754531 53.6596855, -0.4695862 53.6596855, -0.4642805 53.6596251, -0.459383 53.6596251, -0.4544344 53.6595646, -0.4502001 53.6586577, -0.4455066 53.65766, -0.4411702 53.6567228, -0.4365788 53.6557251, -0.4312731 53.6545762, -0.4272428 53.6537296, -0.4235696 53.6529434, -0.4175497 53.6516433, -0.4137235 53.6508269, -0.4093361 53.6498593, -0.4051018 53.6490126, -0.4013776 53.6481961, -0.3965821 53.6471377, -0.3923478 53.6462305, -0.3876033 53.6452023, -0.3823996 53.6441136, -0.3768389 53.6429341, -0.3711761 53.6417244, -0.3656153 53.6405146, -0.3617381 53.6396678, -0.3572997 53.6387301, -0.352096 53.637611, -0.3474535 53.6362499, -0.3420458 53.634677, -0.3373524 53.6333157, -0.3319446 53.6317427, -0.3273532 53.6314704, -0.3244963 53.6331947, -0.3211292 53.6353424, -0.3166398 53.6381555, -0.3136298 53.6400307, -0.309422 53.6408818, -0.3092935 53.6409078, -0.3063855 53.6414824, -0.3011819 53.6425107, -0.2964374 53.643418, -0.2897033 53.6445975, -0.2846527 53.6454745, -0.2798061 53.645535, -0.2751126 53.6455955, -0.2702661 53.6456862, -0.266644 53.6477123, -0.2662869 53.6504338, -0.2661654213932019 53.65201722722225, -0.2605508841834119 53.65684661866778)",False
way/167621580-400,GB60-400,400.0,1787.4764334110816,29315.22,Al/St 240/40 4-bundle 380.0,"LINESTRING (-2.022859356626916 52.49875350345488, -2.021984223450491 52.50405244762145, -2.0222482 52.5044277, -2.0225389 52.504841, -2.0222512 52.5056688, -2.0219756 52.5064704, -2.0217926 52.506988, -2.0234677 52.5099355, -2.0245413 52.5119784, -2.0269943 52.5138047, -2.0296979 52.5157641, -2.0326803 52.5179365, -2.0345847 52.5193139, -2.0373152 52.5212301, -2.0407109 52.5239425, -2.0365374 52.5268407, -2.0348407 52.5290725, -2.0331502 52.5312077, -2.0327172 52.5317545, -2.0342186 52.5349625, -2.031908 52.5376745, -2.0296161 52.5402618, -2.0289608 52.541183, -2.0280813 52.5423825, -2.027828 52.5428761, -2.027637 52.5433422, -2.026932 52.5427202, -2.0240077 52.5432806, -2.0203107 52.5439078, -2.0169489 52.5440048, -2.0156484 52.5440423, -2.0097012 52.545125, -2.0058624 52.5457893, -2.0024152 52.5469205, -1.996877 52.5478533, -1.990985 52.5483915, -1.9864359 52.5492006, -1.981239 52.5500755, -1.9761748 52.5509336, -1.9734026 52.5519485, -1.9707934 52.5521635, -1.9680328 52.5523563, -1.9657296 52.5525222, -1.959974 52.5521433, -1.9564628 52.5519941, -1.9516585 52.551712, -1.9450491 52.5513244, -1.9401858 52.5510756, -1.9370543 52.5519374, -1.9329588 52.5523872, -1.9310776 52.5552524, -1.9289811 52.5591843, -1.9264458 52.5603822, -1.9218945 52.5625469, -1.9178615 52.5645498, -1.9132908 52.5661785, -1.9082907 52.5679898, -1.9056905 52.5689262, -1.9030373 52.5717676, -1.9042864 52.5742686, -1.9058095 52.5773037, -1.90742 52.5805182, -1.9060488 52.5814164, -1.903643 52.5829921, -1.9003587 52.5851911, -1.8957061 52.5883416, -1.895599 52.5918504, -1.895553 52.5937636, -1.895476 52.5964225, -1.8953178 52.5996856, -1.8953142 52.6029734, -1.8921994 52.6040474, -1.8869043 52.6059451, -1.8828643 52.6073494, -1.8788796 52.6087923, -1.8723202 52.6098046, -1.8670169 52.610615, -1.8607237 52.6115591, -1.8556314 52.6123041, -1.8494151 52.6136559, -1.8450559 52.6138417, -1.8404956 52.6138343, -1.8351935 52.6138491, -1.8294754 52.6138366, -1.823552 52.6138155, -1.8174678 52.6137964, -1.8119026 52.6137714, -1.8060836 52.6137707, -1.801137 52.6137552, -1.7967398 52.6145131, -1.7907378 52.6155871, -1.7852988 52.6156615, -1.7789918 52.6157658, -1.7737384 52.6158721, -1.7678331 52.6159666, -1.7621697 52.6160714, -1.7581459384244924 52.61614764715287, -1.7507602999999987 52.61627489498555)",False
way/23059230-400,way/92340133-400,400.0,3574.952866822164,36607.45,Al/St 240/40 4-bundle 380.0,"LINESTRING (-1.1903820847648041 51.7111138438472, -1.1874565243982924 51.71701193801926, -1.1865132 51.7182918, -1.1845347 51.7210534, -1.179961 51.7232167, -1.1758035 51.7251957, -1.1719691 51.7270319, -1.1686008 51.7286194, -1.1651621 51.7302299, -1.161472 51.7319911, -1.1575336 51.7338175, -1.1548844 51.7351156, -1.151361 51.73674, -1.1472541 51.7371601, -1.1413466 51.737846, -1.1364158 51.7383391, -1.1331286 51.7393099, -1.129595 51.7404144, -1.1251016 51.7417678, -1.1210686 51.743007, -1.1180404 51.7454599, -1.1142775 51.7486445, -1.111735 51.7507533, -1.1084329 51.7534848, -1.1053648 51.7559727, -1.102391 51.7585075, -1.0996341 51.760816, -1.0961989 51.763696, -1.0930671 51.7662492, -1.0897217 51.7690634, -1.0888295 51.7720805, -1.087764 51.7753811, -1.0862337 51.7777807, -1.0839724 51.7811882, -1.081928 51.7841394, -1.0798959 51.7871134, -1.0821572 51.7898917, -1.0850071 51.7932178, -1.0871878 51.7957353, -1.0895048 51.7985361, -1.091983 51.8014823, -1.0941761 51.8041601, -1.0965151 51.8068741, -1.0986508 51.8094157, -1.1005689 51.8116832, -1.1032708 51.8149236, -1.1042434 51.8177768, -1.1054297 51.8211052, -1.1065218 51.8243224, -1.1075297 51.8272861, -1.1087924 51.8309817, -1.1098445 51.8341322, -1.1059442 51.8367292, -1.101914 51.8393444, -1.099027 51.8412506, -1.0953656 51.8436123, -1.0920077 51.8458781, -1.0891269 51.8477841, -1.0890154 51.8509796, -1.0890092 51.8537349, -1.0889906 51.8565665, -1.0857217 51.8577655, -1.0816604 51.8591928, -1.0774791 51.8606741, -1.0729583 51.8622867, -1.0695685 51.863511, -1.0643507 51.8653599, -1.0595464 51.8670682, -1.0540718 51.8676074, -1.0484994 51.8681843, -1.0431601 51.8687147, -1.0378865 51.8692536, -1.032674 51.8697794, -1.0278499 51.8702448, -1.0228705 51.8707582, -1.0180983 51.8712362, -1.0127666 51.8717817, -1.0089755 51.8718009, -1.0045655 51.8718239, -1.0001861 51.8718424, -0.9956376 51.871836, -0.9908302 51.8718832, -0.9848604 51.8718926, -0.9815433 51.8731327, -0.9775949 51.8746737, -0.9736733 51.876173, -0.9696561 51.8777085, -0.9657596 51.8791933, -0.9613628 51.8808321, -0.9563575 51.8827354, -0.9525862 51.8845511, -0.9509169 51.88567, -0.947446 51.8879847, -0.9438181 51.8903454, -0.9400357 51.892844, -0.9365177 51.8952071, -0.9338029 51.8969694, -0.930205 51.8993781, -0.9266668 51.9017583, -0.9233575 51.9039218, -0.9208617 51.9071596, -0.9183748 51.9103514, -0.9164276 51.9127116, -0.9151897 51.9142577, -0.9136695 51.9162452, -0.9102723674145551 51.92070047709717, -0.9075683078097988 51.92634688158579)",False
way/49499923-400,way/96107758-400,400.0,1787.4764334110816,43372.76,Al/St 240/40 4-bundle 380.0,"LINESTRING (-1.9726738865018782 52.25110813442906, -1.9631384942106946 52.25015564424591, -1.9618495 52.2500771, -1.9563087 52.2497109, -1.9514713 52.2494088, -1.9474467 52.2485774, -1.9430177 52.2476431, -1.9390199 52.2467674, -1.9344896 52.2457791, -1.9315906 52.2451402, -1.9293041 52.2456952, -1.9251116 52.2466385, -1.9193628 52.2479311, -1.9148463 52.2489781, -1.909021 52.2502692, -1.9039613 52.2514359, -1.8995578 52.2524584, -1.8955704 52.2533639, -1.8916494 52.254268, -1.8868454 52.2553581, -1.883291 52.2561541, -1.877766 52.2574284, -1.8771079 52.2577798, -1.8743354 52.2591634, -1.8705393 52.2611083, -1.8672774 52.2627605, -1.8639705 52.264423, -1.8595027 52.2666974, -1.8551138 52.2689208, -1.8506373 52.271218, -1.846632 52.2732508, -1.8431136 52.2750096, -1.8388794 52.2771653, -1.8354397 52.278912, -1.8330621 52.2801252, -1.828681 52.2823795, -1.8253011 52.2840628, -1.8207984 52.2863817, -1.8177547 52.2880613, -1.8131522 52.2905591, -1.8095565 52.2926005, -1.8067129 52.2941873, -1.8031993 52.2961522, -1.7985712 52.2987649, -1.7948891 52.300783, -1.7902792 52.3032664, -1.7852143 52.3043469, -1.7805465 52.305266, -1.7758646 52.3062272, -1.7710011 52.3072068, -1.7650208 52.3083932, -1.7605948 52.309273, -1.7561907 52.3101928, -1.7527978 52.3108836, -1.7489568 52.3116416, -1.7447921 52.3148452, -1.74276 52.3164356, -1.7399755 52.3185956, -1.7362331 52.3215626, -1.733722 52.3235007, -1.7313811 52.3253802, -1.7301468 52.3263752, -1.7260942 52.3294505, -1.7234051 52.3315439, -1.7209731 52.3334322, -1.7178395 52.3358716, -1.7173993 52.338508, -1.7168981 52.3415836, -1.716423 52.3444193, -1.7158347 52.347545, -1.715386 52.3502886, -1.7149284 52.3534892, -1.7144118 52.3561325, -1.713907 52.3592078, -1.7129491 52.3625177, -1.7120625 52.3653523, -1.7109884 52.3688978, -1.7099755 52.3721075, -1.7090399 52.3754362, -1.7080474 52.3786697, -1.7095991 52.381634, -1.7107439 52.3839582, -1.7125383 52.3873723, -1.7143035 52.3909646, -1.7158988 52.3939987, -1.7158071 52.3953219, -1.7164874 52.39662, -1.7170961 52.399579, -1.7177273 52.4030238, -1.7182816 52.405847, -1.7190578 52.4095838, -1.7184502 52.4125534, -1.7178391 52.4157487, -1.7171926 52.4188649, -1.7165557 52.4224271, -1.7162333 52.4239958, -1.7155557 52.4275807, -1.7152076 52.4292366, -1.7144402 52.432617, -1.7137579 52.4357746, -1.7129384 52.4394718, -1.7126803 52.4416326, -1.7123657 52.4442956, -1.7113084 52.4467639, -1.7111129 52.4481969, -1.7107625 52.4501348, -1.7101429 52.4538188, -1.7096977 52.4565014, -1.709404 52.4583041, -1.7082721 52.4614109, -1.7073159 52.4640265, -1.7081816 52.465514, -1.7098412 52.4677669, -1.7113097 52.4697759, -1.7124201 52.4713069, -1.713599 52.4729212, -1.7143339 52.4752191, -1.7150648 52.4774948, -1.7141502 52.4801347, -1.7150098 52.4834067, -1.7158949 52.4867967, -1.7166427 52.4894749, -1.7173889 52.4924942, -1.7173715 52.4947504, -1.7193172 52.4984497, -1.7170837 52.5000271, -1.7160472 52.5032168, -1.7185611 52.5058616, -1.7190345 52.509316, -1.7194717 52.5119679, -1.7198458 52.5142654, -1.7195602 52.5178898, -1.7193657 52.5202559, -1.7192276 52.5221307, -1.7191874 52.5244228, -1.7184684019497476 52.52564237125566, -1.7141212740397518 52.53117137579202)",False
way/89038614-400,way/314338790-400,400.0,3574.952866822164,135590.94,Al/St 240/40 4-bundle 380.0,"LINESTRING (-0.7813506037980721 53.30073276405216, -0.7744432304629684 53.29646489178335, -0.7742913 53.2961824, -0.7729744 53.2937424, -0.7713393 53.2909245, -0.769966 53.288372, -0.7680348 53.2848572, -0.7662324 53.2815731, -0.7644514 53.2784298, -0.7625417 53.2750554, -0.7610182 53.2721426, -0.762606 53.2687292, -0.7640228 53.2657065, -0.7656321 53.2622095, -0.7668117 53.2595911, -0.768303 53.2566131, -0.7694081 53.2545206, -0.7708887 53.2517348, -0.7726268 53.2484161, -0.7742683 53.2452768, -0.7761565 53.2416878, -0.7766608 53.2381756, -0.7770265 53.2356161, -0.7774731 53.2329777, -0.7779053 53.2291723, -0.7784203 53.2257554, -0.7785705 53.2235947, -0.7768624 53.2201226, -0.7752485 53.2168971, -0.7736731 53.2138309, -0.7718101 53.2101521, -0.7703162 53.2071912, -0.7684241 53.2034658, -0.7669597 53.2005697, -0.7657826 53.1982074, -0.7665752 53.1954522, -0.7672755 53.1929628, -0.7682778 53.1894096, -0.7691342 53.1864419, -0.768761 53.1830059, -0.768457 53.1801573, -0.7682278 53.1780686, -0.7694246 53.1756, -0.7707779 53.1727764, -0.7726706 53.1687967, -0.7726095 53.1656879, -0.772572 53.1619474, -0.7725035 53.1584984, -0.7724289 53.1548767, -0.7723847 53.1514851, -0.7723014 53.1479267, -0.7722568 53.1443146, -0.7721865 53.1411953, -0.7722186 53.1380436, -0.7720684 53.1344362, -0.7701694 53.1312081, -0.7684635 53.1285297, -0.7667469 53.125594, -0.7650464 53.1227089, -0.7632984 53.1197571, -0.7614477 53.1166618, -0.7597268 53.113768, -0.757547 53.1101236, -0.756384 53.107088, -0.7552896 53.1044085, -0.7539592 53.1013811, -0.7527147 53.0980571, -0.7514058 53.0950292, -0.7502256 53.0919367, -0.7489596 53.0887537, -0.7476292 53.0855221, -0.7463579 53.0825691, -0.7472961 53.0792537, -0.7482436 53.0759051, -0.7491475 53.0727106, -0.75003 53.0695912, -0.7509044 53.0665006, -0.7518012 53.0633304, -0.7527387 53.0600159, -0.7537527 53.0564208, -0.7546199 53.0533461, -0.7555714 53.0499719, -0.7562865 53.0474361, -0.7572427 53.0440447, -0.7582568 53.0404482, -0.7591777 53.0371818, -0.7599437 53.0340344, -0.7607565 53.0306947, -0.7614498 53.0278456, -0.7622555 53.0245346, -0.7631 53.0210636, -0.7639607 53.0175256, -0.7648299 53.0139528, -0.7656715 53.0104928, -0.7665619 53.0072932, -0.7675352 53.0037953, -0.7685478 53.000156, -0.769502 52.9967263, -0.7705172 52.9930769, -0.7714737 52.9896382, -0.7723206 52.9865935, -0.7700792 52.9841502, -0.7674223 52.9812538, -0.7647458 52.9783359, -0.7621261 52.9754797, -0.7595975 52.9727226, -0.7570912 52.9699897, -0.7547499 52.9674365, -0.7518812 52.9643081, -0.7493517 52.9615493, -0.7470426 52.9590307, -0.7439589 52.9556671, -0.741965 52.9534921, -0.7399914 52.9513391, -0.7381024 52.9492783, -0.7340446 52.9471882, -0.7294259 52.9448092, -0.7251308 52.9425967, -0.7214636 52.9407075, -0.717104 52.9384616, -0.7126906 52.9361878, -0.7079967 52.9337615, -0.7040367 52.9317144, -0.6992114 52.9292199, -0.6957276 52.9274188, -0.691079 52.9250154, -0.6866946 52.9227485, -0.6835517 52.9211234, -0.6824553 52.9183204, -0.6812301 52.9151881, -0.6801589 52.9124492, -0.6788364 52.9090675, -0.6759459 52.9063614, -0.6728541 52.9034667, -0.6698322 52.9006372, -0.666407 52.8974299, -0.6634026 52.8946164, -0.6616997 52.8922757, -0.6597514 52.8895977, -0.6552724 52.8868246, -0.651938 52.88476, -0.6478338 52.8822186, -0.643894 52.8797789, -0.6404399 52.8776398, -0.6365556 52.8752343, -0.6327341 52.8728674, -0.6297037 52.8709905, -0.6263719 52.8689267, -0.6229058 52.8667797, -0.6199565 52.8649527, -0.6187355 52.8619066, -0.6172794 52.8582738, -0.616062 52.8552362, -0.6116169 52.85325, -0.6073045 52.8513231, -0.6031588 52.8494705, -0.5989681 52.8475977, -0.5944178 52.8455642, -0.5903771 52.8437583, -0.5869676 52.8413308, -0.5841719 52.8393401, -0.5806965 52.8368653, -0.5765801 52.833934, -0.573206 52.8315311, -0.5688879 52.8284557, -0.5666102 52.8268334, -0.5633842 52.8245356, -0.5594432 52.8217284, -0.5580886 52.8193327, -0.5564762 52.8164809, -0.554289 52.8126121, -0.5528732 52.8101077, -0.551243 52.8072238, -0.5493854 52.8039373, -0.5479437 52.8013864, -0.5463321 52.7985349, -0.5443939 52.7951052, -0.5426394 52.7920004, -0.5411049 52.7892846, -0.5386735 52.7864886, -0.5363113 52.7837718, -0.5341177 52.781249, -0.5316171 52.7783727, -0.5289264 52.7752776, -0.5262014 52.7721429, -0.523618 52.7691709, -0.5219272 52.7672256, -0.5196488 52.7638643, -0.5176861 52.7609685, -0.5155489 52.757815, -0.5133613 52.754587, -0.5113608 52.7516348, -0.5090897 52.7482832, -0.5069132 52.7450707, -0.5055541 52.7430647, -0.5035937 52.740171, -0.5014647 52.7370282, -0.4993644 52.7339275, -0.4962486 52.7311715, -0.4926258 52.7279669, -0.4895032 52.7252046, -0.4867699 52.7227865, -0.4835479 52.7199336, -0.4821075 52.7163061, -0.4808921 52.7132161, -0.4797282 52.710257, -0.4782639 52.7065338, -0.4769572 52.703211, -0.4732238 52.7007949, -0.4703652 52.6989449, -0.4672549 52.696932, -0.4638621 52.6947361, -0.4604278 52.6925132, -0.4566039 52.690038, -0.4528473 52.6875881, -0.4494493 52.6854065, -0.4459295 52.6831278, -0.4427892 52.6805904, -0.4398041 52.6781784, -0.4365201 52.6755247, -0.4335357 52.6731129, -0.4306503 52.670781, -0.4278552 52.668522, -0.4255185 52.6666333, -0.4232005 52.6647597, -0.4197672 52.6619845, -0.4143977 52.6606219, -0.4087852 52.6591977, -0.4039353 52.6579669, -0.398298 52.6565362, -0.3936388 52.6553538, -0.3894575 52.6542926, -0.384491 52.6530321, -0.3786894 52.6515596, -0.3735312 52.6502503, -0.3709564 52.6474228, -0.3696964 52.6450059, -0.3650233 52.6431811, -0.3631619 52.6397552, -0.3614908 52.6366796, -0.3598691 52.6336946, -0.3580418 52.6303308, -0.3565035 52.6274989, -0.3564067 52.624233, -0.3563139 52.6211003, -0.356213 52.6176968, -0.3561155 52.6144039, -0.35601 52.6108436, -0.35804 52.6082646, -0.3604232 52.6052368, -0.3624574 52.6026522, -0.3646296 52.5998921, -0.3664258 52.5976096, -0.3682213 52.5953279, -0.3699823 52.5930899, -0.3720778 52.5904266, -0.3743755 52.5875062, -0.3762178 52.5851645, -0.3760448 52.5822049, -0.3758487 52.5788507, -0.3756676 52.5757533, -0.375483 52.5725945, -0.3752672 52.5689014, -0.3750772 52.5656507, -0.3760081 52.5625267, -0.374385 52.5595244, -0.3726038 52.5562296, -0.3708869 52.5530534, -0.3692027 52.5499376, -0.3676121 52.5469946, -0.3660775 52.544155, -0.3654949 52.5404408, -0.3649438 52.5369267, -0.3643869 52.5333755, -0.363822 52.529773, -0.3632849 52.5263479, -0.362756 52.5229745, -0.3622924 52.5200171, -0.3617634 52.5166427, -0.3612458 52.5133408, -0.3606943 52.509822, -0.3601303 52.5062236, -0.3595744 52.5026761, -0.3590327 52.4992194, -0.3585425 52.4960906, -0.358039 52.4928771, -0.3575299 52.4896277, -0.3570584 52.4866175, -0.3564724 52.4828765, -0.3559675 52.479653, -0.3553497 52.4757087, -0.3534104 52.4725711, -0.3513877 52.4692982, -0.3494231 52.4661191, -0.3475037 52.463013, -0.345645 52.4600049, -0.3434726 52.4564889, -0.3416613 52.4535572, -0.3396344 52.4502762, -0.3375925 52.4469705, -0.3355186 52.443613, -0.3334357 52.4402405, -0.3311689 52.4379334, -0.3284712 52.4351875, -0.3258643 52.4325337, -0.3226408 52.4292522, -0.320241 52.4268091, -0.3173346 52.42385, -0.3149734 52.4214458, -0.312086 52.4185058, -0.3109409 52.4173397, -0.3098688 52.416248, -0.3073192 52.4136515, -0.3045146 52.4107952, -0.301711 52.4079398, -0.3016971 52.4046014, -0.3017325 52.4013191, -0.3017669 52.3979998, -0.3018044 52.3945497, -0.3018345 52.3920556, -0.3018666 52.388605, -0.3019117 52.3850939, -0.3019278 52.381445, -0.3019632 52.3780158, -0.3019901 52.3744561, -0.302033 52.3712924, -0.3020545 52.3678762, -0.3021296 52.3645777, -0.3021532 52.3611576, -0.3021827 52.3580338, -0.3022068 52.3547691, -0.3022511 52.3510132, -0.30229 52.3477512, -0.30231 52.3439176, -0.3044056 52.3420132, -0.3085103 52.3382661, -0.3109513 52.3361194, -0.31422 52.3332307, -0.3172677 52.3304783, -0.3206429 52.327414, -0.323767 52.3246287, -0.3265944 52.322115, -0.33045 52.3185987, -0.333115 52.3161551, -0.3365454 52.3139672, -0.3403642 52.3113333, -0.3444156 52.3086543, -0.3453948 52.3054213, -0.3464596 52.3019485, -0.3474633 52.2987076, -0.3444768 52.2964395, -0.3405723 52.2933703, -0.3379285 52.2912517, -0.3346849 52.2887811, -0.3317296 52.2863669, -0.3285501 52.2839539, -0.3266137 52.2806926, -0.3250599 52.2779429, -0.3228844 52.27433, -0.3210198 52.271302, -0.3190356 52.2677033, -0.3173212 52.264843, -0.3152454 52.2614959, -0.3132391 52.2580778, -0.3129709 52.254758, -0.3127456 52.2516317, -0.3124827 52.248538, -0.3122896 52.2459367, -0.3120911 52.243158, -0.3118175 52.239456, -0.3116673 52.2368049, -0.3114954 52.2339978, -0.3112167 52.2315089, -0.3093016 52.2285089, -0.307136 52.2251238, -0.3055635033730862 52.22268561884694, -0.3015712746298003 52.2146511599849)",False
GB71-400,way/884174267-400,400.0,3574.952866822164,26373.56,Al/St 240/40 4-bundle 380.0,"LINESTRING (-2.9084973079596548 51.56494819858899, -2.899244290670763 51.56398509141699, -2.8971722 51.5634674, -2.8926331 51.5623521, -2.8884741 51.5613648, -2.8846323 51.5625294, -2.8803781 51.5638035, -2.8801518 51.5638728, -2.8763129 51.565048, -2.8720782 51.5663202, -2.8678532 51.567638, -2.8628523 51.567773, -2.8578021 51.5678699, -2.8524313 51.5679007, -2.8465884 51.5680074, -2.8410831 51.5681229, -2.8364438 51.5681948, -2.8317049 51.5683072, -2.8273501 51.5683759, -2.822202 51.5685124, -2.8174882 51.5686237, -2.8139915 51.5696068, -2.8094956 51.5708505, -2.8048864 51.5722021, -2.7996131 51.5737035, -2.7944523 51.5751812, -2.788882 51.5767346, -2.783995 51.5780885, -2.7788878 51.5795542, -2.774099 51.580911, -2.7689768 51.5823708, -2.7639988 51.5838203, -2.7595949 51.5838012, -2.7556218 51.5837965, -2.7511109 51.5837917, -2.7456206 51.5837776, -2.7399762 51.5837723, -2.7383623 51.5837689, -2.7347174 51.5837613, -2.7303261 51.585359, -2.7259574 51.5869611, -2.7220245 51.5883987, -2.7176273 51.5895992, -2.7119593 51.591149, -2.7101402 51.5930845, -2.7090111 51.5963867, -2.7077808 51.5971818, -2.7066882 51.597871, -2.7011619 51.5991637, -2.6971687 51.6017221, -2.6934611 51.6040997, -2.6897558 51.6064843, -2.6856876 51.6090561, -2.6819501 51.6114303, -2.6785406 51.6112827, -2.6738934 51.6110761, -2.6693078 51.6108625, -2.6687646 51.6109605, -2.6525181 51.6097261, -2.6198273 51.6088794, -2.6158314 51.6087759, -2.6152092 51.608318, -2.611231 51.6083168, -2.6077421 51.6083214, -2.6039828 51.6062981, -2.599865 51.6040867, -2.5971677 51.6025087, -2.5968181 51.601171, -2.5962645 51.5990525, -2.5954511 51.5956494, -2.5955327 51.5949233, -2.5957451 51.5930336, -2.5961056 51.5903248, -2.5965176 51.5873919, -2.5968094 51.5847787, -2.5968752 51.5842725, -2.5970114584662087 51.58322338041044, -2.5976166999999926 51.578760094551264)",False
relation/7886014-400,way/92458761-400,400.0,3574.952866822164,24711.63,Al/St 240/40 4-bundle 380.0,"LINESTRING (-2.5125533039057553 52.632261616633116, -2.5139835186676582 52.626170648226925, -2.5138632 52.6260884, -2.5102535 52.6235429, -2.5048043 52.6211812, -2.5025281 52.6187998, -2.4995234 52.615693, -2.4978407 52.6136879, -2.4965551 52.6133316, -2.4963353 52.6132707, -2.4925293 52.6122158, -2.4886608 52.6111206, -2.4848245 52.6083537, -2.4819309 52.6062746, -2.4794714 52.6045363, -2.4745579 52.6047394, -2.4691904 52.6049218, -2.4635376 52.6051454, -2.4581745 52.6069084, -2.4544053 52.6081673, -2.4501976 52.6096099, -2.44634 52.610878, -2.4429877 52.6101238, -2.4387681 52.6091811, -2.4338909 52.6080686, -2.4291871 52.6070056, -2.4243012 52.6059765, -2.4198437 52.6059466, -2.4142701 52.6059449, -2.4081021 52.605939, -2.4030954 52.6059225, -2.3971372 52.6058798, -2.3913167 52.605872, -2.3853136 52.6058564, -2.379545 52.605939, -2.3739647 52.6058475, -2.3688904 52.6057001, -2.3649654 52.6060481, -2.3577517 52.6058004, -2.353952 52.605747, -2.3503017 52.6057418, -2.3441861 52.6057242, -2.3395441 52.6056927, -2.3357984 52.603418, -2.3323738 52.6013102, -2.3290104 52.599258, -2.3254788 52.5970758, -2.3216076 52.5946827, -2.3162741 52.5933163, -2.3107782 52.5919611, -2.3068722 52.5914129, -2.3021995 52.5908795, -2.2966339 52.5902442, -2.2913281 52.5895832, -2.2858192 52.5889188, -2.281747 52.5874461, -2.2771067 52.58577, -2.272779 52.5841893, -2.2687004 52.5827388, -2.2643003 52.5811985, -2.260104 52.5796233, -2.2558622 52.578096, -2.2524115 52.5774367, -2.2460743 52.5761432, -2.2412256 52.5752113, -2.2372945 52.574405, -2.2330652 52.573526, -2.2303707 52.5706496, -2.2276275 52.5676143, -2.2246499 52.5644602, -2.2219566 52.5614034, -2.21993282578473 52.55925158940187, -2.2089003207258897 52.55642712510978)",False
way/49499923-400,GB55-400,400.0,1787.4764334110816,72560.88,Al/St 240/40 4-bundle 380.0,"LINESTRING (-1.7141212740397518 52.53117137579202, -1.7045181232291322 52.533436586756004, -1.7033496 52.5332708, -1.7004685 52.5304678, -1.6976204 52.5277819, -1.6951955 52.525996, -1.6943741 52.5237122, -1.6928811 52.5214955, -1.6919622 52.5182909, -1.6887303 52.5164071, -1.6853546 52.5144233, -1.6816762 52.5122754, -1.6776713 52.5097881, -1.6740898 52.5076161, -1.6699331 52.5052114, -1.6642971 52.504516, -1.6591445 52.5039319, -1.6553884 52.5034782, -1.6515438 52.5030444, -1.6468451 52.5024282, -1.6417026 52.5018668, -1.6361512 52.5011967, -1.632619 52.5004723, -1.6300672 52.5000269, -1.6256886 52.4992125, -1.6201236 52.4981396, -1.6155599 52.4972763, -1.6097993 52.4961427, -1.6045436 52.495155, -1.5998269 52.4942609, -1.5949576 52.4933413, -1.5905175 52.492486, -1.5851595 52.4917524, -1.5805654 52.4911645, -1.5740423 52.4902447, -1.5691789 52.4895895, -1.5658513 52.4883044, -1.5603019 52.4861125, -1.5545877 52.4867789, -1.548322 52.4857336, -1.543402 52.4847465, -1.537951 52.4839023, -1.534383 52.4819418, -1.5309015 52.4801338, -1.5276997 52.4783353, -1.523992 52.4762851, -1.5203579 52.4743945, -1.5158418 52.4735547, -1.511175 52.4727216, -1.5075576 52.4720143, -1.5028964 52.4711471, -1.4992682 52.4686343, -1.4960277 52.4663915, -1.4923001 52.4638329, -1.4892228 52.4625842, -1.4847492 52.4607809, -1.4813815 52.4593862, -1.4780012 52.4579856, -1.4741651 52.4564494, -1.470688 52.45663, -1.469364 52.4566962, -1.4635325 52.45758, -1.4611932 52.4588904, -1.4595927 52.4615082, -1.4580725 52.4639978, -1.4563784 52.4668183, -1.4548906 52.4692975, -1.4529437 52.4713828, -1.4505214 52.4738704, -1.4476034 52.4769445, -1.4445616 52.4800859, -1.4418348 52.4829097, -1.4389909 52.4858786, -1.4364969 52.4884761, -1.4335924 52.4914629, -1.4298627 52.4936013, -1.4259185 52.4958576, -1.4215177 52.498421, -1.4175695 52.5006743, -1.4133418 52.5030695, -1.4097048 52.5051659, -1.4043516 52.5062255, -1.3994265 52.5072099, -1.3960475 52.5079168, -1.3925601 52.5085616, -1.3883651 52.5093975, -1.3841594 52.5102137, -1.3793636 52.5111997, -1.3740105 52.5122787, -1.3688815 52.5141771, -1.3641142 52.5159272, -1.3599444 52.517422, -1.354183 52.5185253, -1.3486797 52.5195846, -1.344808 52.520326, -1.3429607 52.5206797, -1.3394309 52.5213195, -1.3378164 52.522814, -1.3365735 52.523954, -1.3332696 52.5269803, -1.3301385 52.5298195, -1.3275386 52.5322094, -1.32729 52.5324379, -1.3233197 52.5345349, -1.3194313 52.5365542, -1.3148476 52.5389284, -1.3109389 52.5409834, -1.3062363 52.5434266, -1.3019634 52.5456409, -1.2984977 52.5474465, -1.294783 52.5493823, -1.2903052 52.5517186, -1.2870943 52.5547363, -1.2839528 52.5577407, -1.2812502 52.5603392, -1.2787601 52.5626655, -1.2769453 52.5644087, -1.2760235 52.5665527, -1.2756212 52.5675635, -1.2783517 52.5702664, -1.2812055 52.5731225, -1.2841238 52.5760305, -1.2866182 52.578508, -1.2896043 52.5804587, -1.2935096 52.5830142, -1.2972559 52.5855161, -1.3008822 52.5879214, -1.3040054 52.5899905, -1.3074322 52.5922427, -1.3111561 52.5946897, -1.3145035 52.5968957, -1.318499 52.5995255, -1.3223935 52.6021223, -1.3264276 52.6047319, -1.3295657 52.6058624, -1.3333262 52.6071915, -1.3370759 52.6084977, -1.3420324 52.6102665, -1.3438831 52.6133675, -1.3458693 52.6166929, -1.347311 52.6190933, -1.348927 52.6218027, -1.3509427 52.6251831, -1.3529329 52.628524, -1.3545905 52.6313046, -1.355937 52.6335804, -1.3549673 52.6363768, -1.3536732 52.6399612, -1.3525896 52.6429754, -1.3527894 52.6462725, -1.352945 52.6490455, -1.3531528 52.6528956, -1.3532857 52.6550066, -1.3533366 52.6558144, -1.3535283 52.6591271, -1.3535015 52.6621693, -1.3535101 52.6646207, -1.3535122 52.6652113, -1.3534854 52.6680872, -1.3534814 52.6710994, -1.3534814 52.6741212, -1.3534599 52.6775462, -1.3534479 52.6806035, -1.353464 52.6829841, -1.3560067 52.6847629, -1.3583154 52.6863616, -1.3588337 52.6867205, -1.3620309 52.6889414, -1.3657056 52.6914874, -1.3694285 52.6940689, -1.3730495 52.6965755, -1.3759892 52.6986041, -1.3801841 52.7015168, -1.3835047 52.7038117, -1.3873832 52.7064543, -1.3895021 52.7080014, -1.3897113 52.7110792, -1.3899702 52.7147578, -1.3901633 52.7177767, -1.3929085 52.7196517, -1.3960735 52.721845, -1.3996248 52.724272, -1.4028059 52.726465, -1.4018631 52.7295316, -1.4008479 52.7327737, -1.3999466 52.7356939, -1.3991433 52.7382629, -1.3979833 52.7419363, -1.3970995 52.7448297, -1.3992131 52.7472133, -1.4017022 52.7499798, -1.3998461 52.7525125, -1.396842 52.7565514, -1.3949966 52.7590122, -1.3957852 52.7618852, -1.3965402 52.7646899, -1.3973838 52.7677051, -1.3982944 52.7710353, -1.3990132 52.7736024, -1.3998766 52.7767436, -1.4007242 52.7798392, -1.4025803 52.7831423, -1.4042234 52.7861045, -1.4058419 52.7890081, -1.407537 52.792077, -1.4090176 52.7947694, -1.4112277 52.7987006, -1.4101656 52.8024498, -1.4092429 52.8056669, -1.4085777 52.8080471, -1.407721 52.8109946, -1.4076443 52.815388, -1.4076443 52.8178714, -1.4076229 52.8210938, -1.4075816 52.824034, -1.4075494 52.8269707, -1.4075048 52.8301763, -1.4066358 52.8323413, -1.4060681381559572 52.83378972099356, -1.4045595000000044 52.838175795072615)",False
GB60-400,way/49499923-400,400.0,1787.4764334110816,10047.34,Al/St 240/40 4-bundle 380.0,"LINESTRING (-1.7507602999999987 52.61627489498555, -1.751314540267449 52.611808638820115, -1.751483 52.6104411, -1.7518368 52.6073572, -1.7521119 52.6046743, -1.7524888 52.601464, -1.7527114 52.5996353, -1.7520594 52.5964933, -1.7515225 52.5938318, -1.7508035 52.5905819, -1.7502351 52.5879172, -1.7498043 52.5857285, -1.7472206 52.5830498, -1.7447057 52.5804505, -1.7421927 52.5778344, -1.7397727 52.5753392, -1.7368227 52.5722803, -1.734356 52.5697095, -1.7318035 52.5670686, -1.7292277 52.5643926, -1.7267065 52.5617925, -1.7260991 52.5583995, -1.725554 52.5554134, -1.7238032 52.5521781, -1.7222382 52.5492983, -1.7204667 52.5460654, -1.7190359 52.5434203, -1.7173574 52.5403066, -1.7166140303935775 52.53895059984399, -1.7141212740397518 52.53117137579202)",False
relation/13110368-400,GB55-400,400.0,1787.4764334110816,12210.67,Al/St 240/40 4-bundle 380.0,"LINESTRING (-1.4045595000000044 52.838175795072615, -1.4002930731536947 52.84184331698138, -1.3985409 52.8423394, -1.3935037 52.8438389, -1.3885907 52.8450999, -1.3841293 52.8463871, -1.3793713 52.847688, -1.3746835 52.8457801, -1.3692477 52.8450937, -1.3659008 52.8446662, -1.3606901 52.8440106, -1.3574983 52.8461943, -1.3536252 52.8476562, -1.3500105 52.8479204, -1.3476612 52.849549, -1.3447081 52.8517041, -1.3409007 52.8518021, -1.3358561 52.851928, -1.3307592 52.8520685, -1.3244057 52.8522273, -1.3192137 52.8523617, -1.3140414 52.8524919, -1.3088474 52.8542087, -1.3044525 52.8556684, -1.3001901 52.8547928, -1.2959924 52.8539279, -1.2902793 52.8527448, -1.2850665 52.8516571, -1.2801996 52.8506472, -1.2750953 52.8495538, -1.2711176 52.8487097, -1.268359 52.848132, -1.2643514 52.8492918, -1.2629262 52.8509149, -1.2603633 52.8538623, -1.2590745 52.8566634, -1.2585389304154153 52.857837332060726, -1.2551639405673198 52.863643805547966)",False
relation/13110368-400,way/472164401-400,400.0,3574.952866822164,24666.66,Al/St 240/40 4-bundle 380.0,"LINESTRING (-1.2551639405673198 52.863643805547966, -1.245465457312028 52.861114984806456, -1.2409612 52.8603728, -1.2362298 52.859602, -1.2320777 52.8608716, -1.2271746 52.8623614, -1.2239775 52.8633395, -1.2205871 52.8651142, -1.2165531 52.8671933, -1.2123689 52.8693888, -1.2083183 52.8715358, -1.2042793 52.8736111, -1.1997303 52.873786, -1.1941513 52.8739219, -1.1899992 52.8740191, -1.1855468 52.874168, -1.1806437 52.8743299, -1.1765024 52.8744529, -1.1714813 52.8748868, -1.1667713 52.8753466, -1.1621794 52.8757027, -1.1575981 52.8760912, -1.1528316 52.8765118, -1.1483148 52.876912, -1.1440428 52.8775363, -1.1391848 52.8783237, -1.1347388 52.8789919, -1.1301554 52.8797171, -1.1256236 52.8804008, -1.1202162 52.8812813, -1.1157101 52.8819806, -1.1098953 52.8829385, -1.1064519 52.8834747, -1.1011406 52.8842953, -1.0962147 52.8850748, -1.0924575 52.885348, -1.087066 52.8857636, -1.0826715 52.8861015, -1.0775758 52.886471, -1.0717817 52.8869185, -1.0671431 52.8876257, -1.0620565 52.8884089, -1.0573484 52.8891236, -1.0533108 52.8897554, -1.048537 52.8904696, -1.0480204 52.8906056, -1.0446898 52.8914823, -1.0406297 52.8925575, -1.0356039 52.8938212, -1.0310791 52.8950501, -1.02665 52.8962286, -1.0266206 52.8963097, -1.0257164 52.8988071, -1.0246964 52.9015876, -1.0239892 52.9035093, -1.0238104 52.903995, -1.0223304 52.9080092, -1.0217121 52.9097284, -1.0212366 52.9131932, -1.0209251 52.9157915, -1.0205547 52.9184995, -1.0201109 52.9220557, -1.0197363 52.9250653, -1.0242342 52.9270488, -1.027114 52.9283195, -1.0307937 52.9299362, -1.0352665 52.9318997, -1.0393081 52.933679, -1.0427183 52.9351745, -1.0463665 52.9367719, -1.0503239 52.938512, -1.0542487 52.9402474, -1.055069 52.9429773, -1.0543909 52.9446209, -1.0537619 52.9461428, -1.0527141 52.9486282, -1.0517687 52.9509077, -1.0508567 52.9530197, -1.0503085129327823 52.95436775405908, -1.0503022475308423 52.95994873918826)",False
way/297840585-400,way/100077745-400,400.0,3574.952866822164,59217.74,Al/St 240/40 4-bundle 380.0,"LINESTRING (-4.894711934965643 55.717916986062754, -4.8851468158550775 55.71508191324655, -4.8844996 55.713047, -4.8799798 55.7113069, -4.8755574 55.7096041, -4.8707871 55.7077674, -4.8666916 55.7061904, -4.8621213 55.7060894, -4.856713 55.7059699, -4.8513173 55.7058507, -4.8477389 55.7057716, -4.8418327 55.7056411, -4.8382172 55.7055612, -4.8337099 55.7054616, -4.8276014 55.7055123, -4.8244089 55.705538, -4.8216095 55.705562, -4.8130482 55.705633, -4.8087345 55.7056688, -4.8043951 55.7057047, -4.7969384 55.7057666, -4.7934838 55.7057952, -4.789643 55.7058271, -4.7852911 55.7058632, -4.7830399 55.7074842, -4.7806392 55.7092129, -4.7761778 55.7124251, -4.7735762 55.7142981, -4.7706658 55.7163934, -4.7662313 55.7195856, -4.7635181 55.7215387, -4.7610818 55.7232923, -4.7575278 55.7242237, -4.7524038 55.7255664, -4.7480429 55.7267092, -4.7407712 55.7286147, -4.7359042 55.7277178, -4.7324597 55.727083, -4.7293956 55.7264967, -4.7252814 55.7257306, -4.7214495 55.7258086, -4.7156243 55.7259271, -4.7101092 55.7260393, -4.7053567 55.7261361, -4.701311 55.7262184, -4.6953292 55.7263401, -4.690726 55.7275158, -4.6856086 55.7288228, -4.6814184 55.7290781, -4.6744014 55.7295055, -4.6701655 55.7297636, -4.6653372 55.7300577, -4.6604653 55.7303545, -4.6549125 55.7306909, -4.6541904 55.7307367, -4.6485174 55.7310823, -4.6446539 55.733301, -4.6405693 55.7356465, -4.6374834 55.7374184, -4.6342008 55.7393032, -4.630683 55.7413229, -4.6254407 55.7412635, -4.6222865 55.7431234, -4.6194043 55.7448228, -4.6158207 55.7469358, -4.6120584 55.7491539, -4.6070233 55.7498709, -4.6011027 55.7507141, -4.5946094 55.7516388, -4.5895263 55.7523626, -4.5844281 55.7530886, -4.5802027 55.7536902, -4.5724119 55.7547996, -4.5681116 55.755866, -4.5630307 55.757126, -4.5587403 55.7581899, -4.5538786 55.7593955, -4.5480142 55.7608496, -4.5426561 55.7621782, -4.5377287 55.7633999, -4.5323517 55.764733, -4.5286822 55.7656428, -4.527005 55.7679248, -4.5243451 55.7714949, -4.522755 55.7735135, -4.5203861 55.7771242, -4.5153789 55.7791704, -4.5108302 55.7810727, -4.506035 55.7830781, -4.5015306 55.7849617, -4.4972346 55.7867581, -4.4932726 55.7884147, -4.4897101 55.7899043, -4.4854531 55.7916841, -4.4847199 55.7946615, -4.4840604 55.7973397, -4.4833998 55.8000221, -4.4827486 55.8026661, -4.4818478 55.8063232, -4.481368 55.8060667, -4.4814071 55.8026899, -4.481436 55.8001872, -4.4814718 55.7970995, -4.4816094 55.7937327, -4.4815946 55.7906218, -4.4816379 55.7876778, -4.4788683 55.7848282, -4.476022 55.7819212, -4.4734518 55.7792961, -4.4706601 55.7762586, -4.4676753 55.7732921, -4.4690244 55.7698244, -4.4703465 55.7664255, -4.4715175 55.763415, -4.4719319 55.7601965, -4.4722094 55.7573465, -4.4727367 55.7542729, -4.4731321 55.7511344, -4.4735391 55.7479038, -4.4739056 55.7449941, -4.4743058 55.7418167, -4.4746604 55.7388423, -4.4734225 55.7363539, -4.4722593 55.7340152, -4.4706699 55.7308198, -4.4696472 55.7287633, -4.4699416 55.7255064, -4.4702457 55.7221416, -4.4702581 55.7220041, -4.4705232 55.7190715, -4.470781 55.7162188, -4.4710434 55.7133147, -4.4705652 55.7105071, -4.4700103 55.7072489, -4.4695945 55.7048071, -4.469679 55.7013076, -4.4697991 55.6989077, -4.4696548 55.6955172, -4.4697053 55.6921044, -4.4697523 55.6889233, -4.4697818 55.6869214, -4.4698336 55.6834196, -4.469842 55.6817147, -4.4709938 55.678725, -4.4720227 55.6758487, -4.4729942 55.6731287, -4.4739805 55.6703672, -4.4751513 55.667089, -4.4761474 55.6643378, -4.4737892 55.6610157, -4.4715286 55.657831, -4.4691176 55.6545322, -4.4667301 55.6514563, -4.4643505 55.6481058, -4.46355 55.6449613, -4.4628227 55.6417907, -4.4618267 55.6379613, -4.4609619 55.6346955, -4.4600123 55.6307321, -4.4591099 55.6275143, -4.4558571 55.6257717, -4.4524268 55.6239338, -4.448695 55.6219343, -4.4447265 55.6198079, -4.4418956 55.617299, -4.4393495 55.6150424, -4.4365682 55.6125772, -4.433557 55.6099081, -4.434669 55.6062641, -4.4357305 55.6027852, -4.4366893 55.5996427, -4.4376097 55.5966259, -4.4383204 55.5942962, -4.4391593 55.5915461, -4.4403009 55.5878033, -4.4430462 55.5852069, -4.4460382 55.582377, -4.448599 55.5799548, -4.4527199 55.5778883, -4.453373958820599 55.57756031055816, -4.463084407653319 55.57640654369852)",False
way/109730296-400,way/1274952328-400,400.0,1787.4764334110816,10206.36,Al/St 240/40 4-bundle 380.0,"LINESTRING (-1.2374849266974897 54.605611769589906, -1.2289012231647773 54.6051142110511, -1.2261642 54.6051315, -1.2215112 54.605216, -1.2163398 54.6052742, -1.2113702 54.6053301, -1.2088176 54.6044924, -1.2042136 54.6044712, -1.1994267 54.6044492, -1.1936796 54.6038733, -1.1923921 54.6008343, -1.1916196 54.5989014, -1.1919522 54.5948054, -1.1879718 54.593326, -1.1810303 54.5907618, -1.1767594 54.5892341, -1.1761218 54.5848372, -1.1703792 54.5842823, -1.1655512 54.584789, -1.1615843 54.5856874, -1.1570513 54.5867085, -1.1532855 54.587554, -1.1492944 54.5879706, -1.1491937 54.5841492, -1.1469517 54.5817524, -1.141728 54.5805851, -1.137542564744415 54.57966733142719, -1.1312857399533491 54.56684398621295)",False
way/200511209-400,way/43472283-400,400.0,1787.4764334110816,27882.95,Al/St 240/40 4-bundle 380.0,"LINESTRING (-1.40454286999345 54.80512785148831, -1.3951992836825806 54.80325095590684, -1.3887746 54.8007872, -1.3888859 54.7981587, -1.3890252 54.7948673, -1.3891588 54.791711, -1.3916243 54.7895575, -1.3950766 54.7865418, -1.3976742 54.7842726, -1.4004743 54.7818263, -1.4030108 54.7796102, -1.4035762 54.7765645, -1.4040113 54.7742201, -1.4046116 54.7709857, -1.4059948 54.7677835, -1.4073995 54.764507, -1.4089753 54.7608446, -1.4101503 54.7581135, -1.4142489 54.7555624, -1.4184714 54.7529341, -1.4223553 54.7505164, -1.4256589 54.7484383, -1.430493 54.745422, -1.4336389 54.743459, -1.4385294 54.741828, -1.4431315 54.740293, -1.4481526 54.7386183, -1.4499552 54.7356164, -1.4517403 54.7326436, -1.4533726 54.729925, -1.4547649 54.7276059, -1.4570743 54.7237591, -1.4564276 54.7208236, -1.4558577 54.7182364, -1.4533544 54.7151991, -1.4509506 54.7122822, -1.4487151 54.7095694, -1.4457993 54.7060308, -1.4437052 54.7034892, -1.4417682 54.7011381, -1.4392098 54.6980326, -1.4365824 54.6948431, -1.4336756 54.6922656, -1.431534 54.6902874, -1.4286152 54.687696, -1.4257603 54.6851611, -1.4230525 54.682834, -1.4224634 54.6796985, -1.4218698 54.6765047, -1.4212981 54.6734281, -1.4206701 54.6700484, -1.4200761 54.6668515, -1.4195237 54.663878, -1.4190155 54.6611427, -1.4184977 54.6581609, -1.4178184 54.654613, -1.4171565 54.6511886, -1.4165017 54.647973, -1.4135166 54.645917, -1.4092576 54.6430443, -1.4055091 54.6405353, -1.4012262 54.6377092, -1.3976525 54.6352751, -1.3932253 54.6335455, -1.3806385 54.6249876, -1.3770679 54.6225997, -1.3726296 54.6195867, -1.3692808 54.6168907, -1.3662324 54.6143921, -1.3629954 54.6116994, -1.3601855 54.6092349, -1.3602256 54.605691, -1.3601212 54.6024469, -1.3600535 54.5991029, -1.3620794087760157 54.59778504346972, -1.364576156679706 54.592412140459004)",False
way/43472283-400,way/90125443-400,400.0,3574.952866822164,84047.92,Al/St 240/40 4-bundle 380.0,"LINESTRING (-1.364576156679706 54.592412140459004, -1.369456097888861 54.58700650126734, -1.3696846 54.5864961, -1.3715497 54.583619, -1.3737813 54.5800359, -1.3759582 54.5767352, -1.3769299 54.5728812, -1.3775008 54.5705173, -1.3781903 54.5677836, -1.3789762 54.5643405, -1.3775322 54.562632, -1.3749806 54.5596128, -1.3723318 54.5564783, -1.3702594 54.5540259, -1.3678535 54.5511785, -1.3649259 54.5477135, -1.3624871 54.5448267, -1.3624667 54.5419129, -1.3624463 54.5390059, -1.3631297 54.5360388, -1.3638361 54.5329716, -1.364547 54.5298845, -1.3650449 54.5277223, -1.3657466 54.5246749, -1.3664223 54.5217403, -1.3661427 54.5203152, -1.3657287 54.5182045, -1.3650209 54.514596, -1.3643791 54.5113241, -1.3638185 54.5084651, -1.363271 54.5056734, -1.3626992 54.5028733, -1.36215 54.4999167, -1.3616075 54.4972627, -1.3609652 54.4939918, -1.3603821 54.4908983, -1.3600873 54.4895298, -1.3597248 54.4875904, -1.3597563 54.4846474, -1.3597885 54.4816307, -1.3598162 54.4790439, -1.3598484 54.4760268, -1.3598786 54.4731996, -1.3599159 54.4697144, -1.3599384 54.4676072, -1.3584287 54.4650598, -1.356678 54.4621056, -1.35521 54.4596282, -1.3532303 54.4562872, -1.35531 54.4536022, -1.3573288 54.4503064, -1.3592947 54.4470968, -1.3613622 54.4437211, -1.3633325 54.4405037, -1.3653824 54.4371561, -1.366096 54.4345768, -1.3682652 54.4309792, -1.3702512 54.4276853, -1.3721583 54.4245917, -1.374429 54.420755, -1.3736203 54.418241, -1.3726906 54.4153236, -1.3717031 54.4122246, -1.3722317 54.4088015, -1.3728044 54.405092, -1.3732935 54.4019242, -1.3742558 54.3987939, -1.3753277 54.3952145, -1.3763381 54.3918504, -1.3773543 54.3884922, -1.3784184 54.3851533, -1.3790927 54.382806, -1.38012 54.3793781, -1.3790763 54.3757566, -1.3781775 54.3726815, -1.377367 54.3697328, -1.3764448 54.3664617, -1.3755603 54.3634069, -1.3719929 54.3611296, -1.368866 54.3591803, -1.3645846 54.3564901, -1.3616291 54.3546429, -1.3589922 54.3529663, -1.3557323 54.35086, -1.3563719 54.3478963, -1.3570393 54.3448864, -1.3577238 54.3418989, -1.3585392 54.3385526, -1.3591314 54.3358361, -1.3599876 54.3319908, -1.3608145 54.3287848, -1.3615742 54.3256153, -1.3623242 54.3223036, -1.3630937 54.3191109, -1.363756 54.3160657, -1.3644865 54.3128271, -1.3636965 54.3100672, -1.3627822 54.306909, -1.3616079 54.3031609, -1.360885 54.3005944, -1.3584379 54.297676, -1.3561197 54.2946406, -1.353899 54.2916561, -1.3509827 54.2887659, -1.3480645 54.2861145, -1.3462556 54.2830828, -1.3447362 54.2803982, -1.3433614 54.27792, -1.3414922 54.274747, -1.3397925 54.2718621, -1.3384256 54.2694162, -1.3372759 54.2673835, -1.3347835 54.2651344, -1.3321707 54.262789, -1.330402 54.2604506, -1.3284324 54.2578444, -1.3269049 54.2558297, -1.3250995 54.2534803, -1.3235396 54.2514128, -1.3215609 54.2488085, -1.3216776 54.2459733, -1.3217666 54.2435894, -1.3218333 54.2415205, -1.3219111 54.2391331, -1.322 54.2364565, -1.3220794 54.2339994, -1.3213441 54.2315185, -1.3207314 54.2293736, -1.3200082 54.2268372, -1.3224519 54.2249264, -1.3249473 54.2229658, -1.3273468 54.2210905, -1.3300961 54.2189849, -1.3331588 54.2165736, -1.3349515 54.2144677, -1.3365914 54.2124464, -1.3343003 54.2101335, -1.3318244 54.2075759, -1.3295092 54.2052251, -1.3269184 54.2027365, -1.3250548 54.2006712, -1.3234637 54.1981175, -1.3218361 54.1955498, -1.3203952 54.1931464, -1.3188717 54.1905728, -1.31733 54.1880674, -1.3159106 54.1857641, -1.3143656 54.18319, -1.3131618 54.181086, -1.3124162 54.1790265, -1.3115761 54.1763208, -1.3110182 54.1746378, -1.3106749 54.1726157, -1.3103562 54.1707002, -1.3100741 54.1690736, -1.3096267 54.1665047, -1.308983 54.1633139, -1.3084218 54.1602798, -1.3078457 54.1571701, -1.3073307 54.1540162, -1.3065797 54.1505353, -1.3038755 54.1478016, -1.3012469 54.1452126, -1.2982938 54.1423786, -1.2959442 54.1400658, -1.2936482 54.1378346, -1.2910974 54.1353766, -1.2885091 54.1328563, -1.2863097 54.1306812, -1.2826083 54.1278648, -1.2784482 54.1246204, -1.2749398 54.1219544, -1.2717212 54.1194833, -1.2684677 54.1169368, -1.2654233 54.114616, -1.26243 54.1123267, -1.2594769 54.1100817, -1.2554026 54.107056, -1.2502206 54.1059238, -1.2440381 54.104578, -1.2403071 54.1037786, -1.2338376 54.1023884, -1.2286663 54.1012781, -1.2233032 54.1001057, -1.2190962 54.0992146, -1.2155557 54.0982898, -1.2119467 54.0973848, -1.2084853 54.0965187, -1.2054598 54.0957417, -1.2016095 54.0947831, -1.1981548 54.0939086, -1.1947591 54.0930465, -1.1912173 54.0918502, -1.1875799 54.0906106, -1.1840343 54.0894213, -1.180478 54.0881974, -1.1764064 54.0868444, -1.1726033 54.0855481, -1.1688697 54.0842706, -1.1658334 54.0818727, -1.1623948 54.0791535, -1.1590058 54.0764663, -1.1557635 54.0738877, -1.1530384 54.0717474, -1.1506244 54.0697706, -1.147395 54.0672522, -1.1466118 54.0637956, -1.1458394 54.0607857, -1.1450776 54.0577126, -1.14423 54.0542362, -1.1434468 54.0510745, -1.1426529 54.047944, -1.1428889 54.0449078, -1.143125 54.0416635, -1.1434361 54.0387465, -1.1436078 54.0352685, -1.1429855 54.0328615, -1.1375889 54.0323007, -1.1372655 54.0322673, -1.1323961 54.0317651, -1.1270961 54.0312358, -1.1215278 54.0306308, -1.1168178 54.0301393, -1.1110243 54.0295784, -1.1051771 54.0289545, -1.099995 54.0284252, -1.0939654 54.027795, -1.0876676 54.0279336, -1.0818204 54.0279966, -1.0761321 54.0281043, -1.0712677 54.0257969, -1.0674013 54.0239564, -1.0632328 54.0219713, -1.0593639 54.0201417, -1.0548791 54.0179722, -1.0507404 54.0159994, -1.0462865 54.0139093, -1.0416302 54.0116649, -1.0414692 54.0081973, -1.0412547 54.0047862, -1.0410949 54.0015598, -1.0408632 53.9984385, -1.0406902 53.9950853, -1.040533 53.9922699, -1.04037 53.989357, -1.037604 53.9874507, -1.0345723 53.985379, -1.0313468 53.9832095, -1.0281554 53.9810016, -1.0277154 53.9780295, -1.0272433 53.9743761, -1.0275437 53.9718141, -1.0278978 53.9689019, -1.0267391 53.9658157, -1.0257598 53.9632275, -1.0250336191672458 53.962495833780366, -1.0233721447333293 53.956801073835514)",False
way/89038614-400,way/24165071-400,400.0,3574.952866822164,35460.61,Al/St 240/40 4-bundle 380.0,"LINESTRING (-0.3015712746298003 52.2146511599849, -0.2979697906564886 52.20952621140769, -0.2978688 52.2091976, -0.2967027 52.2054711, -0.2948016 52.2031818, -0.2925995 52.2005076, -0.2908292 52.1982945, -0.2887741 52.1958695, -0.2860334 52.19252, -0.283635 52.1897563, -0.2811813 52.1866844, -0.2790409 52.1837244, -0.2771795 52.1810075, -0.275023 52.1778069, -0.2733171 52.1753265, -0.2708495 52.1717768, -0.2716112 52.1683847, -0.2720527 52.1665268, -0.2724212 52.1649759, -0.2732098 52.1615668, -0.2739179 52.1581575, -0.2746475 52.155077, -0.2753717 52.1518284, -0.276128 52.1483855, -0.2768737 52.1450607, -0.2776837 52.1416337, -0.2781504 52.1393949, -0.2750498 52.1366852, -0.2718955 52.13387, -0.269283 52.1315979, -0.2666598 52.1292829, -0.2640957 52.1270501, -0.2614564 52.124804, -0.2585649 52.1222416, -0.2557969 52.11988, -0.2534768 52.1178584, -0.2508351 52.1154826, -0.2475306 52.1125375, -0.2447679 52.1101425, -0.2412328 52.1070224, -0.2390829 52.1038064, -0.2369412 52.1003896, -0.2360928 52.0990718, -0.2348813 52.0971898, -0.232757 52.0939601, -0.2308473 52.0909707, -0.2285781 52.0874275, -0.2263808 52.0841418, -0.2243299 52.0809517, -0.2221891 52.0775509, -0.2201077 52.074366, -0.2179297 52.0709565, -0.2157893 52.0676458, -0.2138581 52.0646778, -0.2114549 52.0610038, -0.2096256 52.0580189, -0.2075281 52.0548424, -0.2075281 52.0513391, -0.207512 52.0479742, -0.2074369 52.0447211, -0.2074262 52.0413622, -0.2073887 52.0375048, -0.2074048 52.0341751, -0.2073457 52.0312775, -0.2048727 52.0283665, -0.202271 52.0254619, -0.1996532 52.022326, -0.196928 52.0192163, -0.1942458 52.0161064, -0.1948091 52.0128379, -0.1951417 52.0107709, -0.1955601 52.0081479, -0.1960912 52.0053711, -0.1966592 52.0018733, -0.1977703 51.9984817, -0.1988933 51.9950731, -0.2000912 51.9915032, -0.2010746 51.9885471, -0.2017275 51.9863461, -0.1983123 51.9829786, -0.1979583 51.9804791, -0.197572 51.9784437, -0.1970785 51.9752979, -0.1965743 51.9725089, -0.1989346 51.9689925, -0.2018743 51.9662559, -0.2051287 51.9633595, -0.2079361 51.9608418, -0.2106716 51.9595653, -0.2123564 51.9587791, -0.215023 51.9575331, -0.2169269 51.9566435, -0.2213901 51.9546137, -0.225467 51.9527358, -0.2293629 51.9508989, -0.2340485 51.9487603, -0.2385291 51.9467085, -0.2406749 51.9438626, -0.2432463 51.9403668, -0.2448192 51.9382377, -0.2469673 51.9352836, -0.2473293019049292 51.93481028795958, -0.2493263462663941 51.92769348103161)",False
way/91003253-400,way/314338790-400,400.0,3574.952866822164,27748.29,Al/St 240/40 4-bundle 380.0,"LINESTRING (-0.8681653689223726 53.077449502050655, -0.8709325627741569 53.0849783373594, -0.8714659 53.0861946, -0.8692713 53.087884, -0.8665248 53.0901908, -0.8637122 53.0926208, -0.8607081 53.095042, -0.8574465 53.0977478, -0.8540133 53.1006338, -0.8504792 53.1035131, -0.8470305 53.1063923, -0.8436718 53.1093163, -0.8411612 53.1115833, -0.8380413 53.1144542, -0.8354535 53.1168252, -0.8329215 53.1191561, -0.8299603 53.1217574, -0.8298745 53.1251825, -0.8297672 53.1284916, -0.8296814 53.1320321, -0.8295312 53.1353663, -0.8294668 53.1383399, -0.829381 53.1413132, -0.8292737 53.1444794, -0.8292093 53.1478899, -0.8289518 53.1510942, -0.8286085 53.1542726, -0.8283296 53.1574765, -0.8280292 53.1610274, -0.8278146 53.1640249, -0.8275571 53.1672667, -0.8269134 53.1739165, -0.8266988 53.1773504, -0.8264413 53.1808483, -0.8261838 53.1846031, -0.8259907 53.1881133, -0.825819 53.1913403, -0.8227506 53.1942971, -0.8230295 53.1968681, -0.8233728 53.2000302, -0.8236947 53.2030764, -0.8240166 53.2060325, -0.8244243 53.2094252, -0.8247247 53.2130618, -0.8235847 53.2155362, -0.8224877 53.2179053, -0.8192374 53.2186831, -0.8165493 53.2193245, -0.8139263 53.2199588, -0.8113364 53.2205785, -0.8090278 53.2211429, -0.8065556 53.2217306, -0.802953 53.2225911, -0.7973302 53.2239228, -0.7931997 53.2249266, -0.7890097 53.2260188, -0.7847004 53.2271542, -0.7839226 53.2303819, -0.7831175 53.2336125, -0.7827977 53.2358897, -0.7821111 53.2399478, -0.7815961 53.2427215, -0.7810811 53.2457647, -0.7807592 53.2478576, -0.7803086 53.2505409, -0.7798151 53.2533909, -0.7792572 53.2566259, -0.7786778 53.2602585, -0.7782272 53.2627742, -0.7797507 53.2653924, -0.7813815 53.2682287, -0.783141 53.2713727, -0.7848576 53.2743112, -0.786424 53.276903, -0.7877544 53.2794049, -0.7871751 53.2818553, -0.7863382 53.2856911, -0.7856516 53.2886029, -0.7849649 53.2916941, -0.7842354 53.2945927, -0.7841174368142508 53.295056265221035, -0.7813506037980721 53.30073276405216)",False
way/91003253-400,way/143905069-400,400.0,3574.952866822164,18884.14,Al/St 240/40 4-bundle 380.0,"LINESTRING (-0.8681653689223726 53.077449502050655, -0.873955783756832 53.08431348195771, -0.8758216 53.0860703, -0.878798 53.088896, -0.8815488 53.0915746, -0.8812227 53.0944499, -0.8808229 53.0973774, -0.8804717 53.0999251, -0.8800855 53.1031717, -0.8796134 53.1067787, -0.8791628 53.1101922, -0.878047 53.113322, -0.8768883 53.1162714, -0.8757296 53.1197743, -0.8745923 53.1228133, -0.8735838 53.1256332, -0.8725109 53.1287362, -0.8712878 53.1319935, -0.8707943 53.1341562, -0.8694425 53.1376448, -0.8685198 53.1406182, -0.8675327 53.1435914, -0.8663258 53.1469185, -0.8652406 53.1503298, -0.8643662 53.1530218, -0.8631983 53.1561512, -0.8621469 53.1594579, -0.861074 53.1625198, -0.8591213 53.1657231, -0.8571472 53.1687202, -0.8551356 53.1719552, -0.8534994 53.1747011, -0.8514395 53.1779678, -0.8492299 53.1810348, -0.8471592 53.1838509, -0.8448203 53.1871747, -0.8424707 53.1903118, -0.8407004 53.1928509, -0.8387263 53.1954927, -0.8365806 53.1983914, -0.8346601 53.2012, -0.8335121 53.2030958, -0.8313556 53.2065209, -0.8295312 53.2094767, -0.8280721 53.211944, -0.8266499 53.2138402, -0.8257976 53.2149765, -0.8236142 53.2180701, -0.819029 53.2192038, -0.8158092 53.2199941, -0.8133871 53.2205778, -0.8099099 53.2214318, -0.8074446 53.2220456, -0.8047721 53.2226843, -0.8005768 53.2237104, -0.8004777598525301 53.22373488427235, -0.793448114530451 53.228147338423845)",False
way/89573358-400,way/89573357-400,400.0,1787.4764334110816,10164.01,Al/St 240/40 4-bundle 380.0,"LINESTRING (-4.090135646685173 52.928072048443816, -4.082575072847877 52.92678281414903, -4.0775144 52.9252031, -4.073991 52.9251825, -4.0701158 52.9251593, -4.0658495 52.9251202, -4.0608746 52.9232459, -4.0553484 52.9201596, -4.0512541 52.9198026, -4.0455944 52.9207932, -4.0451728 52.920865, -4.0424965 52.9213211, -4.0388851 52.9219096, -4.0362364 52.9223129, -4.0320991 52.9229784, -4.028088 52.9231231, -4.0207268 52.9233359, -4.0162026 52.923499, -4.0105296 52.9238849, -4.006436 52.92419, -4.0027064 52.9244722, -4.0008775 52.9246028, -3.9982883 52.9247878, -3.9943116 52.9246005, -3.9897148 52.9243947, -3.9862511 52.9249998, -3.979069 52.9262392, -3.9750101 52.9269557, -3.9702257 52.9278014, -3.9661494 52.9285174, -3.9626311 52.929682, -3.9591321 52.9308198, -3.9559473025255536 52.93011575421048, -3.946765740113734 52.92716626149434)",False
way/90539508-400,way/101077623-400,400.0,1787.4764334110816,12854.37,Al/St 240/40 4-bundle 380.0,"LINESTRING (-1.6019111186114952 53.48771148519811, -1.592953935760226 53.48701510243774, -1.5915666 53.4866958, -1.586605 53.485635, -1.581119 53.4845892, -1.5755996 53.4835016, -1.5711599 53.4826353, -1.5649041 53.4813995, -1.5605897 53.4802186, -1.5569259 53.4777891, -1.5565181 53.4757555, -1.5558958 53.4726712, -1.5552199 53.469178, -1.5528703 53.4663998, -1.550628 53.4637939, -1.5482998 53.4605108, -1.5461256 53.4576092, -1.5454137 53.4554514, -1.5450605 53.4541253, -1.5449716 53.4537914, -1.5439868 53.4506726, -1.5433431 53.4483277, -1.542269 53.4454868, -1.5393412 53.4443979, -1.5365134 53.4434453, -1.5311658 53.4416437, -1.5279687 53.4405701, -1.5260547 53.4382075, -1.5239059 53.4356204, -1.5238916 53.4356027, -1.5215314 53.4326896, -1.5196875 53.4304975, -1.5157378 53.4281959, -1.5110922 53.4265462, -1.5061891 53.4246926, -1.5046764 53.4220778, -1.5033567 53.4199167, -1.5017045 53.4184781, -1.4991403 53.4161314, -1.4973807 53.4147246, -1.4932072 53.4119237, -1.4923556237713567 53.41098985168311, -1.4880062637257132 53.40633399792949)",False
relation/7881280-400,relation/13110369-400,400.0,3574.952866822164,28026.17,Al/St 240/40 4-bundle 380.0,"LINESTRING (-0.8088344601805582 53.35935914632315, -0.8108778437877011 53.36522107424033, -0.8108064 53.3652742, -0.8069135 53.3681281, -0.8034221 53.3713223, -0.8028346 53.3747813, -0.8022808 53.3783351, -0.8016945 53.3818195, -0.8012407 53.3846023, -0.8006448 53.3881197, -0.8001046 53.3916532, -0.7995387 53.3951227, -0.7989466 53.3987381, -0.7984453 53.4020786, -0.8022295 53.404704, -0.8061411 53.4073911, -0.8101142 53.4101591, -0.8139331 53.4128289, -0.817996 53.415623, -0.8204898 53.4180296, -0.8211762 53.4210378, -0.8217956 53.4238073, -0.8223826 53.4264817, -0.8231062 53.4298681, -0.8238048 53.432985, -0.8245699 53.4366129, -0.8253759 53.4400925, -0.8247135 53.4422988, -0.8236694 53.4456862, -0.8234296 53.4464648, -0.8225588 53.4492925, -0.8202395 53.4520942, -0.8173956 53.4554666, -0.8149151 53.4584292, -0.8134908 53.461605, -0.812265 53.464397, -0.8111459 53.4668427, -0.8098136 53.4698593, -0.8086266 53.4725931, -0.8077497 53.4744962, -0.8068922 53.4763532, -0.8057731 53.4790145, -0.8042228 53.4824568, -0.8029001 53.4854464, -0.8016454 53.4882397, -0.8003034 53.4912288, -0.7988499 53.4945174, -0.7978228 53.4968663, -0.7968394 53.4991401, -0.7952309 53.5027855, -0.7938017 53.5060675, -0.792792 53.5083676, -0.7914589 53.5114145, -0.790269 53.514171, -0.7886101 53.5179251, -0.787242 53.5209968, -0.7858855 53.5240913, -0.7846917 53.5268123, -0.7832383 53.5301276, -0.7816182 53.5337582, -0.7803624 53.5366307, -0.7792307 53.5391874, -0.7780331 53.5419259, -0.7766688 53.5450419, -0.7754014 53.5478814, -0.7741185 53.5507759, -0.7726302 53.5542228, -0.771607 53.5565391, -0.7700451 53.5600845, -0.768533 53.5634147, -0.7670452 53.5667326, -0.7655474 53.5698476, -0.763991 53.573005, -0.7620895 53.5766368, -0.7604665 53.5798081, -0.7588798 53.5829647, -0.7575596 53.5856502, -0.756082 53.5885908, -0.7546904870061905 53.591380918917665, -0.7560371087940547 53.5980610737722)",False
GB42-400,way/314338790-400,400.0,3574.952866822164,13457.37,Al/St 240/40 4-bundle 380.0,"LINESTRING (-0.8179951618920013 53.41570494834614, -0.8179004356821443 53.410653405290624, -0.8174334 53.4085953, -0.8167125 53.4051304, -0.8160198 53.4022021, -0.8153634 53.3992916, -0.8147331 53.3961846, -0.8141597 53.3933573, -0.8138037 53.3900751, -0.8134429 53.3862919, -0.8131506 53.3831568, -0.8129266 53.3807942, -0.8134456 53.3773226, -0.8138573 53.3744964, -0.8141438 53.3725285, -0.8145794 53.369624, -0.8150247 53.3667133, -0.8155022 53.3633967, -0.8149065 53.3614542, -0.8133268 53.3594095, -0.8112328 53.3575448, -0.8084498 53.3577232, -0.8079105 53.3570433, -0.80978 53.3533969, -0.8082676 53.3501543, -0.8067041 53.3468284, -0.8051697 53.343624, -0.803631 53.3404322, -0.8021341 53.3372628, -0.8005912 53.3339912, -0.7989208 53.3304845, -0.7972944 53.3270758, -0.7957907 53.3239184, -0.7943153 53.3208195, -0.7928903 53.3177736, -0.7916454 53.3151772, -0.7904721 53.3127763, -0.7889339948155041 53.309473858397666, -0.7813506037980721 53.30073276405216)",False
way/96107758-400,way/92458761-400,400.0,1787.4764334110816,41701.72,Al/St 240/40 4-bundle 380.0,"LINESTRING (-2.2089003207258897 52.55642712510978, -2.2140774993101657 52.551374342215574, -2.2142779 52.550809, -2.2135995 52.5486852, -2.2126037 52.5453809, -2.2114419 52.5417822, -2.2103597 52.5383278, -2.2092738 52.5349906, -2.2081494 52.5312676, -2.2071532 52.5281178, -2.2063566 52.5254839, -2.2032391 52.5229041, -2.201499 52.5214306, -2.2003936 52.5188479, -2.1986847 52.5147748, -2.1974637 52.5121876, -2.1957322 52.5080776, -2.1964001 52.5040376, -2.1968453 52.5016836, -2.1976213 52.4976905, -2.2002503 52.4951038, -2.2018366 52.4926461, -2.2042407 52.4889441, -2.2012762 52.4857206, -2.1990352 52.4832279, -2.19581 52.4796899, -2.1935632 52.4771285, -2.1916757 52.4741076, -2.1893153 52.4705511, -2.1875642 52.4677507, -2.1854292 52.4643356, -2.1863642 52.4607845, -2.1867694 52.4587145, -2.1876592 52.4555681, -2.1882526 52.4533469, -2.1891427 52.4498856, -2.1901175 52.4464047, -2.1910394 52.4426846, -2.1917477 52.4400677, -2.1924732 52.4357655, -2.1929083 52.4333589, -2.1932303 52.4314478, -2.1936383 52.4289213, -2.194175 52.4254914, -2.1946688 52.4223231, -2.1954417 52.4194818, -2.1963649 52.4161035, -2.197331 52.4126595, -2.1982112 52.4093331, -2.1988928 52.4066246, -2.1996073 52.4040696, -2.2002448 52.4017424, -2.1951454 52.3986961, -2.1929472 52.3972529, -2.189586 52.3952405, -2.1860938 52.3929345, -2.1840845 52.391425, -2.1808761 52.3894658, -2.1764137 52.3864768, -2.1730125 52.3842239, -2.1688062 52.3814261, -2.1652646 52.3793343, -2.1612422 52.376905, -2.1578104 52.3749127, -2.1531401 52.3721856, -2.1504419 52.3705456, -2.147651 52.3688761, -2.1426673 52.365899, -2.1426196 52.3627132, -2.1425944 52.3588217, -2.1425809 52.3558031, -2.1425748 52.3531885, -2.1425845 52.3502226, -2.1425507 52.346596, -2.1387037 52.3449064, -2.1343017 52.3430074, -2.1291178 52.3407338, -2.1270905 52.3388198, -2.1254736 52.3369235, -2.1238759 52.3357497, -2.1235703 52.335459, -2.1233741 52.3352724, -2.1218348 52.3338084, -2.1209702 52.3329861, -2.1190684 52.3311751, -2.1159034 52.329058, -2.113104 52.3271914, -2.1101035 52.3251823, -2.1065006 52.3227663, -2.102433 52.3200766, -2.0994783 52.3181128, -2.0956895 52.315566, -2.0926469 52.3135377, -2.088458 52.3108066, -2.086672 52.3096305, -2.0828493 52.3070839, -2.0800608 52.30418, -2.0777629 52.301817, -2.0749933 52.2989039, -2.0732892 52.2971231, -2.0689387 52.2954779, -2.0636246 52.2935001, -2.0590478 52.2918251, -2.0546478 52.2901559, -2.0489398 52.2879791, -2.0442191 52.2858179, -2.0397528 52.2838537, -2.0358392 52.2820122, -2.0319061 52.2802283, -2.0271521 52.2780592, -2.0242311 52.2767311, -2.0198447 52.2747591, -2.0155641 52.27279, -2.0110669 52.2707715, -2.007451 52.2691536, -2.0033768 52.2673075, -1.999212 52.2654213, -1.9939745 52.2630665, -1.9897543 52.2611709, -1.9845621 52.2588313, -1.9803167 52.256917, -1.9796984361181806 52.25631423834679, -1.9726738865018782 52.25110813442906)",False
relation/7894457-400,way/92529432-400,400.0,1787.4764334110816,2657.67,Al/St 240/40 4-bundle 380.0,"LINESTRING (-2.405178454491036 53.435411487897824, -2.3910429243260642 53.43536875225542, -2.3870873 53.4353899, -2.3812263 53.435369, -2.3807473115453304 53.43537487153773, -2.3791827939912915 53.42611869761402)",False
way/31545125-400,way/87204522-400,400.0,3574.952866822164,35031.39,Al/St 240/40 4-bundle 380.0,"LINESTRING (-1.9602927441073628 52.55324524183235, -1.9504305092177332 52.552190870722455, -1.9452085 52.5518488, -1.9409054 52.5515866, -1.936782 52.5527539, -1.9328582 52.5539581, -1.9316916 52.5559176, -1.9296309 52.5594665, -1.9252418 52.5615634, -1.9210332 52.5635522, -1.9180911 52.5649851, -1.9133418 52.5666918, -1.9096332 52.568028, -1.906516 52.5691341, -1.9042515 52.5717775, -1.905402 52.5742326, -1.9068158 52.5771109, -1.9078786 52.579518, -1.9092918 52.5823927, -1.9106714 52.5850329, -1.9118337 52.5874222, -1.909881 52.589942, -1.9076411 52.5929375, -1.9056558 52.5956301, -1.9030573 52.5991231, -1.9013629 52.6014295, -1.8992322 52.6043826, -1.8973047 52.6069616, -1.8946609 52.610473, -1.8928254 52.612771, -1.8906867 52.6156418, -1.8878754 52.6192643, -1.8860015 52.621689, -1.8819986 52.6243036, -1.8779276 52.6269912, -1.8745936 52.6291808, -1.8705167 52.6318862, -1.8672064 52.6340467, -1.8634207 52.6365895, -1.8593319 52.6392619, -1.8554018 52.6418764, -1.8516794 52.6444133, -1.8480829 52.6467264, -1.8444055 52.6491375, -1.8409439 52.651434, -1.8366011 52.6526995, -1.8314222 52.6541176, -1.8281404 52.6562829, -1.8247327 52.6585135, -1.8215948 52.660575, -1.8184819 52.6626299, -1.8159532 52.6642767, -1.8116218 52.6670772, -1.808348 52.6692396, -1.8044941 52.6718218, -1.8007648 52.6742444, -1.7967896 52.6769006, -1.7933958 52.6790853, -1.7889147 52.6820544, -1.7851765 52.6844954, -1.7800096 52.6864979, -1.7759472 52.6880745, -1.7710716 52.6898856, -1.7660028 52.691808, -1.7615574 52.693494, -1.7574094 52.6950226, -1.7526427 52.6968321, -1.7484729 52.6984063, -1.7438579 52.7001789, -1.7418784 52.7029297, -1.7370268 52.7046534, -1.731473 52.7066739, -1.7273048 52.708098, -1.7227923 52.7093125, -1.7185977 52.710552, -1.7136732 52.7119346, -1.7090057 52.7132434, -1.7045949 52.7144928, -1.6999098 52.7158053, -1.6949773 52.717224, -1.6925102 52.7195953, -1.6900915 52.721981, -1.6874904 52.7245894, -1.6848782 52.7271505, -1.6821531 52.7299249, -1.6789452 52.7330304, -1.6759303 52.7359733, -1.6729263 52.7389159, -1.6701475 52.7416311, -1.667991 52.743755, -1.6648689 52.7468206, -1.6623584 52.7493534, -1.658893 52.7528081, -1.6562858 52.7553471, -1.6552559 52.7582105, -1.6543225 52.7607752, -1.6532067 52.7640148, -1.6523484 52.7663713, -1.6523436555037918 52.76651477435117, -1.6517820699399348 52.77490580595794)",False
GB58-400,way/87204522-400,400.0,1787.4764334110816,14913.96,Al/St 240/40 4-bundle 380.0,"LINESTRING (-1.8397942999999917 52.72777219502959, -1.8349199093347321 52.73114970181366, -1.8326967 52.7326812, -1.8289579 52.7353269, -1.8254419 52.7377871, -1.8224078 52.7399047, -1.8190382 52.7422642, -1.8161021 52.7442923, -1.8120842 52.7471237, -1.8087204 52.7495225, -1.8062028 52.7501783, -1.8027075 52.7511085, -1.8002553 52.751763, -1.796929 52.7526428, -1.7932214 52.7536234, -1.7887969 52.754737, -1.7844196 52.7559448, -1.7787118 52.7573603, -1.7740341 52.7586849, -1.7700429 52.759736, -1.7661162 52.7608008, -1.7606445 52.7621253, -1.7575117 52.7613072, -1.7523618 52.7599178, -1.7468043 52.7584122, -1.7416974 52.7569967, -1.7360111 52.7554643, -1.7323847 52.7549968, -1.7274709 52.7543474, -1.7221923 52.7536591, -1.7168494 52.7529838, -1.7123003 52.7544124, -1.708438 52.7556591, -1.7044254 52.7569318, -1.7000149 52.7583818, -1.6950559 52.7599542, -1.6903604 52.7614763, -1.6860372 52.7629173, -1.681574 52.7642936, -1.6760809 52.7660464, -1.671961 52.7674746, -1.6681844 52.7682406, -1.6643870025677772 52.76914679145025, -1.6517820699399348 52.77490580595794)",False
way/263863442-400,way/32796576-400,400.0,3574.952866822164,40735.98,Al/St 240/40 4-bundle 380.0,"LINESTRING (-1.2592858617995804 51.625597819503405, -1.2489002725713794 51.6226478673397, -1.2459055 51.6208425, -1.2420875 51.618521, -1.2382798 51.6162055, -1.2339401 51.6136073, -1.2303 51.6114128, -1.2265009 51.6091057, -1.225636 51.6060735, -1.2247525 51.602892, -1.2237886 51.5994809, -1.2229174 51.5960966, -1.2219381 51.5929536, -1.2189869 51.5917043, -1.2153198 51.5901856, -1.211407 51.5885972, -1.2070629 51.5868087, -1.2027348 51.5849844, -1.1985485 51.5832235, -1.1942773 51.5815278, -1.1897433 51.5797064, -1.1853745 51.5779449, -1.1811103 51.5757909, -1.1767094 51.5733811, -1.1726748 51.5712006, -1.1682261 51.5689869, -1.163993 51.5667182, -1.1594333 51.5643179, -1.1582424 51.560751, -1.1576845 51.5587033, -1.1566652 51.5554014, -1.1554958 51.5518124, -1.1546375 51.5490531, -1.1531891 51.5447069, -1.152481 51.5421313, -1.1564721 51.538915, -1.1603195 51.5351156, -1.1597843 51.5350277, -1.1603758 51.5347826, -1.1603322 51.5347466, -1.1600115 51.5345527, -1.1597514 51.5344342, -1.1596541 51.5343983, -1.1595194 51.5342926, -1.1592329 51.5335416, -1.1592348 51.5334315, -1.1592461 51.5333447, -1.1592873 51.5332176, -1.1597386 51.532409, -1.1603394 51.5316179, -1.162119 51.5295998, -1.1621415 51.5283782, -1.1630309 51.5281506, -1.1635394 51.527686, -1.1645265 51.5261241, -1.1648456 51.5255352, -1.1651702 51.5249359, -1.1649342 51.5243084, -1.1652056 51.5228499, -1.1652561 51.5203458, -1.1645265 51.5189145, -1.164961 51.5184859, -1.1649029 51.51681, -1.1631757 51.5133154, -1.1627846 51.5129509, -1.1631478 51.5124787, -1.1628878 51.51179, -1.1630942 51.5114076, -1.1585386 51.5082081, -1.1557076 51.5061717, -1.1521965 51.5035159, -1.1496383 51.5012227, -1.1461725 51.4984757, -1.1422846 51.4953592, -1.1391824 51.4930177, -1.1354726 51.4900635, -1.1320166 51.4873402, -1.1297938 51.4855109, -1.1267815 51.4836108, -1.1234575 51.4813467, -1.1200996 51.4791379, -1.1239768 51.4768128, -1.1268188 51.4749808, -1.1253069 51.4726652, -1.1233349 51.4696534, -1.1216112 51.4669463, -1.1188796 51.4642981, -1.1165571 51.4618273, -1.1143367 51.459693, -1.1094505 51.4587328, -1.1040239 51.4577043, -1.0984438 51.4565894, -1.0934335 51.4555836, -1.0879557 51.4544958, -1.0845814 51.4517923, -1.0811778 51.4490068, -1.0776287 51.446211, -1.0742204 51.4434797, -1.070564 51.4405122, -1.0684219 51.4387594, -1.0672316 51.4355967, -1.0659045 51.4323769, -1.0644888 51.4287681, -1.0637065 51.4269382, -1.0624253 51.4237913, -1.0614211 51.4211301, -1.0639629 51.419938, -1.0678575 51.418086, -1.0712345 51.416271, -1.0736909 51.4140603, -1.0758801 51.4119726, -1.0781901 51.4098609, -1.0811238 51.4072012, -1.0810944 51.4042645, -1.0810585 51.401186, -1.0809509 51.397541, -1.0812571 51.3942572, -1.0813978 51.3909215, -1.0814971 51.3871002, -1.0816378 51.3842236, -1.0817002 51.3811312, -1.0818668 51.3786754, -1.0819872 51.375327, -1.0821228 51.3723635, -1.0800979 51.3699788, -1.0771519 51.36678, -1.0752581 51.3644677, -1.0737115 51.3626546, -1.0705972 51.3592516, -1.0683457 51.3565776, -1.0656207 51.3535027, -1.0629273 51.3503749, -1.0632429 51.347661, -1.0635323 51.3444133, -1.0683855 51.342625, -1.07131806041164 51.341616385448326, -1.0772802749418453 51.33629200924364)",False
way/95279334-400,way/103915328-400,400.0,3574.952866822164,28390.27,Al/St 240/40 4-bundle 380.0,"LINESTRING (-2.1505685250801054 51.393693602413045, -2.144694048097893 51.40091552997638, -2.143517 51.4019637, -2.1407028 51.4045003, -2.1400787 51.4079429, -2.139478 51.4112542, -2.1389435 51.413864, -2.1395148 51.4175626, -2.1398826 51.4198028, -2.1403975 51.4229221, -2.1409369 51.4260336, -2.1413415 51.4290607, -2.1425947 51.4314273, -2.1441027 51.4345191, -2.145321 51.4368719, -2.1466215 51.4394173, -2.148166 51.4425288, -2.1496971 51.4457015, -2.1515989 51.4493372, -2.1528348 51.4518241, -2.1522918 51.4546186, -2.1515958 51.4580341, -2.1509017 51.4614794, -2.1505985 51.4628997, -2.1502582 51.4644937, -2.1469233 51.4669356, -2.1434759 51.4692871, -2.1398225 51.4718257, -2.1365716 51.4741256, -2.1337584 51.4760966, -2.130429 51.478366, -2.1268949 51.4807802, -2.1226501 51.4837066, -2.1180441 51.4850064, -2.112503 51.4866175, -2.1080482 51.4879386, -2.1030345 51.4893458, -2.0985358 51.4906154, -2.09373 51.491932, -2.0886003 51.4933881, -2.0841122 51.4946711, -2.0794235 51.4960328, -2.074928 51.4972606, -2.0730919 51.5004407, -2.0715013 51.5032917, -2.069726 51.5062585, -2.0679038 51.5093992, -2.066105 51.5125033, -2.0643062 51.515658, -2.0626242 51.5185727, -2.060767 51.5218579, -2.0594588 51.5243798, -2.0578118 51.5276863, -2.05627 51.5307528, -2.0546574 51.5339158, -2.0533265 51.5365656, -2.0517079 51.5398286, -2.0500753 51.5430746, -2.0468429 51.5456563, -2.0434021 51.5484521, -2.0402549 51.5510042, -2.0369594 51.5536959, -2.0337811 51.5562659, -2.0307834 51.5587571, -2.0276287 51.5613039, -2.0239642 51.56431, -2.0209231 51.5667782, -2.0206193 51.5698117, -2.0202636 51.5733796, -2.0201067 51.5762406, -2.0198466 51.580049, -2.0195635 51.583472, -2.0193034 51.5867569, -2.0177426 51.589571, -2.0156534 51.5933447, -2.0142404 51.5960653, -2.0123302 51.5995028, -2.0108414 51.6022422, -2.0097318 51.6043272, -2.009481864523178 51.60442447931773, -2.002022274481397 51.607606647503744)",False
relation/7872518-400,GB67-400,400.0,3574.952866822164,22525.68,Al/St 240/40 4-bundle 380.0,"LINESTRING (0.5758981171408233 51.86573282741804, 0.5859563055318319 51.86268821900715, 0.588311 51.8623057, 0.5927896 51.8628378, 0.5970168 51.8632949, 0.6011796 51.8637985, 0.6064904 51.8644875, 0.6116633 51.8648953, 0.6161277 51.8652472, 0.6207419 51.865611, 0.6267686 51.8660861, 0.632248 51.866518, 0.6377542 51.8669521, 0.6433761 51.8674357, 0.6446953 51.8708506, 0.6460197 51.8742787, 0.6474043 51.8778624, 0.6487899 51.8812089, 0.6500387 51.8843855, 0.652132 51.8873447, 0.6544899 51.8905838, 0.6565833 51.8935102, 0.6619255 51.8940794, 0.6672129 51.8946691, 0.6734275 51.8953478, 0.6788027 51.8959503, 0.6827723 51.8983567, 0.6869076 51.9008873, 0.6910553 51.9034177, 0.6950784 51.9058473, 0.6988801 51.9081539, 0.7026148 51.9104206, 0.7068581 51.9129234, 0.7108117 51.9153461, 0.7151834 51.9180186, 0.7181617 51.9198067, 0.7210416 51.9215186, 0.7242297 51.9234852, 0.7282125 51.9258953, 0.7278598 51.9291879, 0.7275307 51.9327197, 0.7271557 51.9361985, 0.7268135 51.9397804, 0.726556 51.9426773, 0.7259769 51.9461928, 0.7255316 51.9487885, 0.7249681 51.9520679, 0.7243888 51.9554137, 0.7238953 51.9592881, 0.7234876 51.9617607, 0.7236163 51.9652776, 0.7238309 51.9682918, 0.722758 51.9719008, 0.7217709 51.9754433, 0.7208697 51.9786948, 0.7216422 51.9813381, 0.7225434 51.9844174, 0.7225434 51.987536, 0.722479 51.9909056, 0.722479 51.9948033, 0.7224769796948082 51.99632569179409, 0.7255420999999999 52.000393094733305)",False
way/292371992-400,GB91-400,400.0,3574.952866822164,13996.58,Al/St 240/40 4-bundle 380.0,"LINESTRING (-3.132439502728008 51.20628469901352, -3.1226938196421408 51.199265814342766, -3.119819 51.1989495, -3.1157157 51.1972883, -3.1117422 51.1962711, -3.1077088 51.1952324, -3.1036584 51.1942318, -3.1002931 51.1933641, -3.0991652 51.1909945, -3.097885 51.1883088, -3.0965313 51.1855339, -3.0954013 51.1831165, -3.0963194 51.1801528, -3.0968218 51.1783878, -3.0940905 51.1761146, -3.0920144 51.1743732, -3.0890896 51.1719264, -3.0856843 51.1714024, -3.0816497 51.1708569, -3.0765375 51.1701289, -3.0718087 51.1694498, -3.0675666 51.1688366, -3.0633049 51.1682306, -3.0593485 51.1676668, -3.0556619 51.1659467, -3.0524107 51.1644922, -3.0484833 51.1627237, -3.0444782 51.1609247, -3.0378263 51.1578833, -3.0332326 51.1575143, -3.0317059 51.1573852, -3.0286853 51.1571297, -3.0238573 51.1567259, -3.0185358 51.1563087, -3.0136064 51.1558872, -3.0085795 51.1555046, -3.00373 51.1551379, -2.9990952 51.1547206, -2.9943745 51.1541419, -2.9898933 51.1535848, -2.9838012 51.1527932, -2.9819567877902444 51.15265428348155, -2.972139216852804 51.15201082694938)",False
way/95338682-400,way/127184694-400,400.0,3574.952866822164,46824.57,Al/St 240/40 4-bundle 380.0,"LINESTRING (-3.0532200669631977 53.02882769158017, -3.052163703899353 53.02281929604348, -3.0511728 53.0218485, -3.0483238 53.0190631, -3.0467762 53.0171939, -3.0445121 53.0144696, -3.0411416 53.0133454, -3.0375615 53.0121579, -3.0343903 53.0111191, -3.0332299 53.0102216, -3.0330296 53.0100667, -3.0329398 53.0099973, -3.0324578 53.0096245, -3.0313062 53.0087338, -3.0276552 53.0059282, -3.0244869 53.0035152, -3.0233944 53.0001485, -3.0222303 52.99664, -3.0212505 52.9936727, -3.0201646 52.990386, -3.019188 52.9874806, -3.0184956 52.9854206, -3.0177293 52.9831405, -3.0178107 52.9802885, -3.0178671 52.9780707, -3.017929 52.9758121, -3.0180102 52.9726106, -3.0169342 52.9695509, -3.0159603 52.9667425, -3.0152138 52.9645897, -3.0143051 52.9620145, -3.0133901 52.9593687, -3.0125935 52.957023, -3.0089258 52.9530847, -3.007024 52.9510261, -3.005426 52.9493324, -3.0022383 52.9475772, -2.999363 52.9460007, -2.9956012 52.9439424, -2.9922293 52.9420919, -2.9888103 52.9402143, -2.9851662 52.938215, -2.9815265 52.9362426, -2.978928 52.9335836, -2.9759456 52.9305186, -2.9733648 52.9278523, -2.9699788 52.9243607, -2.9674553 52.9217776, -2.9640278 52.9182307, -2.9639827 52.9148026, -2.9640267 52.9112299, -2.964016 52.907651, -2.9640337 52.9047476, -2.9640337 52.9016842, -2.9640337 52.8991175, -2.9640551 52.8956873, -2.9640551 52.8921273, -2.9641006 52.8898006, -2.9639901 52.8891663, -2.9641624 52.886638, -2.9603859 52.8837765, -2.9578753 52.8818213, -2.9541631 52.87883, -2.9507728 52.8762399, -2.9478331 52.8739217, -2.9441853 52.8710335, -2.940947 52.8685132, -2.9373618 52.8657228, -2.9338427 52.8629377, -2.9306884 52.8604504, -2.927384 52.8578463, -2.9238434 52.8551254, -2.9246374 52.8520546, -2.9251897 52.849808, -2.9259892 52.846612, -2.9267892 52.8432969, -2.9276844 52.8395874, -2.9281811 52.8366926, -2.9282222 52.8364533, -2.9287787 52.8332099, -2.924573 52.8315246, -2.9197236 52.82958, -2.9148741 52.8275834, -2.9102607 52.8257294, -2.9060765 52.823966, -2.901785 52.8222415, -2.8976651 52.8205169, -2.8930024 52.8186357, -2.888889 52.8169944, -2.8844915 52.8164891, -2.8794704 52.8159167, -2.8739114 52.8152649, -2.8690191 52.8128915, -2.8652425 52.8110498, -2.8610154 52.8090265, -2.8555866 52.807016, -2.8507801 52.8052389, -2.8456751 52.8033628, -2.8387209 52.7995439, -2.8356524 52.7970529, -2.8321333 52.7941726, -2.8286787 52.7913958, -2.8254386 52.7887746, -2.8224559 52.7862571, -2.8200239 52.7843276, -2.8163942 52.782442, -2.8114804 52.7799955, -2.8075537 52.778042, -2.803209 52.7758484, -2.7991106 52.7737715, -2.7946367 52.7717529, -2.7904954 52.769838, -2.7868476 52.7682347, -2.7824702 52.7662612, -2.778007 52.7642293, -2.7732327 52.7619571, -2.7685764 52.7597821, -2.763802 52.7575485, -2.7593925 52.7554383, -2.7549615 52.7533799, -2.7500155 52.7510291, -2.7456488 52.748977, -2.7420994 52.748578, -2.7376558 52.7480483, -2.7323788 52.7474526, -2.7266695 52.7468078, -2.7212843 52.7461814, -2.7166381 52.744433, -2.7137949 52.7413862, -2.7112736 52.7386437, -2.7078914 52.7351914, -2.7055561 52.7327287, -2.702594 52.729499, -2.6997831 52.7264962, -2.6973047 52.7240579, -2.694896 52.7217455, -2.6942732 52.7186405, -2.6937905 52.7160344, -2.6935022813130463 52.71459178577091, -2.6931463305726107 52.709286290883064)",False
way/143398451-400,way/297840585-400,400.0,3574.952866822164,35095.2,Al/St 240/40 4-bundle 380.0,"LINESTRING (-4.894711934965643 55.717916986062754, -4.8842424142880265 55.71527419359227, -4.883762 55.7133444, -4.8794247 55.7116293, -4.8753623 55.7100227, -4.8713024 55.7084171, -4.8666125 55.7065623, -4.8613373 55.7064449, -4.8569283 55.7063467, -4.8515803 55.7062277, -4.8478088 55.7061437, -4.8415001 55.7060033, -4.8377347 55.7059195, -4.833868 55.7058334, -4.8278428 55.7058892, -4.8229873 55.7059551, -4.8194208 55.7059672, -4.8122325 55.7060338, -4.808381 55.7060695, -4.8041911 55.7061083, -4.7962303 55.706182, -4.791456 55.7062263, -4.7856863 55.7062797, -4.7836656 55.707739, -4.7812392 55.7094912, -4.7762265 55.7131107, -4.7738186 55.7148492, -4.7711592 55.7167693, -4.7666131 55.7200513, -4.7638553 55.7220422, -4.7616086 55.723664, -4.7583157 55.724534, -4.7524172 55.7260923, -4.7476873 55.7273418, -4.7409556 55.7291201, -4.7356697 55.7281545, -4.7318408 55.7274551, -4.7292412 55.7305807, -4.7270274 55.7332422, -4.7242018 55.736639, -4.7216937 55.7396538, -4.7192834 55.7425508, -4.71641 55.7460043, -4.7138879 55.7490353, -4.7114205 55.7520002, -4.7084564 55.7555617, -4.7060245 55.7584836, -4.7024334 55.7601689, -4.6982843 55.7621159, -4.6941764 55.7640434, -4.6901197 55.7659469, -4.6852238 55.7682441, -4.6816834 55.7699051, -4.6784509 55.771848, -4.6729995 55.7751244, -4.6694928 55.7772318, -4.6645918 55.780177, -4.6608236 55.7824413, -4.6558408 55.7854352, -4.654039 55.7886536, -4.6524246 55.791537, -4.6507777 55.7944783, -4.6488337 55.7979498, -4.647122 55.8010062, -4.6456548 55.8036259, -4.6440654 55.8064636, -4.6432257 55.8101473, -4.6424074 55.8137368, -4.6419641 55.815681, -4.6412376 55.8188673, -4.64043 55.8224092, -4.6377957 55.8252713, -4.6324861 55.8261179, -4.627842 55.8268451, -4.6230032 55.8276102, -4.616493 55.8286357, -4.611655 55.8284907, -4.6076209 55.8279931, -4.6013862 55.8272192, -4.5969633 55.8272624, -4.590317 55.8273273, -4.5865504 55.825391, -4.580695 55.8246589, -4.5769068 55.8241852, -4.5717833 55.8235446, -4.5663914 55.8228704, -4.5621385 55.8216701, -4.5570965 55.820247, -4.5526663 55.8189966, -4.5474786 55.8175323, -4.5423079 55.8160728, -4.5376999 55.814772, -4.5328712 55.8145357, -4.5275564 55.8142756, -4.5254342 55.8141718, -4.5225128 55.8140288, -4.5172526 55.8137714, -4.5128943 55.8135581, -4.5074479 55.8132916, -4.5036468 55.8131056, -4.4981869 55.8120675, -4.4951987 55.8114993, -4.4918089 55.8108548, -4.490046647184915 55.81006872915046, -4.478118487121447 55.809149878362945)",False
way/142841192-400,GB28-400,400.0,1787.4764334110816,11371.83,Al/St 240/40 4-bundle 380.0,"LINESTRING (-1.8658064214384853 53.81050282759093, -1.8609406526412904 53.805717750906595, -1.8609646 53.8054703, -1.8655126 53.8026927, -1.8691665 53.8004199, -1.8728204 53.79817, -1.8767464 53.7957823, -1.8798561 53.7938765, -1.8790787 53.7917182, -1.878068 53.7895826, -1.8734035 53.7870566, -1.8700217 53.7853342, -1.8653182 53.7828538, -1.8616254 53.782716, -1.8583214 53.7826471, -1.8511302 53.7823945, -1.8490311 53.7813839, -1.8444443 53.7789722, -1.8411791 53.7773643, -1.8355836 53.7751681, -1.8327251 53.7740079, -1.8308051 53.7710644, -1.8290438 53.7683596, -1.8270083 53.7650061, -1.8264597 53.7614902, -1.8259833 53.7588189, -1.8254272 53.7556324, -1.826624 53.7537714, -1.8283535 53.7510233, -1.829918 53.7484172, -1.8276609 53.7463443, -1.8255387 53.7444248, -1.8213567 53.7442403, -1.816613 53.7440557, -1.8128918119074127 53.743949878247854, -1.805312199999999 53.74373109540733)",False
GB51-400,GB52-400,400.0,1787.4764334110816,1395.55,Al/St 240/40 4-bundle 380.0,"LINESTRING (-4.170435699999989 53.14981689519151, -4.165069199114486 53.146690947646434, -4.1641685 53.1461046, -4.1629187 53.1452601, -4.161112918869299 53.14403985284718, -4.156151499999993 53.14068719518802)",False
way/142845284-400,GB51-400,400.0,1787.4764334110816,31255.11,Al/St 240/40 4-bundle 380.0,"LINESTRING (-4.170435699999989 53.14981689519151, -4.176838662041658 53.14750160657131, -4.1781054 53.1470642, -4.180685 53.1441776, -4.1833538 53.1412433, -4.1858889 53.1384365, -4.1888746 53.1351691, -4.1938111 53.1340135, -4.1943894 53.1338736, -4.1976187 53.1330926, -4.2044219 53.1299199, -4.2085167 53.1280066, -4.2128919 53.1260333, -4.2161271 53.1244509, -4.2208546 53.1222508, -4.2243665 53.1206682, -4.2256464 53.1173986, -4.2271258 53.1137042, -4.2284572 53.1103684, -4.2296214 53.1074919, -4.2306505 53.1049859, -4.2318147 53.1020666, -4.2339115 53.0987377, -4.2357125 53.0958681, -4.2380408 53.0921525, -4.2396617 53.089634, -4.241153 53.0871568, -4.2431314 53.0849771, -4.2453903 53.0821933, -4.2481369 53.0792094, -4.2508084 53.0761544, -4.2527876 53.0739117, -4.2550997 53.0712526, -4.2576048 53.0683485, -4.2604265 53.0658085, -4.2638168 53.0626302, -4.2666546 53.0600155, -4.2680708 53.0574977, -4.2698193 53.0544123, -4.2707875 53.0526458, -4.2724903 53.0495401, -4.2736222 53.047499, -4.2755534 53.0440967, -4.2769696 53.0415036, -4.2787184 53.0393201, -4.2805691 53.0370749, -4.2826076 53.0345978, -4.2849586 53.031672, -4.2868683 53.0293944, -4.2858491 53.0264778, -4.2847225 53.0232122, -4.2837677 53.0203081, -4.2831025 53.0176104, -4.2822656 53.0144933, -4.2815361 53.0116528, -4.2845938 53.0077861, -4.2830381 53.0044484, -4.2813215 53.0008977, -4.2798087 52.9978113, -4.2789881 52.9960474, -4.2784235 52.9948337, -4.277311 52.9926006, -4.2761952 52.9903532, -4.2746899 52.9871485, -4.2732522 52.9839707, -4.27212 52.9814891, -4.2698868 52.978649, -4.2675032 52.9755848, -4.2651221 52.9726018, -4.2625826 52.9696236, -4.2604401 52.9669672, -4.258557 52.964616, -4.2566901 52.9621991, -4.2549059 52.9597808, -4.252463 52.9567057, -4.2501026 52.95381, -4.2479322 52.9511456, -4.2459152 52.9486504, -4.2436868 52.9458073, -4.2382119 52.9444354, -4.2344229 52.9435587, -4.227762 52.9420174, -4.224436 52.9423407, -4.2209384 52.9427415, -4.2141425 52.9435303, -4.2113683 52.9438277, -4.2069051 52.9443061, -4.202767 52.9447858, -4.1964982 52.9434656, -4.1928074 52.9426769, -4.1880224 52.9416036, -4.1827041 52.9409325, -4.1773579 52.9401553, -4.176280645715444 52.94002184251886, -4.168726899864967 52.93910014731802)",False
relation/10377509-400,relation/14921826-400,400.0,3574.952866822164,12257.55,Al/St 240/40 4-bundle 380.0,"LINESTRING (-3.0504441021355966 55.03199063013473, -3.0492195169771996 55.0267047124193, -3.0486713 55.025285, -3.0476046 55.0226411, -3.046551 55.0197419, -3.0454998 55.0170023, -3.0445069 55.0144146, -3.0441247 55.0132279, -3.0435193 55.011348, -3.0427254 55.0089325, -3.0417622 55.0059719, -3.0409302 55.0033073, -3.0405136 55.0003658, -3.0401764 54.9981843, -3.0383986 54.9947355, -3.0368086 54.9917242, -3.0353612 54.9889407, -3.0337763 54.985929, -3.0321622 54.9829262, -3.0293557 54.9802369, -3.0272361 54.9781906, -3.0246491 54.9757407, -3.0219959 54.973202, -3.0196997 54.9710159, -3.0169508 54.968384, -3.0142644 54.9658174, -3.0115303 54.9632379, -3.0092634 54.9610471, -3.0064814 54.9583828, -3.0039828 54.9560057, -3.0017123 54.9538398, -2.9998393 54.9520542, -2.9960673 54.951044, -2.9924205 54.9500761, -2.987655 54.948787, -2.982286 54.947335, -2.977929 54.9461219, -2.9735573 54.9449848, -2.9724558438777913 54.94469008096773, -2.9621396593513074 54.94236341489138)",False
way/102198808-400,GB16-400,400.0,3574.952866822164,95327.62,Al/St 240/40 4-bundle 380.0,"LINESTRING (-2.3305413520062226 55.67025135431451, -2.3158866735997425 55.66916328445781, -2.3121716 55.6688633, -2.3056574 55.6683373, -2.2996015 55.6678538, -2.2952399 55.6690405, -2.2902914 55.6703868, -2.2855982 55.6716636, -2.2805152 55.6730464, -2.2758085 55.6743268, -2.2705528 55.6744213, -2.264888 55.6745231, -2.258525 55.6746375, -2.2520888 55.6747533, -2.2479655 55.6748274, -2.2432008 55.6729431, -2.2378663 55.6708333, -2.2327758 55.6688199, -2.2278112 55.6668563, -2.2239853 55.6653429, -2.2180686 55.6629926, -2.2145565 55.6616021, -2.2110736 55.6602231, -2.2115229 55.6566277, -2.2118962 55.6536404, -2.2097533 55.6508831, -2.2071774 55.6475684, -2.2053152 55.6451719, -2.205336 55.6417716, -2.2053574 55.6382646, -2.2027711 55.6361187, -2.1996512 55.63353, -2.1961396 55.6306161, -2.191912 55.6276662, -2.1880822 55.6249936, -2.1846147 55.6225738, -2.1803198 55.6195763, -2.1782887 55.6175214, -2.1750747 55.6142696, -2.173062 55.612233, -2.1699841 55.6091185, -2.1653029 55.6089568, -2.1615896 55.6088286, -2.1545729 55.6085862, -2.1495871 55.608414, -2.1431816 55.6079092, -2.1370999 55.6074299, -2.1304978 55.6069096, -2.1245981 55.6067464, -2.1177731 55.6065575, -2.1121119 55.6064009, -2.1060221 55.6062282, -2.0992377 55.6060148, -2.0942841 55.605888, -2.0890195 55.6057392, -2.0845989 55.603546, -2.0796251 55.6011178, -2.0751311 55.5988453, -2.0705054 55.5965534, -2.0658032 55.5941943, -2.0608464 55.591721, -2.0566972 55.5896681, -2.0526539 55.5876181, -2.0483951 55.5854753, -2.0438732 55.5832487, -2.0398816 55.5812889, -2.0376109 55.5777798, -2.0355351 55.5747145, -2.033614 55.5716273, -2.0291393 55.5689139, -2.0249349 55.5663868, -2.0204988 55.5636974, -2.0162004 55.5611609, -2.0117506 55.5584383, -2.007501 55.5558136, -2.003053 55.5531764, -2.0029034 55.549553, -2.0027821 55.5462274, -2.0026742 55.5432601, -2.0025798 55.5400942, -2.0024834 55.5371389, -2.006223 55.5343385, -2.010077 55.5314567, -2.0084146 55.5282125, -2.0070651 55.5257232, -2.0051723 55.5221741, -2.0040881 55.5201011, -2.0023358 55.516679, -2.003717 55.5143389, -2.0056053 55.5110536, -2.0036917 55.508685, -2.0009092 55.5052855, -1.9982685 55.5021265, -1.9955247 55.4987524, -1.9934121 55.4960745, -1.990168 55.4922751, -1.9880346 55.489731, -1.9857687 55.4869724, -1.9829501 55.4835729, -1.9807026 55.4807388, -1.9783327 55.4778877, -1.9753376 55.4742406, -1.9728985 55.4713392, -1.9707694 55.4687505, -1.9669719 55.4666965, -1.9634894 55.4648623, -1.9600257 55.4629773, -1.9553824 55.4605441, -1.9507882 55.4580179, -1.9469483 55.4559451, -1.9427509 55.4537398, -1.940862 55.4512496, -1.9383145 55.4480174, -1.9363269 55.4454173, -1.9338437 55.4423208, -1.9313417 55.4390563, -1.9286159 55.436298, -1.9253806 55.4330864, -1.9226164 55.4303091, -1.9198707 55.4275898, -1.916357 55.4240053, -1.9140607 55.4217263, -1.9115034 55.419184, -1.9070546 55.417359, -1.902384 55.4154354, -1.8981944 55.4137205, -1.8937159 55.4118732, -1.8903252 55.4095163, -1.8870927 55.4072683, -1.8844011 55.4053962, -1.8818484 55.4036119, -1.8767077 55.4001186, -1.8743947 55.3972459, -1.87169 55.3938159, -1.8692974 55.3908587, -1.8664262 55.3872942, -1.86574 55.3842048, -1.8650791 55.3809951, -1.8641865 55.3775359, -1.8635608 55.3747841, -1.8629268 55.3722435, -1.8642986 55.3690079, -1.8656383 55.3656608, -1.8669709 55.3625079, -1.8683819 55.3591149, -1.8696119 55.3561947, -1.8706943 55.3535448, -1.8725029 55.3491616, -1.8735951 55.3465805, -1.8751385 55.3429622, -1.8761936 55.3403491, -1.8775691 55.3369778, -1.8784987 55.3345132, -1.8753544 55.3315509, -1.8725583 55.3290395, -1.8686621 55.3254684, -1.8660522 55.3230378, -1.8624768 55.3197702, -1.8592786 55.3168967, -1.8561565 55.3140239, -1.8539667 55.3120436, -1.8477855 55.3098627, -1.8436644 55.3084525, -1.8386944 55.3066662, -1.8337426 55.3049559, -1.8282517 55.3030073, -1.82299 55.3011644, -1.8189427 55.2997312, -1.8163581 55.296572, -1.8137542 55.2933414, -1.8111573 55.2899628, -1.8085908 55.2867403, -1.8058994 55.2834956, -1.8038743 55.2809605, -1.8014617 55.2778755, -1.8039042 55.2755891, -1.8072629 55.2724455, -1.8104751 55.2694274, -1.8135371 55.2666251, -1.8166829 55.2636866, -1.8192785 55.26121, -1.8202514 55.258007, -1.8213359 55.2543751, -1.8223867 55.2508954, -1.823422 55.2474589, -1.8243872 55.2442305, -1.8255534 55.2402997, -1.8264967 55.2371984, -1.8232219 55.2346816, -1.8200707 55.2322597, -1.8169407 55.2298539, -1.8137266 55.2273833, -1.8101136 55.2246059, -1.8107296 55.2210339, -1.811351 55.2174305, -1.8119556 55.2139246, -1.8125164 55.2106719, -1.8131435 55.2070234, -1.8137452 55.203522, -1.8143539 55.1999793, -1.8149577 55.1964652, -1.814499 55.193291, -1.8139414 55.1894316, -1.8134913 55.1863158, -1.8131011 55.1836145, -1.8126534 55.1805152, -1.812218 55.177501, -1.8117926 55.1745553, -1.8102878 55.1715659, -1.8087481 55.1685069, -1.8072317 55.1654941, -1.8056124 55.1622764, -1.8040052 55.1590826, -1.8021678 55.1554309, -1.8005338 55.1521833, -1.7987798 55.1486968, -1.8025998 55.1463433, -1.8068587 55.1437193, -1.8106844 55.141362, -1.8153462 55.1384893, -1.8192985 55.1360537, -1.8237222 55.1333274, -1.8279168 55.1307421, -1.8294366 55.1277785, -1.8310261 55.1246787, -1.8308503 55.121676, -1.8306629 55.1184768, -1.8304679 55.1151471, -1.8302742 55.1118381, -1.8300476 55.1079673, -1.8298899 55.1052726, -1.8297213 55.1018986, -1.8295467 55.0988488, -1.8312577 55.0948948, -1.8325949 55.0918045, -1.8340998 55.0883261, -1.8356562 55.0847285, -1.8369906 55.0816437, -1.8381216 55.079029, -1.8396518 55.0754912, -1.839422 55.0728152, -1.8391183 55.0692775, -1.8388346 55.0659722, -1.838623 55.0635079, -1.8383781 55.0606548, -1.8382075 55.0586663, -1.838009 55.0563537, -1.837791 55.0538129, -1.8376157 55.0517706, -1.8374333 55.0496444, -1.8372197 55.0471561, -1.8370239 55.0448734, -1.8367933 55.0421857, -1.8334361 55.039377, -1.8306583 55.0370527, -1.8272086 55.0341663, -1.8242377 55.0316802, -1.8208654 55.028858, -1.8171898 55.0257819, -1.814178 55.0232611, -1.8104545 55.0201444, -1.8088359645333967 55.01878952957029, -1.8034040567708356 55.01525629671488)",False
way/34205588-400,way/49922626-400,400.0,3574.952866822164,40215.81,Al/St 240/40 4-bundle 380.0,"LINESTRING (-2.9243997984647025 50.78678954757501, -2.9158633470641457 50.78604817762481, -2.9136745 50.7860331, -2.9105862 50.784395, -2.9073799 50.782793, -2.9051487 50.7815849, -2.899961 50.780736, -2.8937573 50.7796163, -2.8904442 50.7792364, -2.8867837 50.7788511, -2.8793795 50.7779909, -2.8764791 50.777488, -2.8724445 50.7768694, -2.8671143 50.7760193, -2.8622113 50.7752222, -2.8572617 50.7744381, -2.8527898 50.7737069, -2.8478327 50.7729519, -2.8422674 50.7720055, -2.837771 50.7710753, -2.833458 50.7701416, -2.8282353 50.7690782, -2.8230672 50.7679965, -2.817457 50.7668086, -2.8135728 50.7659729, -2.8098752 50.7651796, -2.8041973 50.7639628, -2.7990819 50.7628933, -2.7954243 50.762114, -2.7917031 50.7618634, -2.7881214 50.7616222, -2.7839301 50.7613513, -2.7799427 50.7610467, -2.7771741 50.7608851, -2.7741676 50.7606826, -2.7675414 50.7602364, -2.7628876 50.7599231, -2.7570933 50.7595547, -2.7516007 50.7591782, -2.748271 50.7590444, -2.7413037 50.7574066, -2.7379155 50.7566024, -2.7372216 50.7564515, -2.7371742 50.7564399, -2.7338783 50.7556311, -2.7284173 50.7543357, -2.7225448 50.753052, -2.7182979 50.752073, -2.713574 50.7510501, -2.7077718 50.7495329, -2.7032915 50.7483056, -2.6999408 50.7474285, -2.6963939 50.7464564, -2.6922751 50.745398, -2.6874326 50.7440576, -2.6840096 50.7431101, -2.6793962 50.741867, -2.6758181 50.7408628, -2.669075 50.7391233, -2.6654516 50.738104, -2.6629343 50.7374038, -2.6563186 50.7356118, -2.6534114 50.7348416, -2.6485167 50.7335417, -2.6429531 50.7320365, -2.6405796 50.7314013, -2.632969 50.7305519, -2.629469 50.7301629, -2.626199 50.7298002, -2.621972 50.7293318, -2.6184753 50.7289426, -2.6134931 50.7283926, -2.6092492 50.7279099, -2.6033905 50.7272753, -2.5993097 50.7268499, -2.5936605 50.7260204, -2.5899707 50.7255045, -2.5864359 50.7250338, -2.5806981 50.7242708, -2.5775506 50.7238631, -2.5731197 50.723252, -2.5694948 50.7226943, -2.5637082 50.7219665, -2.5576139 50.7200223, -2.5543749 50.7178125, -2.5537098 50.7161754, -2.5510812 50.7135667, -2.5493109 50.7120925, -2.5485921 50.71178, -2.547648 50.7115286, -2.546382 50.7114267, -2.54282 50.7113656, -2.5414252 50.7112841, -2.5396121 50.7104688, -2.5380778 50.7097215, -2.5369299 50.7093886, -2.5366831 50.7087023, -2.5369406 50.7077444, -2.5384641 50.7038918, -2.537477 50.7030492, -2.5351328 50.7008918, -2.5338668 50.6999065, -2.5311738 50.6986527, -2.5303316 50.6981702, -2.5264746 50.6952377, -2.5262868 50.694096, -2.526437 50.6920095, -2.5254178 50.6912856, -2.5240284 50.6893791, -2.5194311 50.6836931, -2.51912 50.6827074, -2.5191307 50.68198, -2.5200749 50.6802805, -2.5203002 50.6795599, -2.5200212 50.6786217, -2.5171352 50.676011, -2.5166631 50.6748823, -2.516191 50.6742432, -2.5151825 50.6729717, -2.514292 50.6696467, -2.5132728 50.6685588, -2.5118458 50.6684636, -2.511363 50.6680556, -2.5116313 50.6670763, -2.5115132 50.6664847, -2.51073 50.6650498, -2.5107086 50.6609421, -2.5100962 50.6603652, -2.5096893 50.6592078, -2.5090608 50.6564515, -2.5095866 50.6545062, -2.5102828 50.6514655, -2.511147 50.6481577, -2.5117446 50.6455696, -2.5122054 50.6425448, -2.5132359 50.6388032, -2.5094418 50.636523, -2.5057031 50.6342591, -2.5013349 50.6316326, -2.4971733 50.6290928, -2.4952609270502615 50.62795121089377, -2.4876735460048263 50.62413966633166)",False
way/25629803-400,way/209404646-400,400.0,3574.952866822164,86693.93,Al/St 240/40 4-bundle 380.0,"LINESTRING (-1.2295251461068624 54.50409954867983, -1.2351018025809932 54.50081602138077, -1.235236 54.5007341, -1.2381707 54.4989425, -1.2433628 54.4975442, -1.2478213 54.4963205, -1.2529006 54.4949221, -1.2565502 54.4939388, -1.2621562 54.4924091, -1.2670098 54.4910761, -1.2725782 54.48959, -1.2774694 54.4882132, -1.2830378 54.4866615, -1.2898854 54.4848474, -1.2944756 54.4840605, -1.2994796 54.48323, -1.3053867 54.4822464, -1.3056599 54.4821326, -1.3091115 54.4806944, -1.3144542 54.478421, -1.3169374 54.4773717, -1.3217533 54.4753386, -1.3276441 54.4728275, -1.332718 54.4706755, -1.3372771 54.4687228, -1.340243 54.4655824, -1.3431515 54.4624702, -1.3459737 54.4594389, -1.348679 54.4565372, -1.3515188 54.4534626, -1.3498209 54.4505051, -1.3479939 54.4474387, -1.3455868 54.4445946, -1.3432159 54.4418361, -1.340881 54.4390844, -1.3381825 54.4358981, -1.3357574 54.4330514, -1.3335698 54.4304866, -1.3309674 54.4273943, -1.3286936 54.424643, -1.3290293 54.4217055, -1.3295063 54.4185183, -1.3299435 54.4154273, -1.3305 54.4115866, -1.3305927 54.4083328, -1.3307154 54.4053421, -1.3307716 54.4017782, -1.3308903 54.3983552, -1.330979 54.3953321, -1.3310685 54.3921041, -1.3312421 54.3882791, -1.3313174 54.385409, -1.3314302 54.3819471, -1.3315608 54.3783313, -1.3316869 54.3748394, -1.3317847 54.3721292, -1.3318931 54.3691265, -1.3320229 54.3655314, -1.3321432 54.362199, -1.3322508 54.3592174, -1.3323656 54.3560362, -1.3312207 54.3531137, -1.3299791 54.3497557, -1.3288391 54.3467451, -1.3275388 54.3433425, -1.3263672 54.3402844, -1.325088 54.3369692, -1.3239485 54.3339733, -1.3228573 54.3311244, -1.3217877 54.3282503, -1.3210354 54.3254827, -1.3202934 54.3226113, -1.3192023 54.3186393, -1.3185844 54.3163288, -1.3178319 54.3135132, -1.3170094 54.3104278, -1.3161118 54.3070944, -1.3153646 54.3041528, -1.3144779 54.3009256, -1.3136769 54.297949, -1.3128841 54.2950326, -1.3130145 54.2916359, -1.3130904 54.2893014, -1.3131287 54.2879133, -1.3131885 54.286448, -1.3132376 54.2851645, -1.3133134 54.2826761, -1.3133661 54.2813011, -1.3134277 54.2796379, -1.3135312 54.2765207, -1.3136293 54.273606, -1.3137436 54.270148, -1.3137275 54.2666128, -1.3137275 54.2630939, -1.3137383 54.2598817, -1.3137383 54.2562334, -1.3099875 54.2546577, -1.3055453 54.2528114, -1.3017387 54.2512379, -1.2972135 54.2493694, -1.2932356 54.2466762, -1.2894187 54.244107, -1.2858548 54.2416938, -1.2820651 54.2391736, -1.2781262 54.2365138, -1.2747243 54.2342162, -1.2734932 54.2317548, -1.2722347 54.2292044, -1.271058 54.2268442, -1.270203 54.2251977, -1.2693597 54.2234911, -1.2688433 54.2216206, -1.2683438 54.2198085, -1.2678599 54.2179924, -1.2674032 54.2163577, -1.2667312 54.2139778, -1.2658398 54.2108414, -1.2650381 54.207886, -1.2643764 54.20536, -1.2635447 54.202449, -1.2607372 54.1996153, -1.2580607 54.1969461, -1.2554867 54.1943958, -1.2521485 54.1910901, -1.2494772 54.1884074, -1.2466229 54.185575, -1.2439632 54.1829262, -1.2412413 54.1801739, -1.2384519 54.1773864, -1.2354419 54.1743695, -1.232733 54.1717267, -1.2300616 54.1690397, -1.2273151 54.1662645, -1.2232893 54.1644142, -1.2193763 54.1626519, -1.215802 54.1610879, -1.2119267 54.1593475, -1.20839 54.1577393, -1.2043642 54.1559547, -1.2016176 54.153487, -1.1986829 54.150909, -1.1959739 54.1475596, -1.1940175 54.1451796, -1.1912333 54.1418738, -1.1892597 54.1395816, -1.1866389 54.1363497, -1.183958 54.1331175, -1.1816016 54.1302544, -1.1797347 54.1280249, -1.1759255 54.1254303, -1.1731039 54.1235083, -1.1697235 54.1212055, -1.1663026 54.118875, -1.1629243 54.1165734, -1.1598481 54.1144775, -1.1560168 54.111867, -1.1526744 54.1095901, -1.1493066 54.1072957, -1.1459377 54.1050005, -1.142529 54.1026781, -1.1389729 54.100255, -1.1352649 54.0977284, -1.1316675 54.0952769, -1.1280402 54.0928049, -1.1242081 54.0901932, -1.1194835 54.0893641, -1.1137781 54.088394, -1.1080124 54.087413, -1.1022139 54.0863849, -1.0974732 54.0855904, -1.092915 54.0848562, -1.0882929 54.0836703, -1.0825022 54.0822286, -1.0769459 54.0808535, -1.071406 54.079465, -1.0668883 54.078346, -1.060905 54.0767907, -1.0563712 54.0756544, -1.0513092 54.0743889, -1.0464673 54.0731492, -1.0418015 54.071987, -1.0364754 54.0706697, -1.0306651 54.0691716, -1.0261313 54.0679834, -1.0215976 54.0667952, -1.0161834 54.0653745, -1.0110334 54.0640312, -1.0062459 54.0627952, -1.001316 54.0604423, -0.9968972 54.0583257, -0.9925702 54.0562249, -0.9883645 54.0541877, -0.9851446 54.0526651, -0.9811933 54.0507788, -0.9770455 54.0487751, -0.9729044 54.0467852, -0.9686349 54.0447474, -0.9645209 54.0427574, -0.9603696 54.0407493, -0.9564037 54.0388302, -0.9513805 54.0375901, -0.946152 54.0363033, -0.9404738 54.0349073, -0.9348836 54.0335372, -0.9296436 54.0322509, -0.9262951 54.0300853, -0.9229465 54.0278753, -0.9195979 54.0257094, -0.9168513 54.0238971, -0.9158731 54.0214215, -0.9145562 54.0180174, -0.9132018 54.0144583, -0.9119225 54.0111199, -0.9110572 54.008909, -0.9100037 54.0061672, -0.9054511 54.0041329, -0.9008233 54.0020321, -0.8961579 53.9999312, -0.8928846 53.9984716, -0.8891598 53.9967907, -0.8853221 53.9950435, -0.885134 53.9917478, -0.8850211 53.9888279, -0.8848706 53.9853327, -0.8846825 53.9815937, -0.884532 53.9784961, -0.8843815 53.975863, -0.8842686 53.9733625, -0.8841181 53.9707511, -0.8840052 53.9678519, -0.88393 53.9655059, -0.8823874 53.9624735, -0.8806943 53.9590203, -0.8793774 53.9568287, -0.8773833 53.9534636, -0.8754645 53.9502532, -0.873809 53.9474632, -0.8719386 53.9443853, -0.8704228 53.9418607, -0.8673752 53.9393581, -0.8643439 53.9369629, -0.8617854 53.9349158, -0.8587969 53.9324697, -0.8551851 53.9296343, -0.8516968 53.9268715, -0.848767 53.924585, -0.8452145 53.9215701, -0.8417154 53.9187561, -0.8382539 53.9160305, -0.8351687 53.9135707, -0.8320835 53.9111108, -0.8288102 53.9084956, -0.8262894 53.9065008, -0.8253156926782993 53.90570054907184, -0.8220709014857445 53.90040028554631)",False
GB61-400,relation/7886014-400,400.0,3574.952866822164,20936.67,Al/St 240/40 4-bundle 380.0,"LINESTRING (-2.5125533039057553 52.632261616633116, -2.5128323864056132 52.62623152430739, -2.5126017 52.6260696, -2.5094373 52.6238394, -2.5041451 52.6214179, -2.5020327 52.6191228, -2.4991102 52.6159947, -2.4974284 52.6140766, -2.4924302 52.6127817, -2.4922245 52.6127274, -2.4880949 52.6116374, -2.4851603 52.6094441, -2.4814396 52.6066452, -2.4792725 52.6050161, -2.4750228 52.6051882, -2.4685882 52.6054913, -2.4639059 52.6056854, -2.4587357 52.6073592, -2.4546467 52.6086799, -2.4496268 52.6103115, -2.4457246 52.6115527, -2.44208 52.610709, -2.4375986 52.6097332, -2.433962 52.6089272, -2.4294005 52.6079313, -2.424439 52.6068721, -2.4188593 52.6071576, -2.4139553 52.6071386, -2.4095674 52.6071122, -2.4051998 52.6071064, -2.3990734 52.6070509, -2.3935882 52.6070012, -2.3879507 52.606972, -2.3835446 52.6069837, -2.3787284 52.6069436, -2.3732151 52.6068717, -2.3678201 52.606752, -2.3631747 52.6067999, -2.3562214 52.606728, -2.3514202 52.606781, -2.345864 52.6067172, -2.3395907 52.6067173, -2.3357984 52.6083666, -2.3322515 52.6098242, -2.3292397 52.611096, -2.3242853 52.6132874, -2.3195757 52.6152332, -2.3147254 52.6153844, -2.3103839 52.6155553, -2.3054145 52.6157328, -2.3012679 52.6158643, -2.2968768 52.6160389, -2.2930815 52.6161609, -2.2884712 52.6163303, -2.284687 52.6164388, -2.2812991 52.6166116, -2.2777814 52.617233, -2.275426 52.6175549, -2.2731098 52.6180022, -2.2684883 52.6188833, -2.263228 52.6181067, -2.258514 52.6173524, -2.2537647 52.6158598, -2.2489272 52.6143297, -2.2473615704641636 52.61386598061062, -2.2407987999999963 52.61180729498383)",False
GB37-400,way/313495269-400,400.0,3574.952866822164,15689.04,Al/St 240/40 4-bundle 380.0,"LINESTRING (-1.252893500000007 53.609698695359846, -1.249136324449609 53.61358607831404, -1.248192 53.6149172, -1.2495231 53.6182233, -1.2480103 53.621876, -1.2468302 53.6244468, -1.2457948 53.6274373, -1.2447595 53.6304085, -1.2437617 53.6331695, -1.2427103 53.636204, -1.2415623 53.6393527, -1.238805 53.6420305, -1.2363267 53.6444537, -1.2342345 53.646527, -1.2303722 53.6503808, -1.2280704 53.652624, -1.224967 53.655791, -1.2221751 53.6585204, -1.2187998 53.6618392, -1.2163965 53.6642491, -1.2139321 53.666678, -1.2112561 53.6694344, -1.2085872 53.6719521, -1.2059641 53.6745194, -1.2036144 53.6768073, -1.2013292 53.6791522, -1.2013399 53.6820944, -1.2014365 53.6852651, -1.2015223 53.6893758, -1.2015638 53.6909996, -1.2015867 53.6918979, -1.2016221 53.6940083, -1.1971771 53.6958492, -1.192317 53.6978565, -1.1883355 53.6994832, -1.1832297 53.7016357, -1.1798641 53.7041834, -1.1765156 53.7067006, -1.1724579 53.7071928, -1.168102 53.7080628, -1.1627161 53.7091551, -1.1580491 53.7101076, -1.1535215 53.7109648, -1.1485596 53.7119863, -1.1437583 53.7129523, -1.1396839278653823 53.713772818015585, -1.1298918719612265 53.71333149373115)",False
relation/11543333-400,way/43472283-400,400.0,3574.952866822164,20893.36,Al/St 240/40 4-bundle 380.0,"LINESTRING (-1.5550282140403806 54.70567199074047, -1.543856631849272 54.70619883330567, -1.541626 54.7066431, -1.5358967 54.7068341, -1.5297286 54.7070397, -1.5235697 54.707245, -1.5152851 54.7075211, -1.50953 54.7077129, -1.5057587 54.7078446, -1.4996526 54.7067399, -1.4937279 54.7056683, -1.4877972 54.7046115, -1.4821898 54.7036087, -1.4779993 54.7028656, -1.4727938 54.7023463, -1.467636 54.701803, -1.463156 54.7013291, -1.4580364 54.7008135, -1.4535156 54.7003374, -1.4476679 54.6997298, -1.4420737 54.6991725, -1.4398184 54.6968962, -1.437521 54.6945938, -1.4344856 54.6919943, -1.4322919 54.69002, -1.4293295 54.6873831, -1.426551 54.6849557, -1.4240219 54.6828255, -1.4234412 54.6796664, -1.4228411 54.6764564, -1.4222885 54.6734308, -1.4216344 54.6699901, -1.4210421 54.6667756, -1.4204936 54.6638204, -1.4199319 54.660781, -1.4192778 54.6573629, -1.4185915 54.6536249, -1.4180047 54.6505141, -1.4173042 54.64692, -1.4144636 54.6450253, -1.4105622 54.6425823, -1.4066804 54.639726, -1.4025758 54.6370116, -1.398806 54.6343021, -1.3932289 54.6322982, -1.3898352 54.6300768, -1.3860776 54.627516, -1.3817321 54.6245602, -1.3779322 54.6219734, -1.3739662 54.6192908, -1.3734677 54.6159245, -1.3729829 54.6121772, -1.3724381 54.6087171, -1.3719218 54.6049405, -1.3714894 54.6016504, -1.3710289 54.5983078, -1.3709359662111866 54.597731410866416, -1.364576156679706 54.592412140459004)",False
way/43472283-400,way/1274952328-400,400.0,1787.4764334110816,11704.2,Al/St 240/40 4-bundle 380.0,"LINESTRING (-1.364576156679706 54.592412140459004, -1.3576933976919092 54.59664771660146, -1.3576575 54.5996576, -1.3576856 54.6031883, -1.3577042 54.6055153, -1.355372 54.6081439, -1.3535682 54.610317, -1.3489374 54.6131743, -1.3444211 54.614672, -1.3389463 54.6159051, -1.3339715 54.6170256, -1.3294747 54.6180462, -1.32618 54.6187804, -1.3214755 54.6208501, -1.318304 54.6222454, -1.3138395 54.6242093, -1.3104237 54.6257119, -1.3060733 54.6276057, -1.3008334 54.6298569, -1.2946428 54.6296159, -1.2886384 54.6293699, -1.2845409 54.6292023, -1.2798615 54.6290109, -1.2753702 54.6281361, -1.2703436 54.6271569, -1.2655205 54.6262174, -1.2609877 54.6253622, -1.2562663 54.6244346, -1.2534934 54.6216713, -1.2509476 54.6191288, -1.2486776 54.6168189, -1.2459012 54.6140551, -1.2430233 54.6111615, -1.2419971704559907 54.61016011009195, -1.2374849266974897 54.605611769589906)",False
way/193617444-400,way/313495269-400,400.0,3574.952866822164,11476.18,Al/St 240/40 4-bundle 380.0,"LINESTRING (-1.2827062916535121 53.71799412748927, -1.266789519688864 53.71656089681678, -1.2644362 53.7168127, -1.2590289 53.7164635, -1.2546837 53.7161461, -1.2491691 53.7157461, -1.243751 53.7153842, -1.2383008 53.7149969, -1.2329471 53.7146096, -1.2276256 53.7142667, -1.2213492 53.7138603, -1.2161243 53.7134349, -1.215502 53.7100949, -1.2148475 53.7067305, -1.2142896 53.7043731, -1.2123048 53.7032489, -1.2093866 53.7016484, -1.2020266 53.7009815, -1.1979711 53.7009117, -1.1934006 53.7026519, -1.1893129 53.7042778, -1.1850536 53.705929, -1.1809015 53.707523, -1.1762881 53.7083295, -1.1710739 53.7091614, -1.1653983 53.7101457, -1.161021 53.710895, -1.1554205 53.7117713, -1.1506891 53.7125777, -1.1453998 53.7135054, -1.1395633 53.7145207, -1.1395409750869236 53.71452455787682, -1.1298918719612265 53.71333149373115)",False
GB67-400,way/1386143667-400,400.0,3574.952866822164,25651.85,Al/St 240/40 4-bundle 380.0,"LINESTRING (0.7255420999999999 52.000393094733305, 0.7328165931825738 52.00015648776023, 0.7363175 52.0000705, 0.7413064 51.9999254, 0.7480119 51.9996853, 0.753033 51.9995307, 0.7590948 51.9993717, 0.7643305 51.9992097, 0.7689385 51.9990644, 0.7749413 51.9988733, 0.7805415 51.9987212, 0.7865547 51.9985323, 0.7915013 51.998695, 0.7975255 51.9988551, 0.8031099 51.9990561, 0.8090697 51.9992227, 0.8136992 51.9993908, 0.8175187 51.999504, 0.8229636 51.999692, 0.8277379 52.0009129, 0.8315652 52.0018316, 0.8355861 52.002861, 0.8400544 52.003934, 0.8444315 52.0050252, 0.8494316 52.0062654, 0.8552252 52.0076825, 0.8609141 52.0082503, 0.8658575 52.0087359, 0.8716993 52.0092982, 0.8758568 52.0097276, 0.8803789 52.0108448, 0.8845096 52.0119899, 0.8893668 52.0132289, 0.8943533 52.0145292, 0.89917 52.0158049, 0.9038429 52.0170204, 0.9084885 52.018198, 0.9131663 52.0194412, 0.9176158 52.0205656, 0.9226903 52.0218339, 0.9273681 52.0230681, 0.9316167 52.0239597, 0.9362515 52.0249104, 0.9417769 52.0260349, 0.9472271 52.0271615, 0.9514972 52.0279734, 0.9557136 52.0293795, 0.9614336 52.0312306, 0.9661566 52.0318442, 0.970648 52.0324272, 0.9759482 52.0331023, 0.9814307 52.0338217, 0.9868058 52.0345081, 0.9914299 52.0351153, 0.9961292 52.0357094, 1.0004854 52.0363548, 1.001043 52.0364354, 1.0035771 52.0367714, 1.0060212 52.0370954, 1.0082849 52.0399464, 1.0108835 52.0430583, 1.0135115 52.0462844, 1.0158863 52.0491939, 1.0178393 52.0515635, 1.0186742 52.0525578, 1.019226 52.0527692, 1.0235414 52.0543167, 1.0287454 52.0561029, 1.0336803 52.0578239, 1.0375747 52.0591819, 1.0422741 52.0609345, 1.0430499 52.0617645, 1.0456567 52.0645534, 1.0482082 52.0672162, 1.050143766348566 52.069261658942395, 1.0613490103371839 52.07137081677381)",False
way/97256377-400,relation/7894457-400,400.0,3574.952866822164,13468.73,Al/St 240/40 4-bundle 380.0,"LINESTRING (-2.405178454491036 53.435411487897824, -2.407187397482267 53.44187913255653, -2.4069874 53.4445424, -2.4066562 53.447639, -2.4034522 53.4508021, -2.4005978 53.4536675, -2.4015055 53.4559086, -2.4026367 53.4585627, -2.4028114 53.4587066, -2.4059627 53.4613031, -2.4092779 53.4641518, -2.4126253 53.4668727, -2.4158332 53.4695806, -2.4143955 53.4722117, -2.4127969 53.4748937, -2.4107799 53.478412, -2.4091491 53.4811574, -2.4053958 53.4828916, -2.4010488 53.484905, -2.3968217 53.4868585, -2.3923477 53.4889203, -2.3876863 53.4911001, -2.3830032 53.4932862, -2.3781001 53.4955648, -2.3737496 53.4975911, -2.3735349 53.5002495, -2.3735189 53.5003226, -2.3712927 53.5030953, -2.3702466 53.5069431, -2.3673388 53.5086851, -2.3631444 53.5111222, -2.3629352 53.5148767, -2.3626616 53.520583, -2.3602905 53.5219225, -2.3571255 53.5233831, -2.357383 53.5262086, -2.3576571 53.5290492, -2.357769359215126 53.530111911249875, -2.3577468118110496 53.53782081895845)",False
GB61-400,GB58-400,400.0,1787.4764334110816,31527.17,Al/St 240/40 4-bundle 380.0,"LINESTRING (-2.2407987999999963 52.61180729498383, -2.2369513094560625 52.61563078136069, -2.2355121 52.6171868, -2.2330856 52.6196382, -2.2307242 52.6219764, -2.228176 52.6245871, -2.2262095 52.6261163, -2.223396 52.6283292, -2.2200458 52.6307766, -2.2164802 52.6334209, -2.2127312 52.6361499, -2.2095549 52.6386123, -2.2066413 52.6407504, -2.2039037 52.6428043, -2.2020755 52.6442222, -2.2007651 52.6450691, -2.1975989 52.6461127, -2.1936685 52.6473154, -2.1888738 52.6488137, -2.1842538 52.6501923, -2.1797382 52.6515748, -2.1741227 52.6532583, -2.1697307 52.6546936, -2.1652135 52.6560675, -2.1601616 52.6575644, -2.1549951 52.6591364, -2.1495891 52.6608499, -2.1455197 52.6620827, -2.1415869 52.6633219, -2.136965 52.6647215, -2.1326239 52.6650723, -2.1287017 52.665363, -2.1234233 52.6657224, -2.1196734 52.6660239, -2.1152125 52.6663398, -2.1094118 52.6667274, -2.1042512 52.6671717, -2.0991231 52.6675818, -2.0930174 52.6680181, -2.0885096 52.6683405, -2.0858748 52.6685236, -2.0803026 52.6694562, -2.0754126 52.6689973, -2.0740503 52.668411, -2.0716681 52.6695714, -2.0691352 52.6697766, -2.0640707 52.6701507, -2.0584888 52.6705606, -2.0531982 52.6709634, -2.0488178 52.6711804, -2.0457101 52.671342, -2.0419021 52.6715562, -2.036364 52.6721437, -2.0312789 52.6716132, -2.0253576 52.6724705, -2.0228179 52.6716197, -2.0203228 52.6719668, -2.0162821 52.671881, -2.0134577 52.6715672, -2.0116557 52.6727352, -2.0069438 52.6739541, -2.0043018 52.674642, -1.9993128 52.6759415, -1.9946695 52.6771346, -1.990711 52.6781564, -1.9855386 52.6795113, -1.98158 52.680533, -1.9773581 52.6816443, -1.9711411 52.6832523, -1.9664831 52.6844607, -1.9606306 52.6859631, -1.9562961 52.6870882, -1.9509046 52.6885098, -1.9463372 52.6896657, -1.9443021 52.690222, -1.9396148 52.6914095, -1.9343392 52.6927817, -1.9301849 52.6931821, -1.924204 52.6939316, -1.919627 52.6944111, -1.9157917 52.6948873, -1.9119652 52.696881, -1.9086087 52.6986823, -1.9052049 52.7005104, -1.9016092 52.7024153, -1.8986122 52.7040053, -1.8946239 52.7061393, -1.8907037 52.7082404, -1.8873209 52.7099866, -1.8834384 52.7114768, -1.8777569 52.7137227, -1.8727689 52.7156813, -1.8680854 52.7164488, -1.8631182 52.7172364, -1.8583252 52.7179817, -1.8524062 52.7189552, -1.8483187 52.7217519, -1.8458939 52.7234466, -1.8445859474862927 52.724355133430045, -1.8397942999999917 52.72777219502959)",False
GB91-400,way/48876730-400,400.0,3574.952866822164,4501.46,Al/St 240/40 4-bundle 380.0,"LINESTRING (-2.972139216852804 51.15201082694938, -2.9631371224988046 51.149781568125185, -2.9622923 51.1488579, -2.9616758 51.1460157, -2.9609547 51.1426665, -2.9601249 51.1388664, -2.959399 51.1354771, -2.9613693 51.1330826, -2.9633202 51.1306532, -2.9652014 51.128375, -2.9672633 51.1259771, -2.9684836 51.1244563, -2.9695708 51.1231012, -2.9700131745933644 51.12257916787725, -2.96907577049596 51.117381886832355)",False
way/292371992-400,GB89-400,400.0,3574.952866822164,1591.25,Al/St 240/40 4-bundle 380.0,"LINESTRING (-3.132439502728008 51.20628469901352, -3.1235291068098294 51.19893932695856, -3.1226400751922228 51.19884204629464, -3.1165281999999994 51.19651339437959)",False
GB91-400,GB90-400,400.0,3574.952866822164,4428.5,Al/St 240/40 4-bundle 380.0,"LINESTRING (-2.972139216852804 51.15201082694938, -2.9691537588618986 51.156598118530994, -2.968557 51.1571001, -2.965635 51.1595703, -2.9623325 51.162166, -2.9601724 51.1638702, -2.9557729 51.1650284, -2.9512061 51.1662638, -2.9482692 51.168679, -2.9454132 51.1710819, -2.9425326 51.1734336, -2.939704 51.1762953, -2.9380750269645644 51.17802411816719, -2.9398724598288024 51.18302371197724)",False
way/1087785232-400,way/292471784-400,400.0,3574.952866822164,31406.22,Al/St 240/40 4-bundle 380.0,"LINESTRING (-2.8394492572559624 51.34057310907044, -2.838948981048401 51.34610161443317, -2.8386515 51.3470092, -2.8378522 51.3498136, -2.8369403 51.3529294, -2.8361893 51.3553749, -2.8365004 51.3585239, -2.8369618 51.361974, -2.8373158 51.3652397, -2.8376484 51.3683411, -2.8380668 51.3715728, -2.8384852 51.3750521, -2.8388127 51.3780683, -2.840013 51.3804493, -2.8417116 51.3836886, -2.8429055 51.3859654, -2.8445078 51.3890789, -2.8459579 51.3918588, -2.8474653 51.3948446, -2.8487527 51.3972979, -2.8495842 51.3995872, -2.8485757 51.4016621, -2.8453088 51.4036232, -2.841205 51.4053768, -2.8366292 51.4072942, -2.8320533 51.4092048, -2.8278637 51.4109715, -2.8231162 51.4129757, -2.8195542 51.4144679, -2.8165126 51.4160905, -2.8128606 51.4181157, -2.808959 51.4202698, -2.8046465 51.4226006, -2.8011167 51.424534, -2.7972865 51.4266881, -2.7938748 51.4285411, -2.7896905 51.4308655, -2.7824217 51.4348052, -2.7779961 51.437223, -2.7743054 51.4391825, -2.7727809 51.4419915, -2.7716231 51.4441245, -2.7681148 51.4460771, -2.7632976 51.4475749, -2.7588987 51.4489657, -2.7532074 51.4507749, -2.7508401 51.4527763, -2.7496277 51.4544804, -2.7472077 51.4580621, -2.7455201 51.4603958, -2.7438508 51.462606, -2.7418589 51.4653432, -2.7393955 51.4686911, -2.7396858 51.4706872, -2.7405995 51.4736107, -2.7421164 51.4764725, -2.7438722 51.4797339, -2.7431402 51.4824912, -2.7417413 51.4857911, -2.7389285 51.4875367, -2.7344414 51.4883038, -2.7294695 51.48774, -2.7244595 51.4871624, -2.7196284 51.4867503, -2.7144382 51.4863191, -2.7088228 51.4858366, -2.7034541 51.4853812, -2.6991242 51.486305, -2.6976902 51.4892648, -2.6958794 51.4931773, -2.6946254 51.4958865, -2.6977658 51.4974292, -2.7016497 51.4993578, -2.7042353 51.5012396, -2.7027913 51.5031814, -2.6986483 51.5041188, -2.6964784 51.5051899, -2.6923907 51.5047357, -2.6873642 51.5041781, -2.6826811 51.5036272, -2.6780891 51.5050496, -2.673347 51.5064987, -2.6691252 51.5083819, -2.6657349 51.5109126, -2.6633692 51.5134967, -2.6626933 51.5162207, -2.6618242 51.5192451, -2.6601935 51.522603, -2.6587558 51.5253666, -2.6621032 51.5279098, -2.6653453 51.5301396, -2.6643523 51.5320831, -2.6647795135601675 51.5327400798148, -2.6702088138412794 51.536731249648554)",False
way/142845284-400,way/89573358-400,400.0,1787.4764334110816,5533.33,Al/St 240/40 4-bundle 380.0,"LINESTRING (-4.168726899864967 52.93910014731802, -4.161299549832564 52.937811009090815, -4.152921 52.935956, -4.1519709 52.9359742, -4.1515961 52.9359415, -4.1486093 52.9359096, -4.1461169 52.9359083, -4.1459364 52.9359653, -4.1451715 52.9359083, -4.144832 52.9358591, -4.1413095 52.935771, -4.1393212 52.9353768, -4.1391017 52.9353332, -4.135433 52.9346058, -4.1345747 52.9341402, -4.1339333 52.9338844, -4.1331256 52.9338946, -4.1328092 52.9339167, -4.1323349 52.9339068, -4.1315002 52.9337235, -4.1297023 52.9331776, -4.12423 52.931452, -4.1224299 52.931376, -4.1214911 52.9312434, -4.1200856 52.9311335, -4.1200457 52.9307018, -4.1016994 52.9301715, -4.0997704 52.9301049, -4.097429910153637 52.9296009950821, -4.090135646685173 52.928072048443816)",False
way/4746208-400,way/31015820-400,400.0,1787.4764334110816,19754.41,Al/St 240/40 4-bundle 380.0,"LINESTRING (-0.3429034951501008 51.66067718156556, -0.3434259122027051 51.653749917719566, -0.3384176 51.6482372, -0.3270451 51.6449219, -0.3215006 51.6425152, -0.300386 51.6333489, -0.25762 51.5921681, -0.2500033 51.5860966, -0.2178597 51.5584633, -0.2164829 51.5573214, -0.2155902 51.556581, -0.2000224 51.5436666, -0.1907802 51.5359121, -0.1867717 51.5327088, -0.1813341 51.5283816, -0.1811047 51.5281734, -0.1809655 51.5281042, -0.1809431 51.5280871, -0.1807947 51.5279732, -0.1807193 51.5279154, -0.1798346241352399 51.527198356055976, -0.1701849107179376 51.527561029266714)",False
way/447301159-400,way/533670766-400,400.0,3574.952866822164,6924.94,Al/St 240/40 4-bundle 380.0,"LINESTRING (-0.0958864032625618 51.530398354852124, -0.0921250664134169 51.534849916136594, -0.0920668 51.534876, -0.091926 51.534901, -0.0915693 51.5350579, -0.0913668 51.5352038, -0.0907824 51.5354815, -0.0899465 51.5358604, -0.0897293 51.5359088, -0.0895228 51.535998, -0.0894033 51.5361258, -0.0873264 51.5371214, -0.0868299 51.5372393, -0.0864905 51.5373135, -0.0862022 51.5373611, -0.085258 51.5374929, -0.0847377 51.5375604, -0.084507 51.5375846, -0.0842616 51.5375905, -0.0839022 51.5375613, -0.0835468 51.5375121, -0.0828052 51.5374011, -0.08214 51.5372902, -0.0818785 51.5372017, -0.0816867 51.5371834, -0.0814104 51.5371967, -0.0806573 51.5370932, -0.0805239 51.5370756, -0.0798735 51.5369965, -0.0786625 51.5368264, -0.0783013 51.536774, -0.0779477 51.5367396, -0.0778806 51.5367079, -0.0774059 51.5366512, -0.0771377 51.5365995, -0.0769901 51.5365561, -0.0767058 51.5365194, -0.0764749 51.5365257, -0.0752252 51.5363842, -0.0740907 51.5362791, -0.0732216 51.5362207, -0.0722351 51.5361313, -0.0720012 51.5360539, -0.0718108 51.5360439, -0.0715452 51.5360689, -0.0681986 51.5357788, -0.0671773 51.5357436, -0.0664241 51.5357279, -0.0656685 51.5357194, -0.0648262 51.5357239, -0.0642577 51.5357236, -0.0640137 51.5356772, -0.063504 51.5356727, -0.0632291 51.5357161, -0.0630856 51.5357236, -0.0629394 51.5357177, -0.0625947 51.5356251, -0.0624918 51.535607, -0.0622568 51.5355685, -0.0618745 51.5355083, -0.0616546 51.5354458, -0.0614789 51.5353457, -0.0613408 51.535228, -0.0610913 51.5349978, -0.0608526 51.5347742, -0.0605804 51.5345573, -0.0604288 51.5344706, -0.0602572 51.5343947, -0.0600708 51.5343237, -0.0598776 51.5342679, -0.0596403 51.534212, -0.0593734 51.5341911, -0.0590046 51.5341869, -0.0583541 51.534247, -0.0577788 51.5343538, -0.0571907 51.5345002, -0.0568662 51.5346758, -0.0560649 51.5349457, -0.0553856 51.5351288, -0.0550919 51.5351943, -0.0548418 51.5352255, -0.0545193 51.5352543, -0.0542591 51.5352577, -0.0539915 51.5352539, -0.0537622 51.5352347, -0.0534873 51.5351943, -0.0532164 51.5351375, -0.052759 51.535022, -0.0496423 51.5339834, -0.0491796 51.5338157, -0.0490549 51.5337214, -0.0489114 51.5336664, -0.0486714 51.5336614, -0.0481188 51.533477, -0.0479284 51.5334695, -0.0475341 51.5333519, -0.0473517 51.5332134, -0.0458663 51.5327193, -0.0456452 51.5325511, -0.0451859 51.5323199, -0.0448425 51.5321947, -0.0446816 51.5321097, -0.0445046 51.5319645, -0.0440472 51.5317759, -0.0437106 51.5316141, -0.0436557 51.5316492, -0.0435618 51.5316049, -0.0431205 51.5318177, -0.0430293 51.5319211, -0.0415565 51.5326087, -0.0413691 51.5326536, -0.0411397 51.5327637, -0.0411138 51.5328309, -0.0384727 51.5340622, -0.0383368 51.5340952, -0.0382472 51.534105, -0.0379506 51.5342395, -0.0378875 51.5343429, -0.0378877 51.5344059, -0.0372425 51.5346768, -0.0356966 51.5353836, -0.0345318 51.5359505, -0.034339 51.5359505, -0.0341939 51.5360195, -0.0341795 51.5360882, -0.0323055 51.5369889, -0.0279424 51.539017, -0.0277179 51.5390653, -0.0274884 51.5391685, -0.0272293 51.5392851, -0.0271167 51.5394119, -0.0265968 51.5389385, -0.025591 51.5381343, -0.0253227 51.5378958, -0.0246468 51.5375805, -0.0240484 51.5375266, -0.0216776 51.5368664, -0.021495 51.5368891, -0.020991 51.5368731, -0.0209346 51.5366012, -0.0207952 51.5364251, -0.0206772 51.53632, -0.0204465 51.5362149, -0.0200348 51.5360664, -0.019981105184957 51.53602354707175, -0.0165107450732694 51.53159953283623)",False
way/533670766-400,way/23228362-400,400.0,3574.952866822164,2008.63,Al/St 240/40 4-bundle 380.0,"LINESTRING (-0.0165107450732694 51.53159953283623, -0.0105194153641474 51.52848677518117, -0.0104325 51.5283736, -0.010297 51.5282802, -0.0102125 51.528213, -0.0098732 51.5280357, -0.0089049 51.5275727, -0.0086869 51.5274057, -0.0085527 51.52726, -0.0083115 51.5272965, -0.0082535 51.5271572, -0.0081955 51.5270179, -0.0081369 51.5269539, -0.0080225 51.5268292, -0.007649 51.526545, -0.0072849 51.5262719, -0.0071669 51.5261159, -0.0070971 51.525727, -0.0074324 51.5252047, -0.0074418 51.5251413, -0.0077516 51.5245706, -0.0077677 51.5242034, -0.0077529 51.5241834, -0.0077194 51.5241742, -0.007069 51.5241676, -0.0070576 51.5237416, -0.0058867 51.5237347, -0.0057064 51.5237061, -0.0054993 51.5233652, -0.005300491293401 51.523029824005405, 0.0012220818911716 51.51941878826544)",False
way/636630371-400,way/636630368-400,400.0,3574.952866822164,9277.35,Al/St 240/40 4-bundle 380.0,"LINESTRING (-1.2850681815392417 50.83562429179856, -1.276980214020984 50.83566360716216, -1.2765733 50.8354391, -1.2762165 50.8351139, -1.2753046 50.8348767, -1.2733438 50.8340738, -1.2720752 50.8336977, -1.2690282 50.8331285, -1.2672901 50.8326067, -1.2652383 50.8318868, -1.2655628 50.8314649, -1.2674242 50.8289339, -1.2684005 50.8278631, -1.2685473 50.8276951, -1.2717748 50.824522, -1.2532568 50.8150598, -1.221242 50.8054873, -1.2148528 50.8098414, -1.2145445 50.8101365, -1.2145391 50.810228, -1.2147135 50.8107788, -1.2146813 50.8112992, -1.2143916 50.8116161, -1.2131363 50.8127041, -1.2122457 50.8133447, -1.2029017066524785 50.81918320175604, -1.1942887580685246 50.81820617940016)",False
way/227589012-400,way/31015820-400,400.0,1787.4764334110816,5678.77,Al/St 240/40 4-bundle 380.0,"LINESTRING (-0.1701849107179376 51.527561029266714, -0.1626174128787542 51.530672734438426, -0.1618873 51.5308714, -0.1576494 51.5328556, -0.1509331 51.5325753, -0.1506028 51.5328555, -0.1485835 51.5345641, -0.1456009 51.5368512, -0.1434766 51.5384394, -0.141127 51.5398942, -0.1394605 51.5406853, -0.138949 51.5413756, -0.1367638 51.5435025, -0.1346575 51.5449987, -0.1332601 51.5459917, -0.1302694 51.5481166, -0.1268898 51.5508319, -0.1237552 51.5533645, -0.1229523 51.5545324, -0.121461 51.5564069, -0.1200019 51.5576342, -0.1194003 51.5579731, -0.1191199435796556 51.558131016455334, -0.113517264838461 51.56149743945649)",False
way/137050527,way/148382435,500.0,500.0,61383.39,HVDC link,"LINESTRING (-5.770469013098239 54.84320148529032, -5.7691114 54.8429433, -5.7686967 54.843044, -5.7679403 54.8434332, -5.7572651 54.8436679, -5.7453883 54.8447367, -5.7436609 54.845515, -5.7375669 54.8463181, -5.7310259 54.8455178, -5.7279422 54.8452951, -5.7248211 54.8452123, -5.722173 54.8454873, -5.711867 54.844717, -5.709433 54.845267, -5.696517 54.848833, -5.6841 54.8548, -5.68 54.856867, -5.677633 54.858033, -5.67215 54.860683, -5.670983 54.8613, -5.66865 54.862483, -5.662833 54.86565, -5.654533 54.8757, -5.652317 54.878483, -5.6439 54.886467, -5.639783 54.890383, -5.6396 54.890883, -5.6426 54.894433, -5.644883 54.8969, -5.644917 54.897483, -5.64435 54.898033, -5.640417 54.898883, -5.621633 54.90275, -5.605033 54.90615, -5.59215 54.91055, -5.571917 54.917133, -5.558117 54.9217, -5.5482 54.92675, -5.523017 54.939517, -5.518233 54.941833, -5.499367 54.951517, -5.491283 54.956983, -5.487867 54.959333, -5.480767 54.964217, -5.45 54.979467, -5.434867 54.989617, -5.42075 54.999233, -5.419217 54.999967, -5.419067 55.000017, -5.415717 55.001317, -5.386367 55.012317, -5.37295 55.017267, -5.358683 55.0234, -5.33195 55.03495, -5.3176 55.033633, -5.3163 55.03375, -5.2589 55.053383, -5.20895 55.05635, -5.094917 55.062733, -5.062117 55.061417, -5.0446737 55.0583981, -5.0432074 55.0579007, -5.0417644 55.0573292, -5.0401872 55.0563552, -5.0393665 55.0558636, -5.0366414 55.0551476, -5.0304615 55.0535406, -5.0248557 55.0524866, -5.0207144 55.051955, -5.0203443 55.0522715, -5.0195128 55.0528492, -5.0186652 55.0533409, -5.0180644 55.0535867, -5.0134081 55.0553474, -5.0112623 55.0562046, -5.0092828 55.0569513, -5.0060749 55.0581895, -5.0043315 55.0588961, -5.0025505 55.0595628, -5.0006515 55.0602264, -4.9979156 55.0606013, -4.9963492 55.0619131, -4.9912316 55.0651387, -4.9862051 55.0680539, -4.9850142 55.0681061, -4.9832171 55.0687204, -4.9815445 55.069448, -4.980750724707527 55.069699109091)",True
way/297840585,way/375626500,600.0,2250.0,402799.02,HVDC link,"LINESTRING (-4.894821189854914 55.718036768358985, -4.892775 55.7183529, -4.8922634 55.7184936, -4.886831 55.7175267, -4.8849548 55.7175609, -4.8843906 55.7134505, -4.8776386 55.7105398, -4.8782333 55.7077712, -4.8769758 55.7060551, -4.8774104 55.703565, -4.8824645 55.6970527, -4.8899387 55.6945213, -5.0080291 55.4485909, -5.4292861 55.1159903, -5.1724807 54.4898885, -5.1614944 53.7940645, -3.5673735 53.5248337, -3.5647912 53.5251297, -3.5532423 53.5291236, -3.5423563 53.5308511, -3.5286115 53.5313852, -3.5042225 53.5352652, -3.4903897 53.5354139, -3.446763 53.5289823, -3.4252661 53.5247291, -3.4082897 53.5221949, -3.4048779 53.5208827, -3.4020467 53.5186327, -3.3929704 53.5026243, -3.3878239 53.4988741, -3.3135284 53.4561887, -3.3092401 53.4549847, -3.3056704 53.4543817, -3.2734201 53.4547985, -3.1766857 53.4558574, -3.1704852 53.4544959, -3.1409843 53.4395543, -3.1365364 53.4366291, -3.1341946 53.4333117, -3.1320921 53.4144345, -3.1308379 53.4116662, -3.1350217 53.4103754, -3.1375408 53.4094823, -3.1390433 53.4085763, -3.1420683 53.4057479, -3.1464406 53.4037489, -3.1464162 53.4034026, -3.1467468 53.4030785, -3.1491803 53.4013054, -3.1487362 53.4005005, -3.1456854 53.3987375, -3.144643 53.3976276, -3.1446351 53.3974389, -3.1450355 53.3969559, -3.1457586 53.3966066, -3.14538 53.3946912, -3.1450572 53.3939555, -3.1435011 53.3919274, -3.1423441 53.3916843, -3.1402891 53.390539, -3.1397055 53.3890226, -3.1384577 53.3878901, -3.138162 53.3867063, -3.1376483 53.3863545, -3.1347016 53.3854075, -3.1330425 53.3837244, -3.1345292 53.3825431, -3.1333845 53.379822, -3.1346847 53.3780549, -3.1347834 53.377491, -3.1331511 53.3758397, -3.1320338 53.3742908, -3.1306097 53.3707703, -3.1277853 53.3695541, -3.1238757 53.3690291, -3.1124369 53.3680177, -3.1093644 53.3673775, -3.1069288 53.3652002, -3.1047077 53.3624851, -3.101403 53.3585061, -3.1005209 53.3585886, -3.0970469 53.3586808, -3.0903615 53.3603732, -3.0870449 53.3606603, -3.0859655 53.360156, -3.0788926 53.3574385, -3.0763769 53.3555168, -3.076138 53.3554003, -3.0675429 53.3557303, -3.0660705 53.3550218, -3.0677195 53.3516634, -3.0692388 53.3491543, -3.0692649 53.3472272, -3.0694253 53.3447217, -3.0701872 53.3423828, -3.072299 53.3366153, -3.0731672 53.3357317, -3.0651883 53.3214808, -3.064748 53.3203839, -3.0643326 53.3176305, -3.061988 53.3161801, -3.0599772 53.3152561, -3.0583115 53.3140376, -3.057862 53.3136474, -3.0569964 53.3133639, -3.0558857 53.3131559, -3.0541096 53.3131393, -3.0483335 53.3132866, -3.0480616 53.3132366, -3.0467361 53.3129839, -3.0462462 53.3128911, -3.0460466 53.3127599, -3.0448774 53.3108077, -3.0438036 53.3096418, -3.0422326 53.3081359, -3.0401687 53.3066741, -3.0367032 53.3047668, -3.0336351 53.3029807, -3.0315696 53.3015168, -3.0316358 53.3013759, -3.0333904 53.3006827, -3.0334982 53.3002979, -3.0326928 53.2981646, -3.0316885 53.2965342, -3.0319343 53.2960592, -3.0354326 53.2936597, -3.0387718 53.291531, -3.0396327 53.2905274, -3.0403113 53.2897145, -3.040529 53.2892868, -3.0405321 53.2889214, -3.0404581 53.2886346, -3.0402979 53.2884325, -3.0401458 53.2883012, -3.0390879 53.2879047, -3.0378267 53.2873692, -3.0368338 53.2869215, -3.0345144 53.2862203, -3.0334594 53.2861426, -3.0330124 53.2859769, -3.0318956 53.2855439, -3.0306849 53.2853287, -3.029686 53.2850607, -3.0283272 53.2847583, -3.0270911 53.2842557, -3.0263566 53.2837986, -3.0239502 53.2829786, -3.0224331 53.2824702, -3.0221902 53.282466, -3.0191647 53.2828944, -2.996111 53.2719668, -2.998466 53.269362, -3.002161 53.2650605, -3.0022515 53.2646225, -3.002098 53.2641359, -3.002694 53.2632439, -3.0039893 53.2619239, -3.0079386 53.259986, -3.0096427 53.2595944, -3.0147615 53.2586596, -3.018567 53.2572084, -3.0194784 53.2565474, -3.0224394 53.2514815, -3.0207604 53.248258, -3.0212073 53.2456296, -3.0350844 53.2408643, -3.0352375 53.2406487, -3.0301982 53.2324282, -3.0330355 53.2322851, -3.0329966 53.231902, -3.0325941174955027 53.23046268805612)",True
