GEM location ID,bus_id,bus_name
L100000200202,DE43-220,Braunschweig
L100000200208,way/29084374-380,Amberg
L100000200214,way/57727004-220,Kempten
L100000200215,way/24839976-380,Cologne
L100000200235,way/24839976-380,Cologne
L100000200242,way/1280840211-380,Emden
L100000200245,way/29309786-380,BadHersfeld
L100000200247,way/29309786-380,BadHersfeld
L100000200252,way/170123812-400,SchwedtOder
L100000200269,way/44717036-380,Bremen
L100000200270,way/35818134-220,Dusseldorf
L100000200271,way/42488850-380,Hamm
L100000200272,DE43-220,Braunschweig
L100000200280,way/26472665-380,Magdeburg
L100000201171,way/52983550-380,FrankfurtOder
L100000408778,way/24839976-380,Cologne
L100000201174,way/29309786-380,BadHersfeld
L100000201175,way/143882655-380,Jena
L100000201176,way/82130902-225,Offenburg
L100000201177,way/26472665-380,Magdeburg
L100000408814,way/82130902-225,Offenburg
L100000500016,way/26245195-380,Munich
L100000500028,way/952346322-380,Rheine
L100000500029,way/25306752-220,Ravensburg
L100001046500,way/26245195-380,Munich
L100001046567,DE69-380,Dortmund
L100001046568,way/525964617,Elmshorn
L100001046569,way/943135226-380,Chemnitz
L100000101910,DE43-220,Braunschweig
L100001046570,way/24839976-380,Cologne
L100001046571,way/35818134-220,Dusseldorf
L100001046582,way/1089911133-380,Hamburg
L100000400140,way/1280840211-380,Emden
L100001046596,way/941198517-380,Cottbus
L100001046597,way/943135226-380,Chemnitz
L100001046598,way/525964617,Elmshorn
L100001046612,way/1094015892-380,Rostock
L100000101896,way/44717036-380,Bremen
L100000101897,way/44717036-380,Bremen
L100001046620,DE43-220,Braunschweig
L100000101912,DE43-220,Braunschweig
L100000400193,way/29309786-380,BadHersfeld
L100001046633,way/24839976-380,Cologne
L100000101884,way/26245195-380,Munich
L100001046801,way/26472665-380,Magdeburg
L100001046857,way/44717036-380,Bremen
L100001046858,way/1280840211-380,Emden
L100001046859,way/42488850-380,Hamm
L100001046861,way/170123812-400,SchwedtOder
L100001046863,way/29309786-380,BadHersfeld
L100001046865,way/275466323,Lubeck
L100001046877,way/170123812-400,SchwedtOder
L100001046881,way/29309786-380,BadHersfeld
L100001046885,DE69-380,Dortmund
L100001046886,way/82773910-400,Neunkirchen
L100001046889,way/82130902-225,Offenburg
L100001046888,way/82130902-225,Offenburg
L100001046892,way/1089911133-380,Hamburg
L100001046899,way/170123812-400,SchwedtOder
L100001046902,way/26472665-380,Magdeburg
L100001046905,way/941198517-380,Cottbus
L100001046906,way/24839976-380,Cologne
L100001046935,way/35818134-220,Dusseldorf
L100000101925,DE69-380,Dortmund
L100001046939,way/1280840211-380,Emden
L100001046940,way/941198517-380,Cottbus
L100000408771,DE205-380,Ulm
L100000407526,way/170123812-400,SchwedtOder
L100000400110,way/108797675-380,Wurzburg
L100000101873,way/25306752-220,Ravensburg
L100000408770,way/943135226-380,Chemnitz
L100000400111,way/35818134-220,Dusseldorf
L100000400112,way/82130902-225,Offenburg
L100000400113,way/525964617,Elmshorn
L100000408769,way/525964617,Elmshorn
L100000400114,DE69-380,Dortmund
L100000400115,way/24839976-380,Cologne
L100000400116,way/26245195-380,Munich
L100000400117,way/170123812-400,SchwedtOder
L100000101886,way/170123812-400,SchwedtOder
L100000401427,way/170123812-400,SchwedtOder
L100000101889,way/170123812-400,SchwedtOder
L100000400119,way/26472665-380,Magdeburg
L100000101973,DE177-220,Saarbrucken
L100001023473,way/24839976-380,Cologne
L100000406367,way/82130902-225,Offenburg
L100000400120,way/26472665-380,Magdeburg
L100000400121,way/941198517-380,Cottbus
L100000400124,DE43-220,Braunschweig
L100000407944,way/82130902-225,Offenburg
L100000400125,DE206-220,Muhldorf
L100000400126,way/170123812-400,SchwedtOder
L100000101928,DE69-380,Dortmund
L100000101980,way/943135226-380,Chemnitz
L100000101929,way/24839976-380,Cologne
L100000101891,way/941198517-380,Cottbus
L100000104721,DE69-380,Dortmund
L100000400133,way/29309786-380,BadHersfeld
L100000101981,way/26472665-380,Magdeburg
L100000408768,DE177-220,Saarbrucken
L100000407940,way/35818134-220,Dusseldorf
L100000400134,way/24839976-380,Cologne
L100000407941,DE69-380,Dortmund
L100000408767,way/943135226-380,Chemnitz
L100000408804,way/943135226-380,Chemnitz
L100000400135,way/108797675-380,Wurzburg
L100000400136,way/35818134-220,Dusseldorf
L100000400138,way/24839976-380,Cologne
L100000408780,way/52983550-380,FrankfurtOder
L100000400139,way/108797675-380,Wurzburg
L100000408779,way/1280840211-380,Emden
L100000400141,way/952346322-380,Rheine
L100000400146,way/952346322-380,Rheine
L100000400147,way/42488850-380,Hamm
L100000400148,way/143882655-380,Jena
L100000400150,way/108797675-380,Wurzburg
L100000400153,DE43-220,Braunschweig
L100000101993,way/449010725-380,Flensburg
L100001062490,way/29309786-380,BadHersfeld
L100000400156,way/108797675-380,Wurzburg
L100000101907,way/52983550-380,FrankfurtOder
L100000400158,way/87653464-400,FreiburgImBreisgau
L100000400159,way/26245195-380,Munich
L100000400161,way/108797675-380,Wurzburg
L100000408777,way/25306752-220,Ravensburg
L100000400167,DE206-220,Muhldorf
L100000408776,way/943135226-380,Chemnitz
L100000400265,way/943135226-380,Chemnitz
L100000101968,way/42488850-380,Hamm
L100000400173,DE43-220,Braunschweig
L100001062418,way/82130902-225,Offenburg
L100000400174,way/170123812-400,SchwedtOder
L100000400175,way/88916034-220,RheinfeldenBaden
L100001062421,DE205-380,Ulm
L100000407775,way/26245195-380,Munich
L100000407629,DE69-380,Dortmund
L100000400176,way/143882655-380,Jena
L100000408775,way/35818134-220,Dusseldorf
L100000101898,way/44717036-380,Bremen
L100000400179,way/29309786-380,BadHersfeld
L100000408783,way/26245195-380,Munich
L100000408782,way/525964617,Elmshorn
L100000101875,way/25306752-220,Ravensburg
L100000408781,way/35818134-220,Dusseldorf
L100000101942,DE69-380,Dortmund
L100000400180,way/42488850-380,Hamm
L100000400181,DE69-380,Dortmund
L100000408786,way/35818134-220,Dusseldorf
L100000400182,way/525964617,Elmshorn
L100000400183,way/44717036-380,Bremen
L100000408785,way/943135226-380,Chemnitz
L100000407530,way/24839976-380,Cologne
L100000400185,way/35818134-220,Dusseldorf
L100000400186,way/29309786-380,BadHersfeld
L100001047916,way/29309786-380,BadHersfeld
L100000400188,way/26245195-380,Munich
L100000101894,way/941198517-380,Cottbus
L100000400190,way/29309786-380,BadHersfeld
L100000400191,way/143882655-380,Jena
L100001023474,way/24839976-380,Cologne
L100000407943,way/82130902-225,Offenburg
L100000400192,way/24839976-380,Cologne
L100000408784,way/26245195-380,Munich
L100000101994,way/275466323,Lubeck
L100000407628,way/42488850-380,Hamm
L100000400194,way/26472665-380,Magdeburg
L100000400195,way/26472665-380,Magdeburg
L100000400196,way/24839976-380,Cologne
L100000101949,way/35818134-220,Dusseldorf
L100000101950,way/24839976-380,Cologne
L100000401433,DE205-380,Ulm
L100000400202,way/943135226-380,Chemnitz
L100000405886,way/943135226-380,Chemnitz
L100000400203,way/59026005-380,Gorlitz
L100000400204,way/143882655-380,Jena
L100000408802,way/143882655-380,Jena
L100000400207,way/170123812-400,SchwedtOder
L100000407942,way/952346322-380,Rheine
L100000101983,way/943135226-380,Chemnitz
L100000408815,way/82130902-225,Offenburg
L100000400209,way/82130902-225,Offenburg
L100000400211,way/82130902-225,Offenburg
L100000400278,way/29309786-380,BadHersfeld
L100000101972,way/82130902-225,Offenburg
L100000408813,way/25306752-220,Ravensburg
L100000400214,way/940919943,Gustrow
L100000408818,way/82130902-225,Offenburg
L100000101913,DE43-220,Braunschweig
L100000408817,way/24839976-380,Cologne
L100000101955,way/24839976-380,Cologne
L100000408789,way/82130902-225,Offenburg
L100000400216,way/44717036-380,Bremen
L100000400217,way/26245195-380,Munich
L100000400223,DE69-380,Dortmund
L100000400224,way/1094015892-380,Rostock
L100000400225,way/29309786-380,BadHersfeld
L100000400226,way/24839976-380,Cologne
L100000400230,way/943135226-380,Chemnitz
L100000400231,way/35818134-220,Dusseldorf
L100000400234,way/1128250707-380,Oldenburg
L100000408788,way/25306752-220,Ravensburg
L100000101879,way/82130902-225,Offenburg
L100000400237,DE206-220,Muhldorf
L100000400238,way/941198517-380,Cottbus
L100000101977,DE177-220,Saarbrucken
L100000101880,way/82130902-225,Offenburg
L100000408787,way/24839976-380,Cologne
L100000400241,way/44717036-380,Bremen
L100000101975,DE177-220,Saarbrucken
L100001081027,DE206-220,Muhldorf
L100000408820,DE43-220,Braunschweig
L100000400243,way/108797675-380,Wurzburg
L100000400245,way/42488850-380,Hamm
L100000101959,way/35818134-220,Dusseldorf
L100000400246,way/143882655-380,Jena
L100000101895,way/941198517-380,Cottbus
L100000400247,way/941198517-380,Cottbus
L100000408892,way/170123812-400,SchwedtOder
L100000400249,way/275466323,Lubeck
L100000400250,way/25306752-220,Ravensburg
L100000407529,way/35818134-220,Dusseldorf
L100000400166,DE177-220,Saarbrucken
L100000400251,way/525964617,Elmshorn
L100000400252,way/57727004-220,Kempten
L100000400280,way/82130902-225,Offenburg
L100000400254,way/26472665-380,Magdeburg
L100000101908,way/29309786-380,BadHersfeld
L100000101881,way/25306752-220,Ravensburg
L100000400165,DE177-220,Saarbrucken
L100000408819,way/44717036-380,Bremen
L100000400259,way/941198517-380,Cottbus
L100000101900,way/1089911133-380,Hamburg
L100000400266,way/42488850-380,Hamm
L100001023454,DE205-380,Ulm
L100000101882,way/87653464-400,FreiburgImBreisgau
L100000400269,way/29309786-380,BadHersfeld
L100000400270,way/57727004-220,Kempten
L100001023453,way/57727004-220,Kempten
L100000101962,way/35818134-220,Dusseldorf
L100000101976,way/82773910-400,Neunkirchen
L100000400272,way/29309786-380,BadHersfeld
L100000101883,way/25306752-220,Ravensburg
L100000101996,way/525964617,Elmshorn
L100000400273,way/24839976-380,Cologne
L100000101966,way/24839976-380,Cologne
L100000400276,way/35818134-220,Dusseldorf
L100000400277,way/943135226-380,Chemnitz
L100000400281,way/82130902-225,Offenburg
L100000400283,way/29309786-380,BadHersfeld
L100000400284,way/26472665-380,Magdeburg
L100000101922,DE43-220,Braunschweig
L100000101923,DE43-220,Braunschweig
L100000400288,way/82130902-225,Offenburg
L100001023475,way/26472665-380,Magdeburg
L100001062423,way/26245195-380,Munich
L100000400155,DE177-220,Saarbrucken
L100000400239,way/26245195-380,Munich
L100000400282,way/29309786-380,BadHersfeld
L100000817486,way/143882655-380,Jena
L100000817487,way/143882655-380,Jena
L100001043953,way/1089911133-380,Hamburg
L100000817488,way/143882655-380,Jena
L100000817489,way/943135226-380,Chemnitz
L100001056492,way/26472665-380,Magdeburg
L100000817490,way/25306752-220,Ravensburg
L100001001821,way/26245195-380,Munich
L100000817491,way/943135226-380,Chemnitz
L100000817496,DE173-220,Merzig
L100000817497,DE173-220,Merzig
L100000817498,way/1094015892-380,Rostock
L100000817499,way/26245195-380,Munich
L100000817500,way/143882655-380,Jena
L100001001822,way/943135226-380,Chemnitz
L100001001823,DE43-220,Braunschweig
L100000817501,way/26472665-380,Magdeburg
L100000817502,way/108797675-380,Wurzburg
L100000817503,way/26472665-380,Magdeburg
L100000817504,way/943135226-380,Chemnitz
L100000817505,way/82130902-225,Offenburg
L100000817508,way/449010725-380,Flensburg
L100000817507,way/143882655-380,Jena
L100001056493,way/29084374-380,Amberg
L100001056494,way/52983550-380,FrankfurtOder
L100001001825,way/44717036-380,Bremen
L100000817510,DE206-220,Muhldorf
L100000817512,way/26245195-380,Munich
L100001044616,DE69-380,Dortmund
L100000817511,DE173-220,Merzig
L100001001826,way/26472665-380,Magdeburg
L100000817513,way/25306752-220,Ravensburg
L100001001827,way/25306752-220,Ravensburg
L100000817514,way/24839976-380,Cologne
L100000817515,way/24839976-380,Cologne
L100000817516,DE43-220,Braunschweig
L100000817517,way/108797675-380,Wurzburg
L100000817518,way/26472665-380,Magdeburg
L100001001828,way/82130902-225,Offenburg
L100001043903,DE173-220,Merzig
L100001001829,way/108797675-380,Wurzburg
L100000817519,way/943135226-380,Chemnitz
L100000817520,way/29084374-380,Amberg
L100000817521,way/82130902-225,Offenburg
L100000817522,way/24839976-380,Cologne
L100000817524,DE205-380,Ulm
L100001001830,way/170123812-400,SchwedtOder
L100001001831,way/26472665-380,Magdeburg
L100000817526,way/26245195-380,Munich
L100000817525,way/26472665-380,Magdeburg
L100000817527,way/941198517-380,Cottbus
L100000817528,DE43-220,Braunschweig
L100000817529,DE43-220,Braunschweig
L100000817530,way/26245195-380,Munich
L100000817531,way/26472665-380,Magdeburg
L100001043671,way/108797675-380,Wurzburg
L100000817532,way/82130902-225,Offenburg
L100001056496,way/26472665-380,Magdeburg
L100001001832,DE209-380,VillingenSchwennin
L100001043672,way/1280840211-380,Emden
L100001044098,DE173-220,Merzig
L100001001833,way/943135226-380,Chemnitz
L100001001834,way/42488850-380,Hamm
L100000817534,DE43-220,Braunschweig
L100000817535,way/941198517-380,Cottbus
L100000817536,way/941198517-380,Cottbus
L100000817537,way/941198517-380,Cottbus
L100001044761,way/42488850-380,Hamm
L100001044088,way/26472665-380,Magdeburg
L100001044204,way/29084374-380,Amberg
L100001044203,way/29084374-380,Amberg
L100000817538,way/143882655-380,Jena
L100000817539,DE43-220,Braunschweig
L100000817540,DE205-380,Ulm
L100000817541,way/943135226-380,Chemnitz
L100001044552,way/24839976-380,Cologne
L100001056497,way/1128250707-380,Oldenburg
L100001056498,way/1128250707-380,Oldenburg
L100000817542,way/26245195-380,Munich
L100000817543,way/26245195-380,Munich
L100000817544,way/26245195-380,Munich
L100000817545,DE177-220,Saarbrucken
L100000817546,way/143882655-380,Jena
L100000817547,DE43-220,Braunschweig
L100000817548,way/941198517-380,Cottbus
L100000817549,way/26245195-380,Munich
L100000817550,way/26245195-380,Munich
L100000817551,way/26245195-380,Munich
L100000817552,way/26245195-380,Munich
L100000817553,way/26245195-380,Munich
L100001001835,way/143882655-380,Jena
L100000817554,way/29309786-380,BadHersfeld
L100000817555,way/82130902-225,Offenburg
L100000817556,way/26245195-380,Munich
L100000817557,DE43-220,Braunschweig
L100000817558,way/943135226-380,Chemnitz
L100001001836,way/25306752-220,Ravensburg
L100001001837,way/57727004-220,Kempten
L100001001838,DE205-380,Ulm
L100000817559,way/26245195-380,Munich
L100001044604,way/26245195-380,Munich
L100000817561,way/1128250707-380,Oldenburg
L100000817562,DE206-220,Muhldorf
L100000817563,DE206-220,Muhldorf
L100000817564,way/143882655-380,Jena
L100000817565,DE206-220,Muhldorf
L100000817566,way/943135226-380,Chemnitz
L100000817567,way/29084374-380,Amberg
L100001001839,way/44717036-380,Bremen
L100001043601,way/44717036-380,Bremen
L100001044143,way/44717036-380,Bremen
L100001044144,way/44717036-380,Bremen
L100001001840,way/26472665-380,Magdeburg
L100000817569,way/44717036-380,Bremen
L100001001841,way/29084374-380,Amberg
L100000817575,DE206-220,Muhldorf
L100000817576,DE206-220,Muhldorf
L100000817577,way/82130902-225,Offenburg
L100001044310,way/525964617,Elmshorn
L100001044509,way/941198517-380,Cottbus
L100001056499,way/941198517-380,Cottbus
L100001001842,DE206-220,Muhldorf
L100000817586,DE43-220,Braunschweig
L100001001843,DE206-220,Muhldorf
L100001056500,DE209-380,VillingenSchwennin
L100001056501,way/1089911133-380,Hamburg
L100001001844,way/29309786-380,BadHersfeld
L100001001845,way/108797675-380,Wurzburg
L100001001846,way/943135226-380,Chemnitz
L100001001847,way/29309786-380,BadHersfeld
L100001001848,way/29084374-380,Amberg
L100001001849,way/29084374-380,Amberg
L100001001850,DE206-220,Muhldorf
L100001044521,way/44717036-380,Bremen
L100001001851,DE206-220,Muhldorf
L100001001852,DE206-220,Muhldorf
L100001001853,DE206-220,Muhldorf
L100001001854,DE206-220,Muhldorf
L100001001855,DE206-220,Muhldorf
L100001044762,way/275466323,Lubeck
L100001044538,way/82130902-225,Offenburg
L100001001856,way/26472665-380,Magdeburg
L100001001857,way/26472665-380,Magdeburg
L100001001858,DE206-220,Muhldorf
L100001043693,DE206-220,Muhldorf
L100001001859,DE206-220,Muhldorf
L100001043711,way/82130902-225,Offenburg
L100001044039,way/941198517-380,Cottbus
L100001044131,way/26472665-380,Magdeburg
L100001044146,DE173-220,Merzig
L100001044244,way/143882655-380,Jena
L100001044438,DE173-220,Merzig
L100001044534,way/82130902-225,Offenburg
L100001044536,DE205-380,Ulm
L100001056502,DE206-220,Muhldorf
L100001056503,DE206-220,Muhldorf
L100001043873,DE206-220,Muhldorf
L100001043872,DE206-220,Muhldorf
L100001056504,DE206-220,Muhldorf
L100001043874,DE206-220,Muhldorf
L100001043848,way/29084374-380,Amberg
L100001056505,DE206-220,Muhldorf
L100001056506,DE206-220,Muhldorf
L100001056507,DE206-220,Muhldorf
L100001043881,way/26472665-380,Magdeburg
L100001044810,way/1094015892-380,Rostock
L100001044809,way/1094015892-380,Rostock
L100001044364,way/1094015892-380,Rostock
L100001056508,way/29309786-380,BadHersfeld
L100001056509,way/42488850-380,Hamm
L100000817593,way/108797675-380,Wurzburg
L100001056510,DE209-380,VillingenSchwennin
L100001056511,way/44717036-380,Bremen
L100001056512,way/143882655-380,Jena
L100001056513,way/82130902-225,Offenburg
L100001056514,way/24839976-380,Cologne
L100001081398,way/108797675-380,Wurzburg
L100001081399,way/26472665-380,Magdeburg
L100001081400,way/108797675-380,Wurzburg
L100000817594,DE177-220,Saarbrucken
L100000817595,DE206-220,Muhldorf
L100000817596,DE206-220,Muhldorf
L100000817597,way/108797675-380,Wurzburg
L100000817598,DE205-380,Ulm
L100001056515,way/952346322-380,Rheine
L100000817599,way/449010725-380,Flensburg
L100000817600,way/449010725-380,Flensburg
L100000817601,way/449010725-380,Flensburg
L100001043596,way/143882655-380,Jena
L100001001861,way/108797675-380,Wurzburg
L100000817604,way/940919943,Gustrow
L100001044494,way/108797675-380,Wurzburg
L100000817605,way/57727004-220,Kempten
L100001044550,way/24839976-380,Cologne
L100001001862,way/57727004-220,Kempten
L100001056517,way/35818134-220,Dusseldorf
L100000817607,way/952346322-380,Rheine
L100000817608,DE209-380,VillingenSchwennin
L100001001863,DE43-220,Braunschweig
L100000817611,way/108797675-380,Wurzburg
L100001044549,way/82130902-225,Offenburg
L100001056518,way/943135226-380,Chemnitz
L100001001864,way/941198517-380,Cottbus
L100001044823,way/941198517-380,Cottbus
L100001044712,way/25306752-220,Ravensburg
L100000817612,DE69-380,Dortmund
L100000817613,way/108797675-380,Wurzburg
L100000817614,way/26245195-380,Munich
L100000817615,way/108797675-380,Wurzburg
L100000817616,way/108797675-380,Wurzburg
L100000817617,DE206-220,Muhldorf
L100000817618,DE205-380,Ulm
L100000817619,DE209-380,VillingenSchwennin
L100000817620,DE209-380,VillingenSchwennin
L100000817621,way/25306752-220,Ravensburg
L100000817622,DE209-380,VillingenSchwennin
L100001001865,DE205-380,Ulm
L100000817623,DE209-380,VillingenSchwennin
L100000817624,DE209-380,VillingenSchwennin
L100000817625,DE209-380,VillingenSchwennin
L100000817626,DE209-380,VillingenSchwennin
L100001001866,way/57727004-220,Kempten
L100001001867,DE209-380,VillingenSchwennin
L100001044141,way/25306752-220,Ravensburg
L100001043949,DE209-380,VillingenSchwennin
L100001001868,way/25306752-220,Ravensburg
L100001056519,DE209-380,VillingenSchwennin
L100001056520,way/25306752-220,Ravensburg
L100001056521,way/108797675-380,Wurzburg
L100001081401,DE209-380,VillingenSchwennin
L100001056522,DE209-380,VillingenSchwennin
L100000817627,way/89176939-220,Trier
L100001001869,way/943135226-380,Chemnitz
L100000817629,way/29084374-380,Amberg
L100001056523,way/941198517-380,Cottbus
L100001056524,way/24839976-380,Cologne
L100001056525,DE177-220,Saarbrucken
L100001044579,DE205-380,Ulm
L100001044580,way/108797675-380,Wurzburg
L100000817632,way/24839976-380,Cologne
L100000817633,way/82130902-225,Offenburg
L100000817634,way/26245195-380,Munich
L100000817635,way/24839976-380,Cologne
L100000817636,DE177-220,Saarbrucken
L100000817637,way/108797675-380,Wurzburg
L100001043668,way/29084374-380,Amberg
L100001001870,DE177-220,Saarbrucken
L100001001871,DE205-380,Ulm
L100001001872,way/26245195-380,Munich
L100000817638,way/1089911133-380,Hamburg
L100000817639,way/108797675-380,Wurzburg
L100001044572,way/26472665-380,Magdeburg
L100001001874,way/59026005-380,Gorlitz
L100000817644,way/26245195-380,Munich
L100001044785,way/24839976-380,Cologne
L100000817646,way/143882655-380,Jena
L100001056526,way/29084374-380,Amberg
L100001001878,DE177-220,Saarbrucken
L100000817647,way/26472665-380,Magdeburg
L100001001880,way/42488850-380,Hamm
L100000817650,way/59026005-380,Gorlitz
L100000817651,way/59026005-380,Gorlitz
L100000817652,way/59026005-380,Gorlitz
L100000817653,way/940919943,Gustrow
L100000817654,way/59026005-380,Gorlitz
L100000817655,way/59026005-380,Gorlitz
L100001043763,way/143882655-380,Jena
L100000817656,DE205-380,Ulm
L100000817659,way/29309786-380,BadHersfeld
L100001043682,way/42488850-380,Hamm
L100001001884,DE205-380,Ulm
L100001056527,way/25306752-220,Ravensburg
L100000817660,DE206-220,Muhldorf
L100000817665,way/82130902-225,Offenburg
L100000817698,way/26245195-380,Munich
L100001056532,DE173-220,Merzig
L100001056543,way/143882655-380,Jena
L100001044669,way/108797675-380,Wurzburg
L100001001893,way/29084374-380,Amberg
L100001056547,way/26245195-380,Munich
L100001043625,way/275466323,Lubeck
L100000817736,way/170123812-400,SchwedtOder
L100000817738,way/44717036-380,Bremen
L100001044295,way/170123812-400,SchwedtOder
L100001044294,way/170123812-400,SchwedtOder
L100001044547,DE173-220,Merzig
L100001056549,way/143882655-380,Jena
L100001044467,way/44717036-380,Bremen
L100001043677,DE43-220,Braunschweig
L100001001903,way/42488850-380,Hamm
L100001001904,way/42488850-380,Hamm
L100000817767,way/1094015892-380,Rostock
L100001056552,DE177-220,Saarbrucken
L100001056554,way/26472665-380,Magdeburg
L100001056553,way/26472665-380,Magdeburg
L100001056555,DE173-220,Merzig
L100000817769,way/143882655-380,Jena
L100001061954,way/941198517-380,Cottbus
L100001056556,way/52983550-380,FrankfurtOder
L100001044578,way/52983550-380,FrankfurtOder
L100001056557,way/52983550-380,FrankfurtOder
L100000817775,way/87653464-400,FreiburgImBreisgau
L100000817776,DE177-220,Saarbrucken
L100000817777,way/52983550-380,FrankfurtOder
L100000817778,way/941198517-380,Cottbus
L100000817779,way/108797675-380,Wurzburg
L100000817780,way/52983550-380,FrankfurtOder
L100000817781,way/941198517-380,Cottbus
L100000817782,DE177-220,Saarbrucken
L100000817783,DE177-220,Saarbrucken
L100001056558,way/57727004-220,Kempten
L100000817785,way/940919943,Gustrow
L100001001918,way/26472665-380,Magdeburg
L100001044175,way/108797675-380,Wurzburg
L100000817793,DE209-380,VillingenSchwennin
L100001001919,way/1094015892-380,Rostock
L100000817630,way/24839976-380,Cologne
L100000817631,way/24839976-380,Cologne
L100001081402,way/525964617,Elmshorn
L100000817661,way/108797675-380,Wurzburg
L100000817662,DE205-380,Ulm
L100000817663,DE205-380,Ulm
L100000817664,DE206-220,Muhldorf
L100001001886,way/525964617,Elmshorn
L100001001887,way/525964617,Elmshorn
L100001001888,way/940919943,Gustrow
L100001001889,way/52983550-380,FrankfurtOder
L100001001890,way/941198517-380,Cottbus
L100001001891,way/143882655-380,Jena
L100001043620,way/52983550-380,FrankfurtOder
L100001043621,way/52983550-380,FrankfurtOder
L100001043622,way/943135226-380,Chemnitz
L100001043619,way/143882655-380,Jena
L100001043623,way/943135226-380,Chemnitz
L100001043617,way/170123812-400,SchwedtOder
L100001001892,way/24839976-380,Cologne
L100001056530,way/42488850-380,Hamm
L100001044479,way/25306752-220,Ravensburg
L100001044675,way/44717036-380,Bremen
L100001044674,way/44717036-380,Bremen
L100001044541,way/25306752-220,Ravensburg
L100001056531,way/1089911133-380,Hamburg
L100001043762,way/42488850-380,Hamm
L100001044367,DE206-220,Muhldorf
L100001056528,DE205-380,Ulm
L100001056529,DE206-220,Muhldorf
L100001081403,way/26245195-380,Munich
L100001044629,way/57727004-220,Kempten
L100001044624,way/68532663-220,Weilheim
L100001044628,way/68532663-220,Weilheim
L100001044717,way/57727004-220,Kempten
L100001044815,way/57727004-220,Kempten
L100000817702,way/143882655-380,Jena
L100001044272,DE206-220,Muhldorf
L100001056538,DE69-380,Dortmund
L100001056539,DE205-380,Ulm
L100001056540,DE69-380,Dortmund
L100001044330,way/31131320-380,Friedrichshafen
L100001044213,DE177-220,Saarbrucken
L100001056541,way/44717036-380,Bremen
L100001056542,way/24839976-380,Cologne
L100001056533,DE209-380,VillingenSchwennin
L100001056534,way/943135226-380,Chemnitz
L100001043894,DE209-380,VillingenSchwennin
L100000817699,DE209-380,VillingenSchwennin
L100001056535,DE177-220,Saarbrucken
L100001056536,DE177-220,Saarbrucken
L100001056537,DE177-220,Saarbrucken
L100000817700,way/59026005-380,Gorlitz
L100000817701,DE209-380,VillingenSchwennin
L100001044643,DE209-380,VillingenSchwennin
L100001056544,way/44717036-380,Bremen
L100001056545,DE209-380,VillingenSchwennin
L100000805736,way/1128250707-380,Oldenburg
L100000817704,DE206-220,Muhldorf
L100001044305,way/29084374-380,Amberg
L100001044668,way/108797675-380,Wurzburg
L100000817705,way/943135226-380,Chemnitz
L100000817706,way/943135226-380,Chemnitz
L100000817707,way/108797675-380,Wurzburg
L100001081404,way/29309786-380,BadHersfeld
L100000817708,way/82130902-225,Offenburg
L100000817710,way/52983550-380,FrankfurtOder
L100000817711,way/143882655-380,Jena
L100001056546,way/26472665-380,Magdeburg
L100000817713,DE205-380,Ulm
L100001001895,way/24839976-380,Cologne
L100000817715,way/275466323,Lubeck
L100001081405,way/24839976-380,Cologne
L100000817716,DE177-220,Saarbrucken
L100000817717,way/1094015892-380,Rostock
L100000817718,way/1094015892-380,Rostock
L100000805722,way/1094015892-380,Rostock
L100000817719,way/941198517-380,Cottbus
L100001001897,way/57727004-220,Kempten
L100000817720,way/89176939-220,Trier
L100000817721,way/943135226-380,Chemnitz
L100000817722,way/943135226-380,Chemnitz
L100000817723,way/943135226-380,Chemnitz
L100001043948,way/1094015892-380,Rostock
L100000817724,way/940919943,Gustrow
L100000817725,DE205-380,Ulm
L100000817726,way/108797675-380,Wurzburg
L100000817727,way/26245195-380,Munich
L100001001898,way/26245195-380,Munich
L100000817728,way/26245195-380,Munich
L100000817729,DE206-220,Muhldorf
L100000805773,way/52983550-380,FrankfurtOder
L100000817730,way/52983550-380,FrankfurtOder
L100001001899,way/82130902-225,Offenburg
L100001043637,way/108797675-380,Wurzburg
L100001081406,way/26245195-380,Munich
L100000817731,way/26245195-380,Munich
L100000817732,way/26245195-380,Munich
L100000817733,way/943135226-380,Chemnitz
L100001044132,DE206-220,Muhldorf
L100001001900,DE205-380,Ulm
L100000817735,DE206-220,Muhldorf
L100000817737,way/57727004-220,Kempten
L100000805841,way/44717036-380,Bremen
L100001056548,DE206-220,Muhldorf
L100000806366,way/26472665-380,Magdeburg
L100000817739,DE205-380,Ulm
L100001001902,way/143882655-380,Jena
L100000817741,way/143882655-380,Jena
L100001056550,way/525964617,Elmshorn
L100000817742,way/29309786-380,BadHersfeld
L100000817743,way/82130902-225,Offenburg
L100000817744,way/82130902-225,Offenburg
L100000817745,way/108797675-380,Wurzburg
L100000817746,way/29084374-380,Amberg
L100001001906,way/525964617,Elmshorn
L100000817747,way/29084374-380,Amberg
L100000817748,way/29084374-380,Amberg
L100000817749,way/29084374-380,Amberg
L100001001907,way/42488850-380,Hamm
L100001044441,way/24839976-380,Cologne
L100001044442,way/24839976-380,Cologne
L100000817750,way/29309786-380,BadHersfeld
L100000817751,way/108797675-380,Wurzburg
L100000817752,way/29084374-380,Amberg
L100001001909,way/82130902-225,Offenburg
L100001001910,DE69-380,Dortmund
L100001044232,way/1128250707-380,Oldenburg
L100001044234,way/1128250707-380,Oldenburg
L100001001908,way/82130902-225,Offenburg
L100001043615,way/525964617,Elmshorn
L100000817753,way/29084374-380,Amberg
L100000817754,way/143882655-380,Jena
L100001044443,way/29309786-380,BadHersfeld
L100000817755,way/143882655-380,Jena
L100000817756,way/525964617,Elmshorn
L100000817763,way/108797675-380,Wurzburg
L100001044661,way/44717036-380,Bremen
L100001043918,DE177-220,Saarbrucken
L100001044504,way/29084374-380,Amberg
L100001001911,way/1128250707-380,Oldenburg
L100000822159,way/82130902-225,Offenburg
L100000817758,DE209-380,VillingenSchwennin
L100001081407,way/1089911133-380,Hamburg
L100000817759,DE206-220,Muhldorf
L100000817760,way/26472665-380,Magdeburg
L100000817761,way/952346322-380,Rheine
L100001056551,DE206-220,Muhldorf
L100001081408,way/1280840211-380,Emden
L100001044440,way/24839976-380,Cologne
L100001001913,way/26245195-380,Munich
L100001044583,DE62-380,Duisburg
L100000817764,way/57727004-220,Kempten
L100001081409,way/108797675-380,Wurzburg
L100001043960,way/57727004-220,Kempten
L100001043959,way/57727004-220,Kempten
L100000817765,way/108797675-380,Wurzburg
L100001044016,way/42488850-380,Hamm
L100001044568,way/26245195-380,Munich
L100000817768,way/143882655-380,Jena
L100001001914,way/26245195-380,Munich
L100001001915,DE209-380,VillingenSchwennin
L100000817770,way/26472665-380,Magdeburg
L100000817771,way/89176939-220,Trier
L100000817772,DE205-380,Ulm
L100000817773,way/1280840211-380,Emden
L100000817774,way/26245195-380,Munich
L100000817784,DE206-220,Muhldorf
L100001044207,way/25306752-220,Ravensburg
L100001056559,way/108797675-380,Wurzburg
L100001043660,way/26245195-380,Munich
L100001044325,way/26245195-380,Munich
L100001056560,way/26245195-380,Munich
L100000817786,way/42488850-380,Hamm
L100001044362,way/1128250707-380,Oldenburg
L100001044725,way/42488850-380,Hamm
L100001044791,way/170123812-400,SchwedtOder
L100001044031,DE69-380,Dortmund
L100001001916,DE177-220,Saarbrucken
L100000817788,way/26245195-380,Munich
L100001056561,way/108797675-380,Wurzburg
L100001056562,way/108797675-380,Wurzburg
L100001056563,way/943135226-380,Chemnitz
L100000817789,way/108797675-380,Wurzburg
L100000817790,way/1280840211-380,Emden
L100001056564,way/943135226-380,Chemnitz
L100000817791,DE205-380,Ulm
L100001043970,way/1094015892-380,Rostock
L100000817792,DE205-380,Ulm
L100001001917,way/26472665-380,Magdeburg
L100001043808,way/44717036-380,Bremen
L100000817795,way/24839976-380,Cologne
L100001001920,way/1094015892-380,Rostock
L100000817797,way/29084374-380,Amberg
L100001044160,way/449010725-380,Flensburg
L100000817798,way/44717036-380,Bremen
L100000817799,way/1094015892-380,Rostock
L100000817800,DE206-220,Muhldorf
L100001001921,way/941198517-380,Cottbus
L100000817801,way/29084374-380,Amberg
L100000817802,way/26472665-380,Magdeburg
L100001001922,way/941198517-380,Cottbus
L100000817803,way/26472665-380,Magdeburg
L100001001923,way/941198517-380,Cottbus
L100001001937,way/29084374-380,Amberg
L100001056569,DE209-380,VillingenSchwennin
L100001043605,way/108797675-380,Wurzburg
L100001043832,way/108797675-380,Wurzburg
L100001043932,DE205-380,Ulm
L100000817845,way/1094015892-380,Rostock
L100000817846,DE177-220,Saarbrucken
L100001001941,way/25306752-220,Ravensburg
L100001001942,way/25306752-220,Ravensburg
L100001001943,DE69-380,Dortmund
L100001001944,way/108797675-380,Wurzburg
L100001001945,way/44717036-380,Bremen
L100001001947,way/108797675-380,Wurzburg
L100001081410,way/29084374-380,Amberg
L100001081411,way/29084374-380,Amberg
L100001081412,way/29084374-380,Amberg
L100000817859,DE205-380,Ulm
L100001001948,way/42488850-380,Hamm
L100001056573,way/42488850-380,Hamm
L100000817860,way/82130902-225,Offenburg
L100000817873,way/170123812-400,SchwedtOder
L100000817874,DE205-380,Ulm
L100000817796,way/29309786-380,BadHersfeld
L100001056582,way/24839976-380,Cologne
L100001001959,way/143882655-380,Jena
L100001056584,way/44717036-380,Bremen
L100001044690,way/44717036-380,Bremen
L100001001961,way/1089911133-380,Hamburg
L100001043701,way/44717036-380,Bremen
L100001056589,way/82130902-225,Offenburg
L100000817898,way/108797675-380,Wurzburg
L100000817899,way/108797675-380,Wurzburg
L100001043646,way/108797675-380,Wurzburg
L100001001964,DE173-220,Merzig
L100001001965,DE177-220,Saarbrucken
L100001043690,DE173-220,Merzig
L100000817900,DE173-220,Merzig
L100001081414,way/35818134-220,Dusseldorf
L100000817901,way/26245195-380,Munich
L100001056590,way/449010725-380,Flensburg
L100001043780,way/170123812-400,SchwedtOder
L100001044842,way/35818134-220,Dusseldorf
L100000817904,way/943135226-380,Chemnitz
L100001056601,DE69-380,Dortmund
L100001056602,way/59026005-380,Gorlitz
L100000817804,way/26472665-380,Magdeburg
L100001001924,way/24839976-380,Cologne
L100001001925,DE205-380,Ulm
L100001001926,DE205-380,Ulm
L100001001927,way/42488850-380,Hamm
L100000817805,DE43-220,Braunschweig
L100000817806,way/57727004-220,Kempten
L100001056565,way/29309786-380,BadHersfeld
L100001001928,way/943135226-380,Chemnitz
L100000817807,way/42488850-380,Hamm
L100000817808,way/29309786-380,BadHersfeld
L100000817809,way/29309786-380,BadHersfeld
L100000817810,way/29309786-380,BadHersfeld
L100001056566,way/42488850-380,Hamm
L100000817811,way/1128250707-380,Oldenburg
L100001043738,way/1128250707-380,Oldenburg
L100001056567,way/941198517-380,Cottbus
L100000817812,way/26245195-380,Munich
L100000817813,DE43-220,Braunschweig
L100000817814,way/26245195-380,Munich
L100001001929,way/1128250707-380,Oldenburg
L100001044592,way/1128250707-380,Oldenburg
L100000817815,way/1094015892-380,Rostock
L100000817816,way/1094015892-380,Rostock
L100000817817,way/1094015892-380,Rostock
L100000817818,way/1094015892-380,Rostock
L100000817819,way/275466323,Lubeck
L100000817820,way/275466323,Lubeck
L100000817821,way/1094015892-380,Rostock
L100001001930,way/1094015892-380,Rostock
L100000817822,way/1094015892-380,Rostock
L100000817823,way/1094015892-380,Rostock
L100000817824,way/1094015892-380,Rostock
L100000817825,way/1094015892-380,Rostock
L100000817829,way/170123812-400,SchwedtOder
L100000817831,way/26472665-380,Magdeburg
L100000817832,way/26472665-380,Magdeburg
L100000817833,way/26472665-380,Magdeburg
L100001001934,way/42488850-380,Hamm
L100001001935,way/42488850-380,Hamm
L100000817834,way/170123812-400,SchwedtOder
L100000817835,way/170123812-400,SchwedtOder
L100001056568,way/35818134-220,Dusseldorf
L100000817836,way/26472665-380,Magdeburg
L100000817837,way/940919943,Gustrow
L100000817838,way/940919943,Gustrow
L100000805996,way/940919943,Gustrow
L100000817839,way/940919943,Gustrow
L100001004461,way/170123812-400,SchwedtOder
L100001044316,way/1094015892-380,Rostock
L100001001936,way/943135226-380,Chemnitz
L100000817840,DE62-380,Duisburg
L100000817841,way/108797675-380,Wurzburg
L100000817843,way/170123812-400,SchwedtOder
L100000817842,way/170123812-400,SchwedtOder
L100000817844,way/42488850-380,Hamm
L100001001938,way/42488850-380,Hamm
L100000817847,way/943135226-380,Chemnitz
L100001043732,way/26472665-380,Magdeburg
L100001001939,way/52983550-380,FrankfurtOder
L100001044587,way/1089911133-380,Hamburg
L100001044539,way/943135226-380,Chemnitz
L100000817848,way/943135226-380,Chemnitz
L100000817849,way/1094015892-380,Rostock
L100001043882,way/108797675-380,Wurzburg
L100001044329,way/1094015892-380,Rostock
L100001044386,way/1094015892-380,Rostock
L100001044328,way/1094015892-380,Rostock
L100000817851,way/170123812-400,SchwedtOder
L100001044178,DE43-220,Braunschweig
L100001056570,way/170123812-400,SchwedtOder
L100000817852,way/170123812-400,SchwedtOder
L100001001946,way/170123812-400,SchwedtOder
L100001056571,way/170123812-400,SchwedtOder
L100000817853,way/29084374-380,Amberg
L100001056572,way/108797675-380,Wurzburg
L100000817854,way/29309786-380,BadHersfeld
L100000817855,way/941198517-380,Cottbus
L100001044327,way/940919943,Gustrow
L100000817856,DE205-380,Ulm
L100000817857,way/42488850-380,Hamm
L100000817858,way/143882655-380,Jena
L100000817861,way/42488850-380,Hamm
L100000817863,way/143882655-380,Jena
L100000817864,way/1089911133-380,Hamburg
L100000817865,way/1089911133-380,Hamburg
L100001056574,way/29084374-380,Amberg
L100000817866,way/44717036-380,Bremen
L100001001949,way/143882655-380,Jena
L100000817867,way/108797675-380,Wurzburg
L100001056575,way/1089911133-380,Hamburg
L100000817868,way/1128250707-380,Oldenburg
L100001001950,way/26472665-380,Magdeburg
L100001001951,way/26472665-380,Magdeburg
L100001056576,way/26472665-380,Magdeburg
L100000817869,way/26472665-380,Magdeburg
L100001001952,DE206-220,Muhldorf
L100000817870,way/1094015892-380,Rostock
L100001043783,way/42488850-380,Hamm
L100001001953,way/52983550-380,FrankfurtOder
L100000817871,way/52983550-380,FrankfurtOder
L100000817872,way/52983550-380,FrankfurtOder
L100001043805,way/108797675-380,Wurzburg
L100000817875,way/57727004-220,Kempten
L100001001954,way/275466323,Lubeck
L100000805718,way/26472665-380,Magdeburg
L100001001955,way/82130902-225,Offenburg
L100000817877,DE177-220,Saarbrucken
L100000817592,DE206-220,Muhldorf
L100000805889,way/941198517-380,Cottbus
L100000817879,way/170123812-400,SchwedtOder
L100000817880,way/525964617,Elmshorn
L100001056577,way/525964617,Elmshorn
L100001004439,way/1094015892-380,Rostock
L100001001956,way/24839976-380,Cologne
L100000817881,way/449010725-380,Flensburg
L100001044456,way/170123812-400,SchwedtOder
L100000817882,way/44717036-380,Bremen
L100001056578,way/525964617,Elmshorn
L100001056579,way/525964617,Elmshorn
L100000817883,way/29309786-380,BadHersfeld
L100001044502,way/35818134-220,Dusseldorf
L100001044503,way/35818134-220,Dusseldorf
L100001043799,way/525964617,Elmshorn
L100001043814,way/525964617,Elmshorn
L100001043816,way/525964617,Elmshorn
L100001056580,way/525964617,Elmshorn
L100001044535,way/108797675-380,Wurzburg
L100001056583,way/1089911133-380,Hamburg
L100001001960,way/44717036-380,Bremen
L100000805896,way/26472665-380,Magdeburg
L100000817884,way/143882655-380,Jena
L100000817885,way/29309786-380,BadHersfeld
L100000817886,way/943135226-380,Chemnitz
L100000817887,way/943135226-380,Chemnitz
L100000817888,way/943135226-380,Chemnitz
L100000817889,way/525964617,Elmshorn
L100000817890,way/29309786-380,BadHersfeld
L100001056585,way/29084374-380,Amberg
L100000817891,way/943135226-380,Chemnitz
L100001044590,way/44717036-380,Bremen
L100001056586,way/44717036-380,Bremen
L100001056587,way/108797675-380,Wurzburg
L100001001962,way/1094015892-380,Rostock
L100001044528,way/42488850-380,Hamm
L100001056588,way/108797675-380,Wurzburg
L100000817893,way/525964617,Elmshorn
L100000817894,way/525964617,Elmshorn
L100001044388,way/525964617,Elmshorn
L100001044788,DE173-220,Merzig
L100000817895,way/52983550-380,FrankfurtOder
L100001081413,way/941198517-380,Cottbus
L100000805733,way/26472665-380,Magdeburg
L100001043861,way/1280840211-380,Emden
L100000817896,way/170123812-400,SchwedtOder
L100001002921,way/26245195-380,Munich
L100001001963,DE177-220,Saarbrucken
L100000817897,way/25306752-220,Ravensburg
L100000817903,way/449010725-380,Flensburg
L100000817905,way/108797675-380,Wurzburg
L100000817906,way/108797675-380,Wurzburg
L100001044562,way/1094015892-380,Rostock
L100000817907,way/25306752-220,Ravensburg
L100001044525,way/29309786-380,BadHersfeld
L100001001966,way/29084374-380,Amberg
L100001001967,way/29084374-380,Amberg
L100001001968,DE173-220,Merzig
L100000817909,way/108797675-380,Wurzburg
L100001044831,way/82130902-225,Offenburg
L100001001976,way/26245195-380,Munich
L100001001977,way/26245195-380,Munich
L100000817941,way/26245195-380,Munich
L100000817942,way/108797675-380,Wurzburg
L100001056598,way/108797675-380,Wurzburg
L100000817943,way/108797675-380,Wurzburg
L100001056599,DE206-220,Muhldorf
L100000817944,DE206-220,Muhldorf
L100001056600,DE43-220,Braunschweig
L100001001978,way/108797675-380,Wurzburg
L100000817945,DE205-380,Ulm
L100001001980,DE205-380,Ulm
L100000817948,way/26245195-380,Munich
L100000817949,way/26245195-380,Munich
L100000817950,way/26245195-380,Munich
L100000817876,way/25306752-220,Ravensburg
L100000817878,way/940919943,Gustrow
L100001001957,way/275466323,Lubeck
L100000817908,way/29309786-380,BadHersfeld
L100001001970,way/42488850-380,Hamm
L100001056591,way/108797675-380,Wurzburg
L100000817910,way/108797675-380,Wurzburg
L100000817911,way/143882655-380,Jena
L100000817912,way/29084374-380,Amberg
L100000817913,way/108797675-380,Wurzburg
L100001056592,way/25306752-220,Ravensburg
L100000817917,way/57727004-220,Kempten
L100000817919,way/42488850-380,Hamm
L100000817914,way/108797675-380,Wurzburg
L100000817915,way/449010725-380,Flensburg
L100000817931,way/26245195-380,Munich
L100001044801,DE205-380,Ulm
L100001056581,way/24839976-380,Cologne
L100000817916,DE177-220,Saarbrucken
L100001044523,DE206-220,Muhldorf
L100000817918,way/26245195-380,Munich
L100001001971,way/108797675-380,Wurzburg
L100000817920,way/108797675-380,Wurzburg
L100001044608,way/108797675-380,Wurzburg
L100001001972,way/108797675-380,Wurzburg
L100001001973,way/108797675-380,Wurzburg
L100001056593,way/108797675-380,Wurzburg
L100001056594,way/25306752-220,Ravensburg
L100000817921,way/25306752-220,Ravensburg
L100000817922,way/25306752-220,Ravensburg
L100001044384,way/108797675-380,Wurzburg
L100000817923,way/108797675-380,Wurzburg
L100000817924,way/29309786-380,BadHersfeld
L100000817925,way/108797675-380,Wurzburg
L100000817926,way/108797675-380,Wurzburg
L100001056595,DE206-220,Muhldorf
L100000817927,way/29309786-380,BadHersfeld
L100001061959,way/449010725-380,Flensburg
L100000817928,DE43-220,Braunschweig
L100000817929,way/29309786-380,BadHersfeld
L100000817930,way/275466323,Lubeck
L100001044355,way/143882655-380,Jena
L100001044268,way/26245195-380,Munich
L100001001974,way/143882655-380,Jena
L100000817932,way/108797675-380,Wurzburg
L100000817933,way/275466323,Lubeck
L100000817934,way/275466323,Lubeck
L100001056596,way/29309786-380,BadHersfeld
L100001056597,way/108797675-380,Wurzburg
L100000817935,DE43-220,Braunschweig
L100000817936,way/29309786-380,BadHersfeld
L100001001975,way/108797675-380,Wurzburg
L100000817937,way/449010725-380,Flensburg
L100000817938,way/29309786-380,BadHersfeld
L100000817939,way/29309786-380,BadHersfeld
L100000817940,way/29309786-380,BadHersfeld
L100001043635,way/68532663-220,Weilheim
L100001043893,DE209-380,VillingenSchwennin
L100000805928,way/525964617,Elmshorn
L100000817947,way/525964617,Elmshorn
L100001001981,way/1128250707-380,Oldenburg
L100001044719,way/82130902-225,Offenburg
L100000817952,way/29084374-380,Amberg
L100000817954,way/108797675-380,Wurzburg
L100001001984,way/26472665-380,Magdeburg
L100000817969,way/143882655-380,Jena
L100001001988,way/143882655-380,Jena
L100001001989,way/52983550-380,FrankfurtOder
L100001056604,way/941198517-380,Cottbus
L100001056605,way/29084374-380,Amberg
L100000817970,DE62-380,Duisburg
L100000817971,way/525964617,Elmshorn
L100001044816,way/42488850-380,Hamm
L100000817972,way/108797675-380,Wurzburg
L100000817992,way/1280840211-380,Emden
L100000817951,DE43-220,Braunschweig
L100000817994,way/943135226-380,Chemnitz
L100001001996,way/143882655-380,Jena
L100000817995,way/26472665-380,Magdeburg
L100000817996,way/26472665-380,Magdeburg
L100001001997,way/1094015892-380,Rostock
L100000817953,way/26472665-380,Magdeburg
L100000817956,way/941198517-380,Cottbus
L100000817955,way/941198517-380,Cottbus
L100001001983,way/941198517-380,Cottbus
L100000817957,way/941198517-380,Cottbus
L100000817958,way/26472665-380,Magdeburg
L100000817959,way/26472665-380,Magdeburg
L100000817960,way/26472665-380,Magdeburg
L100001044419,way/26472665-380,Magdeburg
L100000817961,way/26472665-380,Magdeburg
L100001056664,DE43-220,Braunschweig
L100000817962,way/24839976-380,Cologne
L100000817963,way/31131320-380,Friedrichshafen
L100001001986,way/35818134-220,Dusseldorf
L100001056603,way/82130902-225,Offenburg
L100000817964,way/1128250707-380,Oldenburg
L100000817965,way/29084374-380,Amberg
L100001001987,way/82130902-225,Offenburg
L100000817968,way/26245195-380,Munich
L100001001990,DE43-220,Braunschweig
L100001001991,way/170123812-400,SchwedtOder
L100000817973,way/943135226-380,Chemnitz
L100001044085,way/25306752-220,Ravensburg
L100001001992,way/1280840211-380,Emden
L100000817975,DE43-220,Braunschweig
L100000817976,DE43-220,Braunschweig
L100000817977,way/108797675-380,Wurzburg
L100000817978,way/143882655-380,Jena
L100000817979,way/1128250707-380,Oldenburg
L100001056606,way/24839976-380,Cologne
L100001043898,way/24839976-380,Cologne
L100000817980,DE177-220,Saarbrucken
L100001001994,way/943135226-380,Chemnitz
L100000817981,way/108797675-380,Wurzburg
L100000817982,DE177-220,Saarbrucken
L100000817983,way/275466323,Lubeck
L100000817984,way/52983550-380,FrankfurtOder
L100000817985,way/26472665-380,Magdeburg
L100000817986,DE43-220,Braunschweig
L100000817987,way/1094015892-380,Rostock
L100001081415,way/42488850-380,Hamm
L100000817988,way/82130902-225,Offenburg
L100000817989,way/943135226-380,Chemnitz
L100000817990,way/941198517-380,Cottbus
L100000817993,way/943135226-380,Chemnitz
L100001001995,way/941198517-380,Cottbus
L100001056607,way/525964617,Elmshorn
L100000817997,way/26472665-380,Magdeburg
L100001044183,way/1094015892-380,Rostock
L100001044182,way/1094015892-380,Rostock
L100000818015,way/1094015892-380,Rostock
L100001002010,way/108797675-380,Wurzburg
L100001002012,way/1089911133-380,Hamburg
L100000818026,way/943135226-380,Chemnitz
L100000818027,way/943135226-380,Chemnitz
L100000818028,way/108797675-380,Wurzburg
L100000818029,way/52983550-380,FrankfurtOder
L100000818030,way/52983550-380,FrankfurtOder
L100000818031,way/52983550-380,FrankfurtOder
L100000818032,way/52983550-380,FrankfurtOder
L100000818033,way/52983550-380,FrankfurtOder
L100000818034,way/52983550-380,FrankfurtOder
L100000818035,way/941198517-380,Cottbus
L100000818036,way/52983550-380,FrankfurtOder
L100000818037,way/52983550-380,FrankfurtOder
L100000818038,way/52983550-380,FrankfurtOder
L100000818039,way/52983550-380,FrankfurtOder
L100000818023,way/68532663-220,Weilheim
L100000818024,way/29309786-380,BadHersfeld
L100000818025,way/82130902-225,Offenburg
L100000818059,way/108797675-380,Wurzburg
L100000818060,way/941198517-380,Cottbus
L100001056613,way/35818134-220,Dusseldorf
L100001056614,way/26472665-380,Magdeburg
L100001056615,way/24839976-380,Cologne
L100000818075,way/57727004-220,Kempten
L100000818080,way/108797675-380,Wurzburg
L100001056620,DE69-380,Dortmund
L100000818081,way/35818134-220,Dusseldorf
L100001002033,DE69-380,Dortmund
L100001056625,way/24839976-380,Cologne
L100000818089,way/42488850-380,Hamm
L100001001998,way/26245195-380,Munich
L100001001999,DE43-220,Braunschweig
L100000818001,DE206-220,Muhldorf
L100001044225,way/943135226-380,Chemnitz
L100000818003,way/952346322-380,Rheine
L100001043604,way/952346322-380,Rheine
L100000818005,way/26472665-380,Magdeburg
L100001056609,way/943135226-380,Chemnitz
L100000818007,way/26245195-380,Munich
L100000818008,way/57727004-220,Kempten
L100001002001,way/170123812-400,SchwedtOder
L100001002002,way/42488850-380,Hamm
L100001002003,way/42488850-380,Hamm
L100001002004,way/25306752-220,Ravensburg
L100001044030,DE209-380,VillingenSchwennin
L100001056608,way/943135226-380,Chemnitz
L100001044698,way/29309786-380,BadHersfeld
L100001044188,DE69-380,Dortmund
L100000818012,way/449010725-380,Flensburg
L100001002006,way/44717036-380,Bremen
L100000818016,way/943135226-380,Chemnitz
L100000818017,way/143882655-380,Jena
L100000818018,way/170123812-400,SchwedtOder
L100000805749,way/170123812-400,SchwedtOder
L100001002008,way/29309786-380,BadHersfeld
L100000818019,DE43-220,Braunschweig
L100000818020,way/57727004-220,Kempten
L100000818021,way/57727004-220,Kempten
L100001002009,DE69-380,Dortmund
L100001056610,way/24839976-380,Cologne
L100000818040,way/44717036-380,Bremen
L100001056611,way/44717036-380,Bremen
L100000818041,way/170123812-400,SchwedtOder
L100000818042,DE43-220,Braunschweig
L100001002013,way/943135226-380,Chemnitz
L100000805800,way/943135226-380,Chemnitz
L100001002014,way/143882655-380,Jena
L100001044320,way/940919943,Gustrow
L100000818043,way/26472665-380,Magdeburg
L100000818044,way/26245195-380,Munich
L100001044551,way/57727004-220,Kempten
L100000818055,DE205-380,Ulm
L100001044689,way/941198517-380,Cottbus
L100001004414,way/941198517-380,Cottbus
L100000818045,way/26245195-380,Munich
L100000818046,way/1089911133-380,Hamburg
L100000818047,way/943135226-380,Chemnitz
L100000818048,way/29084374-380,Amberg
L100000818049,way/525964617,Elmshorn
L100000818050,way/108797675-380,Wurzburg
L100000818051,way/108797675-380,Wurzburg
L100000818052,way/108797675-380,Wurzburg
L100000818053,way/25306752-220,Ravensburg
L100000818054,way/29309786-380,BadHersfeld
L100000818056,way/57727004-220,Kempten
L100000818057,DE205-380,Ulm
L100000818058,DE177-220,Saarbrucken
L100001002016,way/108797675-380,Wurzburg
L100001044071,way/1089911133-380,Hamburg
L100001056612,way/29309786-380,BadHersfeld
L100000818061,way/82773910-400,Neunkirchen
L100001002017,way/952346322-380,Rheine
L100001043756,DE205-380,Ulm
L100001056616,way/108797675-380,Wurzburg
L100001002018,way/57727004-220,Kempten
L100000818064,way/26245195-380,Munich
L100001081416,way/42488850-380,Hamm
L100001002019,way/26472665-380,Magdeburg
L100000818066,way/940919943,Gustrow
L100001002023,way/57727004-220,Kempten
L100001056617,way/44717036-380,Bremen
L100001002021,way/52983550-380,FrankfurtOder
L100001002025,way/29309786-380,BadHersfeld
L100001043797,DE69-380,Dortmund
L100001002026,way/1094015892-380,Rostock
L100001002027,DE205-380,Ulm
L100001002028,way/143882655-380,Jena
L100001056618,DE69-380,Dortmund
L100001002029,DE69-380,Dortmund
L100001002030,DE69-380,Dortmund
L100001002031,DE69-380,Dortmund
L100001056619,DE69-380,Dortmund
L100000818076,way/108797675-380,Wurzburg
L100000818077,way/525964617,Elmshorn
L100001044511,way/170123812-400,SchwedtOder
L100000805930,way/941198517-380,Cottbus
L100000818078,way/275466323,Lubeck
L100001002032,way/42488850-380,Hamm
L100000818079,way/943135226-380,Chemnitz
L100001056621,DE206-220,Muhldorf
L100001044627,way/35818134-220,Dusseldorf
L100001056623,way/35818134-220,Dusseldorf
L100001056624,way/35818134-220,Dusseldorf
L100000818082,way/108797675-380,Wurzburg
L100000818083,way/108797675-380,Wurzburg
L100000818011,way/26472665-380,Magdeburg
L100000818022,way/275466323,Lubeck
L100000818067,way/941198517-380,Cottbus
L100000818068,way/29084374-380,Amberg
L100000818069,way/29084374-380,Amberg
L100000818070,way/29084374-380,Amberg
L100000818071,way/29084374-380,Amberg
L100000818072,way/29084374-380,Amberg
L100000818073,way/29084374-380,Amberg
L100000818074,way/1094015892-380,Rostock
L100000818084,way/24839976-380,Cologne
L100000818085,way/24839976-380,Cologne
L100000818086,way/24839976-380,Cologne
L100000818087,way/24839976-380,Cologne
L100001043988,way/449010725-380,Flensburg
L100001002034,way/941198517-380,Cottbus
L100001056626,way/35818134-220,Dusseldorf
L100000818088,way/275466323,Lubeck
L100001056627,way/275466323,Lubeck
L100001044773,DE205-380,Ulm
L100000818090,way/26245195-380,Munich
L100001081417,DE205-380,Ulm
L100000818091,DE173-220,Merzig
L100001056628,way/42488850-380,Hamm
L100000818093,way/24839976-380,Cologne
L100001056629,way/26245195-380,Munich
L100000818094,way/943135226-380,Chemnitz
L100001056630,way/26245195-380,Munich
L100001056631,DE69-380,Dortmund
L100000818103,way/143882655-380,Jena
L100001056632,DE69-380,Dortmund
L100000818106,way/57727004-220,Kempten
L100001056633,way/275466323,Lubeck
L100001081420,way/82130902-225,Offenburg
L100000818127,way/943135226-380,Chemnitz
L100000818128,way/943135226-380,Chemnitz
L100000818144,way/42488850-380,Hamm
L100000818145,way/42488850-380,Hamm
L100000818160,way/170123812-400,SchwedtOder
L100001081422,way/29084374-380,Amberg
L100000818177,DE69-380,Dortmund
L100001002048,way/87653464-400,FreiburgImBreisgau
L100001056646,DE43-220,Braunschweig
L100001002049,way/24839976-380,Cologne
L100001044200,way/42488850-380,Hamm
L100001002050,way/82130902-225,Offenburg
L100001056647,DE43-220,Braunschweig
L100001002051,DE69-380,Dortmund
L100000818179,way/44717036-380,Bremen
L100000818180,way/44717036-380,Bremen
L100000818181,way/44717036-380,Bremen
L100000818182,way/143882655-380,Jena
L100000818183,way/143882655-380,Jena
L100000818184,way/143882655-380,Jena
L100000818185,way/143882655-380,Jena
L100000818186,way/143882655-380,Jena
L100000818187,way/143882655-380,Jena
L100000818188,DE209-380,VillingenSchwennin
L100000818189,DE209-380,VillingenSchwennin
L100001002052,DE209-380,VillingenSchwennin
L100000818190,way/525964617,Elmshorn
L100000818191,way/57727004-220,Kempten
L100001044741,way/143882655-380,Jena
L100001081423,DE177-220,Saarbrucken
L100000818206,DE205-380,Ulm
L100000818207,way/29309786-380,BadHersfeld
L100001056648,way/1094015892-380,Rostock
L100000818215,way/25306752-220,Ravensburg
L100000818216,way/108797675-380,Wurzburg
L100000818217,way/108797675-380,Wurzburg
L100001044594,way/29084374-380,Amberg
L100000818095,way/108797675-380,Wurzburg
L100000818096,way/108797675-380,Wurzburg
L100000818099,way/108797675-380,Wurzburg
L100001081418,way/943135226-380,Chemnitz
L100000818101,DE206-220,Muhldorf
L100000818100,DE206-220,Muhldorf
L100000818102,way/525964617,Elmshorn
L100001002037,way/26245195-380,Munich
L100000818104,way/25306752-220,Ravensburg
L100000818105,way/25306752-220,Ravensburg
L100000818107,way/108797675-380,Wurzburg
L100000818108,way/26472665-380,Magdeburg
L100000818109,way/449010725-380,Flensburg
L100000818110,way/449010725-380,Flensburg
L100000818111,way/449010725-380,Flensburg
L100000818112,way/449010725-380,Flensburg
L100000818113,way/449010725-380,Flensburg
L100000818114,way/449010725-380,Flensburg
L100000818115,way/449010725-380,Flensburg
L100000818116,way/449010725-380,Flensburg
L100000818117,way/449010725-380,Flensburg
L100000818118,way/449010725-380,Flensburg
L100000818119,way/449010725-380,Flensburg
L100000818120,way/449010725-380,Flensburg
L100000818121,way/449010725-380,Flensburg
L100000818122,way/449010725-380,Flensburg
L100001002039,way/449010725-380,Flensburg
L100001002040,way/449010725-380,Flensburg
L100001043796,way/449010725-380,Flensburg
L100001044599,way/449010725-380,Flensburg
L100001056634,way/449010725-380,Flensburg
L100001044603,way/449010725-380,Flensburg
L100001056635,way/449010725-380,Flensburg
L100000806939,way/449010725-380,Flensburg
L100001057100,way/29084374-380,Amberg
L100000805737,way/52983550-380,FrankfurtOder
L100000818123,way/170123812-400,SchwedtOder
L100000818124,way/170123812-400,SchwedtOder
L100000818125,way/170123812-400,SchwedtOder
L100000818126,DE206-220,Muhldorf
L100001044463,way/57727004-220,Kempten
L100000818129,DE69-380,Dortmund
L100000818130,way/26245195-380,Munich
L100000818134,way/29309786-380,BadHersfeld
L100000818135,way/29309786-380,BadHersfeld
L100000818136,way/29309786-380,BadHersfeld
L100000818131,DE205-380,Ulm
L100001002041,way/275466323,Lubeck
L100001002042,way/525964617,Elmshorn
L100000818132,way/525964617,Elmshorn
L100000818133,way/25306752-220,Ravensburg
L100001056636,way/29084374-380,Amberg
L100001043695,way/170123812-400,SchwedtOder
L100000805999,way/170123812-400,SchwedtOder
L100001056637,way/42488850-380,Hamm
L100001044485,way/952346322-380,Rheine
L100001044664,way/525964617,Elmshorn
L100001056638,way/24839976-380,Cologne
L100001002043,way/42488850-380,Hamm
L100000818138,DE43-220,Braunschweig
L100000818139,way/1094015892-380,Rostock
L100000818140,way/170123812-400,SchwedtOder
L100000818141,way/170123812-400,SchwedtOder
L100001044530,way/82130902-225,Offenburg
L100000818142,way/52983550-380,FrankfurtOder
L100000818143,DE206-220,Muhldorf
L100001002044,way/35818134-220,Dusseldorf
L100001056639,way/108797675-380,Wurzburg
L100000818148,DE205-380,Ulm
L100000818147,way/108797675-380,Wurzburg
L100000818149,way/143882655-380,Jena
L100001044672,DE205-380,Ulm
L100000805886,way/1089911133-380,Hamburg
L100001043854,way/940919943,Gustrow
L100000818150,way/943135226-380,Chemnitz
L100000818151,way/943135226-380,Chemnitz
L100000818152,way/941198517-380,Cottbus
L100000805738,way/941198517-380,Cottbus
L100000818154,way/943135226-380,Chemnitz
L100000818155,way/943135226-380,Chemnitz
L100000818156,way/943135226-380,Chemnitz
L100000818157,way/170123812-400,SchwedtOder
L100001056640,way/525964617,Elmshorn
L100001056641,way/525964617,Elmshorn
L100001043803,way/525964617,Elmshorn
L100000818158,way/1280840211-380,Emden
L100001056642,way/952346322-380,Rheine
L100000818159,way/952346322-380,Rheine
L100001044686,way/108797675-380,Wurzburg
L100000818161,way/26245195-380,Munich
L100000818162,way/29084374-380,Amberg
L100000818163,way/68532663-220,Weilheim
L100000818164,way/25306752-220,Ravensburg
L100000818166,way/44717036-380,Bremen
L100001044226,DE206-220,Muhldorf
L100001056643,way/42488850-380,Hamm
L100001043879,way/170123812-400,SchwedtOder
L100000818167,DE173-220,Merzig
L100000818168,way/943135226-380,Chemnitz
L100001081421,way/24839976-380,Cologne
L100000818169,way/29309786-380,BadHersfeld
L100000818170,way/108797675-380,Wurzburg
L100001002046,way/941198517-380,Cottbus
L100001056644,way/57727004-220,Kempten
L100000818171,way/29084374-380,Amberg
L100000818172,way/68532663-220,Weilheim
L100000818173,way/108797675-380,Wurzburg
L100000818165,way/29084374-380,Amberg
L100000818174,DE206-220,Muhldorf
L100001002047,way/449010725-380,Flensburg
L100001056645,way/26245195-380,Munich
L100000818175,way/1280840211-380,Emden
L100000818176,way/1280840211-380,Emden
L100001002053,way/31131320-380,Friedrichshafen
L100000818192,way/31131320-380,Friedrichshafen
L100000818193,DE205-380,Ulm
L100000818194,way/143882655-380,Jena
L100000818195,way/26245195-380,Munich
L100001044769,way/26245195-380,Munich
L100000818196,way/108797675-380,Wurzburg
L100000818197,way/143882655-380,Jena
L100000818198,way/143882655-380,Jena
L100000818199,way/108797675-380,Wurzburg
L100001002054,way/108797675-380,Wurzburg
L100001043910,way/108797675-380,Wurzburg
L100000805923,way/108797675-380,Wurzburg
L100000818200,DE177-220,Saarbrucken
L100000818201,DE205-380,Ulm
L100001002055,way/108797675-380,Wurzburg
L100000818202,DE206-220,Muhldorf
L100001044692,way/525964617,Elmshorn
L100001002056,way/1128250707-380,Oldenburg
L100000818204,way/89176939-220,Trier
L100000818205,way/143882655-380,Jena
L100001043809,way/143882655-380,Jena
L100000818208,way/29084374-380,Amberg
L100000818209,way/943135226-380,Chemnitz
L100000818210,way/943135226-380,Chemnitz
L100000818211,way/943135226-380,Chemnitz
L100000818212,way/943135226-380,Chemnitz
L100000818213,way/1280840211-380,Emden
L100001056649,way/108797675-380,Wurzburg
L100000818214,way/24839976-380,Cologne
L100001056650,way/44717036-380,Bremen
L100000818218,way/1089911133-380,Hamburg
L100001044560,DE69-380,Dortmund
L100000818233,way/108797675-380,Wurzburg
L100001056651,way/26245195-380,Munich
L100001002060,way/525964617,Elmshorn
L100001056652,way/26245195-380,Munich
L100001056653,way/42488850-380,Hamm
L100001002061,way/143882655-380,Jena
L100001056654,DE206-220,Muhldorf
L100001056655,way/108797675-380,Wurzburg
L100001056656,way/42488850-380,Hamm
L100001056657,way/42488850-380,Hamm
L100000818234,way/143882655-380,Jena
L100001081425,way/42488850-380,Hamm
L100000818242,way/170123812-400,SchwedtOder
L100001056658,DE43-220,Braunschweig
L100001002062,DE173-220,Merzig
L100000818243,DE177-220,Saarbrucken
L100000818244,way/82130902-225,Offenburg
L100001044598,DE43-220,Braunschweig
L100000818245,DE173-220,Merzig
L100000818246,DE173-220,Merzig
L100001056659,way/143882655-380,Jena
L100000818247,DE43-220,Braunschweig
L100000818248,way/29309786-380,BadHersfeld
L100000818249,way/29309786-380,BadHersfeld
L100001081426,way/42488850-380,Hamm
L100001002063,way/29309786-380,BadHersfeld
L100001056660,way/29309786-380,BadHersfeld
L100000818250,DE177-220,Saarbrucken
L100000818251,DE177-220,Saarbrucken
L100001044266,DE43-220,Braunschweig
L100000818252,way/170123812-400,SchwedtOder
L100000818253,way/170123812-400,SchwedtOder
L100001056661,way/26245195-380,Munich
L100000818237,way/525964617,Elmshorn
L100000818238,way/525964617,Elmshorn
L100001056662,way/42488850-380,Hamm
L100001056663,DE206-220,Muhldorf
L100001002064,way/25306752-220,Ravensburg
L100001044015,way/29084374-380,Amberg
L100001044017,way/29084374-380,Amberg
L100001002065,way/29084374-380,Amberg
L100000818239,way/26245195-380,Munich
L100001081427,DE69-380,Dortmund
L100001044802,way/26245195-380,Munich
L100001044817,way/943135226-380,Chemnitz
L100001056665,DE43-220,Braunschweig
L100001044174,way/952346322-380,Rheine
L100001056666,DE43-220,Braunschweig
L100001044475,way/42488850-380,Hamm
L100001043924,way/940919943,Gustrow
L100001044087,way/943135226-380,Chemnitz
L100000818240,way/29084374-380,Amberg
L100000818241,way/29084374-380,Amberg
L100001044807,way/29084374-380,Amberg
L100001056667,DE206-220,Muhldorf
L100000818254,way/35818134-220,Dusseldorf
L100001002067,way/941198517-380,Cottbus
L100000818258,way/941198517-380,Cottbus
L100000818259,way/24839976-380,Cologne
L100000818260,DE173-220,Merzig
L100000818261,DE173-220,Merzig
L100000818262,way/29084374-380,Amberg
L100000818279,way/108797675-380,Wurzburg
L100001043996,way/108797675-380,Wurzburg
L100000818280,way/108797675-380,Wurzburg
L100001044150,way/82130902-225,Offenburg
L100001043995,way/108797675-380,Wurzburg
L100001056669,way/29084374-380,Amberg
L100001081428,way/89176939-220,Trier
L100000818281,way/26245195-380,Munich
L100000818282,way/26245195-380,Munich
L100000818283,way/941198517-380,Cottbus
L100001056670,way/25306752-220,Ravensburg
L100000818284,way/941198517-380,Cottbus
L100000818289,way/26245195-380,Munich
L100001043656,way/68532663-220,Weilheim
L100001043657,way/68532663-220,Weilheim
L100001043658,way/68532663-220,Weilheim
L100001043951,way/26472665-380,Magdeburg
L100000818413,way/24839976-380,Cologne
L100000818420,way/52983550-380,FrankfurtOder
L100000818425,DE173-220,Merzig
L100000818426,DE205-380,Ulm
L100000818427,way/108797675-380,Wurzburg
L100000818219,way/44717036-380,Bremen
L100000818220,way/57727004-220,Kempten
L100000818221,way/170123812-400,SchwedtOder
L100000818222,way/26472665-380,Magdeburg
L100000818223,way/941198517-380,Cottbus
L100000818224,way/941198517-380,Cottbus
L100001081424,way/108797675-380,Wurzburg
L100000818226,way/26472665-380,Magdeburg
L100000818228,way/29084374-380,Amberg
L100000818229,way/525964617,Elmshorn
L100000818230,way/525964617,Elmshorn
L100001044359,way/525964617,Elmshorn
L100000818231,way/25306752-220,Ravensburg
L100001002058,way/29084374-380,Amberg
L100001002059,way/26472665-380,Magdeburg
L100000818232,DE205-380,Ulm
L100000805931,way/170123812-400,SchwedtOder
L100000805891,way/941198517-380,Cottbus
L100000818255,way/941198517-380,Cottbus
L100001002066,DE177-220,Saarbrucken
L100000818257,DE43-220,Braunschweig
L100000818256,way/26472665-380,Magdeburg
L100001002068,DE69-380,Dortmund
L100001057228,way/108797675-380,Wurzburg
L100000818266,DE43-220,Braunschweig
L100000818267,way/29084374-380,Amberg
L100000818268,way/449010725-380,Flensburg
L100001044112,way/26472665-380,Magdeburg
L100001043914,way/87653464-220,Emmendingen
L100001044685,way/1128250707-380,Oldenburg
L100000818269,DE69-380,Dortmund
L100000818271,way/941198517-380,Cottbus
L100000818272,way/143882655-380,Jena
L100001056668,way/82130902-225,Offenburg
L100000818273,way/449010725-380,Flensburg
L100000818274,way/449010725-380,Flensburg
L100000818275,way/449010725-380,Flensburg
L100000818277,way/941198517-380,Cottbus
L100000818278,way/29084374-380,Amberg
L100001043707,way/24839976-380,Cologne
L100001044004,DE206-220,Muhldorf
L100001002069,way/29309786-380,BadHersfeld
L100001056671,way/52983550-380,FrankfurtOder
L100001043853,way/52983550-380,FrankfurtOder
L100000818285,way/52983550-380,FrankfurtOder
L100000818286,way/143882655-380,Jena
L100000818287,way/82130902-225,Offenburg
L100001043839,way/525964617,Elmshorn
L100001044342,way/525964617,Elmshorn
L100001056672,way/525964617,Elmshorn
L100001056673,way/525964617,Elmshorn
L100000817589,DE206-220,Muhldorf
L100000818288,way/943135226-380,Chemnitz
L100000818290,way/170123812-400,SchwedtOder
L100001056674,way/449010725-380,Flensburg
L100000818291,way/143882655-380,Jena
L100000818292,way/143882655-380,Jena
L100000818293,way/108797675-380,Wurzburg
L100001002070,way/108797675-380,Wurzburg
L100000818294,way/29084374-380,Amberg
L100000818295,way/108797675-380,Wurzburg
L100000818296,way/108797675-380,Wurzburg
L100000818297,way/26245195-380,Munich
L100001044558,way/108797675-380,Wurzburg
L100001002076,way/108797675-380,Wurzburg
L100000818298,way/108797675-380,Wurzburg
L100000818299,way/943135226-380,Chemnitz
L100001056675,way/29309786-380,BadHersfeld
L100000818300,way/26245195-380,Munich
L100000818301,way/57727004-220,Kempten
L100000818302,way/57727004-220,Kempten
L100000818303,DE177-220,Saarbrucken
L100001002071,DE206-220,Muhldorf
L100000818304,DE206-220,Muhldorf
L100001002072,way/26245195-380,Munich
L100001056676,DE206-220,Muhldorf
L100000818305,DE206-220,Muhldorf
L100000818306,way/57727004-220,Kempten
L100000818307,way/275466323,Lubeck
L100000818308,way/170123812-400,SchwedtOder
L100001056677,DE69-380,Dortmund
L100001044106,way/29309786-380,BadHersfeld
L100000818309,way/941198517-380,Cottbus
L100000818311,DE205-380,Ulm
L100000818310,DE206-220,Muhldorf
L100001056678,DE206-220,Muhldorf
L100000818312,DE206-220,Muhldorf
L100000818313,way/108797675-380,Wurzburg
L100000818314,way/57727004-220,Kempten
L100000818316,DE206-220,Muhldorf
L100000818317,DE206-220,Muhldorf
L100000818315,way/42488850-380,Hamm
L100001002073,way/29084374-380,Amberg
L100000818318,way/29084374-380,Amberg
L100000818319,way/29309786-380,BadHersfeld
L100000818320,way/29309786-380,BadHersfeld
L100001043829,way/108797675-380,Wurzburg
L100001043640,DE206-220,Muhldorf
L100000818321,DE205-380,Ulm
L100000818322,way/26472665-380,Magdeburg
L100001044369,way/42488850-380,Hamm
L100000818324,DE206-220,Muhldorf
L100000818325,way/29084374-380,Amberg
L100000818326,way/29084374-380,Amberg
L100001044570,way/108797675-380,Wurzburg
L100001002074,way/29084374-380,Amberg
L100000818327,way/29084374-380,Amberg
L100000818328,way/143882655-380,Jena
L100000818329,way/449010725-380,Flensburg
L100001044706,way/29084374-380,Amberg
L100000818330,way/57727004-220,Kempten
L100001043792,DE206-220,Muhldorf
L100000818331,DE206-220,Muhldorf
L100000818332,DE206-220,Muhldorf
L100000818333,DE206-220,Muhldorf
L100000818334,way/26245195-380,Munich
L100000818335,way/108797675-380,Wurzburg
L100000818336,way/525964617,Elmshorn
L100001044660,way/108797675-380,Wurzburg
L100001002075,DE205-380,Ulm
L100000818337,way/108797675-380,Wurzburg
L100000818338,way/525964617,Elmshorn
L100000818339,way/143882655-380,Jena
L100000818340,DE43-220,Braunschweig
L100000818341,way/29084374-380,Amberg
L100000818342,way/943135226-380,Chemnitz
L100000818343,way/26245195-380,Munich
L100000818344,DE206-220,Muhldorf
L100000818345,way/108797675-380,Wurzburg
L100001044506,way/943135226-380,Chemnitz
L100000818323,way/82130902-225,Offenburg
L100001002077,way/29084374-380,Amberg
L100001044510,way/68532663-220,Weilheim
L100001044757,way/108797675-380,Wurzburg
L100001002078,way/44717036-380,Bremen
L100000818346,way/108797675-380,Wurzburg
L100001044056,DE209-380,VillingenSchwennin
L100000818348,way/44717036-380,Bremen
L100000818347,DE173-220,Merzig
L100001043830,way/29084374-380,Amberg
L100000818349,way/943135226-380,Chemnitz
L100001056680,way/1128250707-380,Oldenburg
L100001002080,DE205-380,Ulm
L100001081429,way/29309786-380,BadHersfeld
L100000818350,way/108797675-380,Wurzburg
L100000818351,way/57727004-220,Kempten
L100001002079,way/24839976-380,Cologne
L100001081430,DE205-380,Ulm
L100001081431,DE205-380,Ulm
L100001081432,DE205-380,Ulm
L100000818352,way/1094015892-380,Rostock
L100001044063,DE205-380,Ulm
L100001043665,DE205-380,Ulm
L100001056686,way/943135226-380,Chemnitz
L100000818353,way/26245195-380,Munich
L100001043826,DE205-380,Ulm
L100001056685,way/1094015892-380,Rostock
L100000818354,DE205-380,Ulm
L100001043982,DE206-220,Muhldorf
L100001044179,way/26245195-380,Munich
L100001002081,DE206-220,Muhldorf
L100001043822,way/1089911133-380,Hamburg
L100001044397,DE206-220,Muhldorf
L100001044400,DE206-220,Muhldorf
L100000818384,way/44717036-380,Bremen
L100001002082,DE205-380,Ulm
L100000818356,DE206-220,Muhldorf
L100000818357,DE206-220,Muhldorf
L100001002083,way/26245195-380,Munich
L100001044614,way/26245195-380,Munich
L100001002084,way/26245195-380,Munich
L100001043770,way/26245195-380,Munich
L100001002085,way/26245195-380,Munich
L100001043772,way/26245195-380,Munich
L100001002086,way/26245195-380,Munich
L100001002087,DE206-220,Muhldorf
L100001002088,way/26245195-380,Munich
L100001044765,way/26245195-380,Munich
L100001056681,way/31131320-380,Friedrichshafen
L100001056682,way/31131320-380,Friedrichshafen
L100000818359,way/26245195-380,Munich
L100001056683,way/952346322-380,Rheine
L100000818360,way/143882655-380,Jena
L100001002089,way/525964617,Elmshorn
L100000818361,way/82130902-225,Offenburg
L100000818362,way/940919943,Gustrow
L100001044346,DE206-220,Muhldorf
L100001044347,DE206-220,Muhldorf
L100001002090,way/26245195-380,Munich
L100000818363,way/26245195-380,Munich
L100000818364,DE173-220,Merzig
L100000818365,way/82130902-225,Offenburg
L100000818366,DE206-220,Muhldorf
L100000818367,DE177-220,Saarbrucken
L100000818368,way/42488850-380,Hamm
L100000818369,way/943135226-380,Chemnitz
L100000818370,way/108797675-380,Wurzburg
L100000818371,way/943135226-380,Chemnitz
L100000818372,way/143882655-380,Jena
L100000818374,DE206-220,Muhldorf
L100000818375,way/26245195-380,Munich
L100001056684,way/952346322-380,Rheine
L100000818373,way/1094015892-380,Rostock
L100000818355,DE206-220,Muhldorf
L100001002091,way/26472665-380,Magdeburg
L100000818376,way/26245195-380,Munich
L100000818377,way/26245195-380,Munich
L100000818379,way/29084374-380,Amberg
L100000818378,way/29084374-380,Amberg
L100000818380,way/29084374-380,Amberg
L100000818381,DE206-220,Muhldorf
L100001002092,DE206-220,Muhldorf
L100001044569,way/31367940-380,Donaueschingen
L100000818382,way/29084374-380,Amberg
L100001043773,way/26245195-380,Munich
L100001002093,way/26245195-380,Munich
L100000818383,way/29084374-380,Amberg
L100000818358,way/68532663-220,Weilheim
L100001081433,way/26245195-380,Munich
L100001044352,way/29309786-380,BadHersfeld
L100000818385,way/108797675-380,Wurzburg
L100001002094,way/57727004-220,Kempten
L100001044116,way/57727004-220,Kempten
L100001044118,way/57727004-220,Kempten
L100000818386,DE205-380,Ulm
L100001043768,way/24839976-380,Cologne
L100001044654,way/24839976-380,Cologne
L100000818387,way/940919943,Gustrow
L100000818389,DE43-220,Braunschweig
L100000818390,way/143882655-380,Jena
L100001056687,way/275466323,Lubeck
L100000818391,way/44717036-380,Bremen
L100000818396,DE177-220,Saarbrucken
L100000818392,way/42488850-380,Hamm
L100000818393,way/108797675-380,Wurzburg
L100000818394,way/941198517-380,Cottbus
L100001002096,way/941198517-380,Cottbus
L100000818395,DE206-220,Muhldorf
L100001002097,way/1094015892-380,Rostock
L100000818397,way/108797675-380,Wurzburg
L100000818398,way/525964617,Elmshorn
L100001002098,way/170123812-400,SchwedtOder
L100000818399,way/170123812-400,SchwedtOder
L100000818400,way/170123812-400,SchwedtOder
L100000818401,way/170123812-400,SchwedtOder
L100000818402,way/1094015892-380,Rostock
L100000818403,way/1094015892-380,Rostock
L100001056688,way/29309786-380,BadHersfeld
L100000818404,way/1094015892-380,Rostock
L100000818405,way/170123812-400,SchwedtOder
L100000818406,way/1094015892-380,Rostock
L100000818407,way/1094015892-380,Rostock
L100000818408,way/1094015892-380,Rostock
L100000818409,way/108797675-380,Wurzburg
L100001002099,way/1128250707-380,Oldenburg
L100001044625,way/1128250707-380,Oldenburg
L100000818410,way/108797675-380,Wurzburg
L100001002100,DE69-380,Dortmund
L100000818411,way/44717036-380,Bremen
L100000818414,way/26245195-380,Munich
L100000818415,way/26245195-380,Munich
L100000818416,way/108797675-380,Wurzburg
L100000818417,way/108797675-380,Wurzburg
L100001044177,way/29084374-380,Amberg
L100000818418,way/29084374-380,Amberg
L100001002102,way/108797675-380,Wurzburg
L100001002103,way/108797675-380,Wurzburg
L100000805932,way/52983550-380,FrankfurtOder
L100000818276,way/26472665-380,Magdeburg
L100000818419,DE206-220,Muhldorf
L100000818421,way/52983550-380,FrankfurtOder
L100000818422,way/52983550-380,FrankfurtOder
L100000818423,way/52983550-380,FrankfurtOder
L100000818424,way/52983550-380,FrankfurtOder
L100000818429,way/57727004-220,Kempten
L100000818430,way/52983550-380,FrankfurtOder
L100000818431,way/52983550-380,FrankfurtOder
L100000818432,way/52983550-380,FrankfurtOder
L100000818433,way/943135226-380,Chemnitz
L100000818434,way/1094015892-380,Rostock
L100000818435,way/1094015892-380,Rostock
L100000818436,way/170123812-400,SchwedtOder
L100000818437,way/52983550-380,FrankfurtOder
L100000818438,way/943135226-380,Chemnitz
L100000818449,DE205-380,Ulm
L100000818450,way/26472665-380,Magdeburg
L100000818451,way/108797675-380,Wurzburg
L100000818452,way/29309786-380,BadHersfeld
L100001002108,way/82130902-225,Offenburg
L100000818455,way/57727004-220,Kempten
L100001002111,way/143882655-380,Jena
L100001002113,way/1094015892-380,Rostock
L100001044334,way/1094015892-380,Rostock
L100001044326,way/1094015892-380,Rostock
L100000818463,way/941198517-380,Cottbus
L100001056696,way/25306752-220,Ravensburg
L100001056695,way/25306752-220,Ravensburg
L100001044041,way/89176939-220,Trier
L100001044062,way/82130902-225,Offenburg
L100001044037,way/24839976-380,Cologne
L100001056709,DE62-380,Duisburg
L100000818428,way/29309786-380,BadHersfeld
L100001081435,way/42488850-380,Hamm
L100001056710,DE206-220,Muhldorf
L100001044151,way/42488850-380,Hamm
L100000818531,way/68532663-220,Weilheim
L100000818532,way/26472665-380,Magdeburg
L100000818439,way/1094015892-380,Rostock
L100000818440,way/1094015892-380,Rostock
L100000805806,way/1094015892-380,Rostock
L100000805805,way/941198517-380,Cottbus
L100001056689,way/108797675-380,Wurzburg
L100001043793,way/108797675-380,Wurzburg
L100000817572,DE206-220,Muhldorf
L100001044006,way/1094015892-380,Rostock
L100000805900,way/1094015892-380,Rostock
L100000818444,way/26472665-380,Magdeburg
L100001057130,way/26472665-380,Magdeburg
L100001043686,way/108797675-380,Wurzburg
L100000818448,way/24839976-380,Cologne
L100001002106,way/26472665-380,Magdeburg
L100001002107,DE177-220,Saarbrucken
L100001043956,way/26472665-380,Magdeburg
L100001043957,way/26472665-380,Magdeburg
L100001056690,DE43-220,Braunschweig
L100001044524,way/44717036-380,Bremen
L100001002109,way/82130902-225,Offenburg
L100001044279,way/57727004-220,Kempten
L100000818453,way/143882655-380,Jena
L100001043964,way/108797675-380,Wurzburg
L100001056691,way/26472665-380,Magdeburg
L100000805890,way/952346322-380,Rheine
L100001081434,way/943135226-380,Chemnitz
L100001057461,way/26472665-380,Magdeburg
L100001002035,way/1094015892-380,Rostock
L100000817581,way/143882655-380,Jena
L100000817578,DE43-220,Braunschweig
L100000818456,DE205-380,Ulm
L100000817570,way/26472665-380,Magdeburg
L100000817579,way/26472665-380,Magdeburg
L100001056692,way/82130902-225,Offenburg
L100000817580,way/1089911133-380,Hamburg
L100000818459,way/29309786-380,BadHersfeld
L100001043859,way/275466323,Lubeck
L100001056693,way/943135226-380,Chemnitz
L100000818460,way/143882655-380,Jena
L100000818461,way/35818134-220,Dusseldorf
L100001002112,way/29084374-380,Amberg
L100001002945,way/108797675-380,Wurzburg
L100001002114,way/42488850-380,Hamm
L100000818464,way/108797675-380,Wurzburg
L100001002115,way/29309786-380,BadHersfeld
L100000817585,DE206-220,Muhldorf
L100001056694,way/24839976-380,Cologne
L100000818465,way/1094015892-380,Rostock
L100000818466,way/943135226-380,Chemnitz
L100000818468,way/525964617,Elmshorn
L100000818469,way/525964617,Elmshorn
L100000818470,way/1094015892-380,Rostock
L100000818472,way/108797675-380,Wurzburg
L100000818474,way/26472665-380,Magdeburg
L100000818475,way/26472665-380,Magdeburg
L100000818477,way/82130902-225,Offenburg
L100001002116,way/943135226-380,Chemnitz
L100001043765,way/29309786-380,BadHersfeld
L100001044208,way/26472665-380,Magdeburg
L100000805774,way/52983550-380,FrankfurtOder
L100001044825,way/25306752-220,Ravensburg
L100000818480,way/449010725-380,Flensburg
L100000818481,way/1094015892-380,Rostock
L100000818482,way/26245195-380,Munich
L100000818483,way/143882655-380,Jena
L100001002117,way/275466323,Lubeck
L100000818484,way/29084374-380,Amberg
L100001056698,way/170123812-400,SchwedtOder
L100001056699,way/1094015892-380,Rostock
L100000818485,way/943135226-380,Chemnitz
L100001002118,way/525964617,Elmshorn
L100001044554,way/449010725-380,Flensburg
L100000818486,way/143882655-380,Jena
L100000818487,way/143882655-380,Jena
L100000818489,way/26245195-380,Munich
L100000818490,way/943135226-380,Chemnitz
L100000818491,way/29309786-380,BadHersfeld
L100000818492,way/143882655-380,Jena
L100000818493,way/943135226-380,Chemnitz
L100001002119,way/82130902-225,Offenburg
L100000818494,way/108797675-380,Wurzburg
L100000818495,way/108797675-380,Wurzburg
L100000818496,way/275466323,Lubeck
L100000818497,way/275466323,Lubeck
L100001002120,way/26472665-380,Magdeburg
L100000818498,way/26472665-380,Magdeburg
L100000818499,way/26472665-380,Magdeburg
L100001044000,DE43-220,Braunschweig
L100001044515,way/26245195-380,Munich
L100001044002,way/143882655-380,Jena
L100000818500,way/108797675-380,Wurzburg
L100000818501,way/943135226-380,Chemnitz
L100001044148,DE173-220,Merzig
L100001002121,DE173-220,Merzig
L100001044149,DE173-220,Merzig
L100001044531,way/952346322-380,Rheine
L100001056700,way/24839976-380,Cologne
L100000818502,way/26472665-380,Magdeburg
L100001002122,DE177-220,Saarbrucken
L100000818507,way/26472665-380,Magdeburg
L100000818516,way/525964617,Elmshorn
L100000818517,way/525964617,Elmshorn
L100000818504,way/26472665-380,Magdeburg
L100000818505,way/26472665-380,Magdeburg
L100001002123,way/1094015892-380,Rostock
L100001056701,way/940919943,Gustrow
L100000818506,way/275466323,Lubeck
L100001002124,way/275466323,Lubeck
L100001044681,way/525964617,Elmshorn
L100001002125,way/29084374-380,Amberg
L100001056702,way/82130902-225,Offenburg
L100001056703,way/1089911133-380,Hamburg
L100000818508,way/943135226-380,Chemnitz
L100000818509,way/943135226-380,Chemnitz
L100000818510,way/143882655-380,Jena
L100001043624,way/143882655-380,Jena
L100001002126,way/143882655-380,Jena
L100000818511,way/26245195-380,Munich
L100001056704,way/26472665-380,Magdeburg
L100001056973,way/943135226-380,Chemnitz
L100000818514,way/108797675-380,Wurzburg
L100000818515,way/170123812-400,SchwedtOder
L100000818512,way/26472665-380,Magdeburg
L100000818513,way/26472665-380,Magdeburg
L100000818519,way/82773910-400,Neunkirchen
L100000818520,DE206-220,Muhldorf
L100001002127,way/26472665-380,Magdeburg
L100000818521,way/29309786-380,BadHersfeld
L100000818503,way/941198517-380,Cottbus
L100001056705,way/943135226-380,Chemnitz
L100001002128,way/57727004-220,Kempten
L100000818522,way/29309786-380,BadHersfeld
L100001002129,DE205-380,Ulm
L100001056706,way/24839976-380,Cologne
L100001056966,way/170123812-400,SchwedtOder
L100001056967,way/170123812-400,SchwedtOder
L100001056968,way/170123812-400,SchwedtOder
L100001056707,way/170123812-400,SchwedtOder
L100001056708,way/170123812-400,SchwedtOder
L100000818524,way/941198517-380,Cottbus
L100000818525,DE205-380,Ulm
L100000818526,way/29084374-380,Amberg
L100000818527,way/29084374-380,Amberg
L100001002130,way/29084374-380,Amberg
L100000818528,way/108797675-380,Wurzburg
L100001056711,DE173-220,Merzig
L100000805830,way/1094015892-380,Rostock
L100000818529,way/943135226-380,Chemnitz
L100001002131,way/87653464-400,FreiburgImBreisgau
L100000818530,way/29084374-380,Amberg
L100000818467,way/143882655-380,Jena
L100000805708,way/59026005-380,Gorlitz
L100000818473,way/143882655-380,Jena
L100000818476,way/26472665-380,Magdeburg
L100001056697,way/275466323,Lubeck
L100000818478,way/941198517-380,Cottbus
L100001057412,way/52983550-380,FrankfurtOder
L100000818479,way/943135226-380,Chemnitz
L100000818535,way/143882655-380,Jena
L100001002143,way/26245195-380,Munich
L100001043824,way/26245195-380,Munich
L100000818578,way/143882655-380,Jena
L100001056717,DE177-220,Saarbrucken
L100001002150,way/29309786-380,BadHersfeld
L100000818599,way/170123812-400,SchwedtOder
L100001044724,way/29084374-380,Amberg
L100001056724,way/29309786-380,BadHersfeld
L100001043923,way/24839976-380,Cologne
L100000818615,way/57727004-220,Kempten
L100001043845,way/29309786-380,BadHersfeld
L100001081439,way/82130902-225,Offenburg
L100001081440,way/82130902-225,Offenburg
L100001044243,way/170123812-400,SchwedtOder
L100000818627,DE205-380,Ulm
L100001002160,way/1094015892-380,Rostock
L100001002161,way/1094015892-380,Rostock
L100001043930,way/57727004-220,Kempten
L100001056731,way/24839976-380,Cologne
L100001044196,way/29309786-380,BadHersfeld
L100000818670,way/275466323,Lubeck
L100001043877,way/108797675-380,Wurzburg
L100000818533,way/29309786-380,BadHersfeld
L100001004417,way/941198517-380,Cottbus
L100001061923,way/941198517-380,Cottbus
L100000818536,DE43-220,Braunschweig
L100000817583,way/26245195-380,Munich
L100001002132,way/42488850-380,Hamm
L100001002133,DE69-380,Dortmund
L100001043781,way/42488850-380,Hamm
L100001044764,way/31131320-380,Friedrichshafen
L100001043730,way/943135226-380,Chemnitz
L100000818537,way/82130902-225,Offenburg
L100001002134,way/26472665-380,Magdeburg
L100000818538,DE205-380,Ulm
L100000818540,DE43-220,Braunschweig
L100000818541,way/108797675-380,Wurzburg
L100000818539,DE209-380,VillingenSchwennin
L100001043978,DE205-380,Ulm
L100001044240,way/940919943,Gustrow
L100000818542,DE177-220,Saarbrucken
L100000818543,way/170123812-400,SchwedtOder
L100001002136,DE177-220,Saarbrucken
L100001044165,way/943135226-380,Chemnitz
L100001044166,way/108797675-380,Wurzburg
L100000818544,way/82130902-225,Offenburg
L100001056712,way/1280840211-380,Emden
L100000818545,way/26245195-380,Munich
L100000818546,way/26245195-380,Munich
L100001056713,way/24839976-380,Cologne
L100001044626,way/1089911133-380,Hamburg
L100001056714,way/1089911133-380,Hamburg
L100001002137,way/42488850-380,Hamm
L100001002138,way/42488850-380,Hamm
L100001081436,way/29084374-380,Amberg
L100001044478,way/449010725-380,Flensburg
L100000818547,way/52983550-380,FrankfurtOder
L100001002140,DE43-220,Braunschweig
L100000818548,DE43-220,Braunschweig
L100000817573,way/26472665-380,Magdeburg
L100001081437,DE205-380,Ulm
L100001081438,DE205-380,Ulm
L100001056715,DE205-380,Ulm
L100000818549,DE43-220,Braunschweig
L100000817590,DE206-220,Muhldorf
L100000818551,DE177-220,Saarbrucken
L100001002141,DE177-220,Saarbrucken
L100001043703,DE177-220,Saarbrucken
L100000818552,way/26472665-380,Magdeburg
L100000818553,way/26472665-380,Magdeburg
L100000818554,DE177-220,Saarbrucken
L100001002142,DE177-220,Saarbrucken
L100001002144,way/952346322-380,Rheine
L100001056716,way/108797675-380,Wurzburg
L100001057227,DE205-380,Ulm
L100000818555,way/170123812-400,SchwedtOder
L100000818556,way/170123812-400,SchwedtOder
L100000818557,way/170123812-400,SchwedtOder
L100000818558,way/170123812-400,SchwedtOder
L100000818579,DE206-220,Muhldorf
L100000818580,DE206-220,Muhldorf
L100001044220,way/525964617,Elmshorn
L100000818581,way/108797675-380,Wurzburg
L100000818582,way/108797675-380,Wurzburg
L100000818583,way/108797675-380,Wurzburg
L100001044673,way/108797675-380,Wurzburg
L100000818584,way/42488850-380,Hamm
L100000818585,way/42488850-380,Hamm
L100000818586,DE205-380,Ulm
L100000818587,way/24839976-380,Cologne
L100001002149,way/44717036-380,Bremen
L100000818588,way/44717036-380,Bremen
L100000818589,way/26472665-380,Magdeburg
L100000818590,DE205-380,Ulm
L100000818591,way/42488850-380,Hamm
L100000818592,way/42488850-380,Hamm
L100000818593,DE205-380,Ulm
L100001056718,way/952346322-380,Rheine
L100001044371,way/108797675-380,Wurzburg
L100001056719,way/525964617,Elmshorn
L100001044834,way/44717036-380,Bremen
L100000818594,way/170123812-400,SchwedtOder
L100001002151,way/29309786-380,BadHersfeld
L100001002152,way/143882655-380,Jena
L100001002153,way/143882655-380,Jena
L100000818596,way/143882655-380,Jena
L100000818597,way/143882655-380,Jena
L100000818598,way/143882655-380,Jena
L100001056720,way/57727004-220,Kempten
L100001044513,way/25306752-220,Ravensburg
L100001056721,way/25306752-220,Ravensburg
L100001056722,way/108797675-380,Wurzburg
L100000818600,DE205-380,Ulm
L100001057224,way/108797675-380,Wurzburg
L100001002154,DE173-220,Merzig
L100001056723,DE69-380,Dortmund
L100000818601,way/108797675-380,Wurzburg
L100000818602,way/108797675-380,Wurzburg
L100001002155,way/26472665-380,Magdeburg
L100000818603,way/943135226-380,Chemnitz
L100000818604,way/943135226-380,Chemnitz
L100000818605,way/943135226-380,Chemnitz
L100000818606,way/943135226-380,Chemnitz
L100000818607,way/943135226-380,Chemnitz
L100000818608,way/943135226-380,Chemnitz
L100000818609,way/943135226-380,Chemnitz
L100000818610,way/943135226-380,Chemnitz
L100001044264,way/108797675-380,Wurzburg
L100001044261,way/108797675-380,Wurzburg
L100001044376,DE173-220,Merzig
L100000818611,DE206-220,Muhldorf
L100001002157,way/108797675-380,Wurzburg
L100001002156,way/108797675-380,Wurzburg
L100000818612,way/26472665-380,Magdeburg
L100000818613,way/29309786-380,BadHersfeld
L100000818614,way/29309786-380,BadHersfeld
L100000818616,way/26245195-380,Munich
L100001044033,way/31131320-380,Friedrichshafen
L100000818617,DE206-220,Muhldorf
L100000818618,way/26245195-380,Munich
L100001002158,way/143882655-380,Jena
L100000818620,way/26472665-380,Magdeburg
L100001044514,way/943135226-380,Chemnitz
L100001044436,DE43-220,Braunschweig
L100001044076,DE62-380,Duisburg
L100001056725,way/35818134-220,Dusseldorf
L100001044027,way/170123812-400,SchwedtOder
L100001081441,way/82130902-225,Offenburg
L100001044169,DE43-220,Braunschweig
L100001056726,way/42488850-380,Hamm
L100001056727,DE69-380,Dortmund
L100001044516,way/26472665-380,Magdeburg
L100001081442,way/35818134-220,Dusseldorf
L100001044026,DE69-380,Dortmund
L100001043790,way/24839976-380,Cologne
L100001044366,way/82130902-225,Offenburg
L100000818621,way/29084374-380,Amberg
L100001043823,way/29084374-380,Amberg
L100000818622,way/29084374-380,Amberg
L100001002159,DE205-380,Ulm
L100000818623,DE206-220,Muhldorf
L100000818624,way/143882655-380,Jena
L100000818628,way/24839976-380,Cologne
L100000818630,way/143882655-380,Jena
L100000818631,way/143882655-380,Jena
L100000818632,way/143882655-380,Jena
L100000818633,way/26245195-380,Munich
L100000818635,way/42488850-380,Hamm
L100001056728,way/108797675-380,Wurzburg
L100001002163,DE43-220,Braunschweig
L100000818637,way/29084374-380,Amberg
L100000818638,way/29084374-380,Amberg
L100000818639,way/29084374-380,Amberg
L100000818640,way/29084374-380,Amberg
L100000818641,way/29084374-380,Amberg
L100000818642,way/24839976-380,Cologne
L100000818643,way/29309786-380,BadHersfeld
L100000818644,way/143882655-380,Jena
L100000818645,way/26245195-380,Munich
L100001002164,way/26472665-380,Magdeburg
L100000818646,way/68532663-220,Weilheim
L100000818647,DE43-220,Braunschweig
L100001044360,way/275466323,Lubeck
L100001056729,DE206-220,Muhldorf
L100001043980,way/29309786-380,BadHersfeld
L100001002166,DE177-220,Saarbrucken
L100000818650,way/57727004-220,Kempten
L100000818651,way/59026005-380,Gorlitz
L100001056730,way/525964617,Elmshorn
L100000818654,way/952346322-380,Rheine
L100000818655,way/952346322-380,Rheine
L100000818656,way/941198517-380,Cottbus
L100000818657,way/941198517-380,Cottbus
L100000818658,way/941198517-380,Cottbus
L100000818659,way/941198517-380,Cottbus
L100001002167,way/25306752-220,Ravensburg
L100000818663,DE205-380,Ulm
L100000818665,way/449010725-380,Flensburg
L100000818664,way/449010725-380,Flensburg
L100000818667,way/449010725-380,Flensburg
L100001056733,way/68532663-220,Weilheim
L100000805997,way/52983550-380,FrankfurtOder
L100001002139,DE69-380,Dortmund
L100000818629,way/108797675-380,Wurzburg
L100000818634,way/525964617,Elmshorn
L100000818636,DE177-220,Saarbrucken
L100001002165,way/24839976-380,Cologne
L100001044247,way/57727004-220,Kempten
L100000818648,way/108797675-380,Wurzburg
L100000818649,DE206-220,Muhldorf
L100000818652,way/26245195-380,Munich
L100001044332,way/42488850-380,Hamm
L100000818653,way/29309786-380,BadHersfeld
L100001043719,way/29309786-380,BadHersfeld
L100000818661,way/57727004-220,Kempten
L100000818662,way/941198517-380,Cottbus
L100001056732,DE62-380,Duisburg
L100000818666,DE205-380,Ulm
L100000818668,way/943135226-380,Chemnitz
L100000818669,DE177-220,Saarbrucken
L100000818671,way/1094015892-380,Rostock
L100000818672,way/108797675-380,Wurzburg
L100000818674,way/940919943,Gustrow
L100000818673,way/940919943,Gustrow
L100000818675,way/108797675-380,Wurzburg
L100001002169,way/108797675-380,Wurzburg
L100000818676,way/29084374-380,Amberg
L100001002170,way/1094015892-380,Rostock
L100001002171,way/108797675-380,Wurzburg
L100001002172,way/108797675-380,Wurzburg
L100001002173,way/108797675-380,Wurzburg
L100000818680,way/1280840211-380,Emden
L100000818681,way/44717036-380,Bremen
L100001056734,way/87653464-400,FreiburgImBreisgau
L100001044555,DE205-380,Ulm
L100001044537,way/29309786-380,BadHersfeld
L100001044129,way/24839976-380,Cologne
L100001056736,way/26245195-380,Munich
L100001002175,way/108797675-380,Wurzburg
L100001056738,way/44717036-380,Bremen
L100000817609,way/26245195-380,Munich
L100000818677,DE206-220,Muhldorf
L100000818678,DE206-220,Muhldorf
L100000818679,DE206-220,Muhldorf
L100001043919,way/42488850-380,Hamm
L100000818683,way/57727004-220,Kempten
L100000818684,way/143882655-380,Jena
L100001056735,way/82130902-225,Offenburg
L100000818685,way/108797675-380,Wurzburg
L100001043786,way/449010725-380,Flensburg
L100001044077,DE205-380,Ulm
L100000818688,way/952346322-380,Rheine
L100001002174,way/42488850-380,Hamm
L100000818686,way/26245195-380,Munich
L100000818687,way/29084374-380,Amberg
L100000818689,way/108797675-380,Wurzburg
L100000818690,way/108797675-380,Wurzburg
L100001056737,way/26245195-380,Munich
L100001043866,way/26245195-380,Munich
L100001043867,way/68532663-220,Weilheim
L100001043865,way/26245195-380,Munich
L100001043868,way/26245195-380,Munich
L100000818691,way/57727004-220,Kempten
L100000818692,DE206-220,Muhldorf
L100000818693,DE206-220,Muhldorf
L100001044454,DE206-220,Muhldorf
L100000818702,way/1094015892-380,Rostock
L100000818703,way/1094015892-380,Rostock
L100001002178,way/24839976-380,Cologne
L100000818705,way/170123812-400,SchwedtOder
L100000818695,way/24839976-380,Cologne
L100001044486,DE206-220,Muhldorf
L100000805831,way/1094015892-380,Rostock
L100000818696,way/940919943,Gustrow
L100000818697,way/170123812-400,SchwedtOder
L100000818698,way/1094015892-380,Rostock
L100000818700,DE43-220,Braunschweig
L100000818701,way/941198517-380,Cottbus
L100001002176,way/82130902-225,Offenburg
L100001056739,way/35818134-220,Dusseldorf
L100001081443,DE205-380,Ulm
L100000806468,way/108797675-380,Wurzburg
L100001056740,way/449010725-380,Flensburg
L100001043921,way/89176939-220,Trier
L100000818704,way/943135226-380,Chemnitz
L100000818706,way/82130902-225,Offenburg
L100000818707,way/82130902-225,Offenburg
L100000818714,way/941198517-380,Cottbus
L100000818715,DE43-220,Braunschweig
L100000818716,way/941198517-380,Cottbus
L100000818717,way/941198517-380,Cottbus
L100000818718,way/941198517-380,Cottbus
L100000818719,way/941198517-380,Cottbus
L100000818720,way/941198517-380,Cottbus
L100000818721,way/941198517-380,Cottbus
L100000818722,way/941198517-380,Cottbus
L100000818723,way/941198517-380,Cottbus
L100000818724,way/941198517-380,Cottbus
L100001056741,way/29309786-380,BadHersfeld
L100001056742,way/525964617,Elmshorn
L100001002187,way/26472665-380,Magdeburg
L100000818733,DE173-220,Merzig
L100000818738,way/940919943,Gustrow
L100000818739,way/29309786-380,BadHersfeld
L100001002192,way/24839976-380,Cologne
L100001056745,way/42488850-380,Hamm
L100001056747,way/108797675-380,Wurzburg
L100001044032,DE43-220,Braunschweig
L100000818748,DE209-380,VillingenSchwennin
L100000818749,way/82130902-225,Offenburg
L100000818758,way/59026005-380,Gorlitz
L100001002197,way/59026005-380,Gorlitz
L100000818762,way/26245195-380,Munich
L100001002203,way/42488850-380,Hamm
L100001044768,way/943135226-380,Chemnitz
L100000818764,way/29309786-380,BadHersfeld
L100000818773,way/170123812-400,SchwedtOder
L100000818774,way/170123812-400,SchwedtOder
L100000818775,way/170123812-400,SchwedtOder
L100000818776,way/170123812-400,SchwedtOder
L100001002210,way/24839976-380,Cologne
L100001044707,way/82130902-225,Offenburg
L100001056753,way/82130902-225,Offenburg
L100000818786,way/275466323,Lubeck
L100000818787,way/42488850-380,Hamm
L100000818788,way/943135226-380,Chemnitz
L100000818708,way/26472665-380,Magdeburg
L100001002180,way/26472665-380,Magdeburg
L100000818709,way/29084374-380,Amberg
L100000818710,way/29084374-380,Amberg
L100000818711,way/29084374-380,Amberg
L100000818712,way/29084374-380,Amberg
L100001002181,way/1089911133-380,Hamburg
L100001002182,way/26245195-380,Munich
L100001043971,DE206-220,Muhldorf
L100001002887,way/89176939-220,Trier
L100000818725,way/108797675-380,Wurzburg
L100001002184,way/1094015892-380,Rostock
L100001002185,way/1094015892-380,Rostock
L100000818726,way/525964617,Elmshorn
L100001043754,way/29309786-380,BadHersfeld
L100001002186,way/29309786-380,BadHersfeld
L100001043608,DE206-220,Muhldorf
L100000818727,DE173-220,Merzig
L100000818728,DE173-220,Merzig
L100000818729,DE206-220,Muhldorf
L100000818730,way/941198517-380,Cottbus
L100000818731,way/170123812-400,SchwedtOder
L100000818732,way/35818134-220,Dusseldorf
L100001056743,DE206-220,Muhldorf
L100000818734,way/29309786-380,BadHersfeld
L100001002188,way/24839976-380,Cologne
L100000818735,way/24839976-380,Cologne
L100001057022,way/26472665-380,Magdeburg
L100001002189,way/952346322-380,Rheine
L100001056744,way/82130902-225,Offenburg
L100000818736,DE205-380,Ulm
L100001057088,way/26472665-380,Magdeburg
L100001002190,DE205-380,Ulm
L100000818741,DE206-220,Muhldorf
L100001002191,DE62-380,Duisburg
L100001044709,way/82130902-225,Offenburg
L100000818742,DE173-220,Merzig
L100000818743,way/25306752-220,Ravensburg
L100000818744,way/25306752-220,Ravensburg
L100000818745,way/29084374-380,Amberg
L100000818746,way/108797675-380,Wurzburg
L100001002193,way/29309786-380,BadHersfeld
L100001002194,way/29309786-380,BadHersfeld
L100001056746,way/29084374-380,Amberg
L100001002195,way/44717036-380,Bremen
L100000818747,way/57727004-220,Kempten
L100000818750,way/449010725-380,Flensburg
L100000818751,DE43-220,Braunschweig
L100000818752,way/952346322-380,Rheine
L100001043856,way/170123812-400,SchwedtOder
L100000818753,way/108797675-380,Wurzburg
L100001044140,way/943135226-380,Chemnitz
L100001044620,way/943135226-380,Chemnitz
L100001044512,way/943135226-380,Chemnitz
L100001056748,way/29309786-380,BadHersfeld
L100001043761,way/26472665-380,Magdeburg
L100000806371,way/941198517-380,Cottbus
L100001081444,DE62-380,Duisburg
L100000818754,way/108797675-380,Wurzburg
L100000818755,way/940919943,Gustrow
L100001002968,way/170123812-400,SchwedtOder
L100001056749,way/108797675-380,Wurzburg
L100000817587,DE206-220,Muhldorf
L100001044588,DE69-380,Dortmund
L100000818757,way/59026005-380,Gorlitz
L100001002196,way/59026005-380,Gorlitz
L100001044198,way/1094015892-380,Rostock
L100001044701,way/29084374-380,Amberg
L100000818759,way/26472665-380,Magdeburg
L100001043618,way/525964617,Elmshorn
L100001056750,DE43-220,Braunschweig
L100001002200,DE206-220,Muhldorf
L100000818760,way/26245195-380,Munich
L100001002202,way/42488850-380,Hamm
L100000818765,DE43-220,Braunschweig
L100001002204,DE206-220,Muhldorf
L100001002205,DE206-220,Muhldorf
L100000818766,way/1094015892-380,Rostock
L100000818767,way/940919943,Gustrow
L100000818768,way/52983550-380,FrankfurtOder
L100000818769,way/1094015892-380,Rostock
L100000818770,way/42488850-380,Hamm
L100001057213,way/29309786-380,BadHersfeld
L100001056751,way/35818134-220,Dusseldorf
L100001002207,way/525964617,Elmshorn
L100001043698,way/525964617,Elmshorn
L100001002209,way/525964617,Elmshorn
L100001002208,way/525964617,Elmshorn
L100000805833,way/1094015892-380,Rostock
L100000817568,way/68532663-220,Weilheim
L100000818771,way/275466323,Lubeck
L100000818772,way/275466323,Lubeck
L100000805819,way/26472665-380,Magdeburg
L100001056752,way/29084374-380,Amberg
L100000818777,way/143882655-380,Jena
L100000818780,way/52983550-380,FrankfurtOder
L100000818783,way/29084374-380,Amberg
L100001002211,way/82130902-225,Offenburg
L100001081445,way/29309786-380,BadHersfeld
L100001043875,way/525964617,Elmshorn
L100001044789,way/26245195-380,Munich
L100001002198,way/24839976-380,Cologne
L100001002201,way/24839976-380,Cologne
L100000820696,DE177-220,Saarbrucken
L100000818763,way/143882655-380,Jena
L100000805832,way/26472665-380,Magdeburg
L100000818778,way/108797675-380,Wurzburg
L100000818779,way/29084374-380,Amberg
L100000818781,way/108797675-380,Wurzburg
L100000818782,DE205-380,Ulm
L100000818784,way/108797675-380,Wurzburg
L100001002179,way/26245195-380,Munich
L100001043979,way/24839976-380,Cologne
L100000818789,way/29309786-380,BadHersfeld
L100000818806,way/943135226-380,Chemnitz
L100000818807,DE205-380,Ulm
L100000818808,way/29309786-380,BadHersfeld
L100001056757,way/943135226-380,Chemnitz
L100000818822,way/449010725-380,Flensburg
L100000818823,way/449010725-380,Flensburg
L100000818824,way/449010725-380,Flensburg
L100001044157,way/449010725-380,Flensburg
L100000818825,way/52983550-380,FrankfurtOder
L100000818826,way/943135226-380,Chemnitz
L100000818827,way/943135226-380,Chemnitz
L100000818828,DE173-220,Merzig
L100000818829,DE173-220,Merzig
L100000818830,way/108797675-380,Wurzburg
L100000818831,way/1094015892-380,Rostock
L100000818832,way/1094015892-380,Rostock
L100000818833,way/941198517-380,Cottbus
L100000818834,way/941198517-380,Cottbus
L100000818835,way/941198517-380,Cottbus
L100000818836,way/89176939-220,Trier
L100000818837,way/1094015892-380,Rostock
L100000818838,DE43-220,Braunschweig
L100000818839,way/170123812-400,SchwedtOder
L100000818840,way/26472665-380,Magdeburg
L100000818841,way/26245195-380,Munich
L100001043699,way/108797675-380,Wurzburg
L100000818861,way/52983550-380,FrankfurtOder
L100000818863,DE173-220,Merzig
L100000818864,way/24839976-380,Cologne
L100000818873,way/941198517-380,Cottbus
L100000818874,way/941198517-380,Cottbus
L100001056767,way/26245195-380,Munich
L100001044445,way/1094015892-380,Rostock
L100000818790,way/170123812-400,SchwedtOder
L100000818791,DE43-220,Braunschweig
L100001044543,way/941198517-380,Cottbus
L100001056754,DE206-220,Muhldorf
L100001057212,way/57727004-220,Kempten
L100000818792,way/143882655-380,Jena
L100001044458,way/35818134-220,Dusseldorf
L100000818793,DE173-220,Merzig
L100000818794,DE206-220,Muhldorf
L100001044336,way/108797675-380,Wurzburg
L100000818795,way/941198517-380,Cottbus
L100001056755,way/940919943,Gustrow
L100000818796,way/108797675-380,Wurzburg
L100001044812,way/952346322-380,Rheine
L100000818798,way/941198517-380,Cottbus
L100001043749,way/25306752-220,Ravensburg
L100000817582,way/941198517-380,Cottbus
L100000818799,way/941198517-380,Cottbus
L100001002213,way/108797675-380,Wurzburg
L100000818800,way/31367940-380,Donaueschingen
L100000818801,way/89176939-220,Trier
L100000818802,way/89176939-220,Trier
L100000818803,DE205-380,Ulm
L100001002214,way/943135226-380,Chemnitz
L100000818804,way/941198517-380,Cottbus
L100000818805,way/29309786-380,BadHersfeld
L100000818809,way/1094015892-380,Rostock
L100000818810,way/108797675-380,Wurzburg
L100001044351,way/952346322-380,Rheine
L100000818811,way/943135226-380,Chemnitz
L100000818812,DE206-220,Muhldorf
L100001002216,DE177-220,Saarbrucken
L100001056756,way/943135226-380,Chemnitz
L100000818813,way/943135226-380,Chemnitz
L100000818814,way/943135226-380,Chemnitz
L100000806018,way/1094015892-380,Rostock
L100001002217,way/44717036-380,Bremen
L100000818815,way/44717036-380,Bremen
L100001056758,way/108797675-380,Wurzburg
L100001044390,way/275466323,Lubeck
L100001044830,way/275466323,Lubeck
L100000818816,way/52983550-380,FrankfurtOder
L100000806291,way/52983550-380,FrankfurtOder
L100000818817,way/26472665-380,Magdeburg
L100000818818,way/940919943,Gustrow
L100000818819,way/940919943,Gustrow
L100000818820,way/108797675-380,Wurzburg
L100001004457,way/25306752-220,Ravensburg
L100000818842,way/29309786-380,BadHersfeld
L100000818843,DE43-220,Braunschweig
L100001002218,way/44717036-380,Bremen
L100001044097,way/108797675-380,Wurzburg
L100000818844,way/108797675-380,Wurzburg
L100000818845,way/108797675-380,Wurzburg
L100001002219,way/108797675-380,Wurzburg
L100001002220,DE173-220,Merzig
L100001004426,way/943135226-380,Chemnitz
L100000818846,DE177-220,Saarbrucken
L100001056759,way/31131320-380,Friedrichshafen
L100000818847,way/943135226-380,Chemnitz
L100000818848,way/1094015892-380,Rostock
L100000818849,way/1094015892-380,Rostock
L100000818850,way/29084374-380,Amberg
L100001043899,way/26472665-380,Magdeburg
L100001056760,way/26472665-380,Magdeburg
L100000818851,way/525964617,Elmshorn
L100000818852,way/943135226-380,Chemnitz
L100000805807,way/59026005-380,Gorlitz
L100001056761,way/170123812-400,SchwedtOder
L100001002223,way/82130902-225,Offenburg
L100001056762,way/29309786-380,BadHersfeld
L100000818857,way/57727004-220,Kempten
L100000818858,way/57727004-220,Kempten
L100000818859,way/24839976-380,Cologne
L100000818860,DE173-220,Merzig
L100001044392,way/525964617,Elmshorn
L100001002224,way/82130902-225,Offenburg
L100000818862,way/275466323,Lubeck
L100001044036,way/29084374-380,Amberg
L100000818866,way/170123812-400,SchwedtOder
L100001043987,way/941198517-380,Cottbus
L100000818867,way/941198517-380,Cottbus
L100000818868,way/941198517-380,Cottbus
L100000805834,way/941198517-380,Cottbus
L100000818869,way/941198517-380,Cottbus
L100000818870,way/941198517-380,Cottbus
L100001002225,way/941198517-380,Cottbus
L100000818872,way/275466323,Lubeck
L100001056763,way/29084374-380,Amberg
L100001056764,way/24839976-380,Cologne
L100000818797,way/1094015892-380,Rostock
L100001002222,way/943135226-380,Chemnitz
L100000818853,way/943135226-380,Chemnitz
L100000818854,way/943135226-380,Chemnitz
L100000818855,way/943135226-380,Chemnitz
L100000818856,way/940919943,Gustrow
L100000805933,way/943135226-380,Chemnitz
L100001044670,way/943135226-380,Chemnitz
L100001044289,way/941198517-380,Cottbus
L100000818865,way/275466323,Lubeck
L100000818871,way/26472665-380,Magdeburg
L100001056765,way/1089911133-380,Hamburg
L100000818875,way/449010725-380,Flensburg
L100001056766,DE206-220,Muhldorf
L100000818876,way/1089911133-380,Hamburg
L100000818877,way/1089911133-380,Hamburg
L100000818878,way/108797675-380,Wurzburg
L100000818879,way/943135226-380,Chemnitz
L100001002227,way/25306752-220,Ravensburg
L100001056768,way/25306752-220,Ravensburg
L100000818884,way/26472665-380,Magdeburg
L100001044082,way/25306752-220,Ravensburg
L100001002228,way/25306752-220,Ravensburg
L100000818898,way/952346322-380,Rheine
L100000818908,way/943135226-380,Chemnitz
L100000818909,way/943135226-380,Chemnitz
L100000818913,way/525964617,Elmshorn
L100000818914,way/525964617,Elmshorn
L100001043755,way/82130902-225,Offenburg
L100001056777,way/82130902-225,Offenburg
L100001056778,way/25306752-220,Ravensburg
L100001056779,way/25306752-220,Ravensburg
L100001056780,way/44717036-380,Bremen
L100001056781,way/44717036-380,Bremen
L100000818920,way/1094015892-380,Rostock
L100001056783,way/1094015892-380,Rostock
L100000818923,way/29084374-380,Amberg
L100000818930,way/1094015892-380,Rostock
L100001002246,DE206-220,Muhldorf
L100001044338,DE206-220,Muhldorf
L100001002247,DE206-220,Muhldorf
L100001044335,DE206-220,Muhldorf
L100001002248,DE206-220,Muhldorf
L100001043860,DE206-220,Muhldorf
L100001056787,way/42488850-380,Hamm
L100001056788,way/275466323,Lubeck
L100000818935,way/26245195-380,Munich
L100000818938,way/943135226-380,Chemnitz
L100000818939,way/25306752-220,Ravensburg
L100000818945,DE173-220,Merzig
L100000818946,DE173-220,Merzig
L100001044318,way/525964617,Elmshorn
L100000818882,way/143882655-380,Jena
L100000818883,way/143882655-380,Jena
L100001056769,way/943135226-380,Chemnitz
L100000818885,way/108797675-380,Wurzburg
L100000818886,DE206-220,Muhldorf
L100001002229,way/26245195-380,Munich
L100000818887,way/1094015892-380,Rostock
L100001002230,way/82130902-225,Offenburg
L100001002231,DE173-220,Merzig
L100000818888,way/26472665-380,Magdeburg
L100000818889,way/26472665-380,Magdeburg
L100000818890,way/29309786-380,BadHersfeld
L100000818891,way/52983550-380,FrankfurtOder
L100000818892,way/170123812-400,SchwedtOder
L100001002233,way/52983550-380,FrankfurtOder
L100000818893,way/52983550-380,FrankfurtOder
L100000818894,way/52983550-380,FrankfurtOder
L100001002234,way/52983550-380,FrankfurtOder
L100001056770,way/82130902-225,Offenburg
L100001002235,way/82130902-225,Offenburg
L100001002236,way/82130902-225,Offenburg
L100000818895,way/26472665-380,Magdeburg
L100000818896,way/26472665-380,Magdeburg
L100000818897,way/29084374-380,Amberg
L100001002237,way/108797675-380,Wurzburg
L100001056771,way/943135226-380,Chemnitz
L100000818899,way/943135226-380,Chemnitz
L100000818900,way/29309786-380,BadHersfeld
L100000818901,way/108797675-380,Wurzburg
L100001002239,DE69-380,Dortmund
L100001002240,DE69-380,Dortmund
L100000806292,way/940919943,Gustrow
L100001044084,way/25306752-220,Ravensburg
L100000818902,way/108797675-380,Wurzburg
L100001056772,DE43-220,Braunschweig
L100000818907,way/35818134-220,Dusseldorf
L100000818904,way/108797675-380,Wurzburg
L100000818905,way/108797675-380,Wurzburg
L100000818906,way/108797675-380,Wurzburg
L100001056773,way/29309786-380,BadHersfeld
L100001056774,way/143882655-380,Jena
L100001002241,way/42488850-380,Hamm
L100000818912,way/26245195-380,Munich
L100000818915,way/275466323,Lubeck
L100000818916,DE177-220,Saarbrucken
L100001056775,way/525964617,Elmshorn
L100001002242,way/943135226-380,Chemnitz
L100000805995,way/26245195-380,Munich
L100001056776,way/1280840211-380,Emden
L100001081446,way/42488850-380,Hamm
L100000822160,way/25306752-220,Ravensburg
L100000818917,way/57727004-220,Kempten
L100000818918,way/82130902-225,Offenburg
L100000818919,way/143882655-380,Jena
L100001056782,way/29309786-380,BadHersfeld
L100000818921,way/52983550-380,FrankfurtOder
L100000818922,way/29084374-380,Amberg
L100001056784,way/1094015892-380,Rostock
L100000818924,way/82130902-225,Offenburg
L100001056785,DE177-220,Saarbrucken
L100001002243,way/29309786-380,BadHersfeld
L100001002244,way/42488850-380,Hamm
L100001002245,DE205-380,Ulm
L100000818925,way/170123812-400,SchwedtOder
L100000818926,way/29309786-380,BadHersfeld
L100000818927,way/143882655-380,Jena
L100000818931,DE43-220,Braunschweig
L100001043751,DE173-220,Merzig
L100000818932,way/143882655-380,Jena
L100001056786,way/170123812-400,SchwedtOder
L100000818936,way/57727004-220,Kempten
L100001002250,way/108797675-380,Wurzburg
L100001002251,way/26245195-380,Munich
L100001056789,way/29309786-380,BadHersfeld
L100001056790,way/29309786-380,BadHersfeld
L100000818947,way/26472665-380,Magdeburg
L100000806563,way/108797675-380,Wurzburg
L100001056794,way/26245195-380,Munich
L100000818933,DE205-380,Ulm
L100001002249,way/26472665-380,Magdeburg
L100000818934,way/42488850-380,Hamm
L100001044821,DE205-380,Ulm
L100000818940,way/275466323,Lubeck
L100001056791,way/275466323,Lubeck
L100000818941,way/943135226-380,Chemnitz
L100001056792,DE206-220,Muhldorf
L100000818943,way/170123812-400,SchwedtOder
L100001056793,way/44717036-380,Bremen
L100001044584,way/26472665-380,Magdeburg
L100000818944,way/29309786-380,BadHersfeld
L100000818948,way/29084374-380,Amberg
L100001056795,way/29309786-380,BadHersfeld
L100001002252,way/1094015892-380,Rostock
L100000818952,way/943135226-380,Chemnitz
L100000818953,way/143882655-380,Jena
L100001043985,way/941198517-380,Cottbus
L100001043986,way/941198517-380,Cottbus
L100001056797,way/25306752-220,Ravensburg
L100000818955,way/143882655-380,Jena
L100000818981,way/35818134-220,Dusseldorf
L100001043654,DE69-380,Dortmund
L100001056801,DE62-380,Duisburg
L100000818982,way/26472665-380,Magdeburg
L100001043779,way/42488850-380,Hamm
L100001043641,way/29084374-380,Amberg
L100000818992,way/143882655-380,Jena
L100000818993,way/143882655-380,Jena
L100000818994,way/68532663-220,Weilheim
L100000818995,way/943135226-380,Chemnitz
L100001002265,way/943135226-380,Chemnitz
L100000818996,way/943135226-380,Chemnitz
L100000818997,way/943135226-380,Chemnitz
L100000818998,way/26245195-380,Munich
L100001043907,way/26245195-380,Munich
L100001002269,way/44717036-380,Bremen
L100000819006,way/143882655-380,Jena
L100001044493,DE43-220,Braunschweig
L100001043906,way/35818134-220,Dusseldorf
L100001004459,way/26472665-380,Magdeburg
L100001057041,way/26472665-380,Magdeburg
L100000818949,way/26472665-380,Magdeburg
L100000818950,way/943135226-380,Chemnitz
L100000818951,way/943135226-380,Chemnitz
L100001002253,DE173-220,Merzig
L100000818954,way/941198517-380,Cottbus
L100000805924,way/941198517-380,Cottbus
L100000818956,way/525964617,Elmshorn
L100001043748,way/525964617,Elmshorn
L100001002254,way/525964617,Elmshorn
L100000818958,way/1094015892-380,Rostock
L100001043742,way/1089911133-380,Hamburg
L100000818959,DE206-220,Muhldorf
L100000818960,way/26245195-380,Munich
L100000818961,way/275466323,Lubeck
L100000818963,way/943135226-380,Chemnitz
L100000818962,way/943135226-380,Chemnitz
L100000818964,way/108797675-380,Wurzburg
L100001043798,way/108797675-380,Wurzburg
L100001043800,way/108797675-380,Wurzburg
L100000818965,way/525964617,Elmshorn
L100000818966,way/525964617,Elmshorn
L100000818967,way/525964617,Elmshorn
L100001002255,way/26245195-380,Munich
L100001002256,way/82130902-225,Offenburg
L100000805802,way/52983550-380,FrankfurtOder
L100000818968,way/25306752-220,Ravensburg
L100000818969,way/941198517-380,Cottbus
L100000818970,way/941198517-380,Cottbus
L100001056798,DE206-220,Muhldorf
L100000818971,way/26472665-380,Magdeburg
L100001056799,way/108797675-380,Wurzburg
L100001081447,way/24839976-380,Cologne
L100001081448,way/24839976-380,Cologne
L100001056800,way/26245195-380,Munich
L100001002257,way/1094015892-380,Rostock
L100001002258,way/1094015892-380,Rostock
L100000818974,way/29309786-380,BadHersfeld
L100001002259,way/29309786-380,BadHersfeld
L100000818975,way/29309786-380,BadHersfeld
L100000818976,way/29309786-380,BadHersfeld
L100000818977,way/29309786-380,BadHersfeld
L100000818973,way/82130902-225,Offenburg
L100000818979,way/1094015892-380,Rostock
L100000818980,way/143882655-380,Jena
L100000818983,way/26245195-380,Munich
L100000818984,way/26245195-380,Munich
L100000818985,DE206-220,Muhldorf
L100000818986,DE206-220,Muhldorf
L100001057133,way/943135226-380,Chemnitz
L100000820575,way/170123812-400,SchwedtOder
L100000820576,way/170123812-400,SchwedtOder
L100001002260,way/44717036-380,Bremen
L100001002261,way/44717036-380,Bremen
L100001002262,way/44717036-380,Bremen
L100000818987,way/143882655-380,Jena
L100000818988,way/26245195-380,Munich
L100001002263,way/525964617,Elmshorn
L100001002264,DE43-220,Braunschweig
L100000818991,way/24839976-380,Cologne
L100000818999,way/943135226-380,Chemnitz
L100001002266,way/943135226-380,Chemnitz
L100000819000,way/143882655-380,Jena
L100001002267,way/143882655-380,Jena
L100001002268,way/143882655-380,Jena
L100000819001,way/29309786-380,BadHersfeld
L100000819002,DE205-380,Ulm
L100000819003,DE205-380,Ulm
L100001081449,way/1089911133-380,Hamburg
L100001056802,way/143882655-380,Jena
L100001056803,way/943135226-380,Chemnitz
L100001002270,way/940919943,Gustrow
L100001081450,way/940919943,Gustrow
L100001002271,way/952346322-380,Rheine
L100000819005,DE43-220,Braunschweig
L100000819007,DE177-220,Saarbrucken
L100000819020,way/29084374-380,Amberg
L100000819021,way/29084374-380,Amberg
L100000819027,way/943135226-380,Chemnitz
L100000819029,way/108797675-380,Wurzburg
L100001002281,way/26472665-380,Magdeburg
L100001056808,way/143882655-380,Jena
L100001043678,way/1089911133-380,Hamburg
L100001002287,way/42488850-380,Hamm
L100001002272,way/26245195-380,Munich
L100000819008,way/26245195-380,Munich
L100001002273,way/1280840211-380,Emden
L100001044832,way/24839976-380,Cologne
L100001002274,way/108797675-380,Wurzburg
L100001002275,DE206-220,Muhldorf
L100001043973,DE206-220,Muhldorf
L100000819009,DE206-220,Muhldorf
L100001002276,way/170123812-400,SchwedtOder
L100000819010,DE206-220,Muhldorf
L100000819011,DE206-220,Muhldorf
L100000819012,way/57727004-220,Kempten
L100000819013,way/57727004-220,Kempten
L100001002277,way/108797675-380,Wurzburg
L100000817571,way/26245195-380,Munich
L100001002278,way/108797675-380,Wurzburg
L100001056804,DE206-220,Muhldorf
L100001044600,way/31131320-380,Friedrichshafen
L100000819014,way/143882655-380,Jena
L100000819015,way/42488850-380,Hamm
L100000819016,way/42488850-380,Hamm
L100000819017,way/143882655-380,Jena
L100001002279,way/26245195-380,Munich
L100000819018,way/57727004-220,Kempten
L100001081451,way/29084374-380,Amberg
L100000819019,DE43-220,Braunschweig
L100000819022,way/1094015892-380,Rostock
L100000819023,way/1094015892-380,Rostock
L100000819024,way/82130902-225,Offenburg
L100000819025,way/29309786-380,BadHersfeld
L100000819026,DE205-380,Ulm
L100000819028,way/108797675-380,Wurzburg
L100000819030,way/26245195-380,Munich
L100000819031,way/26245195-380,Munich
L100001002280,way/44717036-380,Bremen
L100000819032,way/89176939-220,Trier
L100001056805,way/42488850-380,Hamm
L100001056806,way/44717036-380,Bremen
L100001002282,way/26472665-380,Magdeburg
L100000819033,way/82130902-225,Offenburg
L100000819034,way/82130902-225,Offenburg
L100000819035,way/26472665-380,Magdeburg
L100001044744,way/89176939-220,Trier
L100001056807,way/89176939-220,Trier
L100001002283,way/26472665-380,Magdeburg
L100000819036,way/1280840211-380,Emden
L100001002284,way/143882655-380,Jena
L100001056809,way/449010725-380,Flensburg
L100000819037,way/26472665-380,Magdeburg
L100001044161,way/26245195-380,Munich
L100001002285,DE206-220,Muhldorf
L100000819038,DE43-220,Braunschweig
L100000819039,DE43-220,Braunschweig
L100000819040,way/108797675-380,Wurzburg
L100001002288,DE43-220,Braunschweig
L100001056810,way/57727004-220,Kempten
L100000819041,way/108797675-380,Wurzburg
L100000819042,way/108797675-380,Wurzburg
L100000819043,way/26472665-380,Magdeburg
L100001002289,way/275466323,Lubeck
L100000819044,way/1094015892-380,Rostock
L100000819045,way/42488850-380,Hamm
L100001056811,way/29309786-380,BadHersfeld
L100001002290,way/940919943,Gustrow
L100000819046,DE205-380,Ulm
L100000819047,DE177-220,Saarbrucken
L100001002291,DE205-380,Ulm
L100000819048,DE43-220,Braunschweig
L100000819049,way/143882655-380,Jena
L100000819050,way/26472665-380,Magdeburg
L100000819051,way/943135226-380,Chemnitz
L100001002292,way/940919943,Gustrow
L100000819052,DE177-220,Saarbrucken
L100000819053,way/1094015892-380,Rostock
L100001043883,way/108797675-380,Wurzburg
L100001043884,way/26245195-380,Munich
L100001043885,way/26245195-380,Munich
L100001043891,way/26245195-380,Munich
L100001043887,way/57727004-220,Kempten
L100001043892,way/143882655-380,Jena
L100001043888,way/26245195-380,Munich
L100001043890,way/29084374-380,Amberg
L100001043886,way/29084374-380,Amberg
L100001043929,DE206-220,Muhldorf
L100000819054,way/26472665-380,Magdeburg
L100001043611,way/26472665-380,Magdeburg
L100001002293,way/26472665-380,Magdeburg
L100000819055,DE43-220,Braunschweig
L100001056812,way/170123812-400,SchwedtOder
L100001002294,way/26472665-380,Magdeburg
L100001043750,way/26472665-380,Magdeburg
L100001043731,way/42488850-380,Hamm
L100001081452,way/26472665-380,Magdeburg
L100001056813,way/108797675-380,Wurzburg
L100001056814,way/42488850-380,Hamm
L100001044130,way/29309786-380,BadHersfeld
L100000819056,DE205-380,Ulm
L100000819057,DE205-380,Ulm
L100000819058,DE205-380,Ulm
L100000819059,way/941198517-380,Cottbus
L100000819060,way/941198517-380,Cottbus
L100000819061,way/941198517-380,Cottbus
L100000819062,way/941198517-380,Cottbus
L100001043904,way/82130902-225,Offenburg
L100001043902,way/35818134-220,Dusseldorf
L100001056815,DE43-220,Braunschweig
L100001043905,way/82130902-225,Offenburg
L100001002299,way/42488850-380,Hamm
L100001002300,way/42488850-380,Hamm
L100001002301,way/42488850-380,Hamm
L100000819075,way/42488850-380,Hamm
L100000819076,way/108797675-380,Wurzburg
L100001002302,way/943135226-380,Chemnitz
L100000819077,DE205-380,Ulm
L100001056816,way/29084374-380,Amberg
L100001002318,way/1094015892-380,Rostock
L100001056836,DE177-220,Saarbrucken
L100000819156,DE62-380,Duisburg
L100001044069,way/1128250707-380,Oldenburg
L100000819157,DE206-220,Muhldorf
L100001081457,way/943135226-380,Chemnitz
L100000819162,way/29309786-380,BadHersfeld
L100000819163,way/29084374-380,Amberg
L100000819169,way/170123812-400,SchwedtOder
L100001002328,way/1094015892-380,Rostock
L100001056840,way/82130902-225,Offenburg
L100001056955,way/943135226-380,Chemnitz
L100000819182,DE205-380,Ulm
L100000819183,way/952346322-380,Rheine
L100000819184,way/26472665-380,Magdeburg
L100001002329,way/143882655-380,Jena
L100000819185,way/82130902-225,Offenburg
L100001056843,DE173-220,Merzig
L100000819186,way/82130902-225,Offenburg
L100001044612,way/143882655-380,Jena
L100000819187,way/24839976-380,Cologne
L100000819188,DE206-220,Muhldorf
L100000819189,way/26245195-380,Munich
L100000819190,way/26245195-380,Munich
L100000819191,way/26245195-380,Munich
L100001002330,way/108797675-380,Wurzburg
L100001056844,way/26245195-380,Munich
L100000819192,way/82130902-225,Offenburg
L100000819193,way/44717036-380,Bremen
L100000819194,way/44717036-380,Bremen
L100000819196,way/29309786-380,BadHersfeld
L100000819195,way/44717036-380,Bremen
L100001044837,way/42488850-380,Hamm
L100001043825,way/25306752-220,Ravensburg
L100000819197,DE206-220,Muhldorf
L100000819198,DE206-220,Muhldorf
L100001056956,way/29309786-380,BadHersfeld
L100001056845,way/1280840211-380,Emden
L100001056846,way/143882655-380,Jena
L100001044835,way/952346322-380,Rheine
L100000819200,way/82130902-225,Offenburg
L100000819201,way/82130902-225,Offenburg
L100001002332,DE206-220,Muhldorf
L100001044602,way/952346322-380,Rheine
L100000819202,way/143882655-380,Jena
L100000819203,way/26245195-380,Munich
L100000819206,way/26245195-380,Munich
L100001081458,DE209-380,VillingenSchwennin
L100001002333,way/940919943,Gustrow
L100001081459,way/24839976-380,Cologne
L100000819207,DE206-220,Muhldorf
L100000819208,way/57727004-220,Kempten
L100000819209,way/108797675-380,Wurzburg
L100001002334,DE206-220,Muhldorf
L100001081460,way/29084374-380,Amberg
L100001002335,way/29084374-380,Amberg
L100001002336,way/29084374-380,Amberg
L100001044075,way/29084374-380,Amberg
L100001044081,way/29084374-380,Amberg
L100000819211,way/29084374-380,Amberg
L100001056847,way/26472665-380,Magdeburg
L100001061958,DE205-380,Ulm
L100001002337,DE205-380,Ulm
L100001002415,way/943135226-380,Chemnitz
L100001002341,way/24839976-380,Cologne
L100001002417,way/170123812-400,SchwedtOder
L100001002338,way/24839976-380,Cologne
L100001002339,way/108797675-380,Wurzburg
L100001002342,way/82130902-225,Offenburg
L100001002344,way/952346322-380,Rheine
L100001002345,way/44717036-380,Bremen
L100001043735,way/108797675-380,Wurzburg
L100001002343,way/108797675-380,Wurzburg
L100001002346,DE205-380,Ulm
L100001002347,DE43-220,Braunschweig
L100000819212,way/29084374-380,Amberg
L100001044606,way/57727004-220,Kempten
L100000819213,way/143882655-380,Jena
L100001002348,way/943135226-380,Chemnitz
L100001002349,way/1128250707-380,Oldenburg
L100001002350,way/108797675-380,Wurzburg
L100001002351,way/108797675-380,Wurzburg
L100001002355,way/42488850-380,Hamm
L100001002354,way/26245195-380,Munich
L100001002353,way/108797675-380,Wurzburg
L100001002352,way/108797675-380,Wurzburg
L100001002356,way/108797675-380,Wurzburg
L100001044306,way/108797675-380,Wurzburg
L100001044634,way/108797675-380,Wurzburg
L100001056848,way/108797675-380,Wurzburg
L100001056849,way/108797675-380,Wurzburg
L100001081462,DE205-380,Ulm
L100001081463,way/108797675-380,Wurzburg
L100001002357,way/42488850-380,Hamm
L100001002358,way/24839976-380,Cologne
L100001002359,way/1094015892-380,Rostock
L100001002360,way/1094015892-380,Rostock
L100001043812,way/108797675-380,Wurzburg
L100001002362,DE205-380,Ulm
L100000819215,DE205-380,Ulm
L100000819216,DE205-380,Ulm
L100001002363,way/24839976-380,Cologne
L100001044314,way/1128250707-380,Oldenburg
L100000819219,way/29084374-380,Amberg
L100000819220,DE206-220,Muhldorf
L100001044060,way/29084374-380,Amberg
L100001002364,way/87653464-400,FreiburgImBreisgau
L100001044734,way/525964617,Elmshorn
L100001002365,way/943135226-380,Chemnitz
L100001057097,way/943135226-380,Chemnitz
L100000819221,way/1094015892-380,Rostock
L100000819222,way/82130902-225,Offenburg
L100000819172,way/1280840211-380,Emden
L100000819223,way/42488850-380,Hamm
L100001002366,DE69-380,Dortmund
L100001002368,way/68532663-220,Weilheim
L100001002367,way/57727004-220,Kempten
L100001002369,way/42488850-380,Hamm
L100000819226,way/25306752-220,Ravensburg
L100000819225,way/108797675-380,Wurzburg
L100001002370,way/44717036-380,Bremen
L100001002371,way/29084374-380,Amberg
L100001002372,way/29309786-380,BadHersfeld
L100000819227,DE205-380,Ulm
L100001002426,way/42488850-380,Hamm
L100001044133,way/108797675-380,Wurzburg
L100001002373,DE205-380,Ulm
L100001002374,DE209-380,VillingenSchwennin
L100000819228,way/26472665-380,Magdeburg
L100001044319,way/29309786-380,BadHersfeld
L100001002376,way/29309786-380,BadHersfeld
L100001002378,way/952346322-380,Rheine
L100001002377,way/26472665-380,Magdeburg
L100000819229,way/29309786-380,BadHersfeld
L100000819230,way/1128250707-380,Oldenburg
L100000819231,way/1128250707-380,Oldenburg
L100001002379,way/1280840211-380,Emden
L100000819232,DE43-220,Braunschweig
L100001002380,way/143882655-380,Jena
L100001002383,way/108797675-380,Wurzburg
L100000819233,DE177-220,Saarbrucken
L100000819234,way/29309786-380,BadHersfeld
L100001002384,way/42488850-380,Hamm
L100000819236,way/44717036-380,Bremen
L100000819175,way/943135226-380,Chemnitz
L100000819176,way/52983550-380,FrankfurtOder
L100000819237,way/42488850-380,Hamm
L100001002385,way/449010725-380,Flensburg
L100001043600,way/25306752-220,Ravensburg
L100000819239,way/108797675-380,Wurzburg
L100001002386,way/143882655-380,Jena
L100001002387,way/143882655-380,Jena
L100001002392,DE62-380,Duisburg
L100001002388,way/275466323,Lubeck
L100001002389,way/941198517-380,Cottbus
L100001002390,way/25306752-220,Ravensburg
L100001002391,way/25306752-220,Ravensburg
L100000819240,way/57727004-220,Kempten
L100001002393,DE43-220,Braunschweig
L100001044283,DE69-380,Dortmund
L100001043602,way/35818134-220,Dusseldorf
L100000819174,way/943135226-380,Chemnitz
L100001002394,way/44717036-380,Bremen
L100000819576,way/44717036-380,Bremen
L100000819241,DE209-380,VillingenSchwennin
L100001044465,way/143882655-380,Jena
L100001043610,DE206-220,Muhldorf
L100001002395,way/42488850-380,Hamm
L100001002396,way/82130902-225,Offenburg
L100000819173,way/26472665-380,Magdeburg
L100000819577,way/275466323,Lubeck
L100001044051,way/952346322-380,Rheine
L100001002399,way/82130902-225,Offenburg
L100000819235,way/525964617,Elmshorn
L100001056850,way/26245195-380,Munich
L100001002400,way/42488850-380,Hamm
L100001056851,way/24839976-380,Cologne
L100001002401,way/275466323,Lubeck
L100001002402,way/1128250707-380,Oldenburg
L100001002403,way/42488850-380,Hamm
L100001044477,way/952346322-380,Rheine
L100001002404,DE43-220,Braunschweig
L100001002405,DE43-220,Braunschweig
L100001002406,way/29309786-380,BadHersfeld
L100001002407,way/24839976-380,Cologne
L100000819242,way/24839976-380,Cologne
L100001056852,way/1128250707-380,Oldenburg
L100001002408,way/170123812-400,SchwedtOder
L100001043676,way/42488850-380,Hamm
L100001044718,DE206-220,Muhldorf
L100001081464,way/44717036-380,Bremen
L100001002409,way/108797675-380,Wurzburg
L100001002410,way/25306752-220,Ravensburg
L100001081465,way/42488850-380,Hamm
L100000819243,way/26245195-380,Munich
L100000819244,way/26245195-380,Munich
L100001081466,DE205-380,Ulm
L100001002413,DE43-220,Braunschweig
L100000819245,way/143882655-380,Jena
L100001002419,way/170123812-400,SchwedtOder
L100001044110,way/25306752-220,Ravensburg
L100001002412,way/24839976-380,Cologne
L100000819246,way/29309786-380,BadHersfeld
L100000819247,way/943135226-380,Chemnitz
L100001002420,DE205-380,Ulm
L100001044011,DE205-380,Ulm
L100000819248,way/29309786-380,BadHersfeld
L100000819177,DE43-220,Braunschweig
L100000819178,way/26472665-380,Magdeburg
L100000819179,way/1094015892-380,Rostock
L100000819180,way/52983550-380,FrankfurtOder
L100001002421,way/108797675-380,Wurzburg
L100001056854,way/525964617,Elmshorn
L100001043705,way/26245195-380,Munich
L100001002422,DE205-380,Ulm
L100001002423,DE205-380,Ulm
L100000819249,DE205-380,Ulm
L100001002424,way/29309786-380,BadHersfeld
L100001002425,way/26472665-380,Magdeburg
L100000819181,DE206-220,Muhldorf
L100000819218,way/82130902-225,Offenburg
L100000819217,DE177-220,Saarbrucken
L100001002375,DE205-380,Ulm
L100001044797,way/143882655-380,Jena
L100001056853,way/1089911133-380,Hamburg
L100000819251,way/26245195-380,Munich
L100001056855,DE43-220,Braunschweig
L100001002427,way/26245195-380,Munich
L100001043647,way/29084374-380,Amberg
L100001056856,DE205-380,Ulm
L100001002429,way/29084374-380,Amberg
L100000819252,way/57727004-220,Kempten
L100000819253,way/82130902-225,Offenburg
L100001081467,way/29084374-380,Amberg
L100000819254,way/26472665-380,Magdeburg
L100001002430,way/943135226-380,Chemnitz
L100000819256,way/943135226-380,Chemnitz
L100000819257,way/29084374-380,Amberg
L100001002431,way/108797675-380,Wurzburg
L100001002432,way/143882655-380,Jena
L100000819262,way/26472665-380,Magdeburg
L100001002435,way/940919943,Gustrow
L100001056857,way/449010725-380,Flensburg
L100001002436,way/943135226-380,Chemnitz
L100001002437,way/1094015892-380,Rostock
L100001056858,way/275466323,Lubeck
L100001056859,way/25306752-220,Ravensburg
L100000819263,way/25306752-220,Ravensburg
L100000819268,DE173-220,Merzig
L100001002441,way/52983550-380,FrankfurtOder
L100000819269,way/42488850-380,Hamm
L100001056862,way/24839976-380,Cologne
L100000819279,way/449010725-380,Flensburg
L100001044591,way/26245195-380,Munich
L100000819258,way/42488850-380,Hamm
L100000819259,DE43-220,Braunschweig
L100001002434,DE205-380,Ulm
L100000819260,DE205-380,Ulm
L100000819261,way/275466323,Lubeck
L100001044072,way/29084374-380,Amberg
L100001002438,way/42488850-380,Hamm
L100001044455,way/24839976-380,Cologne
L100001002439,way/52983550-380,FrankfurtOder
L100000819264,DE173-220,Merzig
L100000819265,way/26245195-380,Munich
L100000819266,way/26472665-380,Magdeburg
L100001056860,way/68532663-220,Weilheim
L100001002440,way/29309786-380,BadHersfeld
L100000819267,way/82130902-225,Offenburg
L100001056861,way/82130902-225,Offenburg
L100001043810,way/952346322-380,Rheine
L100000819270,way/108797675-380,Wurzburg
L100000819271,way/108797675-380,Wurzburg
L100001044542,way/29309786-380,BadHersfeld
L100000819272,way/943135226-380,Chemnitz
L100001043661,way/943135226-380,Chemnitz
L100000819273,way/943135226-380,Chemnitz
L100000819274,way/108797675-380,Wurzburg
L100000819275,way/525964617,Elmshorn
L100000819276,way/525964617,Elmshorn
L100000819277,way/525964617,Elmshorn
L100000819278,way/29309786-380,BadHersfeld
L100000819280,DE205-380,Ulm
L100001002442,way/42488850-380,Hamm
L100001002443,way/42488850-380,Hamm
L100000819281,way/108797675-380,Wurzburg
L100001056863,way/57727004-220,Kempten
L100000819282,way/1128250707-380,Oldenburg
L100001002444,way/525964617,Elmshorn
L100000819283,DE173-220,Merzig
L100001044348,DE206-220,Muhldorf
L100001056864,way/42488850-380,Hamm
L100000819286,way/943135226-380,Chemnitz
L100000819284,way/26472665-380,Magdeburg
L100001002445,way/44717036-380,Bremen
L100001002446,way/82130902-225,Offenburg
L100001002447,way/943135226-380,Chemnitz
L100000819285,way/943135226-380,Chemnitz
L100001056865,way/143882655-380,Jena
L100000819287,way/29309786-380,BadHersfeld
L100000819288,way/108797675-380,Wurzburg
L100001002462,way/29309786-380,BadHersfeld
L100000819568,way/943135226-380,Chemnitz
L100001056957,way/42488850-380,Hamm
L100001002448,way/26472665-380,Magdeburg
L100001002449,DE43-220,Braunschweig
L100001002450,way/44717036-380,Bremen
L100001002451,way/24839976-380,Cologne
L100001002458,way/108797675-380,Wurzburg
L100001002452,DE206-220,Muhldorf
L100001043633,way/57727004-220,Kempten
L100001044460,DE206-220,Muhldorf
L100001002456,way/26245195-380,Munich
L100001056866,way/82130902-225,Offenburg
L100001044447,way/24839976-380,Cologne
L100001002453,way/941198517-380,Cottbus
L100001002454,way/31131320-380,Friedrichshafen
L100001044553,way/943135226-380,Chemnitz
L100001002455,way/29309786-380,BadHersfeld
L100001056867,way/82130902-225,Offenburg
L100001002457,way/275466323,Lubeck
L100001043598,way/26245195-380,Munich
L100001043687,way/25306752-220,Ravensburg
L100000819289,way/943135226-380,Chemnitz
L100000819290,way/42488850-380,Hamm
L100001056868,way/108797675-380,Wurzburg
L100000819291,way/24839976-380,Cologne
L100000819292,way/57727004-220,Kempten
L100000819294,way/59026005-380,Gorlitz
L100000819295,way/42488850-380,Hamm
L100000819296,DE206-220,Muhldorf
L100001002460,way/943135226-380,Chemnitz
L100001002461,DE206-220,Muhldorf
L100000819293,way/26472665-380,Magdeburg
L100000819297,way/29309786-380,BadHersfeld
L100001002463,way/143882655-380,Jena
L100000819298,way/57727004-220,Kempten
L100000819299,DE209-380,VillingenSchwennin
L100001002464,way/26245195-380,Munich
L100000819300,DE43-220,Braunschweig
L100001002459,DE205-380,Ulm
L100001002465,way/108797675-380,Wurzburg
L100001056869,way/26245195-380,Munich
L100000819301,DE43-220,Braunschweig
L100000819303,way/29309786-380,BadHersfeld
L100001056871,way/42488850-380,Hamm
L100000819302,way/143882655-380,Jena
L100000819304,way/525964617,Elmshorn
L100000819305,way/57727004-220,Kempten
L100001043771,way/1128250707-380,Oldenburg
L100000819306,DE206-220,Muhldorf
L100000819307,way/170123812-400,SchwedtOder
L100000819308,way/170123812-400,SchwedtOder
L100001056870,DE206-220,Muhldorf
L100001002466,way/52983550-380,FrankfurtOder
L100000819309,way/143882655-380,Jena
L100000819310,way/26245195-380,Munich
L100000819311,way/1128250707-380,Oldenburg
L100000819312,way/108797675-380,Wurzburg
L100001002467,DE62-380,Duisburg
L100001043901,DE43-220,Braunschweig
L100001056872,DE206-220,Muhldorf
L100000819313,way/57727004-220,Kempten
L100000819314,way/29084374-380,Amberg
L100000819315,way/26245195-380,Munich
L100000819316,DE206-220,Muhldorf
L100001002468,way/943135226-380,Chemnitz
L100000819317,way/108797675-380,Wurzburg
L100000819318,way/108797675-380,Wurzburg
L100000819319,way/108797675-380,Wurzburg
L100000819320,way/525964617,Elmshorn
L100001056873,way/42488850-380,Hamm
L100001044343,way/42488850-380,Hamm
L100000819321,way/943135226-380,Chemnitz
L100000819322,way/29084374-380,Amberg
L100000819323,way/29084374-380,Amberg
L100001002469,way/29084374-380,Amberg
L100001002470,way/26245195-380,Munich
L100001002471,way/943135226-380,Chemnitz
L100001002473,way/108797675-380,Wurzburg
L100001056874,way/57727004-220,Kempten
L100001056875,way/42488850-380,Hamm
L100001056876,way/42488850-380,Hamm
L100001056877,DE205-380,Ulm
L100001056878,way/26245195-380,Munich
L100001002474,way/29084374-380,Amberg
L100001043935,way/24839976-380,Cologne
L100001002475,DE209-380,VillingenSchwennin
L100001044307,way/24839976-380,Cologne
L100001056879,way/31367940-380,Donaueschingen
L100000819569,way/82130902-225,Offenburg
L100001002476,DE173-220,Merzig
L100001002513,way/1280840211-380,Emden
L100000819324,way/26245195-380,Munich
L100000819325,way/26245195-380,Munich
L100001002472,way/108797675-380,Wurzburg
L100000819326,way/170123812-400,SchwedtOder
L100001002477,way/449010725-380,Flensburg
L100001002478,way/943135226-380,Chemnitz
L100000819327,way/82130902-225,Offenburg
L100001044697,DE206-220,Muhldorf
L100001002480,DE206-220,Muhldorf
L100001044759,DE206-220,Muhldorf
L100001043675,way/26245195-380,Munich
L100000819329,DE206-220,Muhldorf
L100000819328,DE206-220,Muhldorf
L100000819330,DE206-220,Muhldorf
L100001056880,way/143882655-380,Jena
L100001044013,DE206-220,Muhldorf
L100001043936,way/29084374-380,Amberg
L100000819331,DE206-220,Muhldorf
L100001044008,way/29084374-380,Amberg
L100000819332,way/26245195-380,Munich
L100001002482,DE206-220,Muhldorf
L100000819333,way/26245195-380,Munich
L100000819334,DE206-220,Muhldorf
L100001002483,DE206-220,Muhldorf
L100001044021,way/29084374-380,Amberg
L100001044774,DE206-220,Muhldorf
L100001002484,way/26245195-380,Munich
L100001044312,way/29084374-380,Amberg
L100000819335,DE206-220,Muhldorf
L100001044190,DE206-220,Muhldorf
L100001044758,way/29084374-380,Amberg
L100000819336,DE206-220,Muhldorf
L100001044786,DE206-220,Muhldorf
L100001044230,DE206-220,Muhldorf
L100000819337,DE206-220,Muhldorf
L100001044754,way/29084374-380,Amberg
L100001002485,DE206-220,Muhldorf
L100001044617,DE206-220,Muhldorf
L100001002486,DE206-220,Muhldorf
L100001002487,way/29084374-380,Amberg
L100001044070,DE206-220,Muhldorf
L100001056882,DE206-220,Muhldorf
L100000819338,DE206-220,Muhldorf
L100001044561,DE206-220,Muhldorf
L100001044710,way/26245195-380,Munich
L100001044321,way/26245195-380,Munich
L100000819339,DE206-220,Muhldorf
L100000819340,DE206-220,Muhldorf
L100001002488,DE206-220,Muhldorf
L100000819341,DE206-220,Muhldorf
L100000819342,DE206-220,Muhldorf
L100001002489,DE206-220,Muhldorf
L100001043909,DE206-220,Muhldorf
L100001002500,way/25306752-220,Ravensburg
L100001002501,way/1089911133-380,Hamburg
L100001002490,way/943135226-380,Chemnitz
L100001002491,DE206-220,Muhldorf
L100001002492,DE206-220,Muhldorf
L100001043634,way/57727004-220,Kempten
L100001056883,way/108797675-380,Wurzburg
L100001002493,way/26245195-380,Munich
L100001002494,DE206-220,Muhldorf
L100001044372,DE206-220,Muhldorf
L100001056884,way/44717036-380,Bremen
L100001044093,way/29084374-380,Amberg
L100000819344,way/57727004-220,Kempten
L100001043846,way/42488850-380,Hamm
L100000819345,way/82130902-225,Offenburg
L100000819346,way/108797675-380,Wurzburg
L100001056958,DE206-220,Muhldorf
L100001002497,way/57727004-220,Kempten
L100000819347,DE206-220,Muhldorf
L100001056885,DE205-380,Ulm
L100000819348,DE205-380,Ulm
L100000819349,way/26245195-380,Munich
L100000819350,way/449010725-380,Flensburg
L100001081468,way/44717036-380,Bremen
L100001002498,DE206-220,Muhldorf
L100000819351,DE206-220,Muhldorf
L100001056959,DE206-220,Muhldorf
L100000819352,way/525964617,Elmshorn
L100001043727,way/82130902-225,Offenburg
L100000819353,way/29084374-380,Amberg
L100000819354,DE206-220,Muhldorf
L100001002499,way/26472665-380,Magdeburg
L100001002502,DE206-220,Muhldorf
L100001002503,DE206-220,Muhldorf
L100000819355,DE206-220,Muhldorf
L100001043726,way/82130902-225,Offenburg
L100001043670,way/29084374-380,Amberg
L100000819343,way/29084374-380,Amberg
L100000819356,DE206-220,Muhldorf
L100001002504,DE206-220,Muhldorf
L100001081469,way/29084374-380,Amberg
L100001056886,way/29084374-380,Amberg
L100000819579,way/525964617,Elmshorn
L100001002505,DE206-220,Muhldorf
L100001056887,DE206-220,Muhldorf
L100001056888,DE206-220,Muhldorf
L100001056889,way/26245195-380,Munich
L100001056890,way/29084374-380,Amberg
L100001056892,DE69-380,Dortmund
L100001081470,way/29084374-380,Amberg
L100000819357,DE205-380,Ulm
L100001002506,way/26472665-380,Magdeburg
L100001081471,DE206-220,Muhldorf
L100001056891,way/1128250707-380,Oldenburg
L100001002507,way/943135226-380,Chemnitz
L100001002508,DE206-220,Muhldorf
L100000819358,way/26472665-380,Magdeburg
L100001002509,way/29084374-380,Amberg
L100001081472,way/26245195-380,Munich
L100001002510,way/108797675-380,Wurzburg
L100001044751,way/941198517-380,Cottbus
L100001002479,DE209-380,VillingenSchwennin
L100001002511,way/24839976-380,Cologne
L100001044241,way/68532663-220,Weilheim
L100000819359,way/449010725-380,Flensburg
L100001002512,way/29084374-380,Amberg
L100001081473,way/26245195-380,Munich
L100000819360,DE206-220,Muhldorf
L100001056893,way/26245195-380,Munich
L100001002514,way/170123812-400,SchwedtOder
L100001056894,way/42488850-380,Hamm
L100000819361,way/26245195-380,Munich
L100001044833,way/42488850-380,Hamm
L100000819362,way/143882655-380,Jena
L100000819363,way/143882655-380,Jena
L100001044720,way/57727004-220,Kempten
L100001002515,way/29309786-380,BadHersfeld
L100001002516,way/108797675-380,Wurzburg
L100001002517,way/108797675-380,Wurzburg
L100001002518,way/108797675-380,Wurzburg
L100000819366,way/44717036-380,Bremen
L100000819367,way/44717036-380,Bremen
L100000819368,DE206-220,Muhldorf
L100000819369,way/26245195-380,Munich
L100000819373,DE43-220,Braunschweig
L100001002519,way/108797675-380,Wurzburg
L100001002520,way/108797675-380,Wurzburg
L100001002521,way/26472665-380,Magdeburg
L100000819370,way/943135226-380,Chemnitz
L100001044567,DE206-220,Muhldorf
L100000819364,way/1094015892-380,Rostock
L100000819365,way/941198517-380,Cottbus
L100001002522,way/26472665-380,Magdeburg
L100001002523,way/29309786-380,BadHersfeld
L100001002524,way/44717036-380,Bremen
L100001002529,way/57727004-220,Kempten
L100001002532,way/59026005-380,Gorlitz
L100000819374,way/29084374-380,Amberg
L100001002525,DE173-220,Merzig
L100000819375,DE173-220,Merzig
L100000819376,DE177-220,Saarbrucken
L100001056897,way/108797675-380,Wurzburg
L100000819377,way/29084374-380,Amberg
L100001002526,way/1094015892-380,Rostock
L100000819378,way/25306752-220,Ravensburg
L100001002527,way/29084374-380,Amberg
L100001056960,way/275466323,Lubeck
L100001043603,way/275466323,Lubeck
L100000819379,way/24839976-380,Cologne
L100000819380,way/44717036-380,Bremen
L100001056898,way/108797675-380,Wurzburg
L100001043733,way/108797675-380,Wurzburg
L100001044276,way/57727004-220,Kempten
L100001044277,way/57727004-220,Kempten
L100001002528,DE205-380,Ulm
L100001056899,way/44717036-380,Bremen
L100001056841,DE62-380,Duisburg
L100001002530,DE205-380,Ulm
L100000819382,DE206-220,Muhldorf
L100000819383,way/29309786-380,BadHersfeld
L100000819384,way/29309786-380,BadHersfeld
L100001056900,DE173-220,Merzig
L100001056901,DE205-380,Ulm
L100000819385,DE43-220,Braunschweig
L100000819386,way/943135226-380,Chemnitz
L100000819387,way/29309786-380,BadHersfeld
L100001081474,way/26245195-380,Munich
L100000819570,DE177-220,Saarbrucken
L100000819388,DE205-380,Ulm
L100000819389,way/29084374-380,Amberg
L100000819390,way/943135226-380,Chemnitz
L100000819391,way/29084374-380,Amberg
L100001056902,way/108797675-380,Wurzburg
L100000819392,way/57727004-220,Kempten
L100001043740,way/1089911133-380,Hamburg
L100001081475,DE209-380,VillingenSchwennin
L100000819394,way/449010725-380,Flensburg
L100001081476,way/31131320-380,Friedrichshafen
L100001056896,way/952346322-380,Rheine
L100000819381,way/88916034-380,Lorrach
L100001002531,way/29309786-380,BadHersfeld
L100000819393,way/57727004-220,Kempten
L100001044105,way/26245195-380,Munich
L100000819395,way/24839976-380,Cologne
L100001056903,way/35818134-220,Dusseldorf
L100001056904,way/26245195-380,Munich
L100001056905,way/24839976-380,Cologne
L100001044250,way/42488850-380,Hamm
L100000819397,DE206-220,Muhldorf
L100000819398,way/25306752-220,Ravensburg
L100000819399,way/25306752-220,Ravensburg
L100000819400,way/25306752-220,Ravensburg
L100001043638,DE43-220,Braunschweig
L100001056906,way/26245195-380,Munich
L100001002534,way/952346322-380,Rheine
L100001044047,way/943135226-380,Chemnitz
L100000819401,way/1094015892-380,Rostock
L100000819402,way/1094015892-380,Rostock
L100000819403,DE205-380,Ulm
L100001002537,DE69-380,Dortmund
L100001044787,DE69-380,Dortmund
L100001002538,way/25306752-220,Ravensburg
L100000819418,DE69-380,Dortmund
L100000819419,way/25306752-220,Ravensburg
L100001002535,way/143882655-380,Jena
L100001002536,way/26245195-380,Munich
L100001044731,DE177-220,Saarbrucken
L100000819405,DE206-220,Muhldorf
L100000819406,way/87653464-400,FreiburgImBreisgau
L100000819407,way/29084374-380,Amberg
L100001044480,DE177-220,Saarbrucken
L100001043813,DE177-220,Saarbrucken
L100000819408,way/108797675-380,Wurzburg
L100000819409,way/108797675-380,Wurzburg
L100000819410,way/943135226-380,Chemnitz
L100000819411,way/57727004-220,Kempten
L100000819412,way/35818134-220,Dusseldorf
L100001044433,way/525964617,Elmshorn
L100000819414,way/68532663-220,Weilheim
L100000819415,way/59026005-380,Gorlitz
L100001002539,DE206-220,Muhldorf
L100000819417,way/170123812-400,SchwedtOder
L100001056907,way/26245195-380,Munich
L100000819416,DE206-220,Muhldorf
L100001043850,way/26245195-380,Munich
L100000819413,way/26472665-380,Magdeburg
L100001002540,way/29084374-380,Amberg
L100001002541,way/29084374-380,Amberg
L100001043737,way/1089911133-380,Hamburg
L100000819430,way/143882655-380,Jena
L100000819436,way/943135226-380,Chemnitz
L100000819420,DE206-220,Muhldorf
L100001056908,way/35818134-220,Dusseldorf
L100001002542,DE205-380,Ulm
L100001044380,way/82130902-225,Offenburg
L100001056909,way/143882655-380,Jena
L100001044341,way/52983550-380,FrankfurtOder
L100001002543,way/449010725-380,Flensburg
L100000819421,way/449010725-380,Flensburg
L100000819422,way/25306752-220,Ravensburg
L100000819423,way/25306752-220,Ravensburg
L100000819424,way/943135226-380,Chemnitz
L100001044573,DE177-220,Saarbrucken
L100001056910,way/143882655-380,Jena
L100000819425,way/108797675-380,Wurzburg
L100000819426,way/52983550-380,FrankfurtOder
L100000819427,way/952346322-380,Rheine
L100001056842,way/29084374-380,Amberg
L100000819428,way/35818134-220,Dusseldorf
L100001044566,DE206-220,Muhldorf
L100000819429,way/143882655-380,Jena
L100000819435,DE206-220,Muhldorf
L100000819431,way/275466323,Lubeck
L100000819432,way/1094015892-380,Rostock
L100000819433,way/943135226-380,Chemnitz
L100000819434,way/943135226-380,Chemnitz
L100001044086,way/943135226-380,Chemnitz
L100001056911,way/26472665-380,Magdeburg
L100000819437,way/57727004-220,Kempten
L100000819438,DE206-220,Muhldorf
L100000819439,DE206-220,Muhldorf
L100000819440,way/108797675-380,Wurzburg
L100001081477,way/108797675-380,Wurzburg
L100001002544,way/108797675-380,Wurzburg
L100001002545,way/108797675-380,Wurzburg
L100001043900,way/26245195-380,Munich
L100000819441,way/26245195-380,Munich
L100001002546,way/26245195-380,Munich
L100001044331,way/24839976-380,Cologne
L100001044500,way/29084374-380,Amberg
L100000819442,way/29084374-380,Amberg
L100000819443,way/108797675-380,Wurzburg
L100000819444,way/89176939-220,Trier
L100000819445,way/943135226-380,Chemnitz
L100000819446,DE173-220,Merzig
L100000819447,way/42488850-380,Hamm
L100001056912,DE177-220,Saarbrucken
L100000819448,way/29309786-380,BadHersfeld
L100001056961,way/31131320-380,Friedrichshafen
L100000819449,way/1094015892-380,Rostock
L100001044680,way/42488850-380,Hamm
L100001056913,way/29309786-380,BadHersfeld
L100001056914,way/29084374-380,Amberg
L100000819450,way/26245195-380,Munich
L100001002547,DE206-220,Muhldorf
L100001002548,way/26245195-380,Munich
L100001002549,way/82130902-225,Offenburg
L100001043715,way/25306752-220,Ravensburg
L100001056915,way/143882655-380,Jena
L100000819451,DE209-380,VillingenSchwennin
L100001056916,way/82130902-225,Offenburg
L100000819571,way/943135226-380,Chemnitz
L100001056962,way/29084374-380,Amberg
L100000819457,DE69-380,Dortmund
L100000819458,DE69-380,Dortmund
L100000819459,way/57727004-220,Kempten
L100001056917,way/1089911133-380,Hamburg
L100001043718,way/26245195-380,Munich
L100001056919,way/1128250707-380,Oldenburg
L100001002550,way/1089911133-380,Hamburg
L100001002551,way/29309786-380,BadHersfeld
L100000819452,way/24839976-380,Cologne
L100000819453,way/1094015892-380,Rostock
L100000819454,way/940919943,Gustrow
L100001002552,way/940919943,Gustrow
L100000819455,DE206-220,Muhldorf
L100001081478,way/29084374-380,Amberg
L100001081479,way/29084374-380,Amberg
L100000819456,way/108797675-380,Wurzburg
L100001002553,DE206-220,Muhldorf
L100001002554,way/29309786-380,BadHersfeld
L100001002555,way/29309786-380,BadHersfeld
L100000819460,way/943135226-380,Chemnitz
L100000819461,way/943135226-380,Chemnitz
L100001056918,way/26245195-380,Munich
L100001056920,way/26245195-380,Munich
L100000819463,way/29084374-380,Amberg
L100000819464,way/108797675-380,Wurzburg
L100001056921,way/26245195-380,Munich
L100000819465,DE206-220,Muhldorf
L100001056922,DE177-220,Saarbrucken
L100000819466,way/57727004-220,Kempten
L100001056923,DE206-220,Muhldorf
L100001056924,way/59026005-380,Gorlitz
L100000819467,way/525964617,Elmshorn
L100001043835,way/26245195-380,Munich
L100000819468,way/29084374-380,Amberg
L100001043806,way/525964617,Elmshorn
L100001056926,way/42488850-380,Hamm
L100001056927,way/35818134-220,Dusseldorf
L100001081485,way/952346322-380,Rheine
L100001056928,way/24839976-380,Cologne
L100001056929,way/82130902-225,Offenburg
L100001056930,way/941198517-380,Cottbus
L100001056931,way/82130902-225,Offenburg
L100001056932,way/26245195-380,Munich
L100001002557,DE206-220,Muhldorf
L100001081480,DE206-220,Muhldorf
L100001002558,DE206-220,Muhldorf
L100001043991,DE209-380,VillingenSchwennin
L100000819469,way/57727004-220,Kempten
L100000819470,way/57727004-220,Kempten
L100000819471,DE206-220,Muhldorf
L100000819472,way/26245195-380,Munich
L100001081481,way/26245195-380,Munich
L100000819473,DE43-220,Braunschweig
L100000819474,DE43-220,Braunschweig
L100001061955,way/143882655-380,Jena
L100000819475,way/44717036-380,Bremen
L100001081482,way/26245195-380,Munich
L100001044644,DE205-380,Ulm
L100000819476,way/29309786-380,BadHersfeld
L100001044311,DE205-380,Ulm
L100000819477,DE205-380,Ulm
L100000819478,DE205-380,Ulm
L100000819479,way/57727004-220,Kempten
L100001043648,way/57727004-220,Kempten
L100000819480,DE205-380,Ulm
L100000819481,DE205-380,Ulm
L100001044490,way/26472665-380,Magdeburg
L100000819482,DE205-380,Ulm
L100001061956,way/29084374-380,Amberg
L100000819483,way/170123812-400,SchwedtOder
L100001081483,DE206-220,Muhldorf
L100001043968,way/82130902-225,Offenburg
L100000819484,DE43-220,Braunschweig
L100000819485,DE43-220,Braunschweig
L100001043789,DE177-220,Saarbrucken
L100000819486,way/29084374-380,Amberg
L100001056925,way/29084374-380,Amberg
L100001043674,way/943135226-380,Chemnitz
L100001044693,way/943135226-380,Chemnitz
L100001044694,way/943135226-380,Chemnitz
L100000819083,way/943135226-380,Chemnitz
L100001081484,DE206-220,Muhldorf
L100000819487,way/143882655-380,Jena
L100000819488,way/108797675-380,Wurzburg
L100000819489,DE173-220,Merzig
L100001002561,way/943135226-380,Chemnitz
L100001043820,way/42488850-380,Hamm
L100001002562,way/25306752-220,Ravensburg
L100001002563,way/24839976-380,Cologne
L100001002564,way/108797675-380,Wurzburg
L100001002565,way/143882655-380,Jena
L100001002566,way/143882655-380,Jena
L100000819490,way/108797675-380,Wurzburg
L100000819491,way/108797675-380,Wurzburg
L100001002567,DE62-380,Duisburg
L100001002568,DE206-220,Muhldorf
L100000819492,way/44717036-380,Bremen
L100000819493,DE206-220,Muhldorf
L100001002569,way/26245195-380,Munich
L100001002570,way/25306752-220,Ravensburg
L100001002571,DE177-220,Saarbrucken
L100000819572,way/525964617,Elmshorn
L100000819494,way/26472665-380,Magdeburg
L100001056933,DE69-380,Dortmund
L100000819496,way/26245195-380,Munich
L100000819495,way/26245195-380,Munich
L100000819497,way/941198517-380,Cottbus
L100000819498,way/44717036-380,Bremen
L100000819499,DE173-220,Merzig
L100001056934,way/25306752-220,Ravensburg
L100000819500,way/26472665-380,Magdeburg
L100000819501,way/943135226-380,Chemnitz
L100001056935,way/29309786-380,BadHersfeld
L100000819502,way/941198517-380,Cottbus
L100000819503,way/108797675-380,Wurzburg
L100001043644,DE209-380,VillingenSchwennin
L100001002572,way/108797675-380,Wurzburg
L100001044799,DE206-220,Muhldorf
L100001044798,DE206-220,Muhldorf
L100001044800,DE206-220,Muhldorf
L100000819504,way/943135226-380,Chemnitz
L100000819505,way/943135226-380,Chemnitz
L100000819506,way/275466323,Lubeck
L100001056963,way/25306752-220,Ravensburg
L100001056939,way/42488850-380,Hamm
L100001044284,way/42488850-380,Hamm
L100001002576,way/525964617,Elmshorn
L100001056942,way/26245195-380,Munich
L100000819507,DE177-220,Saarbrucken
L100000819508,DE177-220,Saarbrucken
L100000819509,DE206-220,Muhldorf
L100001056936,way/26245195-380,Munich
L100000819510,DE177-220,Saarbrucken
L100001043700,way/26245195-380,Munich
L100001002574,DE177-220,Saarbrucken
L100001043787,DE43-220,Braunschweig
L100000819512,way/108797675-380,Wurzburg
L100001056938,way/143882655-380,Jena
L100001056937,way/943135226-380,Chemnitz
L100000819511,way/943135226-380,Chemnitz
L100001043811,DE206-220,Muhldorf
L100001002573,way/1128250707-380,Oldenburg
L100000819513,way/943135226-380,Chemnitz
L100000819514,way/108797675-380,Wurzburg
L100000819515,way/108797675-380,Wurzburg
L100001002575,way/25306752-220,Ravensburg
L100001044840,way/108797675-380,Wurzburg
L100000819516,way/275466323,Lubeck
L100001002578,way/44717036-380,Bremen
L100001044199,way/42488850-380,Hamm
L100001043597,way/44717036-380,Bremen
L100001002579,way/44717036-380,Bremen
L100001056940,way/108797675-380,Wurzburg
L100000819517,way/44717036-380,Bremen
L100000819519,way/143882655-380,Jena
L100000819520,way/29084374-380,Amberg
L100001056943,DE43-220,Braunschweig
L100000819521,way/26472665-380,Magdeburg
L100001044055,DE206-220,Muhldorf
L100001044564,DE206-220,Muhldorf
L100001056944,way/525964617,Elmshorn
L100000819522,DE206-220,Muhldorf
L100001044195,way/44717036-380,Bremen
L100001044472,way/108797675-380,Wurzburg
L100001043917,way/170123812-400,SchwedtOder
L100001044753,way/82130902-225,Offenburg
L100000819523,way/170123812-400,SchwedtOder
L100000819524,way/29309786-380,BadHersfeld
L100001056945,way/1089911133-380,Hamburg
L100001002582,DE206-220,Muhldorf
L100000819526,DE43-220,Braunschweig
L100000819527,DE43-220,Braunschweig
L100001056941,DE173-220,Merzig
L100000819525,DE43-220,Braunschweig
L100001002584,way/57727004-220,Kempten
L100001002583,DE206-220,Muhldorf
L100001056946,way/52983550-380,FrankfurtOder
L100000819528,way/943135226-380,Chemnitz
L100000819529,way/943135226-380,Chemnitz
L100000819530,DE206-220,Muhldorf
L100001002585,way/29084374-380,Amberg
L100000819531,way/143882655-380,Jena
L100001081486,way/57727004-220,Kempten
L100001044053,way/44717036-380,Bremen
L100000819532,way/44717036-380,Bremen
L100000819536,DE206-220,Muhldorf
L100000819535,way/57727004-220,Kempten
L100000819537,way/108797675-380,Wurzburg
L100001056947,way/25306752-220,Ravensburg
L100001081487,way/82130902-225,Offenburg
L100001002586,way/108797675-380,Wurzburg
L100001002587,way/108797675-380,Wurzburg
L100000819538,DE43-220,Braunschweig
L100000819539,way/943135226-380,Chemnitz
L100001002588,DE43-220,Braunschweig
L100000819540,way/52983550-380,FrankfurtOder
L100001044210,DE205-380,Ulm
L100001056948,DE206-220,Muhldorf
L100001056949,DE206-220,Muhldorf
L100000819541,way/29084374-380,Amberg
L100000819542,way/26472665-380,Magdeburg
L100000819543,way/26472665-380,Magdeburg
L100001056951,way/25306752-220,Ravensburg
L100000819561,way/57727004-220,Kempten
L100000819544,way/143882655-380,Jena
L100001002589,way/26472665-380,Magdeburg
L100000819545,way/108797675-380,Wurzburg
L100001056950,DE177-220,Saarbrucken
L100001002590,DE177-220,Saarbrucken
L100001056952,DE43-220,Braunschweig
L100000819547,way/57727004-220,Kempten
L100001043612,way/29084374-380,Amberg
L100000819548,way/108797675-380,Wurzburg
L100000819549,way/1094015892-380,Rostock
L100001002591,way/82130902-225,Offenburg
L100000819573,way/1094015892-380,Rostock
L100000819550,way/108797675-380,Wurzburg
L100000819551,DE177-220,Saarbrucken
L100000819552,DE206-220,Muhldorf
L100001002592,way/26245195-380,Munich
L100001056953,way/26245195-380,Munich
L100000819553,way/108797675-380,Wurzburg
L100001002593,way/25306752-220,Ravensburg
L100000819554,way/26472665-380,Magdeburg
L100001002594,way/1128250707-380,Oldenburg
L100001002595,way/943135226-380,Chemnitz
L100000819555,way/26245195-380,Munich
L100000819556,way/940919943,Gustrow
L100001056954,way/26245195-380,Munich
L100000819557,way/68532663-220,Weilheim
L100000819558,way/449010725-380,Flensburg
L100000819559,way/943135226-380,Chemnitz
L100000819560,way/943135226-380,Chemnitz
L100001044565,DE206-220,Muhldorf
L100001002596,way/170123812-400,SchwedtOder
L100001002597,way/1094015892-380,Rostock
L100000819562,way/108797675-380,Wurzburg
L100000819563,way/108797675-380,Wurzburg
L100001002598,DE43-220,Braunschweig
L100000819565,way/26472665-380,Magdeburg
L100000819546,way/108797675-380,Wurzburg
L100000819564,way/943135226-380,Chemnitz
L100001002599,way/42488850-380,Hamm
L100001002600,way/42488850-380,Hamm
L100001002601,way/29084374-380,Amberg
L100000819574,DE205-380,Ulm
L100000819575,DE205-380,Ulm
L100001043645,DE209-380,VillingenSchwennin
L100001044609,DE209-380,VillingenSchwennin
L100001056964,way/943135226-380,Chemnitz
L100000819567,way/25306752-220,Ravensburg
L100001044727,way/25306752-220,Ravensburg
L100000819210,way/35818134-220,Dusseldorf
L100001081461,DE205-380,Ulm
L100000819255,way/1089911133-380,Hamburg
L100000819371,way/1094015892-380,Rostock
L100000819372,way/1094015892-380,Rostock
L100001002577,way/31131320-380,Friedrichshafen
L100000819462,DE209-380,VillingenSchwennin
L100001002556,way/82130902-225,Offenburg
L100000819578,way/57727004-220,Kempten
L100001081491,DE209-380,VillingenSchwennin
L100001081492,way/29309786-380,BadHersfeld
L100001081493,way/44717036-380,Bremen
L100001044571,way/25306752-220,Ravensburg
L100001081494,way/26472665-380,Magdeburg
L100001081495,way/25306752-220,Ravensburg
L100001081496,way/29309786-380,BadHersfeld
L100001081497,way/26245195-380,Munich
L100001081498,way/82130902-225,Offenburg
L100001081499,way/29084374-380,Amberg
L100001081500,way/108797675-380,Wurzburg
L100001081501,way/143882655-380,Jena
L100001081502,way/42488850-380,Hamm
L100001081503,way/1089911133-380,Hamburg
L100001081504,way/275466323,Lubeck
L100001081505,DE209-380,VillingenSchwennin
L100001043692,way/29309786-380,BadHersfeld
L100000819739,way/29084374-380,Amberg
L100001081506,way/29309786-380,BadHersfeld
L100001081507,way/143882655-380,Jena
L100001081508,way/143882655-380,Jena
L100001081509,way/25306752-220,Ravensburg
L100001081510,way/275466323,Lubeck
L100001081511,way/26245195-380,Munich
L100000819817,way/108797675-380,Wurzburg
L100001043712,way/25306752-220,Ravensburg
L100001044487,way/108797675-380,Wurzburg
L100001002602,way/57727004-220,Kempten
L100000819827,way/31131320-380,Friedrichshafen
L100000819580,way/52983550-380,FrankfurtOder
L100001056965,way/29309786-380,BadHersfeld
L100000819828,way/943135226-380,Chemnitz
L100000819829,way/943135226-380,Chemnitz
L100000819830,way/26245195-380,Munich
L100000819831,DE206-220,Muhldorf
L100001002603,way/170123812-400,SchwedtOder
L100000819832,DE206-220,Muhldorf
L100001002604,way/1128250707-380,Oldenburg
L100001002605,way/170123812-400,SchwedtOder
L100000819833,way/170123812-400,SchwedtOder
L100000819834,way/87653464-400,FreiburgImBreisgau
L100001002606,way/57727004-220,Kempten
L100001056969,way/82130902-225,Offenburg
L100000819836,way/449010725-380,Flensburg
L100001044297,way/35818134-220,Dusseldorf
L100001002607,way/29084374-380,Amberg
L100000819837,way/29084374-380,Amberg
L100001002608,way/170123812-400,SchwedtOder
L100001044253,way/943135226-380,Chemnitz
L100000819581,DE69-380,Dortmund
L100000819838,way/26245195-380,Munich
L100001002609,way/170123812-400,SchwedtOder
L100000819582,way/44717036-380,Bremen
L100001056970,way/29084374-380,Amberg
L100001043702,way/44717036-380,Bremen
L100001081512,way/108797675-380,Wurzburg
L100000819839,way/29309786-380,BadHersfeld
L100000819840,way/143882655-380,Jena
L100000819842,way/29084374-380,Amberg
L100001044155,way/57727004-220,Kempten
L100000819841,way/25306752-220,Ravensburg
L100001081513,way/943135226-380,Chemnitz
L100001044201,way/943135226-380,Chemnitz
L100000819844,DE209-380,VillingenSchwennin
L100000819845,way/940919943,Gustrow
L100000819843,way/29084374-380,Amberg
L100001044156,way/57727004-220,Kempten
L100001002610,way/943135226-380,Chemnitz
L100001044202,way/943135226-380,Chemnitz
L100000819846,way/82130902-225,Offenburg
L100001044738,way/943135226-380,Chemnitz
L100001056972,way/170123812-400,SchwedtOder
L100000819848,way/26245195-380,Munich
L100000819849,way/57727004-220,Kempten
L100000819872,way/940919943,Gustrow
L100000819850,way/57727004-220,Kempten
L100001002611,way/143882655-380,Jena
L100000819851,DE206-220,Muhldorf
L100000819852,way/143882655-380,Jena
L100000819853,DE205-380,Ulm
L100001044223,way/29309786-380,BadHersfeld
L100000820505,way/943135226-380,Chemnitz
L100000819854,way/26472665-380,Magdeburg
L100000819855,way/1094015892-380,Rostock
L100000819856,way/1094015892-380,Rostock
L100001043753,way/29084374-380,Amberg
L100000819857,way/941198517-380,Cottbus
L100000819858,way/943135226-380,Chemnitz
L100000819859,way/943135226-380,Chemnitz
L100000819860,way/941198517-380,Cottbus
L100000819861,way/943135226-380,Chemnitz
L100001056974,way/170123812-400,SchwedtOder
L100000819862,way/44717036-380,Bremen
L100001002612,DE205-380,Ulm
L100000819866,way/108797675-380,Wurzburg
L100000819863,way/143882655-380,Jena
L100000819864,way/170123812-400,SchwedtOder
L100000819865,way/170123812-400,SchwedtOder
L100000819867,way/68532663-220,Weilheim
L100001081514,way/143882655-380,Jena
L100001043908,DE69-380,Dortmund
L100001056975,way/1094015892-380,Rostock
L100000819868,DE173-220,Merzig
L100001043827,way/143882655-380,Jena
L100001002613,way/26472665-380,Magdeburg
L100000819869,way/26472665-380,Magdeburg
L100000819870,way/26472665-380,Magdeburg
L100000819871,way/31131320-380,Friedrichshafen
L100000819873,way/26245195-380,Munich
L100000819876,way/29309786-380,BadHersfeld
L100000819877,way/29309786-380,BadHersfeld
L100001056985,way/943135226-380,Chemnitz
L100001056986,way/943135226-380,Chemnitz
L100000819920,way/943135226-380,Chemnitz
L100000819921,way/943135226-380,Chemnitz
L100000819874,way/29084374-380,Amberg
L100000819875,way/1089911133-380,Hamburg
L100000819878,way/943135226-380,Chemnitz
L100001044104,way/44717036-380,Bremen
L100001044517,DE43-220,Braunschweig
L100001056976,DE173-220,Merzig
L100001002614,DE173-220,Merzig
L100001056977,way/275466323,Lubeck
L100001043920,way/941198517-380,Cottbus
L100001043922,way/941198517-380,Cottbus
L100001056978,way/275466323,Lubeck
L100001081515,way/1089911133-380,Hamburg
L100000819879,way/943135226-380,Chemnitz
L100000819880,way/943135226-380,Chemnitz
L100000819881,way/108797675-380,Wurzburg
L100001002616,way/26472665-380,Magdeburg
L100001056979,DE43-220,Braunschweig
L100000819882,way/943135226-380,Chemnitz
L100000819883,way/143882655-380,Jena
L100001056980,way/275466323,Lubeck
L100000819884,way/26245195-380,Munich
L100000819885,way/143882655-380,Jena
L100000819886,way/143882655-380,Jena
L100001044135,way/170123812-400,SchwedtOder
L100001056981,way/26472665-380,Magdeburg
L100000819888,way/26472665-380,Magdeburg
L100000819889,way/26472665-380,Magdeburg
L100000819890,way/26472665-380,Magdeburg
L100000819891,way/26472665-380,Magdeburg
L100000819892,DE173-220,Merzig
L100000819893,DE173-220,Merzig
L100000819894,way/143882655-380,Jena
L100001002617,DE209-380,VillingenSchwennin
L100000819895,DE173-220,Merzig
L100000819896,way/59026005-380,Gorlitz
L100001043819,way/24839976-380,Cologne
L100000819897,way/143882655-380,Jena
L100000819898,way/143882655-380,Jena
L100000819899,way/143882655-380,Jena
L100001056982,DE43-220,Braunschweig
L100000819900,DE205-380,Ulm
L100000819902,way/26472665-380,Magdeburg
L100000819903,way/26472665-380,Magdeburg
L100000819901,way/26472665-380,Magdeburg
L100001056983,way/26472665-380,Magdeburg
L100000819904,way/1094015892-380,Rostock
L100001056984,DE205-380,Ulm
L100000819905,way/170123812-400,SchwedtOder
L100001002618,way/275466323,Lubeck
L100000819906,way/943135226-380,Chemnitz
L100001002619,way/943135226-380,Chemnitz
L100001002620,way/82130902-225,Offenburg
L100001002621,way/1089911133-380,Hamburg
L100000819907,way/143882655-380,Jena
L100000819908,way/143882655-380,Jena
L100001002622,way/143882655-380,Jena
L100001056987,way/940919943,Gustrow
L100000819909,way/943135226-380,Chemnitz
L100001044237,way/940919943,Gustrow
L100001044302,way/940919943,Gustrow
L100000819910,way/941198517-380,Cottbus
L100001002623,way/108797675-380,Wurzburg
L100001002624,way/108797675-380,Wurzburg
L100000819911,way/26472665-380,Magdeburg
L100000819912,way/143882655-380,Jena
L100000819913,way/943135226-380,Chemnitz
L100000819914,way/943135226-380,Chemnitz
L100000819915,way/143882655-380,Jena
L100001056988,way/44717036-380,Bremen
L100000819916,way/52983550-380,FrankfurtOder
L100000819917,way/170123812-400,SchwedtOder
L100000819918,way/941198517-380,Cottbus
L100001044607,DE173-220,Merzig
L100001002627,way/940919943,Gustrow
L100001002625,way/26472665-380,Magdeburg
L100000819919,way/275466323,Lubeck
L100001002626,way/275466323,Lubeck
L100000819922,way/108797675-380,Wurzburg
L100001056989,way/1089911133-380,Hamburg
L100001081516,way/57727004-220,Kempten
L100000819923,way/1094015892-380,Rostock
L100000819924,way/943135226-380,Chemnitz
L100000819925,way/1094015892-380,Rostock
L100000819926,way/24839976-380,Cologne
L100000819927,way/44717036-380,Bremen
L100000819928,way/940919943,Gustrow
L100001044679,DE206-220,Muhldorf
L100000819929,way/1094015892-380,Rostock
L100001056990,way/26472665-380,Magdeburg
L100000819930,way/941198517-380,Cottbus
L100000819931,way/941198517-380,Cottbus
L100000819932,way/941198517-380,Cottbus
L100000819933,way/941198517-380,Cottbus
L100000819934,way/26472665-380,Magdeburg
L100000819935,way/1094015892-380,Rostock
L100001044505,way/943135226-380,Chemnitz
L100000819936,DE43-220,Braunschweig
L100001043876,way/941198517-380,Cottbus
L100000819937,way/943135226-380,Chemnitz
L100000819938,way/943135226-380,Chemnitz
L100001043880,way/943135226-380,Chemnitz
L100000819939,way/952346322-380,Rheine
L100000819940,way/26472665-380,Magdeburg
L100000819941,way/941198517-380,Cottbus
L100001002628,way/941198517-380,Cottbus
L100000819942,way/943135226-380,Chemnitz
L100001002629,way/26472665-380,Magdeburg
L100001056991,way/26472665-380,Magdeburg
L100001002630,way/26472665-380,Magdeburg
L100001044128,way/26472665-380,Magdeburg
L100001002631,way/943135226-380,Chemnitz
L100000819943,way/143882655-380,Jena
L100000819944,way/943135226-380,Chemnitz
L100000819946,way/943135226-380,Chemnitz
L100000819945,way/943135226-380,Chemnitz
L100000819947,way/940919943,Gustrow
L100001002632,way/26472665-380,Magdeburg
L100001002633,way/943135226-380,Chemnitz
L100001002636,way/170123812-400,SchwedtOder
L100001002637,way/170123812-400,SchwedtOder
L100001044193,way/82130902-225,Offenburg
L100001002638,way/941198517-380,Cottbus
L100001056992,way/943135226-380,Chemnitz
L100001044222,way/170123812-400,SchwedtOder
L100000819948,way/943135226-380,Chemnitz
L100000819949,way/26472665-380,Magdeburg
L100000819950,way/29309786-380,BadHersfeld
L100000819951,way/26245195-380,Munich
L100000819952,way/26245195-380,Munich
L100001056993,DE177-220,Saarbrucken
L100000819953,way/26472665-380,Magdeburg
L100001002640,way/26472665-380,Magdeburg
L100001002641,way/943135226-380,Chemnitz
L100000819954,way/943135226-380,Chemnitz
L100001044111,way/26472665-380,Magdeburg
L100001044618,way/943135226-380,Chemnitz
L100000819958,way/143882655-380,Jena
L100001002642,DE69-380,Dortmund
L100000819959,way/1094015892-380,Rostock
L100000819960,way/1094015892-380,Rostock
L100000819961,way/940919943,Gustrow
L100001002643,way/943135226-380,Chemnitz
L100000819962,way/525964617,Elmshorn
L100000819963,way/26472665-380,Magdeburg
L100000819964,way/26472665-380,Magdeburg
L100000819965,way/943135226-380,Chemnitz
L100001044691,way/941198517-380,Cottbus
L100000819966,way/941198517-380,Cottbus
L100001056994,way/940919943,Gustrow
L100000819967,way/57727004-220,Kempten
L100000819955,way/143882655-380,Jena
L100000819956,way/143882655-380,Jena
L100000819957,way/143882655-380,Jena
L100001002644,way/941198517-380,Cottbus
L100000819968,way/943135226-380,Chemnitz
L100001044286,way/941198517-380,Cottbus
L100000819969,way/59026005-380,Gorlitz
L100000819970,way/170123812-400,SchwedtOder
L100000819971,way/143882655-380,Jena
L100000819972,way/26472665-380,Magdeburg
L100000819973,way/26472665-380,Magdeburg
L100001044103,way/52983550-380,FrankfurtOder
L100000819974,way/170123812-400,SchwedtOder
L100001044755,way/68532663-220,Weilheim
L100001044760,way/68532663-220,Weilheim
L100000819975,way/68532663-220,Weilheim
L100001056995,DE206-220,Muhldorf
L100000819976,DE205-380,Ulm
L100001056996,DE43-220,Braunschweig
L100000819977,way/941198517-380,Cottbus
L100000819978,way/941198517-380,Cottbus
L100001056997,DE206-220,Muhldorf
L100001002646,way/143882655-380,Jena
L100000819979,way/82130902-225,Offenburg
L100000819980,way/29309786-380,BadHersfeld
L100001002647,way/82130902-225,Offenburg
L100000819981,way/1094015892-380,Rostock
L100000819982,way/525964617,Elmshorn
L100000819983,way/943135226-380,Chemnitz
L100000819984,way/26472665-380,Magdeburg
L100001056998,way/943135226-380,Chemnitz
L100000819985,way/1280840211-380,Emden
L100000819986,way/525964617,Elmshorn
L100001002648,DE209-380,VillingenSchwennin
L100001043649,way/42488850-380,Hamm
L100001044122,way/42488850-380,Hamm
L100000819987,way/143882655-380,Jena
L100000819988,way/143882655-380,Jena
L100000819989,way/143882655-380,Jena
L100000819990,way/24839976-380,Cologne
L100000819991,way/143882655-380,Jena
L100000819992,way/143882655-380,Jena
L100000819993,way/68532663-220,Weilheim
L100001044748,way/29084374-380,Amberg
L100001002649,way/143882655-380,Jena
L100001044094,way/24839976-380,Cologne
L100001043828,DE43-220,Braunschweig
L100001002652,way/57727004-220,Kempten
L100001044109,way/143882655-380,Jena
L100001002653,way/940919943,Gustrow
L100001002654,way/170123812-400,SchwedtOder
L100001002655,way/170123812-400,SchwedtOder
L100000819998,DE43-220,Braunschweig
L100000819994,way/26245195-380,Munich
L100001056999,way/170123812-400,SchwedtOder
L100001057000,way/170123812-400,SchwedtOder
L100000819995,way/170123812-400,SchwedtOder
L100001002650,DE206-220,Muhldorf
L100001002651,DE206-220,Muhldorf
L100000819996,way/29084374-380,Amberg
L100000819997,way/26472665-380,Magdeburg
L100000819999,way/1128250707-380,Oldenburg
L100000820000,way/1094015892-380,Rostock
L100001044593,DE205-380,Ulm
L100001057001,way/1094015892-380,Rostock
L100000820001,way/24839976-380,Cologne
L100000820004,way/943135226-380,Chemnitz
L100001061957,way/941198517-380,Cottbus
L100001057002,way/941198517-380,Cottbus
L100001002656,way/108797675-380,Wurzburg
L100000820005,DE206-220,Muhldorf
L100001002657,way/943135226-380,Chemnitz
L100000820006,way/26472665-380,Magdeburg
L100001002658,way/42488850-380,Hamm
L100000820007,way/1094015892-380,Rostock
L100000820002,way/143882655-380,Jena
L100000820003,way/143882655-380,Jena
L100000820008,way/52983550-380,FrankfurtOder
L100000820009,way/52983550-380,FrankfurtOder
L100000820506,way/940919943,Gustrow
L100000820066,way/143882655-380,Jena
L100000820067,way/143882655-380,Jena
L100000820068,way/143882655-380,Jena
L100000820010,way/26472665-380,Magdeburg
L100001044068,DE43-220,Braunschweig
L100001057003,DE43-220,Braunschweig
L100000820011,DE43-220,Braunschweig
L100001044743,DE206-220,Muhldorf
L100000820012,way/52983550-380,FrankfurtOder
L100000820013,way/29084374-380,Amberg
L100000820014,way/29084374-380,Amberg
L100000820015,way/29084374-380,Amberg
L100000820016,way/29084374-380,Amberg
L100000820017,way/29084374-380,Amberg
L100000820018,way/29084374-380,Amberg
L100000820019,way/29084374-380,Amberg
L100000820020,way/943135226-380,Chemnitz
L100000820021,way/143882655-380,Jena
L100000820022,way/143882655-380,Jena
L100000820023,way/143882655-380,Jena
L100001057004,way/943135226-380,Chemnitz
L100000820024,way/1089911133-380,Hamburg
L100000820025,way/108797675-380,Wurzburg
L100001043838,way/52983550-380,FrankfurtOder
L100001043836,way/52983550-380,FrankfurtOder
L100001044836,way/52983550-380,FrankfurtOder
L100000820026,way/44717036-380,Bremen
L100000820027,way/26472665-380,Magdeburg
L100001044450,way/170123812-400,SchwedtOder
L100000820028,way/29309786-380,BadHersfeld
L100000820029,way/29309786-380,BadHersfeld
L100001044005,way/143882655-380,Jena
L100000820030,DE43-220,Braunschweig
L100001002659,way/42488850-380,Hamm
L100000820031,way/26472665-380,Magdeburg
L100001002660,DE43-220,Braunschweig
L100001057005,way/1094015892-380,Rostock
L100001002661,DE173-220,Merzig
L100001002662,DE43-220,Braunschweig
L100001002663,way/35818134-220,Dusseldorf
L100000820032,way/1094015892-380,Rostock
L100000820033,way/941198517-380,Cottbus
L100000820034,way/943135226-380,Chemnitz
L100000820035,way/449010725-380,Flensburg
L100001057006,way/525964617,Elmshorn
L100000820036,way/26472665-380,Magdeburg
L100000820037,way/26472665-380,Magdeburg
L100000820038,way/26472665-380,Magdeburg
L100000820041,way/29309786-380,BadHersfeld
L100000820042,way/29309786-380,BadHersfeld
L100001002665,way/26472665-380,Magdeburg
L100000820043,DE209-380,VillingenSchwennin
L100000820044,way/1094015892-380,Rostock
L100000820045,DE173-220,Merzig
L100000820046,DE173-220,Merzig
L100001002666,DE173-220,Merzig
L100001002667,way/170123812-400,SchwedtOder
L100001002668,way/29309786-380,BadHersfeld
L100000820047,way/143882655-380,Jena
L100000820048,way/940919943,Gustrow
L100000820054,way/941198517-380,Cottbus
L100000820051,way/940919943,Gustrow
L100001002669,way/941198517-380,Cottbus
L100001081518,way/1094015892-380,Rostock
L100001081519,way/1094015892-380,Rostock
L100001002670,way/941198517-380,Cottbus
L100000820052,way/1094015892-380,Rostock
L100001002671,way/940919943,Gustrow
L100000820053,way/525964617,Elmshorn
L100000820055,way/29309786-380,BadHersfeld
L100000820056,way/943135226-380,Chemnitz
L100000820057,way/26472665-380,Magdeburg
L100001057007,way/26472665-380,Magdeburg
L100001057008,way/275466323,Lubeck
L100000820049,way/943135226-380,Chemnitz
L100000820050,way/943135226-380,Chemnitz
L100000820058,way/170123812-400,SchwedtOder
L100000820059,way/1094015892-380,Rostock
L100001002672,way/941198517-380,Cottbus
L100000820060,way/52983550-380,FrankfurtOder
L100000820061,way/52983550-380,FrankfurtOder
L100000820062,way/941198517-380,Cottbus
L100001057009,way/29309786-380,BadHersfeld
L100001002673,way/82130902-225,Offenburg
L100001057010,way/25306752-220,Ravensburg
L100001081520,way/26245195-380,Munich
L100001002664,way/26472665-380,Magdeburg
L100001081517,way/143882655-380,Jena
L100000820039,way/59026005-380,Gorlitz
L100000820040,way/59026005-380,Gorlitz
L100001044742,way/52983550-380,FrankfurtOder
L100000820063,way/26472665-380,Magdeburg
L100001002674,way/26472665-380,Magdeburg
L100001057011,way/170123812-400,SchwedtOder
L100000820064,way/1094015892-380,Rostock
L100000820065,way/940919943,Gustrow
L100001057012,way/82130902-225,Offenburg
L100001002683,way/29309786-380,BadHersfeld
L100001044219,way/89176939-220,Trier
L100000820069,way/29084374-380,Amberg
L100000820070,way/59026005-380,Gorlitz
L100000820071,way/59026005-380,Gorlitz
L100000820072,way/29084374-380,Amberg
L100001057013,DE206-220,Muhldorf
L100000820073,way/29309786-380,BadHersfeld
L100000820074,way/1089911133-380,Hamburg
L100001002676,way/170123812-400,SchwedtOder
L100001044822,way/170123812-400,SchwedtOder
L100000820075,DE43-220,Braunschweig
L100000820076,DE43-220,Braunschweig
L100000820077,way/108797675-380,Wurzburg
L100001002677,way/108797675-380,Wurzburg
L100001044449,way/108797675-380,Wurzburg
L100001057014,DE43-220,Braunschweig
L100001002679,DE43-220,Braunschweig
L100001002678,DE43-220,Braunschweig
L100000820078,DE43-220,Braunschweig
L100000820079,way/108797675-380,Wurzburg
L100001057015,DE69-380,Dortmund
L100000820080,DE205-380,Ulm
L100000820081,way/82130902-225,Offenburg
L100000820082,way/943135226-380,Chemnitz
L100000820083,way/943135226-380,Chemnitz
L100000820084,way/943135226-380,Chemnitz
L100000820085,way/26472665-380,Magdeburg
L100001044038,way/42488850-380,Hamm
L100001044040,way/42488850-380,Hamm
L100001002680,way/42488850-380,Hamm
L100000820086,DE69-380,Dortmund
L100000820087,way/1094015892-380,Rostock
L100000820088,way/170123812-400,SchwedtOder
L100000820089,way/26245195-380,Munich
L100001002681,way/26245195-380,Munich
L100001002682,way/170123812-400,SchwedtOder
L100001057016,way/29084374-380,Amberg
L100000820090,way/941198517-380,Cottbus
L100000820091,way/143882655-380,Jena
L100000820093,way/29309786-380,BadHersfeld
L100000820092,way/29309786-380,BadHersfeld
L100000820094,DE206-220,Muhldorf
L100000820095,way/26472665-380,Magdeburg
L100000820096,way/940919943,Gustrow
L100000820097,way/26472665-380,Magdeburg
L100000820098,way/943135226-380,Chemnitz
L100000820099,way/44717036-380,Bremen
L100001002684,way/44717036-380,Bremen
L100001044453,way/44717036-380,Bremen
L100000820100,way/108797675-380,Wurzburg
L100000820101,way/1094015892-380,Rostock
L100000820102,way/1094015892-380,Rostock
L100000820103,way/26472665-380,Magdeburg
L100000820104,way/29084374-380,Amberg
L100000820105,way/26472665-380,Magdeburg
L100000820106,way/26472665-380,Magdeburg
L100000820107,way/1094015892-380,Rostock
L100000820108,way/143882655-380,Jena
L100000820109,way/943135226-380,Chemnitz
L100001057017,way/25306752-220,Ravensburg
L100001002685,way/42488850-380,Hamm
L100001002686,way/26472665-380,Magdeburg
L100000820110,way/59026005-380,Gorlitz
L100001002687,way/941198517-380,Cottbus
L100001002688,way/44717036-380,Bremen
L100000820113,way/42488850-380,Hamm
L100001002689,way/26472665-380,Magdeburg
L100001002690,way/143882655-380,Jena
L100001081521,DE206-220,Muhldorf
L100000820111,way/29309786-380,BadHersfeld
L100000820112,way/108797675-380,Wurzburg
L100001057018,way/29084374-380,Amberg
L100001043847,way/943135226-380,Chemnitz
L100000820115,way/943135226-380,Chemnitz
L100000820117,DE205-380,Ulm
L100000820118,way/29084374-380,Amberg
L100001044803,way/143882655-380,Jena
L100000820116,way/68532663-220,Weilheim
L100000820120,way/29084374-380,Amberg
L100000820121,way/24839976-380,Cologne
L100001056971,way/26245195-380,Munich
L100000820122,way/1128250707-380,Oldenburg
L100000820123,way/29084374-380,Amberg
L100000820124,way/57727004-220,Kempten
L100000820125,way/170123812-400,SchwedtOder
L100000820126,way/941198517-380,Cottbus
L100001002691,way/1094015892-380,Rostock
L100000820127,way/943135226-380,Chemnitz
L100001057019,way/26472665-380,Magdeburg
L100001002696,way/941198517-380,Cottbus
L100000820128,way/143882655-380,Jena
L100001044556,way/941198517-380,Cottbus
L100001057020,way/275466323,Lubeck
L100001044633,way/275466323,Lubeck
L100000820129,way/59026005-380,Gorlitz
L100000820130,way/940919943,Gustrow
L100000820133,way/1094015892-380,Rostock
L100000820131,way/1094015892-380,Rostock
L100000820132,way/1094015892-380,Rostock
L100001044159,way/26245195-380,Munich
L100000820134,way/26472665-380,Magdeburg
L100000820135,way/26472665-380,Magdeburg
L100001081522,way/108797675-380,Wurzburg
L100001081523,way/108797675-380,Wurzburg
L100001044676,way/108797675-380,Wurzburg
L100001081524,way/943135226-380,Chemnitz
L100000820136,way/940919943,Gustrow
L100000820137,way/143882655-380,Jena
L100001057021,way/29084374-380,Amberg
L100000820138,way/1094015892-380,Rostock
L100000820139,way/940919943,Gustrow
L100000820140,way/940919943,Gustrow
L100000820141,way/143882655-380,Jena
L100000820142,way/26245195-380,Munich
L100001002692,way/26472665-380,Magdeburg
L100001044642,way/29084374-380,Amberg
L100000820144,way/29084374-380,Amberg
L100000820145,way/275466323,Lubeck
L100001044632,way/1128250707-380,Oldenburg
L100000820146,way/940919943,Gustrow
L100000820147,way/57727004-220,Kempten
L100000820148,way/57727004-220,Kempten
L100000820149,way/108797675-380,Wurzburg
L100000820150,way/26472665-380,Magdeburg
L100000820151,way/26472665-380,Magdeburg
L100000820152,DE206-220,Muhldorf
L100000820153,way/143882655-380,Jena
L100001057023,way/940919943,Gustrow
L100001044049,way/170123812-400,SchwedtOder
L100001044057,way/170123812-400,SchwedtOder
L100000820143,way/26472665-380,Magdeburg
L100001057024,DE43-220,Braunschweig
L100000820154,DE43-220,Braunschweig
L100001057025,way/26472665-380,Magdeburg
L100000820155,way/59026005-380,Gorlitz
L100000820157,way/25306752-220,Ravensburg
L100000820158,DE173-220,Merzig
L100001002694,way/1094015892-380,Rostock
L100001002695,way/108797675-380,Wurzburg
L100001044292,way/108797675-380,Wurzburg
L100000820159,way/26472665-380,Magdeburg
L100000820160,way/29309786-380,BadHersfeld
L100001081525,DE177-220,Saarbrucken
L100001081526,DE177-220,Saarbrucken
L100000820161,way/941198517-380,Cottbus
L100000820166,way/1094015892-380,Rostock
L100000820162,way/170123812-400,SchwedtOder
L100000820163,way/170123812-400,SchwedtOder
L100000820164,way/143882655-380,Jena
L100000820165,way/940919943,Gustrow
L100000820168,way/940919943,Gustrow
L100000820169,way/1094015892-380,Rostock
L100000820170,way/1094015892-380,Rostock
L100000820171,way/1094015892-380,Rostock
L100000820156,way/29084374-380,Amberg
L100001057026,way/143882655-380,Jena
L100000820167,way/940919943,Gustrow
L100001057032,way/943135226-380,Chemnitz
L100001044804,way/943135226-380,Chemnitz
L100001044805,way/943135226-380,Chemnitz
L100001057027,DE205-380,Ulm
L100000820172,DE177-220,Saarbrucken
L100001002697,way/1094015892-380,Rostock
L100001057028,way/1094015892-380,Rostock
L100000820173,way/143882655-380,Jena
L100000820174,way/143882655-380,Jena
L100001002698,DE43-220,Braunschweig
L100000820175,way/143882655-380,Jena
L100001057029,way/25306752-220,Ravensburg
L100000820176,DE43-220,Braunschweig
L100000820177,way/26472665-380,Magdeburg
L100001057030,DE177-220,Saarbrucken
L100001002699,way/941198517-380,Cottbus
L100000820178,DE205-380,Ulm
L100000820179,DE205-380,Ulm
L100001002700,DE43-220,Braunschweig
L100000820180,way/941198517-380,Cottbus
L100000820181,way/941198517-380,Cottbus
L100001081527,way/943135226-380,Chemnitz
L100001057031,way/42488850-380,Hamm
L100000820182,way/52983550-380,FrankfurtOder
L100000820183,way/57727004-220,Kempten
L100000820184,way/943135226-380,Chemnitz
L100001044838,way/1094015892-380,Rostock
L100001057033,way/143882655-380,Jena
L100000820185,way/26472665-380,Magdeburg
L100000820186,way/26472665-380,Magdeburg
L100000820189,way/940919943,Gustrow
L100000820190,way/940919943,Gustrow
L100000820193,way/943135226-380,Chemnitz
L100000820194,way/26472665-380,Magdeburg
L100001002702,way/25306752-220,Ravensburg
L100000820196,way/943135226-380,Chemnitz
L100000820197,way/29084374-380,Amberg
L100000820198,way/29084374-380,Amberg
L100000820199,way/1094015892-380,Rostock
L100000820187,way/940919943,Gustrow
L100000820188,way/170123812-400,SchwedtOder
L100001057034,way/170123812-400,SchwedtOder
L100000820191,way/26472665-380,Magdeburg
L100000820192,way/941198517-380,Cottbus
L100001002701,way/26472665-380,Magdeburg
L100000820195,way/1089911133-380,Hamburg
L100001057035,way/275466323,Lubeck
L100001057036,way/275466323,Lubeck
L100001044663,DE69-380,Dortmund
L100000820200,way/26472665-380,Magdeburg
L100000820201,way/26472665-380,Magdeburg
L100001057037,way/26245195-380,Munich
L100000820203,way/26245195-380,Munich
L100000820204,way/1094015892-380,Rostock
L100000820205,way/1094015892-380,Rostock
L100000820206,way/1094015892-380,Rostock
L100000820207,way/82130902-225,Offenburg
L100000820208,way/82130902-225,Offenburg
L100001057038,way/943135226-380,Chemnitz
L100000820209,way/1094015892-380,Rostock
L100000820210,way/943135226-380,Chemnitz
L100001044269,way/26472665-380,Magdeburg
L100000820211,way/143882655-380,Jena
L100000820212,DE43-220,Braunschweig
L100000820213,way/943135226-380,Chemnitz
L100000820214,way/108797675-380,Wurzburg
L100000820215,way/943135226-380,Chemnitz
L100001002705,way/943135226-380,Chemnitz
L100000820216,way/143882655-380,Jena
L100000820217,way/143882655-380,Jena
L100001081528,way/57727004-220,Kempten
L100000820218,way/108797675-380,Wurzburg
L100000820219,way/943135226-380,Chemnitz
L100001057039,way/26472665-380,Magdeburg
L100001002706,way/26472665-380,Magdeburg
L100000820220,way/941198517-380,Cottbus
L100001044227,way/941198517-380,Cottbus
L100000820221,way/108797675-380,Wurzburg
L100000820222,way/26245195-380,Munich
L100000820223,way/943135226-380,Chemnitz
L100000820224,way/943135226-380,Chemnitz
L100000820225,way/943135226-380,Chemnitz
L100000820226,way/943135226-380,Chemnitz
L100000820227,way/449010725-380,Flensburg
L100000820228,way/29084374-380,Amberg
L100001002707,DE173-220,Merzig
L100000820229,way/82130902-225,Offenburg
L100001002704,way/170123812-400,SchwedtOder
L100001057040,way/24839976-380,Cologne
L100000820230,way/26472665-380,Magdeburg
L100000820231,way/26472665-380,Magdeburg
L100000820232,way/29309786-380,BadHersfeld
L100001044100,way/29309786-380,BadHersfeld
L100000820233,way/29084374-380,Amberg
L100000820234,way/940919943,Gustrow
L100001044214,way/26472665-380,Magdeburg
L100000820235,way/941198517-380,Cottbus
L100000820236,way/26472665-380,Magdeburg
L100000820237,way/26472665-380,Magdeburg
L100000820238,way/26472665-380,Magdeburg
L100001057042,way/26472665-380,Magdeburg
L100001057043,way/26472665-380,Magdeburg
L100000820239,way/143882655-380,Jena
L100000820240,way/1094015892-380,Rostock
L100000820241,way/26472665-380,Magdeburg
L100000820242,way/143882655-380,Jena
L100000820243,way/143882655-380,Jena
L100000820244,way/143882655-380,Jena
L100000820245,way/170123812-400,SchwedtOder
L100000820246,way/82130902-225,Offenburg
L100000820247,way/1094015892-380,Rostock
L100000820248,way/943135226-380,Chemnitz
L100000820249,way/943135226-380,Chemnitz
L100000820250,way/943135226-380,Chemnitz
L100000820251,way/170123812-400,SchwedtOder
L100000820252,way/26472665-380,Magdeburg
L100000820253,way/52983550-380,FrankfurtOder
L100000820254,way/52983550-380,FrankfurtOder
L100001081529,way/1089911133-380,Hamburg
L100000820255,way/943135226-380,Chemnitz
L100000820256,way/170123812-400,SchwedtOder
L100001002708,way/941198517-380,Cottbus
L100000820257,way/170123812-400,SchwedtOder
L100000820258,way/170123812-400,SchwedtOder
L100000820259,way/170123812-400,SchwedtOder
L100000820260,way/170123812-400,SchwedtOder
L100001044623,way/108797675-380,Wurzburg
L100001057044,way/108797675-380,Wurzburg
L100000820261,way/1094015892-380,Rostock
L100000820262,way/1094015892-380,Rostock
L100001057045,way/943135226-380,Chemnitz
L100001002710,way/82130902-225,Offenburg
L100000820263,DE177-220,Saarbrucken
L100000820264,DE177-220,Saarbrucken
L100000820265,way/143882655-380,Jena
L100001057046,DE173-220,Merzig
L100000820266,way/1280840211-380,Emden
L100000820267,way/143882655-380,Jena
L100000820268,way/143882655-380,Jena
L100001057047,way/143882655-380,Jena
L100000820269,way/525964617,Elmshorn
L100001002711,way/943135226-380,Chemnitz
L100001002712,way/26472665-380,Magdeburg
L100001002713,way/26472665-380,Magdeburg
L100000820270,DE177-220,Saarbrucken
L100000820271,DE177-220,Saarbrucken
L100001057048,way/1280840211-380,Emden
L100000820272,way/26245195-380,Munich
L100001057049,way/24839976-380,Cologne
L100000820273,way/44717036-380,Bremen
L100000820274,way/57727004-220,Kempten
L100000820275,DE206-220,Muhldorf
L100001002714,DE206-220,Muhldorf
L100000820278,DE206-220,Muhldorf
L100001002715,way/943135226-380,Chemnitz
L100000820279,way/943135226-380,Chemnitz
L100000820276,way/26472665-380,Magdeburg
L100000820277,way/26472665-380,Magdeburg
L100000820280,way/59026005-380,Gorlitz
L100000820281,way/59026005-380,Gorlitz
L100000820282,way/68532663-220,Weilheim
L100000820283,DE206-220,Muhldorf
L100000820284,way/59026005-380,Gorlitz
L100000820285,DE205-380,Ulm
L100000820286,DE43-220,Braunschweig
L100000820287,way/26245195-380,Munich
L100000820288,way/26245195-380,Munich
L100001002716,way/44717036-380,Bremen
L100000820289,way/143882655-380,Jena
L100001044044,way/26472665-380,Magdeburg
L100000820290,way/170123812-400,SchwedtOder
L100000820291,DE177-220,Saarbrucken
L100000820292,DE173-220,Merzig
L100001002717,DE173-220,Merzig
L100000820293,DE173-220,Merzig
L100001057050,DE173-220,Merzig
L100000820294,way/943135226-380,Chemnitz
L100000820295,way/943135226-380,Chemnitz
L100000820296,way/42488850-380,Hamm
L100001002718,way/26472665-380,Magdeburg
L100000820297,way/26472665-380,Magdeburg
L100000820298,DE43-220,Braunschweig
L100000820299,DE177-220,Saarbrucken
L100001043927,way/940919943,Gustrow
L100001043710,way/940919943,Gustrow
L100001044180,way/24839976-380,Cologne
L100001002719,way/275466323,Lubeck
L100000820301,way/26472665-380,Magdeburg
L100000820302,way/943135226-380,Chemnitz
L100001081530,way/1280840211-380,Emden
L100001057051,way/1280840211-380,Emden
L100001044102,DE205-380,Ulm
L100000820303,way/29084374-380,Amberg
L100000820304,way/170123812-400,SchwedtOder
L100000820305,way/941198517-380,Cottbus
L100000820306,way/943135226-380,Chemnitz
L100001043722,way/1094015892-380,Rostock
L100001057052,way/26472665-380,Magdeburg
L100000820307,way/143882655-380,Jena
L100000820308,DE209-380,VillingenSchwennin
L100000820309,way/29084374-380,Amberg
L100000820310,DE206-220,Muhldorf
L100001002720,way/1094015892-380,Rostock
L100000820311,DE177-220,Saarbrucken
L100001057053,way/943135226-380,Chemnitz
L100000820312,way/29084374-380,Amberg
L100001002721,way/940919943,Gustrow
L100000820314,way/170123812-400,SchwedtOder
L100000820315,way/943135226-380,Chemnitz
L100001057054,way/943135226-380,Chemnitz
L100001057056,way/26245195-380,Munich
L100000820300,way/68532663-220,Weilheim
L100000820313,way/943135226-380,Chemnitz
L100001057057,way/26472665-380,Magdeburg
L100001002722,way/943135226-380,Chemnitz
L100000820323,way/943135226-380,Chemnitz
L100001057058,way/24839976-380,Cologne
L100001002726,way/29084374-380,Amberg
L100000820316,way/943135226-380,Chemnitz
L100000820317,way/943135226-380,Chemnitz
L100000820318,way/170123812-400,SchwedtOder
L100000820319,way/170123812-400,SchwedtOder
L100000820320,way/170123812-400,SchwedtOder
L100001043595,way/108797675-380,Wurzburg
L100000820324,way/26472665-380,Magdeburg
L100000820325,way/943135226-380,Chemnitz
L100000820328,way/941198517-380,Cottbus
L100000820326,way/943135226-380,Chemnitz
L100000820327,way/108797675-380,Wurzburg
L100001044282,way/26245195-380,Munich
L100001002723,way/943135226-380,Chemnitz
L100001044452,way/26472665-380,Magdeburg
L100000820329,way/943135226-380,Chemnitz
L100000820330,way/26472665-380,Magdeburg
L100000820331,way/26472665-380,Magdeburg
L100001002725,way/940919943,Gustrow
L100000820332,way/940919943,Gustrow
L100000820333,way/35818134-220,Dusseldorf
L100000820334,way/26472665-380,Magdeburg
L100001081531,way/29084374-380,Amberg
L100001044716,way/29084374-380,Amberg
L100000820335,way/26472665-380,Magdeburg
L100000820336,way/29084374-380,Amberg
L100001044212,way/29309786-380,BadHersfeld
L100001057060,way/1094015892-380,Rostock
L100001002727,DE43-220,Braunschweig
L100000820339,way/29084374-380,Amberg
L100000820340,way/26472665-380,Magdeburg
L100000820341,way/943135226-380,Chemnitz
L100000820342,way/943135226-380,Chemnitz
L100000820343,way/943135226-380,Chemnitz
L100001002729,way/943135226-380,Chemnitz
L100000820344,way/943135226-380,Chemnitz
L100000820345,way/943135226-380,Chemnitz
L100001044448,way/108797675-380,Wurzburg
L100000820348,way/943135226-380,Chemnitz
L100001002730,way/31367940-380,Donaueschingen
L100000820349,DE206-220,Muhldorf
L100000820346,way/26472665-380,Magdeburg
L100000820347,way/943135226-380,Chemnitz
L100000820351,way/24839976-380,Cologne
L100000820352,way/1094015892-380,Rostock
L100000820353,way/1094015892-380,Rostock
L100000820321,DE43-220,Braunschweig
L100000820322,DE43-220,Braunschweig
L100000820337,DE205-380,Ulm
L100000820338,DE205-380,Ulm
L100001002728,way/108797675-380,Wurzburg
L100000820350,DE177-220,Saarbrucken
L100000820360,way/26472665-380,Magdeburg
L100001002731,way/26472665-380,Magdeburg
L100001002732,way/26472665-380,Magdeburg
L100001044770,way/943135226-380,Chemnitz
L100001044767,way/943135226-380,Chemnitz
L100001002736,way/59026005-380,Gorlitz
L100000820397,way/44717036-380,Bremen
L100000820398,DE205-380,Ulm
L100000820399,DE205-380,Ulm
L100000820400,DE205-380,Ulm
L100000820401,DE205-380,Ulm
L100001044273,way/68532663-220,Weilheim
L100001061961,way/941198517-380,Cottbus
L100000820354,way/26472665-380,Magdeburg
L100000820355,way/26472665-380,Magdeburg
L100000820356,way/26472665-380,Magdeburg
L100000820357,way/26472665-380,Magdeburg
L100001057061,way/940919943,Gustrow
L100000820358,way/1094015892-380,Rostock
L100000820359,way/26472665-380,Magdeburg
L100001002733,DE43-220,Braunschweig
L100000820361,way/26245195-380,Munich
L100000820362,way/941198517-380,Cottbus
L100000820363,way/941198517-380,Cottbus
L100001081532,way/108797675-380,Wurzburg
L100001043607,way/26472665-380,Magdeburg
L100000820364,way/57727004-220,Kempten
L100001044700,DE173-220,Merzig
L100000820365,DE173-220,Merzig
L100001043871,way/941198517-380,Cottbus
L100001002734,way/943135226-380,Chemnitz
L100001044152,way/108797675-380,Wurzburg
L100001002735,way/1094015892-380,Rostock
L100001044749,DE177-220,Saarbrucken
L100000820366,way/29309786-380,BadHersfeld
L100000820367,way/52983550-380,FrankfurtOder
L100000820371,way/57727004-220,Kempten
L100000820372,way/26472665-380,Magdeburg
L100000820373,DE205-380,Ulm
L100000820374,way/57727004-220,Kempten
L100000820375,way/57727004-220,Kempten
L100001057063,way/26245195-380,Munich
L100000820376,way/941198517-380,Cottbus
L100000820377,way/1089911133-380,Hamburg
L100000820368,way/275466323,Lubeck
L100000820369,way/1094015892-380,Rostock
L100000820370,way/1094015892-380,Rostock
L100001044248,way/108797675-380,Wurzburg
L100000820378,way/52983550-380,FrankfurtOder
L100001057064,way/26472665-380,Magdeburg
L100000820379,way/52983550-380,FrankfurtOder
L100000820380,DE177-220,Saarbrucken
L100001044003,DE43-220,Braunschweig
L100000820381,way/29084374-380,Amberg
L100000820382,way/943135226-380,Chemnitz
L100000820383,way/29084374-380,Amberg
L100000820384,way/29084374-380,Amberg
L100000820385,way/143882655-380,Jena
L100000820386,way/26472665-380,Magdeburg
L100000820387,way/941198517-380,Cottbus
L100000820388,way/941198517-380,Cottbus
L100001057065,DE206-220,Muhldorf
L100001057066,way/943135226-380,Chemnitz
L100000820389,way/143882655-380,Jena
L100000820390,way/143882655-380,Jena
L100000820391,way/143882655-380,Jena
L100000820392,way/143882655-380,Jena
L100001002737,way/941198517-380,Cottbus
L100001057067,way/25306752-220,Ravensburg
L100000820393,way/1094015892-380,Rostock
L100001044356,DE206-220,Muhldorf
L100001044357,DE206-220,Muhldorf
L100001002738,way/275466323,Lubeck
L100001002739,way/275466323,Lubeck
L100001002740,way/24839976-380,Cologne
L100001002741,way/24839976-380,Cologne
L100000820394,way/143882655-380,Jena
L100000820395,way/26472665-380,Magdeburg
L100001002742,way/941198517-380,Cottbus
L100000820402,way/943135226-380,Chemnitz
L100000820403,way/108797675-380,Wurzburg
L100000820404,way/26472665-380,Magdeburg
L100000820405,way/940919943,Gustrow
L100001057068,DE177-220,Saarbrucken
L100000820406,way/57727004-220,Kempten
L100000820407,way/26472665-380,Magdeburg
L100000820408,way/26472665-380,Magdeburg
L100001057069,way/170123812-400,SchwedtOder
L100001002743,way/57727004-220,Kempten
L100000820409,way/940919943,Gustrow
L100001081533,way/29084374-380,Amberg
L100001002744,DE205-380,Ulm
L100000820396,way/449010725-380,Flensburg
L100000820410,way/89176939-220,Trier
L100000820411,way/275466323,Lubeck
L100001002746,way/170123812-400,SchwedtOder
L100001057073,way/943135226-380,Chemnitz
L100001057074,way/943135226-380,Chemnitz
L100001057070,way/26472665-380,Magdeburg
L100000820412,way/26472665-380,Magdeburg
L100001057071,way/275466323,Lubeck
L100000820413,way/943135226-380,Chemnitz
L100000820414,way/943135226-380,Chemnitz
L100000820415,way/943135226-380,Chemnitz
L100000820416,way/143882655-380,Jena
L100000820417,way/943135226-380,Chemnitz
L100000820418,way/940919943,Gustrow
L100001057072,way/1094015892-380,Rostock
L100001002747,way/275466323,Lubeck
L100000820419,way/26245195-380,Munich
L100001002748,way/26472665-380,Magdeburg
L100000820420,way/44717036-380,Bremen
L100000820421,way/44717036-380,Bremen
L100000820422,way/108797675-380,Wurzburg
L100000820423,way/108797675-380,Wurzburg
L100000820424,way/108797675-380,Wurzburg
L100001002749,way/26472665-380,Magdeburg
L100000820425,way/59026005-380,Gorlitz
L100000820426,way/1094015892-380,Rostock
L100001057075,way/29084374-380,Amberg
L100000820428,way/943135226-380,Chemnitz
L100001002750,way/943135226-380,Chemnitz
L100001057076,way/449010725-380,Flensburg
L100001002751,way/26472665-380,Magdeburg
L100000820430,way/29084374-380,Amberg
L100000820431,way/29309786-380,BadHersfeld
L100000820429,way/29084374-380,Amberg
L100001002752,way/943135226-380,Chemnitz
L100000820432,DE209-380,VillingenSchwennin
L100000820427,way/941198517-380,Cottbus
L100000820433,way/57727004-220,Kempten
L100001002753,way/941198517-380,Cottbus
L100000820434,way/29309786-380,BadHersfeld
L100001044657,DE43-220,Braunschweig
L100001044656,DE43-220,Braunschweig
L100000820435,DE205-380,Ulm
L100000820436,way/29084374-380,Amberg
L100001043667,way/108797675-380,Wurzburg
L100000820437,way/29084374-380,Amberg
L100000820438,way/57727004-220,Kempten
L100001002754,way/26472665-380,Magdeburg
L100001057077,way/940919943,Gustrow
L100001002755,way/940919943,Gustrow
L100000820443,way/143882655-380,Jena
L100000820439,way/26472665-380,Magdeburg
L100000820440,way/26472665-380,Magdeburg
L100001044638,way/143882655-380,Jena
L100000820441,way/59026005-380,Gorlitz
L100000820442,way/941198517-380,Cottbus
L100000820444,way/170123812-400,SchwedtOder
L100000820445,way/108797675-380,Wurzburg
L100001057078,DE206-220,Muhldorf
L100000820446,way/26472665-380,Magdeburg
L100000820447,DE43-220,Braunschweig
L100000820448,DE177-220,Saarbrucken
L100001057079,way/42488850-380,Hamm
L100000820450,DE177-220,Saarbrucken
L100000820451,way/143882655-380,Jena
L100000820452,way/44717036-380,Bremen
L100001002756,way/29309786-380,BadHersfeld
L100000820453,way/143882655-380,Jena
L100001002757,way/943135226-380,Chemnitz
L100000820454,DE206-220,Muhldorf
L100001043723,way/1089911133-380,Hamburg
L100001043659,DE173-220,Merzig
L100001057080,DE62-380,Duisburg
L100000820455,DE43-220,Braunschweig
L100000820456,way/26472665-380,Magdeburg
L100000820457,way/29084374-380,Amberg
L100000820458,way/943135226-380,Chemnitz
L100000820459,way/143882655-380,Jena
L100000820460,DE177-220,Saarbrucken
L100000820461,way/941198517-380,Cottbus
L100000820462,way/940919943,Gustrow
L100001043655,way/941198517-380,Cottbus
L100000820463,way/26472665-380,Magdeburg
L100000820464,way/1094015892-380,Rostock
L100001043775,way/42488850-380,Hamm
L100001002759,way/275466323,Lubeck
L100000820465,DE69-380,Dortmund
L100000820466,DE69-380,Dortmund
L100001002760,way/170123812-400,SchwedtOder
L100000820467,way/170123812-400,SchwedtOder
L100000820468,way/170123812-400,SchwedtOder
L100000820469,way/170123812-400,SchwedtOder
L100000820470,way/57727004-220,Kempten
L100001044806,way/143882655-380,Jena
L100000820471,way/26472665-380,Magdeburg
L100001044354,way/52983550-380,FrankfurtOder
L100000820472,way/26472665-380,Magdeburg
L100000820473,way/143882655-380,Jena
L100001044677,way/941198517-380,Cottbus
L100001044678,way/941198517-380,Cottbus
L100000820474,way/29309786-380,BadHersfeld
L100000820475,DE43-220,Braunschweig
L100001057081,DE173-220,Merzig
L100000820476,way/26472665-380,Magdeburg
L100000820477,way/52983550-380,FrankfurtOder
L100000820478,way/275466323,Lubeck
L100000820479,way/943135226-380,Chemnitz
L100001044270,DE69-380,Dortmund
L100000820480,way/1094015892-380,Rostock
L100000820481,way/1094015892-380,Rostock
L100000820482,way/1094015892-380,Rostock
L100001081534,way/29084374-380,Amberg
L100000820483,way/29084374-380,Amberg
L100000820484,way/1094015892-380,Rostock
L100001044439,way/1094015892-380,Rostock
L100000820485,way/26245195-380,Munich
L100000820486,way/57727004-220,Kempten
L100000820487,way/82130902-225,Offenburg
L100000820488,way/52983550-380,FrankfurtOder
L100001002762,way/52983550-380,FrankfurtOder
L100000820489,way/26472665-380,Magdeburg
L100001044167,way/52983550-380,FrankfurtOder
L100000820490,way/170123812-400,SchwedtOder
L100001002761,way/29084374-380,Amberg
L100001057082,way/42488850-380,Hamm
L100000820491,way/1094015892-380,Rostock
L100001002763,way/943135226-380,Chemnitz
L100000820492,way/940919943,Gustrow
L100000820493,way/943135226-380,Chemnitz
L100000820494,way/943135226-380,Chemnitz
L100000820495,way/941198517-380,Cottbus
L100000820496,way/943135226-380,Chemnitz
L100001002764,way/943135226-380,Chemnitz
L100000820497,way/26472665-380,Magdeburg
L100000820498,way/143882655-380,Jena
L100001002765,way/143882655-380,Jena
L100001057083,DE209-380,VillingenSchwennin
L100001002766,way/26472665-380,Magdeburg
L100000820500,way/26472665-380,Magdeburg
L100000820501,way/26472665-380,Magdeburg
L100001002768,way/943135226-380,Chemnitz
L100000820502,way/143882655-380,Jena
L100000820503,way/143882655-380,Jena
L100000820504,way/943135226-380,Chemnitz
L100000820499,way/26472665-380,Magdeburg
L100001002767,way/170123812-400,SchwedtOder
L100001002634,way/29084374-380,Amberg
L100001002635,way/29084374-380,Amberg
L100001057084,way/943135226-380,Chemnitz
L100001002645,way/952346322-380,Rheine
L100000820119,way/68532663-220,Weilheim
L100001044648,way/42488850-380,Hamm
L100001081535,DE206-220,Muhldorf
L100001057085,way/941198517-380,Cottbus
L100000820509,way/170123812-400,SchwedtOder
L100001081536,way/29084374-380,Amberg
L100001057086,way/29084374-380,Amberg
L100000820510,way/26472665-380,Magdeburg
L100000820507,way/143882655-380,Jena
L100001002770,way/26245195-380,Munich
L100000820508,way/29309786-380,BadHersfeld
L100001057087,way/42488850-380,Hamm
L100001057089,way/52983550-380,FrankfurtOder
L100001044043,way/943135226-380,Chemnitz
L100001044257,way/57727004-220,Kempten
L100001057124,way/170123812-400,SchwedtOder
L100001043631,way/170123812-400,SchwedtOder
L100000819585,way/26472665-380,Magdeburg
L100001044703,way/82130902-225,Offenburg
L100001057090,way/29309786-380,BadHersfeld
L100001044059,way/42488850-380,Hamm
L100000819587,DE205-380,Ulm
L100001044745,way/170123812-400,SchwedtOder
L100000819588,way/57727004-220,Kempten
L100000819589,way/952346322-380,Rheine
L100000819590,way/108797675-380,Wurzburg
L100001043691,way/108797675-380,Wurzburg
L100001043592,way/952346322-380,Rheine
L100001044142,way/108797675-380,Wurzburg
L100001057091,way/44717036-380,Bremen
L100001057092,way/108797675-380,Wurzburg
L100000819591,DE205-380,Ulm
L100001057093,way/170123812-400,SchwedtOder
L100001044209,DE43-220,Braunschweig
L100001057094,way/25306752-220,Ravensburg
L100001057095,way/25306752-220,Ravensburg
L100000819592,DE205-380,Ulm
L100001044139,DE206-220,Muhldorf
L100000819594,way/26245195-380,Munich
L100000819595,DE205-380,Ulm
L100000819596,way/26472665-380,Magdeburg
L100001043683,way/170123812-400,SchwedtOder
L100001057096,DE209-380,VillingenSchwennin
L100000819597,way/143882655-380,Jena
L100000819598,way/29309786-380,BadHersfeld
L100000819599,way/29309786-380,BadHersfeld
L100000819600,way/29084374-380,Amberg
L100001057098,way/89176939-220,Trier
L100001044519,way/57727004-220,Kempten
L100000819602,DE177-220,Saarbrucken
L100000819603,way/44717036-380,Bremen
L100001056516,DE62-380,Duisburg
L100000819604,way/82130902-225,Offenburg
L100000819605,way/82130902-225,Offenburg
L100000819606,way/42488850-380,Hamm
L100001057099,way/82130902-225,Offenburg
L100000819607,way/26472665-380,Magdeburg
L100000819608,DE43-220,Braunschweig
L100000819609,way/24839976-380,Cologne
L100000819610,way/1089911133-380,Hamburg
L100001044009,way/29309786-380,BadHersfeld
L100001044526,way/29309786-380,BadHersfeld
L100000819612,way/143882655-380,Jena
L100000819613,way/82130902-225,Offenburg
L100000819614,DE62-380,Duisburg
L100000819615,way/26245195-380,Munich
L100000819616,way/42488850-380,Hamm
L100001044548,way/143882655-380,Jena
L100000819618,way/952346322-380,Rheine
L100000819619,way/26245195-380,Munich
L100000819620,way/941198517-380,Cottbus
L100000819621,DE205-380,Ulm
L100001044464,way/44717036-380,Bremen
L100000819622,way/82130902-225,Offenburg
L100001044050,way/108797675-380,Wurzburg
L100000819583,DE173-220,Merzig
L100001044489,way/1128250707-380,Oldenburg
L100000819625,way/943135226-380,Chemnitz
L100000819623,way/941198517-380,Cottbus
L100000819624,way/943135226-380,Chemnitz
L100001044418,way/82130902-225,Offenburg
L100000819584,way/24839976-380,Cologne
L100000819626,way/108797675-380,Wurzburg
L100000819627,way/26472665-380,Magdeburg
L100001044721,way/449010725-380,Flensburg
L100000819628,DE206-220,Muhldorf
L100001057101,way/108797675-380,Wurzburg
L100000819629,way/143882655-380,Jena
L100000819630,way/29309786-380,BadHersfeld
L100000819631,way/108797675-380,Wurzburg
L100001044474,DE43-220,Braunschweig
L100001044779,DE43-220,Braunschweig
L100001044782,DE43-220,Braunschweig
L100001044777,DE43-220,Braunschweig
L100001044781,DE43-220,Braunschweig
L100001044784,DE43-220,Braunschweig
L100000819632,way/24839976-380,Cologne
L100000819633,way/943135226-380,Chemnitz
L100001057102,way/57727004-220,Kempten
L100000819634,way/57727004-220,Kempten
L100000819635,way/26472665-380,Magdeburg
L100001057103,way/87653464-400,FreiburgImBreisgau
L100000819636,way/24839976-380,Cologne
L100000819637,way/1280840211-380,Emden
L100000819638,DE209-380,VillingenSchwennin
L100000819639,way/1094015892-380,Rostock
L100000819640,way/29309786-380,BadHersfeld
L100000819641,way/952346322-380,Rheine
L100000819643,DE177-220,Saarbrucken
L100000819644,way/1094015892-380,Rostock
L100000819647,way/143882655-380,Jena
L100000819645,way/941198517-380,Cottbus
L100001044025,way/29309786-380,BadHersfeld
L100000819646,way/26472665-380,Magdeburg
L100001057104,way/143882655-380,Jena
L100000819648,way/941198517-380,Cottbus
L100000819649,way/941198517-380,Cottbus
L100000819650,way/143882655-380,Jena
L100000819651,DE205-380,Ulm
L100001043972,way/24839976-380,Cologne
L100001043801,way/108797675-380,Wurzburg
L100000819652,way/26472665-380,Magdeburg
L100000819657,way/943135226-380,Chemnitz
L100000819653,DE43-220,Braunschweig
L100000819654,way/143882655-380,Jena
L100000819655,way/1280840211-380,Emden
L100000819656,DE177-220,Saarbrucken
L100001043729,way/29084374-380,Amberg
L100001057105,way/59026005-380,Gorlitz
L100001043947,way/42488850-380,Hamm
L100000819658,way/82130902-225,Offenburg
L100000819659,DE177-220,Saarbrucken
L100000819660,way/26245195-380,Munich
L100001044730,way/26245195-380,Munich
L100001044728,way/26245195-380,Munich
L100001044729,way/26245195-380,Munich
L100001057106,way/29084374-380,Amberg
L100000819661,way/82130902-225,Offenburg
L100000819662,way/82130902-225,Offenburg
L100001057107,DE206-220,Muhldorf
L100001057109,way/25306752-220,Ravensburg
L100001057110,way/29309786-380,BadHersfeld
L100000819663,way/943135226-380,Chemnitz
L100000819664,way/42488850-380,Hamm
L100000819665,way/29309786-380,BadHersfeld
L100001057111,way/1094015892-380,Rostock
L100001057112,way/943135226-380,Chemnitz
L100001057113,DE205-380,Ulm
L100000819666,way/29309786-380,BadHersfeld
L100001044498,way/82130902-225,Offenburg
L100000819667,way/170123812-400,SchwedtOder
L100001044358,DE206-220,Muhldorf
L100000819668,way/941198517-380,Cottbus
L100000819669,way/941198517-380,Cottbus
L100000819670,way/941198517-380,Cottbus
L100000819671,way/143882655-380,Jena
L100000819672,way/26245195-380,Munich
L100001043639,way/952346322-380,Rheine
L100001044434,way/170123812-400,SchwedtOder
L100001057114,way/143882655-380,Jena
L100000819673,way/1089911133-380,Hamburg
L100000819674,DE206-220,Muhldorf
L100000819675,way/82130902-225,Offenburg
L100001057122,way/1280840211-380,Emden
L100001043958,way/943135226-380,Chemnitz
L100001057115,way/108797675-380,Wurzburg
L100001057116,way/26245195-380,Munich
L100000819688,way/26472665-380,Magdeburg
L100000819676,way/108797675-380,Wurzburg
L100001043911,way/143882655-380,Jena
L100001044073,DE206-220,Muhldorf
L100001057117,way/26245195-380,Munich
L100000819678,way/26245195-380,Munich
L100000819685,way/42488850-380,Hamm
L100001043606,DE205-380,Ulm
L100001044239,way/42488850-380,Hamm
L100001043952,way/275466323,Lubeck
L100000819681,DE205-380,Ulm
L100001057118,way/44717036-380,Bremen
L100001057119,way/87653464-400,FreiburgImBreisgau
L100001044018,way/29309786-380,BadHersfeld
L100001044138,way/57727004-220,Kempten
L100000819682,DE205-380,Ulm
L100001057120,DE205-380,Ulm
L100001043652,way/24839976-380,Cologne
L100000819683,DE205-380,Ulm
L100000819684,way/943135226-380,Chemnitz
L100001044052,way/29084374-380,Amberg
L100001044065,way/29084374-380,Amberg
L100000819686,way/1094015892-380,Rostock
L100001043728,way/29084374-380,Amberg
L100001057121,way/24839976-380,Cologne
L100000819593,way/82130902-225,Offenburg
L100001044522,way/42488850-380,Hamm
L100000819642,way/68532663-220,Weilheim
L100000819586,way/1094015892-380,Rostock
L100001043746,DE206-220,Muhldorf
L100001043776,way/42488850-380,Hamm
L100001044189,way/42488850-380,Hamm
L100001057123,way/42488850-380,Hamm
L100001043736,way/42488850-380,Hamm
L100000819689,way/108797675-380,Wurzburg
L100000819692,way/29309786-380,BadHersfeld
L100000819693,way/29084374-380,Amberg
L100000819690,way/29084374-380,Amberg
L100000819691,way/29084374-380,Amberg
L100000819694,way/29084374-380,Amberg
L100000819695,way/26472665-380,Magdeburg
L100000819697,way/108797675-380,Wurzburg
L100000819696,DE205-380,Ulm
L100001057125,way/1094015892-380,Rostock
L100001044368,way/42488850-380,Hamm
L100000819698,way/26472665-380,Magdeburg
L100001002771,way/29084374-380,Amberg
L100000819702,way/143882655-380,Jena
L100001043937,way/952346322-380,Rheine
L100000819699,way/26472665-380,Magdeburg
L100000819700,way/26245195-380,Munich
L100001044605,way/57727004-220,Kempten
L100001043743,way/943135226-380,Chemnitz
L100001043913,way/25306752-220,Ravensburg
L100001044090,way/275466323,Lubeck
L100001044298,way/42488850-380,Hamm
L100001057127,way/941198517-380,Cottbus
L100001057126,way/943135226-380,Chemnitz
L100000819701,way/52983550-380,FrankfurtOder
L100000819703,way/29309786-380,BadHersfeld
L100000820511,way/143882655-380,Jena
L100000820512,way/108797675-380,Wurzburg
L100000820513,way/108797675-380,Wurzburg
L100000820514,way/143882655-380,Jena
L100000820515,way/941198517-380,Cottbus
L100000820516,DE177-220,Saarbrucken
L100000820517,way/57727004-220,Kempten
L100000820518,way/29309786-380,BadHersfeld
L100000820519,way/108797675-380,Wurzburg
L100000820520,way/29084374-380,Amberg
L100000820521,DE43-220,Braunschweig
L100000820522,DE43-220,Braunschweig
L100000820523,way/57727004-220,Kempten
L100000820524,way/26472665-380,Magdeburg
L100000820525,way/941198517-380,Cottbus
L100000820526,way/26245195-380,Munich
L100000820527,way/108797675-380,Wurzburg
L100000820528,way/143882655-380,Jena
L100000820529,way/26472665-380,Magdeburg
L100000819704,way/275466323,Lubeck
L100001002772,way/143882655-380,Jena
L100001057128,way/29309786-380,BadHersfeld
L100001044254,way/143882655-380,Jena
L100001057129,DE43-220,Braunschweig
L100001057131,way/26245195-380,Munich
L100001057132,way/25306752-220,Ravensburg
L100001057134,DE43-220,Braunschweig
L100001057135,way/29309786-380,BadHersfeld
L100001043716,way/82130902-225,Offenburg
L100000819706,way/29309786-380,BadHersfeld
L100000820530,way/26245195-380,Munich
L100000819705,way/29084374-380,Amberg
L100000819763,DE173-220,Merzig
L100001057145,way/89176939-220,Trier
L100001044014,way/29084374-380,Amberg
L100000819707,way/143882655-380,Jena
L100000819708,way/29084374-380,Amberg
L100000819709,way/108797675-380,Wurzburg
L100000819710,way/108797675-380,Wurzburg
L100000819711,way/29084374-380,Amberg
L100001044619,way/42488850-380,Hamm
L100001057137,way/29084374-380,Amberg
L100000819712,way/29084374-380,Amberg
L100000819713,DE206-220,Muhldorf
L100000819714,way/29084374-380,Amberg
L100001057138,DE206-220,Muhldorf
L100000819715,DE205-380,Ulm
L100000819717,way/29084374-380,Amberg
L100001044233,DE205-380,Ulm
L100001044231,DE205-380,Ulm
L100000819716,way/108797675-380,Wurzburg
L100001057139,way/42488850-380,Hamm
L100001057140,way/26245195-380,Munich
L100000819718,way/108797675-380,Wurzburg
L100000819719,DE205-380,Ulm
L100000819720,way/108797675-380,Wurzburg
L100000819721,way/108797675-380,Wurzburg
L100000819722,way/108797675-380,Wurzburg
L100000819723,way/108797675-380,Wurzburg
L100000819724,way/108797675-380,Wurzburg
L100000819727,DE43-220,Braunschweig
L100000819734,way/29309786-380,BadHersfeld
L100000819728,way/29309786-380,BadHersfeld
L100000819729,way/29309786-380,BadHersfeld
L100000819730,way/108797675-380,Wurzburg
L100000819731,way/108797675-380,Wurzburg
L100000819732,way/29084374-380,Amberg
L100000819733,way/108797675-380,Wurzburg
L100000819735,DE205-380,Ulm
L100001044185,way/25306752-220,Ravensburg
L100000819736,way/29084374-380,Amberg
L100001057141,way/68532663-220,Weilheim
L100000819737,DE205-380,Ulm
L100000819738,way/1089911133-380,Hamburg
L100001057142,way/25306752-220,Ravensburg
L100000819740,way/108797675-380,Wurzburg
L100001057143,way/29309786-380,BadHersfeld
L100000819741,way/943135226-380,Chemnitz
L100000819742,way/26245195-380,Munich
L100000819743,way/108797675-380,Wurzburg
L100000819744,way/108797675-380,Wurzburg
L100000819745,way/26245195-380,Munich
L100000819746,way/143882655-380,Jena
L100001044446,way/24839976-380,Cologne
L100000819747,way/29309786-380,BadHersfeld
L100001043714,way/108797675-380,Wurzburg
L100000819748,way/108797675-380,Wurzburg
L100000819749,DE206-220,Muhldorf
L100000819750,DE206-220,Muhldorf
L100000819751,DE206-220,Muhldorf
L100000819752,DE206-220,Muhldorf
L100000819753,DE206-220,Muhldorf
L100000819754,DE206-220,Muhldorf
L100000819755,DE206-220,Muhldorf
L100000819756,DE206-220,Muhldorf
L100000819757,DE206-220,Muhldorf
L100000819758,way/29309786-380,BadHersfeld
L100000819759,way/57727004-220,Kempten
L100000819760,way/26472665-380,Magdeburg
L100001057144,way/42488850-380,Hamm
L100000819761,way/108797675-380,Wurzburg
L100000819725,way/29084374-380,Amberg
L100000819726,way/29084374-380,Amberg
L100001044028,way/29309786-380,BadHersfeld
L100000819762,DE209-380,VillingenSchwennin
L100001044841,way/29309786-380,BadHersfeld
L100001057146,DE43-220,Braunschweig
L100001044137,DE69-380,Dortmund
L100000819764,way/82130902-225,Offenburg
L100001044054,way/42488850-380,Hamm
L100000819765,way/29084374-380,Amberg
L100000819766,way/26472665-380,Magdeburg
L100000819767,way/143882655-380,Jena
L100001044290,DE177-220,Saarbrucken
L100001044722,way/57727004-220,Kempten
L100001057147,way/44717036-380,Bremen
L100001044229,way/525964617,Elmshorn
L100001044228,way/525964617,Elmshorn
L100001043739,DE206-220,Muhldorf
L100000819768,way/943135226-380,Chemnitz
L100000819769,way/24839976-380,Cologne
L100000819770,DE206-220,Muhldorf
L100000819771,way/26245195-380,Munich
L100000819772,way/26472665-380,Magdeburg
L100001044345,way/24839976-380,Cologne
L100000819773,DE177-220,Saarbrucken
L100000819774,DE206-220,Muhldorf
L100000819780,DE177-220,Saarbrucken
L100000819777,way/1094015892-380,Rostock
L100000819778,way/26245195-380,Munich
L100000819779,way/26245195-380,Munich
L100000819781,way/525964617,Elmshorn
L100000819782,way/108797675-380,Wurzburg
L100000819813,way/943135226-380,Chemnitz
L100000819783,DE206-220,Muhldorf
L100000819785,way/275466323,Lubeck
L100000819784,way/943135226-380,Chemnitz
L100001057148,DE206-220,Muhldorf
L100000819786,way/943135226-380,Chemnitz
L100001044457,way/42488850-380,Hamm
L100000819787,way/29309786-380,BadHersfeld
L100001057149,DE206-220,Muhldorf
L100000819789,DE205-380,Ulm
L100000819790,way/1089911133-380,Hamburg
L100001057150,DE206-220,Muhldorf
L100001044271,way/108797675-380,Wurzburg
L100000819791,way/26472665-380,Magdeburg
L100001044291,DE205-380,Ulm
L100000819792,way/943135226-380,Chemnitz
L100000819793,way/943135226-380,Chemnitz
L100001044304,way/275466323,Lubeck
L100001057151,way/24839976-380,Cologne
L100000819794,way/24839976-380,Cologne
L100000819795,DE69-380,Dortmund
L100000819796,DE206-220,Muhldorf
L100000819797,DE173-220,Merzig
L100000819798,way/57727004-220,Kempten
L100000819799,way/26245195-380,Munich
L100001043609,way/82130902-225,Offenburg
L100001043878,way/82130902-225,Offenburg
L100000819800,way/29084374-380,Amberg
L100001044820,way/87653464-400,FreiburgImBreisgau
L100000819801,way/25306752-220,Ravensburg
L100000819802,DE205-380,Ulm
L100001057152,way/29309786-380,BadHersfeld
L100001043741,way/26245195-380,Munich
L100000819803,way/26245195-380,Munich
L100000819804,way/943135226-380,Chemnitz
L100001044783,way/943135226-380,Chemnitz
L100000819805,DE206-220,Muhldorf
L100000819806,way/29084374-380,Amberg
L100000819807,DE206-220,Muhldorf
L100000819808,way/941198517-380,Cottbus
L100001043858,DE206-220,Muhldorf
L100000819809,DE206-220,Muhldorf
L100001057153,way/29309786-380,BadHersfeld
L100000819788,way/1128250707-380,Oldenburg
L100000819810,DE206-220,Muhldorf
L100000819811,DE206-220,Muhldorf
L100000819812,way/108797675-380,Wurzburg
L100001044383,way/26245195-380,Munich
L100000819814,way/26245195-380,Munich
L100000819815,DE206-220,Muhldorf
L100001057154,way/82130902-225,Offenburg
L100000819816,way/940919943,Gustrow
L100001057156,way/82130902-225,Offenburg
L100001044242,way/82130902-225,Offenburg
L100001044235,way/82130902-225,Offenburg
L100001044236,way/82130902-225,Offenburg
L100001044168,way/1094015892-380,Rostock
L100000819818,DE206-220,Muhldorf
L100001057155,DE206-220,Muhldorf
L100000819819,way/275466323,Lubeck
L100000819820,way/1094015892-380,Rostock
L100000819821,way/525964617,Elmshorn
L100000820532,way/25306752-220,Ravensburg
L100000820533,way/29084374-380,Amberg
L100000820534,way/29084374-380,Amberg
L100000820535,way/29084374-380,Amberg
L100000820536,way/29084374-380,Amberg
L100001002774,way/29084374-380,Amberg
L100001057157,DE206-220,Muhldorf
L100001057158,way/170123812-400,SchwedtOder
L100000820537,way/57727004-220,Kempten
L100001057159,way/170123812-400,SchwedtOder
L100001057160,way/82130902-225,Offenburg
L100000819822,way/26245195-380,Munich
L100000819823,DE206-220,Muhldorf
L100001044363,way/82130902-225,Offenburg
L100000820538,way/57727004-220,Kempten
L100000820539,way/57727004-220,Kempten
L100000820540,way/57727004-220,Kempten
L100000820541,way/57727004-220,Kempten
L100001057161,way/29084374-380,Amberg
L100000819824,DE43-220,Braunschweig
L100000819825,way/943135226-380,Chemnitz
L100000819826,DE206-220,Muhldorf
L100001081488,DE205-380,Ulm
L100001081489,way/143882655-380,Jena
L100001081490,DE62-380,Duisburg
L100001044374,DE173-220,Merzig
L100001043857,way/170123812-400,SchwedtOder
L100001044652,way/952346322-380,Rheine
L100001043834,way/525964617,Elmshorn
L100000819063,way/57727004-220,Kempten
L100000819064,DE206-220,Muhldorf
L100001002297,way/108797675-380,Wurzburg
L100000819065,way/26245195-380,Munich
L100000819066,DE177-220,Saarbrucken
L100000819067,DE43-220,Braunschweig
L100000819068,way/29084374-380,Amberg
L100000819069,way/29084374-380,Amberg
L100000819070,way/29084374-380,Amberg
L100000819071,way/29084374-380,Amberg
L100000819072,way/29084374-380,Amberg
L100000819073,way/29084374-380,Amberg
L100000819074,way/29084374-380,Amberg
L100001002298,DE173-220,Merzig
L100000817574,way/1094015892-380,Rostock
L100001043974,DE206-220,Muhldorf
L100000819078,way/170123812-400,SchwedtOder
L100000819079,way/943135226-380,Chemnitz
L100000819080,way/29084374-380,Amberg
L100001043758,way/29084374-380,Amberg
L100000819081,way/275466323,Lubeck
L100000819082,way/275466323,Lubeck
L100001002303,way/143882655-380,Jena
L100000819084,way/29084374-380,Amberg
L100000819085,way/29084374-380,Amberg
L100000819086,way/29084374-380,Amberg
L100000805929,way/1094015892-380,Rostock
L100000819087,way/29084374-380,Amberg
L100000819088,DE206-220,Muhldorf
L100001056796,way/52983550-380,FrankfurtOder
L100001056817,way/25306752-220,Ravensburg
L100001043896,way/82130902-225,Offenburg
L100000819089,DE205-380,Ulm
L100000819090,way/940919943,Gustrow
L100000819091,way/26472665-380,Magdeburg
L100000819092,way/82130902-225,Offenburg
L100000819093,way/89176939-220,Trier
L100000819094,way/170123812-400,SchwedtOder
L100001002306,way/943135226-380,Chemnitz
L100000819095,way/143882655-380,Jena
L100000819096,way/1094015892-380,Rostock
L100000819097,way/170123812-400,SchwedtOder
L100000819098,way/940919943,Gustrow
L100000819099,DE206-220,Muhldorf
L100000819100,way/108797675-380,Wurzburg
L100000819101,way/108797675-380,Wurzburg
L100000819102,way/108797675-380,Wurzburg
L100000819103,way/26245195-380,Munich
L100001056818,way/29309786-380,BadHersfeld
L100000819104,way/82130902-225,Offenburg
L100001002307,way/82130902-225,Offenburg
L100000806000,DE177-220,Saarbrucken
L100000819105,way/57727004-220,Kempten
L100001002308,way/82130902-225,Offenburg
L100001002309,DE205-380,Ulm
L100001043928,way/42488850-380,Hamm
L100001081453,way/1128250707-380,Oldenburg
L100000819110,way/82130902-225,Offenburg
L100001002312,DE209-380,VillingenSchwennin
L100001056819,way/52983550-380,FrankfurtOder
L100000819111,way/29309786-380,BadHersfeld
L100000819112,way/29309786-380,BadHersfeld
L100001043774,way/26245195-380,Munich
L100001056820,way/52983550-380,FrankfurtOder
L100000819113,way/42488850-380,Hamm
L100001081454,way/952346322-380,Rheine
L100001056821,way/29084374-380,Amberg
L100001044792,way/1128250707-380,Oldenburg
L100000819115,way/82130902-225,Offenburg
L100000819116,way/82130902-225,Offenburg
L100001056825,way/82130902-225,Offenburg
L100001056826,way/1094015892-380,Rostock
L100001056827,way/1094015892-380,Rostock
L100001056828,way/1094015892-380,Rostock
L100001056829,way/57727004-220,Kempten
L100001056830,way/170123812-400,SchwedtOder
L100001056831,way/1094015892-380,Rostock
L100001056832,way/1094015892-380,Rostock
L100001056833,way/108797675-380,Wurzburg
L100001044256,way/108797675-380,Wurzburg
L100001002314,way/82130902-225,Offenburg
L100001056823,DE69-380,Dortmund
L100000819117,way/108797675-380,Wurzburg
L100001043815,way/143882655-380,Jena
L100000819118,way/57727004-220,Kempten
L100001002315,way/143882655-380,Jena
L100001002316,DE43-220,Braunschweig
L100001044462,way/82130902-225,Offenburg
L100000819121,DE177-220,Saarbrucken
L100000819122,way/108797675-380,Wurzburg
L100000819123,way/29084374-380,Amberg
L100000819124,way/29084374-380,Amberg
L100001044468,DE205-380,Ulm
L100001044469,DE205-380,Ulm
L100001044470,DE205-380,Ulm
L100000819125,DE205-380,Ulm
L100001044224,way/82130902-225,Offenburg
L100000819126,way/108797675-380,Wurzburg
L100001056822,way/108797675-380,Wurzburg
L100001044667,way/143882655-380,Jena
L100001056824,way/29309786-380,BadHersfeld
L100001081455,way/35818134-220,Dusseldorf
L100000819127,way/108797675-380,Wurzburg
L100000819128,way/26472665-380,Magdeburg
L100000819129,way/26472665-380,Magdeburg
L100000819130,way/26472665-380,Magdeburg
L100000819131,way/143882655-380,Jena
L100000819132,way/143882655-380,Jena
L100000819133,way/26472665-380,Magdeburg
L100000819134,way/143882655-380,Jena
L100000819135,way/26472665-380,Magdeburg
L100000819136,way/52983550-380,FrankfurtOder
L100000819137,way/29084374-380,Amberg
L100000819139,way/941198517-380,Cottbus
L100000819138,way/941198517-380,Cottbus
L100001002317,way/108797675-380,Wurzburg
L100000819140,way/941198517-380,Cottbus
L100000819141,way/1089911133-380,Hamburg
L100000819142,way/1089911133-380,Hamburg
L100000819143,way/42488850-380,Hamm
L100000819144,DE205-380,Ulm
L100000819145,way/108797675-380,Wurzburg
L100000819146,way/26472665-380,Magdeburg
L100000819147,way/26245195-380,Munich
L100000819148,way/26472665-380,Magdeburg
L100000819149,way/26245195-380,Munich
L100000819150,DE205-380,Ulm
L100000819151,way/57727004-220,Kempten
L100000819106,way/143882655-380,Jena
L100000819107,way/143882655-380,Jena
L100000819153,way/943135226-380,Chemnitz
L100000819154,way/29309786-380,BadHersfeld
L100001081456,DE173-220,Merzig
L100001056834,way/29084374-380,Amberg
L100000819155,DE206-220,Muhldorf
L100001056835,way/29084374-380,Amberg
L100001044651,DE206-220,Muhldorf
L100001044702,way/29084374-380,Amberg
L100001002319,DE43-220,Braunschweig
L100000819158,way/26472665-380,Magdeburg
L100001043802,way/943135226-380,Chemnitz
L100000819159,way/143882655-380,Jena
L100001002320,DE206-220,Muhldorf
L100001056837,way/29084374-380,Amberg
L100001002321,way/1094015892-380,Rostock
L100001043833,way/1094015892-380,Rostock
L100001044333,way/1094015892-380,Rostock
L100000819161,way/143882655-380,Jena
L100001002322,way/25306752-220,Ravensburg
L100001003008,way/108797675-380,Wurzburg
L100001002323,way/943135226-380,Chemnitz
L100001002324,way/943135226-380,Chemnitz
L100001002325,way/143882655-380,Jena
L100000819164,way/941198517-380,Cottbus
L100000819165,way/449010725-380,Flensburg
L100001002326,way/143882655-380,Jena
L100000819166,way/26472665-380,Magdeburg
L100000819167,way/943135226-380,Chemnitz
L100001056838,way/29084374-380,Amberg
L100000819170,way/26245195-380,Munich
L100000806032,way/940919943,Gustrow
L100001002327,way/24839976-380,Cologne
L100001056839,way/943135226-380,Chemnitz
L100000819171,way/940919943,Gustrow
L100000819214,DE43-220,Braunschweig
L100001002428,way/108797675-380,Wurzburg
L100001044476,way/943135226-380,Chemnitz
L100000820531,way/24839976-380,Cologne
L100000820542,DE177-220,Saarbrucken
L100001002775,way/24839976-380,Cologne
L100001002776,way/952346322-380,Rheine
L100001043915,way/52983550-380,FrankfurtOder
L100001043709,DE209-380,VillingenSchwennin
L100001044067,way/1094015892-380,Rostock
L100000820543,way/525964617,Elmshorn
L100000820544,way/525964617,Elmshorn
L100001044828,way/26472665-380,Magdeburg
L100000820545,way/26472665-380,Magdeburg
L100000820546,way/29084374-380,Amberg
L100000820547,way/943135226-380,Chemnitz
L100000820553,way/941198517-380,Cottbus
L100000820554,way/941198517-380,Cottbus
L100000820555,DE205-380,Ulm
L100000820562,way/26472665-380,Magdeburg
L100000820563,way/26472665-380,Magdeburg
L100000820564,way/26472665-380,Magdeburg
L100000820565,way/26472665-380,Magdeburg
L100000820566,way/941198517-380,Cottbus
L100000820567,way/52983550-380,FrankfurtOder
L100000820568,way/108797675-380,Wurzburg
L100000820569,way/108797675-380,Wurzburg
L100000820570,way/170123812-400,SchwedtOder
L100000820571,way/170123812-400,SchwedtOder
L100000820572,way/170123812-400,SchwedtOder
L100000820573,way/170123812-400,SchwedtOder
L100000820574,way/26245195-380,Munich
L100001002783,way/44717036-380,Bremen
L100001002784,way/943135226-380,Chemnitz
L100001002785,way/943135226-380,Chemnitz
L100001057164,way/941198517-380,Cottbus
L100001057165,way/943135226-380,Chemnitz
L100001044107,way/24839976-380,Cologne
L100001002786,way/26472665-380,Magdeburg
L100001002787,way/26472665-380,Magdeburg
L100001002788,way/44717036-380,Bremen
L100001002789,way/44717036-380,Bremen
L100001002790,way/943135226-380,Chemnitz
L100001002791,way/1094015892-380,Rostock
L100001044301,way/170123812-400,SchwedtOder
L100001044303,way/170123812-400,SchwedtOder
L100001057169,DE206-220,Muhldorf
L100000820602,way/29309786-380,BadHersfeld
L100001002801,way/82130902-225,Offenburg
L100001002802,way/82130902-225,Offenburg
L100000820611,way/26472665-380,Magdeburg
L100000820610,way/143882655-380,Jena
L100000820623,way/143882655-380,Jena
L100001044158,DE205-380,Ulm
L100001043912,way/24839976-380,Cologne
L100001043767,way/24839976-380,Cologne
L100001002777,way/943135226-380,Chemnitz
L100001002778,way/943135226-380,Chemnitz
L100000820548,way/943135226-380,Chemnitz
L100000820549,way/943135226-380,Chemnitz
L100001002779,way/943135226-380,Chemnitz
L100000820550,way/943135226-380,Chemnitz
L100000820551,way/943135226-380,Chemnitz
L100001002780,way/26245195-380,Munich
L100000820552,DE209-380,VillingenSchwennin
L100001057162,way/1089911133-380,Hamburg
L100001002781,way/143882655-380,Jena
L100001003012,DE206-220,Muhldorf
L100001044370,way/170123812-400,SchwedtOder
L100001057163,way/170123812-400,SchwedtOder
L100001002782,way/108797675-380,Wurzburg
L100000820556,way/82130902-225,Offenburg
L100000820557,way/108797675-380,Wurzburg
L100001044733,DE206-220,Muhldorf
L100001057108,way/143882655-380,Jena
L100000820558,way/275466323,Lubeck
L100000820560,way/26472665-380,Magdeburg
L100000820561,way/44717036-380,Bremen
L100000805990,way/26472665-380,Magdeburg
L100001002792,way/29309786-380,BadHersfeld
L100000820577,way/26472665-380,Magdeburg
L100001002793,way/82130902-225,Offenburg
L100001057166,way/29084374-380,Amberg
L100001057167,way/29084374-380,Amberg
L100000820578,way/943135226-380,Chemnitz
L100000820579,way/44717036-380,Bremen
L100001002794,way/943135226-380,Chemnitz
L100001057168,way/108797675-380,Wurzburg
L100001043752,DE177-220,Saarbrucken
L100000820580,way/26472665-380,Magdeburg
L100000820581,way/29309786-380,BadHersfeld
L100000820582,way/940919943,Gustrow
L100000820583,way/170123812-400,SchwedtOder
L100000820584,way/170123812-400,SchwedtOder
L100000820585,way/143882655-380,Jena
L100000820587,way/943135226-380,Chemnitz
L100001044154,way/26472665-380,Magdeburg
L100000820588,DE206-220,Muhldorf
L100000820589,way/26245195-380,Munich
L100000820590,DE206-220,Muhldorf
L100000820591,way/26245195-380,Munich
L100000820592,way/29084374-380,Amberg
L100000820593,way/26245195-380,Munich
L100001057059,way/26472665-380,Magdeburg
L100001002796,way/943135226-380,Chemnitz
L100001043681,way/26245195-380,Munich
L100001044704,way/29084374-380,Amberg
L100000820594,DE177-220,Saarbrucken
L100000820595,way/35818134-220,Dusseldorf
L100001002797,way/525964617,Elmshorn
L100001002798,way/82130902-225,Offenburg
L100001002799,way/31131320-380,Friedrichshafen
L100000820596,way/31131320-380,Friedrichshafen
L100000820597,way/24839976-380,Cologne
L100000820598,way/82130902-225,Offenburg
L100000820599,way/26245195-380,Munich
L100000820600,way/943135226-380,Chemnitz
L100001002800,way/52983550-380,FrankfurtOder
L100000820601,way/943135226-380,Chemnitz
L100001057170,way/44717036-380,Bremen
L100001057171,way/44717036-380,Bremen
L100001057172,way/44717036-380,Bremen
L100000820605,way/525964617,Elmshorn
L100000820606,way/525964617,Elmshorn
L100000820607,way/525964617,Elmshorn
L100000820608,way/525964617,Elmshorn
L100000820609,way/525964617,Elmshorn
L100000805839,way/143882655-380,Jena
L100001057173,way/29084374-380,Amberg
L100000820613,way/31131320-380,Friedrichshafen
L100000820614,way/108797675-380,Wurzburg
L100000820615,way/108797675-380,Wurzburg
L100001044813,way/42488850-380,Hamm
L100001044814,way/44717036-380,Bremen
L100001044262,way/940919943,Gustrow
L100001057174,way/940919943,Gustrow
L100001044259,way/170123812-400,SchwedtOder
L100000820618,way/943135226-380,Chemnitz
L100000820619,way/943135226-380,Chemnitz
L100001002803,way/943135226-380,Chemnitz
L100000820620,way/26245195-380,Munich
L100000820621,DE205-380,Ulm
L100001002804,way/42488850-380,Hamm
L100000820622,way/941198517-380,Cottbus
L100000805837,way/941198517-380,Cottbus
L100001002805,way/29084374-380,Amberg
L100000820617,way/26472665-380,Magdeburg
L100000820616,way/26472665-380,Magdeburg
L100001043745,DE69-380,Dortmund
L100000820626,way/57727004-220,Kempten
L100000820603,way/143882655-380,Jena
L100001044699,way/29084374-380,Amberg
L100000820625,way/943135226-380,Chemnitz
L100000820624,way/943135226-380,Chemnitz
L100000820627,way/42488850-380,Hamm
L100000820628,way/1094015892-380,Rostock
L100001002806,DE205-380,Ulm
L100000820629,way/68532663-220,Weilheim
L100000820630,way/449010725-380,Flensburg
L100000820631,way/26472665-380,Magdeburg
L100000820632,way/29084374-380,Amberg
L100000820633,way/57727004-220,Kempten
L100001002807,way/943135226-380,Chemnitz
L100001002808,way/943135226-380,Chemnitz
L100001002809,way/943135226-380,Chemnitz
L100001002810,way/943135226-380,Chemnitz
L100001002811,way/943135226-380,Chemnitz
L100000820637,DE173-220,Merzig
L100000820638,DE173-220,Merzig
L100000820650,way/42488850-380,Hamm
L100000820651,way/943135226-380,Chemnitz
L100000820652,way/26472665-380,Magdeburg
L100000820653,way/29084374-380,Amberg
L100001002818,way/143882655-380,Jena
L100000820654,DE173-220,Merzig
L100001057180,way/44717036-380,Bremen
L100000820655,way/44717036-380,Bremen
L100000820656,DE43-220,Braunschweig
L100000820657,way/143882655-380,Jena
L100000820658,way/143882655-380,Jena
L100000820659,way/143882655-380,Jena
L100001057181,way/29309786-380,BadHersfeld
L100000820660,way/170123812-400,SchwedtOder
L100000820661,way/170123812-400,SchwedtOder
L100000820662,way/170123812-400,SchwedtOder
L100001044061,way/26472665-380,Magdeburg
L100001044610,way/275466323,Lubeck
L100001057182,DE62-380,Duisburg
L100001057183,way/42488850-380,Hamm
L100001057191,DE177-220,Saarbrucken
L100000820694,way/108797675-380,Wurzburg
L100001002825,way/89176939-220,Trier
L100001002826,DE69-380,Dortmund
L100001002827,way/25306752-220,Ravensburg
L100001002828,DE173-220,Merzig
L100001002829,way/42488850-380,Hamm
L100001002830,way/940919943,Gustrow
L100001002831,way/108797675-380,Wurzburg
L100001002832,way/108797675-380,Wurzburg
L100001002833,way/940919943,Gustrow
L100001002834,way/26472665-380,Magdeburg
L100001002835,way/143882655-380,Jena
L100001043794,DE205-380,Ulm
L100001043628,DE173-220,Merzig
L100001044713,DE177-220,Saarbrucken
L100001044042,DE205-380,Ulm
L100001043837,DE205-380,Ulm
L100001044546,DE173-220,Merzig
L100001043983,way/1089911133-380,Hamburg
L100001044655,way/82130902-225,Offenburg
L100001043720,way/25306752-220,Ravensburg
L100001044671,way/68532663-220,Weilheim
L100001057193,DE173-220,Merzig
L100001057194,DE173-220,Merzig
L100001057195,way/108797675-380,Wurzburg
L100001057196,DE173-220,Merzig
L100000820695,way/29309786-380,BadHersfeld
L100001057197,way/25306752-220,Ravensburg
L100001044064,DE173-220,Merzig
L100001081539,DE173-220,Merzig
L100001057198,way/143882655-380,Jena
L100001044046,way/26245195-380,Munich
L100001002836,way/26245195-380,Munich
L100000820699,way/941198517-380,Cottbus
L100001043721,way/26472665-380,Magdeburg
L100001002837,way/26245195-380,Munich
L100000820700,way/26245195-380,Munich
L100001002838,way/26245195-380,Munich
L100001002840,way/26245195-380,Munich
L100001044058,way/35818134-220,Dusseldorf
L100001057199,way/24839976-380,Cologne
L100001057200,way/1089911133-380,Hamburg
L100001057202,DE43-220,Braunschweig
L100001057203,DE43-220,Braunschweig
L100001057204,DE43-220,Braunschweig
L100001081540,DE69-380,Dortmund
L100000820714,DE173-220,Merzig
L100000820715,way/24839976-380,Cologne
L100000820716,way/26472665-380,Magdeburg
L100000820717,way/26472665-380,Magdeburg
L100001002846,way/82130902-225,Offenburg
L100001044079,way/26245195-380,Munich
L100000820721,DE173-220,Merzig
L100001002850,way/42488850-380,Hamm
L100001081542,way/42488850-380,Hamm
L100001002851,way/26245195-380,Munich
L100000820723,way/941198517-380,Cottbus
L100000820724,way/941198517-380,Cottbus
L100000820725,way/943135226-380,Chemnitz
L100001002853,way/943135226-380,Chemnitz
L100001057208,way/26472665-380,Magdeburg
L100000820726,way/44717036-380,Bremen
L100001044563,DE43-220,Braunschweig
L100001002854,way/143882655-380,Jena
L100000820727,way/29309786-380,BadHersfeld
L100000820728,way/26472665-380,Magdeburg
L100000820729,way/26472665-380,Magdeburg
L100001002855,way/29309786-380,BadHersfeld
L100000820730,way/26472665-380,Magdeburg
L100000820731,DE173-220,Merzig
L100000820736,way/108797675-380,Wurzburg
L100000820732,DE173-220,Merzig
L100000820733,DE173-220,Merzig
L100000820734,DE173-220,Merzig
L100001044308,way/1094015892-380,Rostock
L100000820735,DE173-220,Merzig
L100000820740,way/29309786-380,BadHersfeld
L100000820737,way/941198517-380,Cottbus
L100000820738,way/941198517-380,Cottbus
L100000820739,way/941198517-380,Cottbus
L100000820741,way/943135226-380,Chemnitz
L100000820742,way/943135226-380,Chemnitz
L100000820743,way/943135226-380,Chemnitz
L100000820744,way/943135226-380,Chemnitz
L100000820745,DE177-220,Saarbrucken
L100001002856,DE173-220,Merzig
L100000820746,way/42488850-380,Hamm
L100000820747,way/26472665-380,Magdeburg
L100001057209,way/1094015892-380,Rostock
L100000820748,DE43-220,Braunschweig
L100000820749,way/143882655-380,Jena
L100000820750,DE173-220,Merzig
L100000820751,DE173-220,Merzig
L100000820752,way/943135226-380,Chemnitz
L100001043818,way/26472665-380,Magdeburg
L100000820754,way/170123812-400,SchwedtOder
L100000820755,way/943135226-380,Chemnitz
L100000820756,way/26472665-380,Magdeburg
L100000820757,way/26472665-380,Magdeburg
L100000820758,way/108797675-380,Wurzburg
L100000820759,way/108797675-380,Wurzburg
L100000820760,way/143882655-380,Jena
L100001002857,way/29309786-380,BadHersfeld
L100001002858,way/143882655-380,Jena
L100000820761,way/1089911133-380,Hamburg
L100000820762,way/1089911133-380,Hamburg
L100000820763,way/26472665-380,Magdeburg
L100000820764,way/143882655-380,Jena
L100000820765,way/1094015892-380,Rostock
L100001044211,way/29309786-380,BadHersfeld
L100000820753,way/42488850-380,Hamm
L100000820766,way/1128250707-380,Oldenburg
L100001002859,way/26472665-380,Magdeburg
L100001002860,DE69-380,Dortmund
L100000820767,way/29309786-380,BadHersfeld
L100000820768,way/29309786-380,BadHersfeld
L100001044650,way/29309786-380,BadHersfeld
L100001057210,way/26245195-380,Munich
L100001057211,way/29084374-380,Amberg
L100000820769,way/143882655-380,Jena
L100001002862,DE43-220,Braunschweig
L100000820778,DE173-220,Merzig
L100000821860,way/108797675-380,Wurzburg
L100001057403,DE177-220,Saarbrucken
L100001057404,DE206-220,Muhldorf
L100000821885,way/275466323,Lubeck
L100001003078,way/275466323,Lubeck
L100000821886,way/26245195-380,Munich
L100000821887,way/26245195-380,Munich
L100000821888,way/26245195-380,Munich
L100000821889,way/26245195-380,Munich
L100001057405,way/26245195-380,Munich
L100001044396,way/26245195-380,Munich
L100000821890,way/108797675-380,Wurzburg
L100000821891,DE205-380,Ulm
L100001081593,way/108797675-380,Wurzburg
L100000821892,way/26245195-380,Munich
L100000821893,way/26245195-380,Munich
L100000821894,way/26245195-380,Munich
L100000821895,way/108797675-380,Wurzburg
L100000821896,way/275466323,Lubeck
L100000821897,way/26472665-380,Magdeburg
L100001043939,way/29084374-380,Amberg
L100000821898,way/26245195-380,Munich
L100001003079,way/26245195-380,Munich
L100001057406,way/943135226-380,Chemnitz
L100001057407,way/943135226-380,Chemnitz
L100001044613,way/943135226-380,Chemnitz
L100001044527,way/26245195-380,Munich
L100000821899,DE43-220,Braunschweig
L100001081594,way/29084374-380,Amberg
L100000821900,way/943135226-380,Chemnitz
L100000821901,way/943135226-380,Chemnitz
L100000821902,DE177-220,Saarbrucken
L100000821903,way/44717036-380,Bremen
L100000821904,way/170123812-400,SchwedtOder
L100000821905,way/26245195-380,Munich
L100000821906,way/29309786-380,BadHersfeld
L100000821907,way/26472665-380,Magdeburg
L100000821908,way/29309786-380,BadHersfeld
L100000821909,way/525964617,Elmshorn
L100000821910,way/525964617,Elmshorn
L100000821911,way/143882655-380,Jena
L100000821912,way/143882655-380,Jena
L100000821913,way/29084374-380,Amberg
L100001057408,way/943135226-380,Chemnitz
L100000821915,DE205-380,Ulm
L100000821916,DE205-380,Ulm
L100000821914,way/941198517-380,Cottbus
L100000821917,way/57727004-220,Kempten
L100000821918,way/943135226-380,Chemnitz
L100001003080,way/26245195-380,Munich
L100000821919,way/42488850-380,Hamm
L100000821920,way/1128250707-380,Oldenburg
L100001057409,way/82130902-225,Offenburg
L100001044265,way/29084374-380,Amberg
L100000821921,way/26245195-380,Munich
L100000821922,way/57727004-220,Kempten
L100001057410,DE209-380,VillingenSchwennin
L100000821923,way/29084374-380,Amberg
L100001057411,DE209-380,VillingenSchwennin
L100001044197,way/1094015892-380,Rostock
L100000821924,DE205-380,Ulm
L100000821925,way/940919943,Gustrow
L100000821926,way/26472665-380,Magdeburg
L100000821927,way/143882655-380,Jena
L100001081595,DE206-220,Muhldorf
L100000821928,way/941198517-380,Cottbus
L100000821929,way/941198517-380,Cottbus
L100000821930,way/275466323,Lubeck
L100000821931,way/941198517-380,Cottbus
L100000821932,way/26245195-380,Munich
L100000821933,way/943135226-380,Chemnitz
L100000821934,way/29084374-380,Amberg
L100001057413,way/24839976-380,Cologne
L100001043938,way/29084374-380,Amberg
L100000821935,way/170123812-400,SchwedtOder
L100000821936,way/26472665-380,Magdeburg
L100000821937,way/143882655-380,Jena
L100000821938,way/29309786-380,BadHersfeld
L100000821939,way/29084374-380,Amberg
L100000821940,way/29084374-380,Amberg
L100001044497,way/29084374-380,Amberg
L100000821941,way/275466323,Lubeck
L100001043943,way/29084374-380,Amberg
L100000821942,way/26245195-380,Munich
L100001044136,way/26245195-380,Munich
L100001081596,way/26245195-380,Munich
L100001081597,way/26245195-380,Munich
L100001081598,way/26245195-380,Munich
L100001081599,way/26245195-380,Munich
L100001081600,way/26245195-380,Munich
L100001003081,way/26245195-380,Munich
L100000821943,way/26245195-380,Munich
L100000821944,way/449010725-380,Flensburg
L100000821946,way/1094015892-380,Rostock
L100001081601,way/29084374-380,Amberg
L100001081602,way/29084374-380,Amberg
L100000821947,way/525964617,Elmshorn
L100001044066,DE209-380,VillingenSchwennin
L100000821945,way/29084374-380,Amberg
L100001081603,way/82130902-225,Offenburg
L100001081604,way/108797675-380,Wurzburg
L100000821948,way/108797675-380,Wurzburg
L100000821949,way/943135226-380,Chemnitz
L100000821950,way/943135226-380,Chemnitz
L100001003085,way/26245195-380,Munich
L100000821951,way/26245195-380,Munich
L100001003084,way/29084374-380,Amberg
L100000821952,DE173-220,Merzig
L100000821953,way/108797675-380,Wurzburg
L100000821954,way/26245195-380,Munich
L100000821955,DE206-220,Muhldorf
L100000821956,way/42488850-380,Hamm
L100001081605,way/26472665-380,Magdeburg
L100001081606,way/26472665-380,Magdeburg
L100001081607,way/26472665-380,Magdeburg
L100000821957,way/29084374-380,Amberg
L100000821958,way/26245195-380,Munich
L100000821963,way/1094015892-380,Rostock
L100000821959,way/29309786-380,BadHersfeld
L100000821960,way/26245195-380,Munich
L100000821961,way/26245195-380,Munich
L100000821962,way/24839976-380,Cologne
L100000821964,way/1128250707-380,Oldenburg
L100001003086,way/26245195-380,Munich
L100001003087,way/26245195-380,Munich
L100000821965,way/26245195-380,Munich
L100001043940,way/29084374-380,Amberg
L100000821966,way/26245195-380,Munich
L100001057414,way/26245195-380,Munich
L100001003088,way/26245195-380,Munich
L100000821967,way/26245195-380,Munich
L100000821969,way/941198517-380,Cottbus
L100000821970,way/525964617,Elmshorn
L100000821971,way/42488850-380,Hamm
L100000821968,way/26245195-380,Munich
L100001043941,way/29084374-380,Amberg
L100000821972,way/26472665-380,Magdeburg
L100000821973,way/26472665-380,Magdeburg
L100001057415,way/943135226-380,Chemnitz
L100000821974,way/26245195-380,Munich
L100000821975,way/26245195-380,Munich
L100000821976,way/29084374-380,Amberg
L100001003089,way/29084374-380,Amberg
L100001057416,way/108797675-380,Wurzburg
L100000821977,way/29084374-380,Amberg
L100001044726,DE209-380,VillingenSchwennin
L100000821978,way/941198517-380,Cottbus
L100001081608,DE206-220,Muhldorf
L100000821979,way/42488850-380,Hamm
L100001003091,DE177-220,Saarbrucken
L100001044353,DE177-220,Saarbrucken
L100001003092,DE177-220,Saarbrucken
L100000821980,DE173-220,Merzig
L100000821981,DE173-220,Merzig
L100001043942,way/29084374-380,Amberg
L100000821982,way/42488850-380,Hamm
L100000821983,way/143882655-380,Jena
L100001043708,DE205-380,Ulm
L100001043994,way/108797675-380,Wurzburg
L100001044589,way/108797675-380,Wurzburg
L100001003090,way/29084374-380,Amberg
L100000821984,way/42488850-380,Hamm
L100000821985,way/24839976-380,Cologne
L100000821986,way/42488850-380,Hamm
L100000821987,way/42488850-380,Hamm
L100000821988,way/29084374-380,Amberg
L100000821989,way/29084374-380,Amberg
L100000821990,DE205-380,Ulm
L100000821991,way/29309786-380,BadHersfeld
L100000821992,way/1094015892-380,Rostock
L100000821993,DE209-380,VillingenSchwennin
L100000821994,way/170123812-400,SchwedtOder
L100000821995,way/26472665-380,Magdeburg
L100001044557,way/525964617,Elmshorn
L100001044495,way/525964617,Elmshorn
L100000821996,way/275466323,Lubeck
L100000821997,way/26245195-380,Munich
L100000821998,way/108797675-380,Wurzburg
L100000821999,DE206-220,Muhldorf
L100000822000,DE206-220,Muhldorf
L100001003093,way/26245195-380,Munich
L100001081609,way/29084374-380,Amberg
L100000822001,way/44717036-380,Bremen
L100000822002,way/26245195-380,Munich
L100000822003,way/26245195-380,Munich
L100000822004,way/170123812-400,SchwedtOder
L100000822005,way/940919943,Gustrow
L100000822006,way/1094015892-380,Rostock
L100000822007,way/941198517-380,Cottbus
L100000822008,way/26245195-380,Munich
L100000822009,way/29084374-380,Amberg
L100000822010,way/29084374-380,Amberg
L100001044171,way/170123812-400,SchwedtOder
L100000822011,way/42488850-380,Hamm
L100000822012,way/26245195-380,Munich
L100001003094,DE177-220,Saarbrucken
L100001003095,DE177-220,Saarbrucken
L100000822013,way/29084374-380,Amberg
L100000822014,way/26472665-380,Magdeburg
L100000822015,way/170123812-400,SchwedtOder
L100000822016,DE205-380,Ulm
L100000822017,DE43-220,Braunschweig
L100001003096,DE177-220,Saarbrucken
L100000822018,DE177-220,Saarbrucken
L100001043593,way/170123812-400,SchwedtOder
L100001043788,way/26245195-380,Munich
L100001044491,way/29084374-380,Amberg
L100000822019,way/943135226-380,Chemnitz
L100000822020,way/275466323,Lubeck
L100000822021,DE205-380,Ulm
L100000822023,way/143882655-380,Jena
L100000822025,way/24839976-380,Cologne
L100000822024,way/59026005-380,Gorlitz
L100000822026,way/59026005-380,Gorlitz
L100000822028,way/24839976-380,Cologne
L100000822027,DE206-220,Muhldorf
L100001003098,way/143882655-380,Jena
L100000822030,way/108797675-380,Wurzburg
L100000822031,way/143882655-380,Jena
L100000822033,way/943135226-380,Chemnitz
L100000822034,way/943135226-380,Chemnitz
L100000822035,way/89176939-220,Trier
L100001044101,way/941198517-380,Cottbus
L100000822036,way/943135226-380,Chemnitz
L100000822037,way/59026005-380,Gorlitz
L100000822038,way/143882655-380,Jena
L100000822039,way/87653464-400,FreiburgImBreisgau
L100000822040,way/943135226-380,Chemnitz
L100000822041,way/29309786-380,BadHersfeld
L100000822042,way/42488850-380,Hamm
L100000822050,way/26472665-380,Magdeburg
L100001003103,way/29309786-380,BadHersfeld
L100001044794,DE43-220,Braunschweig
L100001044795,DE43-220,Braunschweig
L100001044309,way/29084374-380,Amberg
L100001044533,way/29084374-380,Amberg
L100001043717,way/82130902-225,Offenburg
L100001003109,way/52983550-380,FrankfurtOder
L100001057424,way/943135226-380,Chemnitz
L100001057425,way/943135226-380,Chemnitz
L100001044099,way/943135226-380,Chemnitz
L100001003110,way/35818134-220,Dusseldorf
L100001003111,way/35818134-220,Dusseldorf
L100000820634,way/941198517-380,Cottbus
L100000820635,way/941198517-380,Cottbus
L100000820636,way/108797675-380,Wurzburg
L100001002812,DE43-220,Braunschweig
L100000817591,way/26245195-380,Munich
L100000820639,DE206-220,Muhldorf
L100001057177,way/26245195-380,Munich
L100000820640,way/26472665-380,Magdeburg
L100001002813,way/29309786-380,BadHersfeld
L100000820641,way/29309786-380,BadHersfeld
L100001002814,way/26472665-380,Magdeburg
L100001057178,way/42488850-380,Hamm
L100001002815,way/26472665-380,Magdeburg
L100001044153,way/26472665-380,Magdeburg
L100000820642,way/1089911133-380,Hamburg
L100000820643,way/26472665-380,Magdeburg
L100000820644,way/26472665-380,Magdeburg
L100000820645,way/82773910-400,Neunkirchen
L100000820646,way/82773910-400,Neunkirchen
L100001057179,way/24839976-380,Cologne
L100000820648,DE173-220,Merzig
L100000820649,way/449010725-380,Flensburg
L100001002816,way/449010725-380,Flensburg
L100001043757,way/82130902-225,Offenburg
L100000820663,way/44717036-380,Bremen
L100001044393,way/525964617,Elmshorn
L100001044206,way/25306752-220,Ravensburg
L100001044205,way/25306752-220,Ravensburg
L100001044045,way/42488850-380,Hamm
L100001044170,DE205-380,Ulm
L100001044373,DE173-220,Merzig
L100000820664,way/943135226-380,Chemnitz
L100000820665,way/943135226-380,Chemnitz
L100001002820,DE205-380,Ulm
L100001002821,DE205-380,Ulm
L100001081538,way/26472665-380,Magdeburg
L100001004444,way/941198517-380,Cottbus
L100000820667,way/29084374-380,Amberg
L100000820668,way/29084374-380,Amberg
L100001044796,way/29084374-380,Amberg
L100000820669,way/29084374-380,Amberg
L100001044096,way/44717036-380,Bremen
L100001057184,way/82130902-225,Offenburg
L100001057185,way/943135226-380,Chemnitz
L100000820670,way/941198517-380,Cottbus
L100001002823,way/943135226-380,Chemnitz
L100000820671,way/943135226-380,Chemnitz
L100000820672,way/943135226-380,Chemnitz
L100000820673,way/943135226-380,Chemnitz
L100001057186,way/143882655-380,Jena
L100000820674,way/143882655-380,Jena
L100000820675,way/29084374-380,Amberg
L100000820676,way/1094015892-380,Rostock
L100000820677,way/26472665-380,Magdeburg
L100001044349,DE205-380,Ulm
L100000820678,way/57727004-220,Kempten
L100001057187,way/943135226-380,Chemnitz
L100000820679,DE205-380,Ulm
L100000805707,way/26245195-380,Munich
L100000820685,DE205-380,Ulm
L100001044218,way/449010725-380,Flensburg
L100001057062,way/52983550-380,FrankfurtOder
L100000820686,way/143882655-380,Jena
L100001044756,DE206-220,Muhldorf
L100000822085,way/57727004-220,Kempten
L100000820687,DE43-220,Braunschweig
L100000820688,DE43-220,Braunschweig
L100000820689,way/941198517-380,Cottbus
L100001002824,way/941198517-380,Cottbus
L100000820690,way/941198517-380,Cottbus
L100001057188,way/108797675-380,Wurzburg
L100000820691,DE206-220,Muhldorf
L100001043844,way/29084374-380,Amberg
L100001044173,way/26472665-380,Magdeburg
L100000820693,DE69-380,Dortmund
L100001057189,way/25306752-220,Ravensburg
L100001057190,way/82130902-225,Offenburg
L100001043989,way/26245195-380,Munich
L100000820680,way/26245195-380,Munich
L100000820681,way/275466323,Lubeck
L100000820682,way/26472665-380,Magdeburg
L100000820683,way/170123812-400,SchwedtOder
L100001044819,way/26472665-380,Magdeburg
L100001044581,way/26472665-380,Magdeburg
L100001044586,way/26472665-380,Magdeburg
L100001044585,way/26472665-380,Magdeburg
L100000820684,way/943135226-380,Chemnitz
L100001044715,way/1094015892-380,Rostock
L100001043862,way/525964617,Elmshorn
L100000820698,way/108797675-380,Wurzburg
L100000820701,way/68532663-220,Weilheim
L100000820702,way/68532663-220,Weilheim
L100000820703,way/108797675-380,Wurzburg
L100001002839,way/275466323,Lubeck
L100000820704,way/52983550-380,FrankfurtOder
L100000820705,DE43-220,Braunschweig
L100001002841,way/29309786-380,BadHersfeld
L100001043831,way/82130902-225,Offenburg
L100001043843,way/26245195-380,Munich
L100001002842,way/35818134-220,Dusseldorf
L100001002843,way/143882655-380,Jena
L100001002844,way/35818134-220,Dusseldorf
L100001057201,DE206-220,Muhldorf
L100000805842,way/941198517-380,Cottbus
L100000805946,way/941198517-380,Cottbus
L100000820706,way/143882655-380,Jena
L100000820707,way/941198517-380,Cottbus
L100000820708,way/108797675-380,Wurzburg
L100000820710,way/108797675-380,Wurzburg
L100001081541,way/108797675-380,Wurzburg
L100000820709,way/143882655-380,Jena
L100000820712,way/943135226-380,Chemnitz
L100001057205,way/1094015892-380,Rostock
L100001057206,way/42488850-380,Hamm
L100000820718,way/88916034-380,Lorrach
L100001057207,way/25306752-220,Ravensburg
L100000817588,DE206-220,Muhldorf
L100000820719,DE205-380,Ulm
L100000820720,way/82130902-225,Offenburg
L100001044375,way/82130902-225,Offenburg
L100000820722,way/941198517-380,Cottbus
L100001002852,way/24839976-380,Cologne
L100000820770,DE43-220,Braunschweig
L100000820771,way/170123812-400,SchwedtOder
L100000820772,way/1094015892-380,Rostock
L100000820773,way/108797675-380,Wurzburg
L100000820774,way/1094015892-380,Rostock
L100000821856,way/108797675-380,Wurzburg
L100000820775,DE173-220,Merzig
L100000820776,way/943135226-380,Chemnitz
L100000820777,way/29084374-380,Amberg
L100001057221,DE62-380,Duisburg
L100001044637,way/1094015892-380,Rostock
L100000820780,way/108797675-380,Wurzburg
L100000820781,way/29084374-380,Amberg
L100000820782,way/943135226-380,Chemnitz
L100000820783,way/26472665-380,Magdeburg
L100000820785,way/29309786-380,BadHersfeld
L100000820786,DE62-380,Duisburg
L100000820787,DE43-220,Braunschweig
L100000820788,way/943135226-380,Chemnitz
L100001044249,way/941198517-380,Cottbus
L100000820789,way/42488850-380,Hamm
L100000820790,DE177-220,Saarbrucken
L100000820792,way/82130902-225,Offenburg
L100001044258,way/941198517-380,Cottbus
L100001044263,way/941198517-380,Cottbus
L100001044260,way/941198517-380,Cottbus
L100001044275,way/941198517-380,Cottbus
L100001044280,way/941198517-380,Cottbus
L100000820793,way/941198517-380,Cottbus
L100001044636,way/943135226-380,Chemnitz
L100000820794,way/44717036-380,Bremen
L100000820797,way/26245195-380,Munich
L100000820795,way/941198517-380,Cottbus
L100000820796,way/941198517-380,Cottbus
L100001043925,way/143882655-380,Jena
L100000820798,way/26472665-380,Magdeburg
L100000820799,way/26472665-380,Magdeburg
L100001002867,way/1094015892-380,Rostock
L100000820801,way/57727004-220,Kempten
L100000820802,way/143882655-380,Jena
L100000820803,way/108797675-380,Wurzburg
L100001002868,way/42488850-380,Hamm
L100001043804,way/943135226-380,Chemnitz
L100000820804,way/29309786-380,BadHersfeld
L100001002870,way/1094015892-380,Rostock
L100001057226,DE62-380,Duisburg
L100000820929,way/1280840211-380,Emden
L100000820805,DE43-220,Braunschweig
L100000821602,DE209-380,VillingenSchwennin
L100001044529,DE205-380,Ulm
L100000821853,DE69-380,Dortmund
L100001057214,way/29084374-380,Amberg
L100001043897,way/943135226-380,Chemnitz
L100000820806,way/29084374-380,Amberg
L100000820807,way/1094015892-380,Rostock
L100000820808,way/941198517-380,Cottbus
L100001044078,way/170123812-400,SchwedtOder
L100001044080,way/170123812-400,SchwedtOder
L100001044221,way/943135226-380,Chemnitz
L100001081543,way/24839976-380,Cologne
L100000820810,way/108797675-380,Wurzburg
L100000820811,way/1089911133-380,Hamburg
L100000820812,way/82130902-225,Offenburg
L100000820813,way/82130902-225,Offenburg
L100001057215,way/943135226-380,Chemnitz
L100001002873,way/82130902-225,Offenburg
L100001057216,way/26245195-380,Munich
L100000820814,way/108797675-380,Wurzburg
L100000820817,DE69-380,Dortmund
L100000820818,DE69-380,Dortmund
L100000820820,way/1094015892-380,Rostock
L100000820821,way/941198517-380,Cottbus
L100000820819,way/108797675-380,Wurzburg
L100001044024,DE206-220,Muhldorf
L100000820822,DE177-220,Saarbrucken
L100000820823,DE177-220,Saarbrucken
L100000820824,way/941198517-380,Cottbus
L100000820825,DE177-220,Saarbrucken
L100001043961,way/26245195-380,Munich
L100000820828,DE177-220,Saarbrucken
L100000820827,way/26245195-380,Munich
L100001057217,way/82773910-400,Neunkirchen
L100000820829,DE177-220,Saarbrucken
L100000820830,way/941198517-380,Cottbus
L100001044010,DE205-380,Ulm
L100001057218,way/35818134-220,Dusseldorf
L100000820831,way/108797675-380,Wurzburg
L100001043663,way/108797675-380,Wurzburg
L100000820832,way/940919943,Gustrow
L100000820833,way/29084374-380,Amberg
L100000820834,way/143882655-380,Jena
L100000820835,way/143882655-380,Jena
L100000820836,way/941198517-380,Cottbus
L100001044194,way/24839976-380,Cologne
L100000820837,way/57727004-220,Kempten
L100001002877,way/25306752-220,Ravensburg
L100000820840,way/943135226-380,Chemnitz
L100000820838,way/1094015892-380,Rostock
L100000820839,way/1094015892-380,Rostock
L100001043981,way/24839976-380,Cologne
L100001044113,way/24839976-380,Cologne
L100001057219,way/24839976-380,Cologne
L100001002878,way/1094015892-380,Rostock
L100001002875,DE69-380,Dortmund
L100001057220,way/1128250707-380,Oldenburg
L100000820809,way/943135226-380,Chemnitz
L100001044641,way/108797675-380,Wurzburg
L100000820842,way/25306752-220,Ravensburg
L100000820843,way/26472665-380,Magdeburg
L100001002879,way/24839976-380,Cologne
L100000820844,way/108797675-380,Wurzburg
L100000820846,way/42488850-380,Hamm
L100001002881,way/108797675-380,Wurzburg
L100001057222,way/449010725-380,Flensburg
L100001044114,DE43-220,Braunschweig
L100000820847,way/449010725-380,Flensburg
L100000820848,way/26245195-380,Munich
L100000820849,way/26245195-380,Munich
L100000820850,way/449010725-380,Flensburg
L100000820851,way/1094015892-380,Rostock
L100001002882,way/29084374-380,Amberg
L100001057223,way/525964617,Elmshorn
L100000820852,way/26245195-380,Munich
L100000820853,DE206-220,Muhldorf
L100001002883,DE205-380,Ulm
L100000820854,way/29084374-380,Amberg
L100001002884,way/29084374-380,Amberg
L100000820855,way/29309786-380,BadHersfeld
L100000820856,way/29309786-380,BadHersfeld
L100000820857,way/82130902-225,Offenburg
L100000820858,way/108797675-380,Wurzburg
L100000820859,way/108797675-380,Wurzburg
L100000820860,way/108797675-380,Wurzburg
L100000820861,way/89176939-220,Trier
L100000820862,way/89176939-220,Trier
L100000820863,way/108797675-380,Wurzburg
L100000820864,way/108797675-380,Wurzburg
L100000820865,way/1094015892-380,Rostock
L100000820866,way/108797675-380,Wurzburg
L100000820867,way/449010725-380,Flensburg
L100001044134,way/89176939-220,Trier
L100001044147,way/89176939-220,Trier
L100000820868,DE173-220,Merzig
L100000820869,way/943135226-380,Chemnitz
L100000820870,way/89176939-220,Trier
L100001043627,way/89176939-220,Trier
L100000820871,way/24839976-380,Cologne
L100000820872,way/82130902-225,Offenburg
L100001002885,DE69-380,Dortmund
L100001044595,way/143882655-380,Jena
L100000820873,DE173-220,Merzig
L100000820874,way/943135226-380,Chemnitz
L100000820875,DE177-220,Saarbrucken
L100000820876,way/57727004-220,Kempten
L100001043950,DE69-380,Dortmund
L100000822061,way/108797675-380,Wurzburg
L100000820877,way/108797675-380,Wurzburg
L100000820878,way/108797675-380,Wurzburg
L100000820879,way/108797675-380,Wurzburg
L100001044323,way/170123812-400,SchwedtOder
L100001044324,way/170123812-400,SchwedtOder
L100000820880,way/108797675-380,Wurzburg
L100000820881,way/449010725-380,Flensburg
L100000820882,way/89176939-220,Trier
L100001002886,way/89176939-220,Trier
L100000820883,way/89176939-220,Trier
L100000820884,way/108797675-380,Wurzburg
L100000820885,way/26245195-380,Munich
L100000820886,DE173-220,Merzig
L100000820887,DE173-220,Merzig
L100000820888,way/26472665-380,Magdeburg
L100000820889,DE173-220,Merzig
L100000820890,DE173-220,Merzig
L100000820891,way/108797675-380,Wurzburg
L100001002888,way/89176939-220,Trier
L100000820892,way/89176939-220,Trier
L100000820893,DE173-220,Merzig
L100000820894,DE173-220,Merzig
L100000820895,DE173-220,Merzig
L100000820896,DE173-220,Merzig
L100000820897,way/108797675-380,Wurzburg
L100001057225,way/108797675-380,Wurzburg
L100000820898,way/108797675-380,Wurzburg
L100000820899,DE173-220,Merzig
L100001002889,way/89176939-220,Trier
L100000820901,way/89176939-220,Trier
L100000820900,DE173-220,Merzig
L100000820902,DE173-220,Merzig
L100000820903,way/26472665-380,Magdeburg
L100000820904,way/108797675-380,Wurzburg
L100000820905,DE177-220,Saarbrucken
L100000820906,way/108797675-380,Wurzburg
L100000820907,way/108797675-380,Wurzburg
L100000820908,way/108797675-380,Wurzburg
L100001002890,way/89176939-220,Trier
L100001043626,way/89176939-220,Trier
L100000820909,DE177-220,Saarbrucken
L100001002891,way/89176939-220,Trier
L100001002892,way/89176939-220,Trier
L100000820910,way/82773910-400,Neunkirchen
L100000820911,way/89176939-220,Trier
L100000820913,DE177-220,Saarbrucken
L100000820914,way/29084374-380,Amberg
L100000820915,way/108797675-380,Wurzburg
L100001002893,way/89176939-220,Trier
L100001044683,way/108797675-380,Wurzburg
L100001043785,way/108797675-380,Wurzburg
L100000820916,way/108797675-380,Wurzburg
L100000820912,way/57727004-220,Kempten
L100000820919,way/25306752-220,Ravensburg
L100000820920,way/25306752-220,Ravensburg
L100001003038,DE206-220,Muhldorf
L100001003037,way/29084374-380,Amberg
L100000820921,DE43-220,Braunschweig
L100000820923,way/143882655-380,Jena
L100000820922,way/108797675-380,Wurzburg
L100000820924,way/26245195-380,Munich
L100001044012,way/143882655-380,Jena
L100001044020,way/68532663-220,Weilheim
L100000820925,DE43-220,Braunschweig
L100000820926,way/143882655-380,Jena
L100000820927,way/29309786-380,BadHersfeld
L100000820928,way/108797675-380,Wurzburg
L100001044267,DE209-380,VillingenSchwennin
L100001057229,way/44717036-380,Bremen
L100001057230,DE205-380,Ulm
L100000820930,way/26245195-380,Munich
L100000820931,way/26245195-380,Munich
L100001002895,way/26245195-380,Munich
L100000820932,way/108797675-380,Wurzburg
L100001002896,way/108797675-380,Wurzburg
L100000820933,way/940919943,Gustrow
L100000820934,way/57727004-220,Kempten
L100000820935,way/57727004-220,Kempten
L100000820936,way/57727004-220,Kempten
L100001044145,way/108797675-380,Wurzburg
L100001002897,way/26245195-380,Munich
L100001002898,way/26245195-380,Munich
L100000820937,DE206-220,Muhldorf
L100001081544,way/108797675-380,Wurzburg
L100001002899,way/108797675-380,Wurzburg
L100000820938,DE206-220,Muhldorf
L100000820939,way/1094015892-380,Rostock
L100000820940,way/108797675-380,Wurzburg
L100001081545,way/26245195-380,Munich
L100001044415,way/26245195-380,Munich
L100001081546,way/26245195-380,Munich
L100000820941,DE205-380,Ulm
L100000820942,DE205-380,Ulm
L100000820943,way/26472665-380,Magdeburg
L100000820944,DE177-220,Saarbrucken
L100000820945,way/940919943,Gustrow
L100001081547,way/29084374-380,Amberg
L100001002900,way/29084374-380,Amberg
L100001002901,way/29084374-380,Amberg
L100000820946,way/29084374-380,Amberg
L100000820947,way/29084374-380,Amberg
L100001043764,way/29084374-380,Amberg
L100000820948,way/108797675-380,Wurzburg
L100000820949,way/57727004-220,Kempten
L100001081548,way/26245195-380,Munich
L100001057231,way/26245195-380,Munich
L100001044288,way/29084374-380,Amberg
L100001044164,way/108797675-380,Wurzburg
L100000820953,way/29309786-380,BadHersfeld
L100001044451,way/29084374-380,Amberg
L100000820954,way/29084374-380,Amberg
L100001002903,DE205-380,Ulm
L100000820955,DE206-220,Muhldorf
L100000820956,way/170123812-400,SchwedtOder
L100000820957,way/170123812-400,SchwedtOder
L100000820958,way/941198517-380,Cottbus
L100001002904,way/42488850-380,Hamm
L100001057233,way/108797675-380,Wurzburg
L100000820959,way/26472665-380,Magdeburg
L100001002905,way/26245195-380,Munich
L100000820960,way/1094015892-380,Rostock
L100001043777,way/26245195-380,Munich
L100000820961,way/26472665-380,Magdeburg
L100000820962,way/29084374-380,Amberg
L100000820963,way/29084374-380,Amberg
L100000820964,way/26472665-380,Magdeburg
L100000820965,DE206-220,Muhldorf
L100000820966,way/26472665-380,Magdeburg
L100000820967,way/26472665-380,Magdeburg
L100000820968,way/26472665-380,Magdeburg
L100000820969,way/26472665-380,Magdeburg
L100000820970,way/143882655-380,Jena
L100000820972,way/26472665-380,Magdeburg
L100000820973,way/26472665-380,Magdeburg
L100000820974,way/26472665-380,Magdeburg
L100000820975,way/26472665-380,Magdeburg
L100000820971,way/26472665-380,Magdeburg
L100000820976,DE43-220,Braunschweig
L100000820977,way/26245195-380,Munich
L100000820978,DE206-220,Muhldorf
L100001002906,way/108797675-380,Wurzburg
L100001044635,DE206-220,Muhldorf
L100000820979,DE206-220,Muhldorf
L100000820980,way/108797675-380,Wurzburg
L100000820981,way/108797675-380,Wurzburg
L100000820982,way/24839976-380,Cologne
L100001002907,way/24839976-380,Cologne
L100000821025,way/29309786-380,BadHersfeld
L100000820983,way/26245195-380,Munich
L100000820985,way/29084374-380,Amberg
L100001044365,way/952346322-380,Rheine
L100000820986,way/29309786-380,BadHersfeld
L100000820987,way/29309786-380,BadHersfeld
L100000820988,way/42488850-380,Hamm
L100001002908,way/26245195-380,Munich
L100000820989,DE43-220,Braunschweig
L100001043630,DE43-220,Braunschweig
L100000820990,way/29309786-380,BadHersfeld
L100000820991,way/29084374-380,Amberg
L100000820992,DE173-220,Merzig
L100000820993,DE205-380,Ulm
L100000820994,way/26245195-380,Munich
L100000820995,way/26245195-380,Munich
L100001002909,way/1128250707-380,Oldenburg
L100000820996,way/108797675-380,Wurzburg
L100000820997,way/108797675-380,Wurzburg
L100001044427,way/82130902-225,Offenburg
L100001043962,way/29084374-380,Amberg
L100001044184,way/29084374-380,Amberg
L100000820998,way/26472665-380,Magdeburg
L100000821000,way/940919943,Gustrow
L100000821001,way/1094015892-380,Rostock
L100000821002,DE206-220,Muhldorf
L100000821003,DE205-380,Ulm
L100001057235,way/42488850-380,Hamm
L100001002910,DE43-220,Braunschweig
L100001002911,DE43-220,Braunschweig
L100000821004,DE43-220,Braunschweig
L100000821005,DE43-220,Braunschweig
L100000821006,way/26245195-380,Munich
L100000821007,way/26245195-380,Munich
L100001002912,way/943135226-380,Chemnitz
L100001044176,way/943135226-380,Chemnitz
L100001044181,way/943135226-380,Chemnitz
L100001044597,way/943135226-380,Chemnitz
L100001043778,way/943135226-380,Chemnitz
L100001044034,way/943135226-380,Chemnitz
L100001044089,way/943135226-380,Chemnitz
L100001044035,way/943135226-380,Chemnitz
L100000821008,DE205-380,Ulm
L100000821009,way/42488850-380,Hamm
L100001002913,way/29084374-380,Amberg
L100001044417,way/29084374-380,Amberg
L100001057236,way/29084374-380,Amberg
L100000821010,way/26245195-380,Munich
L100000821011,way/26245195-380,Munich
L100001081550,way/29084374-380,Amberg
L100001081549,way/29084374-380,Amberg
L100001057237,way/29084374-380,Amberg
L100000821012,way/143882655-380,Jena
L100000821013,way/26245195-380,Munich
L100001057238,way/26245195-380,Munich
L100000821014,way/26472665-380,Magdeburg
L100001044431,way/29084374-380,Amberg
L100001057239,DE205-380,Ulm
L100000821015,way/941198517-380,Cottbus
L100000821016,DE206-220,Muhldorf
L100000821017,way/108797675-380,Wurzburg
L100000821018,DE69-380,Dortmund
L100001002914,way/25306752-220,Ravensburg
L100000821019,DE177-220,Saarbrucken
L100000821020,way/26245195-380,Munich
L100000821021,way/108797675-380,Wurzburg
L100000821022,way/108797675-380,Wurzburg
L100000821023,way/26472665-380,Magdeburg
L100000821024,way/26472665-380,Magdeburg
L100000821026,DE43-220,Braunschweig
L100000821027,way/1094015892-380,Rostock
L100000821028,way/57727004-220,Kempten
L100000821029,way/943135226-380,Chemnitz
L100000821030,way/29309786-380,BadHersfeld
L100001002915,way/42488850-380,Hamm
L100000821031,DE206-220,Muhldorf
L100000821032,DE206-220,Muhldorf
L100000821033,DE206-220,Muhldorf
L100000821034,way/1089911133-380,Hamburg
L100000821035,way/1089911133-380,Hamburg
L100000821036,way/108797675-380,Wurzburg
L100001002916,way/25306752-220,Ravensburg
L100000821037,way/108797675-380,Wurzburg
L100000821038,way/449010725-380,Flensburg
L100000821039,way/1280840211-380,Emden
L100000821040,way/943135226-380,Chemnitz
L100001043870,way/68532663-220,Weilheim
L100000821041,way/26472665-380,Magdeburg
L100000821042,way/42488850-380,Hamm
L100000821043,way/89176939-220,Trier
L100001044379,way/1094015892-380,Rostock
L100001002917,way/42488850-380,Hamm
L100000821045,way/57727004-220,Kempten
L100000821046,way/108797675-380,Wurzburg
L100000821047,DE206-220,Muhldorf
L100001043916,DE205-380,Ulm
L100000821048,way/1094015892-380,Rostock
L100001002918,way/26472665-380,Magdeburg
L100001002919,way/26472665-380,Magdeburg
L100001002920,way/29309786-380,BadHersfeld
L100000821050,way/29309786-380,BadHersfeld
L100000821051,way/82130902-225,Offenburg
L100000821052,way/82130902-225,Offenburg
L100000821053,way/82130902-225,Offenburg
L100000821054,way/82130902-225,Offenburg
L100000821056,way/26245195-380,Munich
L100000821057,way/26245195-380,Munich
L100001002922,way/26245195-380,Munich
L100000821058,way/26245195-380,Munich
L100000821044,way/108797675-380,Wurzburg
L100000821049,DE177-220,Saarbrucken
L100000821055,way/26245195-380,Munich
L100000821059,DE177-220,Saarbrucken
L100001044507,DE206-220,Muhldorf
L100000821060,way/108797675-380,Wurzburg
L100001081551,way/108797675-380,Wurzburg
L100000821061,way/29309786-380,BadHersfeld
L100000821062,way/108797675-380,Wurzburg
L100001081552,DE43-220,Braunschweig
L100000821063,way/26472665-380,Magdeburg
L100001044119,way/108797675-380,Wurzburg
L100000821064,DE205-380,Ulm
L100000821065,way/57727004-220,Kempten
L100000821066,way/108797675-380,Wurzburg
L100001044414,way/59026005-380,Gorlitz
L100000821069,way/941198517-380,Cottbus
L100000821070,way/525964617,Elmshorn
L100000821071,DE205-380,Ulm
L100000821072,way/29309786-380,BadHersfeld
L100000821073,way/29309786-380,BadHersfeld
L100000820984,way/940919943,Gustrow
L100000820999,way/26245195-380,Munich
L100001043889,DE206-220,Muhldorf
L100000821067,way/449010725-380,Flensburg
L100000821068,way/108797675-380,Wurzburg
L100001043934,way/943135226-380,Chemnitz
L100001044404,way/42488850-380,Hamm
L100000821074,way/1094015892-380,Rostock
L100000821075,way/275466323,Lubeck
L100001002923,way/26472665-380,Magdeburg
L100001057240,way/29309786-380,BadHersfeld
L100000821076,way/943135226-380,Chemnitz
L100000821077,way/943135226-380,Chemnitz
L100000821078,way/108797675-380,Wurzburg
L100000821079,way/1094015892-380,Rostock
L100000821080,way/1094015892-380,Rostock
L100000821081,way/1094015892-380,Rostock
L100001002924,way/1094015892-380,Rostock
L100000821082,way/275466323,Lubeck
L100000821083,way/1094015892-380,Rostock
L100000821084,way/275466323,Lubeck
L100001044410,way/57727004-220,Kempten
L100000821085,way/29084374-380,Amberg
L100001044255,way/1089911133-380,Hamburg
L100001057241,way/29084374-380,Amberg
L100000821087,way/26245195-380,Munich
L100001081553,way/26245195-380,Munich
L100001002925,way/26245195-380,Munich
L100000821086,way/26245195-380,Munich
L100000821088,DE209-380,VillingenSchwennin
L100000821089,way/943135226-380,Chemnitz
L100001002926,way/29309786-380,BadHersfeld
L100000821090,DE173-220,Merzig
L100001057242,way/108797675-380,Wurzburg
L100000821091,way/68532663-220,Weilheim
L100001043766,way/68532663-220,Weilheim
L100000821092,DE69-380,Dortmund
L100001057243,way/25306752-220,Ravensburg
L100000821093,way/170123812-400,SchwedtOder
L100001044747,DE177-220,Saarbrucken
L100001044746,DE177-220,Saarbrucken
L100001002927,way/42488850-380,Hamm
L100001044074,way/31131320-380,Friedrichshafen
L100001002928,way/31131320-380,Friedrichshafen
L100000821094,way/143882655-380,Jena
L100000821095,way/108797675-380,Wurzburg
L100001043642,way/26245195-380,Munich
L100001043643,way/26245195-380,Munich
L100000821096,DE205-380,Ulm
L100001002929,way/57727004-220,Kempten
L100001057244,way/57727004-220,Kempten
L100000821097,way/941198517-380,Cottbus
L100000821098,way/941198517-380,Cottbus
L100000821099,way/108797675-380,Wurzburg
L100001002930,way/1094015892-380,Rostock
L100000821100,way/1094015892-380,Rostock
L100000821101,way/1094015892-380,Rostock
L100000821102,DE209-380,VillingenSchwennin
L100001057246,way/26245195-380,Munich
L100001002931,way/26245195-380,Munich
L100000821103,way/24839976-380,Cologne
L100001057247,way/57727004-220,Kempten
L100001057245,way/943135226-380,Chemnitz
L100001043636,DE209-380,VillingenSchwennin
L100001002932,DE43-220,Braunschweig
L100000821104,DE69-380,Dortmund
L100000821105,way/26245195-380,Munich
L100000821106,way/108797675-380,Wurzburg
L100000821107,way/108797675-380,Wurzburg
L100000821108,way/143882655-380,Jena
L100000821109,way/26245195-380,Munich
L100001002933,way/26245195-380,Munich
L100001044430,way/26245195-380,Munich
L100000821110,way/29084374-380,Amberg
L100000821111,way/26472665-380,Magdeburg
L100000821113,way/143882655-380,Jena
L100000821112,way/26472665-380,Magdeburg
L100000821115,DE206-220,Muhldorf
L100001057248,way/108797675-380,Wurzburg
L100001057249,way/24839976-380,Cologne
L100001057250,way/44717036-380,Bremen
L100000821116,DE205-380,Ulm
L100000821117,way/108797675-380,Wurzburg
L100000821118,DE206-220,Muhldorf
L100001002934,way/29084374-380,Amberg
L100001002935,way/29084374-380,Amberg
L100000821119,way/26472665-380,Magdeburg
L100001043632,way/275466323,Lubeck
L100001002936,way/29084374-380,Amberg
L100000821120,way/29084374-380,Amberg
L100000821121,way/26472665-380,Magdeburg
L100000821122,way/26472665-380,Magdeburg
L100000821123,way/26245195-380,Munich
L100001002937,way/29309786-380,BadHersfeld
L100001057251,way/44717036-380,Bremen
L100000821124,DE205-380,Ulm
L100000821125,DE205-380,Ulm
L100001057252,way/108797675-380,Wurzburg
L100000821126,way/26472665-380,Magdeburg
L100000821127,way/29084374-380,Amberg
L100000821128,way/29084374-380,Amberg
L100000821129,way/26245195-380,Munich
L100001043795,DE206-220,Muhldorf
L100000821130,way/25306752-220,Ravensburg
L100001043669,way/525964617,Elmshorn
L100001043895,way/525964617,Elmshorn
L100000821131,way/943135226-380,Chemnitz
L100001043653,way/26245195-380,Munich
L100000821132,way/108797675-380,Wurzburg
L100001002938,way/29084374-380,Amberg
L100000821133,way/26245195-380,Munich
L100000821134,way/26245195-380,Munich
L100001002939,DE205-380,Ulm
L100000821135,way/941198517-380,Cottbus
L100000821136,way/943135226-380,Chemnitz
L100000821137,way/26472665-380,Magdeburg
L100000821138,way/26472665-380,Magdeburg
L100000821139,way/26472665-380,Magdeburg
L100000821140,DE206-220,Muhldorf
L100000821141,DE206-220,Muhldorf
L100001057253,way/26245195-380,Munich
L100000821142,way/941198517-380,Cottbus
L100000821143,way/29309786-380,BadHersfeld
L100001044411,DE205-380,Ulm
L100000821144,way/941198517-380,Cottbus
L100000821145,way/941198517-380,Cottbus
L100000821146,way/941198517-380,Cottbus
L100000821147,way/941198517-380,Cottbus
L100000821148,DE209-380,VillingenSchwennin
L100000821149,way/82130902-225,Offenburg
L100000821150,way/29309786-380,BadHersfeld
L100000821151,way/29084374-380,Amberg
L100000821152,way/26245195-380,Munich
L100000821153,way/941198517-380,Cottbus
L100001081554,DE43-220,Braunschweig
L100000821154,DE43-220,Braunschweig
L100000821155,DE206-220,Muhldorf
L100000821156,way/941198517-380,Cottbus
L100000821157,DE177-220,Saarbrucken
L100000821158,way/42488850-380,Hamm
L100000821159,way/29084374-380,Amberg
L100001044405,way/29084374-380,Amberg
L100001002940,way/57727004-220,Kempten
L100000821160,way/1128250707-380,Oldenburg
L100001057254,DE206-220,Muhldorf
L100000821161,way/1094015892-380,Rostock
L100001057255,way/29309786-380,BadHersfeld
L100000821162,way/29084374-380,Amberg
L100000821163,way/29084374-380,Amberg
L100001002941,way/143882655-380,Jena
L100000821164,way/143882655-380,Jena
L100000821165,way/29309786-380,BadHersfeld
L100000821166,way/29309786-380,BadHersfeld
L100000821167,way/29309786-380,BadHersfeld
L100000821168,way/29309786-380,BadHersfeld
L100000821169,way/29309786-380,BadHersfeld
L100000821170,way/29309786-380,BadHersfeld
L100000821171,way/29309786-380,BadHersfeld
L100001057256,way/449010725-380,Flensburg
L100000821172,way/29084374-380,Amberg
L100000821173,way/29084374-380,Amberg
L100000821174,way/143882655-380,Jena
L100001044466,way/88916034-380,Lorrach
L100001057257,way/42488850-380,Hamm
L100000821175,way/952346322-380,Rheine
L100001002942,way/108797675-380,Wurzburg
L100000821186,way/82130902-225,Offenburg
L100001002947,way/449010725-380,Flensburg
L100000821197,way/449010725-380,Flensburg
L100000821217,way/943135226-380,Chemnitz
L100001057258,way/57727004-220,Kempten
L100001081555,way/57727004-220,Kempten
L100000821177,way/42488850-380,Hamm
L100000821178,way/25306752-220,Ravensburg
L100001002943,way/25306752-220,Ravensburg
L100000821179,way/26472665-380,Magdeburg
L100000821180,way/26472665-380,Magdeburg
L100001057259,DE43-220,Braunschweig
L100000821181,way/940919943,Gustrow
L100000821182,way/52983550-380,FrankfurtOder
L100000821183,way/26245195-380,Munich
L100000821184,way/26245195-380,Munich
L100000821185,way/26245195-380,Munich
L100001057260,way/26245195-380,Munich
L100001044126,way/108797675-380,Wurzburg
L100001057261,DE173-220,Merzig
L100001044705,way/87653464-220,Emmendingen
L100001002944,way/29084374-380,Amberg
L100000821187,way/943135226-380,Chemnitz
L100000821188,DE205-380,Ulm
L100000821189,way/57727004-220,Kempten
L100000821190,way/42488850-380,Hamm
L100000821191,way/42488850-380,Hamm
L100000821192,way/26472665-380,Magdeburg
L100000821193,DE205-380,Ulm
L100001057262,way/108797675-380,Wurzburg
L100001057263,way/108797675-380,Wurzburg
L100001056895,way/943135226-380,Chemnitz
L100001002946,way/143882655-380,Jena
L100000821196,way/449010725-380,Flensburg
L100000821198,DE205-380,Ulm
L100000821199,DE205-380,Ulm
L100001002948,DE205-380,Ulm
L100000821200,DE205-380,Ulm
L100000821201,way/29084374-380,Amberg
L100000821202,way/26245195-380,Munich
L100000821203,way/26245195-380,Munich
L100001057264,way/26245195-380,Munich
L100000821204,way/42488850-380,Hamm
L100001002949,way/68532663-220,Weilheim
L100001057265,way/1089911133-380,Hamburg
L100000821205,way/29084374-380,Amberg
L100000821206,way/82773910-400,Neunkirchen
L100000821207,way/940919943,Gustrow
L100000821208,way/940919943,Gustrow
L100000821209,way/940919943,Gustrow
L100000821210,way/940919943,Gustrow
L100000820918,way/42488850-380,Hamm
L100000821211,way/52983550-380,FrankfurtOder
L100000821212,way/275466323,Lubeck
L100001057266,DE43-220,Braunschweig
L100000821213,way/943135226-380,Chemnitz
L100001057267,way/29309786-380,BadHersfeld
L100000821214,way/29309786-380,BadHersfeld
L100000821215,way/108797675-380,Wurzburg
L100001057268,way/29084374-380,Amberg
L100000821216,way/29084374-380,Amberg
L100001057269,way/26245195-380,Munich
L100001044413,way/108797675-380,Wurzburg
L100001044575,way/29084374-380,Amberg
L100001044576,way/29084374-380,Amberg
L100001044577,way/29084374-380,Amberg
L100001043684,DE205-380,Ulm
L100000821218,way/525964617,Elmshorn
L100000821219,way/26245195-380,Munich
L100000821221,way/108797675-380,Wurzburg
L100000821222,way/1128250707-380,Oldenburg
L100000821223,way/143882655-380,Jena
L100001043613,DE205-380,Ulm
L100001044007,DE205-380,Ulm
L100000821194,way/26472665-380,Magdeburg
L100000821195,way/42488850-380,Hamm
L100001002950,DE43-220,Braunschweig
L100000821220,DE205-380,Ulm
L100000821224,way/26472665-380,Magdeburg
L100000821298,way/82130902-225,Offenburg
L100001043933,way/943135226-380,Chemnitz
L100000821225,way/57727004-220,Kempten
L100000821226,way/42488850-380,Hamm
L100000821227,way/26245195-380,Munich
L100000821228,way/108797675-380,Wurzburg
L100001044766,way/82130902-225,Offenburg
L100001044780,way/82130902-225,Offenburg
L100001002951,DE206-220,Muhldorf
L100000821229,way/943135226-380,Chemnitz
L100000821230,DE206-220,Muhldorf
L100000821231,way/943135226-380,Chemnitz
L100001002952,DE209-380,VillingenSchwennin
L100001002953,DE209-380,VillingenSchwennin
L100001043689,DE209-380,VillingenSchwennin
L100000821232,way/26472665-380,Magdeburg
L100000821233,way/26245195-380,Munich
L100001002954,way/44717036-380,Bremen
L100001043997,DE205-380,Ulm
L100000821234,way/29309786-380,BadHersfeld
L100001057270,way/29084374-380,Amberg
L100001057271,way/108797675-380,Wurzburg
L100000821235,way/943135226-380,Chemnitz
L100001002955,DE173-220,Merzig
L100000821236,way/943135226-380,Chemnitz
L100001057273,way/943135226-380,Chemnitz
L100000821237,way/108797675-380,Wurzburg
L100000821238,way/108797675-380,Wurzburg
L100000821239,way/26245195-380,Munich
L100001043616,DE43-220,Braunschweig
L100001043664,way/449010725-380,Flensburg
L100001057275,way/29084374-380,Amberg
L100000821240,way/26245195-380,Munich
L100000821241,DE177-220,Saarbrucken
L100000821242,DE177-220,Saarbrucken
L100001044659,DE69-380,Dortmund
L100001057274,way/108797675-380,Wurzburg
L100000821243,way/108797675-380,Wurzburg
L100000821244,way/26472665-380,Magdeburg
L100001044778,way/29309786-380,BadHersfeld
L100001002956,way/29309786-380,BadHersfeld
L100001057276,DE62-380,Duisburg
L100000821245,DE205-380,Ulm
L100000821246,way/26472665-380,Magdeburg
L100000821247,way/275466323,Lubeck
L100000821248,way/275466323,Lubeck
L100000821249,way/108797675-380,Wurzburg
L100000821250,way/108797675-380,Wurzburg
L100000821251,way/108797675-380,Wurzburg
L100000821252,way/108797675-380,Wurzburg
L100000821253,way/108797675-380,Wurzburg
L100001002957,way/108797675-380,Wurzburg
L100000821254,way/26245195-380,Munich
L100000821255,DE205-380,Ulm
L100000821256,way/108797675-380,Wurzburg
L100000821257,way/108797675-380,Wurzburg
L100000821258,way/108797675-380,Wurzburg
L100000821259,way/26245195-380,Munich
L100000821260,way/26245195-380,Munich
L100000821261,way/108797675-380,Wurzburg
L100000821262,way/108797675-380,Wurzburg
L100001057277,way/24839976-380,Cologne
L100001057278,way/29309786-380,BadHersfeld
L100000821263,DE206-220,Muhldorf
L100001044775,DE205-380,Ulm
L100001002958,way/108797675-380,Wurzburg
L100001044444,way/108797675-380,Wurzburg
L100000821265,way/25306752-220,Ravensburg
L100000821264,way/25306752-220,Ravensburg
L100000821266,DE205-380,Ulm
L100001002959,DE177-220,Saarbrucken
L100001044501,DE206-220,Muhldorf
L100000821267,way/26245195-380,Munich
L100000821268,way/26245195-380,Munich
L100000821269,way/26245195-380,Munich
L100000821270,way/143882655-380,Jena
L100001057279,way/26245195-380,Munich
L100001002960,way/108797675-380,Wurzburg
L100000821271,way/29309786-380,BadHersfeld
L100000821272,DE173-220,Merzig
L100001043863,way/29084374-380,Amberg
L100001002961,DE206-220,Muhldorf
L100001044640,DE209-380,VillingenSchwennin
L100001044019,way/29084374-380,Amberg
L100000821274,way/26245195-380,Munich
L100000821275,way/26245195-380,Munich
L100000821276,DE206-220,Muhldorf
L100001044630,DE206-220,Muhldorf
L100001044736,DE206-220,Muhldorf
L100000821277,DE206-220,Muhldorf
L100000821278,DE206-220,Muhldorf
L100000821280,way/82130902-225,Offenburg
L100001002962,way/82130902-225,Offenburg
L100001002963,way/82130902-225,Offenburg
L100000821282,way/29309786-380,BadHersfeld
L100000821283,DE206-220,Muhldorf
L100001057280,way/29084374-380,Amberg
L100001057281,way/29084374-380,Amberg
L100000821284,way/29084374-380,Amberg
L100001044192,DE206-220,Muhldorf
L100000821285,way/29084374-380,Amberg
L100000821286,way/29084374-380,Amberg
L100000821287,way/29084374-380,Amberg
L100000821288,way/29084374-380,Amberg
L100001081556,way/525964617,Elmshorn
L100000821291,way/943135226-380,Chemnitz
L100001044790,DE205-380,Ulm
L100000821292,way/29084374-380,Amberg
L100000821293,way/29309786-380,BadHersfeld
L100000821294,way/59026005-380,Gorlitz
L100000821295,way/1094015892-380,Rostock
L100001057284,way/35818134-220,Dusseldorf
L100000821297,way/941198517-380,Cottbus
L100000821299,DE205-380,Ulm
L100001043744,DE205-380,Ulm
L100001044048,DE205-380,Ulm
L100000821300,way/449010725-380,Flensburg
L100000821301,way/29309786-380,BadHersfeld
L100001044732,way/82130902-225,Offenburg
L100000821302,way/44717036-380,Bremen
L100000821303,way/44717036-380,Bremen
L100001057272,way/57727004-220,Kempten
L100000821273,way/108797675-380,Wurzburg
L100000821279,way/449010725-380,Flensburg
L100000821281,DE177-220,Saarbrucken
L100000821289,way/42488850-380,Hamm
L100000821290,way/82130902-225,Offenburg
L100001043869,way/57727004-220,Kempten
L100001044391,way/57727004-220,Kempten
L100001057283,way/29309786-380,BadHersfeld
L100001057285,way/82130902-225,Offenburg
L100000821304,DE206-220,Muhldorf
L100000821309,way/108797675-380,Wurzburg
L100001057286,way/29309786-380,BadHersfeld
L100000821305,way/449010725-380,Flensburg
L100000821306,DE205-380,Ulm
L100000821307,way/42488850-380,Hamm
L100000821308,way/57727004-220,Kempten
L100001057287,way/29309786-380,BadHersfeld
L100000821311,way/449010725-380,Flensburg
L100000821312,way/449010725-380,Flensburg
L100000821313,DE206-220,Muhldorf
L100000821317,way/57727004-220,Kempten
L100000821318,DE206-220,Muhldorf
L100000821310,way/82130902-225,Offenburg
L100001002964,way/108797675-380,Wurzburg
L100000821314,way/26245195-380,Munich
L100000821315,way/57727004-220,Kempten
L100001044708,way/26245195-380,Munich
L100001057288,DE205-380,Ulm
L100001044428,way/26245195-380,Munich
L100001057289,way/26245195-380,Munich
L100000821844,way/25306752-220,Ravensburg
L100001002965,way/26245195-380,Munich
L100001081557,way/143882655-380,Jena
L100001081558,way/143882655-380,Jena
L100001044252,way/449010725-380,Flensburg
L100000821319,DE206-220,Muhldorf
L100000821321,way/170123812-400,SchwedtOder
L100001057290,way/170123812-400,SchwedtOder
L100001044771,way/26472665-380,Magdeburg
L100001043954,way/26472665-380,Magdeburg
L100001043955,way/26472665-380,Magdeburg
L100001044772,way/26472665-380,Magdeburg
L100000821322,way/26472665-380,Magdeburg
L100000821323,way/26472665-380,Magdeburg
L100000821324,DE43-220,Braunschweig
L100000821325,way/108797675-380,Wurzburg
L100000821326,way/26472665-380,Magdeburg
L100001057291,way/26245195-380,Munich
L100000821327,way/941198517-380,Cottbus
L100001061951,way/1089911133-380,Hamburg
L100000821329,DE173-220,Merzig
L100001002966,way/108797675-380,Wurzburg
L100000821331,way/108797675-380,Wurzburg
L100000821332,DE205-380,Ulm
L100000821320,way/1094015892-380,Rostock
L100000821328,way/24839976-380,Cologne
L100000821330,way/89176939-220,Trier
L100000821345,way/943135226-380,Chemnitz
L100000821381,way/1094015892-380,Rostock
L100000821382,way/1094015892-380,Rostock
L100000821333,way/26245195-380,Munich
L100000821334,way/24839976-380,Cologne
L100001057292,way/108797675-380,Wurzburg
L100001044723,way/29309786-380,BadHersfeld
L100000821335,way/26245195-380,Munich
L100000821336,way/108797675-380,Wurzburg
L100000821337,way/108797675-380,Wurzburg
L100000821338,way/1094015892-380,Rostock
L100000821339,way/1094015892-380,Rostock
L100000821340,way/943135226-380,Chemnitz
L100000821341,way/42488850-380,Hamm
L100000821343,way/108797675-380,Wurzburg
L100000821344,DE173-220,Merzig
L100001043760,way/108797675-380,Wurzburg
L100001057293,way/29084374-380,Amberg
L100001043926,way/57727004-220,Kempten
L100001044091,DE206-220,Muhldorf
L100000821346,way/26245195-380,Munich
L100001057294,way/26245195-380,Munich
L100000821347,way/108797675-380,Wurzburg
L100000821348,way/26245195-380,Munich
L100000821349,way/29084374-380,Amberg
L100001081559,way/29084374-380,Amberg
L100001057295,way/29084374-380,Amberg
L100001081560,way/29084374-380,Amberg
L100001081561,DE206-220,Muhldorf
L100001044412,DE205-380,Ulm
L100000821350,way/57727004-220,Kempten
L100000821351,way/82130902-225,Offenburg
L100000821355,way/449010725-380,Flensburg
L100000821354,way/449010725-380,Flensburg
L100001002967,way/525964617,Elmshorn
L100000821356,way/449010725-380,Flensburg
L100000821357,way/57727004-220,Kempten
L100000821358,way/31367940-380,Donaueschingen
L100000821359,way/170123812-400,SchwedtOder
L100000821360,way/26472665-380,Magdeburg
L100000821352,way/26472665-380,Magdeburg
L100000821353,way/26472665-380,Magdeburg
L100000821361,way/29309786-380,BadHersfeld
L100000821366,DE205-380,Ulm
L100001057297,way/68532663-220,Weilheim
L100000821369,way/1094015892-380,Rostock
L100000821370,way/275466323,Lubeck
L100001002970,way/275466323,Lubeck
L100000821371,way/82130902-225,Offenburg
L100000821372,way/943135226-380,Chemnitz
L100000821373,way/170123812-400,SchwedtOder
L100000821374,way/1094015892-380,Rostock
L100000821375,way/1094015892-380,Rostock
L100000821376,way/1094015892-380,Rostock
L100000821377,way/1094015892-380,Rostock
L100001002971,way/1094015892-380,Rostock
L100001002972,way/449010725-380,Flensburg
L100000821378,DE205-380,Ulm
L100000821379,DE205-380,Ulm
L100000821380,way/1094015892-380,Rostock
L100000821362,DE206-220,Muhldorf
L100001002969,way/29084374-380,Amberg
L100001044808,way/108797675-380,Wurzburg
L100000821363,DE205-380,Ulm
L100000821364,way/59026005-380,Gorlitz
L100000821365,way/59026005-380,Gorlitz
L100001081562,way/26245195-380,Munich
L100000821367,way/26472665-380,Magdeburg
L100000821368,way/943135226-380,Chemnitz
L100001057296,way/143882655-380,Jena
L100001057298,way/57727004-220,Kempten
L100001043706,way/29084374-380,Amberg
L100001044432,way/82130902-225,Offenburg
L100000821404,DE206-220,Muhldorf
L100000821405,DE206-220,Muhldorf
L100000821410,way/943135226-380,Chemnitz
L100001002973,way/29084374-380,Amberg
L100000821383,way/1094015892-380,Rostock
L100001002974,DE43-220,Braunschweig
L100001002975,DE43-220,Braunschweig
L100000821384,DE206-220,Muhldorf
L100001057299,way/26245195-380,Munich
L100001044544,way/26245195-380,Munich
L100000821385,way/42488850-380,Hamm
L100000821386,way/31131320-380,Friedrichshafen
L100001057300,way/26245195-380,Munich
L100001002976,way/82130902-225,Offenburg
L100001057301,way/29309786-380,BadHersfeld
L100000821387,DE206-220,Muhldorf
L100000821388,DE206-220,Muhldorf
L100000821389,way/108797675-380,Wurzburg
L100000821390,DE205-380,Ulm
L100001061952,way/57727004-220,Kempten
L100001057302,way/525964617,Elmshorn
L100000821391,way/82130902-225,Offenburg
L100000821392,DE205-380,Ulm
L100000821393,way/29309786-380,BadHersfeld
L100000821394,way/57727004-220,Kempten
L100001043807,way/1280840211-380,Emden
L100001002978,DE173-220,Merzig
L100001002979,DE173-220,Merzig
L100000821395,DE173-220,Merzig
L100000821396,DE173-220,Merzig
L100000821397,DE173-220,Merzig
L100001002980,way/1094015892-380,Rostock
L100000821398,way/26245195-380,Munich
L100001044423,way/26245195-380,Munich
L100000821399,way/26245195-380,Munich
L100000821400,way/52983550-380,FrankfurtOder
L100000821401,way/143882655-380,Jena
L100000821402,way/26472665-380,Magdeburg
L100000821403,way/29084374-380,Amberg
L100001057303,way/1128250707-380,Oldenburg
L100001044095,way/108797675-380,Wurzburg
L100000821406,way/26245195-380,Munich
L100001002981,DE43-220,Braunschweig
L100001057304,way/1128250707-380,Oldenburg
L100001002982,way/26245195-380,Munich
L100000821407,way/29309786-380,BadHersfeld
L100000821408,way/29309786-380,BadHersfeld
L100001057305,way/57727004-220,Kempten
L100000821409,way/82773910-400,Neunkirchen
L100001002983,DE177-220,Saarbrucken
L100001057306,way/108797675-380,Wurzburg
L100000821411,way/82130902-225,Offenburg
L100000821413,way/943135226-380,Chemnitz
L100000821414,way/143882655-380,Jena
L100001057307,way/29084374-380,Amberg
L100000821415,way/26472665-380,Magdeburg
L100001043747,way/26245195-380,Munich
L100001044337,way/26245195-380,Munich
L100001044473,way/108797675-380,Wurzburg
L100001002984,way/449010725-380,Flensburg
L100001044653,way/449010725-380,Flensburg
L100000821417,way/449010725-380,Flensburg
L100001081563,DE205-380,Ulm
L100000821420,way/29084374-380,Amberg
L100001002985,way/25306752-220,Ravensburg
L100000821425,DE205-380,Ulm
L100000821427,way/26245195-380,Munich
L100001002977,way/1094015892-380,Rostock
L100000821412,way/943135226-380,Chemnitz
L100000821418,way/26472665-380,Magdeburg
L100000821419,way/940919943,Gustrow
L100000821421,way/943135226-380,Chemnitz
L100000821422,way/943135226-380,Chemnitz
L100000821423,way/943135226-380,Chemnitz
L100000821424,way/943135226-380,Chemnitz
L100000821426,way/1089911133-380,Hamburg
L100001043685,DE205-380,Ulm
L100000821440,way/1094015892-380,Rostock
L100000821441,way/1094015892-380,Rostock
L100000821442,way/1094015892-380,Rostock
L100000821464,way/108797675-380,Wurzburg
L100001002991,way/108797675-380,Wurzburg
L100000821465,way/108797675-380,Wurzburg
L100001057308,way/68532663-220,Weilheim
L100000821428,way/26472665-380,Magdeburg
L100000821429,way/26472665-380,Magdeburg
L100000821430,way/26472665-380,Magdeburg
L100001002986,way/87653464-400,FreiburgImBreisgau
L100000821431,way/26472665-380,Magdeburg
L100000821432,way/26472665-380,Magdeburg
L100001002987,way/26245195-380,Munich
L100001044163,way/29084374-380,Amberg
L100001081564,way/26245195-380,Munich
L100001044422,way/26245195-380,Munich
L100000821433,way/29084374-380,Amberg
L100001044829,way/108797675-380,Wurzburg
L100001044596,way/29309786-380,BadHersfeld
L100000821434,way/108797675-380,Wurzburg
L100000821435,way/108797675-380,Wurzburg
L100000821436,way/108797675-380,Wurzburg
L100001057309,way/57727004-220,Kempten
L100001002988,way/108797675-380,Wurzburg
L100000821437,DE177-220,Saarbrucken
L100000821438,way/1094015892-380,Rostock
L100000821439,way/26245195-380,Munich
L100000821443,way/1128250707-380,Oldenburg
L100001002989,way/143882655-380,Jena
L100001081565,way/143882655-380,Jena
L100001044408,way/143882655-380,Jena
L100001043969,way/143882655-380,Jena
L100000821444,way/943135226-380,Chemnitz
L100000821445,way/26245195-380,Munich
L100000821446,way/26245195-380,Munich
L100001057310,DE205-380,Ulm
L100000821447,way/943135226-380,Chemnitz
L100001057311,way/525964617,Elmshorn
L100000821448,DE177-220,Saarbrucken
L100000821449,DE177-220,Saarbrucken
L100001081566,way/26245195-380,Munich
L100001057312,way/26245195-380,Munich
L100000821450,way/143882655-380,Jena
L100000821451,way/29309786-380,BadHersfeld
L100000821452,way/42488850-380,Hamm
L100001057313,DE177-220,Saarbrucken
L100001057314,way/108797675-380,Wurzburg
L100000821453,way/108797675-380,Wurzburg
L100000821454,way/26245195-380,Munich
L100000821455,way/57727004-220,Kempten
L100001081567,way/26245195-380,Munich
L100000821456,way/143882655-380,Jena
L100001044622,way/25306752-220,Ravensburg
L100000821457,way/29084374-380,Amberg
L100001057315,way/29084374-380,Amberg
L100001044740,DE206-220,Muhldorf
L100000821458,way/29084374-380,Amberg
L100000821459,DE206-220,Muhldorf
L100000821461,way/42488850-380,Hamm
L100000821462,way/29084374-380,Amberg
L100001002990,DE205-380,Ulm
L100000821470,DE205-380,Ulm
L100000821471,way/25306752-220,Ravensburg
L100000821472,way/25306752-220,Ravensburg
L100001057316,DE205-380,Ulm
L100000821460,way/108797675-380,Wurzburg
L100000821463,way/29084374-380,Amberg
L100000821466,DE205-380,Ulm
L100000821467,way/35818134-220,Dusseldorf
L100001044483,way/108797675-380,Wurzburg
L100001044484,way/108797675-380,Wurzburg
L100000821468,way/29084374-380,Amberg
L100001043852,DE206-220,Muhldorf
L100000821469,way/26245195-380,Munich
L100001002993,way/26245195-380,Munich
L100001057317,way/68532663-220,Weilheim
L100000821473,way/29084374-380,Amberg
L100000821474,way/170123812-400,SchwedtOder
L100000821475,way/26245195-380,Munich
L100000821476,way/42488850-380,Hamm
L100000821477,way/42488850-380,Hamm
L100000821478,way/42488850-380,Hamm
L100000821479,way/943135226-380,Chemnitz
L100000821480,way/943135226-380,Chemnitz
L100001081569,way/57727004-220,Kempten
L100000821481,way/29309786-380,BadHersfeld
L100000821482,way/940919943,Gustrow
L100000821483,way/143882655-380,Jena
L100001044120,way/170123812-400,SchwedtOder
L100001044121,way/170123812-400,SchwedtOder
L100001044123,way/170123812-400,SchwedtOder
L100001044124,way/170123812-400,SchwedtOder
L100001044125,way/170123812-400,SchwedtOder
L100000821484,way/170123812-400,SchwedtOder
L100001002994,way/29309786-380,BadHersfeld
L100001002995,way/525964617,Elmshorn
L100000821485,way/525964617,Elmshorn
L100001057318,way/29084374-380,Amberg
L100001057319,way/26245195-380,Munich
L100001057320,way/29084374-380,Amberg
L100000821487,way/89176939-220,Trier
L100000821488,way/89176939-220,Trier
L100000821489,way/89176939-220,Trier
L100000821490,way/943135226-380,Chemnitz
L100000821491,way/29084374-380,Amberg
L100000821492,way/170123812-400,SchwedtOder
L100001002996,way/108797675-380,Wurzburg
L100000821494,way/108797675-380,Wurzburg
L100001002997,way/1094015892-380,Rostock
L100001057321,way/26245195-380,Munich
L100000821495,way/143882655-380,Jena
L100000821496,way/1094015892-380,Rostock
L100001057323,way/143882655-380,Jena
L100001057322,way/143882655-380,Jena
L100000821497,way/1094015892-380,Rostock
L100001081570,way/31131320-380,Friedrichshafen
L100001043688,way/82130902-225,Offenburg
L100000821498,way/143882655-380,Jena
L100000821499,way/943135226-380,Chemnitz
L100000821500,way/943135226-380,Chemnitz
L100000821501,way/943135226-380,Chemnitz
L100000821502,DE173-220,Merzig
L100001057324,way/29084374-380,Amberg
L100001002998,way/29309786-380,BadHersfeld
L100000821503,way/29084374-380,Amberg
L100000821504,way/29084374-380,Amberg
L100001044217,way/29309786-380,BadHersfeld
L100001044216,way/29309786-380,BadHersfeld
L100000821505,way/44717036-380,Bremen
L100000821506,way/941198517-380,Cottbus
L100000821507,way/941198517-380,Cottbus
L100001057325,way/42488850-380,Hamm
L100000821508,way/143882655-380,Jena
L100000821509,way/82773910-400,Neunkirchen
L100001057326,DE69-380,Dortmund
L100000821510,way/449010725-380,Flensburg
L100000821511,DE206-220,Muhldorf
L100000821512,way/82130902-225,Offenburg
L100001081568,way/57727004-220,Kempten
L100001057327,DE43-220,Braunschweig
L100001081571,DE209-380,VillingenSchwennin
L100000821513,DE205-380,Ulm
L100000821514,way/29084374-380,Amberg
L100000821515,way/42488850-380,Hamm
L100001044471,way/29084374-380,Amberg
L100000821516,way/26245195-380,Munich
L100000821517,way/25306752-220,Ravensburg
L100000821518,way/57727004-220,Kempten
L100000821519,way/29084374-380,Amberg
L100000821520,way/108797675-380,Wurzburg
L100000821521,way/108797675-380,Wurzburg
L100001057328,way/29309786-380,BadHersfeld
L100001044739,DE206-220,Muhldorf
L100001044186,DE206-220,Muhldorf
L100000821522,way/108797675-380,Wurzburg
L100001002999,way/29084374-380,Amberg
L100001003000,way/29084374-380,Amberg
L100001003001,way/29084374-380,Amberg
L100001043784,way/108797675-380,Wurzburg
L100001003002,way/108797675-380,Wurzburg
L100000821523,way/108797675-380,Wurzburg
L100001057329,way/26245195-380,Munich
L100000821524,way/108797675-380,Wurzburg
L100000821525,way/108797675-380,Wurzburg
L100001057330,way/26245195-380,Munich
L100000821526,way/108797675-380,Wurzburg
L100001044238,way/29084374-380,Amberg
L100000821527,way/108797675-380,Wurzburg
L100000821528,way/29084374-380,Amberg
L100000821529,way/29084374-380,Amberg
L100001057331,way/29084374-380,Amberg
L100000821530,way/42488850-380,Hamm
L100000821531,way/26245195-380,Munich
L100000821532,way/29084374-380,Amberg
L100001003003,way/449010725-380,Flensburg
L100000821533,DE43-220,Braunschweig
L100000821535,way/170123812-400,SchwedtOder
L100000821536,way/170123812-400,SchwedtOder
L100000821537,DE206-220,Muhldorf
L100000821538,way/26472665-380,Magdeburg
L100001003004,DE43-220,Braunschweig
L100000821539,way/941198517-380,Cottbus
L100000821540,way/57727004-220,Kempten
L100001044520,way/108797675-380,Wurzburg
L100000821541,DE43-220,Braunschweig
L100000821542,DE43-220,Braunschweig
L100000821543,way/82130902-225,Offenburg
L100000821544,way/26245195-380,Munich
L100001044658,way/26245195-380,Munich
L100000821545,way/26245195-380,Munich
L100001003005,way/108797675-380,Wurzburg
L100000821546,way/108797675-380,Wurzburg
L100001044350,way/143882655-380,Jena
L100000821563,way/449010725-380,Flensburg
L100000821547,way/940919943,Gustrow
L100001081572,way/29084374-380,Amberg
L100001081573,way/29084374-380,Amberg
L100001057332,way/29084374-380,Amberg
L100001057452,way/29084374-380,Amberg
L100001081574,way/29084374-380,Amberg
L100001057333,way/29084374-380,Amberg
L100001081575,way/29084374-380,Amberg
L100001057334,way/29084374-380,Amberg
L100000821548,way/170123812-400,SchwedtOder
L100000821549,way/170123812-400,SchwedtOder
L100000821550,way/170123812-400,SchwedtOder
L100000821551,way/26245195-380,Munich
L100000821552,way/941198517-380,Cottbus
L100000821553,way/57727004-220,Kempten
L100001044429,way/143882655-380,Jena
L100001044437,way/52983550-380,FrankfurtOder
L100001003006,way/52983550-380,FrankfurtOder
L100000821554,DE206-220,Muhldorf
L100001057335,DE206-220,Muhldorf
L100000821555,way/108797675-380,Wurzburg
L100001043696,way/108797675-380,Wurzburg
L100000821556,way/57727004-220,Kempten
L100000821557,way/26245195-380,Munich
L100000821558,way/26245195-380,Munich
L100000821559,way/26245195-380,Munich
L100001057336,way/57727004-220,Kempten
L100001044117,way/26245195-380,Munich
L100001044115,way/26245195-380,Munich
L100000821560,DE205-380,Ulm
L100001044559,DE206-220,Muhldorf
L100001057337,way/29084374-380,Amberg
L100000821561,way/170123812-400,SchwedtOder
L100001081576,DE206-220,Muhldorf
L100000821562,way/108797675-380,Wurzburg
L100001044665,way/943135226-380,Chemnitz
L100000821564,way/1094015892-380,Rostock
L100000821565,way/943135226-380,Chemnitz
L100000821566,way/943135226-380,Chemnitz
L100000821567,way/943135226-380,Chemnitz
L100000821568,way/943135226-380,Chemnitz
L100000821569,DE173-220,Merzig
L100001003007,DE206-220,Muhldorf
L100000821572,way/24839976-380,Cologne
L100000821573,way/24839976-380,Cologne
L100000821574,way/170123812-400,SchwedtOder
L100001057338,way/108797675-380,Wurzburg
L100001044402,way/26245195-380,Munich
L100001057339,way/943135226-380,Chemnitz
L100001057340,way/108797675-380,Wurzburg
L100001003009,way/42488850-380,Hamm
L100000821575,way/29084374-380,Amberg
L100000821576,way/1094015892-380,Rostock
L100001003010,way/108797675-380,Wurzburg
L100001043990,way/26245195-380,Munich
L100000821570,way/29084374-380,Amberg
L100000821571,way/943135226-380,Chemnitz
L100001057343,DE205-380,Ulm
L100001057342,DE205-380,Ulm
L100001057341,DE205-380,Ulm
L100001081577,DE205-380,Ulm
L100000821577,way/29084374-380,Amberg
L100000821578,DE205-380,Ulm
L100000821579,way/26245195-380,Munich
L100001061963,way/29084374-380,Amberg
L100001044631,DE206-220,Muhldorf
L100001003013,way/26245195-380,Munich
L100000821580,way/170123812-400,SchwedtOder
L100000821581,way/170123812-400,SchwedtOder
L100000821582,way/108797675-380,Wurzburg
L100000821583,way/108797675-380,Wurzburg
L100001003014,way/108797675-380,Wurzburg
L100001003015,way/108797675-380,Wurzburg
L100000821584,way/108797675-380,Wurzburg
L100000821585,way/1094015892-380,Rostock
L100000821587,way/143882655-380,Jena
L100000821588,way/82130902-225,Offenburg
L100001003016,DE206-220,Muhldorf
L100000821589,way/82130902-225,Offenburg
L100000821586,DE206-220,Muhldorf
L100000821590,DE206-220,Muhldorf
L100000821591,way/108797675-380,Wurzburg
L100000821592,way/26245195-380,Munich
L100001044425,way/26245195-380,Munich
L100001081578,way/26245195-380,Munich
L100001044424,way/26245195-380,Munich
L100001057344,way/26245195-380,Munich
L100001081579,way/26245195-380,Munich
L100000821593,way/24839976-380,Cologne
L100001003017,way/525964617,Elmshorn
L100000821594,DE205-380,Ulm
L100001057345,way/108797675-380,Wurzburg
L100000821595,way/108797675-380,Wurzburg
L100000821596,way/108797675-380,Wurzburg
L100001057346,DE206-220,Muhldorf
L100000821597,DE209-380,VillingenSchwennin
L100001003018,DE205-380,Ulm
L100000821598,way/29084374-380,Amberg
L100000821599,way/29084374-380,Amberg
L100000821600,way/108797675-380,Wurzburg
L100000821601,DE209-380,VillingenSchwennin
L100001043975,way/26472665-380,Magdeburg
L100001003019,way/57727004-220,Kempten
L100001081580,way/108797675-380,Wurzburg
L100001044682,way/108797675-380,Wurzburg
L100000821603,way/941198517-380,Cottbus
L100001057347,way/108797675-380,Wurzburg
L100000821604,way/26472665-380,Magdeburg
L100000821605,way/143882655-380,Jena
L100000821606,way/143882655-380,Jena
L100000821608,DE177-220,Saarbrucken
L100000821610,way/108797675-380,Wurzburg
L100001057348,way/26245195-380,Munich
L100001057349,way/26245195-380,Munich
L100001003021,way/25306752-220,Ravensburg
L100000821611,way/26472665-380,Magdeburg
L100000821612,way/26472665-380,Magdeburg
L100001081581,way/29309786-380,BadHersfeld
L100000821613,way/108797675-380,Wurzburg
L100000821615,way/170123812-400,SchwedtOder
L100001003022,way/57727004-220,Kempten
L100000821616,way/29084374-380,Amberg
L100000821617,way/26472665-380,Magdeburg
L100000821618,way/143882655-380,Jena
L100001057350,way/143882655-380,Jena
L100001057351,way/26245195-380,Munich
L100000821619,DE206-220,Muhldorf
L100000821614,way/108797675-380,Wurzburg
L100000821620,way/26245195-380,Munich
L100000821624,way/941198517-380,Cottbus
L100000821626,way/143882655-380,Jena
L100000821625,way/943135226-380,Chemnitz
L100000821607,way/108797675-380,Wurzburg
L100000821609,way/143882655-380,Jena
L100001003020,way/143882655-380,Jena
L100001003023,DE205-380,Ulm
L100000821621,way/943135226-380,Chemnitz
L100000821622,way/170123812-400,SchwedtOder
L100000821623,way/275466323,Lubeck
L100000821627,way/108797675-380,Wurzburg
L100001044083,way/26245195-380,Munich
L100000821684,way/943135226-380,Chemnitz
L100000821628,way/29084374-380,Amberg
L100000821629,way/57727004-220,Kempten
L100000821630,way/42488850-380,Hamm
L100000821631,way/29309786-380,BadHersfeld
L100000821632,way/29309786-380,BadHersfeld
L100001043984,way/29309786-380,BadHersfeld
L100001043946,DE206-220,Muhldorf
L100000821633,way/26472665-380,Magdeburg
L100000821634,way/24839976-380,Cologne
L100001057352,way/26245195-380,Munich
L100001057353,way/26245195-380,Munich
L100000821635,DE43-220,Braunschweig
L100001003024,way/25306752-220,Ravensburg
L100000821637,way/26245195-380,Munich
L100001044763,way/1089911133-380,Hamburg
L100000821638,way/449010725-380,Flensburg
L100000821639,DE206-220,Muhldorf
L100000821640,way/108797675-380,Wurzburg
L100001003025,way/108797675-380,Wurzburg
L100000821641,DE205-380,Ulm
L100000821644,way/1094015892-380,Rostock
L100000821642,way/1094015892-380,Rostock
L100000821643,way/1094015892-380,Rostock
L100001057354,way/26245195-380,Munich
L100001003026,way/26245195-380,Munich
L100001043851,way/26472665-380,Magdeburg
L100000821646,way/57727004-220,Kempten
L100000821645,way/108797675-380,Wurzburg
L100001044162,way/42488850-380,Hamm
L100000821647,way/29084374-380,Amberg
L100000821648,way/26245195-380,Munich
L100000821649,way/26472665-380,Magdeburg
L100000821650,way/108797675-380,Wurzburg
L100001044540,way/170123812-400,SchwedtOder
L100000821651,way/26245195-380,Munich
L100001057355,way/108797675-380,Wurzburg
L100001003027,way/108797675-380,Wurzburg
L100000821652,way/29084374-380,Amberg
L100000821653,way/29084374-380,Amberg
L100000821654,way/29084374-380,Amberg
L100001057356,way/44717036-380,Bremen
L100001057357,way/44717036-380,Bremen
L100000821655,way/82130902-225,Offenburg
L100001044426,DE205-380,Ulm
L100000821658,way/57727004-220,Kempten
L100000821659,way/57727004-220,Kempten
L100001044401,way/26245195-380,Munich
L100001043992,DE205-380,Ulm
L100001043993,DE205-380,Ulm
L100001044399,DE205-380,Ulm
L100000821661,way/82130902-225,Offenburg
L100000821662,way/26245195-380,Munich
L100001043734,way/25306752-220,Ravensburg
L100000821663,DE206-220,Muhldorf
L100001003029,way/108797675-380,Wurzburg
L100001044389,way/26245195-380,Munich
L100001081582,way/26245195-380,Munich
L100001003030,way/26245195-380,Munich
L100000821664,DE205-380,Ulm
L100000821636,way/82130902-225,Offenburg
L100000821656,way/108797675-380,Wurzburg
L100000821657,way/941198517-380,Cottbus
L100000821660,way/26472665-380,Magdeburg
L100001057358,way/29084374-380,Amberg
L100001003031,way/108797675-380,Wurzburg
L100000821665,way/108797675-380,Wurzburg
L100000821666,way/108797675-380,Wurzburg
L100001003032,way/108797675-380,Wurzburg
L100000821667,way/29309786-380,BadHersfeld
L100000821668,way/143882655-380,Jena
L100000821669,way/52983550-380,FrankfurtOder
L100000821670,way/52983550-380,FrankfurtOder
L100000821671,DE43-220,Braunschweig
L100001003033,way/1094015892-380,Rostock
L100000821672,way/29084374-380,Amberg
L100001003034,way/29084374-380,Amberg
L100000821673,DE205-380,Ulm
L100000821674,way/108797675-380,Wurzburg
L100001044300,way/29084374-380,Amberg
L100000821675,way/941198517-380,Cottbus
L100001057359,way/29084374-380,Amberg
L100001044407,way/29084374-380,Amberg
L100001081583,way/29084374-380,Amberg
L100001057360,way/29084374-380,Amberg
L100000821676,way/26245195-380,Munich
L100001003035,way/26245195-380,Munich
L100000821677,way/24839976-380,Cologne
L100000821678,way/24839976-380,Cologne
L100000821679,way/24839976-380,Cologne
L100000821680,way/26245195-380,Munich
L100001044403,DE205-380,Ulm
L100001003036,way/42488850-380,Hamm
L100000821681,way/170123812-400,SchwedtOder
L100000821682,way/29084374-380,Amberg
L100000821683,way/449010725-380,Flensburg
L100001057361,way/29309786-380,BadHersfeld
L100001044687,way/42488850-380,Hamm
L100001044752,way/29309786-380,BadHersfeld
L100000821685,way/525964617,Elmshorn
L100001044545,way/57727004-220,Kempten
L100001003039,way/108797675-380,Wurzburg
L100001044811,way/108797675-380,Wurzburg
L100000821686,DE205-380,Ulm
L100001043614,way/1094015892-380,Rostock
L100000821687,DE173-220,Merzig
L100001044187,way/940919943,Gustrow
L100000821688,way/941198517-380,Cottbus
L100000821689,way/941198517-380,Cottbus
L100000821690,DE177-220,Saarbrucken
L100000821691,way/108797675-380,Wurzburg
L100000821692,DE205-380,Ulm
L100001081584,way/26245195-380,Munich
L100001081585,way/26245195-380,Munich
L100001003040,way/29084374-380,Amberg
L100000821693,way/943135226-380,Chemnitz
L100000821694,way/943135226-380,Chemnitz
L100001057362,DE206-220,Muhldorf
L100001003041,DE206-220,Muhldorf
L100001003042,DE62-380,Duisburg
L100001044127,way/57727004-220,Kempten
L100000821695,way/52983550-380,FrankfurtOder
L100000821696,DE206-220,Muhldorf
L100001003043,way/44717036-380,Bremen
L100000821697,way/26472665-380,Magdeburg
L100001081586,way/26472665-380,Magdeburg
L100000821698,way/29084374-380,Amberg
L100000821699,way/29309786-380,BadHersfeld
L100000821700,way/275466323,Lubeck
L100000821701,way/940919943,Gustrow
L100000821702,way/940919943,Gustrow
L100001003044,way/29309786-380,BadHersfeld
L100001044481,way/108797675-380,Wurzburg
L100000821703,way/52983550-380,FrankfurtOder
L100001057363,way/170123812-400,SchwedtOder
L100000821704,DE206-220,Muhldorf
L100001057364,way/29309786-380,BadHersfeld
L100000821705,way/44717036-380,Bremen
L100000821706,way/108797675-380,Wurzburg
L100000821707,way/29084374-380,Amberg
L100001057366,way/108797675-380,Wurzburg
L100000821708,DE206-220,Muhldorf
L100000821709,way/82130902-225,Offenburg
L100000821712,way/1094015892-380,Rostock
L100001057367,way/26245195-380,Munich
L100000821713,way/26245195-380,Munich
L100000821714,way/26245195-380,Munich
L100000821715,way/26245195-380,Munich
L100001003047,way/26245195-380,Munich
L100000821716,way/26245195-380,Munich
L100000821717,way/275466323,Lubeck
L100000821710,way/449010725-380,Flensburg
L100000821711,way/449010725-380,Flensburg
L100001003045,way/1089911133-380,Hamburg
L100001003046,way/1089911133-380,Hamburg
L100000821731,way/941198517-380,Cottbus
L100000821718,way/143882655-380,Jena
L100000821719,way/57727004-220,Kempten
L100000821720,way/57727004-220,Kempten
L100001057368,way/57727004-220,Kempten
L100000821721,DE205-380,Ulm
L100000821722,way/449010725-380,Flensburg
L100000821723,way/525964617,Elmshorn
L100000821724,DE206-220,Muhldorf
L100001044696,way/29084374-380,Amberg
L100000821725,way/143882655-380,Jena
L100001003048,way/26245195-380,Munich
L100000821726,way/26245195-380,Munich
L100001003049,DE205-380,Ulm
L100001044287,way/29084374-380,Amberg
L100001044714,way/29084374-380,Amberg
L100000821727,way/108797675-380,Wurzburg
L100001003051,way/26245195-380,Munich
L100000821728,way/525964617,Elmshorn
L100000821729,way/1094015892-380,Rostock
L100001057369,way/29084374-380,Amberg
L100000821730,way/29309786-380,BadHersfeld
L100001057417,way/525964617,Elmshorn
L100000821732,DE177-220,Saarbrucken
L100001043944,way/25306752-220,Ravensburg
L100000821733,way/31131320-380,Friedrichshafen
L100001003052,way/108797675-380,Wurzburg
L100001003053,way/108797675-380,Wurzburg
L100001003054,way/108797675-380,Wurzburg
L100000821734,way/940919943,Gustrow
L100000821735,way/1094015892-380,Rostock
L100000821736,way/29084374-380,Amberg
L100001057370,DE205-380,Ulm
L100000821737,way/940919943,Gustrow
L100000821738,way/940919943,Gustrow
L100000821739,way/1280840211-380,Emden
L100001044387,way/68532663-220,Weilheim
L100001057371,way/108797675-380,Wurzburg
L100000821743,way/941198517-380,Cottbus
L100001057372,DE205-380,Ulm
L100001003055,way/29309786-380,BadHersfeld
L100001044001,way/29309786-380,BadHersfeld
L100001044649,way/108797675-380,Wurzburg
L100001003056,way/108797675-380,Wurzburg
L100001043704,way/108797675-380,Wurzburg
L100001003057,way/57727004-220,Kempten
L100000821744,way/26245195-380,Munich
L100001057373,way/108797675-380,Wurzburg
L100001057374,way/108797675-380,Wurzburg
L100001081587,way/108797675-380,Wurzburg
L100000821745,way/29084374-380,Amberg
L100000821746,way/108797675-380,Wurzburg
L100000821747,way/108797675-380,Wurzburg
L100000821748,way/143882655-380,Jena
L100000821749,way/108797675-380,Wurzburg
L100000821750,way/449010725-380,Flensburg
L100000821751,way/29084374-380,Amberg
L100000821752,way/29084374-380,Amberg
L100000821753,way/29084374-380,Amberg
L100000821754,way/108797675-380,Wurzburg
L100000821755,way/108797675-380,Wurzburg
L100000821756,way/449010725-380,Flensburg
L100000821766,way/57727004-220,Kempten
L100000821768,way/29084374-380,Amberg
L100000821769,way/57727004-220,Kempten
L100000821757,way/26245195-380,Munich
L100000821758,way/170123812-400,SchwedtOder
L100000821759,way/108797675-380,Wurzburg
L100000821760,DE205-380,Ulm
L100001057375,way/29084374-380,Amberg
L100001057376,way/29084374-380,Amberg
L100001057377,way/29084374-380,Amberg
L100001057378,way/29084374-380,Amberg
L100000821761,way/82773910-400,Neunkirchen
L100000821762,way/108797675-380,Wurzburg
L100000821763,way/108797675-380,Wurzburg
L100000821764,way/941198517-380,Cottbus
L100000821765,way/24839976-380,Cologne
L100001044827,way/57727004-220,Kempten
L100000821767,way/1280840211-380,Emden
L100001044421,way/26245195-380,Munich
L100001057379,way/29084374-380,Amberg
L100000821770,way/26245195-380,Munich
L100001043931,way/26245195-380,Munich
L100001044461,way/26245195-380,Munich
L100000821771,way/26245195-380,Munich
L100000821772,way/29084374-380,Amberg
L100000821773,way/35818134-220,Dusseldorf
L100000821774,way/87653464-220,Emmendingen
L100001057380,way/26245195-380,Munich
L100000821775,way/108797675-380,Wurzburg
L100000821776,way/108797675-380,Wurzburg
L100001043713,way/108797675-380,Wurzburg
L100000821778,way/1094015892-380,Rostock
L100000821779,DE205-380,Ulm
L100000821780,way/52983550-380,FrankfurtOder
L100001003058,way/52983550-380,FrankfurtOder
L100000821777,way/108797675-380,Wurzburg
L100000821781,way/170123812-400,SchwedtOder
L100001044496,way/29084374-380,Amberg
L100001043864,way/29084374-380,Amberg
L100000821783,way/44717036-380,Bremen
L100000821782,way/44717036-380,Bremen
L100000821784,way/31131320-380,Friedrichshafen
L100000821786,way/108797675-380,Wurzburg
L100000821785,way/42488850-380,Hamm
L100000821787,way/29309786-380,BadHersfeld
L100001081588,DE177-220,Saarbrucken
L100000821788,DE205-380,Ulm
L100000821789,DE205-380,Ulm
L100000821792,way/108797675-380,Wurzburg
L100000821790,way/108797675-380,Wurzburg
L100000821791,way/108797675-380,Wurzburg
L100000821793,way/82130902-225,Offenburg
L100001003059,way/170123812-400,SchwedtOder
L100000821794,way/170123812-400,SchwedtOder
L100001044281,way/31131320-380,Friedrichshafen
L100001057382,way/525964617,Elmshorn
L100001081589,way/525964617,Elmshorn
L100000821795,way/940919943,Gustrow
L100001003060,way/108797675-380,Wurzburg
L100001003061,way/108797675-380,Wurzburg
L100000821796,DE43-220,Braunschweig
L100000821797,way/108797675-380,Wurzburg
L100000821798,way/525964617,Elmshorn
L100000821799,DE62-380,Duisburg
L100000821800,way/29084374-380,Amberg
L100001003062,way/108797675-380,Wurzburg
L100001003063,way/108797675-380,Wurzburg
L100001044398,way/57727004-220,Kempten
L100001057384,way/57727004-220,Kempten
L100000821801,way/82130902-225,Offenburg
L100001003064,way/82130902-225,Offenburg
L100000821802,way/89176939-220,Trier
L100000821803,DE177-220,Saarbrucken
L100001003065,way/108797675-380,Wurzburg
L100000821804,DE177-220,Saarbrucken
L100001003066,way/29084374-380,Amberg
L100001044793,way/29084374-380,Amberg
L100001044416,way/29084374-380,Amberg
L100001044406,way/42488850-380,Hamm
L100001044459,way/108797675-380,Wurzburg
L100001043651,way/108797675-380,Wurzburg
L100001043650,way/108797675-380,Wurzburg
L100000821805,way/108797675-380,Wurzburg
L100000821807,way/170123812-400,SchwedtOder
L100001043963,way/26472665-380,Magdeburg
L100001043965,way/26472665-380,Magdeburg
L100001043966,way/26472665-380,Magdeburg
L100001043967,way/26472665-380,Magdeburg
L100001057385,DE43-220,Braunschweig
L100001003067,DE205-380,Ulm
L100000821808,way/57727004-220,Kempten
L100000821809,way/57727004-220,Kempten
L100000821810,way/1089911133-380,Hamburg
L100001003068,way/82130902-225,Offenburg
L100000821811,DE206-220,Muhldorf
L100000821812,way/26245195-380,Munich
L100001057386,DE177-220,Saarbrucken
L100001003069,DE205-380,Ulm
L100000821813,DE205-380,Ulm
L100000821814,DE206-220,Muhldorf
L100000821815,DE206-220,Muhldorf
L100001003070,way/31131320-380,Friedrichshafen
L100000821817,way/26472665-380,Magdeburg
L100001003072,way/68532663-220,Weilheim
L100001057387,way/26245195-380,Munich
L100001057388,way/26245195-380,Munich
L100001044409,way/26245195-380,Munich
L100001057389,way/26245195-380,Munich
L100001057390,way/26245195-380,Munich
L100001043680,DE205-380,Ulm
L100001057391,way/108797675-380,Wurzburg
L100000821818,way/26245195-380,Munich
L100000821820,way/44717036-380,Bremen
L100000821821,DE205-380,Ulm
L100000821822,DE43-220,Braunschweig
L100001003071,way/29309786-380,BadHersfeld
L100000821816,way/29309786-380,BadHersfeld
L100000821819,DE205-380,Ulm
L100000821823,way/943135226-380,Chemnitz
L100000821824,way/57727004-220,Kempten
L100000821826,DE206-220,Muhldorf
L100000821827,way/57727004-220,Kempten
L100000821828,way/525964617,Elmshorn
L100000821829,way/42488850-380,Hamm
L100000821830,way/29309786-380,BadHersfeld
L100000821831,way/26245195-380,Munich
L100000821832,way/29309786-380,BadHersfeld
L100000821833,way/170123812-400,SchwedtOder
L100000821834,way/29309786-380,BadHersfeld
L100000821835,way/29309786-380,BadHersfeld
L100000821836,way/29084374-380,Amberg
L100000821825,DE62-380,Duisburg
L100001044246,way/1094015892-380,Rostock
L100000821838,way/1094015892-380,Rostock
L100000821839,way/1094015892-380,Rostock
L100000821837,way/1094015892-380,Rostock
L100001044499,way/170123812-400,SchwedtOder
L100001057392,way/29084374-380,Amberg
L100001061960,way/29084374-380,Amberg
L100000821841,way/1094015892-380,Rostock
L100000821842,way/943135226-380,Chemnitz
L100001057393,way/108797675-380,Wurzburg
L100000821843,way/943135226-380,Chemnitz
L100001057394,DE205-380,Ulm
L100000820950,way/26472665-380,Magdeburg
L100001002902,way/29084374-380,Amberg
L100000820951,way/170123812-400,SchwedtOder
L100001057232,way/29309786-380,BadHersfeld
L100000820952,way/88916034-220,RheinfeldenBaden
L100001043666,DE205-380,Ulm
L100000821316,way/108797675-380,Wurzburg
L100001043791,DE209-380,VillingenSchwennin
L100000821534,way/108797675-380,Wurzburg
L100001044274,way/108797675-380,Wurzburg
L100000821740,DE205-380,Ulm
L100000821741,DE205-380,Ulm
L100000821742,DE205-380,Ulm
L100000821846,DE206-220,Muhldorf
L100000821847,DE206-220,Muhldorf
L100000821848,DE206-220,Muhldorf
L100000821849,DE206-220,Muhldorf
L100000821850,DE206-220,Muhldorf
L100001057395,way/29084374-380,Amberg
L100000821845,way/941198517-380,Cottbus
L100001057397,DE206-220,Muhldorf
L100001057399,DE206-220,Muhldorf
L100001081590,way/57727004-220,Kempten
L100000821851,way/941198517-380,Cottbus
L100001044601,way/57727004-220,Kempten
L100000821852,way/29309786-380,BadHersfeld
L100000821855,DE206-220,Muhldorf
L100000821854,way/29309786-380,BadHersfeld
L100001003074,DE205-380,Ulm
L100000821857,way/26472665-380,Magdeburg
L100000821858,way/1094015892-380,Rostock
L100001044574,way/525964617,Elmshorn
L100000821859,way/26245195-380,Munich
L100001081591,way/170123812-400,SchwedtOder
L100000821862,way/29084374-380,Amberg
L100000821863,way/29309786-380,BadHersfeld
L100000821864,way/29309786-380,BadHersfeld
L100000821865,way/29309786-380,BadHersfeld
L100000821866,way/29309786-380,BadHersfeld
L100000821867,way/29309786-380,BadHersfeld
L100000821868,way/26245195-380,Munich
L100001057400,way/35818134-220,Dusseldorf
L100000821869,way/26245195-380,Munich
L100000821870,way/29084374-380,Amberg
L100000821872,DE62-380,Duisburg
L100000821873,way/108797675-380,Wurzburg
L100001003075,way/59026005-380,Gorlitz
L100000821875,way/1128250707-380,Oldenburg
L100001003076,way/57727004-220,Kempten
L100001081592,way/29084374-380,Amberg
L100000821876,way/29084374-380,Amberg
L100000821877,way/29084374-380,Amberg
L100000821878,way/29084374-380,Amberg
L100001057401,way/29084374-380,Amberg
L100000821880,way/108797675-380,Wurzburg
L100001003077,way/143882655-380,Jena
L100001043849,way/449010725-380,Flensburg
L100000821881,way/275466323,Lubeck
L100000821882,way/525964617,Elmshorn
L100001057402,way/29084374-380,Amberg
L100000821883,way/29309786-380,BadHersfeld
L100000821884,way/29309786-380,BadHersfeld
L100001043724,way/44717036-380,Bremen
L100001057418,DE43-220,Braunschweig
L100000822022,way/42488850-380,Hamm
L100001003097,way/29084374-380,Amberg
L100001044378,way/1094015892-380,Rostock
L100001044381,way/1094015892-380,Rostock
L100000822032,way/941198517-380,Cottbus
L100000822029,way/26472665-380,Magdeburg
L100001003100,DE173-220,Merzig
L100001043977,DE173-220,Merzig
L100000822043,way/29309786-380,BadHersfeld
L100000822045,way/26245195-380,Munich
L100001081610,way/1089911133-380,Hamburg
L100000822047,way/1094015892-380,Rostock
L100000822049,way/44717036-380,Bremen
L100000822051,way/108797675-380,Wurzburg
L100000822052,DE209-380,VillingenSchwennin
L100001003101,way/44717036-380,Bremen
L100001003102,way/26472665-380,Magdeburg
L100000822054,way/26472665-380,Magdeburg
L100000822053,way/26472665-380,Magdeburg
L100001057419,way/108797675-380,Wurzburg
L100000822055,way/108797675-380,Wurzburg
L100000822056,way/940919943,Gustrow
L100000822057,way/170123812-400,SchwedtOder
L100000806016,DE206-220,Muhldorf
L100000822059,way/943135226-380,Chemnitz
L100001057420,way/26245195-380,Munich
L100000822060,way/275466323,Lubeck
L100001044172,way/275466323,Lubeck
L100001044251,way/275466323,Lubeck
L100001057365,way/1094015892-380,Rostock
L100000822062,way/1094015892-380,Rostock
L100001057422,way/108797675-380,Wurzburg
L100000822063,way/108797675-380,Wurzburg
L100000822064,way/26472665-380,Magdeburg
L100001057423,way/44717036-380,Bremen
L100000822067,way/29309786-380,BadHersfeld
L100000822066,way/26472665-380,Magdeburg
L100001081611,way/29084374-380,Amberg
L100000822068,way/525964617,Elmshorn
L100000822069,way/170123812-400,SchwedtOder
L100001043697,way/26245195-380,Munich
L100001081537,way/25306752-220,Ravensburg
L100000821861,way/143882655-380,Jena
L100001057421,way/449010725-380,Flensburg
L100001003104,way/26245195-380,Munich
L100001044611,way/275466323,Lubeck
L100001003107,way/275466323,Lubeck
L100001003113,way/108797675-380,Wurzburg
L100000822077,way/42488850-380,Hamm
L100001044339,way/26472665-380,Magdeburg
L100001044344,way/1094015892-380,Rostock
L100001057431,way/82130902-225,Offenburg
L100001044029,way/143882655-380,Jena
L100000822098,way/943135226-380,Chemnitz
L100001043725,way/42488850-380,Hamm
L100000822105,way/57727004-220,Kempten
L100001057436,way/25306752-220,Ravensburg
L100001057437,way/25306752-220,Ravensburg
L100001003120,way/26472665-380,Magdeburg
L100000822112,way/44717036-380,Bremen
L100001044108,DE43-220,Braunschweig
L100000822117,way/42488850-380,Hamm
L100000822118,way/25306752-220,Ravensburg
L100001044826,DE69-380,Dortmund
L100000822071,way/24839976-380,Cologne
L100000822072,way/26472665-380,Magdeburg
L100000822073,way/26472665-380,Magdeburg
L100000822074,way/143882655-380,Jena
L100001002745,way/275466323,Lubeck
L100001003112,way/143882655-380,Jena
L100000822075,way/29309786-380,BadHersfeld
L100000822076,DE205-380,Ulm
L100001003114,way/1094015892-380,Rostock
L100001001912,way/29084374-380,Amberg
L100001044776,DE173-220,Merzig
L100001043694,DE69-380,Dortmund
L100000805922,way/170123812-400,SchwedtOder
L100001044482,way/25306752-220,Ravensburg
L100001057428,way/82130902-225,Offenburg
L100000822079,way/143882655-380,Jena
L100000822080,way/143882655-380,Jena
L100000822081,way/143882655-380,Jena
L100000822082,way/143882655-380,Jena
L100001057429,way/143882655-380,Jena
L100000817610,way/26245195-380,Munich
L100000822083,DE177-220,Saarbrucken
L100000822084,way/29084374-380,Amberg
L100001003116,way/108797675-380,Wurzburg
L100001044313,way/108797675-380,Wurzburg
L100001057430,way/108797675-380,Wurzburg
L100000822086,way/108797675-380,Wurzburg
L100000822087,DE205-380,Ulm
L100001044615,way/52983550-380,FrankfurtOder
L100000822091,way/108797675-380,Wurzburg
L100000822088,way/52983550-380,FrankfurtOder
L100000822089,way/52983550-380,FrankfurtOder
L100000822090,way/52983550-380,FrankfurtOder
L100001003117,way/108797675-380,Wurzburg
L100000822092,way/108797675-380,Wurzburg
L100000822094,DE206-220,Muhldorf
L100001057432,DE205-380,Ulm
L100000822095,way/143882655-380,Jena
L100000822096,way/26472665-380,Magdeburg
L100001003118,way/57727004-220,Kempten
L100001057433,way/525964617,Elmshorn
L100000806025,way/941198517-380,Cottbus
L100000806940,way/1094015892-380,Rostock
L100000822099,way/170123812-400,SchwedtOder
L100001057434,way/108797675-380,Wurzburg
L100001057435,way/143882655-380,Jena
L100000822100,way/26472665-380,Magdeburg
L100000822101,way/943135226-380,Chemnitz
L100000822102,way/943135226-380,Chemnitz
L100000822103,way/449010725-380,Flensburg
L100001043673,way/449010725-380,Flensburg
L100000822106,way/29084374-380,Amberg
L100000822107,way/29084374-380,Amberg
L100000822108,way/29084374-380,Amberg
L100000822109,way/29084374-380,Amberg
L100000822110,way/29084374-380,Amberg
L100000822111,way/24839976-380,Cologne
L100001081612,DE177-220,Saarbrucken
L100001003119,way/275466323,Lubeck
L100000805883,way/941198517-380,Cottbus
L100000822115,way/940919943,Gustrow
L100000805884,way/940919943,Gustrow
L100000822113,way/68532663-220,Weilheim
L100000822116,way/1094015892-380,Rostock
L100000822119,way/170123812-400,SchwedtOder
L100000822123,way/170123812-400,SchwedtOder
L100001003122,way/82130902-225,Offenburg
L100000822133,way/24839976-380,Cologne
L100001044662,way/952346322-380,Rheine
L100000822122,way/26472665-380,Magdeburg
L100000822124,way/941198517-380,Cottbus
L100000822125,way/143882655-380,Jena
L100000822126,way/170123812-400,SchwedtOder
L100000822127,way/941198517-380,Cottbus
L100000822129,way/52983550-380,FrankfurtOder
L100001057438,way/1094015892-380,Rostock
L100000822130,way/1094015892-380,Rostock
L100001057175,way/57727004-220,Kempten
L100001044022,way/82130902-225,Offenburg
L100001043769,DE173-220,Merzig
L100000822131,way/1089911133-380,Hamburg
L100001057439,way/42488850-380,Hamm
L100000817584,way/29084374-380,Amberg
L100001057440,way/108797675-380,Wurzburg
L100001003123,way/143882655-380,Jena
L100000822132,way/29084374-380,Amberg
L100001003124,way/57727004-220,Kempten
L100001044278,way/26472665-380,Magdeburg
L100001081613,way/35818134-220,Dusseldorf
L100001044382,way/952346322-380,Rheine
L100001057441,way/44717036-380,Bremen
L100000822142,way/26472665-380,Magdeburg
L100001003134,DE43-220,Braunschweig
L100001003135,way/26472665-380,Magdeburg
L100001081615,way/82130902-225,Offenburg
L100001057447,way/24839976-380,Cologne
L100001044023,way/525964617,Elmshorn
L100000822155,way/82130902-225,Offenburg
L100001057449,way/26472665-380,Magdeburg
L100000822156,way/29309786-380,BadHersfeld
L100000822157,DE43-220,Braunschweig
L100000822134,way/26472665-380,Magdeburg
L100000822135,way/143882655-380,Jena
L100001043594,way/143882655-380,Jena
L100001003125,way/143882655-380,Jena
L100001003126,way/940919943,Gustrow
L100001061953,way/1094015892-380,Rostock
L100001044737,way/449010725-380,Flensburg
L100001003127,way/1128250707-380,Oldenburg
L100001043821,way/108797675-380,Wurzburg
L100000822136,way/29084374-380,Amberg
L100000822137,way/29084374-380,Amberg
L100000822138,way/29084374-380,Amberg
L100000822139,DE205-380,Ulm
L100000822140,DE205-380,Ulm
L100001057442,way/57727004-220,Kempten
L100001057443,way/57727004-220,Kempten
L100001057444,way/57727004-220,Kempten
L100001044518,way/57727004-220,Kempten
L100001003128,way/57727004-220,Kempten
L100001003129,way/57727004-220,Kempten
L100001057445,DE205-380,Ulm
L100001003130,DE205-380,Ulm
L100001003131,way/57727004-220,Kempten
L100001043841,DE205-380,Ulm
L100001043842,DE205-380,Ulm
L100001043840,DE205-380,Ulm
L100000822141,way/57727004-220,Kempten
L100001003132,way/57727004-220,Kempten
L100001003133,way/57727004-220,Kempten
L100001081614,DE43-220,Braunschweig
L100001057446,way/42488850-380,Hamm
L100000822143,way/42488850-380,Hamm
L100000822144,way/941198517-380,Cottbus
L100001003136,way/42488850-380,Hamm
L100001044645,way/35818134-220,Dusseldorf
L100001044646,way/35818134-220,Dusseldorf
L100001044647,way/35818134-220,Dusseldorf
L100001044839,way/68532663-220,Weilheim
L100000822145,way/52983550-380,FrankfurtOder
L100000822146,DE177-220,Saarbrucken
L100001057448,DE205-380,Ulm
L100001044684,way/57727004-220,Kempten
L100001044092,way/1094015892-380,Rostock
L100001003137,DE206-220,Muhldorf
L100000822147,way/44717036-380,Bremen
L100000822148,way/82130902-225,Offenburg
L100000822149,way/57727004-220,Kempten
L100000822150,way/26245195-380,Munich
L100000822151,DE177-220,Saarbrucken
L100000822152,way/82130902-225,Offenburg
L100000822153,DE177-220,Saarbrucken
L100000822154,DE177-220,Saarbrucken
L100001003138,way/42488850-380,Hamm
L100001003139,way/25306752-220,Ravensburg
L100001003140,way/82130902-225,Offenburg
L100001003141,way/44717036-380,Bremen
L100001044735,way/25306752-220,Ravensburg
L100001003146,way/44717036-380,Bremen
L100000822175,DE43-220,Braunschweig
L100000822198,way/42488850-380,Hamm
L100001081623,way/42488850-380,Hamm
L100001044215,way/143882655-380,Jena
L100001057381,way/26472665-380,Magdeburg
L100001044621,way/26245195-380,Munich
L100000822161,way/57727004-220,Kempten
L100001081616,way/108797675-380,Wurzburg
L100000822163,DE177-220,Saarbrucken
L100001044191,DE177-220,Saarbrucken
L100000805801,way/170123812-400,SchwedtOder
L100001081617,way/108797675-380,Wurzburg
L100000805885,way/943135226-380,Chemnitz
L100001044688,way/943135226-380,Chemnitz
L100001044361,way/44717036-380,Bremen
L100001044395,way/82773910-400,Neunkirchen
L100001044394,way/82773910-400,Neunkirchen
L100001003143,way/108797675-380,Wurzburg
L100001043662,way/108797675-380,Wurzburg
L100001081618,way/44717036-380,Bremen
L100000822165,way/29309786-380,BadHersfeld
L100000822166,way/29309786-380,BadHersfeld
L100000822167,way/82130902-225,Offenburg
L100000822168,way/26472665-380,Magdeburg
L100000822169,way/1094015892-380,Rostock
L100001057453,way/525964617,Elmshorn
L100000822170,way/275466323,Lubeck
L100001003144,way/525964617,Elmshorn
L100000806200,way/525964617,Elmshorn
L100000822172,way/275466323,Lubeck
L100000822173,way/108797675-380,Wurzburg
L100000822174,way/26472665-380,Magdeburg
L100001044532,way/275466323,Lubeck
L100001043855,way/275466323,Lubeck
L100000805775,way/170123812-400,SchwedtOder
L100001057454,way/952346322-380,Rheine
L100000822176,way/26472665-380,Magdeburg
L100001081619,way/108797675-380,Wurzburg
L100000822177,way/26245195-380,Munich
L100001057455,way/29084374-380,Amberg
L100000822178,way/29084374-380,Amberg
L100000822179,way/108797675-380,Wurzburg
L100000822180,way/42488850-380,Hamm
L100000822182,way/68532663-220,Weilheim
L100001003148,DE209-380,VillingenSchwennin
L100001003149,DE209-380,VillingenSchwennin
L100001057456,way/143882655-380,Jena
L100001057457,way/24839976-380,Cologne
L100000822184,way/943135226-380,Chemnitz
L100001081620,DE205-380,Ulm
L100001043998,way/108797675-380,Wurzburg
L100001043782,way/108797675-380,Wurzburg
L100001057458,way/29084374-380,Amberg
L100001057459,way/26472665-380,Magdeburg
L100000822185,way/24839976-380,Cologne
L100001003150,way/57727004-220,Kempten
L100001003151,way/25306752-220,Ravensburg
L100001003152,way/26245195-380,Munich
L100001044695,DE177-220,Saarbrucken
L100000822188,way/29084374-380,Amberg
L100000822189,way/170123812-400,SchwedtOder
L100000822190,way/170123812-400,SchwedtOder
L100001081621,way/143882655-380,Jena
L100000822191,way/26472665-380,Magdeburg
L100000822192,way/29309786-380,BadHersfeld
L100001003153,way/42488850-380,Hamm
L100000822193,way/44717036-380,Bremen
L100001044488,DE69-380,Dortmund
L100000822194,DE177-220,Saarbrucken
L100000822196,way/31131320-380,Friedrichshafen
L100000822197,way/108797675-380,Wurzburg
L100001003154,way/108797675-380,Wurzburg
L100001003155,way/170123812-400,SchwedtOder
L100001003156,way/1089911133-380,Hamburg
L100000822199,DE206-220,Muhldorf
L100000822200,way/29084374-380,Amberg
L100000822201,way/29084374-380,Amberg
L100001081622,way/52983550-380,FrankfurtOder
L100000822202,DE205-380,Ulm
L100000822203,way/26472665-380,Magdeburg
L100000822204,DE205-380,Ulm
L100001057460,DE209-380,VillingenSchwennin
L100000822205,way/1128250707-380,Oldenburg
L100000822206,way/1128250707-380,Oldenburg
L100001003158,DE173-220,Merzig
L100000822207,way/525964617,Elmshorn
L100000822208,way/525964617,Elmshorn
L100000822209,way/29084374-380,Amberg
L100001003159,way/26245195-380,Munich
L100000822210,way/143882655-380,Jena
L100000822211,way/143882655-380,Jena
L100000822212,way/29309786-380,BadHersfeld
L100000822213,way/1094015892-380,Rostock
L100001044508,way/143882655-380,Jena
L100000822214,way/943135226-380,Chemnitz
L100000822215,way/1094015892-380,Rostock
L100000822216,way/26472665-380,Magdeburg
L100001003162,DE43-220,Braunschweig
L100000822217,way/57727004-220,Kempten
L100000822218,way/941198517-380,Cottbus
L100000822219,way/170123812-400,SchwedtOder
L100001003163,way/26472665-380,Magdeburg
L100000822220,way/143882655-380,Jena
L100000822221,way/143882655-380,Jena
L100000822222,way/82130902-225,Offenburg
L100000822223,way/52983550-380,FrankfurtOder
L100000822224,way/26472665-380,Magdeburg
L100001057462,way/52983550-380,FrankfurtOder
L100000822225,way/170123812-400,SchwedtOder
L100000822226,way/170123812-400,SchwedtOder
L100000822227,way/170123812-400,SchwedtOder
L100001057463,way/26472665-380,Magdeburg
L100001003166,way/26472665-380,Magdeburg
L100000822158,way/25306752-220,Ravensburg
L100000822162,way/943135226-380,Chemnitz
L100001043817,way/952346322-380,Rheine
L100001057450,way/952346322-380,Rheine
L100001057451,way/952346322-380,Rheine
L100001003167,way/1094015892-380,Rostock
L100001057465,DE206-220,Muhldorf
L100001057466,DE69-380,Dortmund
L100001057467,way/941198517-380,Cottbus
L100001044245,way/29309786-380,BadHersfeld
L100000822228,way/26472665-380,Magdeburg
L100000822229,way/26472665-380,Magdeburg
L100000822230,way/26472665-380,Magdeburg
L100000822233,way/943135226-380,Chemnitz
L100000822231,way/943135226-380,Chemnitz
L100000822232,way/943135226-380,Chemnitz
L100001061962,way/943135226-380,Chemnitz
L100001081624,way/943135226-380,Chemnitz
L100000822234,way/940919943,Gustrow
L100001057464,DE206-220,Muhldorf
L100000822235,way/943135226-380,Chemnitz
L100000822236,way/943135226-380,Chemnitz
L100000822237,way/943135226-380,Chemnitz
L100000822238,way/943135226-380,Chemnitz
L100000822239,way/943135226-380,Chemnitz
L100000822240,way/943135226-380,Chemnitz
L100001003168,way/943135226-380,Chemnitz
L100001003169,way/943135226-380,Chemnitz
L100000822241,way/943135226-380,Chemnitz
L100000805804,way/943135226-380,Chemnitz
L100001044377,DE173-220,Merzig
L100001003170,way/29084374-380,Amberg
L100001003171,way/952346322-380,Rheine
L100000822242,way/26472665-380,Magdeburg
L100000822243,way/26472665-380,Magdeburg
L100000822244,way/26472665-380,Magdeburg
L100000822245,way/26472665-380,Magdeburg
L100000822246,way/26472665-380,Magdeburg
L100001057136,way/26472665-380,Magdeburg
L100000822247,way/26472665-380,Magdeburg
L100001003172,way/941198517-380,Cottbus
L100001003173,way/941198517-380,Cottbus
L100000822248,way/941198517-380,Cottbus
L100000822249,way/108797675-380,Wurzburg
L100000806027,way/1094015892-380,Rostock
L100001081625,DE206-220,Muhldorf
L100000822250,way/943135226-380,Chemnitz
L100000822253,way/26472665-380,Magdeburg
L100000822254,way/26472665-380,Magdeburg
L100000822256,way/143882655-380,Jena
L100000822257,way/42488850-380,Hamm
L100000822259,way/943135226-380,Chemnitz
L100001043759,way/108797675-380,Wurzburg
L100001057468,DE43-220,Braunschweig
L100000822261,way/143882655-380,Jena
L100000822262,way/941198517-380,Cottbus
L100000822263,way/941198517-380,Cottbus
L100000822264,way/108797675-380,Wurzburg
L100000822265,way/108797675-380,Wurzburg
L100000822266,way/943135226-380,Chemnitz
L100001003176,way/943135226-380,Chemnitz
L100001003177,way/943135226-380,Chemnitz
L100000822267,way/943135226-380,Chemnitz
L100001057469,way/26472665-380,Magdeburg
L100001057470,DE206-220,Muhldorf
L100000822251,way/26472665-380,Magdeburg
L100000822252,way/26472665-380,Magdeburg
L100000822258,way/26472665-380,Magdeburg
L100000817714,way/57727004-220,Kempten
L100001001896,DE43-220,Braunschweig
L100001044750,way/29309786-380,BadHersfeld
L100001001940,way/1280840211-380,Emden
L100001002036,way/29084374-380,Amberg
L100001081419,DE69-380,Dortmund
L100001002045,DE43-220,Braunschweig
L100001002101,DE43-220,Braunschweig
L100000818457,way/170123812-400,SchwedtOder
L100000818458,way/170123812-400,SchwedtOder
L100000818756,way/940919943,Gustrow
L100000818880,way/108797675-380,Wurzburg
L100000818881,way/26472665-380,Magdeburg
L100000819168,way/943135226-380,Chemnitz
L100000819205,DE206-220,Muhldorf
L100001057176,way/29084374-380,Amberg
L100001002819,way/29084374-380,Amberg
L100001057192,way/26245195-380,Munich
L100000820713,way/143882655-380,Jena
L100001002861,way/29084374-380,Amberg
L100001003108,way/29084374-380,Amberg
L100000821296,way/449010725-380,Flensburg
L100001003099,way/941198517-380,Cottbus
L100001057427,way/29084374-380,Amberg
L100001044824,way/35818134-220,Dusseldorf
L100001003164,DE205-380,Ulm
L100001043976,DE209-380,VillingenSchwennin
L100001044639,way/25306752-220,Ravensburg
L100001003174,way/44717036-380,Bremen
L100000910146,way/24839976-380,Cologne
L100001053927,DE69-380,Dortmund
L100000914658,way/1128250707-380,Oldenburg
L100000910972,way/943135226-380,Chemnitz
L100000911803,way/42488850-380,Hamm
L100000908709,DE173-220,Merzig
L100000908710,way/26472665-380,Magdeburg
L100000909496,way/525964617,Elmshorn
L100000910975,way/42488850-380,Hamm
L100000912581,way/952346322-380,Rheine
L100001053928,way/42488850-380,Hamm
L100000913980,way/42488850-380,Hamm
L100000910978,way/525964617,Elmshorn
L100000908385,way/108797675-380,Wurzburg
L100000908386,way/108797675-380,Wurzburg
L100000910779,way/42488850-380,Hamm
L100000909497,way/449010725-380,Flensburg
L100000915758,way/1280840211-380,Emden
L100000910780,way/525964617,Elmshorn
L100000913424,way/170123812-400,SchwedtOder
L100000913982,way/44717036-380,Bremen
L100000910151,way/24839976-380,Cologne
L100001004305,way/24839976-380,Cologne
L100001053929,way/24839976-380,Cologne
L100000914323,way/525964617,Elmshorn
L100000910472,way/44717036-380,Bremen
L100001053930,way/952346322-380,Rheine
L100000908251,way/42488850-380,Hamm
L100000913209,way/1280840211-380,Emden
L100000915200,way/26472665-380,Magdeburg
L100000912750,way/275466323,Lubeck
L100000912330,way/449010725-380,Flensburg
L100000913394,way/29309786-380,BadHersfeld
L100000911806,way/26472665-380,Magdeburg
L100000908389,way/525964617,Elmshorn
L100001053931,way/525964617,Elmshorn
L100000920027,way/1089911133-380,Hamburg
L100000910473,way/42488850-380,Hamm
L100001004285,way/42488850-380,Hamm
L100000913395,way/1094015892-380,Rostock
L100000907706,way/1094015892-380,Rostock
L100000909787,DE177-220,Saarbrucken
L100001053932,way/42488850-380,Hamm
L100000913480,way/943135226-380,Chemnitz
L100000909788,way/170123812-400,SchwedtOder
L100000908716,way/26472665-380,Magdeburg
L100000913481,way/26472665-380,Magdeburg
L100000909798,DE177-220,Saarbrucken
L100000913212,DE173-220,Merzig
L100000910783,way/1094015892-380,Rostock
L100000908390,way/26472665-380,Magdeburg
L100000909500,way/29309786-380,BadHersfeld
L100000916110,way/449010725-380,Flensburg
L100000910784,DE209-380,VillingenSchwennin
L100000912753,way/44717036-380,Bremen
L100000908720,way/108797675-380,Wurzburg
L100000920028,way/108797675-380,Wurzburg
L100000908393,DE69-380,Dortmund
L100000908723,way/1128250707-380,Oldenburg
L100000913772,way/525964617,Elmshorn
L100000908394,way/525964617,Elmshorn
L100000916054,way/940919943,Gustrow
L100000920030,way/1089911133-380,Hamburg
L100000909791,way/42488850-380,Hamm
L100000916157,way/170123812-400,SchwedtOder
L100000913483,way/26472665-380,Magdeburg
L100001054175,way/24839976-380,Cologne
L100001004199,way/42488850-380,Hamm
L100000920031,way/26472665-380,Magdeburg
L100000908395,way/89176939-220,Trier
L100000912019,way/89176939-220,Trier
L100000920032,way/89176939-220,Trier
L100000911476,way/26472665-380,Magdeburg
L100000909792,way/26472665-380,Magdeburg
L100000911477,way/143882655-380,Jena
L100000920033,way/25306752-220,Ravensburg
L100000912879,way/42488850-380,Hamm
L100000910786,way/42488850-380,Hamm
L100000916234,way/1280840211-380,Emden
L100001053933,way/42488850-380,Hamm
L100000920034,DE177-220,Saarbrucken
L100000910787,way/525964617,Elmshorn
L100000920035,way/943135226-380,Chemnitz
L100000910788,way/941198517-380,Cottbus
L100000920036,DE43-220,Braunschweig
L100000914591,way/525964617,Elmshorn
L100000908397,way/952346322-380,Rheine
L100000908737,way/29309786-380,BadHersfeld
L100000910158,way/29309786-380,BadHersfeld
L100000911355,way/42488850-380,Hamm
L100001004200,way/42488850-380,Hamm
L100000908398,way/29309786-380,BadHersfeld
L100000920038,way/143882655-380,Jena
L100000908399,way/25306752-220,Ravensburg
L100000911484,way/143882655-380,Jena
L100000920040,way/82130902-225,Offenburg
L100000912586,way/1128250707-380,Oldenburg
L100000912191,way/26472665-380,Magdeburg
L100000907719,DE43-220,Braunschweig
L100000912587,way/275466323,Lubeck
L100000909800,way/24839976-380,Cologne
L100000914185,way/1280840211-380,Emden
L100000920041,way/941198517-380,Cottbus
L100001053934,way/449010725-380,Flensburg
L100000907720,way/1128250707-380,Oldenburg
L100000912999,way/42488850-380,Hamm
L100000920042,way/108797675-380,Wurzburg
L100000916195,way/940919943,Gustrow
L100001004201,DE69-380,Dortmund
L100000920043,way/1089911133-380,Hamburg
L100000909803,DE43-220,Braunschweig
L100000916164,way/1280840211-380,Emden
L100000909804,way/44717036-380,Bremen
L100000912024,way/1089911133-380,Hamburg
L100000910482,way/943135226-380,Chemnitz
L100000910483,way/943135226-380,Chemnitz
L100000907725,way/449010725-380,Flensburg
L100000910791,way/1094015892-380,Rostock
L100001053935,way/952346322-380,Rheine
L100000912025,way/525964617,Elmshorn
L100000909805,way/525964617,Elmshorn
L100001053936,DE43-220,Braunschweig
L100000913486,way/44717036-380,Bremen
L100000909807,way/170123812-400,SchwedtOder
L100001004202,way/170123812-400,SchwedtOder
L100000907729,way/44717036-380,Bremen
L100000910986,way/1089911133-380,Hamburg
L100000911486,way/1128250707-380,Oldenburg
L100000920044,way/943135226-380,Chemnitz
L100000912755,way/952346322-380,Rheine
L100000908746,way/108797675-380,Wurzburg
L100000911357,way/449010725-380,Flensburg
L100000910163,way/525964617,Elmshorn
L100001004310,way/275466323,Lubeck
L100000920045,way/42488850-380,Hamm
L100000912339,way/24839976-380,Cologne
L100000913115,way/24839976-380,Cologne
L100000910164,way/1089911133-380,Hamburg
L100000913116,way/941198517-380,Cottbus
L100000908400,way/52983550-380,FrankfurtOder
L100000914285,way/170123812-400,SchwedtOder
L100000907733,way/26472665-380,Magdeburg
L100000909810,way/52983550-380,FrankfurtOder
L100000911487,way/52983550-380,FrankfurtOder
L100000910485,way/940919943,Gustrow
L100000911002,way/449010725-380,Flensburg
L100000910165,way/525964617,Elmshorn
L100000908402,way/170123812-400,SchwedtOder
L100000910486,way/170123812-400,SchwedtOder
L100000912589,way/29309786-380,BadHersfeld
L100000910488,DE177-220,Saarbrucken
L100000910489,way/525964617,Elmshorn
L100000913001,way/525964617,Elmshorn
L100000910792,way/525964617,Elmshorn
L100000920046,way/26472665-380,Magdeburg
L100000910989,way/1128250707-380,Oldenburg
L100000909502,DE177-220,Saarbrucken
L100000910990,way/44717036-380,Bremen
L100000909503,way/29084374-380,Amberg
L100000908757,way/68532663-220,Weilheim
L100000908758,way/1094015892-380,Rostock
L100000914046,way/26472665-380,Magdeburg
L100000909504,way/24839976-380,Cologne
L100000920047,way/24839976-380,Cologne
L100000908759,way/170123812-400,SchwedtOder
L100000909812,DE173-220,Merzig
L100000909505,DE173-220,Merzig
L100000909813,way/44717036-380,Bremen
L100000913221,way/29309786-380,BadHersfeld
L100000908761,way/1094015892-380,Rostock
L100000907735,way/943135226-380,Chemnitz
L100000908403,way/59026005-380,Gorlitz
L100000920048,way/24839976-380,Cologne
L100000912028,way/170123812-400,SchwedtOder
L100000912029,way/26472665-380,Magdeburg
L100001004203,DE173-220,Merzig
L100000908763,way/108797675-380,Wurzburg
L100000920049,DE43-220,Braunschweig
L100001053937,way/29309786-380,BadHersfeld
L100000920050,DE173-220,Merzig
L100000909814,way/1089911133-380,Hamburg
L100000909815,way/1280840211-380,Emden
L100000907737,DE177-220,Saarbrucken
L100000920051,way/82130902-225,Offenburg
L100000913002,way/941198517-380,Cottbus
L100000908404,way/52983550-380,FrankfurtOder
L100000912340,way/52983550-380,FrankfurtOder
L100000912886,way/26472665-380,Magdeburg
L100000912341,way/26472665-380,Magdeburg
L100000910793,way/170123812-400,SchwedtOder
L100000907738,way/29309786-380,BadHersfeld
L100001053938,way/143882655-380,Jena
L100001053939,way/1089911133-380,Hamburg
L100000912756,way/952346322-380,Rheine
L100001053940,way/25306752-220,Ravensburg
L100000913003,way/952346322-380,Rheine
L100000907740,way/108797675-380,Wurzburg
L100000920052,way/82130902-225,Offenburg
L100000911820,way/26472665-380,Magdeburg
L100000908770,way/108797675-380,Wurzburg
L100000909819,way/44717036-380,Bremen
L100000913684,way/52983550-380,FrankfurtOder
L100000920053,way/170123812-400,SchwedtOder
L100000909820,way/57727004-220,Kempten
L100001053941,way/1094015892-380,Rostock
L100000912757,way/449010725-380,Flensburg
L100000907742,way/943135226-380,Chemnitz
L100000907743,way/943135226-380,Chemnitz
L100000908771,way/108797675-380,Wurzburg
L100000910170,way/943135226-380,Chemnitz
L100000912344,way/1128250707-380,Oldenburg
L100000911821,way/449010725-380,Flensburg
L100000908772,way/42488850-380,Hamm
L100000910991,DE43-220,Braunschweig
L100000910992,way/525964617,Elmshorn
L100000910172,way/525964617,Elmshorn
L100000911493,way/525964617,Elmshorn
L100000910495,way/143882655-380,Jena
L100000912346,way/44717036-380,Bremen
L100000907745,way/525964617,Elmshorn
L100000920054,way/275466323,Lubeck
L100000920055,way/275466323,Lubeck
L100000910496,way/42488850-380,Hamm
L100000910173,way/42488850-380,Hamm
L100000914333,way/449010725-380,Flensburg
L100001053942,way/29309786-380,BadHersfeld
L100001053943,way/1280840211-380,Emden
L100000908780,way/1280840211-380,Emden
L100000916116,way/1280840211-380,Emden
L100000916191,way/1280840211-380,Emden
L100000916026,way/1280840211-380,Emden
L100001053944,way/29309786-380,BadHersfeld
L100000909821,way/26472665-380,Magdeburg
L100000908781,way/26472665-380,Magdeburg
L100000920056,DE43-220,Braunschweig
L100001053945,way/170123812-400,SchwedtOder
L100000908783,way/26472665-380,Magdeburg
L100000913985,way/26472665-380,Magdeburg
L100000911494,way/44717036-380,Bremen
L100000908784,way/1280840211-380,Emden
L100000912194,way/1280840211-380,Emden
L100000911822,way/44717036-380,Bremen
L100000910174,way/1128250707-380,Oldenburg
L100000913428,way/1128250707-380,Oldenburg
L100001053947,DE209-380,VillingenSchwennin
L100000910795,way/1089911133-380,Hamburg
L100001046037,way/29309786-380,BadHersfeld
L100000907752,way/108797675-380,Wurzburg
L100000907753,way/29309786-380,BadHersfeld
L100000912348,way/449010725-380,Flensburg
L100000920057,way/449010725-380,Flensburg
L100000911496,way/449010725-380,Flensburg
L100000913223,way/449010725-380,Flensburg
L100001053948,DE205-380,Ulm
L100000908410,way/29309786-380,BadHersfeld
L100001004238,way/29309786-380,BadHersfeld
L100000908789,way/108797675-380,Wurzburg
L100000910177,way/449010725-380,Flensburg
L100000910998,way/24839976-380,Cologne
L100000910178,way/952346322-380,Rheine
L100000909510,DE69-380,Dortmund
L100000920058,way/29309786-380,BadHersfeld
L100000910500,way/29309786-380,BadHersfeld
L100000910179,way/1094015892-380,Rostock
L100000909822,way/26472665-380,Magdeburg
L100000920059,way/449010725-380,Flensburg
L100000911824,way/1094015892-380,Rostock
L100000911358,way/1094015892-380,Rostock
L100000909511,DE173-220,Merzig
L100000912758,way/29309786-380,BadHersfeld
L100001053949,way/1089911133-380,Hamburg
L100000920060,way/449010725-380,Flensburg
L100000907754,way/44717036-380,Bremen
L100000907755,way/44717036-380,Bremen
L100000909823,way/525964617,Elmshorn
L100000909824,way/25306752-220,Ravensburg
L100001053950,way/108797675-380,Wurzburg
L100001053951,way/29309786-380,BadHersfeld
L100000920061,way/943135226-380,Chemnitz
L100000910180,way/170123812-400,SchwedtOder
L100000912035,way/941198517-380,Cottbus
L100000911825,way/42488850-380,Hamm
L100000920062,way/42488850-380,Hamm
L100000907757,DE43-220,Braunschweig
L100000908792,way/525964617,Elmshorn
L100000913004,way/44717036-380,Bremen
L100000909825,way/44717036-380,Bremen
L100000908793,way/26245195-380,Munich
L100001053952,way/42488850-380,Hamm
L100000920063,way/108797675-380,Wurzburg
L100001053953,way/1094015892-380,Rostock
L100000911498,way/525964617,Elmshorn
L100000913857,way/525964617,Elmshorn
L100001053954,way/940919943,Gustrow
L100001053955,way/1094015892-380,Rostock
L100000909514,way/143882655-380,Jena
L100000920065,way/108797675-380,Wurzburg
L100000913224,way/29309786-380,BadHersfeld
L100000910796,way/29309786-380,BadHersfeld
L100000908794,way/108797675-380,Wurzburg
L100000907758,way/943135226-380,Chemnitz
L100000909826,way/943135226-380,Chemnitz
L100000909515,way/943135226-380,Chemnitz
L100000909516,DE43-220,Braunschweig
L100000913117,way/29309786-380,BadHersfeld
L100000911827,way/52983550-380,FrankfurtOder
L100000907759,way/1094015892-380,Rostock
L100000920066,way/26472665-380,Magdeburg
L100000909517,DE205-380,Ulm
L100000907760,DE43-220,Braunschweig
L100000911828,way/1280840211-380,Emden
L100000911501,way/42488850-380,Hamm
L100000920069,way/952346322-380,Rheine
L100000910501,way/26472665-380,Magdeburg
L100000912350,way/143882655-380,Jena
L100000920070,way/108797675-380,Wurzburg
L100000920071,DE209-380,VillingenSchwennin
L100000908798,way/1280840211-380,Emden
L100001053956,way/940919943,Gustrow
L100000916075,way/449010725-380,Flensburg
L100000909518,way/1094015892-380,Rostock
L100000912595,way/525964617,Elmshorn
L100000908799,way/525964617,Elmshorn
L100000914194,way/143882655-380,Jena
L100000913986,way/29309786-380,BadHersfeld
L100000913006,way/29309786-380,BadHersfeld
L100000910183,way/941198517-380,Cottbus
L100000911830,way/941198517-380,Cottbus
L100000920072,way/275466323,Lubeck
L100001053957,way/1089911133-380,Hamburg
L100000910799,way/26472665-380,Magdeburg
L100000915233,way/941198517-380,Cottbus
L100000909834,way/941198517-380,Cottbus
L100000907786,DE43-220,Braunschweig
L100000908820,way/1089911133-380,Hamburg
L100001053958,way/952346322-380,Rheine
L100000910510,way/952346322-380,Rheine
L100000913866,way/29309786-380,BadHersfeld
L100000920073,way/143882655-380,Jena
L100000911838,DE43-220,Braunschweig
L100000911362,DE43-220,Braunschweig
L100000913014,way/941198517-380,Cottbus
L100000912366,way/941198517-380,Cottbus
L100000920075,DE43-220,Braunschweig
L100000910512,way/170123812-400,SchwedtOder
L100000909524,way/1089911133-380,Hamburg
L100000914637,way/26472665-380,Magdeburg
L100000910805,way/449010725-380,Flensburg
L100000907802,way/42488850-380,Hamm
L100000908835,way/42488850-380,Hamm
L100000908418,DE43-220,Braunschweig
L100000911522,way/89176939-220,Trier
L100000913121,way/89176939-220,Trier
L100000913870,way/1089911133-380,Hamburg
L100000915506,way/941198517-380,Cottbus
L100000920076,way/108797675-380,Wurzburg
L100001053959,way/1094015892-380,Rostock
L100000914124,way/1089911133-380,Hamburg
L100000911842,way/1094015892-380,Rostock
L100000911523,way/44717036-380,Bremen
L100000908837,way/525964617,Elmshorn
L100000911525,way/943135226-380,Chemnitz
L100000910205,way/943135226-380,Chemnitz
L100000916076,way/449010725-380,Flensburg
L100000912040,way/1094015892-380,Rostock
L100000909841,way/1094015892-380,Rostock
L100000913499,way/29309786-380,BadHersfeld
L100001053960,DE43-220,Braunschweig
L100000910515,way/44717036-380,Bremen
L100000911025,way/44717036-380,Bremen
L100000912041,way/525964617,Elmshorn
L100000916196,way/1280840211-380,Emden
L100000908842,way/26245195-380,Munich
L100000908419,way/170123812-400,SchwedtOder
L100000920077,way/29309786-380,BadHersfeld
L100000911528,way/940919943,Gustrow
L100000912603,way/1280840211-380,Emden
L100000916044,way/1280840211-380,Emden
L100000911028,way/29309786-380,BadHersfeld
L100000907806,way/449010725-380,Flensburg
L100001004247,way/52983550-380,FrankfurtOder
L100001053961,way/52983550-380,FrankfurtOder
L100000911029,way/525964617,Elmshorn
L100000909843,way/42488850-380,Hamm
L100000911030,way/44717036-380,Bremen
L100000920078,way/1280840211-380,Emden
L100000907807,way/525964617,Elmshorn
L100001053962,way/1128250707-380,Oldenburg
L100000909525,DE205-380,Ulm
L100000910518,way/1128250707-380,Oldenburg
L100000907808,way/29309786-380,BadHersfeld
L100000920079,way/275466323,Lubeck
L100000907809,way/82130902-225,Offenburg
L100000907810,way/26472665-380,Magdeburg
L100000909844,way/26472665-380,Magdeburg
L100000920080,way/52983550-380,FrankfurtOder
L100000920081,way/449010725-380,Flensburg
L100000908849,way/26472665-380,Magdeburg
L100000910519,way/941198517-380,Cottbus
L100001053963,way/952346322-380,Rheine
L100000920082,way/42488850-380,Hamm
L100000920083,way/42488850-380,Hamm
L100000910807,way/1089911133-380,Hamburg
L100000910520,way/82130902-225,Offenburg
L100000911532,way/943135226-380,Chemnitz
L100000910209,way/26472665-380,Magdeburg
L100000911033,way/143882655-380,Jena
L100000911034,way/943135226-380,Chemnitz
L100000908850,way/1280840211-380,Emden
L100001053964,way/1280840211-380,Emden
L100000912773,way/1280840211-380,Emden
L100001053965,way/525964617,Elmshorn
L100000912043,way/941198517-380,Cottbus
L100000908851,way/525964617,Elmshorn
L100000914203,way/44717036-380,Bremen
L100001004250,way/170123812-400,SchwedtOder
L100001053966,way/943135226-380,Chemnitz
L100000912605,way/449010725-380,Flensburg
L100001053967,way/449010725-380,Flensburg
L100000908420,way/941198517-380,Cottbus
L100000913018,DE43-220,Braunschweig
L100001053968,way/29309786-380,BadHersfeld
L100000907817,way/26472665-380,Magdeburg
L100000920084,way/525964617,Elmshorn
L100000908853,way/26472665-380,Magdeburg
L100000915182,way/1280840211-380,Emden
L100000920085,DE43-220,Braunschweig
L100000915779,DE43-220,Braunschweig
L100000915183,way/941198517-380,Cottbus
L100000911364,way/941198517-380,Cottbus
L100000914204,way/941198517-380,Cottbus
L100000913122,way/941198517-380,Cottbus
L100001053969,way/170123812-400,SchwedtOder
L100001053970,way/940919943,Gustrow
L100000907821,way/44717036-380,Bremen
L100000920086,way/108797675-380,Wurzburg
L100000907822,way/35818134-220,Dusseldorf
L100000912044,way/26472665-380,Magdeburg
L100000912774,way/44717036-380,Bremen
L100000908854,way/44717036-380,Bremen
L100000909526,way/1280840211-380,Emden
L100000908424,way/29309786-380,BadHersfeld
L100000910808,way/525964617,Elmshorn
L100000910214,way/143882655-380,Jena
L100000908855,way/143882655-380,Jena
L100001053971,way/42488850-380,Hamm
L100000910522,way/26472665-380,Magdeburg
L100000920087,DE43-220,Braunschweig
L100000913123,way/525964617,Elmshorn
L100000911365,way/1089911133-380,Hamburg
L100000912608,DE43-220,Braunschweig
L100001053972,way/29309786-380,BadHersfeld
L100000907825,way/449010725-380,Flensburg
L100001053973,way/29309786-380,BadHersfeld
L100000908856,way/941198517-380,Cottbus
L100000908857,way/1280840211-380,Emden
L100000915469,way/525964617,Elmshorn
L100000910216,way/525964617,Elmshorn
L100000912207,way/89176939-220,Trier
L100000908858,way/42488850-380,Hamm
L100000910809,DE43-220,Braunschweig
L100000908859,way/82130902-225,Offenburg
L100001053974,way/943135226-380,Chemnitz
L100000910523,way/82130902-225,Offenburg
L100000910810,way/26472665-380,Magdeburg
L100000908860,DE173-220,Merzig
L100000911037,way/940919943,Gustrow
L100000914460,way/943135226-380,Chemnitz
L100000913690,DE43-220,Braunschweig
L100000912781,way/29309786-380,BadHersfeld
L100000909851,way/108797675-380,Wurzburg
L100000908864,way/42488850-380,Hamm
L100000909528,way/1128250707-380,Oldenburg
L100000915847,DE177-220,Saarbrucken
L100000910222,way/29309786-380,BadHersfeld
L100000911366,way/449010725-380,Flensburg
L100000913250,DE205-380,Ulm
L100000911043,way/44717036-380,Bremen
L100000908865,way/943135226-380,Chemnitz
L100000911545,way/941198517-380,Cottbus
L100000907829,way/943135226-380,Chemnitz
L100001053975,way/42488850-380,Hamm
L100000909852,way/42488850-380,Hamm
L100000913503,way/1280840211-380,Emden
L100000913595,way/1280840211-380,Emden
L100000911546,way/449010725-380,Flensburg
L100000910527,way/1089911133-380,Hamburg
L100000910528,way/42488850-380,Hamm
L100000914681,way/940919943,Gustrow
L100001053976,way/29309786-380,BadHersfeld
L100000908866,way/525964617,Elmshorn
L100001053977,way/24839976-380,Cologne
L100000908867,way/26245195-380,Munich
L100000911045,way/42488850-380,Hamm
L100000910223,DE177-220,Saarbrucken
L100000908873,way/24839976-380,Cologne
L100000908874,way/143882655-380,Jena
L100000911048,way/42488850-380,Hamm
L100000909854,way/952346322-380,Rheine
L100000911049,way/1280840211-380,Emden
L100001053978,way/952346322-380,Rheine
L100000909530,way/24839976-380,Cologne
L100000914211,way/143882655-380,Jena
L100000911050,way/143882655-380,Jena
L100000911548,way/449010725-380,Flensburg
L100000911368,way/42488850-380,Hamm
L100001004252,way/87653464-400,FreiburgImBreisgau
L100000920090,way/82130902-225,Offenburg
L100000908877,way/26472665-380,Magdeburg
L100000908878,way/1089911133-380,Hamburg
L100000907832,way/42488850-380,Hamm
L100001053979,DE69-380,Dortmund
L100001053980,way/44717036-380,Bremen
L100000907833,way/42488850-380,Hamm
L100000912782,way/170123812-400,SchwedtOder
L100000907834,way/449010725-380,Flensburg
L100000909532,DE209-380,VillingenSchwennin
L100000910531,way/26472665-380,Magdeburg
L100000912048,way/170123812-400,SchwedtOder
L100000909857,way/170123812-400,SchwedtOder
L100000908882,way/170123812-400,SchwedtOder
L100000913505,way/26472665-380,Magdeburg
L100000912049,way/275466323,Lubeck
L100000907836,way/29084374-380,Amberg
L100000915234,way/275466323,Lubeck
L100000909858,way/275466323,Lubeck
L100000914789,way/1280840211-380,Emden
L100000911550,way/1128250707-380,Oldenburg
L100000908426,way/29084374-380,Amberg
L100000910812,way/44717036-380,Bremen
L100000909533,way/943135226-380,Chemnitz
L100000910225,way/29309786-380,BadHersfeld
L100001053981,DE177-220,Saarbrucken
L100000920091,DE205-380,Ulm
L100000909534,way/1128250707-380,Oldenburg
L100000908884,DE177-220,Saarbrucken
L100001053982,way/42488850-380,Hamm
L100000910227,way/26472665-380,Magdeburg
L100000908885,way/26472665-380,Magdeburg
L100001053983,way/29309786-380,BadHersfeld
L100000908886,way/952346322-380,Rheine
L100001053984,way/42488850-380,Hamm
L100000910814,way/26472665-380,Magdeburg
L100000920092,way/26472665-380,Magdeburg
L100000920093,way/1089911133-380,Hamburg
L100000910228,DE43-220,Braunschweig
L100000909535,way/82130902-225,Offenburg
L100000910815,way/108797675-380,Wurzburg
L100000920094,way/42488850-380,Hamm
L100001053985,way/29309786-380,BadHersfeld
L100000909861,way/449010725-380,Flensburg
L100000909536,DE177-220,Saarbrucken
L100000908887,DE177-220,Saarbrucken
L100001004257,way/26472665-380,Magdeburg
L100000910533,way/941198517-380,Cottbus
L100000915690,way/941198517-380,Cottbus
L100000909862,way/82130902-225,Offenburg
L100000907850,way/170123812-400,SchwedtOder
L100000920096,way/24839976-380,Cologne
L100000911552,way/82130902-225,Offenburg
L100000911850,way/29309786-380,BadHersfeld
L100000912614,way/26472665-380,Magdeburg
L100000911055,DE177-220,Saarbrucken
L100000908893,way/952346322-380,Rheine
L100000910817,way/108797675-380,Wurzburg
L100000913692,way/170123812-400,SchwedtOder
L100000910535,way/1094015892-380,Rostock
L100000914126,way/44717036-380,Bremen
L100001053986,way/52983550-380,FrankfurtOder
L100000907854,way/1094015892-380,Rostock
L100000914931,way/44717036-380,Bremen
L100000910231,way/1280840211-380,Emden
L100000913028,way/170123812-400,SchwedtOder
L100000909865,way/108797675-380,Wurzburg
L100000920097,way/57727004-220,Kempten
L100000908894,way/57727004-220,Kempten
L100000912391,way/525964617,Elmshorn
L100000910536,way/42488850-380,Hamm
L100000908895,DE177-220,Saarbrucken
L100000911852,way/952346322-380,Rheine
L100000920098,way/29309786-380,BadHersfeld
L100000910818,way/82130902-225,Offenburg
L100000910232,way/82130902-225,Offenburg
L100000912051,way/943135226-380,Chemnitz
L100000914685,way/26472665-380,Magdeburg
L100000909866,way/275466323,Lubeck
L100000909867,DE205-380,Ulm
L100000913785,way/29309786-380,BadHersfeld
L100000912392,way/82130902-225,Offenburg
L100000909868,way/143882655-380,Jena
L100000907856,way/941198517-380,Cottbus
L100000915235,way/143882655-380,Jena
L100000907858,way/26472665-380,Magdeburg
L100001053987,way/26472665-380,Magdeburg
L100000907861,way/26472665-380,Magdeburg
L100001053988,way/1128250707-380,Oldenburg
L100000914063,DE177-220,Saarbrucken
L100000910820,way/108797675-380,Wurzburg
L100000912394,way/143882655-380,Jena
L100000910540,way/42488850-380,Hamm
L100000920099,way/143882655-380,Jena
L100000911553,way/525964617,Elmshorn
L100000907862,way/952346322-380,Rheine
L100000912395,way/143882655-380,Jena
L100000913694,way/1128250707-380,Oldenburg
L100000908899,way/44717036-380,Bremen
L100000907863,DE43-220,Braunschweig
L100000909869,way/24839976-380,Cologne
L100000908900,way/82130902-225,Offenburg
L100001053989,way/35818134-220,Dusseldorf
L100000920100,DE62-380,Duisburg
L100001053990,way/35818134-220,Dusseldorf
L100000910821,way/29309786-380,BadHersfeld
L100000916278,way/940919943,Gustrow
L100000911056,way/1280840211-380,Emden
L100000909870,way/26472665-380,Magdeburg
L100000908430,way/1089911133-380,Hamburg
L100000908901,way/1094015892-380,Rostock
L100000909871,way/1094015892-380,Rostock
L100000910822,way/108797675-380,Wurzburg
L100000908903,way/108797675-380,Wurzburg
L100000912053,way/952346322-380,Rheine
L100000910823,way/952346322-380,Rheine
L100001053991,DE69-380,Dortmund
L100000907866,DE43-220,Braunschweig
L100000907867,DE43-220,Braunschweig
L100000913125,DE43-220,Braunschweig
L100000920101,DE173-220,Merzig
L100000908906,way/26472665-380,Magdeburg
L100000908908,way/44717036-380,Bremen
L100000908431,way/42488850-380,Hamm
L100000920102,way/44717036-380,Bremen
L100000911058,way/1094015892-380,Rostock
L100000910240,way/52983550-380,FrankfurtOder
L100000916166,way/1280840211-380,Emden
L100001004294,DE205-380,Ulm
L100000916032,way/1280840211-380,Emden
L100000908910,DE177-220,Saarbrucken
L100000912057,way/143882655-380,Jena
L100000908911,way/952346322-380,Rheine
L100000908912,way/952346322-380,Rheine
L100000911555,way/82130902-225,Offenburg
L100000909539,way/82130902-225,Offenburg
L100000909874,way/108797675-380,Wurzburg
L100000911556,way/170123812-400,SchwedtOder
L100000909540,way/170123812-400,SchwedtOder
L100000907871,way/941198517-380,Cottbus
L100000909541,way/941198517-380,Cottbus
L100000912398,way/941198517-380,Cottbus
L100000912784,way/26472665-380,Magdeburg
L100000911060,way/44717036-380,Bremen
L100000911062,way/941198517-380,Cottbus
L100001004258,way/275466323,Lubeck
L100000920103,way/1094015892-380,Rostock
L100000913030,way/1094015892-380,Rostock
L100000911557,way/1094015892-380,Rostock
L100000920104,way/449010725-380,Flensburg
L100000909875,way/52983550-380,FrankfurtOder
L100000911064,way/26472665-380,Magdeburg
L100000910825,way/170123812-400,SchwedtOder
L100000909878,way/170123812-400,SchwedtOder
L100000911066,way/1094015892-380,Rostock
L100000920105,way/26472665-380,Magdeburg
L100000908922,way/1094015892-380,Rostock
L100000909542,way/29309786-380,BadHersfeld
L100000911560,way/941198517-380,Cottbus
L100000910244,way/82130902-225,Offenburg
L100000912402,way/275466323,Lubeck
L100000912058,way/143882655-380,Jena
L100000920106,way/24839976-380,Cologne
L100000910826,way/525964617,Elmshorn
L100000909543,way/525964617,Elmshorn
L100000920107,DE173-220,Merzig
L100000907879,way/940919943,Gustrow
L100001053992,way/940919943,Gustrow
L100000913031,DE43-220,Braunschweig
L100000909879,way/275466323,Lubeck
L100000908432,way/952346322-380,Rheine
L100000912404,way/26472665-380,Magdeburg
L100001004260,way/525964617,Elmshorn
L100000920108,way/1280840211-380,Emden
L100000912218,way/940919943,Gustrow
L100000910827,way/275466323,Lubeck
L100000907880,way/26472665-380,Magdeburg
L100000915099,way/44717036-380,Bremen
L100000907881,way/44717036-380,Bremen
L100000910543,way/941198517-380,Cottbus
L100000908924,way/1094015892-380,Rostock
L100000920109,way/1089911133-380,Hamburg
L100000911069,way/1094015892-380,Rostock
L100000913695,way/170123812-400,SchwedtOder
L100000908925,way/26472665-380,Magdeburg
L100000911561,way/1094015892-380,Rostock
L100000909880,way/1094015892-380,Rostock
L100000909881,way/943135226-380,Chemnitz
L100000909544,way/108797675-380,Wurzburg
L100000910245,way/143882655-380,Jena
L100000920110,DE69-380,Dortmund
L100000911562,way/143882655-380,Jena
L100000920111,way/1089911133-380,Hamburg
L100000912059,way/143882655-380,Jena
L100000911070,way/525964617,Elmshorn
L100000907882,way/449010725-380,Flensburg
L100000910544,way/108797675-380,Wurzburg
L100000912405,way/29309786-380,BadHersfeld
L100001004261,way/275466323,Lubeck
L100000913601,way/170123812-400,SchwedtOder
L100000909545,way/170123812-400,SchwedtOder
L100001004262,way/170123812-400,SchwedtOder
L100000908926,way/44717036-380,Bremen
L100000920112,way/525964617,Elmshorn
L100000920113,way/25306752-220,Ravensburg
L100000910247,way/82130902-225,Offenburg
L100001004263,way/82130902-225,Offenburg
L100000911563,way/52983550-380,FrankfurtOder
L100000911072,way/108797675-380,Wurzburg
L100000910546,DE173-220,Merzig
L100000908929,DE205-380,Ulm
L100000911073,way/170123812-400,SchwedtOder
L100000908930,way/449010725-380,Flensburg
L100001053993,way/42488850-380,Hamm
L100001053994,way/42488850-380,Hamm
L100001004264,way/44717036-380,Bremen
L100000912901,way/449010725-380,Flensburg
L100000914462,way/42488850-380,Hamm
L100000909882,way/1089911133-380,Hamburg
L100000912060,way/525964617,Elmshorn
L100000913995,way/26472665-380,Magdeburg
L100001053995,DE69-380,Dortmund
L100000920114,way/952346322-380,Rheine
L100000909883,way/42488850-380,Hamm
L100000909884,way/143882655-380,Jena
L100000909885,way/143882655-380,Jena
L100000910070,way/108797675-380,Wurzburg
L100000920115,way/42488850-380,Hamm
L100000909886,way/26472665-380,Magdeburg
L100000907886,way/26472665-380,Magdeburg
L100000909887,way/1094015892-380,Rostock
L100000911075,way/1094015892-380,Rostock
L100000920037,way/29309786-380,BadHersfeld
L100000907887,DE173-220,Merzig
L100000908433,DE69-380,Dortmund
L100001053996,DE62-380,Duisburg
L100000911856,way/44717036-380,Bremen
L100000908933,way/1089911133-380,Hamburg
L100000910828,way/44717036-380,Bremen
L100000911369,way/525964617,Elmshorn
L100000911076,way/525964617,Elmshorn
L100001053997,way/42488850-380,Hamm
L100001004265,way/42488850-380,Hamm
L100000907888,way/44717036-380,Bremen
L100000908934,way/1280840211-380,Emden
L100000920116,way/1089911133-380,Hamburg
L100000910829,way/44717036-380,Bremen
L100000908434,way/449010725-380,Flensburg
L100000913266,way/449010725-380,Flensburg
L100000909546,way/952346322-380,Rheine
L100000911077,way/170123812-400,SchwedtOder
L100000907889,way/82130902-225,Offenburg
L100000911565,way/1089911133-380,Hamburg
L100000908435,way/1089911133-380,Hamburg
L100000913509,way/1089911133-380,Hamburg
L100001053998,way/108797675-380,Wurzburg
L100000911078,way/1128250707-380,Oldenburg
L100000913996,way/1128250707-380,Oldenburg
L100000920117,way/1089911133-380,Hamburg
L100000908437,DE43-220,Braunschweig
L100000908935,way/42488850-380,Hamm
L100000908936,way/25306752-220,Ravensburg
L100000909889,way/42488850-380,Hamm
L100000920118,way/88916034-380,Lorrach
L100001053999,way/943135226-380,Chemnitz
L100000911566,way/1280840211-380,Emden
L100000908937,way/525964617,Elmshorn
L100001054000,way/1089911133-380,Hamburg
L100000920119,way/42488850-380,Hamm
L100000908938,way/29309786-380,BadHersfeld
L100000920120,way/1280840211-380,Emden
L100000912786,way/44717036-380,Bremen
L100000911079,DE43-220,Braunschweig
L100000910250,way/82130902-225,Offenburg
L100000909547,way/952346322-380,Rheine
L100000910830,way/29309786-380,BadHersfeld
L100000910251,DE177-220,Saarbrucken
L100000913268,way/29309786-380,BadHersfeld
L100000916283,way/1280840211-380,Emden
L100000908943,way/170123812-400,SchwedtOder
L100000908944,way/42488850-380,Hamm
L100000907897,way/525964617,Elmshorn
L100000910831,way/1280840211-380,Emden
L100001054001,way/952346322-380,Rheine
L100001054002,way/952346322-380,Rheine
L100000911570,way/1280840211-380,Emden
L100000911080,way/943135226-380,Chemnitz
L100000909548,way/29084374-380,Amberg
L100001054003,DE62-380,Duisburg
L100000907898,way/525964617,Elmshorn
L100000913269,way/42488850-380,Hamm
L100001004306,way/1089911133-380,Hamburg
L100001054004,way/24839976-380,Cologne
L100000908438,way/24839976-380,Cologne
L100001054005,way/52983550-380,FrankfurtOder
L100000909891,way/170123812-400,SchwedtOder
L100000911081,way/24839976-380,Cologne
L100000908945,DE173-220,Merzig
L100000908439,way/941198517-380,Cottbus
L100000913432,way/941198517-380,Cottbus
L100001054006,way/89176939-220,Trier
L100000913788,way/449010725-380,Flensburg
L100000920123,way/525964617,Elmshorn
L100000911082,way/940919943,Gustrow
L100000909549,way/108797675-380,Wurzburg
L100000907899,DE43-220,Braunschweig
L100000909550,way/525964617,Elmshorn
L100000912221,way/525964617,Elmshorn
L100000908440,way/525964617,Elmshorn
L100000912787,way/952346322-380,Rheine
L100000907901,way/44717036-380,Bremen
L100000909551,way/1280840211-380,Emden
L100000909552,way/143882655-380,Jena
L100000920124,way/143882655-380,Jena
L100000920125,way/42488850-380,Hamm
L100000920126,way/29309786-380,BadHersfeld
L100000911860,way/29309786-380,BadHersfeld
L100000920127,DE69-380,Dortmund
L100000908947,way/1089911133-380,Hamburg
L100000910832,way/1089911133-380,Hamburg
L100001004266,DE173-220,Merzig
L100001004267,way/42488850-380,Hamm
L100000907902,way/1128250707-380,Oldenburg
L100000911861,way/82130902-225,Offenburg
L100001004194,way/42488850-380,Hamm
L100000920128,way/42488850-380,Hamm
L100000912066,way/1089911133-380,Hamburg
L100000908441,way/29309786-380,BadHersfeld
L100000908442,way/42488850-380,Hamm
L100000909553,DE43-220,Braunschweig
L100000908948,way/943135226-380,Chemnitz
L100000910256,way/1128250707-380,Oldenburg
L100001054007,way/42488850-380,Hamm
L100000907903,way/42488850-380,Hamm
L100000912223,way/525964617,Elmshorn
L100000910258,way/42488850-380,Hamm
L100000920129,way/525964617,Elmshorn
L100000920130,way/42488850-380,Hamm
L100000909893,DE177-220,Saarbrucken
L100001054008,DE177-220,Saarbrucken
L100000908949,way/1280840211-380,Emden
L100000907905,way/29309786-380,BadHersfeld
L100000908950,way/89176939-220,Trier
L100000908951,way/29084374-380,Amberg
L100000907906,way/29309786-380,BadHersfeld
L100000920131,DE173-220,Merzig
L100000911084,way/29084374-380,Amberg
L100000908952,way/44717036-380,Bremen
L100000920132,way/44717036-380,Bremen
L100001004239,way/26245195-380,Munich
L100000911085,way/1280840211-380,Emden
L100001054009,DE69-380,Dortmund
L100000916210,way/1280840211-380,Emden
L100000909556,way/26472665-380,Magdeburg
L100000908954,way/1280840211-380,Emden
L100001054010,way/82130902-225,Offenburg
L100000915490,way/940919943,Gustrow
L100000911862,way/1094015892-380,Rostock
L100000910835,way/42488850-380,Hamm
L100001054011,way/525964617,Elmshorn
L100000909897,way/170123812-400,SchwedtOder
L100000908444,way/170123812-400,SchwedtOder
L100001054012,way/26245195-380,Munich
L100000910836,way/82130902-225,Offenburg
L100000913126,way/943135226-380,Chemnitz
L100000920134,way/29309786-380,BadHersfeld
L100000907907,way/943135226-380,Chemnitz
L100000907908,way/52983550-380,FrankfurtOder
L100000911370,way/29084374-380,Amberg
L100000913700,way/941198517-380,Cottbus
L100000920135,way/943135226-380,Chemnitz
L100000912068,DE43-220,Braunschweig
L100000920136,way/25306752-220,Ravensburg
L100000908957,way/44717036-380,Bremen
L100000912788,way/143882655-380,Jena
L100000920137,way/952346322-380,Rheine
L100000920138,way/525964617,Elmshorn
L100001054013,way/89176939-220,Trier
L100000912412,way/952346322-380,Rheine
L100000910838,way/952346322-380,Rheine
L100000907909,way/44717036-380,Bremen
L100000909898,way/44717036-380,Bremen
L100000911863,way/44717036-380,Bremen
L100000912625,way/44717036-380,Bremen
L100000909895,way/525964617,Elmshorn
L100000920139,way/525964617,Elmshorn
L100001054014,DE173-220,Merzig
L100000920140,way/449010725-380,Flensburg
L100000911371,way/449010725-380,Flensburg
L100000920141,DE43-220,Braunschweig
L100001054015,way/42488850-380,Hamm
L100000910263,way/1280840211-380,Emden
L100000909899,way/1280840211-380,Emden
L100000909557,way/525964617,Elmshorn
L100001004281,way/525964617,Elmshorn
L100000920142,way/525964617,Elmshorn
L100000909558,way/952346322-380,Rheine
L100000911864,way/449010725-380,Flensburg
L100000908959,way/42488850-380,Hamm
L100000908960,way/143882655-380,Jena
L100000920143,way/29309786-380,BadHersfeld
L100000907910,way/29309786-380,BadHersfeld
L100001054016,way/42488850-380,Hamm
L100000911089,way/275466323,Lubeck
L100001054017,DE69-380,Dortmund
L100000913036,way/952346322-380,Rheine
L100000908962,way/275466323,Lubeck
L100000912626,way/42488850-380,Hamm
L100000913271,DE173-220,Merzig
L100000920144,way/82130902-225,Offenburg
L100000920145,way/29309786-380,BadHersfeld
L100000908963,DE177-220,Saarbrucken
L100000908964,way/143882655-380,Jena
L100000908965,way/275466323,Lubeck
L100000907914,way/525964617,Elmshorn
L100001054018,way/952346322-380,Rheine
L100000920146,way/25306752-220,Ravensburg
L100000912903,way/44717036-380,Bremen
L100000920147,way/44717036-380,Bremen
L100001054019,way/940919943,Gustrow
L100000912627,way/525964617,Elmshorn
L100000911091,DE205-380,Ulm
L100000915615,way/1280840211-380,Emden
L100001054020,way/108797675-380,Wurzburg
L100000909901,way/42488850-380,Hamm
L100000913434,way/82130902-225,Offenburg
L100000908966,way/44717036-380,Bremen
L100000908967,DE62-380,Duisburg
L100000908968,way/24839976-380,Cologne
L100000907916,way/26472665-380,Magdeburg
L100000908969,way/42488850-380,Hamm
L100000908445,way/1280840211-380,Emden
L100000912069,way/943135226-380,Chemnitz
L100000908971,way/943135226-380,Chemnitz
L100000908972,way/29084374-380,Amberg
L100000913129,DE43-220,Braunschweig
L100001054021,way/143882655-380,Jena
L100000909561,way/89176939-220,Trier
L100000911372,way/449010725-380,Flensburg
L100000908974,way/52983550-380,FrankfurtOder
L100000911578,way/449010725-380,Flensburg
L100000911093,way/943135226-380,Chemnitz
L100000908975,way/1128250707-380,Oldenburg
L100000908446,way/1094015892-380,Rostock
L100000910265,way/26472665-380,Magdeburg
L100000907920,way/1280840211-380,Emden
L100000907921,way/449010725-380,Flensburg
L100001054022,way/29309786-380,BadHersfeld
L100000907922,way/26472665-380,Magdeburg
L100000911373,DE205-380,Ulm
L100000908977,way/1128250707-380,Oldenburg
L100001054023,way/1094015892-380,Rostock
L100000909564,way/449010725-380,Flensburg
L100000920148,way/449010725-380,Flensburg
L100000909905,way/24839976-380,Cologne
L100000910266,way/29309786-380,BadHersfeld
L100000908447,way/24839976-380,Cologne
L100000908448,way/24839976-380,Cologne
L100000909906,way/24839976-380,Cologne
L100000908449,way/24839976-380,Cologne
L100000920149,DE209-380,VillingenSchwennin
L100000908980,way/940919943,Gustrow
L100000910557,way/943135226-380,Chemnitz
L100000907925,way/35818134-220,Dusseldorf
L100000910839,way/82130902-225,Offenburg
L100000910267,way/82130902-225,Offenburg
L100000920150,way/24839976-380,Cologne
L100000907926,way/525964617,Elmshorn
L100000912225,way/26472665-380,Magdeburg
L100000908981,DE62-380,Duisburg
L100000914219,way/44717036-380,Bremen
L100000908983,way/82130902-225,Offenburg
L100000909565,way/1094015892-380,Rostock
L100000908450,way/1280840211-380,Emden
L100000920151,way/82130902-225,Offenburg
L100000911869,way/940919943,Gustrow
L100000911096,DE177-220,Saarbrucken
L100000910269,way/1094015892-380,Rostock
L100000920153,way/525964617,Elmshorn
L100000910559,DE177-220,Saarbrucken
L100000908984,DE177-220,Saarbrucken
L100001054024,way/1094015892-380,Rostock
L100001054025,way/1128250707-380,Oldenburg
L100000920154,way/525964617,Elmshorn
L100000911583,way/1094015892-380,Rostock
L100000908986,way/1094015892-380,Rostock
L100000910561,way/1094015892-380,Rostock
L100000920155,way/1094015892-380,Rostock
L100000911098,way/143882655-380,Jena
L100000916130,way/449010725-380,Flensburg
L100000915218,way/26472665-380,Magdeburg
L100000910270,way/275466323,Lubeck
L100000907931,way/525964617,Elmshorn
L100000912422,way/525964617,Elmshorn
L100000909909,way/143882655-380,Jena
L100000912907,way/29309786-380,BadHersfeld
L100000908987,way/943135226-380,Chemnitz
L100000909566,way/29309786-380,BadHersfeld
L100000907932,way/943135226-380,Chemnitz
L100000907933,way/1094015892-380,Rostock
L100000911873,way/35818134-220,Dusseldorf
L100000908451,way/170123812-400,SchwedtOder
L100000920156,way/24839976-380,Cologne
L100000908452,way/275466323,Lubeck
L100000913608,way/89176939-220,Trier
L100000910562,way/26472665-380,Magdeburg
L100000908989,way/143882655-380,Jena
L100000908990,way/24839976-380,Cologne
L100001054026,way/42488850-380,Hamm
L100000912793,way/108797675-380,Wurzburg
L100000915141,way/108797675-380,Wurzburg
L100001054027,way/108797675-380,Wurzburg
L100000908453,way/143882655-380,Jena
L100000908994,way/143882655-380,Jena
L100000920157,way/29309786-380,BadHersfeld
L100001054028,way/42488850-380,Hamm
L100000915555,way/449010725-380,Flensburg
L100000911374,way/525964617,Elmshorn
L100000912073,DE177-220,Saarbrucken
L100000908996,DE177-220,Saarbrucken
L100000907935,way/941198517-380,Cottbus
L100000907936,way/1094015892-380,Rostock
L100000907937,way/449010725-380,Flensburg
L100001054029,way/449010725-380,Flensburg
L100000909910,way/170123812-400,SchwedtOder
L100000907938,way/941198517-380,Cottbus
L100000920158,way/1089911133-380,Hamburg
L100001054030,DE43-220,Braunschweig
L100000907939,way/143882655-380,Jena
L100000911104,way/26472665-380,Magdeburg
L100000920159,way/943135226-380,Chemnitz
L100000910564,way/170123812-400,SchwedtOder
L100000910841,way/941198517-380,Cottbus
L100000909567,way/940919943,Gustrow
L100000908454,way/1094015892-380,Rostock
L100001054031,way/952346322-380,Rheine
L100000911105,way/44717036-380,Bremen
L100000913041,way/940919943,Gustrow
L100001004282,way/170123812-400,SchwedtOder
L100000911876,way/170123812-400,SchwedtOder
L100001054032,way/82130902-225,Offenburg
L100000910565,way/940919943,Gustrow
L100000911592,DE177-220,Saarbrucken
L100000908997,way/1280840211-380,Emden
L100000912636,way/108797675-380,Wurzburg
L100000910271,way/275466323,Lubeck
L100000908998,way/42488850-380,Hamm
L100000913609,way/449010725-380,Flensburg
L100000914702,way/525964617,Elmshorn
L100000908999,way/525964617,Elmshorn
L100000912230,way/108797675-380,Wurzburg
L100000913132,way/24839976-380,Cologne
L100000911108,way/943135226-380,Chemnitz
L100000914131,way/1089911133-380,Hamburg
L100000913437,way/24839976-380,Cologne
L100000913438,way/1128250707-380,Oldenburg
L100000912231,way/26472665-380,Magdeburg
L100000910567,way/525964617,Elmshorn
L100000915389,way/26472665-380,Magdeburg
L100000909000,way/26472665-380,Magdeburg
L100000909001,way/29084374-380,Amberg
L100000920161,way/24839976-380,Cologne
L100000910842,way/943135226-380,Chemnitz
L100000920162,way/941198517-380,Cottbus
L100000914133,way/26472665-380,Magdeburg
L100000909568,way/1094015892-380,Rostock
L100000920163,way/170123812-400,SchwedtOder
L100000914608,way/170123812-400,SchwedtOder
L100000909569,way/29084374-380,Amberg
L100000911114,way/1094015892-380,Rostock
L100000920164,way/1094015892-380,Rostock
L100000909003,way/1094015892-380,Rostock
L100000909004,DE177-220,Saarbrucken
L100000920165,way/943135226-380,Chemnitz
L100000909570,way/108797675-380,Wurzburg
L100000909913,way/44717036-380,Bremen
L100000910568,way/525964617,Elmshorn
L100000909914,way/525964617,Elmshorn
L100000910273,way/275466323,Lubeck
L100001054033,DE62-380,Duisburg
L100000912430,way/29309786-380,BadHersfeld
L100000912431,way/26472665-380,Magdeburg
L100000907945,way/1094015892-380,Rostock
L100000909915,way/525964617,Elmshorn
L100000907946,way/1094015892-380,Rostock
L100000920166,way/26472665-380,Magdeburg
L100001054034,way/24839976-380,Cologne
L100000909916,way/29084374-380,Amberg
L100001004307,way/170123812-400,SchwedtOder
L100000907948,way/525964617,Elmshorn
L100000909007,way/26472665-380,Magdeburg
L100000910844,way/26472665-380,Magdeburg
L100000908455,way/1094015892-380,Rostock
L100000909008,way/42488850-380,Hamm
L100000920167,way/26472665-380,Magdeburg
L100000911600,way/940919943,Gustrow
L100000914429,way/525964617,Elmshorn
L100000920168,way/943135226-380,Chemnitz
L100000912075,way/525964617,Elmshorn
L100001054035,way/108797675-380,Wurzburg
L100000909009,way/108797675-380,Wurzburg
L100000909010,DE177-220,Saarbrucken
L100000907951,DE69-380,Dortmund
L100000910274,way/24839976-380,Cologne
L100000909011,way/1094015892-380,Rostock
L100000913998,DE43-220,Braunschweig
L100000909571,way/525964617,Elmshorn
L100000909012,way/143882655-380,Jena
L100000907953,way/1094015892-380,Rostock
L100000920170,DE43-220,Braunschweig
L100001054036,way/170123812-400,SchwedtOder
L100000910571,way/44717036-380,Bremen
L100000911605,way/952346322-380,Rheine
L100000914073,way/42488850-380,Hamm
L100000909923,way/42488850-380,Hamm
L100000909924,way/1280840211-380,Emden
L100000909032,way/42488850-380,Hamm
L100000907961,DE43-220,Braunschweig
L100000911606,DE177-220,Saarbrucken
L100000908458,way/24839976-380,Cologne
L100000912080,way/525964617,Elmshorn
L100000909034,way/44717036-380,Bremen
L100000912238,DE209-380,VillingenSchwennin
L100000908459,way/44717036-380,Bremen
L100000908460,DE177-220,Saarbrucken
L100000920171,way/82130902-225,Offenburg
L100000920172,way/1089911133-380,Hamburg
L100000913901,way/108797675-380,Wurzburg
L100000911126,way/943135226-380,Chemnitz
L100000909926,way/449010725-380,Flensburg
L100000909927,way/943135226-380,Chemnitz
L100000910285,way/108797675-380,Wurzburg
L100000909573,way/108797675-380,Wurzburg
L100000911609,DE43-220,Braunschweig
L100000910286,way/44717036-380,Bremen
L100000909574,way/82130902-225,Offenburg
L100000908461,way/275466323,Lubeck
L100001004283,way/42488850-380,Hamm
L100000910576,way/943135226-380,Chemnitz
L100000910848,DE177-220,Saarbrucken
L100000907970,DE205-380,Ulm
L100000914474,DE205-380,Ulm
L100001054037,way/143882655-380,Jena
L100000912444,DE69-380,Dortmund
L100000908462,way/449010725-380,Flensburg
L100000907979,way/1094015892-380,Rostock
L100000910849,way/1280840211-380,Emden
L100000909043,DE43-220,Braunschweig
L100000911615,DE43-220,Braunschweig
L100000909044,DE177-220,Saarbrucken
L100001054038,DE62-380,Duisburg
L100000911135,way/44717036-380,Bremen
L100000910578,way/952346322-380,Rheine
L100000920174,way/275466323,Lubeck
L100000911890,way/1089911133-380,Hamburg
L100000907994,DE43-220,Braunschweig
L100000911139,way/952346322-380,Rheine
L100000913796,DE177-220,Saarbrucken
L100001004284,way/943135226-380,Chemnitz
L100000908465,way/42488850-380,Hamm
L100000910850,way/24839976-380,Cologne
L100000912448,way/941198517-380,Cottbus
L100000909933,way/26472665-380,Magdeburg
L100001054174,way/1128250707-380,Oldenburg
L100000908467,way/35818134-220,Dusseldorf
L100000912085,way/943135226-380,Chemnitz
L100000910290,way/943135226-380,Chemnitz
L100000909057,way/29309786-380,BadHersfeld
L100000920175,way/170123812-400,SchwedtOder
L100001054039,way/1128250707-380,Oldenburg
L100000907998,way/24839976-380,Cologne
L100001054040,DE69-380,Dortmund
L100000910292,way/26472665-380,Magdeburg
L100000912086,way/29309786-380,BadHersfeld
L100000911617,way/952346322-380,Rheine
L100000910579,way/449010725-380,Flensburg
L100000910293,way/24839976-380,Cologne
L100000912796,way/24839976-380,Cologne
L100000909059,way/24839976-380,Cologne
L100000913906,way/24839976-380,Cologne
L100000909577,way/952346322-380,Rheine
L100000908469,way/943135226-380,Chemnitz
L100000909934,way/941198517-380,Cottbus
L100000911146,DE43-220,Braunschweig
L100000911147,way/525964617,Elmshorn
L100000920176,way/44717036-380,Bremen
L100001054041,way/29309786-380,BadHersfeld
L100000909936,way/1128250707-380,Oldenburg
L100000909062,way/108797675-380,Wurzburg
L100000910851,way/525964617,Elmshorn
L100000920177,way/275466323,Lubeck
L100000909063,way/1280840211-380,Emden
L100000909065,way/275466323,Lubeck
L100000920178,way/24839976-380,Cologne
L100000908010,way/24839976-380,Cologne
L100000910295,way/449010725-380,Flensburg
L100000910585,way/943135226-380,Chemnitz
L100000909579,way/170123812-400,SchwedtOder
L100000911150,way/1094015892-380,Rostock
L100000920179,way/1089911133-380,Hamburg
L100000909938,way/449010725-380,Flensburg
L100000920180,way/170123812-400,SchwedtOder
L100000909939,way/170123812-400,SchwedtOder
L100000911625,way/52983550-380,FrankfurtOder
L100000910853,way/941198517-380,Cottbus
L100000912244,way/29309786-380,BadHersfeld
L100000920181,way/59026005-380,Gorlitz
L100000920182,DE43-220,Braunschweig
L100000909068,way/35818134-220,Dusseldorf
L100000913316,way/26472665-380,Magdeburg
L100000914139,way/44717036-380,Bremen
L100000911379,way/449010725-380,Flensburg
L100000912644,way/952346322-380,Rheine
L100001054042,way/170123812-400,SchwedtOder
L100001004308,way/1089911133-380,Hamburg
L100000909941,way/449010725-380,Flensburg
L100000920183,way/24839976-380,Cologne
L100001054043,way/42488850-380,Hamm
L100000911896,way/42488850-380,Hamm
L100000909069,way/42488850-380,Hamm
L100001054044,way/52983550-380,FrankfurtOder
L100000913528,way/26472665-380,Magdeburg
L100000914611,way/26472665-380,Magdeburg
L100000911897,way/108797675-380,Wurzburg
L100000909070,way/29309786-380,BadHersfeld
L100000908477,way/52983550-380,FrankfurtOder
L100000909074,way/943135226-380,Chemnitz
L100000909075,DE43-220,Braunschweig
L100000909076,way/26472665-380,Magdeburg
L100000909580,way/26472665-380,Magdeburg
L100000909077,way/26472665-380,Magdeburg
L100000913319,way/940919943,Gustrow
L100000909943,way/1089911133-380,Hamburg
L100001054045,way/943135226-380,Chemnitz
L100000909944,way/26472665-380,Magdeburg
L100000909081,way/143882655-380,Jena
L100000914229,way/170123812-400,SchwedtOder
L100000912246,way/26472665-380,Magdeburg
L100000913320,way/170123812-400,SchwedtOder
L100000910590,way/941198517-380,Cottbus
L100000908478,way/108797675-380,Wurzburg
L100001054047,DE177-220,Saarbrucken
L100000909084,way/42488850-380,Hamm
L100000908016,way/44717036-380,Bremen
L100000909086,way/108797675-380,Wurzburg
L100000909945,DE177-220,Saarbrucken
L100000920184,DE177-220,Saarbrucken
L100000910302,way/170123812-400,SchwedtOder
L100000911629,way/170123812-400,SchwedtOder
L100000912647,way/943135226-380,Chemnitz
L100000909088,way/943135226-380,Chemnitz
L100000909089,DE173-220,Merzig
L100000910593,way/170123812-400,SchwedtOder
L100000911159,way/42488850-380,Hamm
L100000916077,way/449010725-380,Flensburg
L100001054048,DE173-220,Merzig
L100000911630,DE173-220,Merzig
L100000909581,DE43-220,Braunschweig
L100000909094,way/29309786-380,BadHersfeld
L100000910595,way/44717036-380,Bremen
L100000909095,way/1128250707-380,Oldenburg
L100000908480,way/1280840211-380,Emden
L100000908481,way/1280840211-380,Emden
L100001054049,way/1280840211-380,Emden
L100000916162,way/1280840211-380,Emden
L100000908026,way/1094015892-380,Rostock
L100000920185,way/42488850-380,Hamm
L100000920186,DE177-220,Saarbrucken
L100000909948,way/1094015892-380,Rostock
L100000920187,way/1094015892-380,Rostock
L100000909097,way/449010725-380,Flensburg
L100001054050,way/42488850-380,Hamm
L100000913803,way/525964617,Elmshorn
L100000911164,way/29309786-380,BadHersfeld
L100000909099,way/170123812-400,SchwedtOder
L100000909949,way/1094015892-380,Rostock
L100000909100,way/170123812-400,SchwedtOder
L100001054051,way/42488850-380,Hamm
L100001054052,way/42488850-380,Hamm
L100000909951,way/940919943,Gustrow
L100001054053,way/44717036-380,Bremen
L100001054054,way/82130902-225,Offenburg
L100001054055,way/1094015892-380,Rostock
L100000911168,way/1094015892-380,Rostock
L100000920188,way/42488850-380,Hamm
L100000912249,way/29309786-380,BadHersfeld
L100001054056,way/42488850-380,Hamm
L100000920189,way/59026005-380,Gorlitz
L100000908482,way/44717036-380,Bremen
L100000920190,way/525964617,Elmshorn
L100000908033,way/525964617,Elmshorn
L100000912094,way/143882655-380,Jena
L100000909790,way/943135226-380,Chemnitz
L100000909952,way/943135226-380,Chemnitz
L100000912804,way/143882655-380,Jena
L100000908034,way/143882655-380,Jena
L100000912251,way/24839976-380,Cologne
L100000910310,way/24839976-380,Cologne
L100000912252,way/525964617,Elmshorn
L100000909110,way/44717036-380,Bremen
L100000912807,DE173-220,Merzig
L100000911382,DE177-220,Saarbrucken
L100000908486,way/943135226-380,Chemnitz
L100000910314,way/275466323,Lubeck
L100001054057,way/82130902-225,Offenburg
L100000908042,way/26472665-380,Magdeburg
L100000913533,way/29309786-380,BadHersfeld
L100000909115,way/1089911133-380,Hamburg
L100000912253,way/170123812-400,SchwedtOder
L100000909958,way/943135226-380,Chemnitz
L100001054058,way/943135226-380,Chemnitz
L100001054059,way/29309786-380,BadHersfeld
L100000909116,way/108797675-380,Wurzburg
L100000911904,way/525964617,Elmshorn
L100000920191,DE43-220,Braunschweig
L100000909589,way/24839976-380,Cologne
L100000920192,way/1089911133-380,Hamburg
L100000912810,way/170123812-400,SchwedtOder
L100001054060,way/29309786-380,BadHersfeld
L100001054061,way/44717036-380,Bremen
L100000909119,way/1089911133-380,Hamburg
L100000914086,DE205-380,Ulm
L100000910320,way/26472665-380,Magdeburg
L100000909960,way/943135226-380,Chemnitz
L100000908488,way/170123812-400,SchwedtOder
L100000914142,way/170123812-400,SchwedtOder
L100000911906,way/29309786-380,BadHersfeld
L100000910322,way/108797675-380,Wurzburg
L100000909961,way/29309786-380,BadHersfeld
L100000909122,way/940919943,Gustrow
L100000915293,way/170123812-400,SchwedtOder
L100000910859,way/941198517-380,Cottbus
L100000908489,way/1280840211-380,Emden
L100001054062,way/44717036-380,Bremen
L100000908055,way/525964617,Elmshorn
L100000912255,way/26472665-380,Magdeburg
L100001054063,way/26472665-380,Magdeburg
L100000914088,way/170123812-400,SchwedtOder
L100000911644,way/275466323,Lubeck
L100000908490,way/525964617,Elmshorn
L100000909590,way/952346322-380,Rheine
L100000911383,way/525964617,Elmshorn
L100001054064,way/170123812-400,SchwedtOder
L100000909962,way/42488850-380,Hamm
L100000909123,DE69-380,Dortmund
L100000911174,DE177-220,Saarbrucken
L100000913335,way/1128250707-380,Oldenburg
L100000909591,way/29309786-380,BadHersfeld
L100000908057,way/29309786-380,BadHersfeld
L100000910605,way/170123812-400,SchwedtOder
L100000910323,way/1280840211-380,Emden
L100000913809,way/52983550-380,FrankfurtOder
L100001054065,way/1094015892-380,Rostock
L100000912917,way/1280840211-380,Emden
L100000912101,way/26472665-380,Magdeburg
L100001054066,way/170123812-400,SchwedtOder
L100000910324,way/449010725-380,Flensburg
L100001054067,way/42488850-380,Hamm
L100000913535,way/29309786-380,BadHersfeld
L100000909125,way/26472665-380,Magdeburg
L100000910860,DE173-220,Merzig
L100000911385,DE177-220,Saarbrucken
L100000910325,way/42488850-380,Hamm
L100000909126,way/82130902-225,Offenburg
L100000909127,way/24839976-380,Cologne
L100001054068,way/943135226-380,Chemnitz
L100000910326,DE43-220,Braunschweig
L100000920194,DE173-220,Merzig
L100000911645,way/35818134-220,Dusseldorf
L100000911908,way/26472665-380,Magdeburg
L100000909128,way/26472665-380,Magdeburg
L100000908060,way/940919943,Gustrow
L100000912811,way/943135226-380,Chemnitz
L100001054069,way/1089911133-380,Hamburg
L100000920195,way/29309786-380,BadHersfeld
L100000912482,way/1128250707-380,Oldenburg
L100000908491,DE205-380,Ulm
L100000911910,DE205-380,Ulm
L100000910861,DE173-220,Merzig
L100000910862,way/449010725-380,Flensburg
L100000914554,way/1280840211-380,Emden
L100000915757,way/1128250707-380,Oldenburg
L100000908552,way/525964617,Elmshorn
L100000920196,way/525964617,Elmshorn
L100000910606,way/449010725-380,Flensburg
L100000915013,way/1280840211-380,Emden
L100000920197,way/525964617,Elmshorn
L100000908064,way/525964617,Elmshorn
L100000913336,way/26472665-380,Magdeburg
L100000911175,way/525964617,Elmshorn
L100000921746,way/1280840211-380,Emden
L100000913054,DE209-380,VillingenSchwennin
L100001046006,way/1280840211-380,Emden
L100000916188,way/1280840211-380,Emden
L100000916185,way/1280840211-380,Emden
L100000916128,way/449010725-380,Flensburg
L100000916082,way/449010725-380,Flensburg
L100000920198,way/449010725-380,Flensburg
L100001054070,way/952346322-380,Rheine
L100000920199,way/42488850-380,Hamm
L100000909963,way/525964617,Elmshorn
L100001054071,way/449010725-380,Flensburg
L100000908065,way/449010725-380,Flensburg
L100000910608,way/1280840211-380,Emden
L100000909593,way/525964617,Elmshorn
L100000920200,way/525964617,Elmshorn
L100000909964,way/89176939-220,Trier
L100000909594,way/108797675-380,Wurzburg
L100000909132,way/82130902-225,Offenburg
L100000914144,way/449010725-380,Flensburg
L100000913624,way/89176939-220,Trier
L100000920201,way/89176939-220,Trier
L100000908069,DE205-380,Ulm
L100000911176,way/29084374-380,Amberg
L100000914614,way/59026005-380,Gorlitz
L100000911912,way/525964617,Elmshorn
L100000911177,way/275466323,Lubeck
L100000908070,DE177-220,Saarbrucken
L100000910328,way/143882655-380,Jena
L100000920202,way/143882655-380,Jena
L100000913717,DE205-380,Ulm
L100000911914,way/1128250707-380,Oldenburg
L100000908071,way/26472665-380,Magdeburg
L100000908073,way/525964617,Elmshorn
L100000910866,way/525964617,Elmshorn
L100001054072,way/525964617,Elmshorn
L100001054073,way/42488850-380,Hamm
L100001054074,way/42488850-380,Hamm
L100000909134,DE43-220,Braunschweig
L100000914003,way/525964617,Elmshorn
L100000911647,way/1094015892-380,Rostock
L100000910329,way/82130902-225,Offenburg
L100000909135,way/29084374-380,Amberg
L100000909595,way/449010725-380,Flensburg
L100001054075,way/525964617,Elmshorn
L100000909137,way/44717036-380,Bremen
L100000910867,DE205-380,Ulm
L100000908492,way/952346322-380,Rheine
L100000909965,DE205-380,Ulm
L100001054076,way/42488850-380,Hamm
L100000913142,way/525964617,Elmshorn
L100001054077,way/108797675-380,Wurzburg
L100000920203,way/952346322-380,Rheine
L100000909138,way/44717036-380,Bremen
L100000911178,way/143882655-380,Jena
L100000908493,way/143882655-380,Jena
L100001004246,way/525964617,Elmshorn
L100001054078,way/44717036-380,Bremen
L100000908075,way/44717036-380,Bremen
L100000909139,way/44717036-380,Bremen
L100000909140,way/1089911133-380,Hamburg
L100000910869,way/525964617,Elmshorn
L100000909141,way/449010725-380,Flensburg
L100000909142,way/449010725-380,Flensburg
L100001054079,way/449010725-380,Flensburg
L100000920205,way/42488850-380,Hamm
L100000920206,way/42488850-380,Hamm
L100001054080,way/42488850-380,Hamm
L100001054081,DE69-380,Dortmund
L100000913339,way/89176939-220,Trier
L100001054082,way/29309786-380,BadHersfeld
L100000909146,DE43-220,Braunschweig
L100000920208,way/449010725-380,Flensburg
L100001054083,way/42488850-380,Hamm
L100000909597,way/525964617,Elmshorn
L100000920209,way/525964617,Elmshorn
L100000911916,way/26472665-380,Magdeburg
L100000911183,way/42488850-380,Hamm
L100000911184,way/44717036-380,Bremen
L100000912662,way/1280840211-380,Emden
L100000909147,way/525964617,Elmshorn
L100000909148,way/525964617,Elmshorn
L100001054084,way/44717036-380,Bremen
L100001054085,DE43-220,Braunschweig
L100000920210,way/1094015892-380,Rostock
L100001054086,way/143882655-380,Jena
L100000910335,way/42488850-380,Hamm
L100000911653,way/1094015892-380,Rostock
L100001054087,way/525964617,Elmshorn
L100000910613,way/143882655-380,Jena
L100000910872,DE177-220,Saarbrucken
L100001054088,way/44717036-380,Bremen
L100001054089,way/44717036-380,Bremen
L100000920211,way/44717036-380,Bremen
L100000909152,way/525964617,Elmshorn
L100000920212,way/44717036-380,Bremen
L100001054090,way/26472665-380,Magdeburg
L100001054091,way/1089911133-380,Hamburg
L100000913920,way/42488850-380,Hamm
L100000910336,DE69-380,Dortmund
L100000909154,way/29084374-380,Amberg
L100000909598,DE43-220,Braunschweig
L100000909155,way/44717036-380,Bremen
L100000912259,way/1094015892-380,Rostock
L100000912487,way/1094015892-380,Rostock
L100000911389,way/26472665-380,Magdeburg
L100000910338,way/170123812-400,SchwedtOder
L100001054092,way/1094015892-380,Rostock
L100001054169,way/29309786-380,BadHersfeld
L100000909160,DE173-220,Merzig
L100001054093,way/170123812-400,SchwedtOder
L100000911191,DE177-220,Saarbrucken
L100000911662,way/1094015892-380,Rostock
L100001054094,DE177-220,Saarbrucken
L100000911192,way/1280840211-380,Emden
L100000910876,way/943135226-380,Chemnitz
L100001054095,DE177-220,Saarbrucken
L100000912664,DE177-220,Saarbrucken
L100001054096,way/25306752-220,Ravensburg
L100000911922,way/82130902-225,Offenburg
L100001054097,way/1128250707-380,Oldenburg
L100000909974,way/170123812-400,SchwedtOder
L100000911195,way/170123812-400,SchwedtOder
L100000908097,way/1094015892-380,Rostock
L100001054170,way/275466323,Lubeck
L100000910625,way/1094015892-380,Rostock
L100000910349,way/26472665-380,Magdeburg
L100000911197,way/52983550-380,FrankfurtOder
L100000908103,way/24839976-380,Cologne
L100001054098,way/170123812-400,SchwedtOder
L100000911199,DE209-380,VillingenSchwennin
L100000908107,way/1094015892-380,Rostock
L100000920214,way/1094015892-380,Rostock
L100000908108,way/170123812-400,SchwedtOder
L100000914148,way/275466323,Lubeck
L100000908109,way/943135226-380,Chemnitz
L100001054099,way/1094015892-380,Rostock
L100000912821,way/52983550-380,FrankfurtOder
L100000909190,way/44717036-380,Bremen
L100000908110,way/1094015892-380,Rostock
L100000913127,way/943135226-380,Chemnitz
L100000920215,way/275466323,Lubeck
L100000908501,way/941198517-380,Cottbus
L100000911673,way/1094015892-380,Rostock
L100000909978,way/170123812-400,SchwedtOder
L100000909979,way/26472665-380,Magdeburg
L100000909604,way/108797675-380,Wurzburg
L100000910878,way/525964617,Elmshorn
L100000911675,way/59026005-380,Gorlitz
L100000908113,way/1094015892-380,Rostock
L100000915316,way/1094015892-380,Rostock
L100001004286,way/44717036-380,Bremen
L100001004287,way/525964617,Elmshorn
L100000908114,way/525964617,Elmshorn
L100000909606,way/143882655-380,Jena
L100000909607,way/26472665-380,Magdeburg
L100000909199,way/26472665-380,Magdeburg
L100000909981,way/26472665-380,Magdeburg
L100000912502,way/1094015892-380,Rostock
L100000908503,way/525964617,Elmshorn
L100000910352,way/29309786-380,BadHersfeld
L100000910353,way/1094015892-380,Rostock
L100000920216,way/42488850-380,Hamm
L100000909608,way/940919943,Gustrow
L100000920217,way/170123812-400,SchwedtOder
L100000920218,way/24839976-380,Cologne
L100000909207,way/170123812-400,SchwedtOder
L100000909986,way/449010725-380,Flensburg
L100000908504,way/1094015892-380,Rostock
L100000908117,DE173-220,Merzig
L100000913146,way/143882655-380,Jena
L100000909208,way/143882655-380,Jena
L100000909210,way/82130902-225,Offenburg
L100000910356,way/29309786-380,BadHersfeld
L100000910633,way/275466323,Lubeck
L100000908118,way/108797675-380,Wurzburg
L100000910880,way/42488850-380,Hamm
L100001054100,way/1280840211-380,Emden
L100000912116,way/26472665-380,Magdeburg
L100000913451,way/1094015892-380,Rostock
L100000912117,way/525964617,Elmshorn
L100001054171,way/42488850-380,Hamm
L100001054101,way/941198517-380,Cottbus
L100000910634,way/525964617,Elmshorn
L100000909212,way/943135226-380,Chemnitz
L100001054172,way/82130902-225,Offenburg
L100000908121,way/82130902-225,Offenburg
L100000913930,way/26245195-380,Munich
L100000915718,way/29309786-380,BadHersfeld
L100000909988,DE173-220,Merzig
L100001054102,DE173-220,Merzig
L100000908122,way/26472665-380,Magdeburg
L100001004195,way/42488850-380,Hamm
L100000909989,way/108797675-380,Wurzburg
L100000909612,DE43-220,Braunschweig
L100000908506,way/525964617,Elmshorn
L100000912263,way/1280840211-380,Emden
L100001054103,way/143882655-380,Jena
L100000920220,way/525964617,Elmshorn
L100000910358,way/108797675-380,Wurzburg
L100000910636,way/24839976-380,Cologne
L100000909613,way/143882655-380,Jena
L100000908124,way/449010725-380,Flensburg
L100001054176,way/42488850-380,Hamm
L100001054177,way/89176939-220,Trier
L100000909991,way/89176939-220,Trier
L100000913452,way/1280840211-380,Emden
L100001054178,way/952346322-380,Rheine
L100000908508,way/952346322-380,Rheine
L100000912823,way/29309786-380,BadHersfeld
L100001054179,way/29309786-380,BadHersfeld
L100000910881,way/44717036-380,Bremen
L100000910637,DE177-220,Saarbrucken
L100000920221,way/275466323,Lubeck
L100000920222,way/275466323,Lubeck
L100001054104,way/525964617,Elmshorn
L100000909614,way/44717036-380,Bremen
L100000908128,way/26472665-380,Magdeburg
L100000908509,way/943135226-380,Chemnitz
L100000915763,way/1280840211-380,Emden
L100001054105,way/29309786-380,BadHersfeld
L100000908129,way/525964617,Elmshorn
L100000920223,way/143882655-380,Jena
L100000909218,way/29309786-380,BadHersfeld
L100000909997,way/275466323,Lubeck
L100001054106,way/44717036-380,Bremen
L100001054107,way/275466323,Lubeck
L100000909219,way/275466323,Lubeck
L100000910882,way/24839976-380,Cologne
L100000910361,way/29309786-380,BadHersfeld
L100000910362,way/88916034-380,Lorrach
L100000909616,way/143882655-380,Jena
L100000920224,DE43-220,Braunschweig
L100000909617,way/170123812-400,SchwedtOder
L100001054180,DE69-380,Dortmund
L100000908510,way/952346322-380,Rheine
L100000920225,way/1089911133-380,Hamburg
L100000909222,way/943135226-380,Chemnitz
L100000909998,way/943135226-380,Chemnitz
L100000910363,way/26472665-380,Magdeburg
L100000920226,way/108797675-380,Wurzburg
L100000910885,way/29309786-380,BadHersfeld
L100000911932,DE43-220,Braunschweig
L100001054108,way/89176939-220,Trier
L100000910364,way/108797675-380,Wurzburg
L100000910886,way/26472665-380,Magdeburg
L100001054181,way/170123812-400,SchwedtOder
L100000909224,way/143882655-380,Jena
L100000920227,way/941198517-380,Cottbus
L100000912928,way/1094015892-380,Rostock
L100000912824,way/1280840211-380,Emden
L100000909228,way/1280840211-380,Emden
L100000909619,DE177-220,Saarbrucken
L100001054109,DE177-220,Saarbrucken
L100000908512,way/44717036-380,Bremen
L100000920228,way/42488850-380,Hamm
L100000910000,way/943135226-380,Chemnitz
L100000912512,way/108797675-380,Wurzburg
L100000912826,way/941198517-380,Cottbus
L100001054182,way/42488850-380,Hamm
L100001054183,way/26472665-380,Magdeburg
L100000909621,DE43-220,Braunschweig
L100000908139,DE43-220,Braunschweig
L100001054110,DE173-220,Merzig
L100001054184,DE173-220,Merzig
L100000916078,way/449010725-380,Flensburg
L100000909239,way/525964617,Elmshorn
L100000912268,way/525964617,Elmshorn
L100000910643,way/1128250707-380,Oldenburg
L100000910374,way/29309786-380,BadHersfeld
L100000909623,way/952346322-380,Rheine
L100001054111,way/170123812-400,SchwedtOder
L100000908146,way/89176939-220,Trier
L100000910645,way/940919943,Gustrow
L100000920229,way/42488850-380,Hamm
L100001054185,way/42488850-380,Hamm
L100000915471,way/1280840211-380,Emden
L100000908518,way/943135226-380,Chemnitz
L100000910889,DE43-220,Braunschweig
L100001054112,way/943135226-380,Chemnitz
L100000920230,way/275466323,Lubeck
L100001054113,way/29309786-380,BadHersfeld
L100000908149,way/449010725-380,Flensburg
L100001054114,DE69-380,Dortmund
L100001004196,DE69-380,Dortmund
L100001054186,DE205-380,Ulm
L100000912271,way/1089911133-380,Hamburg
L100000910005,way/1280840211-380,Emden
L100000908150,way/941198517-380,Cottbus
L100000908151,way/941198517-380,Cottbus
L100000909242,way/941198517-380,Cottbus
L100000920232,way/29309786-380,BadHersfeld
L100000910646,way/26472665-380,Magdeburg
L100000920233,way/29309786-380,BadHersfeld
L100001054115,way/52983550-380,FrankfurtOder
L100000910379,DE177-220,Saarbrucken
L100000910890,way/143882655-380,Jena
L100000908152,way/26472665-380,Magdeburg
L100000913633,way/941198517-380,Cottbus
L100001054116,DE69-380,Dortmund
L100000912272,way/143882655-380,Jena
L100001054117,way/940919943,Gustrow
L100000914007,way/941198517-380,Cottbus
L100000908153,way/42488850-380,Hamm
L100000920234,way/525964617,Elmshorn
L100000911222,way/89176939-220,Trier
L100000911223,way/24839976-380,Cologne
L100000920236,way/943135226-380,Chemnitz
L100000910647,way/943135226-380,Chemnitz
L100000909244,way/143882655-380,Jena
L100000910006,way/143882655-380,Jena
L100000910380,way/29309786-380,BadHersfeld
L100000908519,way/29309786-380,BadHersfeld
L100000913064,way/29309786-380,BadHersfeld
L100000909624,way/44717036-380,Bremen
L100000909245,DE43-220,Braunschweig
L100001054118,way/29309786-380,BadHersfeld
L100001054119,way/943135226-380,Chemnitz
L100000909625,way/170123812-400,SchwedtOder
L100000912830,way/449010725-380,Flensburg
L100000908154,DE177-220,Saarbrucken
L100001004254,way/89176939-220,Trier
L100000911687,way/943135226-380,Chemnitz
L100000910648,way/525964617,Elmshorn
L100000911224,way/170123812-400,SchwedtOder
L100000909626,way/44717036-380,Bremen
L100000911395,way/275466323,Lubeck
L100000909627,way/170123812-400,SchwedtOder
L100001054120,way/44717036-380,Bremen
L100000908155,way/1094015892-380,Rostock
L100001054187,way/170123812-400,SchwedtOder
L100000912518,way/170123812-400,SchwedtOder
L100000909246,way/108797675-380,Wurzburg
L100000912121,DE69-380,Dortmund
L100000910891,way/275466323,Lubeck
L100001054188,way/1280840211-380,Emden
L100001004237,way/952346322-380,Rheine
L100000920237,way/952346322-380,Rheine
L100000910892,way/952346322-380,Rheine
L100000912672,way/952346322-380,Rheine
L100000910381,way/26472665-380,Magdeburg
L100000908520,way/1094015892-380,Rostock
L100000910382,way/1094015892-380,Rostock
L100000911688,way/449010725-380,Flensburg
L100000911225,way/29309786-380,BadHersfeld
L100000910649,DE43-220,Braunschweig
L100000908156,way/525964617,Elmshorn
L100000909247,way/525964617,Elmshorn
L100000910650,way/1128250707-380,Oldenburg
L100000908157,way/44717036-380,Bremen
L100000909248,way/82130902-225,Offenburg
L100000910007,way/29309786-380,BadHersfeld
L100000908158,DE43-220,Braunschweig
L100000909249,way/108797675-380,Wurzburg
L100000909250,way/44717036-380,Bremen
L100000912122,way/42488850-380,Hamm
L100000910008,way/170123812-400,SchwedtOder
L100000910009,way/82130902-225,Offenburg
L100000911689,way/1094015892-380,Rostock
L100001054121,way/170123812-400,SchwedtOder
L100000908159,way/44717036-380,Bremen
L100000910010,way/449010725-380,Flensburg
L100000910651,way/1094015892-380,Rostock
L100000911226,DE43-220,Braunschweig
L100000908160,way/1089911133-380,Hamburg
L100000909361,way/275466323,Lubeck
L100001054189,way/170123812-400,SchwedtOder
L100000911227,way/525964617,Elmshorn
L100000911228,way/52983550-380,FrankfurtOder
L100001054122,way/52983550-380,FrankfurtOder
L100001054123,way/82130902-225,Offenburg
L100000911690,way/89176939-220,Trier
L100000909628,way/525964617,Elmshorn
L100000908162,DE43-220,Braunschweig
L100000912519,DE177-220,Saarbrucken
L100000911938,way/952346322-380,Rheine
L100000910652,way/275466323,Lubeck
L100000909252,way/52983550-380,FrankfurtOder
L100001054190,DE69-380,Dortmund
L100000909253,DE69-380,Dortmund
L100001054124,way/42488850-380,Hamm
L100000909629,way/952346322-380,Rheine
L100001054125,way/1094015892-380,Rostock
L100000910657,DE43-220,Braunschweig
L100000909259,way/940919943,Gustrow
L100001054126,way/42488850-380,Hamm
L100000910894,way/42488850-380,Hamm
L100000909631,DE43-220,Braunschweig
L100000908521,way/44717036-380,Bremen
L100000909261,way/449010725-380,Flensburg
L100000910017,way/449010725-380,Flensburg
L100000910895,way/1094015892-380,Rostock
L100000912274,way/24839976-380,Cologne
L100000909262,way/449010725-380,Flensburg
L100001054127,way/952346322-380,Rheine
L100000912126,way/42488850-380,Hamm
L100001054191,way/42488850-380,Hamm
L100000920238,way/275466323,Lubeck
L100001054128,way/88916034-380,Lorrach
L100000908522,way/943135226-380,Chemnitz
L100000910019,way/952346322-380,Rheine
L100001054192,way/42488850-380,Hamm
L100000908525,way/1280840211-380,Emden
L100000910393,way/29309786-380,BadHersfeld
L100001054193,way/449010725-380,Flensburg
L100000913825,DE43-220,Braunschweig
L100000910022,way/449010725-380,Flensburg
L100000920239,DE43-220,Braunschweig
L100000912526,way/1089911133-380,Hamburg
L100001054129,way/143882655-380,Jena
L100001054130,way/108797675-380,Wurzburg
L100000909637,way/143882655-380,Jena
L100000915497,way/26472665-380,Magdeburg
L100000909264,way/29309786-380,BadHersfeld
L100001054173,way/525964617,Elmshorn
L100000920240,way/449010725-380,Flensburg
L100000909638,DE173-220,Merzig
L100000911244,way/1280840211-380,Emden
L100000913069,way/26472665-380,Magdeburg
L100000910023,way/170123812-400,SchwedtOder
L100001054131,way/42488850-380,Hamm
L100000912528,way/26472665-380,Magdeburg
L100000910396,way/449010725-380,Flensburg
L100000912696,way/170123812-400,SchwedtOder
L100000908527,way/941198517-380,Cottbus
L100000912128,DE43-220,Braunschweig
L100000908188,DE43-220,Braunschweig
L100000920241,way/449010725-380,Flensburg
L100001054132,DE177-220,Saarbrucken
L100000912840,way/940919943,Gustrow
L100000908528,way/940919943,Gustrow
L100000911700,way/952346322-380,Rheine
L100000909266,DE173-220,Merzig
L100000910024,way/29084374-380,Amberg
L100000910025,way/29309786-380,BadHersfeld
L100000920242,way/29309786-380,BadHersfeld
L100000913372,way/1128250707-380,Oldenburg
L100000912932,way/26472665-380,Magdeburg
L100000912933,way/26472665-380,Magdeburg
L100001054133,way/108797675-380,Wurzburg
L100000909639,way/525964617,Elmshorn
L100001054194,way/89176939-220,Trier
L100001054134,way/29309786-380,BadHersfeld
L100000911945,way/29309786-380,BadHersfeld
L100000913373,way/26472665-380,Magdeburg
L100000920244,DE62-380,Duisburg
L100000908529,way/44717036-380,Bremen
L100000920245,way/44717036-380,Bremen
L100001054135,way/29309786-380,BadHersfeld
L100000915301,way/275466323,Lubeck
L100000910399,way/44717036-380,Bremen
L100000909641,way/449010725-380,Flensburg
L100000911248,way/44717036-380,Bremen
L100000920246,way/42488850-380,Hamm
L100000912280,way/26472665-380,Magdeburg
L100000911251,way/943135226-380,Chemnitz
L100000910400,way/26472665-380,Magdeburg
L100000910027,way/26472665-380,Magdeburg
L100000913151,way/1094015892-380,Rostock
L100000913637,way/82130902-225,Offenburg
L100000910028,way/24839976-380,Cologne
L100000913731,way/108797675-380,Wurzburg
L100000909643,way/943135226-380,Chemnitz
L100000909271,way/952346322-380,Rheine
L100000910029,way/525964617,Elmshorn
L100000915056,way/44717036-380,Bremen
L100000913826,way/1094015892-380,Rostock
L100001004309,way/1089911133-380,Hamburg
L100000913638,way/1094015892-380,Rostock
L100000908196,way/525964617,Elmshorn
L100000909274,way/525964617,Elmshorn
L100000910661,way/44717036-380,Bremen
L100000920247,way/1089911133-380,Hamburg
L100000912281,way/449010725-380,Flensburg
L100000913945,way/449010725-380,Flensburg
L100000911710,way/87653464-400,FreiburgImBreisgau
L100000910402,way/44717036-380,Bremen
L100000920248,DE205-380,Ulm
L100001054136,DE69-380,Dortmund
L100000920249,way/44717036-380,Bremen
L100001054195,way/1089911133-380,Hamburg
L100001054196,way/525964617,Elmshorn
L100000911712,way/952346322-380,Rheine
L100000909278,way/26472665-380,Magdeburg
L100001054137,way/1128250707-380,Oldenburg
L100000908530,way/143882655-380,Jena
L100001054197,way/143882655-380,Jena
L100000909282,way/108797675-380,Wurzburg
L100000920250,way/170123812-400,SchwedtOder
L100000910035,way/1094015892-380,Rostock
L100000913454,way/275466323,Lubeck
L100000911946,way/525964617,Elmshorn
L100000920251,way/25306752-220,Ravensburg
L100000909284,way/1089911133-380,Hamburg
L100000910900,way/941198517-380,Cottbus
L100000914099,way/170123812-400,SchwedtOder
L100000910407,way/170123812-400,SchwedtOder
L100000911713,way/44717036-380,Bremen
L100000910408,way/525964617,Elmshorn
L100000910409,way/26245195-380,Munich
L100000920252,way/44717036-380,Bremen
L100001054138,way/108797675-380,Wurzburg
L100000920253,way/1089911133-380,Hamburg
L100000909287,way/59026005-380,Gorlitz
L100000913383,way/44717036-380,Bremen
L100000910039,way/1128250707-380,Oldenburg
L100000910410,way/1128250707-380,Oldenburg
L100000910665,way/24839976-380,Cologne
L100000910040,way/1094015892-380,Rostock
L100000910041,way/26472665-380,Magdeburg
L100000912532,way/108797675-380,Wurzburg
L100000913073,way/525964617,Elmshorn
L100000908533,way/943135226-380,Chemnitz
L100000920243,way/42488850-380,Hamm
L100000909645,way/525964617,Elmshorn
L100000912845,way/29309786-380,BadHersfeld
L100000920254,DE209-380,VillingenSchwennin
L100000911399,way/26245195-380,Munich
L100000911715,way/24839976-380,Cologne
L100000909292,way/24839976-380,Cologne
L100000920255,way/525964617,Elmshorn
L100000915336,way/29309786-380,BadHersfeld
L100000909294,way/143882655-380,Jena
L100000909295,way/170123812-400,SchwedtOder
L100000909296,way/26472665-380,Magdeburg
L100000909647,way/26472665-380,Magdeburg
L100000908207,way/52983550-380,FrankfurtOder
L100000909648,way/449010725-380,Flensburg
L100000913152,way/42488850-380,Hamm
L100000908209,way/29309786-380,BadHersfeld
L100000908210,way/52983550-380,FrankfurtOder
L100000911259,DE43-220,Braunschweig
L100000915992,way/1280840211-380,Emden
L100000910045,way/29084374-380,Amberg
L100000909300,way/26472665-380,Magdeburg
L100000911952,way/24839976-380,Cologne
L100000913640,way/170123812-400,SchwedtOder
L100000911402,way/108797675-380,Wurzburg
L100000910902,way/940919943,Gustrow
L100000912846,way/940919943,Gustrow
L100000911718,way/1094015892-380,Rostock
L100000909649,way/29309786-380,BadHersfeld
L100000912136,way/952346322-380,Rheine
L100000912538,way/449010725-380,Flensburg
L100000914266,way/1280840211-380,Emden
L100000912137,way/1280840211-380,Emden
L100000909305,way/44717036-380,Bremen
L100000908535,way/44717036-380,Bremen
L100000915930,way/170123812-400,SchwedtOder
L100000920256,way/170123812-400,SchwedtOder
L100000920257,way/170123812-400,SchwedtOder
L100000920258,way/943135226-380,Chemnitz
L100000909307,way/943135226-380,Chemnitz
L100000920259,DE43-220,Braunschweig
L100000913389,way/275466323,Lubeck
L100000910670,way/449010725-380,Flensburg
L100001004240,way/525964617,Elmshorn
L100000910905,DE43-220,Braunschweig
L100000912288,DE43-220,Braunschweig
L100000914439,way/52983550-380,FrankfurtOder
L100000910671,way/29309786-380,BadHersfeld
L100000911261,way/943135226-380,Chemnitz
L100000920260,way/26472665-380,Magdeburg
L100000908214,DE177-220,Saarbrucken
L100001054139,way/1280840211-380,Emden
L100000920261,way/1128250707-380,Oldenburg
L100000912687,way/1128250707-380,Oldenburg
L100000911720,way/1128250707-380,Oldenburg
L100000913643,way/44717036-380,Bremen
L100000909651,way/42488850-380,Hamm
L100000908537,way/525964617,Elmshorn
L100000910907,way/1128250707-380,Oldenburg
L100000915582,way/449010725-380,Flensburg
L100000916179,way/1280840211-380,Emden
L100000909319,way/29084374-380,Amberg
L100000912942,DE173-220,Merzig
L100000920262,way/943135226-380,Chemnitz
L100000909321,way/941198517-380,Cottbus
L100000910908,way/525964617,Elmshorn
L100001054140,way/24839976-380,Cologne
L100000912852,way/943135226-380,Chemnitz
L100000920263,DE173-220,Merzig
L100000909325,way/29084374-380,Amberg
L100000909654,way/24839976-380,Cologne
L100000910051,way/525964617,Elmshorn
L100000915223,way/1094015892-380,Rostock
L100001004245,way/1089911133-380,Hamburg
L100000920264,way/29309786-380,BadHersfeld
L100000908225,way/143882655-380,Jena
L100000910909,way/143882655-380,Jena
L100001054141,way/29309786-380,BadHersfeld
L100000920265,DE43-220,Braunschweig
L100000920266,way/44717036-380,Bremen
L100000911728,DE43-220,Braunschweig
L100000909326,way/170123812-400,SchwedtOder
L100000908544,way/42488850-380,Hamm
L100001054142,way/1094015892-380,Rostock
L100000912142,way/44717036-380,Bremen
L100000911965,way/1094015892-380,Rostock
L100000909328,way/952346322-380,Rheine
L100000909329,way/952346322-380,Rheine
L100000909330,way/525964617,Elmshorn
L100000910678,way/82130902-225,Offenburg
L100000908228,DE173-220,Merzig
L100000920267,DE177-220,Saarbrucken
L100000909331,way/68532663-220,Weilheim
L100001054143,way/44717036-380,Bremen
L100000920268,DE177-220,Saarbrucken
L100000920269,way/943135226-380,Chemnitz
L100000909333,way/1280840211-380,Emden
L100000910054,way/24839976-380,Cologne
L100000909334,way/24839976-380,Cologne
L100000911278,way/24839976-380,Cologne
L100000910055,DE205-380,Ulm
L100000912143,way/941198517-380,Cottbus
L100000920270,way/525964617,Elmshorn
L100000909335,way/108797675-380,Wurzburg
L100000920271,way/449010725-380,Flensburg
L100000911279,way/26472665-380,Magdeburg
L100000910057,way/943135226-380,Chemnitz
L100000910679,way/449010725-380,Flensburg
L100000909336,way/449010725-380,Flensburg
L100000912144,way/449010725-380,Flensburg
L100000912693,way/449010725-380,Flensburg
L100000909337,way/1089911133-380,Hamburg
L100000911730,way/1128250707-380,Oldenburg
L100000910058,way/26472665-380,Magdeburg
L100000909338,way/143882655-380,Jena
L100000910059,way/42488850-380,Hamm
L100000914441,way/1094015892-380,Rostock
L100000909655,way/29309786-380,BadHersfeld
L100001054144,way/24839976-380,Cologne
L100000910060,way/44717036-380,Bremen
L100000910424,way/1094015892-380,Rostock
L100000908232,way/108797675-380,Wurzburg
L100000912857,way/89176939-220,Trier
L100000910062,way/89176939-220,Trier
L100001054145,way/1089911133-380,Hamburg
L100001054146,way/275466323,Lubeck
L100000911731,way/1280840211-380,Emden
L100000913079,way/26472665-380,Magdeburg
L100000909341,way/525964617,Elmshorn
L100000909342,way/42488850-380,Hamm
L100000909656,way/24839976-380,Cologne
L100000911281,way/525964617,Elmshorn
L100000910910,way/42488850-380,Hamm
L100000909343,way/143882655-380,Jena
L100000920273,way/82130902-225,Offenburg
L100000908233,way/143882655-380,Jena
L100001054147,way/108797675-380,Wurzburg
L100000909344,DE173-220,Merzig
L100000910911,way/108797675-380,Wurzburg
L100000911282,way/42488850-380,Hamm
L100001054148,way/143882655-380,Jena
L100000920274,way/108797675-380,Wurzburg
L100001054149,way/42488850-380,Hamm
L100001054150,way/25306752-220,Ravensburg
L100000909346,way/26472665-380,Magdeburg
L100000910912,way/1089911133-380,Hamburg
L100000911283,way/108797675-380,Wurzburg
L100000911732,way/943135226-380,Chemnitz
L100000914306,way/1094015892-380,Rostock
L100000913406,way/52983550-380,FrankfurtOder
L100000920275,way/1094015892-380,Rostock
L100000908545,way/1094015892-380,Rostock
L100000913555,way/26472665-380,Magdeburg
L100000920276,way/952346322-380,Rheine
L100000908546,way/108797675-380,Wurzburg
L100000920277,way/44717036-380,Bremen
L100000909347,way/44717036-380,Bremen
L100000909348,way/525964617,Elmshorn
L100000910682,way/525964617,Elmshorn
L100000909350,way/525964617,Elmshorn
L100000913556,DE43-220,Braunschweig
L100000909351,way/1128250707-380,Oldenburg
L100000909658,way/525964617,Elmshorn
L100000910683,way/26472665-380,Magdeburg
L100000912291,way/143882655-380,Jena
L100000920278,way/525964617,Elmshorn
L100000912292,way/1128250707-380,Oldenburg
L100000920279,way/449010725-380,Flensburg
L100000910426,way/42488850-380,Hamm
L100000911967,way/275466323,Lubeck
L100000910684,way/1280840211-380,Emden
L100000911285,way/44717036-380,Bremen
L100000910063,way/1089911133-380,Hamburg
L100001054151,way/29309786-380,BadHersfeld
L100000908236,way/952346322-380,Rheine
L100000911404,way/143882655-380,Jena
L100000910427,way/143882655-380,Jena
L100000911405,way/1089911133-380,Hamburg
L100000912694,way/42488850-380,Hamm
L100000908547,way/1089911133-380,Hamburg
L100000920281,way/1089911133-380,Hamburg
L100000920282,way/525964617,Elmshorn
L100000920283,way/24839976-380,Cologne
L100000911734,way/1128250707-380,Oldenburg
L100000920284,way/1128250707-380,Oldenburg
L100000916140,way/170123812-400,SchwedtOder
L100000908548,way/941198517-380,Cottbus
L100000910065,way/26472665-380,Magdeburg
L100000913955,DE43-220,Braunschweig
L100001054152,way/29309786-380,BadHersfeld
L100000909659,way/525964617,Elmshorn
L100000920286,way/940919943,Gustrow
L100000908550,way/1094015892-380,Rostock
L100001054153,way/952346322-380,Rheine
L100000910913,way/170123812-400,SchwedtOder
L100000911286,way/44717036-380,Bremen
L100000909355,way/26472665-380,Magdeburg
L100000916109,way/170123812-400,SchwedtOder
L100000910430,way/525964617,Elmshorn
L100000909356,way/108797675-380,Wurzburg
L100000908241,DE177-220,Saarbrucken
L100000920287,way/449010725-380,Flensburg
L100000911968,way/29309786-380,BadHersfeld
L100000909357,way/44717036-380,Bremen
L100000920288,DE43-220,Braunschweig
L100000911735,way/1280840211-380,Emden
L100000909661,way/1089911133-380,Hamburg
L100000920289,way/25306752-220,Ravensburg
L100001054154,way/42488850-380,Hamm
L100001054155,way/42488850-380,Hamm
L100000910432,way/82130902-225,Offenburg
L100000909358,way/89176939-220,Trier
L100001004197,DE177-220,Saarbrucken
L100000908554,way/143882655-380,Jena
L100001054156,way/29309786-380,BadHersfeld
L100000908243,way/24839976-380,Cologne
L100000909662,way/449010725-380,Flensburg
L100000911288,way/44717036-380,Bremen
L100000908555,way/44717036-380,Bremen
L100001054157,way/1089911133-380,Hamburg
L100000911736,way/42488850-380,Hamm
L100000914583,way/44717036-380,Bremen
L100000908556,way/525964617,Elmshorn
L100000911969,way/525964617,Elmshorn
L100000908248,way/26472665-380,Magdeburg
L100001054158,way/29309786-380,BadHersfeld
L100000914492,way/170123812-400,SchwedtOder
L100000910067,way/170123812-400,SchwedtOder
L100000911289,way/943135226-380,Chemnitz
L100001054159,way/31131320-380,Friedrichshafen
L100000908557,way/170123812-400,SchwedtOder
L100000920290,way/170123812-400,SchwedtOder
L100001054160,way/42488850-380,Hamm
L100000911738,way/26472665-380,Magdeburg
L100000910915,way/26245195-380,Munich
L100000911970,way/82130902-225,Offenburg
L100000910068,DE43-220,Braunschweig
L100000908250,DE177-220,Saarbrucken
L100000909359,way/82130902-225,Offenburg
L100001054161,way/108797675-380,Wurzburg
L100000910069,way/42488850-380,Hamm
L100000908252,way/44717036-380,Bremen
L100000908253,way/52983550-380,FrankfurtOder
L100000913741,way/525964617,Elmshorn
L100000908254,DE43-220,Braunschweig
L100000914307,way/143882655-380,Jena
L100001054162,way/275466323,Lubeck
L100000909362,way/525964617,Elmshorn
L100001004293,way/1089911133-380,Hamburg
L100000908255,way/52983550-380,FrankfurtOder
L100001054163,way/52983550-380,FrankfurtOder
L100000909663,way/52983550-380,FrankfurtOder
L100000911971,way/44717036-380,Bremen
L100000920291,way/143882655-380,Jena
L100000908256,way/143882655-380,Jena
L100000914410,way/108797675-380,Wurzburg
L100001054164,way/170123812-400,SchwedtOder
L100000912947,way/170123812-400,SchwedtOder
L100000910685,way/1094015892-380,Rostock
L100000915432,way/1280840211-380,Emden
L100000908258,way/943135226-380,Chemnitz
L100000912145,way/1089911133-380,Hamburg
L100000909365,way/29084374-380,Amberg
L100001054165,way/26472665-380,Magdeburg
L100001004198,DE177-220,Saarbrucken
L100000910073,way/1094015892-380,Rostock
L100000908260,way/941198517-380,Cottbus
L100000909664,way/24839976-380,Cologne
L100001054166,way/525964617,Elmshorn
L100001054167,way/1094015892-380,Rostock
L100000909366,way/29084374-380,Amberg
L100000909367,way/26472665-380,Magdeburg
L100000910434,way/52983550-380,FrankfurtOder
L100000913411,way/26472665-380,Magdeburg
L100000909369,way/59026005-380,Gorlitz
L100000914279,way/1094015892-380,Rostock
L100000911406,DE205-380,Ulm
L100000908261,way/943135226-380,Chemnitz
L100000920292,way/26472665-380,Magdeburg
L100001054168,way/24839976-380,Cologne
L100000910074,way/24839976-380,Cologne
L100000908240,way/143882655-380,Jena
L100000911295,way/44717036-380,Bremen
L100000912553,way/449010725-380,Flensburg
L100000908263,way/1128250707-380,Oldenburg
L100000920064,way/275466323,Lubeck
L100000101887,way/170123812-400,SchwedtOder
L100000101978,way/941198517-380,Cottbus
L100000101926,way/35818134-220,Dusseldorf
L100000101932,DE69-380,Dortmund
L100000101934,way/35818134-220,Dusseldorf
L100000101874,way/82130902-225,Offenburg
L100000101938,way/24839976-380,Cologne
L100000101944,way/44717036-380,Bremen
L100000101946,way/24839976-380,Cologne
L100000101953,DE69-380,Dortmund
L100000101939,way/24839976-380,Cologne
L100000101957,way/24839976-380,Cologne
L100000101904,way/29309786-380,BadHersfeld
L100000101924,way/940919943,Gustrow
L100000101988,way/143882655-380,Jena
L100000101964,way/24839976-380,Cologne
L100000101989,way/943135226-380,Chemnitz
L100000101920,way/1128250707-380,Oldenburg
L100000101885,way/26245195-380,Munich
L100001061990,DE206-220,Muhldorf
L100001042909,way/26245195-380,Munich
L100001045255,way/68532663-220,Weilheim
L100001061996,way/26245195-380,Munich
L100001042911,way/82130902-225,Offenburg
L100001042912,way/26245195-380,Munich
L100001042910,way/82130902-225,Offenburg
L100001061998,way/26245195-380,Munich
L100001025935,way/44717036-380,Bremen
L100001062001,way/26245195-380,Munich
L100001062006,way/26245195-380,Munich
L100001061989,DE206-220,Muhldorf
L100000601718,way/88916034-380,Lorrach
L100001023054,DE206-220,Muhldorf
L100001081930,way/26245195-380,Munich
L100000601719,way/143882655-380,Jena
L100000601720,DE43-220,Braunschweig
L100001081931,way/26245195-380,Munich
L100000601721,way/82130902-225,Offenburg
L100000601722,way/82130902-225,Offenburg
L100001045976,way/82130902-225,Offenburg
L100000601723,way/1089911133-380,Hamburg
L100000601724,way/25306752-220,Ravensburg
L100000601725,way/143882655-380,Jena
L100001025820,way/29084374-380,Amberg
L100000601726,way/31367940-380,Donaueschingen
L100000601727,DE177-220,Saarbrucken
L100000601728,DE69-380,Dortmund
L100000601729,way/143882655-380,Jena
L100001023055,DE206-220,Muhldorf
L100000601731,way/108797675-380,Wurzburg
L100000604089,way/88916034-380,Lorrach
L100000601732,way/26245195-380,Munich
L100000601733,way/143882655-380,Jena
L100000601734,way/943135226-380,Chemnitz
L100000601735,way/29309786-380,BadHersfeld
L100001054718,way/943135226-380,Chemnitz
L100001054719,way/26245195-380,Munich
L100000601736,way/29084374-380,Amberg
L100000604090,way/88916034-220,RheinfeldenBaden
L100000601737,DE206-220,Muhldorf
L100000601738,way/42488850-380,Hamm
L100001054721,way/26245195-380,Munich
L100001023056,way/57727004-220,Kempten
L100000604091,way/88916034-220,RheinfeldenBaden
L100000601739,way/88916034-220,RheinfeldenBaden
L100001025823,way/82130902-225,Offenburg
L100000601740,DE206-220,Muhldorf
L100001081929,way/26245195-380,Munich
L100000601741,way/68532663-220,Weilheim
L100000601742,way/29309786-380,BadHersfeld
L100000601743,way/29309786-380,BadHersfeld
L100000601744,way/31367940-220,WaldshutTiengen
L100000601745,way/88916034-380,Lorrach
L100000601746,way/143882655-380,Jena
L100000601747,way/31367940-380,Donaueschingen
L100001081928,way/88916034-220,RheinfeldenBaden
L100001081927,way/26245195-380,Munich
L100001054717,way/29309786-380,BadHersfeld
