bus_id,grid_cell,bus_name
way/133523400-500,CHN_3717,Tianjin
way/148727570-500,CHN_3550,Sanhe
way/95783495-500,CHN_4194,Shanghai
way/95783495-500,CHN_4193,Shanghai
way/95783495-500,CHN_4143,Shanghai
way/899674815-750,CHN_2067,Qabqa
way/434717259-750,CHN_2203,Wulan
way/95783495-500,CHN_4142,Shanghai
way/95783495-500,CHN_4142,Shanghai
way/909794907-500,CHN_3350,Shaoguan
way/909794907-500,CHN_3350,Shaoguan
way/323016549-500,CHN_4035,Hangzhou
way/127871762-500,CHN_3385,Shijiazhuang
way/95783495-500,CHN_4193,Shanghai
way/477823691-500,CHN_2132,Jinbi
way/95783495-500,CHN_4193,Shanghai
way/95783495-500,CHN_4239,Shanghai
way/95783495-500,CHN_4239,Shanghai
way/95783495-500,CHN_4193,Shanghai
way/133523400-500,CHN_3716,Tianjin
way/133523400-500,CHN_3717,Tianjin
CN5526-500,CHN_3706,Tongshan
way/133523400-500,CHN_3716,Tianjin
way/954148824-500,CHN_3870,Nanjing
way/860490885-500,CHN_3285,Beichengqu
way/147708063-500,CHN_4245,Anshan
way/147708063-500,CHN_4324,Anshan
CN1211-500,CHN_4324,Liaoyang
way/147989359-500,CHN_3368,Wuhan
way/95783495-500,CHN_4236,Shanghai
way/148727570-500,CHN_3660,Sanhe
way/95783495-500,CHN_4141,Shanghai
way/178865921-500,CHN_2442,Anshun
way/956994043-500,CHN_4036,Yicheng
CN6419-500,CHN_3926,Yangzhou
way/462823764-500,CHN_3246,Yangjiang
way/462823764-500,CHN_3246,Yangjiang
way/858207240-500,CHN_3022,Hohhot
way/158233113-500,CHN_4544,Harbin
way/462823764-500,CHN_3297,Yangjiang
way/462823764-500,CHN_3350,Yangjiang
way/462823764-500,CHN_3298,Yangjiang
way/462823764-500,CHN_3298,Yangjiang
way/462823764-500,CHN_3349,Yangjiang
way/909794907-500,CHN_3298,Shaoguan
way/610573755-1000,CHN_3539,Zouping
CN6623-500,CHN_4090,Nantong
way/163357515-500,CHN_4037,Changzhou
way/163357515-500,CHN_4037,Changzhou
way/163357515-500,CHN_4037,Changzhou
CN6623-500,CHN_4090,Nantong
CN4540-500,CHN_2856,Hejin
way/147989359-500,CHN_3367,Wuhan
way/205965369-500,CHN_3205,Yiyang
way/813559297-500,CHN_2280,Mianyang
way/163357515-500,CHN_4089,Changzhou
way/1284618409-750,CHN_1563,Yuanquan
way/813559297-500,CHN_2369,Mianyang
way/95783495-500,CHN_4192,Shanghai
way/966809494-500,CHN_3975,Ningde
way/784756905-500,CHN_3159,Jingling
CN3807-500,CHN_3225,Wuan
way/1014000730-500,CHN_4047,Rizhao
way/178865921-500,CHN_2442,Anshun
way/567304518-500,CHN_2227,Xichang
way/323016549-500,CHN_4032,Hangzhou
way/954148824-500,CHN_3871,Nanjing
way/858207240-500,CHN_2917,Hohhot
way/158233113-500,CHN_4401,Harbin
way/362596150-500,CHN_4202,Shahezhai
way/147708063-500,CHN_4324,Anshan
way/909794907-500,CHN_3350,Shaoguan
way/909794907-500,CHN_3350,Shaoguan
way/147708063-500,CHN_4324,Anshan
way/909794907-500,CHN_3299,Shaoguan
way/909794907-500,CHN_3350,Shaoguan
way/909794907-500,CHN_3351,Shaoguan
way/909794907-500,CHN_3299,Shaoguan
way/909794907-500,CHN_3352,Shaoguan
way/909794907-500,CHN_3247,Shaoguan
way/909794907-500,CHN_3299,Shaoguan
way/909794907-500,CHN_3352,Shaoguan
way/909794907-500,CHN_3195,Shaoguan
way/909794907-500,CHN_3299,Shaoguan
way/909794907-500,CHN_3247,Shaoguan
way/909794907-500,CHN_3301,Shaoguan
way/909794907-500,CHN_3298,Shaoguan
way/909794907-500,CHN_3246,Shaoguan
way/909794907-500,CHN_3298,Shaoguan
CN1981-500,CHN_3888,Tangshan
way/133523400-500,CHN_3774,Tianjin
way/786190963-500,CHN_3218,Yingchuan
way/334186801-500,CHN_1891,Manlin
way/477823691-500,CHN_2092,Jinbi
way/1014000730-500,CHN_3930,Rizhao
way/821660572-500,CHN_2468,Sizhan
way/205965369-500,CHN_3153,Yiyang
way/205965369-500,CHN_3153,Yiyang
way/205965369-500,CHN_3099,Yiyang
way/158233113-500,CHN_4461,Harbin
way/178865921-500,CHN_2397,Anshun
way/813559297-500,CHN_2324,Mianyang
way/148727570-500,CHN_3442,Sanhe
way/434717259-750,CHN_2205,Wulan
way/1347514254-500,CHN_3377,Luohe
way/786190963-500,CHN_3324,Yingchuan
CN7723-500,CHN_3639,Anqing
way/909794907-500,CHN_3200,Shaoguan
way/706692422-500,CHN_3611,CHN44p2N116p5E
way/706692422-500,CHN_3611,CHN44p2N116p5E
way/178865921-500,CHN_2311,Anshun
way/147708063-500,CHN_4250,Anshan
way/148727570-500,CHN_3721,Sanhe
way/864815732-500,CHN_4009,CHN44p4N121p8E
way/542699342-500,CHN_2832,Liuzhou
way/680550135-500,CHN_4606,CHN45p9N129p3E
way/323016549-500,CHN_4086,Hangzhou
way/178865921-500,CHN_2533,Anshun
way/323016549-500,CHN_3920,Hangzhou
way/1284618409-750,CHN_1520,Yuanquan
CN1211-500,CHN_4510,Liaoyang
CN5526-500,CHN_3643,Tongshan
way/342544899-500,CHN_1951,Dayan
way/462823764-500,CHN_3349,Yangjiang
way/899674815-750,CHN_2118,Qabqa
way/477823691-500,CHN_2092,Jinbi
way/542699342-500,CHN_2772,Liuzhou
way/864815732-500,CHN_4255,CHN44p4N121p8E
way/909794907-500,CHN_3567,Shaoguan
way/1014000730-500,CHN_4046,Rizhao
way/568247904-750,CHN_869,CHN44p7N89p1E
way/342544899-500,CHN_1895,Dayan
way/477823691-500,CHN_2133,Jinbi
way/909794907-500,CHN_3094,Shaoguan
way/610573755-1000,CHN_3539,Zouping
way/323016549-500,CHN_3980,Hangzhou
way/1284618409-750,CHN_1390,Yuanquan
way/567304518-500,CHN_2273,Xichang
way/147708063-500,CHN_4289,Anshan
way/133523400-500,CHN_3774,Tianjin
way/864815732-500,CHN_4334,CHN44p4N121p8E
way/864815732-500,CHN_4301,CHN44p4N121p8E
way/462823764-500,CHN_3193,Yangjiang
way/821660572-500,CHN_2561,Sizhan
way/462823764-500,CHN_2874,Yangjiang
way/451849406-500,CHN_2573,ZhongdongShequ
way/399708539-750,CHN_721,Kuqa
way/342544899-500,CHN_1852,Dayan
way/462823764-500,CHN_3138,Yangjiang
way/178865921-500,CHN_2267,Anshun
way/178865921-500,CHN_2269,Anshun
way/477823691-500,CHN_2134,Jinbi
way/148727570-500,CHN_3602,Sanhe
way/1014000730-500,CHN_4242,Rizhao
way/148727570-500,CHN_3546,Sanhe
way/954148824-500,CHN_3869,Nanjing
CN7235-500,CHN_3868,Tongling
way/578735778-500,CHN_2714,Fangchenggang
way/95783495-500,CHN_4089,Shanghai
way/95783495-500,CHN_4089,Shanghai
way/796851812-500,CHN_3412,Fuzhou
way/95783495-500,CHN_4193,Shanghai
way/95783495-500,CHN_4190,Shanghai
CN6623-500,CHN_4091,Nantong
CN6623-500,CHN_4090,Nantong
CN6623-500,CHN_4039,Nantong
CN6623-500,CHN_4038,Nantong
CN6419-500,CHN_4041,Yangzhou
way/1014000730-500,CHN_4042,Rizhao
CN6419-500,CHN_3929,Yangzhou
CN6419-500,CHN_3984,Yangzhou
way/1014000730-500,CHN_3931,Rizhao
way/95783495-500,CHN_4142,Shanghai
way/821660572-500,CHN_2564,Sizhan
way/958041303-500,CHN_3169,Xiaoyi
way/706692422-500,CHN_3609,CHN44p2N116p5E
way/158233113-500,CHN_4598,Harbin
way/860490885-500,CHN_3177,Beichengqu
way/399708539-750,CHN_550,Kuqa
way/1347514254-500,CHN_3377,Luohe
way/786190963-500,CHN_3326,Yingchuan
way/821660572-500,CHN_2559,Sizhan
way/462823764-500,CHN_3141,Yangjiang
way/821660572-500,CHN_2512,Sizhan
way/1014000730-500,CHN_3934,Rizhao
CN3807-500,CHN_3381,Wuan
way/821660572-500,CHN_2512,Sizhan
way/304966072-500,CHN_4017,Yakeshi
way/1014000730-500,CHN_3932,Rizhao
way/148727570-500,CHN_3601,Sanhe
way/610573755-1000,CHN_3768,Zouping
way/610573755-1000,CHN_3882,Zouping
way/610573755-1000,CHN_3825,Zouping
way/786190963-500,CHN_3167,Yingchuan
way/786190963-500,CHN_3325,Yingchuan
way/786190963-500,CHN_3273,Yingchuan
way/133523400-500,CHN_3656,Tianjin
way/567304518-500,CHN_2100,Xichang
way/147989359-500,CHN_3368,Wuhan
way/127871762-500,CHN_3435,Shijiazhuang
CN3807-500,CHN_3434,Wuan
way/127871762-500,CHN_3436,Shijiazhuang
way/163357515-500,CHN_4038,Changzhou
way/786190963-500,CHN_3273,Yingchuan
way/1014000730-500,CHN_4150,Rizhao
way/813559297-500,CHN_2323,Mianyang
way/1014000730-500,CHN_4047,Rizhao
way/314288467-500,CHN_3708,Linyi
way/610573755-1000,CHN_3710,Zouping
way/314288467-500,CHN_3821,Linyi
way/813559297-500,CHN_2323,Mianyang
CN7501-500,CHN_3108,Xiaoxita
way/786190963-500,CHN_3167,Yingchuan
way/610573755-1000,CHN_3652,Zouping
way/610573755-1000,CHN_3653,Zouping
way/147989359-500,CHN_3317,Wuhan
way/147989359-500,CHN_3315,Wuhan
way/147989359-500,CHN_3367,Wuhan
way/147989359-500,CHN_3316,Wuhan
way/147989359-500,CHN_3316,Wuhan
way/314288467-500,CHN_3819,Linyi
way/813559297-500,CHN_2278,Mianyang
CN1211-500,CHN_4325,Liaoyang
way/577720180-500,CHN_3627,Putian
CN1211-500,CHN_4358,Liaoyang
way/323016549-500,CHN_4187,Hangzhou
way/966809494-500,CHN_4136,Ningde
way/337055172-500,CHN_2535,Chongqing
way/205965369-500,CHN_3044,Yiyang
way/706692422-500,CHN_3896,CHN44p2N116p5E
way/786190963-500,CHN_3325,Yingchuan
way/205965369-500,CHN_3048,Yiyang
way/786190963-500,CHN_3270,Yingchuan
way/706692422-500,CHN_3552,CHN44p2N116p5E
way/314288467-500,CHN_3767,Linyi
way/147989359-500,CHN_3420,Wuhan
way/147989359-500,CHN_3419,Wuhan
way/323016549-500,CHN_4034,Hangzhou
way/323016549-500,CHN_4034,Hangzhou
way/323016549-500,CHN_4087,Hangzhou
way/323016549-500,CHN_4088,Hangzhou
way/323016549-500,CHN_4034,Hangzhou
way/323016549-500,CHN_4034,Hangzhou
way/95783495-500,CHN_4190,Shanghai
way/323016549-500,CHN_4087,Hangzhou
way/323016549-500,CHN_4087,Hangzhou
way/899674815-750,CHN_2067,Qabqa
way/610573755-1000,CHN_3653,Zouping
way/610573755-1000,CHN_3712,Zouping
way/567304518-500,CHN_2094,Xichang
way/434717259-750,CHN_2467,Wulan
way/323016549-500,CHN_4033,Hangzhou
way/323016549-500,CHN_4137,Hangzhou
way/323016549-500,CHN_4085,Hangzhou
way/462823764-500,CHN_3032,Yangjiang
CN7501-500,CHN_3161,Xiaoxita
way/784756905-500,CHN_3104,Jingling
way/784756905-500,CHN_3105,Jingling
way/1347514254-500,CHN_3534,Luohe
way/148727570-500,CHN_3545,Sanhe
way/127871762-500,CHN_3491,Shijiazhuang
way/858207240-500,CHN_2757,Hohhot
way/337055172-500,CHN_2539,Chongqing
way/337055172-500,CHN_2493,Chongqing
way/362596150-500,CHN_4054,Shahezhai
CN5526-500,CHN_3702,Tongshan
way/909794907-500,CHN_3249,Shaoguan
way/337055172-500,CHN_2492,Chongqing
way/334186801-500,CHN_2038,Manlin
way/147989359-500,CHN_3366,Wuhan
way/567304518-500,CHN_2143,Xichang
way/337055172-500,CHN_2538,Chongqing
way/1284618409-750,CHN_1458,Yuanquan
way/786190963-500,CHN_3272,Yingchuan
CN6419-500,CHN_3927,Yangzhou
way/909794907-500,CHN_3195,Shaoguan
way/909794907-500,CHN_3248,Shaoguan
way/1284618409-750,CHN_1785,Yuanquan
way/342544899-500,CHN_1898,Dayan
way/342544899-500,CHN_1897,Dayan
way/342544899-500,CHN_1852,Dayan
way/477823691-500,CHN_2089,Jinbi
way/477823691-500,CHN_2092,Jinbi
way/477823691-500,CHN_2089,Jinbi
way/786190963-500,CHN_3274,Yingchuan
way/542699342-500,CHN_2823,Liuzhou
way/542699342-500,CHN_2823,Liuzhou
way/956994043-500,CHN_3925,Yicheng
way/1347514254-500,CHN_3423,Luohe
way/399708539-750,CHN_352,Kuqa
CN7501-500,CHN_3002,Xiaoxita
way/178865921-500,CHN_2354,Anshun
way/95783495-500,CHN_4142,Shanghai
way/909794907-500,CHN_3194,Shaoguan
way/462823764-500,CHN_3194,Yangjiang
way/821660572-500,CHN_2608,Sizhan
way/362596150-500,CHN_4051,Shahezhai
way/304966072-500,CHN_4017,Yakeshi
CN7501-500,CHN_3052,Xiaoxita
CN7501-500,CHN_3052,Xiaoxita
way/148727570-500,CHN_3600,Sanhe
CN1981-500,CHN_3886,Tangshan
way/813559297-500,CHN_2101,Mianyang
way/680550135-500,CHN_4710,CHN45p9N129p3E
way/158233113-500,CHN_4596,Harbin
way/337055172-500,CHN_2683,Chongqing
way/567304518-500,CHN_2049,Xichang
way/813559297-500,CHN_2278,Mianyang
CN1211-500,CHN_4423,Liaoyang
way/158233113-500,CHN_4454,Harbin
CN1211-500,CHN_4358,Liaoyang
way/205965369-500,CHN_3150,Yiyang
CN1211-500,CHN_4389,Liaoyang
way/909794907-500,CHN_3247,Shaoguan
way/542699342-500,CHN_2670,Liuzhou
way/542699342-500,CHN_2718,Liuzhou
way/205965369-500,CHN_3205,Yiyang
CN5526-500,CHN_3703,Tongshan
way/205965369-500,CHN_3206,Yiyang
CN7501-500,CHN_3052,Xiaoxita
way/568247904-750,CHN_726,CHN44p7N89p1E
way/399708539-750,CHN_422,Kuqa
way/858207240-500,CHN_2918,Hohhot
way/337055172-500,CHN_2540,Chongqing
way/158233113-500,CHN_4545,Harbin
way/434717259-750,CHN_2334,Wulan
way/786190963-500,CHN_3217,Yingchuan
way/786190963-500,CHN_3217,Yingchuan
CN3807-500,CHN_3223,Wuan
way/1284618409-750,CHN_1389,Yuanquan
way/1284618409-750,CHN_1389,Yuanquan
way/147708063-500,CHN_4353,Anshan
way/147708063-500,wof-CHN_717,Anshan
way/95783495-500,CHN_4141,Shanghai
way/323016549-500,CHN_4088,Hangzhou
way/323016549-500,CHN_4088,Hangzhou
way/323016549-500,CHN_4035,Hangzhou
way/95783495-500,CHN_4089,Shanghai
way/567304518-500,CHN_2230,Xichang
CN7235-500,CHN_3868,Tongling
way/178865921-500,CHN_2576,Anshun
way/163357515-500,CHN_3982,Changzhou
way/434717259-750,CHN_2381,Wulan
way/163357515-500,CHN_3983,Changzhou
way/1014000730-500,CHN_3936,Rizhao
way/909794907-500,CHN_3351,Shaoguan
way/909794907-500,CHN_3403,Shaoguan
way/909794907-500,CHN_3402,Shaoguan
way/909794907-500,CHN_3298,Shaoguan
way/909794907-500,CHN_3299,Shaoguan
way/909794907-500,CHN_3247,Shaoguan
way/462823764-500,CHN_3191,Yangjiang
way/462823764-500,CHN_3246,Yangjiang
way/462823764-500,CHN_3192,Yangjiang
way/462823764-500,CHN_3245,Yangjiang
way/909794907-500,CHN_3454,Shaoguan
way/462823764-500,CHN_3245,Yangjiang
way/462823764-500,CHN_3193,Yangjiang
way/568247904-750,CHN_915,CHN44p7N89p1E
way/568247904-750,CHN_820,CHN44p7N89p1E
way/567304518-500,CHN_2362,Xichang
way/451849406-500,CHN_2620,ZhongdongShequ
way/858207240-500,CHN_2969,Hohhot
way/568247904-750,CHN_1011,CHN44p7N89p1E
way/1284618409-750,CHN_1351,Yuanquan
way/205965369-500,CHN_3205,Yiyang
way/399708539-750,CHN_51,Kuqa
way/796851812-500,CHN_3521,Fuzhou
way/796851812-500,CHN_3522,Fuzhou
way/462823764-500,CHN_3086,Yangjiang
way/362596150-500,CHN_3948,Shahezhai
way/178865921-500,CHN_2360,Anshun
way/434717259-750,CHN_2338,Wulan
way/334186801-500,CHN_2086,Manlin
way/462823764-500,CHN_3193,Yangjiang
way/334186801-500,CHN_1938,Manlin
CN1981-500,CHN_3830,Tangshan
way/909794907-500,CHN_3248,Shaoguan
way/567304518-500,CHN_2317,Xichang
CN7723-500,CHN_3641,Anqing
CN7235-500,CHN_3868,Tongling
CN7235-500,CHN_3868,Tongling
way/477823691-500,CHN_2043,Jinbi
CN7235-500,CHN_3812,Tongling
way/578735778-500,CHN_2871,Fangchenggang
way/205965369-500,CHN_3205,Yiyang
CN7235-500,CHN_3701,Tongling
way/477823691-500,CHN_2178,Jinbi
way/462823764-500,CHN_3139,Yangjiang
way/813559297-500,CHN_2238,Mianyang
way/813559297-500,CHN_2281,Mianyang
way/860490885-500,CHN_3284,Beichengqu
way/158233113-500,CHN_4540,Harbin
way/178865921-500,CHN_2625,Anshun
way/577720180-500,CHN_3912,Putian
way/577720180-500,CHN_3911,Putian
way/577720180-500,wof-CHN_442,Putian
way/342544899-500,CHN_1854,Dayan
CN7501-500,CHN_2841,Xiaoxita
way/860490885-500,CHN_3340,Beichengqu
way/178865921-500,CHN_2441,Anshun
way/178865921-500,CHN_2310,Anshun
way/334186801-500,CHN_2218,Manlin
way/829750956-500,,Bayi
way/813559297-500,CHN_2370,Mianyang
way/462823764-500,CHN_3140,Yangjiang
way/1284618409-750,CHN_1351,Yuanquan
way/568247904-750,CHN_1355,CHN44p7N89p1E
way/542699342-500,CHN_2770,Liuzhou
way/786190963-500,CHN_3168,Yingchuan
way/1284618409-750,CHN_1426,Yuanquan
way/1284618409-750,,Yuanquan
way/451849406-500,CHN_2527,ZhongdongShequ
way/577720180-500,CHN_3741,Putian
way/813559297-500,CHN_2235,Mianyang
way/542699342-500,CHN_2826,Liuzhou
way/334186801-500,CHN_2219,Manlin
way/860490885-500,CHN_3176,Beichengqu
way/860490885-500,CHN_3284,Beichengqu
way/899674815-750,CHN_1734,Qabqa
way/578735778-500,CHN_2872,Fangchenggang
way/95783495-500,CHN_4191,Shanghai
CN4540-500,CHN_2849,Hejin
CN7501-500,CHN_2949,Xiaoxita
way/860490885-500,CHN_3233,Beichengqu
CN4540-500,CHN_2741,Hejin
CN7235-500,CHN_3701,Tongling
CN7723-500,CHN_3699,Anqing
way/610573755-1000,CHN_3937,Zouping
way/578735778-500,CHN_2872,Fangchenggang
way/462823764-500,CHN_2930,Yangjiang
way/813559297-500,CHN_2369,Mianyang
way/1347514254-500,CHN_3531,Luohe
way/567304518-500,CHN_2185,Xichang
way/568247904-750,CHN_1014,CHN44p7N89p1E
way/577720180-500,CHN_3623,Putian
way/610573755-1000,CHN_3825,Zouping
way/784756905-500,CHN_3158,Jingling
way/784756905-500,CHN_3158,Jingling
way/909794907-500,CHN_3455,Shaoguan
way/577720180-500,CHN_3564,Putian
way/1347514254-500,CHN_3477,Luohe
way/314288467-500,CHN_3878,Linyi
way/314288467-500,CHN_3878,Linyi
way/567304518-500,CHN_2275,Xichang
way/577720180-500,CHN_3855,Putian
way/178865921-500,CHN_2397,Anshun
way/578735778-500,CHN_2663,Fangchenggang
way/578735778-500,CHN_2663,Fangchenggang
way/578735778-500,CHN_2713,Fangchenggang
way/451849406-500,CHN_2716,ZhongdongShequ
CN4540-500,CHN_3011,Hejin
way/133523400-500,CHN_3715,Tianjin
way/909794907-500,CHN_3565,Shaoguan
way/966809494-500,CHN_4135,Ningde
way/966809494-500,CHN_4082,Ningde
way/966809494-500,CHN_4081,Ningde
way/966809494-500,wof-CHN_509,Ningde
way/966809494-500,CHN_4082,Ningde
way/542699342-500,CHN_2776,Liuzhou
way/178865921-500,CHN_2533,Anshun
way/178865921-500,CHN_2532,Anshun
way/680550135-500,CHN_4689,CHN45p9N129p3E
way/205965369-500,CHN_2888,Yiyang
way/909794907-500,CHN_3298,Shaoguan
way/909794907-500,CHN_3298,Shaoguan
way/205965369-500,CHN_3043,Yiyang
way/205965369-500,CHN_3206,Yiyang
way/205965369-500,CHN_3206,Yiyang
way/796851812-500,CHN_3522,Fuzhou
way/399708539-750,CHN_210,Kuqa
way/434717259-750,CHN_2424,Wulan
way/796851812-500,CHN_3520,Fuzhou
way/796851812-500,CHN_3576,Fuzhou
way/796851812-500,CHN_3694,Fuzhou
way/323016549-500,CHN_3976,Hangzhou
way/786190963-500,CHN_3218,Yingchuan
way/1014000730-500,CHN_3936,Rizhao
way/323016549-500,CHN_4034,Hangzhou
CN7235-500,CHN_3755,Tongling
CN7235-500,CHN_3867,Tongling
CN1211-500,CHN_4387,Liaoyang
way/610573755-1000,CHN_3880,Zouping
way/1014000730-500,CHN_3935,Rizhao
way/133523400-500,CHN_3716,Tianjin
way/133523400-500,CHN_3716,Tianjin
way/610573755-1000,CHN_3712,Zouping
way/610573755-1000,CHN_3825,Zouping
way/304966072-500,CHN_4070,Yakeshi
way/205965369-500,CHN_3045,Yiyang
way/680550135-500,CHN_4784,CHN45p9N129p3E
CN5526-500,CHN_3592,Tongshan
CN5526-500,CHN_3537,Tongshan
way/1014000730-500,CHN_4048,Rizhao
way/205965369-500,CHN_3204,Yiyang
way/909794907-500,CHN_3350,Shaoguan
CN1981-500,CHN_3886,Tangshan
CN1981-500,CHN_3776,Tangshan
way/148727570-500,CHN_3664,Sanhe
way/148727570-500,CHN_3664,Sanhe
way/966809494-500,CHN_3913,Ningde
way/966809494-500,CHN_3913,Ningde
CN6419-500,CHN_4040,Yangzhou
CN6419-500,CHN_4040,Yangzhou
way/966809494-500,CHN_3913,Ningde
way/568247904-750,CHN_1105,CHN44p7N89p1E
way/399708539-750,CHN_108,Kuqa
CN1981-500,CHN_3833,Tangshan
way/434717259-750,CHN_2468,Wulan
way/784756905-500,CHN_3316,Jingling
way/147708063-500,CHN_4321,Anshan
way/147708063-500,wof-CHN_717,Anshan
way/362596150-500,CHN_4201,Shahezhai
way/323016549-500,CHN_4033,Hangzhou
way/786190963-500,CHN_3166,Yingchuan
way/147708063-500,CHN_4246,Anshan
way/147708063-500,CHN_4247,Anshan
way/610573755-1000,CHN_3881,Zouping
way/610573755-1000,CHN_3881,Zouping
way/958041303-500,CHN_3120,Xiaoyi
way/958041303-500,CHN_3120,Xiaoyi
CN3807-500,CHN_3482,Wuan
way/858207240-500,CHN_3125,Hohhot
CN6623-500,CHN_4089,Nantong
way/1284618409-750,CHN_1632,Yuanquan
way/205965369-500,CHN_3204,Yiyang
CN1211-500,CHN_4357,Liaoyang
CN5526-500,CHN_3646,Tongshan
CN5526-500,CHN_3703,Tongshan
CN5526-500,CHN_3702,Tongshan
way/954148824-500,CHN_3815,Nanjing
way/147989359-500,CHN_3420,Wuhan
CN1211-500,CHN_4388,Liaoyang
way/147708063-500,CHN_4324,Anshan
way/434717259-750,CHN_2553,Wulan
way/909794907-500,CHN_3409,Shaoguan
way/147708063-500,CHN_4247,Anshan
way/362596150-500,CHN_4203,Shahezhai
way/796851812-500,CHN_3634,Fuzhou
way/314288467-500,CHN_3709,Linyi
way/147708063-500,CHN_4158,Anshan
way/147708063-500,wof-CHN_593,Anshan
way/568247904-750,CHN_869,CHN44p7N89p1E
CN1211-500,CHN_4536,Liaoyang
way/178865921-500,CHN_2627,Anshun
way/1019608118-500,CHN_3943,Yanggezhuang
way/362596150-500,CHN_4052,Shahezhai
way/362596150-500,CHN_4105,Shahezhai
way/362596150-500,wof-CHN_558,Shahezhai
way/956994043-500,CHN_3982,Yicheng
way/147708063-500,CHN_4249,Anshan
way/958041303-500,CHN_3167,Xiaoyi
way/680550135-500,CHN_4675,CHN45p9N129p3E
CN7235-500,CHN_3813,Tongling
way/680550135-500,CHN_4711,CHN45p9N129p3E
way/158233113-500,CHN_4427,Harbin
CN4540-500,CHN_2851,Hejin
CN1981-500,CHN_3887,Tangshan
way/1019608118-500,CHN_3942,Yanggezhuang
CN6419-500,CHN_3984,Yangzhou
way/568247904-750,CHN_1106,CHN44p7N89p1E
way/568247904-750,CHN_1106,CHN44p7N89p1E
way/568247904-750,CHN_1015,CHN44p7N89p1E
way/568247904-750,CHN_1014,CHN44p7N89p1E
way/568247904-750,CHN_1014,CHN44p7N89p1E
way/1284618409-750,CHN_1389,Yuanquan
way/1284618409-750,CHN_1389,Yuanquan
way/127871762-500,CHN_3440,Shijiazhuang
way/796851812-500,CHN_3466,Fuzhou
way/909794907-500,CHN_3144,Shaoguan
way/813559297-500,CHN_2281,Mianyang
way/864815732-500,CHN_4394,CHN44p4N121p8E
way/323016549-500,CHN_4140,Hangzhou
CN7235-500,CHN_3813,Tongling
way/954148824-500,CHN_3872,Nanjing
way/954148824-500,CHN_3872,Nanjing
way/813559297-500,CHN_2279,Mianyang
CN3807-500,CHN_3174,Wuan
way/127871762-500,CHN_3545,Shijiazhuang
way/127871762-500,CHN_3487,Shijiazhuang
way/860490885-500,CHN_3178,Beichengqu
way/860490885-500,CHN_3231,Beichengqu
way/858207240-500,CHN_3072,Hohhot
way/858207240-500,CHN_3072,Hohhot
way/133523400-500,CHN_3772,Tianjin
way/133523400-500,CHN_3716,Tianjin
CN4540-500,CHN_2960,Hejin
way/148727570-500,CHN_3493,Sanhe
way/786190963-500,CHN_3164,Yingchuan
way/1347514254-500,CHN_3319,Luohe
way/821660572-500,CHN_2802,Sizhan
way/966809494-500,CHN_4081,Ningde
way/966809494-500,wof-CHN_509,Ningde
CN6623-500,CHN_4091,Nantong
way/342544899-500,CHN_1947,Dayan
way/178865921-500,CHN_2307,Anshun
way/178865921-500,CHN_2361,Anshun
way/334186801-500,CHN_2176,Manlin
way/462823764-500,CHN_2986,Yangjiang
way/796851812-500,CHN_3412,Fuzhou
way/567304518-500,CHN_2000,Xichang
way/342544899-500,CHN_1799,Dayan
way/860490885-500,CHN_3232,Beichengqu
CN7723-500,CHN_3695,Anqing
way/567304518-500,,Xichang
way/337055172-500,CHN_2495,Chongqing
way/786190963-500,CHN_3167,Yingchuan
way/958041303-500,CHN_3114,Xiaoyi
way/786190963-500,CHN_3221,Yingchuan
way/786190963-500,CHN_3168,Yingchuan
way/786190963-500,CHN_3274,Yingchuan
way/786190963-500,CHN_3274,Yingchuan
way/966809494-500,CHN_3975,Ningde
CN5526-500,CHN_3643,Tongshan
way/786190963-500,CHN_3273,Yingchuan
way/784756905-500,CHN_3210,Jingling
way/786190963-500,CHN_3272,Yingchuan
way/786190963-500,CHN_3272,Yingchuan
way/786190963-500,CHN_3325,Yingchuan
way/95783495-500,CHN_4142,Shanghai
way/95783495-500,CHN_4142,Shanghai
way/784756905-500,CHN_3103,Jingling
way/786190963-500,CHN_3272,Yingchuan
CN7501-500,CHN_2784,Xiaoxita
way/567304518-500,CHN_2100,Xichang
way/1347514254-500,CHN_3321,Luohe
way/786190963-500,CHN_3219,Yingchuan
way/567304518-500,CHN_2190,Xichang
way/786190963-500,CHN_3271,Yingchuan
way/784756905-500,CHN_3263,Jingling
CN7501-500,CHN_3050,Xiaoxita
way/205965369-500,CHN_3048,Yiyang
CN5526-500,CHN_3588,Tongshan
way/205965369-500,CHN_3205,Yiyang
way/1347514254-500,CHN_3374,Luohe
way/1347514254-500,CHN_3375,Luohe
way/1347514254-500,CHN_3322,Luohe
way/813559297-500,CHN_2277,Mianyang
way/1347514254-500,CHN_3427,Luohe
way/1347514254-500,CHN_3322,Luohe
CN4540-500,CHN_2691,Hejin
way/542699342-500,CHN_2725,Liuzhou
way/1347514254-500,CHN_3321,Luohe
way/1347514254-500,CHN_3371,Luohe
way/205965369-500,CHN_3256,Yiyang
way/784756905-500,CHN_3208,Jingling
way/784756905-500,CHN_3261,Jingling
way/323016549-500,CHN_3923,Hangzhou
way/147989359-500,CHN_3468,Wuhan
way/786190963-500,CHN_3162,Yingchuan
way/796851812-500,CHN_3522,Fuzhou
way/567304518-500,CHN_2276,Xichang
way/786190963-500,CHN_3216,Yingchuan
way/829750956-500,,Bayi
way/796851812-500,CHN_3415,Fuzhou
way/205965369-500,CHN_3309,Yiyang
way/796851812-500,CHN_3414,Fuzhou
way/796851812-500,CHN_3575,Fuzhou
CN7501-500,CHN_3109,Xiaoxita
way/451849406-500,CHN_2621,ZhongdongShequ
way/1347514254-500,CHN_3530,Luohe
way/786190963-500,CHN_3057,Yingchuan
way/860490885-500,CHN_3444,Beichengqu
way/860490885-500,CHN_3444,Beichengqu
way/860490885-500,CHN_3393,Beichengqu
way/860490885-500,CHN_3392,Beichengqu
way/909794907-500,CHN_3407,Shaoguan
way/786190963-500,CHN_3163,Yingchuan
way/786190963-500,CHN_3110,Yingchuan
CN4540-500,CHN_3011,Hejin
way/567304518-500,CHN_2318,Xichang
way/786190963-500,CHN_3221,Yingchuan
CN4540-500,CHN_3011,Hejin
CN3807-500,CHN_3275,Wuan
CN3807-500,CHN_3327,Wuan
CN3807-500,CHN_3379,Wuan
CN3807-500,CHN_3483,Wuan
CN3807-500,CHN_3379,Wuan
CN3807-500,CHN_3482,Wuan
CN4540-500,CHN_2795,Hejin
CN3807-500,CHN_3431,Wuan
way/821660572-500,CHN_2511,Sizhan
CN3807-500,CHN_3380,Wuan
CN3807-500,CHN_3380,Wuan
way/568247904-750,CHN_731,CHN44p7N89p1E
way/813559297-500,CHN_2324,Mianyang
way/813559297-500,CHN_2280,Mianyang
way/147989359-500,CHN_3523,Wuhan
way/909794907-500,CHN_3509,Shaoguan
way/909794907-500,wof-CHN_374,Shaoguan
way/821660572-500,CHN_2558,Sizhan
way/821660572-500,CHN_2558,Sizhan
way/821660572-500,CHN_2558,Sizhan
way/821660572-500,CHN_2558,Sizhan
way/821660572-500,CHN_2558,Sizhan
way/477823691-500,CHN_2179,Jinbi
way/821660572-500,CHN_2468,Sizhan
way/821660572-500,CHN_2560,Sizhan
way/821660572-500,CHN_2513,Sizhan
way/434717259-750,CHN_2507,Wulan
way/434717259-750,CHN_2598,Wulan
way/451849406-500,CHN_2478,ZhongdongShequ
way/451849406-500,CHN_2572,ZhongdongShequ
CN7723-500,CHN_3579,Anqing
way/829750956-500,CHN_1434,Bayi
way/829750956-500,,Bayi
way/680550135-500,CHN_4633,CHN45p9N129p3E
way/342544899-500,CHN_1810,Dayan
way/829750956-500,,Bayi
way/829750956-500,CHN_1539,Bayi
way/542699342-500,CHN_2825,Liuzhou
way/796851812-500,CHN_3515,Fuzhou
way/342544899-500,CHN_1710,Dayan
way/451849406-500,CHN_2665,ZhongdongShequ
way/821660572-500,CHN_2698,Sizhan
way/821660572-500,CHN_2470,Sizhan
way/821660572-500,CHN_2562,Sizhan
way/821660572-500,CHN_2562,Sizhan
way/821660572-500,CHN_2563,Sizhan
way/821660572-500,CHN_2564,Sizhan
way/821660572-500,CHN_2565,Sizhan
way/148727570-500,CHN_3718,Sanhe
way/148727570-500,CHN_3718,Sanhe
way/858207240-500,CHN_2919,Hohhot
CN7235-500,CHN_3700,Tongling
way/858207240-500,CHN_2862,Hohhot
way/858207240-500,CHN_2917,Hohhot
way/858207240-500,CHN_2862,Hohhot
way/858207240-500,CHN_2972,Hohhot
way/858207240-500,CHN_2972,Hohhot
way/858207240-500,CHN_2972,Hohhot
way/542699342-500,CHN_2877,Liuzhou
CN6419-500,CHN_3983,Yangzhou
way/858207240-500,CHN_2807,Hohhot
way/858207240-500,CHN_2914,Hohhot
way/858207240-500,CHN_2859,Hohhot
way/462823764-500,CHN_2877,Yangjiang
way/858207240-500,CHN_2860,Hohhot
way/858207240-500,CHN_2916,Hohhot
way/858207240-500,CHN_3023,Hohhot
way/858207240-500,CHN_3023,Hohhot
way/858207240-500,CHN_3022,Hohhot
way/858207240-500,CHN_3022,Hohhot
way/858207240-500,CHN_3072,Hohhot
way/858207240-500,CHN_3022,Hohhot
way/858207240-500,CHN_3073,Hohhot
way/858207240-500,CHN_3073,Hohhot
way/858207240-500,CHN_3074,Hohhot
way/860490885-500,CHN_3180,Beichengqu
way/858207240-500,CHN_3126,Hohhot
way/858207240-500,CHN_3127,Hohhot
way/858207240-500,CHN_3075,Hohhot
way/860490885-500,CHN_3182,Beichengqu
way/858207240-500,CHN_3128,Hohhot
way/858207240-500,CHN_3075,Hohhot
way/860490885-500,CHN_3233,Beichengqu
way/860490885-500,CHN_3233,Beichengqu
way/462823764-500,CHN_3191,Yangjiang
way/860490885-500,CHN_3288,Beichengqu
way/860490885-500,CHN_3235,Beichengqu
way/860490885-500,CHN_3286,Beichengqu
way/860490885-500,CHN_3185,Beichengqu
way/706692422-500,CHN_3552,CHN44p2N116p5E
way/706692422-500,CHN_3611,CHN44p2N116p5E
way/706692422-500,CHN_3611,CHN44p2N116p5E
way/706692422-500,CHN_3611,CHN44p2N116p5E
way/706692422-500,CHN_3670,CHN44p2N116p5E
way/864815732-500,CHN_4009,CHN44p4N121p8E
way/864815732-500,CHN_4062,CHN44p4N121p8E
way/462823764-500,CHN_3140,Yangjiang
CN7235-500,CHN_3700,Tongling
CN5526-500,CHN_3646,Tongshan
CN5526-500,CHN_3646,Tongshan
CN5526-500,CHN_3705,Tongshan
CN5526-500,CHN_3644,Tongshan
CN5526-500,CHN_3644,Tongshan
way/954148824-500,CHN_3871,Nanjing
CN5526-500,CHN_3818,Tongshan
way/567304518-500,CHN_2099,Xichang
way/577720180-500,CHN_3798,Putian
way/680550135-500,CHN_4709,CHN45p9N129p3E
way/577720180-500,CHN_3745,Putian
way/909794907-500,CHN_3298,Shaoguan
way/314288467-500,CHN_3708,Linyi
way/966809494-500,CHN_4027,Ningde
way/966809494-500,wof-CHN_484,Ningde
way/577720180-500,CHN_3798,Putian
way/956994043-500,CHN_3924,Yicheng
CN7235-500,CHN_3812,Tongling
way/399708539-750,CHN_174,Kuqa
way/399708539-750,CHN_60,Kuqa
way/304966072-500,CHN_4016,Yakeshi
way/477823691-500,CHN_2044,Jinbi
way/899674815-750,CHN_1968,Qabqa
way/909794907-500,CHN_3351,Shaoguan
way/909794907-500,CHN_3351,Shaoguan
way/909794907-500,CHN_3402,Shaoguan
way/577720180-500,CHN_3622,Putian
way/577720180-500,CHN_3622,Putian
way/567304518-500,CHN_2047,Xichang
way/909794907-500,CHN_3565,Shaoguan
way/909794907-500,CHN_3567,Shaoguan
way/909794907-500,CHN_3405,Shaoguan
way/909794907-500,CHN_3250,Shaoguan
way/909794907-500,CHN_3199,Shaoguan
way/966809494-500,CHN_3803,Ningde
way/451849406-500,CHN_2393,ZhongdongShequ
way/909794907-500,CHN_3196,Shaoguan
way/909794907-500,CHN_3142,Shaoguan
way/205965369-500,CHN_3203,Yiyang
way/954148824-500,CHN_3814,Nanjing
way/323016549-500,CHN_4086,Hangzhou
way/323016549-500,CHN_3977,Hangzhou
way/323016549-500,CHN_3863,Hangzhou
way/323016549-500,CHN_3919,Hangzhou
way/323016549-500,CHN_4140,Hangzhou
CN7235-500,CHN_3756,Tongling
CN7723-500,CHN_3698,Anqing
way/1014000730-500,CHN_3874,Rizhao
CN6623-500,CHN_4092,Nantong
way/1014000730-500,CHN_3989,Rizhao
way/1014000730-500,CHN_3932,Rizhao
way/1014000730-500,CHN_3933,Rizhao
way/462823764-500,CHN_3246,Yangjiang
way/462823764-500,CHN_3194,Yangjiang
way/451849406-500,CHN_2666,ZhongdongShequ
CN5526-500,CHN_3586,Tongshan
way/567304518-500,CHN_2230,Xichang
way/462823764-500,CHN_3193,Yangjiang
CN1211-500,CHN_4357,Liaoyang
way/462823764-500,CHN_3032,Yangjiang
way/147989359-500,CHN_3368,Wuhan
way/147989359-500,CHN_3369,Wuhan
way/796851812-500,CHN_3520,Fuzhou
CN7723-500,CHN_3809,Anqing
way/323016549-500,CHN_4031,Hangzhou
way/858207240-500,CHN_3019,Hohhot
way/954148824-500,CHN_3870,Nanjing
way/178865921-500,CHN_2355,Anshun
CN6419-500,CHN_3926,Yangzhou
CN3807-500,CHN_3278,Wuan
way/314288467-500,CHN_3820,Linyi
way/610573755-1000,CHN_3769,Zouping
way/956994043-500,CHN_3982,Yicheng
way/954148824-500,CHN_3870,Nanjing
way/127871762-500,CHN_3280,Shijiazhuang
way/462823764-500,CHN_2929,Yangjiang
way/956994043-500,CHN_3924,Yicheng
way/956994043-500,CHN_3981,Yicheng
way/956994043-500,CHN_3981,Yicheng
way/958041303-500,CHN_3063,Xiaoyi
CN5526-500,CHN_3587,Tongshan
way/462823764-500,CHN_2981,Yangjiang
way/462823764-500,CHN_3034,Yangjiang
way/578735778-500,CHN_2817,Fangchenggang
way/462823764-500,CHN_2929,Yangjiang
way/966809494-500,CHN_3971,Ningde
way/966809494-500,CHN_3972,Ningde
way/577720180-500,CHN_3798,Putian
way/577720180-500,CHN_3912,Putian
way/577720180-500,CHN_3969,Putian
way/796851812-500,CHN_3521,Fuzhou
way/342544899-500,,Dayan
way/899674815-750,CHN_2114,Qabqa
way/127871762-500,CHN_3488,Shijiazhuang
way/127871762-500,CHN_3490,Shijiazhuang
way/147989359-500,CHN_3419,Wuhan
way/784756905-500,CHN_3159,Jingling
way/133523400-500,CHN_3718,Tianjin
way/133523400-500,CHN_3718,Tianjin
way/1347514254-500,CHN_3374,Luohe
way/1347514254-500,CHN_3374,Luohe
way/1347514254-500,CHN_3425,Luohe
way/95783495-500,CHN_4237,Shanghai
way/568247904-750,CHN_1014,CHN44p7N89p1E
way/568247904-750,CHN_1195,CHN44p7N89p1E
way/304966072-500,CHN_4017,Yakeshi
way/133523400-500,CHN_3658,Tianjin
way/477823691-500,CHN_2042,Jinbi
way/1014000730-500,CHN_4043,Rizhao
way/477823691-500,CHN_2135,Jinbi
way/337055172-500,CHN_2492,Chongqing
way/1014000730-500,CHN_3993,Rizhao
way/899674815-750,,Qabqa
way/567304518-500,CHN_2225,Xichang
way/477823691-500,CHN_2222,Jinbi
way/337055172-500,CHN_2675,Chongqing
way/542699342-500,CHN_2938,Liuzhou
way/1284618409-750,CHN_1598,Yuanquan
way/899674815-750,CHN_1974,Qabqa
way/1014000730-500,CHN_3933,Rizhao
way/1014000730-500,CHN_3991,Rizhao
way/899674815-750,CHN_1968,Qabqa
way/610573755-1000,CHN_3882,Zouping
way/899674815-750,CHN_1918,Qabqa
way/706692422-500,CHN_3611,CHN44p2N116p5E
way/858207240-500,CHN_2968,Hohhot
way/577720180-500,CHN_3741,Putian
way/577720180-500,CHN_3740,Putian
way/577720180-500,wof-CHN_403,Putian
way/334186801-500,CHN_2175,Manlin
way/680550135-500,CHN_4751,CHN45p9N129p3E
way/680550135-500,CHN_4685,CHN45p9N129p3E
way/680550135-500,CHN_4739,CHN45p9N129p3E
way/158233113-500,CHN_4540,Harbin
way/1019608118-500,CHN_3941,Yanggezhuang
CN1981-500,CHN_3775,Tangshan
way/813559297-500,CHN_2369,Mianyang
way/813559297-500,CHN_2280,Mianyang
way/1014000730-500,CHN_4098,Rizhao
way/821660572-500,CHN_2802,Sizhan
way/1014000730-500,CHN_4200,Rizhao
way/1019608118-500,CHN_4151,Yanggezhuang
way/1019608118-500,CHN_4049,Yanggezhuang
way/568247904-750,CHN_1014,CHN44p7N89p1E
way/784756905-500,CHN_3266,Jingling
CN3807-500,CHN_3538,Wuan
way/567304518-500,CHN_2047,Xichang
way/337055172-500,CHN_2638,Chongqing
CN1981-500,CHN_3889,Tangshan
way/899674815-750,CHN_2068,Qabqa
way/1284618409-750,CHN_1658,Yuanquan
way/178865921-500,CHN_2444,Anshun
way/148727570-500,CHN_3663,Sanhe
CN3807-500,CHN_3225,Wuan
way/542699342-500,CHN_3038,Liuzhou
way/864815732-500,CHN_4164,CHN44p4N121p8E
way/610573755-1000,CHN_3824,Zouping
way/314288467-500,CHN_3879,Linyi
way/821660572-500,CHN_2561,Sizhan
way/542699342-500,CHN_2883,Liuzhou
way/578735778-500,CHN_2871,Fangchenggang
way/147989359-500,CHN_3316,Wuhan
way/147989359-500,CHN_3421,Wuhan
way/147989359-500,CHN_3368,Wuhan
way/477823691-500,CHN_2223,Jinbi
way/178865921-500,CHN_2310,Anshun
way/178865921-500,CHN_2355,Anshun
way/147989359-500,CHN_3314,Wuhan
way/95783495-500,CHN_4237,Shanghai
way/95783495-500,CHN_4191,Shanghai
way/567304518-500,CHN_2184,Xichang
way/813559297-500,CHN_2279,Mianyang
way/314288467-500,CHN_3877,Linyi
way/205965369-500,CHN_3206,Yiyang
way/205965369-500,CHN_3206,Yiyang
way/205965369-500,CHN_3149,Yiyang
way/909794907-500,CHN_3201,Shaoguan
way/304966072-500,CHN_4016,Yakeshi
way/864815732-500,CHN_4333,CHN44p4N121p8E
way/337055172-500,CHN_2629,Chongqing
way/95783495-500,CHN_4191,Shanghai
way/813559297-500,CHN_2278,Mianyang
way/813559297-500,CHN_2278,Mianyang
way/858207240-500,CHN_3071,Hohhot
way/334186801-500,CHN_1987,Manlin
way/147708063-500,CHN_4251,Anshan
way/434717259-750,CHN_2466,Wulan
way/829750956-500,,Bayi
way/829750956-500,,Bayi
way/304966072-500,CHN_4123,Yakeshi
way/813559297-500,CHN_2368,Mianyang
way/864815732-500,CHN_4256,CHN44p4N121p8E
way/205965369-500,CHN_3152,Yiyang
way/148727570-500,CHN_3443,Sanhe
way/462823764-500,CHN_3032,Yangjiang
way/314288467-500,CHN_3766,Linyi
way/706692422-500,CHN_3556,CHN44p2N116p5E
way/864815732-500,CHN_4370,CHN44p4N121p8E
way/178865921-500,CHN_2486,Anshun
way/362596150-500,CHN_3999,Shahezhai
way/796851812-500,CHN_3576,Fuzhou
way/796851812-500,CHN_3576,Fuzhou
way/1284618409-750,CHN_1598,Yuanquan
way/148727570-500,CHN_3551,Sanhe
way/314288467-500,CHN_3822,Linyi
way/163357515-500,CHN_4037,Changzhou
CN6623-500,CHN_4143,Nantong
CN6623-500,CHN_4143,Nantong
way/568247904-750,CHN_781,CHN44p7N89p1E
way/148727570-500,CHN_3547,Sanhe
way/148727570-500,CHN_3663,Sanhe
way/1014000730-500,CHN_4243,Rizhao
way/1014000730-500,CHN_4100,Rizhao
way/205965369-500,CHN_3152,Yiyang
way/706692422-500,CHN_3894,CHN44p2N116p5E
way/706692422-500,CHN_3724,CHN44p2N116p5E
way/860490885-500,CHN_3232,Beichengqu
way/821660572-500,CHN_2657,Sizhan
way/706692422-500,CHN_3397,CHN44p2N116p5E
way/864815732-500,CHN_4214,CHN44p4N121p8E
way/304966072-500,CHN_4339,Yakeshi
way/158233113-500,CHN_4576,Harbin
way/304966072-500,CHN_3795,Yakeshi
way/706692422-500,CHN_3446,CHN44p2N116p5E
way/864815732-500,CHN_4118,CHN44p4N121p8E
way/864815732-500,CHN_4116,CHN44p4N121p8E
way/1284618409-750,CHN_1377,Yuanquan
way/568247904-750,CHN_869,CHN44p7N89p1E
way/568247904-750,CHN_1148,CHN44p7N89p1E
way/147708063-500,CHN_4160,Anshan
way/706692422-500,CHN_3501,CHN44p2N116p5E
CN5526-500,CHN_3587,Tongshan
way/337055172-500,CHN_2493,Chongqing
way/434717259-750,CHN_2246,Wulan
way/954148824-500,CHN_3759,Nanjing
way/610573755-1000,CHN_3711,Zouping
way/610573755-1000,CHN_3713,Zouping
way/858207240-500,CHN_2808,Hohhot
way/610573755-1000,CHN_3651,Zouping
way/147989359-500,CHN_3314,Wuhan
way/1347514254-500,CHN_3429,Luohe
way/147989359-500,CHN_3371,Wuhan
way/163357515-500,CHN_4090,Changzhou
way/95783495-500,CHN_4140,Shanghai
way/786190963-500,CHN_3273,Yingchuan
way/577720180-500,CHN_3623,Putian
way/860490885-500,CHN_3442,Beichengqu
CN6623-500,CHN_4090,Nantong
way/148727570-500,CHN_3493,Sanhe
CN1981-500,CHN_3776,Tangshan
way/148727570-500,CHN_3550,Sanhe
way/148727570-500,CHN_3605,Sanhe
CN5526-500,CHN_3706,Tongshan
CN5526-500,CHN_3763,Tongshan
way/95783495-500,CHN_4194,Shanghai
way/95783495-500,CHN_4194,Shanghai
way/95783495-500,CHN_4143,Shanghai
CN1211-500,CHN_4416,Liaoyang
CN6623-500,CHN_4143,Nantong
way/899674815-750,CHN_2017,Qabqa
way/95783495-500,CHN_4142,Shanghai
CN6419-500,CHN_3926,Yangzhou
way/434717259-750,CHN_2467,Wulan
way/95783495-500,CHN_4143,Shanghai
CN7501-500,CHN_3006,Xiaoxita
way/337055172-500,CHN_2364,Chongqing
way/95783495-500,CHN_4193,Shanghai
way/95783495-500,CHN_4193,Shanghai
way/95783495-500,CHN_4193,Shanghai
way/95783495-500,CHN_4193,Shanghai
CN7501-500,CHN_2954,Xiaoxita
way/1014000730-500,CHN_3936,Rizhao
way/95783495-500,CHN_4193,Shanghai
way/133523400-500,CHN_3774,Tianjin
way/610573755-1000,CHN_3652,Zouping
CN3807-500,CHN_3433,Wuan
CN5526-500,CHN_3706,Tongshan
way/133523400-500,CHN_3658,Tianjin
way/133523400-500,CHN_3658,Tianjin
way/158233113-500,CHN_4484,Harbin
way/858207240-500,CHN_3021,Hohhot
way/954148824-500,CHN_3870,Nanjing
way/610573755-1000,CHN_3826,Zouping
way/147708063-500,CHN_4324,Anshan
way/147708063-500,CHN_4324,Anshan
way/95783495-500,CHN_4236,Shanghai
way/95783495-500,CHN_4236,Shanghai
way/148727570-500,CHN_3600,Sanhe
way/127871762-500,CHN_3437,Shijiazhuang
way/178865921-500,CHN_2400,Anshun
way/178865921-500,CHN_2442,Anshun
way/163357515-500,CHN_4038,Changzhou
way/163357515-500,CHN_4038,Changzhou
way/163357515-500,CHN_4038,Changzhou
way/163357515-500,CHN_4038,Changzhou
way/954148824-500,CHN_3870,Nanjing
CN1211-500,CHN_4416,Liaoyang
way/95783495-500,CHN_4236,Shanghai
way/95783495-500,CHN_4236,Shanghai
way/95783495-500,CHN_4236,Shanghai
way/95783495-500,CHN_4236,Shanghai
way/954148824-500,CHN_3813,Nanjing
way/954148824-500,CHN_3813,Nanjing
way/860490885-500,CHN_3177,Beichengqu
way/610573755-1000,CHN_3596,Zouping
way/610573755-1000,CHN_3596,Zouping
way/462823764-500,CHN_3298,Yangjiang
way/462823764-500,CHN_3298,Yangjiang
way/462823764-500,CHN_3298,Yangjiang
CN7501-500,CHN_3002,Xiaoxita
way/163357515-500,CHN_4037,Changzhou
way/163357515-500,CHN_3982,Changzhou
CN3807-500,CHN_3174,Wuan
CN6419-500,CHN_3926,Yangzhou
way/163357515-500,CHN_4038,Changzhou
way/323016549-500,CHN_4032,Hangzhou
way/163357515-500,CHN_4089,Changzhou
way/95783495-500,CHN_4192,Shanghai
CN7501-500,CHN_3002,Xiaoxita
CN7501-500,CHN_3003,Xiaoxita
CN7501-500,CHN_3002,Xiaoxita
way/323016549-500,CHN_3976,Hangzhou
CN6419-500,CHN_3926,Yangzhou
way/127871762-500,CHN_3175,Shijiazhuang
way/858207240-500,CHN_2913,Hohhot
way/147708063-500,CHN_4324,Anshan
way/147708063-500,CHN_4289,Anshan
way/147708063-500,CHN_4288,Anshan
way/567304518-500,CHN_2142,Xichang
CN1981-500,CHN_3888,Tangshan
way/133523400-500,CHN_3774,Tianjin
CN6419-500,CHN_3983,Yangzhou
way/127871762-500,CHN_3486,Shijiazhuang
way/323016549-500,CHN_4140,Hangzhou
way/323016549-500,CHN_4088,Hangzhou
way/577720180-500,CHN_3912,Putian
way/434717259-750,CHN_2205,Wulan
way/434717259-750,CHN_2205,Wulan
way/95783495-500,CHN_4141,Shanghai
way/821660572-500,CHN_2511,Sizhan
way/860490885-500,CHN_3177,Beichengqu
way/178865921-500,CHN_2311,Anshun
way/178865921-500,CHN_2311,Anshun
way/362596150-500,CHN_3948,Shahezhai
way/434717259-750,CHN_2552,Wulan
CN3807-500,CHN_3329,Wuan
way/542699342-500,CHN_2832,Liuzhou
way/542699342-500,CHN_2832,Liuzhou
way/542699342-500,CHN_2832,Liuzhou
way/1014000730-500,CHN_3992,Rizhao
way/899674815-750,CHN_2114,Qabqa
way/205965369-500,CHN_3048,Yiyang
CN7501-500,CHN_3002,Xiaoxita
way/158233113-500,CHN_4484,Harbin
way/158233113-500,CHN_4513,Harbin
way/796851812-500,CHN_3466,Fuzhou
way/860490885-500,CHN_3232,Beichengqu
way/314288467-500,CHN_3708,Linyi
way/337055172-500,CHN_2633,Chongqing
way/95783495-500,CHN_4236,Shanghai
way/567304518-500,CHN_2274,Xichang
way/567304518-500,CHN_2274,Xichang
way/148727570-500,CHN_3603,Sanhe
way/966809494-500,CHN_3970,Ningde
way/899674815-750,CHN_1974,Qabqa
way/95783495-500,CHN_4089,Shanghai
way/323016549-500,CHN_4088,Hangzhou
way/864815732-500,CHN_4255,CHN44p4N121p8E
CN7723-500,CHN_3699,Anqing
way/1284618409-750,CHN_1632,Yuanquan
way/1284618409-750,CHN_1740,Yuanquan
way/1284618409-750,CHN_1740,Yuanquan
way/147708063-500,CHN_4291,Anshan
way/1014000730-500,CHN_3992,Rizhao
CN3807-500,CHN_3174,Wuan
CN3807-500,CHN_3174,Wuan
way/568247904-750,CHN_868,CHN44p7N89p1E
way/342544899-500,CHN_1895,Dayan
way/1014000730-500,CHN_4047,Rizhao
way/205965369-500,CHN_3042,Yiyang
way/956994043-500,CHN_3923,Yicheng
way/323016549-500,CHN_3980,Hangzhou
way/1284618409-750,CHN_1785,Yuanquan
way/147708063-500,CHN_4289,Anshan
way/147708063-500,CHN_4289,Anshan
way/133523400-500,CHN_3774,Tianjin
way/133523400-500,CHN_3775,Tianjin
way/434717259-750,CHN_2163,Wulan
way/342544899-500,CHN_1852,Dayan
way/477823691-500,CHN_2133,Jinbi
way/178865921-500,CHN_2268,Anshun
way/477823691-500,CHN_2223,Jinbi
way/148727570-500,CHN_3601,Sanhe
way/148727570-500,CHN_3601,Sanhe
way/148727570-500,CHN_3601,Sanhe
way/148727570-500,CHN_3602,Sanhe
way/133523400-500,CHN_3774,Tianjin
way/148727570-500,CHN_3659,Sanhe
way/148727570-500,CHN_3602,Sanhe
way/148727570-500,CHN_3659,Sanhe
way/148727570-500,CHN_3602,Sanhe
way/148727570-500,CHN_3601,Sanhe
CN7235-500,CHN_3812,Tongling
way/954148824-500,CHN_3869,Nanjing
way/954148824-500,CHN_3869,Nanjing
way/954148824-500,CHN_3870,Nanjing
way/954148824-500,CHN_3870,Nanjing
way/954148824-500,CHN_3870,Nanjing
way/578735778-500,CHN_2713,Fangchenggang
way/95783495-500,CHN_4143,Shanghai
way/95783495-500,CHN_4142,Shanghai
way/796851812-500,CHN_3412,Fuzhou
CN6623-500,CHN_4091,Nantong
way/163357515-500,CHN_4038,Changzhou
way/1014000730-500,CHN_3932,Rizhao
way/323016549-500,CHN_4137,Hangzhou
way/95783495-500,CHN_4190,Shanghai
way/323016549-500,CHN_4138,Hangzhou
way/323016549-500,CHN_4138,Hangzhou
way/95783495-500,CHN_4142,Shanghai
way/958041303-500,CHN_3169,Xiaoyi
way/434717259-750,CHN_2553,Wulan
way/434717259-750,CHN_2553,Wulan
way/434717259-750,CHN_2506,Wulan
way/95783495-500,CHN_4141,Shanghai
way/95783495-500,CHN_4190,Shanghai
way/95783495-500,CHN_4190,Shanghai
way/434717259-750,CHN_2506,Wulan
way/858207240-500,CHN_3071,Hohhot
way/860490885-500,CHN_3177,Beichengqu
way/786190963-500,CHN_3274,Yingchuan
way/786190963-500,CHN_3272,Yingchuan
way/1347514254-500,CHN_3377,Luohe
way/334186801-500,CHN_1943,Manlin
way/821660572-500,CHN_2512,Sizhan
way/178865921-500,CHN_2311,Anshun
way/178865921-500,CHN_2398,Anshun
CN3807-500,CHN_3381,Wuan
CN3807-500,CHN_3329,Wuan
way/304966072-500,CHN_4069,Yakeshi
way/1014000730-500,CHN_4046,Rizhao
way/610573755-1000,CHN_3825,Zouping
way/610573755-1000,CHN_3882,Zouping
way/786190963-500,CHN_3273,Yingchuan
way/127871762-500,CHN_3435,Shijiazhuang
way/127871762-500,CHN_3436,Shijiazhuang
way/127871762-500,CHN_3384,Shijiazhuang
way/127871762-500,CHN_3384,Shijiazhuang
way/127871762-500,CHN_3384,Shijiazhuang
way/127871762-500,CHN_3384,Shijiazhuang
CN3807-500,CHN_3381,Wuan
way/1347514254-500,CHN_3377,Luohe
way/786190963-500,CHN_3273,Yingchuan
way/786190963-500,CHN_3220,Yingchuan
way/610573755-1000,CHN_3710,Zouping
CN5526-500,CHN_3649,Tongshan
way/610573755-1000,CHN_3710,Zouping
way/314288467-500,CHN_3708,Linyi
way/314288467-500,CHN_3877,Linyi
way/1014000730-500,CHN_4200,Rizhao
way/147989359-500,CHN_3316,Wuhan
way/1014000730-500,CHN_3988,Rizhao
CN1211-500,CHN_4358,Liaoyang
way/337055172-500,CHN_2535,Chongqing
way/178865921-500,CHN_2534,Anshun
way/706692422-500,CHN_3899,CHN44p2N116p5E
way/706692422-500,CHN_3896,CHN44p2N116p5E
way/864815732-500,CHN_4334,CHN44p4N121p8E
CN1211-500,CHN_4357,Liaoyang
way/786190963-500,CHN_3271,Yingchuan
way/1347514254-500,CHN_3323,Luohe
way/323016549-500,CHN_4034,Hangzhou
way/337055172-500,CHN_2633,Chongqing
CN3807-500,CHN_3174,Wuan
CN3807-500,CHN_3382,Wuan
CN3807-500,CHN_3382,Wuan
way/958041303-500,CHN_3169,Xiaoyi
way/323016549-500,CHN_4034,Hangzhou
way/323016549-500,CHN_4034,Hangzhou
way/323016549-500,CHN_4034,Hangzhou
way/956994043-500,CHN_4036,Yicheng
way/323016549-500,CHN_4035,Hangzhou
way/323016549-500,CHN_4035,Hangzhou
way/323016549-500,CHN_4034,Hangzhou
way/323016549-500,CHN_4140,Hangzhou
way/323016549-500,CHN_4035,Hangzhou
way/323016549-500,CHN_4034,Hangzhou
way/323016549-500,CHN_4034,Hangzhou
way/323016549-500,CHN_4034,Hangzhou
way/323016549-500,CHN_4034,Hangzhou
way/323016549-500,CHN_4086,Hangzhou
way/323016549-500,CHN_4086,Hangzhou
way/323016549-500,CHN_4086,Hangzhou
way/95783495-500,CHN_4190,Shanghai
way/95783495-500,CHN_4190,Shanghai
way/95783495-500,CHN_4190,Shanghai
way/95783495-500,CHN_4190,Shanghai
way/323016549-500,CHN_4189,Hangzhou
way/323016549-500,CHN_4087,Hangzhou
way/95783495-500,CHN_4190,Shanghai
way/966809494-500,CHN_4136,Ningde
way/567304518-500,CHN_2100,Xichang
way/434717259-750,CHN_2468,Wulan
way/323016549-500,CHN_4033,Hangzhou
way/323016549-500,CHN_4190,Hangzhou
way/323016549-500,CHN_4190,Hangzhou
way/323016549-500,CHN_4137,Hangzhou
way/323016549-500,CHN_4137,Hangzhou
way/323016549-500,CHN_4137,Hangzhou
way/323016549-500,CHN_4032,Hangzhou
way/323016549-500,CHN_4033,Hangzhou
way/323016549-500,CHN_4085,Hangzhou
way/786190963-500,CHN_3325,Yingchuan
way/148727570-500,CHN_3545,Sanhe
way/610573755-1000,CHN_3594,Zouping
CN1981-500,CHN_3829,Tangshan
way/127871762-500,CHN_3385,Shijiazhuang
way/133523400-500,CHN_3717,Tianjin
way/148727570-500,CHN_3719,Sanhe
CN5526-500,CHN_3702,Tongshan
CN5526-500,CHN_3702,Tongshan
way/147708063-500,CHN_4206,Anshan
way/362596150-500,CHN_3948,Shahezhai
way/337055172-500,CHN_2449,Chongqing
CN7235-500,CHN_3701,Tongling
CN7235-500,CHN_3701,Tongling
way/133523400-500,CHN_3772,Tianjin
way/796851812-500,CHN_3468,Fuzhou
way/567304518-500,CHN_2144,Xichang
CN6623-500,CHN_4091,Nantong
way/858207240-500,CHN_2913,Hohhot
way/434717259-750,CHN_2162,Wulan
way/342544899-500,CHN_1898,Dayan
way/342544899-500,CHN_1947,Dayan
way/786190963-500,CHN_3325,Yingchuan
way/477823691-500,CHN_2135,Jinbi
way/477823691-500,CHN_2135,Jinbi
way/148727570-500,CHN_3778,Sanhe
way/786190963-500,CHN_3274,Yingchuan
way/567304518-500,CHN_2228,Xichang
way/323016549-500,CHN_4088,Hangzhou
CN7723-500,CHN_3579,Anqing
way/956994043-500,CHN_3925,Yicheng
CN7501-500,CHN_3002,Xiaoxita
way/95783495-500,CHN_4195,Shanghai
way/577720180-500,CHN_3855,Putian
way/577720180-500,CHN_3854,Putian
way/577720180-500,CHN_3854,Putian
way/577720180-500,CHN_3798,Putian
way/577720180-500,CHN_3856,Putian
way/362596150-500,CHN_4051,Shahezhai
way/362596150-500,CHN_3997,Shahezhai
CN7501-500,CHN_3051,Xiaoxita
way/337055172-500,CHN_2540,Chongqing
way/133523400-500,CHN_3658,Tianjin
way/337055172-500,CHN_2449,Chongqing
way/477823691-500,CHN_2178,Jinbi
way/577720180-500,CHN_3854,Putian
CN1211-500,CHN_4326,Liaoyang
way/158233113-500,CHN_4541,Harbin
way/1014000730-500,CHN_4098,Rizhao
way/337055172-500,CHN_2587,Chongqing
way/567304518-500,CHN_2096,Xichang
way/567304518-500,CHN_2096,Xichang
way/567304518-500,CHN_2096,Xichang
way/158233113-500,CHN_4455,Harbin
CN1211-500,CHN_4391,Liaoyang
CN1211-500,CHN_4389,Liaoyang
CN1211-500,CHN_4389,Liaoyang
CN1211-500,CHN_4390,Liaoyang
CN6419-500,CHN_3872,Yangzhou
way/477823691-500,CHN_2179,Jinbi
way/477823691-500,CHN_2135,Jinbi
way/477823691-500,CHN_2134,Jinbi
way/334186801-500,CHN_2307,Manlin
CN5526-500,CHN_3644,Tongshan
CN5526-500,CHN_3703,Tongshan
way/1014000730-500,CHN_3931,Rizhao
way/567304518-500,CHN_2318,Xichang
way/323016549-500,CHN_4140,Hangzhou
way/399708539-750,CHN_592,Kuqa
way/567304518-500,CHN_2188,Xichang
way/567304518-500,CHN_2188,Xichang
way/567304518-500,CHN_2274,Xichang
way/1284618409-750,CHN_1563,Yuanquan
way/158233113-500,CHN_4544,Harbin
way/158233113-500,CHN_4544,Harbin
way/434717259-750,CHN_2334,Wulan
way/786190963-500,CHN_3216,Yingchuan
way/786190963-500,CHN_3218,Yingchuan
way/567304518-500,CHN_2144,Xichang
way/127871762-500,CHN_3388,Shijiazhuang
way/148727570-500,CHN_3546,Sanhe
way/334186801-500,CHN_1941,Manlin
way/567304518-500,CHN_2140,Xichang
way/567304518-500,CHN_2185,Xichang
way/567304518-500,CHN_2185,Xichang
way/567304518-500,CHN_2185,Xichang
way/323016549-500,CHN_4088,Hangzhou
way/95783495-500,CHN_4141,Shanghai
way/956994043-500,CHN_3980,Yicheng
CN7235-500,CHN_3812,Tongling
way/323016549-500,CHN_3979,Hangzhou
way/567304518-500,CHN_2096,Xichang
way/567304518-500,CHN_2047,Xichang
way/813559297-500,CHN_2101,Mianyang
way/178865921-500,CHN_2310,Anshun
way/567304518-500,CHN_2275,Xichang
way/178865921-500,CHN_2357,Anshun
way/909794907-500,CHN_3299,Shaoguan
way/909794907-500,CHN_3298,Shaoguan
way/909794907-500,CHN_3298,Shaoguan
way/909794907-500,CHN_3247,Shaoguan
way/462823764-500,CHN_3246,Yangjiang
way/462823764-500,CHN_3245,Yangjiang
CN5526-500,CHN_3643,Tongshan
way/568247904-750,CHN_868,CHN44p7N89p1E
way/434717259-750,CHN_2246,Wulan
way/434717259-750,CHN_2418,Wulan
CN7235-500,CHN_3867,Tongling
CN6623-500,CHN_4144,Nantong
CN6623-500,CHN_4144,Nantong
way/323016549-500,CHN_4085,Hangzhou
way/567304518-500,CHN_2232,Xichang
way/567304518-500,CHN_2188,Xichang
way/567304518-500,CHN_2188,Xichang
way/567304518-500,CHN_2188,Xichang
way/567304518-500,CHN_2188,Xichang
CN3807-500,CHN_3224,Wuan
CN3807-500,CHN_3277,Wuan
CN3807-500,CHN_3277,Wuan
CN3807-500,CHN_3224,Wuan
CN3807-500,CHN_3225,Wuan
way/567304518-500,CHN_2144,Xichang
way/966809494-500,CHN_4135,Ningde
way/899674815-750,CHN_1925,Qabqa
way/362596150-500,CHN_3947,Shahezhai
way/477823691-500,CHN_2132,Jinbi
way/178865921-500,CHN_2310,Anshun
way/178865921-500,CHN_2269,Anshun
CN7501-500,CHN_3052,Xiaoxita
way/337055172-500,CHN_2628,Chongqing
CN5526-500,CHN_3703,Tongshan
CN7235-500,CHN_3868,Tongling
CN7235-500,CHN_3868,Tongling
CN7235-500,CHN_3868,Tongling
way/477823691-500,CHN_2044,Jinbi
way/567304518-500,CHN_2144,Xichang
way/567304518-500,CHN_2144,Xichang
way/567304518-500,CHN_2144,Xichang
way/567304518-500,CHN_2144,Xichang
way/323016549-500,CHN_3980,Hangzhou
way/813559297-500,CHN_2190,Mianyang
way/477823691-500,CHN_2178,Jinbi
way/477823691-500,CHN_2177,Jinbi
way/477823691-500,CHN_2178,Jinbi
way/813559297-500,CHN_2101,Mianyang
way/567304518-500,CHN_1998,Xichang
way/542699342-500,CHN_2777,Liuzhou
way/342544899-500,CHN_1854,Dayan
way/342544899-500,,Dayan
CN7501-500,CHN_2895,Xiaoxita
way/542699342-500,CHN_2826,Liuzhou
way/542699342-500,CHN_2772,Liuzhou
way/178865921-500,CHN_2310,Anshun
way/323016549-500,CHN_3979,Hangzhou
way/342544899-500,CHN_1809,Dayan
way/127871762-500,CHN_3333,Shijiazhuang
way/567304518-500,CHN_2099,Xichang
way/434717259-750,CHN_2205,Wulan
way/958041303-500,CHN_3116,Xiaoyi
CN3807-500,CHN_3173,Wuan
way/860490885-500,CHN_3178,Beichengqu
way/958041303-500,CHN_3222,Xiaoyi
way/860490885-500,CHN_3176,Beichengqu
way/127871762-500,CHN_3281,Shijiazhuang
CN7723-500,CHN_3809,Anqing
way/821660572-500,CHN_2857,Sizhan
CN4540-500,CHN_2904,Hejin
way/784756905-500,CHN_3157,Jingling
CN4540-500,CHN_2741,Hejin
CN7235-500,CHN_3701,Tongling
CN7235-500,CHN_3700,Tongling
CN5526-500,CHN_3531,Tongshan
way/567304518-500,CHN_2188,Xichang
way/567304518-500,CHN_2187,Xichang
way/567304518-500,CHN_2231,Xichang
way/567304518-500,CHN_2231,Xichang
way/567304518-500,CHN_2185,Xichang
way/567304518-500,CHN_2186,Xichang
way/567304518-500,CHN_2186,Xichang
way/567304518-500,CHN_2186,Xichang
way/567304518-500,CHN_2186,Xichang
way/567304518-500,CHN_2185,Xichang
way/567304518-500,CHN_2230,Xichang
way/567304518-500,CHN_2140,Xichang
way/567304518-500,CHN_2140,Xichang
way/567304518-500,CHN_2139,Xichang
way/362596150-500,CHN_4203,Shahezhai
way/342544899-500,CHN_1949,Dayan
way/567304518-500,CHN_1998,Xichang
way/178865921-500,CHN_2357,Anshun
way/577720180-500,CHN_3797,Putian
way/577720180-500,CHN_3741,Putian
way/337055172-500,CHN_2489,Chongqing
way/337055172-500,CHN_2490,Chongqing
way/337055172-500,CHN_2490,Chongqing
way/337055172-500,CHN_2537,Chongqing
way/337055172-500,CHN_2537,Chongqing
way/577720180-500,CHN_3855,Putian
way/577720180-500,CHN_3855,Putian
way/578735778-500,CHN_2663,Fangchenggang
way/477823691-500,CHN_2134,Jinbi
way/477823691-500,CHN_2223,Jinbi
way/966809494-500,CHN_4082,Ningde
way/337055172-500,CHN_2680,Chongqing
way/178865921-500,CHN_2487,Anshun
way/178865921-500,CHN_2400,Anshun
way/178865921-500,CHN_2399,Anshun
way/434717259-750,CHN_2468,Wulan
way/334186801-500,CHN_1937,Manlin
way/334186801-500,CHN_1937,Manlin
way/966809494-500,CHN_4135,Ningde
way/304966072-500,CHN_4305,Yakeshi
way/337055172-500,CHN_2542,Chongqing
way/796851812-500,CHN_3521,Fuzhou
way/796851812-500,CHN_3521,Fuzhou
way/796851812-500,CHN_3634,Fuzhou
way/323016549-500,CHN_3977,Hangzhou
way/323016549-500,CHN_3919,Hangzhou
way/323016549-500,CHN_3863,Hangzhou
way/323016549-500,CHN_3976,Hangzhou
CN5526-500,CHN_3643,Tongshan
CN5526-500,CHN_3643,Tongshan
CN1211-500,CHN_4388,Liaoyang
way/147708063-500,CHN_4246,Anshan
way/1014000730-500,CHN_3992,Rizhao
way/899674815-750,CHN_2067,Qabqa
CN5526-500,CHN_3592,Tongshan
CN5526-500,CHN_3537,Tongshan
CN5526-500,CHN_3536,Tongshan
way/314288467-500,CHN_3880,Linyi
way/205965369-500,CHN_3150,Yiyang
way/205965369-500,CHN_3203,Yiyang
CN7501-500,CHN_3002,Xiaoxita
CN7501-500,CHN_3002,Xiaoxita
way/567304518-500,CHN_2095,Xichang
way/567304518-500,CHN_2095,Xichang
CN1981-500,CHN_3776,Tangshan
way/337055172-500,CHN_2680,Chongqing
way/127871762-500,CHN_3492,Shijiazhuang
CN1211-500,CHN_4387,Liaoyang
way/958041303-500,CHN_3120,Xiaoyi
way/133523400-500,CHN_3657,Tianjin
way/133523400-500,CHN_3657,Tianjin
way/706692422-500,CHN_3609,CHN44p2N116p5E
way/434717259-750,CHN_2508,Wulan
CN1211-500,CHN_4388,Liaoyang
CN1211-500,CHN_4357,Liaoyang
CN1211-500,CHN_4357,Liaoyang
CN1211-500,CHN_4357,Liaoyang
way/568247904-750,CHN_869,CHN44p7N89p1E
way/323016549-500,CHN_3976,Hangzhou
way/147708063-500,CHN_4324,Anshan
way/147708063-500,CHN_4324,Anshan
way/796851812-500,CHN_3467,Fuzhou
way/147708063-500,CHN_4246,Anshan
way/95783495-500,CHN_4190,Shanghai
way/133523400-500,CHN_3658,Tianjin
way/568247904-750,CHN_820,CHN44p7N89p1E
way/337055172-500,CHN_2449,Chongqing
way/362596150-500,CHN_3997,Shahezhai
way/362596150-500,CHN_4051,Shahezhai
way/362596150-500,CHN_4054,Shahezhai
way/958041303-500,CHN_3121,Xiaoyi
way/147708063-500,CHN_4323,Anshan
way/342544899-500,CHN_1949,Dayan
way/958041303-500,CHN_3065,Xiaoyi
way/95783495-500,CHN_4189,Shanghai
way/680550135-500,CHN_4710,CHN45p9N129p3E
way/680550135-500,CHN_4711,CHN45p9N129p3E
way/966809494-500,CHN_4082,Ningde
way/966809494-500,CHN_4082,Ningde
way/966809494-500,wof-CHN_509,Ningde
way/966809494-500,CHN_4081,Ningde
way/966809494-500,wof-CHN_509,Ningde
way/966809494-500,CHN_4082,Ningde
way/966809494-500,wof-CHN_509,Ningde
CN1981-500,CHN_3887,Tangshan
CN1211-500,CHN_4358,Liaoyang
CN1211-500,CHN_4391,Liaoyang
CN1211-500,CHN_4326,Liaoyang
way/477823691-500,CHN_2045,Jinbi
way/477823691-500,CHN_2093,Jinbi
way/148727570-500,CHN_3721,Sanhe
way/148727570-500,CHN_3721,Sanhe
CN1981-500,CHN_3777,Tangshan
CN1981-500,CHN_3829,Tangshan
way/477823691-500,CHN_2135,Jinbi
way/1284618409-750,CHN_1390,Yuanquan
way/127871762-500,CHN_3440,Shijiazhuang
way/796851812-500,CHN_3520,Fuzhou
way/796851812-500,CHN_3750,Fuzhou
CN7723-500,CHN_3810,Anqing
way/954148824-500,CHN_3814,Nanjing
way/148727570-500,CHN_3491,Sanhe
way/127871762-500,CHN_3440,Shijiazhuang
CN4540-500,CHN_3013,Hejin
CN4540-500,CHN_3013,Hejin
way/323016549-500,CHN_4086,Hangzhou
way/434717259-750,CHN_2553,Wulan
CN4540-500,CHN_2692,Hejin
way/434717259-750,CHN_2508,Wulan
way/434717259-750,CHN_2508,Wulan
way/434717259-750,CHN_2464,Wulan
way/610573755-1000,CHN_3825,Zouping
way/610573755-1000,CHN_3880,Zouping
way/610573755-1000,CHN_3880,Zouping
way/610573755-1000,CHN_3824,Zouping
way/314288467-500,CHN_3824,Linyi
way/577720180-500,CHN_3855,Putian
way/567304518-500,CHN_2095,Xichang
way/909794907-500,CHN_3409,Shaoguan
way/909794907-500,CHN_3409,Shaoguan
way/205965369-500,CHN_3207,Yiyang
way/864815732-500,CHN_4254,CHN44p4N121p8E
way/127871762-500,CHN_3439,Shijiazhuang
way/133523400-500,CHN_3658,Tianjin
way/133523400-500,CHN_3658,Tianjin
way/133523400-500,CHN_3657,Tianjin
way/610573755-1000,CHN_3712,Zouping
way/610573755-1000,CHN_3712,Zouping
way/610573755-1000,CHN_3768,Zouping
way/610573755-1000,CHN_3768,Zouping
way/610573755-1000,CHN_3768,Zouping
way/610573755-1000,CHN_3768,Zouping
way/610573755-1000,CHN_3768,Zouping
way/610573755-1000,CHN_3824,Zouping
way/127871762-500,CHN_3435,Shijiazhuang
way/127871762-500,CHN_3435,Shijiazhuang
CN3807-500,CHN_3383,Wuan
CN3807-500,CHN_3331,Wuan
CN3807-500,CHN_3331,Wuan
way/958041303-500,CHN_3067,Xiaoyi
way/127871762-500,CHN_3545,Shijiazhuang
way/127871762-500,CHN_3544,Shijiazhuang
way/127871762-500,CHN_3544,Shijiazhuang
way/127871762-500,CHN_3543,Shijiazhuang
way/860490885-500,CHN_3230,Beichengqu
CN5526-500,CHN_3591,Tongshan
way/858207240-500,CHN_3125,Hohhot
way/860490885-500,CHN_3178,Beichengqu
way/860490885-500,CHN_3177,Beichengqu
way/860490885-500,CHN_3177,Beichengqu
way/858207240-500,CHN_3072,Hohhot
way/133523400-500,CHN_3598,Tianjin
way/127871762-500,CHN_3543,Shijiazhuang
way/434717259-750,CHN_2418,Wulan
way/966809494-500,CHN_4081,Ningde
way/966809494-500,wof-CHN_509,Ningde
way/966809494-500,CHN_4082,Ningde
way/909794907-500,CHN_3200,Shaoguan
way/1014000730-500,CHN_4198,Rizhao
way/337055172-500,CHN_2540,Chongqing
way/342544899-500,CHN_1900,Dayan
way/342544899-500,CHN_1898,Dayan
way/451849406-500,CHN_2436,ZhongdongShequ
way/178865921-500,CHN_2360,Anshun
CN7235-500,CHN_3701,Tongling
way/178865921-500,CHN_2361,Anshun
way/334186801-500,CHN_2177,Manlin
way/342544899-500,CHN_1951,Dayan
way/567304518-500,CHN_1951,Xichang
way/567304518-500,CHN_1999,Xichang
way/567304518-500,CHN_2142,Xichang
way/567304518-500,CHN_2142,Xichang
way/567304518-500,CHN_2096,Xichang
CN7501-500,CHN_3003,Xiaoxita
CN7501-500,CHN_3052,Xiaoxita
way/567304518-500,CHN_2096,Xichang
way/567304518-500,CHN_2141,Xichang
way/567304518-500,CHN_2141,Xichang
way/567304518-500,CHN_2141,Xichang
way/860490885-500,CHN_3232,Beichengqu
way/567304518-500,CHN_2185,Xichang
CN7723-500,CHN_3695,Anqing
way/567304518-500,CHN_2095,Xichang
way/567304518-500,CHN_2095,Xichang
way/813559297-500,CHN_2496,Mianyang
way/813559297-500,CHN_2408,Mianyang
way/786190963-500,CHN_3114,Yingchuan
way/337055172-500,CHN_2450,Chongqing
way/813559297-500,CHN_2496,Mianyang
way/864815732-500,CHN_4256,CHN44p4N121p8E
way/864815732-500,CHN_4214,CHN44p4N121p8E
way/158233113-500,CHN_4484,Harbin
way/158233113-500,CHN_4454,Harbin
way/158233113-500,CHN_4567,Harbin
way/158233113-500,CHN_4541,Harbin
way/158233113-500,CHN_4566,Harbin
way/786190963-500,CHN_3167,Yingchuan
way/786190963-500,CHN_3114,Yingchuan
way/958041303-500,CHN_3167,Xiaoyi
way/958041303-500,CHN_3167,Xiaoyi
way/786190963-500,CHN_3273,Yingchuan
way/786190963-500,CHN_3273,Yingchuan
way/786190963-500,CHN_3274,Yingchuan
way/337055172-500,CHN_2493,Chongqing
way/323016549-500,CHN_4033,Hangzhou
way/323016549-500,CHN_4033,Hangzhou
way/323016549-500,CHN_3977,Hangzhou
way/323016549-500,CHN_3977,Hangzhou
way/323016549-500,CHN_3976,Hangzhou
way/323016549-500,CHN_3976,Hangzhou
way/323016549-500,CHN_3976,Hangzhou
way/323016549-500,CHN_3976,Hangzhou
way/323016549-500,CHN_3976,Hangzhou
way/323016549-500,CHN_3976,Hangzhou
way/323016549-500,CHN_3976,Hangzhou
CN7235-500,CHN_3812,Tongling
CN7235-500,CHN_3756,Tongling
CN7235-500,CHN_3701,Tongling
CN5526-500,CHN_3703,Tongshan
CN5526-500,CHN_3703,Tongshan
CN5526-500,CHN_3703,Tongshan
CN5526-500,CHN_3703,Tongshan
CN5526-500,CHN_3703,Tongshan
way/954148824-500,CHN_3816,Nanjing
way/954148824-500,CHN_3816,Nanjing
CN6419-500,CHN_3928,Yangzhou
CN6419-500,CHN_3928,Yangzhou
CN6419-500,CHN_3985,Yangzhou
way/133523400-500,CHN_3658,Tianjin
way/860490885-500,CHN_3231,Beichengqu
way/133523400-500,CHN_3600,Tianjin
way/133523400-500,CHN_3600,Tianjin
way/1014000730-500,CHN_3936,Rizhao
way/127871762-500,CHN_3487,Shijiazhuang
way/127871762-500,CHN_3487,Shijiazhuang
CN3807-500,CHN_3173,Wuan
CN5526-500,CHN_3643,Tongshan
CN5526-500,CHN_3644,Tongshan
CN5526-500,CHN_3643,Tongshan
CN6419-500,CHN_3929,Yangzhou
way/786190963-500,CHN_3273,Yingchuan
way/786190963-500,CHN_3274,Yingchuan
way/786190963-500,CHN_3273,Yingchuan
way/786190963-500,CHN_3273,Yingchuan
way/786190963-500,CHN_3273,Yingchuan
way/786190963-500,CHN_3273,Yingchuan
way/786190963-500,CHN_3273,Yingchuan
way/786190963-500,CHN_3325,Yingchuan
way/966809494-500,CHN_3970,Ningde
way/966809494-500,wof-CHN_483,Ningde
way/966809494-500,CHN_3970,Ningde
way/966809494-500,CHN_3913,Ningde
CN7501-500,CHN_3002,Xiaoxita
way/786190963-500,CHN_3272,Yingchuan
way/786190963-500,CHN_3272,Yingchuan
way/786190963-500,CHN_3272,Yingchuan
way/784756905-500,CHN_3104,Jingling
way/1347514254-500,CHN_3429,Luohe
CN7501-500,CHN_2894,Xiaoxita
CN7501-500,CHN_3001,Xiaoxita
way/323016549-500,CHN_3976,Hangzhou
way/966809494-500,CHN_3975,Ningde
way/784756905-500,CHN_3103,Jingling
way/567304518-500,CHN_2190,Xichang
CN7501-500,CHN_2895,Xiaoxita
CN7501-500,CHN_2895,Xiaoxita
way/567304518-500,CHN_2144,Xichang
way/567304518-500,CHN_2144,Xichang
way/567304518-500,CHN_2144,Xichang
way/567304518-500,CHN_2144,Xichang
way/786190963-500,CHN_3166,Yingchuan
way/813559297-500,CHN_2190,Mianyang
way/567304518-500,CHN_2190,Xichang
way/786190963-500,CHN_3218,Yingchuan
way/786190963-500,CHN_3271,Yingchuan
way/148727570-500,CHN_3660,Sanhe
way/1347514254-500,CHN_3480,Luohe
way/205965369-500,CHN_3048,Yiyang
way/205965369-500,CHN_3205,Yiyang
way/567304518-500,CHN_2232,Xichang
CN3807-500,CHN_3223,Wuan
way/1347514254-500,CHN_3322,Luohe
way/1347514254-500,CHN_3323,Luohe
way/1347514254-500,CHN_3376,Luohe
way/205965369-500,CHN_3206,Yiyang
way/205965369-500,CHN_3205,Yiyang
way/1347514254-500,CHN_3427,Luohe
way/1347514254-500,CHN_3375,Luohe
way/205965369-500,CHN_3206,Yiyang
way/813559297-500,CHN_2277,Mianyang
way/205965369-500,CHN_3048,Yiyang
way/205965369-500,CHN_3150,Yiyang
CN4540-500,CHN_2795,Hejin
CN4540-500,CHN_2848,Hejin
CN4540-500,CHN_2796,Hejin
CN4540-500,CHN_2795,Hejin
CN4540-500,CHN_2691,Hejin
way/434717259-750,CHN_2646,Wulan
way/542699342-500,CHN_2725,Liuzhou
way/542699342-500,CHN_2832,Liuzhou
way/567304518-500,CHN_2232,Xichang
way/567304518-500,CHN_2231,Xichang
way/337055172-500,CHN_2407,Chongqing
way/148727570-500,CHN_3493,Sanhe
way/205965369-500,CHN_3257,Yiyang
way/784756905-500,CHN_3261,Jingling
CN7235-500,CHN_3755,Tongling
way/796851812-500,CHN_3522,Fuzhou
way/786190963-500,CHN_3216,Yingchuan
way/966809494-500,CHN_3803,Ningde
way/786190963-500,CHN_3163,Yingchuan
way/829750956-500,,Bayi
way/205965369-500,CHN_3309,Yiyang
way/205965369-500,CHN_3310,Yiyang
way/796851812-500,CHN_3412,Fuzhou
way/567304518-500,CHN_2318,Xichang
way/567304518-500,CHN_2274,Xichang
way/909794907-500,CHN_3409,Shaoguan
way/909794907-500,CHN_3408,Shaoguan
way/909794907-500,CHN_3407,Shaoguan
way/127871762-500,CHN_3491,Shijiazhuang
CN6623-500,CHN_4144,Nantong
CN6623-500,CHN_4144,Nantong
CN4540-500,CHN_2904,Hejin
way/786190963-500,CHN_3326,Yingchuan
CN3807-500,CHN_3430,Wuan
CN3807-500,CHN_3430,Wuan
way/148727570-500,CHN_3600,Sanhe
way/148727570-500,CHN_3600,Sanhe
way/148727570-500,CHN_3600,Sanhe
way/158233113-500,CHN_4544,Harbin
way/158233113-500,CHN_4544,Harbin
way/158233113-500,CHN_4516,Harbin
CN3807-500,CHN_3327,Wuan
way/342544899-500,CHN_1799,Dayan
CN3807-500,CHN_3379,Wuan
way/813559297-500,CHN_2322,Mianyang
CN3807-500,CHN_3483,Wuan
CN3807-500,CHN_3483,Wuan
CN3807-500,CHN_3431,Wuan
CN3807-500,CHN_3380,Wuan
way/323016549-500,CHN_4137,Hangzhou
way/337055172-500,CHN_2780,Chongqing
way/337055172-500,CHN_2537,Chongqing
way/813559297-500,CHN_2190,Mianyang
way/337055172-500,CHN_2587,Chongqing
way/821660572-500,CHN_2558,Sizhan
way/821660572-500,CHN_2558,Sizhan
way/821660572-500,CHN_2558,Sizhan
way/821660572-500,CHN_2469,Sizhan
way/821660572-500,CHN_2513,Sizhan
way/821660572-500,CHN_2559,Sizhan
way/821660572-500,CHN_2559,Sizhan
way/821660572-500,CHN_2512,Sizhan
way/821660572-500,CHN_2512,Sizhan
way/821660572-500,CHN_2559,Sizhan
way/821660572-500,CHN_2559,Sizhan
way/821660572-500,CHN_2560,Sizhan
way/821660572-500,CHN_2560,Sizhan
way/829750956-500,CHN_1434,Bayi
way/95783495-500,CHN_4237,Shanghai
CN7723-500,CHN_3751,Anqing
way/858207240-500,CHN_3020,Hohhot
way/858207240-500,CHN_2968,Hohhot
way/95783495-500,CHN_4236,Shanghai
way/829750956-500,,Bayi
way/95783495-500,CHN_4141,Shanghai
way/829750956-500,,Bayi
way/829750956-500,,Bayi
way/829750956-500,CHN_1435,Bayi
way/829750956-500,CHN_1470,Bayi
way/829750956-500,CHN_1539,Bayi
way/342544899-500,CHN_1810,Dayan
way/829750956-500,,Bayi
way/829750956-500,,Bayi
way/829750956-500,,Bayi
way/829750956-500,,Bayi
way/829750956-500,CHN_1539,Bayi
way/829750956-500,CHN_1539,Bayi
way/567304518-500,CHN_1951,Xichang
way/342544899-500,,Dayan
way/342544899-500,,Dayan
way/542699342-500,CHN_2990,Liuzhou
way/342544899-500,CHN_1946,Dayan
way/323016549-500,CHN_4085,Hangzhou
way/323016549-500,CHN_4138,Hangzhou
way/821660572-500,CHN_2562,Sizhan
way/858207240-500,CHN_2862,Hohhot
way/858207240-500,CHN_2917,Hohhot
way/858207240-500,CHN_2916,Hohhot
way/858207240-500,CHN_2972,Hohhot
way/858207240-500,CHN_2917,Hohhot
way/858207240-500,CHN_2972,Hohhot
way/542699342-500,CHN_2877,Liuzhou
CN6419-500,CHN_3926,Yangzhou
CN6419-500,CHN_3926,Yangzhou
CN4540-500,CHN_2644,Hejin
way/1347514254-500,CHN_3477,Luohe
way/858207240-500,CHN_3023,Hohhot
way/858207240-500,CHN_3074,Hohhot
way/858207240-500,CHN_3127,Hohhot
way/858207240-500,CHN_3127,Hohhot
way/858207240-500,CHN_3075,Hohhot
way/860490885-500,CHN_3233,Beichengqu
way/860490885-500,CHN_3233,Beichengqu
way/860490885-500,CHN_3389,Beichengqu
way/860490885-500,CHN_3338,Beichengqu
way/860490885-500,CHN_3288,Beichengqu
way/706692422-500,CHN_3294,CHN44p2N116p5E
way/95783495-500,CHN_4194,Shanghai
way/706692422-500,CHN_3611,CHN44p2N116p5E
way/706692422-500,CHN_3611,CHN44p2N116p5E
way/858207240-500,CHN_2968,Hohhot
way/864815732-500,CHN_4009,CHN44p4N121p8E
way/337055172-500,CHN_2537,Chongqing
way/958041303-500,CHN_3118,Xiaoyi
way/958041303-500,CHN_3065,Xiaoyi
way/958041303-500,CHN_3120,Xiaoyi
CN5526-500,CHN_3646,Tongshan
CN5526-500,CHN_3703,Tongshan
CN5526-500,CHN_3703,Tongshan
CN5526-500,CHN_3703,Tongshan
CN5526-500,CHN_3703,Tongshan
CN5526-500,CHN_3702,Tongshan
CN5526-500,CHN_3702,Tongshan
CN5526-500,CHN_3644,Tongshan
way/909794907-500,CHN_3409,Shaoguan
way/148727570-500,CHN_3660,Sanhe
way/148727570-500,CHN_3660,Sanhe
way/577720180-500,CHN_3741,Putian
way/577720180-500,CHN_3798,Putian
way/577720180-500,CHN_3685,Putian
way/577720180-500,CHN_3742,Putian
way/577720180-500,CHN_3911,Putian
way/577720180-500,wof-CHN_442,Putian
way/680550135-500,CHN_4710,CHN45p9N129p3E
way/148727570-500,CHN_3601,Sanhe
way/148727570-500,CHN_3722,Sanhe
way/577720180-500,CHN_3968,Putian
way/577720180-500,wof-CHN_459,Putian
CN7235-500,CHN_3812,Tongling
way/577720180-500,CHN_3798,Putian
way/577720180-500,CHN_3857,Putian
CN7235-500,CHN_3867,Tongling
CN7235-500,CHN_3868,Tongling
way/956994043-500,CHN_3868,Yicheng
way/909794907-500,CHN_3298,Shaoguan
way/909794907-500,CHN_3298,Shaoguan
way/909794907-500,CHN_3298,Shaoguan
way/909794907-500,CHN_3298,Shaoguan
way/909794907-500,CHN_3298,Shaoguan
way/342544899-500,CHN_1848,Dayan
way/342544899-500,CHN_1801,Dayan
way/909794907-500,CHN_3350,Shaoguan
way/909794907-500,CHN_3350,Shaoguan
way/909794907-500,CHN_3351,Shaoguan
way/909794907-500,CHN_3351,Shaoguan
way/909794907-500,CHN_3299,Shaoguan
way/909794907-500,CHN_3299,Shaoguan
way/909794907-500,CHN_3299,Shaoguan
way/909794907-500,CHN_3247,Shaoguan
way/909794907-500,CHN_3300,Shaoguan
way/909794907-500,CHN_3456,Shaoguan
way/909794907-500,CHN_3351,Shaoguan
way/577720180-500,CHN_3912,Putian
way/909794907-500,CHN_3565,Shaoguan
way/909794907-500,CHN_3565,Shaoguan
way/909794907-500,CHN_3565,Shaoguan
way/577720180-500,CHN_3622,Putian
way/909794907-500,CHN_3565,Shaoguan
way/909794907-500,CHN_3565,Shaoguan
way/577720180-500,CHN_3565,Putian
way/577720180-500,CHN_3682,Putian
way/577720180-500,wof-CHN_402,Putian
way/909794907-500,CHN_3567,Shaoguan
way/909794907-500,CHN_3300,Shaoguan
way/954148824-500,CHN_3760,Nanjing
way/813559297-500,CHN_2104,Mianyang
way/909794907-500,CHN_3198,Shaoguan
way/909794907-500,CHN_3299,Shaoguan
way/909794907-500,CHN_3248,Shaoguan
way/909794907-500,CHN_3300,Shaoguan
way/909794907-500,CHN_3248,Shaoguan
way/909794907-500,CHN_3300,Shaoguan
way/909794907-500,CHN_3300,Shaoguan
way/909794907-500,CHN_3247,Shaoguan
way/909794907-500,CHN_3247,Shaoguan
way/909794907-500,CHN_3299,Shaoguan
way/909794907-500,CHN_3248,Shaoguan
way/909794907-500,CHN_3195,Shaoguan
way/909794907-500,CHN_3195,Shaoguan
way/909794907-500,CHN_3195,Shaoguan
way/909794907-500,CHN_3195,Shaoguan
way/909794907-500,CHN_3039,Shaoguan
way/462823764-500,CHN_3194,Yangjiang
way/127871762-500,CHN_3440,Shijiazhuang
way/323016549-500,CHN_4034,Hangzhou
way/680550135-500,CHN_4710,CHN45p9N129p3E
way/909794907-500,CHN_3247,Shaoguan
way/909794907-500,CHN_3247,Shaoguan
CN3807-500,CHN_3483,Wuan
CN3807-500,CHN_3482,Wuan
CN3807-500,CHN_3482,Wuan
CN5526-500,CHN_3537,Tongshan
way/323016549-500,CHN_4189,Hangzhou
way/323016549-500,CHN_4190,Hangzhou
CN4540-500,CHN_2855,Hejin
way/821660572-500,CHN_2802,Sizhan
way/462823764-500,CHN_3245,Yangjiang
way/462823764-500,CHN_3193,Yangjiang
way/462823764-500,CHN_3193,Yangjiang
way/462823764-500,CHN_3194,Yangjiang
way/462823764-500,CHN_3193,Yangjiang
CN1211-500,CHN_4390,Liaoyang
CN1211-500,CHN_4389,Liaoyang
CN1211-500,CHN_4388,Liaoyang
CN1211-500,CHN_4388,Liaoyang
CN1211-500,CHN_4388,Liaoyang
CN1211-500,CHN_4388,Liaoyang
CN3807-500,CHN_3174,Wuan
way/434717259-750,CHN_2551,Wulan
way/462823764-500,CHN_3140,Yangjiang
way/462823764-500,CHN_3193,Yangjiang
way/462823764-500,CHN_3140,Yangjiang
way/147989359-500,CHN_3369,Wuhan
way/462823764-500,CHN_3140,Yangjiang
way/462823764-500,CHN_3140,Yangjiang
way/158233113-500,CHN_4510,Harbin
way/158233113-500,CHN_4540,Harbin
way/147989359-500,CHN_3368,Wuhan
way/158233113-500,CHN_4540,Harbin
CN5526-500,CHN_3644,Tongshan
way/796851812-500,CHN_3466,Fuzhou
way/796851812-500,CHN_3634,Fuzhou
way/337055172-500,CHN_2633,Chongqing
way/337055172-500,CHN_2633,Chongqing
way/462823764-500,CHN_3086,Yangjiang
way/462823764-500,CHN_3086,Yangjiang
way/337055172-500,CHN_2680,Chongqing
way/337055172-500,CHN_2680,Chongqing
way/958041303-500,CHN_3120,Xiaoyi
way/205965369-500,CHN_3206,Yiyang
way/323016549-500,CHN_3980,Hangzhou
CN4540-500,CHN_2856,Hejin
way/567304518-500,CHN_2274,Xichang
way/567304518-500,CHN_2274,Xichang
way/821660572-500,CHN_2856,Sizhan
way/323016549-500,CHN_4033,Hangzhou
way/323016549-500,CHN_4033,Hangzhou
way/323016549-500,CHN_4033,Hangzhou
way/323016549-500,CHN_3977,Hangzhou
way/323016549-500,CHN_3977,Hangzhou
way/342544899-500,CHN_1946,Dayan
way/342544899-500,CHN_1946,Dayan
way/858207240-500,CHN_3019,Hohhot
way/966809494-500,CHN_4030,Ningde
way/966809494-500,CHN_4030,Ningde
CN6623-500,CHN_4144,Nantong
CN6623-500,CHN_4091,Nantong
way/966809494-500,CHN_4082,Ningde
way/966809494-500,CHN_4082,Ningde
way/966809494-500,CHN_4082,Ningde
CN6419-500,CHN_3925,Yangzhou
way/314288467-500,CHN_3767,Linyi
way/610573755-1000,CHN_3712,Zouping
CN5526-500,CHN_3763,Tongshan
CN5526-500,CHN_3763,Tongshan
CN6419-500,CHN_3983,Yangzhou
way/127871762-500,CHN_3228,Shijiazhuang
way/860490885-500,CHN_3177,Beichengqu
CN5526-500,CHN_3706,Tongshan
CN5526-500,CHN_3703,Tongshan
way/127871762-500,CHN_3281,Shijiazhuang
CN3807-500,CHN_3121,Wuan
CN7235-500,CHN_3812,Tongling
way/956994043-500,CHN_3982,Yicheng
way/966809494-500,CHN_4135,Ningde
way/966809494-500,CHN_4136,Ningde
way/796851812-500,CHN_3634,Fuzhou
way/966809494-500,CHN_4136,Ningde
way/966809494-500,CHN_4136,Ningde
way/323016549-500,CHN_4136,Hangzhou
way/323016549-500,CHN_4136,Hangzhou
way/323016549-500,CHN_4136,Hangzhou
CN6419-500,CHN_3925,Yangzhou
way/829750956-500,,Bayi
way/829750956-500,,Bayi
way/796851812-500,CHN_3694,Fuzhou
way/706692422-500,CHN_3610,CHN44p2N116p5E
way/462823764-500,CHN_3194,Yangjiang
way/462823764-500,CHN_3033,Yangjiang
way/323016549-500,CHN_3976,Hangzhou
way/966809494-500,CHN_3913,Ningde
way/966809494-500,CHN_3913,Ningde
way/966809494-500,CHN_3970,Ningde
way/966809494-500,CHN_4027,Ningde
way/966809494-500,wof-CHN_508,Ningde
way/323016549-500,CHN_3976,Hangzhou
way/899674815-750,,Qabqa
way/323016549-500,CHN_3980,Hangzhou
way/323016549-500,CHN_4035,Hangzhou
way/323016549-500,CHN_4035,Hangzhou
way/127871762-500,CHN_3544,Shijiazhuang
way/127871762-500,CHN_3491,Shijiazhuang
way/958041303-500,CHN_3016,Xiaoyi
way/958041303-500,CHN_2965,Xiaoyi
way/958041303-500,CHN_3018,Xiaoyi
way/966809494-500,CHN_3970,Ningde
way/680550135-500,CHN_4739,CHN45p9N129p3E
CN6623-500,CHN_4092,Nantong
CN6419-500,CHN_4040,Yangzhou
CN6623-500,CHN_4093,Nantong
CN5526-500,CHN_3706,Tongshan
CN5526-500,CHN_3706,Tongshan
CN5526-500,CHN_3706,Tongshan
CN5526-500,CHN_3706,Tongshan
CN5526-500,CHN_3706,Tongshan
CN5526-500,CHN_3818,Tongshan
CN5526-500,CHN_3706,Tongshan
CN5526-500,CHN_3706,Tongshan
way/796851812-500,CHN_3694,Fuzhou
CN5526-500,CHN_3874,Tongshan
CN6623-500,CHN_4094,Nantong
CN6623-500,CHN_4094,Nantong
CN3807-500,CHN_3224,Wuan
CN3807-500,CHN_3173,Wuan
way/958041303-500,CHN_3169,Xiaoyi
way/958041303-500,CHN_3169,Xiaoyi
way/958041303-500,CHN_3169,Xiaoyi
way/958041303-500,CHN_3222,Xiaoyi
CN3807-500,CHN_3224,Wuan
CN3807-500,CHN_3224,Wuan
CN3807-500,CHN_3224,Wuan
CN3807-500,CHN_3224,Wuan
CN3807-500,CHN_3224,Wuan
CN6419-500,CHN_3985,Yangzhou
CN4540-500,CHN_2962,Hejin
way/958041303-500,CHN_2965,Xiaoyi
way/966809494-500,CHN_3971,Ningde
way/899674815-750,CHN_1779,Qabqa
CN7723-500,CHN_3699,Anqing
way/1014000730-500,CHN_3933,Rizhao
way/342544899-500,,Dayan
way/337055172-500,CHN_2405,Chongqing
way/127871762-500,CHN_3489,Shijiazhuang
CN5526-500,CHN_3536,Tongshan
way/610573755-1000,CHN_3651,Zouping
way/610573755-1000,CHN_3825,Zouping
way/610573755-1000,CHN_3825,Zouping
CN5526-500,CHN_3535,Tongshan
CN5526-500,CHN_3591,Tongshan
way/323016549-500,CHN_3863,Hangzhou
CN5526-500,CHN_3706,Tongshan
CN5526-500,CHN_3706,Tongshan
CN5526-500,CHN_3706,Tongshan
way/323016549-500,CHN_3863,Hangzhou
way/323016549-500,CHN_3863,Hangzhou
way/314288467-500,CHN_3708,Linyi
way/314288467-500,CHN_3708,Linyi
way/314288467-500,CHN_3708,Linyi
way/148727570-500,CHN_3601,Sanhe
way/127871762-500,CHN_3490,Shijiazhuang
way/205965369-500,CHN_3102,Yiyang
way/323016549-500,CHN_4188,Hangzhou
way/323016549-500,CHN_4188,Hangzhou
way/784756905-500,CHN_3106,Jingling
way/323016549-500,CHN_4138,Hangzhou
way/133523400-500,CHN_3718,Tianjin
way/133523400-500,CHN_3718,Tianjin
way/133523400-500,CHN_3718,Tianjin
CN4540-500,CHN_2796,Hejin
way/342544899-500,CHN_1672,Dayan
way/342544899-500,CHN_1672,Dayan
way/323016549-500,CHN_4084,Hangzhou
way/323016549-500,CHN_4189,Hangzhou
way/95783495-500,CHN_4236,Shanghai
CN7501-500,CHN_2784,Xiaoxita
CN7501-500,CHN_2784,Xiaoxita
CN7501-500,CHN_2784,Xiaoxita
CN7501-500,CHN_2784,Xiaoxita
way/337055172-500,CHN_2540,Chongqing
way/95783495-500,CHN_4190,Shanghai
way/95783495-500,CHN_4190,Shanghai
way/337055172-500,CHN_2540,Chongqing
way/337055172-500,CHN_2540,Chongqing
way/337055172-500,CHN_2540,Chongqing
way/95783495-500,CHN_4190,Shanghai
way/323016549-500,CHN_4139,Hangzhou
way/95783495-500,CHN_4190,Shanghai
way/95783495-500,CHN_4190,Shanghai
way/323016549-500,CHN_4139,Hangzhou
way/323016549-500,CHN_4086,Hangzhou
CN3807-500,CHN_3483,Wuan
CN6419-500,CHN_3983,Yangzhou
CN6419-500,CHN_3985,Yangzhou
way/323016549-500,CHN_4086,Hangzhou
way/95783495-500,CHN_4190,Shanghai
CN7235-500,CHN_3812,Tongling
CN7723-500,CHN_3583,Anqing
way/95783495-500,CHN_4143,Shanghai
way/95783495-500,CHN_4142,Shanghai
way/95783495-500,CHN_4142,Shanghai
CN6623-500,CHN_4091,Nantong
CN6623-500,CHN_4091,Nantong
way/205965369-500,CHN_3207,Yiyang
way/205965369-500,CHN_3207,Yiyang
way/337055172-500,CHN_2542,Chongqing
way/337055172-500,CHN_2683,Chongqing
way/95783495-500,CHN_4238,Shanghai
way/958041303-500,CHN_3062,Xiaoyi
way/958041303-500,CHN_3063,Xiaoyi
way/337055172-500,CHN_2583,Chongqing
CN3807-500,CHN_3225,Wuan
CN3807-500,CHN_3278,Wuan
CN3807-500,CHN_3329,Wuan
CN3807-500,CHN_3329,Wuan
CN3807-500,CHN_3329,Wuan
CN6623-500,CHN_4090,Nantong
way/567304518-500,CHN_2004,Xichang
way/567304518-500,,Xichang
way/567304518-500,CHN_2004,Xichang
way/610573755-1000,CHN_3655,Zouping
way/477823691-500,CHN_2136,Jinbi
way/477823691-500,CHN_2136,Jinbi
way/1014000730-500,CHN_3993,Rizhao
way/477823691-500,CHN_2136,Jinbi
CN5526-500,CHN_3706,Tongshan
CN5526-500,CHN_3706,Tongshan
way/205965369-500,CHN_2998,Yiyang
CN7723-500,CHN_3579,Anqing
way/796851812-500,CHN_3750,Fuzhou
way/610573755-1000,CHN_3937,Zouping
way/95783495-500,CHN_4143,Shanghai
way/95783495-500,CHN_4193,Shanghai
way/954148824-500,CHN_3813,Nanjing
CN3807-500,CHN_3381,Wuan
CN3807-500,CHN_3381,Wuan
CN3807-500,CHN_3381,Wuan
CN6419-500,CHN_3983,Yangzhou
way/813559297-500,CHN_2238,Mianyang
way/158233113-500,CHN_4635,Harbin
CN5526-500,CHN_3702,Tongshan
way/337055172-500,CHN_2675,Chongqing
way/567304518-500,CHN_2232,Xichang
CN7235-500,CHN_3756,Tongling
CN7235-500,CHN_3812,Tongling
way/323016549-500,CHN_4032,Hangzhou
CN7235-500,CHN_3812,Tongling
way/1014000730-500,CHN_3933,Rizhao
way/337055172-500,CHN_2493,Chongqing
way/337055172-500,CHN_2493,Chongqing
way/337055172-500,CHN_2493,Chongqing
way/337055172-500,CHN_2449,Chongqing
way/1014000730-500,CHN_3991,Rizhao
way/337055172-500,CHN_2492,Chongqing
way/813559297-500,CHN_2365,Mianyang
way/813559297-500,CHN_2364,Mianyang
way/1014000730-500,CHN_3934,Rizhao
way/577720180-500,CHN_3855,Putian
way/314288467-500,CHN_3821,Linyi
way/577720180-500,CHN_3854,Putian
way/577720180-500,CHN_3854,Putian
way/577720180-500,CHN_3798,Putian
way/577720180-500,CHN_3798,Putian
way/205965369-500,CHN_3259,Yiyang
way/610573755-1000,CHN_3937,Zouping
way/610573755-1000,CHN_3883,Zouping
way/577720180-500,CHN_3854,Putian
way/477823691-500,CHN_2090,Jinbi
CN4540-500,CHN_2794,Hejin
way/577720180-500,CHN_3741,Putian
way/577720180-500,CHN_3741,Putian
way/577720180-500,CHN_3741,Putian
way/577720180-500,CHN_3741,Putian
way/567304518-500,CHN_2227,Xichang
way/577720180-500,CHN_3685,Putian
way/342544899-500,CHN_1898,Dayan
way/342544899-500,CHN_1898,Dayan
way/680550135-500,CHN_4724,CHN45p9N129p3E
way/680550135-500,CHN_4738,CHN45p9N129p3E
way/680550135-500,CHN_4724,CHN45p9N129p3E
way/860490885-500,CHN_3285,Beichengqu
way/462823764-500,CHN_3034,Yangjiang
way/813559297-500,CHN_2456,Mianyang
way/813559297-500,CHN_2496,Mianyang
way/1014000730-500,CHN_4098,Rizhao
CN3807-500,CHN_3174,Wuan
way/462823764-500,CHN_3194,Yangjiang
way/860490885-500,CHN_3231,Beichengqu
way/860490885-500,CHN_3231,Beichengqu
way/860490885-500,CHN_3231,Beichengqu
CN4540-500,CHN_2965,Hejin
CN4540-500,CHN_2855,Hejin
CN4540-500,CHN_2910,Hejin
CN4540-500,CHN_2910,Hejin
CN4540-500,CHN_2910,Hejin
way/813559297-500,CHN_2279,Mianyang
way/813559297-500,CHN_2279,Mianyang
way/1014000730-500,CHN_4048,Rizhao
way/899674815-750,CHN_2114,Qabqa
way/127871762-500,CHN_3541,Shijiazhuang
CN4540-500,CHN_2646,Hejin
way/133523400-500,CHN_3774,Tianjin
way/133523400-500,CHN_3774,Tianjin
way/127871762-500,CHN_3440,Shijiazhuang
way/610573755-1000,CHN_3595,Zouping
way/610573755-1000,CHN_3540,Zouping
way/610573755-1000,CHN_3595,Zouping
way/610573755-1000,CHN_3596,Zouping
way/610573755-1000,CHN_3596,Zouping
way/610573755-1000,CHN_3654,Zouping
way/323016549-500,CHN_4034,Hangzhou
way/205965369-500,CHN_3206,Yiyang
way/1014000730-500,CHN_3988,Rizhao
way/1347514254-500,CHN_3424,Luohe
CN7501-500,CHN_3108,Xiaoxita
CN7501-500,CHN_3108,Xiaoxita
CN7501-500,CHN_3108,Xiaoxita
CN7501-500,CHN_3108,Xiaoxita
way/567304518-500,CHN_2232,Xichang
way/178865921-500,CHN_2268,Anshun
way/148727570-500,CHN_3721,Sanhe
way/784756905-500,CHN_3159,Jingling
way/784756905-500,CHN_3159,Jingling
way/610573755-1000,CHN_3594,Zouping
way/610573755-1000,CHN_3594,Zouping
CN3807-500,CHN_3331,Wuan
way/127871762-500,CHN_3437,Shijiazhuang
way/858207240-500,CHN_3021,Hohhot
way/858207240-500,CHN_3021,Hohhot
way/860490885-500,CHN_3177,Beichengqu
way/610573755-1000,CHN_3594,Zouping
way/127871762-500,CHN_3385,Shijiazhuang
way/147989359-500,CHN_3317,Wuhan
way/784756905-500,CHN_3158,Jingling
way/956994043-500,CHN_3982,Yicheng
way/1014000730-500,CHN_4047,Rizhao
way/337055172-500,CHN_2587,Chongqing
way/337055172-500,CHN_2587,Chongqing
way/337055172-500,CHN_2633,Chongqing
way/337055172-500,CHN_2537,Chongqing
way/567304518-500,CHN_2048,Xichang
way/567304518-500,CHN_2362,Xichang
way/909794907-500,CHN_3253,Shaoguan
way/784756905-500,CHN_3158,Jingling
way/784756905-500,CHN_3105,Jingling
way/858207240-500,CHN_2968,Hohhot
way/95783495-500,CHN_4142,Shanghai
CN7501-500,CHN_3006,Xiaoxita
way/784756905-500,CHN_3105,Jingling
CN7501-500,CHN_3051,Xiaoxita
way/784756905-500,CHN_3104,Jingling
way/784756905-500,CHN_3104,Jingling
way/784756905-500,CHN_3158,Jingling
CN7501-500,CHN_3052,Xiaoxita
way/784756905-500,CHN_3105,Jingling
way/362596150-500,CHN_4051,Shahezhai
way/362596150-500,CHN_4051,Shahezhai
CN1211-500,CHN_4358,Liaoyang
way/148727570-500,CHN_3778,Sanhe
CN3807-500,CHN_3223,Wuan
way/784756905-500,CHN_3105,Jingling
CN7501-500,CHN_3002,Xiaoxita
way/858207240-500,CHN_2912,Hohhot
way/95783495-500,CHN_4142,Shanghai
way/95783495-500,CHN_4089,Shanghai
CN7501-500,CHN_2841,Xiaoxita
CN7501-500,CHN_3052,Xiaoxita
way/966809494-500,CHN_4135,Ningde
way/966809494-500,CHN_4135,Ningde
way/966809494-500,CHN_4135,Ningde
way/966809494-500,CHN_4135,Ningde
CN7501-500,CHN_3052,Xiaoxita
CN7501-500,CHN_3052,Xiaoxita
way/434717259-750,CHN_2597,Wulan
CN3807-500,CHN_3227,Wuan
way/133523400-500,CHN_3658,Tianjin
way/899674815-750,CHN_2115,Qabqa
way/899674815-750,CHN_2115,Qabqa
way/899674815-750,CHN_2068,Qabqa
way/899674815-750,CHN_2068,Qabqa
way/899674815-750,CHN_2115,Qabqa
way/178865921-500,CHN_2444,Anshun
way/858207240-500,CHN_3020,Hohhot
way/858207240-500,CHN_3070,Hohhot
way/706692422-500,CHN_3609,CHN44p2N116p5E
way/127871762-500,CHN_3384,Shijiazhuang
way/858207240-500,CHN_3072,Hohhot
way/858207240-500,CHN_3071,Hohhot
way/858207240-500,CHN_3070,Hohhot
way/337055172-500,CHN_2779,Chongqing
way/860490885-500,CHN_3178,Beichengqu
way/860490885-500,CHN_3178,Beichengqu
way/127871762-500,CHN_3280,Shijiazhuang
way/858207240-500,CHN_3125,Hohhot
way/477823691-500,CHN_2093,Jinbi
way/821660572-500,CHN_2513,Sizhan
way/477823691-500,CHN_2093,Jinbi
way/178865921-500,CHN_2269,Anshun
way/958041303-500,CHN_3121,Xiaoyi
way/568247904-750,CHN_821,CHN44p7N89p1E
CN3807-500,CHN_3382,Wuan
CN3807-500,CHN_3382,Wuan
way/342544899-500,CHN_1849,Dayan
way/342544899-500,CHN_1849,Dayan
way/342544899-500,CHN_1803,Dayan
way/95783495-500,CHN_4195,Shanghai
way/784756905-500,CHN_3211,Jingling
way/784756905-500,CHN_3157,Jingling
way/147989359-500,CHN_3314,Wuhan
way/784756905-500,CHN_3262,Jingling
way/477823691-500,CHN_2178,Jinbi
way/477823691-500,CHN_2178,Jinbi
way/784756905-500,CHN_3262,Jingling
way/178865921-500,CHN_2535,Anshun
way/399708539-750,CHN_390,Kuqa
way/147989359-500,CHN_3317,Wuhan
way/147989359-500,CHN_3369,Wuhan
way/147989359-500,CHN_3316,Wuhan
way/147989359-500,CHN_3316,Wuhan
way/334186801-500,CHN_2175,Manlin
way/864815732-500,CHN_4163,CHN44p4N121p8E
way/147989359-500,CHN_3315,Wuhan
way/147989359-500,CHN_3368,Wuhan
way/147989359-500,CHN_3368,Wuhan
way/568247904-750,CHN_821,CHN44p7N89p1E
way/147989359-500,CHN_3421,Wuhan
way/147989359-500,CHN_3421,Wuhan
way/567304518-500,CHN_2232,Xichang
way/567304518-500,CHN_2232,Xichang
way/178865921-500,CHN_2487,Anshun
way/178865921-500,CHN_2444,Anshun
way/178865921-500,CHN_2401,Anshun
way/178865921-500,CHN_2401,Anshun
way/337055172-500,CHN_2583,Chongqing
way/462823764-500,CHN_3032,Yangjiang
way/147989359-500,CHN_3421,Wuhan
way/542699342-500,CHN_2832,Liuzhou
way/477823691-500,CHN_2179,Jinbi
way/477823691-500,CHN_2179,Jinbi
way/477823691-500,CHN_2179,Jinbi
way/477823691-500,CHN_2179,Jinbi
way/477823691-500,CHN_2179,Jinbi
way/147989359-500,CHN_3367,Wuhan
way/477823691-500,CHN_2045,Jinbi
way/567304518-500,CHN_1999,Xichang
way/567304518-500,CHN_1998,Xichang
way/567304518-500,CHN_1998,Xichang
way/567304518-500,CHN_2183,Xichang
way/567304518-500,CHN_2183,Xichang
way/567304518-500,CHN_2183,Xichang
way/567304518-500,CHN_2183,Xichang
way/147989359-500,CHN_3419,Wuhan
way/567304518-500,CHN_2275,Xichang
way/567304518-500,CHN_2319,Xichang
way/342544899-500,CHN_1894,Dayan
way/342544899-500,CHN_1900,Dayan
way/342544899-500,CHN_1949,Dayan
way/178865921-500,CHN_2310,Anshun
way/178865921-500,CHN_2310,Anshun
way/178865921-500,CHN_2310,Anshun
way/178865921-500,CHN_2310,Anshun
way/147989359-500,CHN_3366,Wuhan
way/147989359-500,CHN_3314,Wuhan
way/784756905-500,CHN_3262,Jingling
way/178865921-500,CHN_2488,Anshun
way/567304518-500,CHN_2098,Xichang
way/567304518-500,CHN_2144,Xichang
way/567304518-500,CHN_2144,Xichang
way/813559297-500,CHN_2190,Mianyang
way/813559297-500,CHN_2370,Mianyang
CN5526-500,CHN_3764,Tongshan
way/567304518-500,CHN_2100,Xichang
way/147989359-500,CHN_3420,Wuhan
way/568247904-750,CHN_1060,CHN44p7N89p1E
way/147989359-500,CHN_3419,Wuhan
way/147989359-500,CHN_3419,Wuhan
way/147989359-500,CHN_3419,Wuhan
way/567304518-500,CHN_2095,Xichang
way/337055172-500,CHN_2780,Chongqing
way/337055172-500,CHN_2780,Chongqing
way/337055172-500,CHN_2725,Chongqing
way/451849406-500,CHN_2480,ZhongdongShequ
way/451849406-500,CHN_2527,ZhongdongShequ
way/577720180-500,CHN_3911,Putian
way/577720180-500,wof-CHN_459,Putian
CN7723-500,CHN_3698,Anqing
CN7501-500,CHN_2948,Xiaoxita
way/148727570-500,CHN_3778,Sanhe
way/909794907-500,CHN_3247,Shaoguan
way/909794907-500,CHN_3299,Shaoguan
way/909794907-500,CHN_3247,Shaoguan
way/567304518-500,CHN_2095,Xichang
CN3807-500,CHN_3222,Wuan
way/909794907-500,CHN_3094,Shaoguan
way/205965369-500,CHN_3043,Yiyang
way/909794907-500,CHN_3195,Shaoguan
CN7235-500,CHN_3867,Tongling
way/205965369-500,CHN_3260,Yiyang
way/796851812-500,CHN_3363,Fuzhou
way/205965369-500,CHN_3311,Yiyang
way/147989359-500,CHN_3524,Wuhan
way/205965369-500,CHN_3206,Yiyang
way/813559297-500,CHN_2104,Mianyang
way/821660572-500,CHN_2749,Sizhan
way/680550135-500,CHN_4738,CHN45p9N129p3E
CN6623-500,CHN_4091,Nantong
way/158233113-500,CHN_4567,Harbin
way/158233113-500,CHN_4567,Harbin
way/178865921-500,CHN_2442,Anshun
way/178865921-500,CHN_2358,Anshun
way/567304518-500,CHN_2188,Xichang
way/567304518-500,CHN_2232,Xichang
way/567304518-500,CHN_2232,Xichang
way/567304518-500,CHN_2232,Xichang
way/567304518-500,CHN_2232,Xichang
way/567304518-500,CHN_2187,Xichang
way/205965369-500,CHN_3149,Yiyang
way/337055172-500,CHN_2540,Chongqing
way/784756905-500,CHN_3262,Jingling
way/578735778-500,CHN_2766,Fangchenggang
way/542699342-500,CHN_3039,Liuzhou
way/337055172-500,CHN_2495,Chongqing
CN6623-500,CHN_4092,Nantong
way/95783495-500,CHN_4143,Shanghai
CN6419-500,CHN_3927,Yangzhou
way/477823691-500,CHN_2136,Jinbi
way/477823691-500,CHN_2136,Jinbi
way/95783495-500,CHN_4142,Shanghai
way/95783495-500,CHN_4142,Shanghai
way/95783495-500,CHN_4142,Shanghai
way/95783495-500,CHN_4089,Shanghai
way/323016549-500,CHN_4089,Hangzhou
way/858207240-500,CHN_3071,Hohhot
way/148727570-500,CHN_3601,Sanhe
way/334186801-500,CHN_2176,Manlin
way/610573755-1000,CHN_3596,Zouping
way/178865921-500,CHN_2311,Anshun
way/178865921-500,CHN_2627,Anshun
way/909794907-500,CHN_3038,Shaoguan
way/205965369-500,CHN_3259,Yiyang
way/205965369-500,CHN_3311,Yiyang
way/205965369-500,CHN_3259,Yiyang
way/1014000730-500,CHN_4284,Rizhao
way/205965369-500,CHN_3260,Yiyang
way/1014000730-500,CHN_4150,Rizhao
way/610573755-1000,CHN_3654,Zouping
way/864815732-500,CHN_4362,CHN44p4N121p8E
CN3807-500,CHN_3174,Wuan
CN3807-500,CHN_3174,Wuan
way/568247904-750,CHN_821,CHN44p7N89p1E
way/568247904-750,CHN_869,CHN44p7N89p1E
way/568247904-750,CHN_869,CHN44p7N89p1E
way/178865921-500,CHN_2442,Anshun
way/796851812-500,CHN_3633,Fuzhou
CN1211-500,CHN_4360,Liaoyang
way/899674815-750,CHN_2068,Qabqa
way/821660572-500,CHN_2558,Sizhan
way/821660572-500,CHN_2558,Sizhan
way/821660572-500,CHN_2558,Sizhan
way/205965369-500,CHN_3259,Yiyang
way/577720180-500,CHN_3741,Putian
way/334186801-500,CHN_1938,Manlin
way/829750956-500,,Bayi
way/178865921-500,CHN_2399,Anshun
way/337055172-500,CHN_2781,Chongqing
way/304966072-500,CHN_4123,Yakeshi
way/568247904-750,CHN_1060,CHN44p7N89p1E
way/158233113-500,CHN_4459,Harbin
way/148727570-500,CHN_3547,Sanhe
way/813559297-500,CHN_2369,Mianyang
way/813559297-500,CHN_2281,Mianyang
way/578735778-500,CHN_2713,Fangchenggang
way/813559297-500,CHN_2369,Mianyang
way/813559297-500,CHN_2370,Mianyang
way/829750956-500,,Bayi
way/813559297-500,CHN_2281,Mianyang
way/909794907-500,CHN_3200,Shaoguan
way/568247904-750,CHN_868,CHN44p7N89p1E
way/133523400-500,CHN_3773,Tianjin
way/680550135-500,CHN_4766,CHN45p9N129p3E
way/680550135-500,CHN_4747,CHN45p9N129p3E
CN6419-500,CHN_3986,Yangzhou
way/567304518-500,CHN_2318,Xichang
way/178865921-500,CHN_2356,Anshun
way/148727570-500,CHN_3444,Sanhe
way/158233113-500,CHN_4544,Harbin
way/158233113-500,CHN_4544,Harbin
way/127871762-500,CHN_3542,Shijiazhuang
way/864815732-500,CHN_4332,CHN44p4N121p8E
way/864815732-500,CHN_4298,CHN44p4N121p8E
way/158233113-500,CHN_4428,Harbin
way/864815732-500,CHN_4109,CHN44p4N121p8E
way/813559297-500,CHN_2101,Mianyang
way/966809494-500,CHN_4081,Ningde
way/966809494-500,wof-CHN_509,Ningde
way/577720180-500,CHN_3683,Putian
way/577720180-500,wof-CHN_403,Putian
way/577720180-500,CHN_3683,Putian
way/577720180-500,wof-CHN_403,Putian
way/577720180-500,CHN_3740,Putian
way/577720180-500,wof-CHN_403,Putian
way/178865921-500,CHN_2486,Anshun
way/178865921-500,CHN_2581,Anshun
way/858207240-500,CHN_2860,Hohhot
way/133523400-500,CHN_3658,Tianjin
way/133523400-500,CHN_3657,Tianjin
way/610573755-1000,CHN_3597,Zouping
way/567304518-500,CHN_2000,Xichang
way/342544899-500,CHN_1947,Dayan
way/858207240-500,CHN_3019,Hohhot
way/796851812-500,CHN_3576,Fuzhou
way/610573755-1000,CHN_3711,Zouping
way/304966072-500,CHN_4305,Yakeshi
way/148727570-500,CHN_3600,Sanhe
CN6623-500,CHN_4093,Nantong
CN6623-500,CHN_4094,Nantong
CN6623-500,CHN_4146,Nantong
way/1014000730-500,CHN_4043,Rizhao
way/95783495-500,CHN_4195,Shanghai
CN6623-500,CHN_4144,Nantong
way/95783495-500,CHN_4144,Shanghai
way/95783495-500,CHN_4144,Shanghai
way/1014000730-500,CHN_3988,Rizhao
way/821660572-500,CHN_2563,Sizhan
way/821660572-500,CHN_2563,Sizhan
way/178865921-500,CHN_2486,Anshun
way/477823691-500,CHN_2224,Jinbi
way/477823691-500,CHN_2225,Jinbi
way/567304518-500,CHN_2225,Xichang
CN4540-500,CHN_2798,Hejin
CN4540-500,CHN_2797,Hejin
way/1014000730-500,CHN_4200,Rizhao
way/1014000730-500,CHN_4200,Rizhao
way/1014000730-500,CHN_4100,Rizhao
CN3807-500,CHN_3173,Wuan
way/958041303-500,CHN_3120,Xiaoyi
way/860490885-500,CHN_3231,Beichengqu
way/860490885-500,CHN_3232,Beichengqu
way/477823691-500,CHN_2043,Jinbi
way/567304518-500,CHN_2184,Xichang
way/567304518-500,CHN_2185,Xichang
way/567304518-500,CHN_2184,Xichang
way/567304518-500,CHN_2184,Xichang
way/1019608118-500,CHN_3884,Yanggezhuang
way/1019608118-500,wof-CHN_452,Yanggezhuang
CN7723-500,CHN_3641,Anqing
way/858207240-500,CHN_3019,Hohhot
way/342544899-500,CHN_1848,Dayan
way/342544899-500,CHN_1848,Dayan
way/342544899-500,CHN_1848,Dayan
way/567304518-500,CHN_2139,Xichang
way/567304518-500,CHN_2139,Xichang
way/567304518-500,CHN_2093,Xichang
way/567304518-500,CHN_2139,Xichang
CN6419-500,CHN_3985,Yangzhou
CN6419-500,CHN_3926,Yangzhou
way/334186801-500,CHN_2176,Manlin
way/337055172-500,CHN_2590,Chongqing
way/337055172-500,CHN_2589,Chongqing
way/334186801-500,CHN_2220,Manlin
way/567304518-500,CHN_2099,Xichang
way/567304518-500,CHN_2099,Xichang
way/342544899-500,CHN_1849,Dayan
way/342544899-500,CHN_1849,Dayan
way/337055172-500,CHN_2405,Chongqing
way/567304518-500,CHN_2184,Xichang
way/864815732-500,CHN_4210,CHN44p4N121p8E
way/567304518-500,CHN_2184,Xichang
way/958041303-500,CHN_3119,Xiaoyi
way/958041303-500,CHN_3120,Xiaoyi
way/567304518-500,CHN_2184,Xichang
way/567304518-500,CHN_2184,Xichang
way/567304518-500,CHN_2272,Xichang
way/567304518-500,CHN_2184,Xichang
way/813559297-500,CHN_2366,Mianyang
way/821660572-500,CHN_2708,Sizhan
way/577720180-500,CHN_3913,Putian
way/205965369-500,CHN_3152,Yiyang
way/567304518-500,CHN_2099,Xichang
CN5526-500,CHN_3644,Tongshan
way/567304518-500,CHN_2184,Xichang
way/858207240-500,CHN_2968,Hohhot
way/706692422-500,CHN_3951,CHN44p2N116p5E
way/706692422-500,CHN_3950,CHN44p2N116p5E
way/864815732-500,CHN_4214,CHN44p4N121p8E
way/304966072-500,CHN_4305,Yakeshi
way/860490885-500,CHN_3179,Beichengqu
way/342544899-500,CHN_1803,Dayan
way/342544899-500,CHN_1803,Dayan
way/342544899-500,CHN_1803,Dayan
way/567304518-500,CHN_2185,Xichang
way/567304518-500,CHN_2185,Xichang
way/567304518-500,CHN_2184,Xichang
way/567304518-500,CHN_2184,Xichang
way/567304518-500,CHN_2184,Xichang
way/567304518-500,CHN_2140,Xichang
way/568247904-750,CHN_869,CHN44p7N89p1E
way/568247904-750,CHN_869,CHN44p7N89p1E
way/568247904-750,CHN_869,CHN44p7N89p1E
way/568247904-750,CHN_869,CHN44p7N89p1E
way/909794907-500,CHN_3408,Shaoguan
way/462823764-500,CHN_3192,Yangjiang
way/909794907-500,CHN_3410,Shaoguan
way/95783495-500,CHN_4237,Shanghai
way/578735778-500,CHN_2820,Fangchenggang
way/578735778-500,CHN_2820,Fangchenggang
way/578735778-500,CHN_2820,Fangchenggang
way/567304518-500,CHN_2099,Xichang
way/966809494-500,CHN_4135,Ningde
way/706692422-500,CHN_3556,CHN44p2N116p5E
way/706692422-500,CHN_3611,CHN44p2N116p5E
way/323016549-500,CHN_4033,Hangzhou
way/323016549-500,CHN_4033,Hangzhou
way/147708063-500,CHN_4249,Anshan
way/1019608118-500,CHN_3941,Yanggezhuang
CN5526-500,CHN_3587,Tongshan
way/462823764-500,CHN_2930,Yangjiang
way/462823764-500,CHN_2930,Yangjiang
way/956994043-500,CHN_4036,Yicheng
way/610573755-1000,CHN_3711,Zouping
way/956994043-500,CHN_4036,Yicheng
way/956994043-500,CHN_4036,Yicheng
CN6419-500,CHN_3925,Yangzhou
CN7235-500,CHN_3755,Tongling
way/954148824-500,CHN_3926,Nanjing
way/909794907-500,CHN_3409,Shaoguan
way/860490885-500,CHN_3230,Beichengqu
way/314288467-500,CHN_3765,Linyi
way/342544899-500,,Dayan
way/147708063-500,CHN_4249,Anshan
way/821660572-500,CHN_2751,Sizhan
way/858207240-500,CHN_3074,Hohhot
way/858207240-500,CHN_3074,Hohhot
way/858207240-500,CHN_2862,Hohhot
way/860490885-500,CHN_3178,Beichengqu
way/610573755-1000,CHN_3653,Zouping
way/610573755-1000,CHN_3652,Zouping
way/610573755-1000,CHN_3652,Zouping
way/829750956-500,,Bayi
way/909794907-500,CHN_3298,Shaoguan
way/909794907-500,CHN_3350,Shaoguan
way/858207240-500,CHN_3022,Hohhot
way/148727570-500,CHN_3601,Sanhe
way/568247904-750,CHN_1355,CHN44p7N89p1E
way/568247904-750,CHN_1393,CHN44p7N89p1E
way/568247904-750,CHN_1150,CHN44p7N89p1E
way/178865921-500,CHN_2487,Anshun
way/858207240-500,CHN_2915,Hohhot
way/858207240-500,CHN_2915,Hohhot
way/178865921-500,CHN_2396,Anshun
way/178865921-500,CHN_2625,Anshun
way/858207240-500,CHN_2917,Hohhot
way/813559297-500,CHN_2277,Mianyang
CN3807-500,CHN_3278,Wuan
CN3807-500,CHN_3278,Wuan
way/147989359-500,CHN_3471,Wuhan
way/147989359-500,CHN_3471,Wuhan
way/147989359-500,CHN_3314,Wuhan
way/909794907-500,CHN_3247,Shaoguan
way/909794907-500,CHN_3247,Shaoguan
way/909794907-500,CHN_3247,Shaoguan
way/909794907-500,CHN_3247,Shaoguan
way/909794907-500,CHN_3248,Shaoguan
way/909794907-500,CHN_3300,Shaoguan
way/909794907-500,CHN_3300,Shaoguan
way/966809494-500,CHN_4135,Ningde
way/829750956-500,CHN_1471,Bayi
way/95783495-500,CHN_4193,Shanghai
way/1014000730-500,CHN_3932,Rizhao
CN5526-500,CHN_3706,Tongshan
way/954148824-500,CHN_3869,Nanjing
CN5526-500,CHN_3703,Tongshan
way/205965369-500,CHN_3206,Yiyang
way/95783495-500,CHN_4193,Shanghai
way/821660572-500,CHN_2699,Sizhan
way/95783495-500,CHN_4142,Shanghai
way/95783495-500,CHN_4142,Shanghai
way/477823691-500,CHN_2089,Jinbi
way/148727570-500,CHN_3547,Sanhe
way/95783495-500,CHN_4143,Shanghai
way/567304518-500,CHN_2142,Xichang
way/147708063-500,CHN_4324,Anshan
way/610573755-1000,CHN_3596,Zouping
CN6623-500,CHN_4090,Nantong
CN3807-500,CHN_3174,Wuan
way/813559297-500,CHN_2236,Mianyang
way/147708063-500,CHN_4245,Anshan
way/323016549-500,CHN_3980,Hangzhou
way/1347514254-500,CHN_3429,Luohe
way/567304518-500,CHN_2144,Xichang
way/680550135-500,,CHN45p9N129p3E
CN1211-500,CHN_4510,Liaoyang
way/158233113-500,CHN_4540,Harbin
way/567304518-500,CHN_2230,Xichang
way/899674815-750,CHN_2118,Qabqa
way/342544899-500,CHN_1801,Dayan
way/148727570-500,CHN_3545,Sanhe
way/148727570-500,CHN_3602,Sanhe
way/954148824-500,CHN_3869,Nanjing
way/954148824-500,CHN_3869,Nanjing
CN6419-500,CHN_3984,Yangzhou
way/434717259-750,CHN_2506,Wulan
way/860490885-500,CHN_3177,Beichengqu
way/786190963-500,CHN_3167,Yingchuan
way/610573755-1000,CHN_3710,Zouping
CN1211-500,CHN_4358,Liaoyang
way/205965369-500,CHN_3044,Yiyang
way/864815732-500,CHN_4062,CHN44p4N121p8E
way/786190963-500,CHN_3221,Yingchuan
way/323016549-500,CHN_4086,Hangzhou
way/95783495-500,CHN_4190,Shanghai
way/610573755-1000,CHN_3711,Zouping
way/337055172-500,CHN_2492,Chongqing
way/133523400-500,CHN_3718,Tianjin
way/133523400-500,CHN_3717,Tianjin
CN1211-500,CHN_4390,Liaoyang
way/542699342-500,CHN_2883,Liuzhou
way/477823691-500,CHN_2136,Jinbi
way/567304518-500,CHN_2274,Xichang
way/567304518-500,CHN_2185,Xichang
way/567304518-500,CHN_2047,Xichang
way/966809494-500,CHN_4135,Ningde
way/821660572-500,CHN_2611,Sizhan
way/342544899-500,,Dayan
CN7501-500,CHN_2895,Xiaoxita
way/860490885-500,CHN_3392,Beichengqu
way/178865921-500,CHN_2441,Anshun
way/568247904-750,CHN_917,CHN44p7N89p1E
way/577720180-500,CHN_3911,Putian
way/577720180-500,wof-CHN_442,Putian
way/958041303-500,CHN_3116,Xiaoyi
way/567304518-500,CHN_2100,Xichang
CN3807-500,CHN_3174,Wuan
way/127871762-500,CHN_3282,Shijiazhuang
way/860490885-500,CHN_3388,Beichengqu
way/567304518-500,CHN_2275,Xichang
way/567304518-500,CHN_2140,Xichang
way/362596150-500,CHN_4203,Shahezhai
way/577720180-500,CHN_3855,Putian
way/966809494-500,CHN_4082,Ningde
way/796851812-500,CHN_3522,Fuzhou
way/323016549-500,CHN_3976,Hangzhou
way/314288467-500,CHN_3767,Linyi
way/1014000730-500,CHN_3992,Rizhao
way/899674815-750,CHN_2067,Qabqa
CN7501-500,CHN_2954,Xiaoxita
CN1211-500,CHN_4447,Liaoyang
way/958041303-500,CHN_3120,Xiaoyi
CN3807-500,CHN_3173,Wuan
CN6623-500,CHN_4039,Nantong
way/706692422-500,CHN_3609,CHN44p2N116p5E
CN1211-500,CHN_4388,Liaoyang
way/362596150-500,CHN_3997,Shahezhai
way/147708063-500,CHN_4385,Anshan
way/158233113-500,CHN_4596,Harbin
CN1211-500,CHN_4387,Liaoyang
way/680550135-500,CHN_4691,CHN45p9N129p3E
way/680550135-500,CHN_4750,CHN45p9N129p3E
way/966809494-500,CHN_4082,Ningde
way/966809494-500,wof-CHN_509,Ningde
way/1019608118-500,CHN_3885,Yanggezhuang
way/568247904-750,CHN_1014,CHN44p7N89p1E
way/966809494-500,CHN_4030,Ningde
way/796851812-500,CHN_3750,Fuzhou
way/577720180-500,CHN_3969,Putian
way/864815732-500,CHN_4254,CHN44p4N121p8E
way/958041303-500,CHN_3120,Xiaoyi
way/860490885-500,CHN_3178,Beichengqu
way/860490885-500,CHN_3177,Beichengqu
way/451849406-500,CHN_2351,ZhongdongShequ
way/178865921-500,CHN_2315,Anshun
way/567304518-500,CHN_2274,Xichang
way/342544899-500,CHN_1951,Dayan
way/567304518-500,CHN_2141,Xichang
way/567304518-500,CHN_2185,Xichang
CN7723-500,CHN_3695,Anqing
way/813559297-500,CHN_2496,Mianyang
way/158233113-500,CHN_4454,Harbin
way/158233113-500,CHN_4566,Harbin
way/323016549-500,CHN_3977,Hangzhou
way/323016549-500,CHN_3977,Hangzhou
way/786190963-500,CHN_3273,Yingchuan
way/786190963-500,CHN_3274,Yingchuan
way/786190963-500,CHN_3273,Yingchuan
way/786190963-500,CHN_3325,Yingchuan
CN7501-500,CHN_3002,Xiaoxita
way/786190963-500,CHN_3272,Yingchuan
way/567304518-500,CHN_2099,Xichang
way/786190963-500,CHN_3270,Yingchuan
way/205965369-500,CHN_3206,Yiyang
CN4540-500,CHN_2692,Hejin
way/567304518-500,CHN_2232,Xichang
way/796851812-500,CHN_3522,Fuzhou
way/567304518-500,CHN_2319,Xichang
way/786190963-500,CHN_3163,Yingchuan
way/860490885-500,CHN_3392,Beichengqu
way/860490885-500,CHN_3393,Beichengqu
way/786190963-500,CHN_3326,Yingchuan
way/148727570-500,CHN_3601,Sanhe
CN3807-500,CHN_3431,Wuan
way/451849406-500,CHN_2436,ZhongdongShequ
way/434717259-750,CHN_2551,Wulan
way/95783495-500,CHN_4191,Shanghai
way/451849406-500,CHN_2669,ZhongdongShequ
way/829750956-500,,Bayi
way/567304518-500,CHN_2047,Xichang
way/342544899-500,CHN_1947,Dayan
way/451849406-500,CHN_2478,ZhongdongShequ
way/909794907-500,CHN_3195,Shaoguan
way/821660572-500,CHN_2561,Sizhan
way/821660572-500,CHN_2611,Sizhan
way/858207240-500,CHN_2972,Hohhot
way/858207240-500,CHN_2916,Hohhot
way/858207240-500,CHN_3023,Hohhot
way/858207240-500,CHN_3074,Hohhot
way/858207240-500,CHN_3075,Hohhot
way/858207240-500,CHN_3130,Hohhot
way/860490885-500,CHN_3288,Beichengqu
way/860490885-500,CHN_3391,Beichengqu
way/860490885-500,CHN_3338,Beichengqu
CN4540-500,CHN_2856,Hejin
way/958041303-500,CHN_3120,Xiaoyi
way/909794907-500,CHN_3408,Shaoguan
way/577720180-500,CHN_3745,Putian
way/148727570-500,CHN_3723,Sanhe
way/954148824-500,CHN_3869,Nanjing
CN7235-500,CHN_3812,Tongling
way/909794907-500,CHN_3298,Shaoguan
way/342544899-500,CHN_1802,Dayan
way/909794907-500,CHN_3299,Shaoguan
way/909794907-500,CHN_3299,Shaoguan
way/909794907-500,CHN_3299,Shaoguan
way/909794907-500,CHN_3299,Shaoguan
way/909794907-500,CHN_3251,Shaoguan
way/909794907-500,CHN_3247,Shaoguan
way/909794907-500,CHN_3196,Shaoguan
way/462823764-500,CHN_3086,Yangjiang
way/158233113-500,CHN_4540,Harbin
way/337055172-500,CHN_2680,Chongqing
way/958041303-500,CHN_3119,Xiaoyi
CN7235-500,CHN_3865,Tongling
way/323016549-500,CHN_4031,Hangzhou
way/966809494-500,CHN_4082,Ningde
way/966809494-500,CHN_4082,Ningde
CN6419-500,CHN_3926,Yangzhou
way/796851812-500,CHN_3575,Fuzhou
way/610573755-1000,CHN_3827,Zouping
CN7723-500,CHN_3639,Anqing
way/706692422-500,CHN_3610,CHN44p2N116p5E
way/864815732-500,CHN_4257,CHN44p4N121p8E
way/462823764-500,CHN_2930,Yangjiang
way/966809494-500,CHN_3913,Ningde
way/966809494-500,CHN_3971,Ningde
way/323016549-500,CHN_4035,Hangzhou
way/323016549-500,CHN_4034,Hangzhou
way/958041303-500,CHN_3169,Xiaoyi
way/342544899-500,,Dayan
way/323016549-500,CHN_4189,Hangzhou
way/95783495-500,CHN_4236,Shanghai
CN7501-500,CHN_2784,Xiaoxita
way/95783495-500,CHN_4190,Shanghai
way/95783495-500,CHN_4190,Shanghai
CN7723-500,CHN_3583,Anqing
way/95783495-500,CHN_4143,Shanghai
way/95783495-500,CHN_4142,Shanghai
way/95783495-500,CHN_4238,Shanghai
way/95783495-500,wof-CHN_637,Shanghai
way/796851812-500,CHN_3751,Fuzhou
way/610573755-1000,CHN_3882,Zouping
way/178865921-500,CHN_2307,Anshun
way/148727570-500,CHN_3660,Sanhe
way/148727570-500,CHN_3660,Sanhe
way/813559297-500,CHN_2364,Mianyang
way/337055172-500,CHN_2364,Chongqing
way/858207240-500,CHN_2968,Hohhot
way/542699342-500,CHN_2881,Liuzhou
way/909794907-500,CHN_3408,Shaoguan
way/610573755-1000,CHN_3827,Zouping
way/860490885-500,CHN_3337,Beichengqu
way/462823764-500,CHN_3088,Yangjiang
way/813559297-500,CHN_2496,Mianyang
way/178865921-500,CHN_2441,Anshun
way/860490885-500,CHN_3232,Beichengqu
way/148727570-500,CHN_3545,Sanhe
way/1014000730-500,CHN_3932,Rizhao
way/1014000730-500,CHN_4048,Rizhao
way/610573755-1000,CHN_3542,Zouping
way/860490885-500,CHN_3392,Beichengqu
way/813559297-500,CHN_2277,Mianyang
way/784756905-500,CHN_3159,Jingling
way/784756905-500,CHN_3159,Jingling
way/148727570-500,CHN_3778,Sanhe
way/784756905-500,CHN_3104,Jingling
way/610573755-1000,CHN_3538,Zouping
way/362596150-500,CHN_4051,Shahezhai
way/858207240-500,CHN_2967,Hohhot
way/127871762-500,CHN_3281,Shijiazhuang
CN7501-500,CHN_2787,Xiaoxita
way/966809494-500,CHN_4082,Ningde
CN7235-500,CHN_3757,Tongling
way/706692422-500,CHN_3841,CHN44p2N116p5E
way/858207240-500,CHN_3070,Hohhot
way/858207240-500,CHN_3070,Hohhot
way/858207240-500,CHN_3021,Hohhot
way/858207240-500,CHN_3125,Hohhot
way/477823691-500,CHN_2092,Jinbi
way/477823691-500,CHN_2093,Jinbi
way/178865921-500,CHN_2314,Anshun
way/784756905-500,CHN_3158,Jingling
way/147989359-500,CHN_3316,Wuhan
way/147989359-500,CHN_3369,Wuhan
way/147989359-500,CHN_3472,Wuhan
way/567304518-500,CHN_2047,Xichang
way/567304518-500,CHN_2319,Xichang
way/567304518-500,CHN_2319,Xichang
way/178865921-500,CHN_2310,Anshun
way/178865921-500,CHN_2310,Anshun
way/334186801-500,CHN_2218,Manlin
way/706692422-500,CHN_3665,CHN44p2N116p5E
way/451849406-500,CHN_2480,ZhongdongShequ
way/451849406-500,CHN_2527,ZhongdongShequ
way/462823764-500,CHN_3086,Yangjiang
way/147708063-500,CHN_4203,Anshan
way/127871762-500,CHN_3280,Shijiazhuang
way/909794907-500,CHN_3248,Shaoguan
way/909794907-500,CHN_3248,Shaoguan
way/205965369-500,CHN_3259,Yiyang
way/127871762-500,CHN_3332,Shijiazhuang
way/909794907-500,CHN_3350,Shaoguan
way/578735778-500,CHN_2766,Fangchenggang
way/796851812-500,CHN_3574,Fuzhou
way/966809494-500,CHN_3975,Ningde
way/909794907-500,CHN_3038,Shaoguan
way/1014000730-500,CHN_4199,Rizhao
way/147989359-500,CHN_3523,Wuhan
way/796851812-500,CHN_3575,Fuzhou
way/821660572-500,CHN_2559,Sizhan
way/813559297-500,CHN_2279,Mianyang
way/148727570-500,CHN_3547,Sanhe
way/864815732-500,CHN_4213,CHN44p4N121p8E
way/205965369-500,CHN_3152,Yiyang
way/821660572-500,CHN_2560,Sizhan
way/462823764-500,CHN_3032,Yangjiang
way/864815732-500,CHN_4332,CHN44p4N121p8E
way/567304518-500,CHN_2143,Xichang
CN5526-500,CHN_3760,Tongshan
way/178865921-500,CHN_2487,Anshun
way/821660572-500,CHN_2608,Sizhan
way/796851812-500,CHN_3576,Fuzhou
way/1019608118-500,CHN_4049,Yanggezhuang
way/1014000730-500,CHN_4150,Rizhao
way/342544899-500,CHN_1810,Dayan
CN4540-500,CHN_2798,Hejin
CN4540-500,CHN_2797,Hejin
CN4540-500,CHN_2797,Hejin
CN4540-500,CHN_2797,Hejin
way/813559297-500,CHN_2451,Mianyang
way/1014000730-500,CHN_4200,Rizhao
way/1014000730-500,CHN_4151,Rizhao
way/1019608118-500,CHN_4100,Yanggezhuang
way/1014000730-500,CHN_4100,Rizhao
CN3807-500,CHN_3173,Wuan
way/958041303-500,CHN_3120,Xiaoyi
way/567304518-500,CHN_2184,Xichang
way/567304518-500,CHN_2184,Xichang
CN7235-500,CHN_3812,Tongling
CN7723-500,CHN_3640,Anqing
way/858207240-500,CHN_3019,Hohhot
way/567304518-500,CHN_2094,Xichang
way/567304518-500,CHN_2139,Xichang
CN7235-500,CHN_3868,Tongling
way/909794907-500,CHN_3038,Shaoguan
way/567304518-500,CHN_2099,Xichang
way/567304518-500,CHN_2099,Xichang
way/567304518-500,CHN_2184,Xichang
way/958041303-500,CHN_3120,Xiaoyi
way/567304518-500,CHN_2184,Xichang
way/813559297-500,CHN_2321,Mianyang
way/205965369-500,CHN_3152,Yiyang
way/567304518-500,CHN_2184,Xichang
way/858207240-500,CHN_2969,Hohhot
way/706692422-500,CHN_3729,CHN44p2N116p5E
way/864815732-500,CHN_4256,CHN44p4N121p8E
way/860490885-500,CHN_3445,Beichengqu
way/399708539-750,CHN_766,Kuqa
way/399708539-750,CHN_814,Kuqa
way/567304518-500,CHN_2185,Xichang
way/567304518-500,CHN_2184,Xichang
way/567304518-500,CHN_2185,Xichang
way/568247904-750,CHN_917,CHN44p7N89p1E
way/821660572-500,CHN_2560,Sizhan
way/462823764-500,CHN_3245,Yangjiang
way/578735778-500,CHN_2820,Fangchenggang
way/864815732-500,CHN_4395,CHN44p4N121p8E
way/567304518-500,CHN_2099,Xichang
way/706692422-500,CHN_3556,CHN44p2N116p5E
way/860490885-500,CHN_3182,Beichengqu
way/860490885-500,CHN_3182,Beichengqu
way/860490885-500,CHN_3287,Beichengqu
way/860490885-500,CHN_3287,Beichengqu
way/323016549-500,CHN_4086,Hangzhou
CN1211-500,CHN_4389,Liaoyang
way/462823764-500,CHN_2930,Yangjiang
way/864815732-500,CHN_4118,CHN44p4N121p8E
way/956994043-500,CHN_4036,Yicheng
way/956994043-500,CHN_4036,Yicheng
CN3807-500,CHN_3172,Wuan
way/860490885-500,CHN_3230,Beichengqu
way/314288467-500,CHN_3765,Linyi
way/178865921-500,CHN_2401,Anshun
way/858207240-500,CHN_2862,Hohhot
way/858207240-500,CHN_2862,Hohhot
way/610573755-1000,CHN_3653,Zouping
way/610573755-1000,CHN_3652,Zouping
way/147989359-500,CHN_3423,Wuhan
way/178865921-500,CHN_2488,Anshun
CN1211-500,CHN_4293,Liaoyang
way/178865921-500,CHN_2531,Anshun
way/858207240-500,CHN_2808,Hohhot
way/610573755-1000,CHN_3652,Zouping
way/610573755-1000,CHN_3593,Zouping
way/813559297-500,CHN_2322,Mianyang
way/399708539-750,CHN_174,Kuqa
way/796851812-500,CHN_3576,Fuzhou
way/147989359-500,CHN_3470,Wuhan
way/205965369-500,CHN_3102,Yiyang
way/95783495-500,CHN_4142,Shanghai
way/784756905-500,CHN_3105,Jingling
way/477823691-500,CHN_2089,Jinbi
CN7501-500,CHN_3002,Xiaoxita
way/95783495-500,CHN_4141,Shanghai
way/95783495-500,CHN_4089,Shanghai
way/567304518-500,CHN_2095,Xichang
CN7235-500,CHN_3868,Tongling
way/909794907-500,CHN_3298,Shaoguan
CN6419-500,CHN_4040,Yangzhou
way/323016549-500,CHN_4033,Hangzhou
way/610573755-1000,CHN_3881,Zouping
way/568247904-750,CHN_1014,CHN44p7N89p1E
way/706692422-500,CHN_3611,CHN44p2N116p5E
way/821660572-500,CHN_2511,Sizhan
way/821660572-500,CHN_2560,Sizhan
way/342544899-500,CHN_1849,Dayan
way/477823691-500,CHN_2044,Jinbi
way/542699342-500,CHN_2826,Liuzhou
way/399708539-750,CHN_2,Kuqa
way/399708539-750,CHN_3,Kuqa
way/399708539-750,CHN_4,Kuqa
way/399708539-750,CHN_9,Kuqa
way/399708539-750,CHN_10,Kuqa
way/399708539-750,CHN_11,Kuqa
way/399708539-750,CHN_17,Kuqa
way/399708539-750,CHN_18,Kuqa
way/399708539-750,CHN_19,Kuqa
way/399708539-750,CHN_20,Kuqa
way/399708539-750,CHN_24,Kuqa
way/399708539-750,CHN_25,Kuqa
way/399708539-750,CHN_26,Kuqa
way/399708539-750,CHN_27,Kuqa
way/399708539-750,CHN_28,Kuqa
way/399708539-750,CHN_29,Kuqa
way/399708539-750,CHN_32,Kuqa
way/399708539-750,CHN_33,Kuqa
way/399708539-750,CHN_34,Kuqa
way/399708539-750,CHN_35,Kuqa
way/399708539-750,CHN_36,Kuqa
way/399708539-750,CHN_37,Kuqa
way/399708539-750,CHN_38,Kuqa
way/399708539-750,CHN_39,Kuqa
way/399708539-750,CHN_40,Kuqa
way/399708539-750,CHN_44,Kuqa
way/399708539-750,CHN_45,Kuqa
way/399708539-750,CHN_46,Kuqa
way/399708539-750,CHN_47,Kuqa
way/399708539-750,CHN_48,Kuqa
way/399708539-750,CHN_49,Kuqa
way/399708539-750,CHN_50,Kuqa
way/399708539-750,CHN_52,Kuqa
way/399708539-750,CHN_57,Kuqa
way/399708539-750,CHN_58,Kuqa
way/399708539-750,CHN_59,Kuqa
way/399708539-750,CHN_61,Kuqa
way/399708539-750,CHN_62,Kuqa
way/399708539-750,CHN_63,Kuqa
way/399708539-750,CHN_64,Kuqa
way/399708539-750,CHN_65,Kuqa
way/399708539-750,CHN_66,Kuqa
way/399708539-750,CHN_70,Kuqa
way/399708539-750,CHN_71,Kuqa
way/399708539-750,CHN_72,Kuqa
way/399708539-750,CHN_73,Kuqa
way/399708539-750,CHN_74,Kuqa
way/399708539-750,CHN_75,Kuqa
way/399708539-750,CHN_76,Kuqa
way/399708539-750,CHN_77,Kuqa
way/399708539-750,CHN_78,Kuqa
way/399708539-750,CHN_79,Kuqa
way/399708539-750,CHN_84,Kuqa
way/399708539-750,CHN_85,Kuqa
way/399708539-750,CHN_86,Kuqa
way/399708539-750,CHN_87,Kuqa
way/399708539-750,CHN_88,Kuqa
way/399708539-750,CHN_89,Kuqa
way/399708539-750,CHN_90,Kuqa
way/399708539-750,CHN_91,Kuqa
way/399708539-750,CHN_92,Kuqa
way/399708539-750,CHN_93,Kuqa
way/399708539-750,CHN_100,Kuqa
way/399708539-750,CHN_101,Kuqa
way/399708539-750,CHN_102,Kuqa
way/399708539-750,CHN_103,Kuqa
way/399708539-750,CHN_104,Kuqa
way/399708539-750,CHN_105,Kuqa
way/399708539-750,CHN_106,Kuqa
way/399708539-750,CHN_107,Kuqa
way/399708539-750,CHN_109,Kuqa
way/399708539-750,CHN_110,Kuqa
way/399708539-750,CHN_111,Kuqa
way/399708539-750,CHN_113,Kuqa
way/399708539-750,CHN_123,Kuqa
way/399708539-750,CHN_124,Kuqa
way/399708539-750,CHN_125,Kuqa
way/399708539-750,CHN_126,Kuqa
way/399708539-750,CHN_127,Kuqa
way/399708539-750,CHN_128,Kuqa
way/399708539-750,CHN_129,Kuqa
way/399708539-750,CHN_130,Kuqa
way/399708539-750,CHN_131,Kuqa
way/399708539-750,CHN_132,Kuqa
way/399708539-750,CHN_133,Kuqa
way/399708539-750,CHN_134,Kuqa
way/399708539-750,CHN_147,Kuqa
way/399708539-750,CHN_148,Kuqa
way/399708539-750,CHN_149,Kuqa
way/399708539-750,CHN_150,Kuqa
way/399708539-750,CHN_151,Kuqa
way/399708539-750,CHN_152,Kuqa
way/399708539-750,CHN_153,Kuqa
way/399708539-750,CHN_154,Kuqa
way/399708539-750,CHN_155,Kuqa
way/399708539-750,CHN_156,Kuqa
way/399708539-750,CHN_157,Kuqa
way/399708539-750,CHN_158,Kuqa
way/399708539-750,CHN_159,Kuqa
way/399708539-750,CHN_172,Kuqa
way/399708539-750,CHN_173,Kuqa
way/399708539-750,CHN_175,Kuqa
way/399708539-750,CHN_176,Kuqa
way/399708539-750,CHN_177,Kuqa
way/399708539-750,CHN_178,Kuqa
way/399708539-750,CHN_179,Kuqa
way/399708539-750,CHN_180,Kuqa
way/399708539-750,CHN_181,Kuqa
way/399708539-750,CHN_182,Kuqa
way/399708539-750,CHN_183,Kuqa
way/399708539-750,CHN_184,Kuqa
way/399708539-750,CHN_185,Kuqa
way/399708539-750,CHN_186,Kuqa
way/399708539-750,CHN_199,Kuqa
way/399708539-750,CHN_200,Kuqa
way/399708539-750,CHN_201,Kuqa
way/399708539-750,CHN_202,Kuqa
way/399708539-750,CHN_203,Kuqa
way/399708539-750,CHN_204,Kuqa
way/399708539-750,CHN_205,Kuqa
way/399708539-750,CHN_206,Kuqa
way/399708539-750,CHN_207,Kuqa
way/399708539-750,CHN_208,Kuqa
way/399708539-750,CHN_209,Kuqa
way/399708539-750,CHN_211,Kuqa
way/399708539-750,CHN_213,Kuqa
way/399708539-750,CHN_214,Kuqa
way/399708539-750,CHN_215,Kuqa
way/399708539-750,CHN_216,Kuqa
way/399708539-750,CHN_217,Kuqa
way/829750956-500,CHN_218,Bayi
way/399708539-750,CHN_231,Kuqa
way/399708539-750,CHN_232,Kuqa
way/399708539-750,CHN_233,Kuqa
way/399708539-750,CHN_234,Kuqa
way/399708539-750,CHN_235,Kuqa
way/399708539-750,CHN_236,Kuqa
way/399708539-750,CHN_237,Kuqa
way/399708539-750,CHN_238,Kuqa
way/399708539-750,CHN_239,Kuqa
way/399708539-750,CHN_240,Kuqa
way/399708539-750,CHN_241,Kuqa
way/399708539-750,CHN_242,Kuqa
way/399708539-750,CHN_243,Kuqa
way/399708539-750,CHN_244,Kuqa
way/399708539-750,CHN_245,Kuqa
way/399708539-750,CHN_246,Kuqa
way/399708539-750,CHN_247,Kuqa
way/399708539-750,CHN_248,Kuqa
way/399708539-750,CHN_249,Kuqa
way/399708539-750,CHN_250,Kuqa
way/399708539-750,CHN_251,Kuqa
way/829750956-500,CHN_252,Bayi
way/399708539-750,CHN_266,Kuqa
way/399708539-750,CHN_267,Kuqa
way/399708539-750,CHN_268,Kuqa
way/399708539-750,CHN_269,Kuqa
way/399708539-750,CHN_270,Kuqa
way/399708539-750,CHN_271,Kuqa
way/399708539-750,CHN_272,Kuqa
way/399708539-750,CHN_273,Kuqa
way/399708539-750,CHN_274,Kuqa
way/399708539-750,CHN_275,Kuqa
way/399708539-750,CHN_276,Kuqa
way/399708539-750,CHN_277,Kuqa
way/399708539-750,CHN_278,Kuqa
way/399708539-750,CHN_279,Kuqa
way/399708539-750,CHN_280,Kuqa
way/399708539-750,CHN_281,Kuqa
way/399708539-750,CHN_282,Kuqa
way/399708539-750,CHN_283,Kuqa
way/399708539-750,CHN_284,Kuqa
way/399708539-750,CHN_285,Kuqa
way/399708539-750,CHN_286,Kuqa
way/399708539-750,CHN_300,Kuqa
way/399708539-750,CHN_301,Kuqa
way/399708539-750,CHN_302,Kuqa
way/399708539-750,CHN_303,Kuqa
way/399708539-750,CHN_304,Kuqa
way/399708539-750,CHN_305,Kuqa
way/399708539-750,CHN_306,Kuqa
way/399708539-750,CHN_307,Kuqa
way/399708539-750,CHN_308,Kuqa
way/399708539-750,CHN_309,Kuqa
way/399708539-750,CHN_310,Kuqa
way/399708539-750,CHN_311,Kuqa
way/399708539-750,CHN_312,Kuqa
way/399708539-750,CHN_313,Kuqa
way/399708539-750,CHN_314,Kuqa
way/399708539-750,CHN_315,Kuqa
way/399708539-750,CHN_316,Kuqa
way/399708539-750,CHN_317,Kuqa
way/399708539-750,CHN_318,Kuqa
way/399708539-750,CHN_319,Kuqa
way/399708539-750,CHN_320,Kuqa
way/399708539-750,CHN_321,Kuqa
way/399708539-750,CHN_336,Kuqa
way/399708539-750,CHN_337,Kuqa
way/399708539-750,CHN_338,Kuqa
way/399708539-750,CHN_339,Kuqa
way/399708539-750,CHN_340,Kuqa
way/399708539-750,CHN_341,Kuqa
way/399708539-750,CHN_342,Kuqa
way/399708539-750,CHN_343,Kuqa
way/399708539-750,CHN_344,Kuqa
way/399708539-750,CHN_345,Kuqa
way/399708539-750,CHN_346,Kuqa
way/399708539-750,CHN_347,Kuqa
way/399708539-750,CHN_348,Kuqa
way/399708539-750,CHN_349,Kuqa
way/399708539-750,CHN_350,Kuqa
way/399708539-750,CHN_351,Kuqa
way/399708539-750,CHN_353,Kuqa
way/399708539-750,CHN_354,Kuqa
way/399708539-750,CHN_355,Kuqa
way/399708539-750,CHN_356,Kuqa
way/399708539-750,CHN_372,Kuqa
way/399708539-750,CHN_373,Kuqa
way/399708539-750,CHN_374,Kuqa
way/399708539-750,CHN_375,Kuqa
way/399708539-750,CHN_376,Kuqa
way/399708539-750,CHN_377,Kuqa
way/399708539-750,CHN_378,Kuqa
way/399708539-750,CHN_379,Kuqa
way/399708539-750,CHN_380,Kuqa
way/399708539-750,CHN_381,Kuqa
way/399708539-750,CHN_382,Kuqa
way/399708539-750,CHN_383,Kuqa
way/399708539-750,CHN_384,Kuqa
way/399708539-750,CHN_385,Kuqa
way/399708539-750,CHN_386,Kuqa
way/399708539-750,CHN_387,Kuqa
way/399708539-750,CHN_388,Kuqa
way/399708539-750,CHN_389,Kuqa
way/399708539-750,CHN_391,Kuqa
way/399708539-750,CHN_392,Kuqa
way/399708539-750,CHN_393,Kuqa
way/399708539-750,CHN_394,Kuqa
way/399708539-750,CHN_410,Kuqa
way/399708539-750,CHN_411,Kuqa
way/399708539-750,CHN_412,Kuqa
way/399708539-750,CHN_413,Kuqa
way/399708539-750,CHN_414,Kuqa
way/399708539-750,CHN_415,Kuqa
way/399708539-750,CHN_416,Kuqa
way/399708539-750,CHN_417,Kuqa
way/399708539-750,CHN_418,Kuqa
way/399708539-750,CHN_419,Kuqa
way/399708539-750,CHN_420,Kuqa
way/399708539-750,CHN_421,Kuqa
way/399708539-750,CHN_423,Kuqa
way/399708539-750,CHN_424,Kuqa
way/399708539-750,CHN_425,Kuqa
way/399708539-750,CHN_426,Kuqa
way/399708539-750,CHN_427,Kuqa
way/399708539-750,CHN_428,Kuqa
way/399708539-750,CHN_429,Kuqa
way/399708539-750,CHN_430,Kuqa
way/399708539-750,CHN_431,Kuqa
way/399708539-750,CHN_432,Kuqa
way/399708539-750,CHN_433,Kuqa
way/399708539-750,CHN_434,Kuqa
way/399708539-750,CHN_451,Kuqa
way/399708539-750,CHN_452,Kuqa
way/399708539-750,CHN_453,Kuqa
way/399708539-750,CHN_454,Kuqa
way/399708539-750,CHN_455,Kuqa
way/399708539-750,CHN_456,Kuqa
way/399708539-750,CHN_457,Kuqa
way/399708539-750,CHN_458,Kuqa
way/399708539-750,CHN_459,Kuqa
way/399708539-750,CHN_460,Kuqa
way/399708539-750,CHN_461,Kuqa
way/399708539-750,CHN_462,Kuqa
way/399708539-750,CHN_463,Kuqa
way/399708539-750,CHN_464,Kuqa
way/399708539-750,CHN_465,Kuqa
way/399708539-750,CHN_466,Kuqa
way/399708539-750,CHN_467,Kuqa
way/399708539-750,CHN_468,Kuqa
way/399708539-750,CHN_469,Kuqa
way/399708539-750,CHN_470,Kuqa
way/399708539-750,CHN_471,Kuqa
way/399708539-750,CHN_472,Kuqa
way/399708539-750,CHN_473,Kuqa
way/399708539-750,CHN_474,Kuqa
way/568247904-750,CHN_475,CHN44p7N89p1E
way/399708539-750,CHN_492,Kuqa
way/399708539-750,CHN_493,Kuqa
way/399708539-750,CHN_494,Kuqa
way/399708539-750,CHN_495,Kuqa
way/399708539-750,CHN_496,Kuqa
way/399708539-750,CHN_497,Kuqa
way/399708539-750,CHN_498,Kuqa
way/399708539-750,CHN_499,Kuqa
way/399708539-750,CHN_500,Kuqa
way/399708539-750,CHN_501,Kuqa
way/399708539-750,CHN_502,Kuqa
way/399708539-750,CHN_503,Kuqa
way/399708539-750,CHN_504,Kuqa
way/399708539-750,CHN_505,Kuqa
way/399708539-750,CHN_506,Kuqa
way/399708539-750,CHN_507,Kuqa
way/399708539-750,CHN_508,Kuqa
way/399708539-750,CHN_509,Kuqa
way/399708539-750,CHN_510,Kuqa
way/399708539-750,CHN_511,Kuqa
way/399708539-750,CHN_512,Kuqa
way/399708539-750,CHN_513,Kuqa
way/399708539-750,CHN_514,Kuqa
way/568247904-750,CHN_515,CHN44p7N89p1E
way/399708539-750,CHN_534,Kuqa
way/399708539-750,CHN_535,Kuqa
way/399708539-750,CHN_536,Kuqa
way/399708539-750,CHN_537,Kuqa
way/399708539-750,CHN_538,Kuqa
way/399708539-750,CHN_539,Kuqa
way/399708539-750,CHN_540,Kuqa
way/399708539-750,CHN_541,Kuqa
way/399708539-750,CHN_542,Kuqa
way/399708539-750,CHN_543,Kuqa
way/399708539-750,CHN_544,Kuqa
way/399708539-750,CHN_545,Kuqa
way/399708539-750,CHN_546,Kuqa
way/399708539-750,CHN_547,Kuqa
way/399708539-750,CHN_548,Kuqa
way/399708539-750,CHN_549,Kuqa
way/399708539-750,CHN_551,Kuqa
way/399708539-750,CHN_552,Kuqa
way/399708539-750,CHN_553,Kuqa
way/399708539-750,CHN_554,Kuqa
way/568247904-750,CHN_555,CHN44p7N89p1E
way/568247904-750,CHN_556,CHN44p7N89p1E
way/399708539-750,CHN_576,Kuqa
way/399708539-750,CHN_577,Kuqa
way/399708539-750,CHN_578,Kuqa
way/399708539-750,CHN_579,Kuqa
way/399708539-750,CHN_580,Kuqa
way/399708539-750,CHN_581,Kuqa
way/399708539-750,CHN_582,Kuqa
way/399708539-750,CHN_583,Kuqa
way/399708539-750,CHN_584,Kuqa
way/399708539-750,CHN_585,Kuqa
way/399708539-750,CHN_586,Kuqa
way/399708539-750,CHN_587,Kuqa
way/399708539-750,CHN_588,Kuqa
way/399708539-750,CHN_589,Kuqa
way/399708539-750,CHN_590,Kuqa
way/399708539-750,CHN_591,Kuqa
way/399708539-750,CHN_593,Kuqa
way/399708539-750,CHN_594,Kuqa
way/399708539-750,CHN_595,Kuqa
way/568247904-750,CHN_596,CHN44p7N89p1E
way/568247904-750,CHN_597,CHN44p7N89p1E
way/568247904-750,CHN_598,CHN44p7N89p1E
way/399708539-750,CHN_619,Kuqa
way/399708539-750,CHN_620,Kuqa
way/399708539-750,CHN_621,Kuqa
way/399708539-750,CHN_622,Kuqa
way/399708539-750,CHN_623,Kuqa
way/399708539-750,CHN_624,Kuqa
way/399708539-750,CHN_625,Kuqa
way/399708539-750,CHN_626,Kuqa
way/399708539-750,CHN_627,Kuqa
way/399708539-750,CHN_628,Kuqa
way/399708539-750,CHN_629,Kuqa
way/399708539-750,CHN_630,Kuqa
way/399708539-750,CHN_631,Kuqa
way/399708539-750,CHN_632,Kuqa
way/399708539-750,CHN_633,Kuqa
way/399708539-750,CHN_634,Kuqa
way/399708539-750,CHN_635,Kuqa
way/399708539-750,CHN_636,Kuqa
way/568247904-750,CHN_637,CHN44p7N89p1E
way/568247904-750,CHN_638,CHN44p7N89p1E
way/568247904-750,CHN_639,CHN44p7N89p1E
way/568247904-750,CHN_640,CHN44p7N89p1E
way/568247904-750,CHN_641,CHN44p7N89p1E
way/568247904-750,CHN_642,CHN44p7N89p1E
way/568247904-750,CHN_643,CHN44p7N89p1E
way/399708539-750,CHN_665,Kuqa
way/399708539-750,CHN_666,Kuqa
way/399708539-750,CHN_667,Kuqa
way/399708539-750,CHN_668,Kuqa
way/399708539-750,CHN_669,Kuqa
way/399708539-750,CHN_670,Kuqa
way/399708539-750,CHN_671,Kuqa
way/399708539-750,CHN_672,Kuqa
way/399708539-750,CHN_673,Kuqa
way/399708539-750,CHN_674,Kuqa
way/399708539-750,CHN_675,Kuqa
way/399708539-750,CHN_676,Kuqa
way/399708539-750,CHN_677,Kuqa
way/568247904-750,CHN_678,CHN44p7N89p1E
way/568247904-750,CHN_679,CHN44p7N89p1E
way/568247904-750,CHN_680,CHN44p7N89p1E
way/568247904-750,CHN_681,CHN44p7N89p1E
way/568247904-750,CHN_682,CHN44p7N89p1E
way/568247904-750,CHN_683,CHN44p7N89p1E
way/568247904-750,CHN_684,CHN44p7N89p1E
way/568247904-750,CHN_685,CHN44p7N89p1E
way/568247904-750,CHN_686,CHN44p7N89p1E
way/568247904-750,CHN_687,CHN44p7N89p1E
way/568247904-750,CHN_688,CHN44p7N89p1E
way/568247904-750,CHN_689,CHN44p7N89p1E
way/399708539-750,CHN_711,Kuqa
way/399708539-750,CHN_712,Kuqa
way/399708539-750,CHN_713,Kuqa
way/399708539-750,CHN_714,Kuqa
way/399708539-750,CHN_715,Kuqa
way/399708539-750,CHN_716,Kuqa
way/399708539-750,CHN_717,Kuqa
way/399708539-750,CHN_718,Kuqa
way/399708539-750,CHN_719,Kuqa
way/399708539-750,CHN_720,Kuqa
way/399708539-750,CHN_722,Kuqa
way/399708539-750,CHN_723,Kuqa
way/568247904-750,CHN_724,CHN44p7N89p1E
way/568247904-750,CHN_725,CHN44p7N89p1E
way/568247904-750,CHN_727,CHN44p7N89p1E
way/568247904-750,CHN_728,CHN44p7N89p1E
way/568247904-750,CHN_729,CHN44p7N89p1E
way/568247904-750,CHN_730,CHN44p7N89p1E
way/568247904-750,CHN_732,CHN44p7N89p1E
way/568247904-750,CHN_733,CHN44p7N89p1E
way/568247904-750,CHN_734,CHN44p7N89p1E
way/568247904-750,CHN_735,CHN44p7N89p1E
way/568247904-750,CHN_736,CHN44p7N89p1E
way/399708539-750,CHN_759,Kuqa
way/399708539-750,CHN_760,Kuqa
way/399708539-750,CHN_761,Kuqa
way/399708539-750,CHN_762,Kuqa
way/399708539-750,CHN_763,Kuqa
way/399708539-750,CHN_764,Kuqa
way/399708539-750,CHN_765,Kuqa
way/399708539-750,CHN_767,Kuqa
way/399708539-750,CHN_768,Kuqa
way/399708539-750,CHN_769,Kuqa
way/399708539-750,CHN_770,Kuqa
way/568247904-750,CHN_771,CHN44p7N89p1E
way/568247904-750,CHN_772,CHN44p7N89p1E
way/568247904-750,CHN_773,CHN44p7N89p1E
way/568247904-750,CHN_774,CHN44p7N89p1E
way/568247904-750,CHN_775,CHN44p7N89p1E
way/568247904-750,CHN_776,CHN44p7N89p1E
way/568247904-750,CHN_777,CHN44p7N89p1E
way/568247904-750,CHN_778,CHN44p7N89p1E
way/568247904-750,CHN_779,CHN44p7N89p1E
way/568247904-750,CHN_780,CHN44p7N89p1E
way/568247904-750,CHN_782,CHN44p7N89p1E
way/568247904-750,CHN_783,CHN44p7N89p1E
way/568247904-750,CHN_784,CHN44p7N89p1E
way/399708539-750,CHN_807,Kuqa
way/399708539-750,CHN_808,Kuqa
way/399708539-750,CHN_809,Kuqa
way/399708539-750,CHN_810,Kuqa
way/399708539-750,CHN_811,Kuqa
way/399708539-750,CHN_812,Kuqa
way/399708539-750,CHN_813,Kuqa
way/399708539-750,CHN_815,Kuqa
way/399708539-750,CHN_816,Kuqa
way/399708539-750,CHN_817,Kuqa
way/568247904-750,CHN_818,CHN44p7N89p1E
way/568247904-750,CHN_819,CHN44p7N89p1E
way/568247904-750,CHN_822,CHN44p7N89p1E
way/568247904-750,CHN_823,CHN44p7N89p1E
way/568247904-750,CHN_824,CHN44p7N89p1E
way/568247904-750,CHN_825,CHN44p7N89p1E
way/568247904-750,CHN_826,CHN44p7N89p1E
way/568247904-750,CHN_827,CHN44p7N89p1E
way/568247904-750,CHN_828,CHN44p7N89p1E
way/568247904-750,CHN_829,CHN44p7N89p1E
way/568247904-750,CHN_830,CHN44p7N89p1E
way/568247904-750,CHN_831,CHN44p7N89p1E
way/568247904-750,CHN_832,CHN44p7N89p1E
way/399708539-750,CHN_856,Kuqa
way/399708539-750,CHN_857,Kuqa
way/399708539-750,CHN_858,Kuqa
way/399708539-750,CHN_859,Kuqa
way/399708539-750,CHN_860,Kuqa
way/399708539-750,CHN_861,Kuqa
way/399708539-750,CHN_862,Kuqa
way/399708539-750,CHN_863,Kuqa
way/399708539-750,CHN_864,Kuqa
way/568247904-750,CHN_865,CHN44p7N89p1E
way/568247904-750,CHN_866,CHN44p7N89p1E
way/568247904-750,CHN_867,CHN44p7N89p1E
way/568247904-750,CHN_870,CHN44p7N89p1E
way/568247904-750,CHN_871,CHN44p7N89p1E
way/568247904-750,CHN_872,CHN44p7N89p1E
way/568247904-750,CHN_873,CHN44p7N89p1E
way/568247904-750,CHN_874,CHN44p7N89p1E
way/568247904-750,CHN_875,CHN44p7N89p1E
way/568247904-750,CHN_876,CHN44p7N89p1E
way/568247904-750,CHN_877,CHN44p7N89p1E
way/568247904-750,CHN_878,CHN44p7N89p1E
way/568247904-750,CHN_879,CHN44p7N89p1E
way/568247904-750,CHN_880,CHN44p7N89p1E
way/399708539-750,CHN_904,Kuqa
way/399708539-750,CHN_905,Kuqa
way/399708539-750,CHN_906,Kuqa
way/399708539-750,CHN_907,Kuqa
way/399708539-750,CHN_908,Kuqa
way/399708539-750,CHN_909,Kuqa
way/399708539-750,CHN_910,Kuqa
way/399708539-750,CHN_911,Kuqa
way/399708539-750,CHN_912,Kuqa
way/568247904-750,CHN_913,CHN44p7N89p1E
way/568247904-750,CHN_914,CHN44p7N89p1E
way/568247904-750,CHN_916,CHN44p7N89p1E
way/568247904-750,CHN_918,CHN44p7N89p1E
way/568247904-750,CHN_919,CHN44p7N89p1E
way/568247904-750,CHN_920,CHN44p7N89p1E
way/568247904-750,CHN_921,CHN44p7N89p1E
way/568247904-750,CHN_922,CHN44p7N89p1E
way/568247904-750,CHN_923,CHN44p7N89p1E
way/568247904-750,CHN_924,CHN44p7N89p1E
way/568247904-750,CHN_925,CHN44p7N89p1E
way/568247904-750,CHN_926,CHN44p7N89p1E
way/568247904-750,CHN_927,CHN44p7N89p1E
way/399708539-750,CHN_952,Kuqa
way/399708539-750,CHN_953,Kuqa
way/399708539-750,CHN_954,Kuqa
way/399708539-750,CHN_955,Kuqa
way/399708539-750,CHN_956,Kuqa
way/399708539-750,CHN_957,Kuqa
way/399708539-750,CHN_958,Kuqa
way/568247904-750,CHN_959,CHN44p7N89p1E
way/568247904-750,CHN_960,CHN44p7N89p1E
way/568247904-750,CHN_961,CHN44p7N89p1E
way/568247904-750,CHN_962,CHN44p7N89p1E
way/568247904-750,CHN_963,CHN44p7N89p1E
way/568247904-750,CHN_964,CHN44p7N89p1E
way/568247904-750,CHN_965,CHN44p7N89p1E
way/568247904-750,CHN_966,CHN44p7N89p1E
way/568247904-750,CHN_967,CHN44p7N89p1E
way/568247904-750,CHN_968,CHN44p7N89p1E
way/568247904-750,CHN_969,CHN44p7N89p1E
way/568247904-750,CHN_970,CHN44p7N89p1E
way/568247904-750,CHN_971,CHN44p7N89p1E
way/568247904-750,CHN_972,CHN44p7N89p1E
way/568247904-750,CHN_973,CHN44p7N89p1E
way/568247904-750,CHN_974,CHN44p7N89p1E
way/829750956-500,CHN_975,Bayi
way/829750956-500,CHN_976,Bayi
way/399708539-750,CHN_1001,Kuqa
way/399708539-750,CHN_1002,Kuqa
way/399708539-750,CHN_1003,Kuqa
way/399708539-750,CHN_1004,Kuqa
way/399708539-750,CHN_1005,Kuqa
way/568247904-750,CHN_1006,CHN44p7N89p1E
way/568247904-750,CHN_1007,CHN44p7N89p1E
way/568247904-750,CHN_1008,CHN44p7N89p1E
way/568247904-750,CHN_1009,CHN44p7N89p1E
way/568247904-750,CHN_1010,CHN44p7N89p1E
way/568247904-750,CHN_1012,CHN44p7N89p1E
way/568247904-750,CHN_1013,CHN44p7N89p1E
way/568247904-750,CHN_1016,CHN44p7N89p1E
way/568247904-750,CHN_1017,CHN44p7N89p1E
way/568247904-750,CHN_1018,CHN44p7N89p1E
way/568247904-750,CHN_1019,CHN44p7N89p1E
way/568247904-750,CHN_1020,CHN44p7N89p1E
way/568247904-750,CHN_1021,CHN44p7N89p1E
way/568247904-750,CHN_1022,CHN44p7N89p1E
way/399708539-750,CHN_1047,Kuqa
way/399708539-750,CHN_1048,Kuqa
way/399708539-750,CHN_1049,Kuqa
way/399708539-750,CHN_1050,Kuqa
way/568247904-750,CHN_1051,CHN44p7N89p1E
way/568247904-750,CHN_1052,CHN44p7N89p1E
way/568247904-750,CHN_1053,CHN44p7N89p1E
way/568247904-750,CHN_1054,CHN44p7N89p1E
way/568247904-750,CHN_1055,CHN44p7N89p1E
way/568247904-750,CHN_1056,CHN44p7N89p1E
way/568247904-750,CHN_1057,CHN44p7N89p1E
way/568247904-750,CHN_1058,CHN44p7N89p1E
way/568247904-750,CHN_1059,CHN44p7N89p1E
way/568247904-750,CHN_1061,CHN44p7N89p1E
way/568247904-750,CHN_1062,CHN44p7N89p1E
way/568247904-750,CHN_1063,CHN44p7N89p1E
way/568247904-750,CHN_1064,CHN44p7N89p1E
way/568247904-750,CHN_1065,CHN44p7N89p1E
way/568247904-750,CHN_1066,CHN44p7N89p1E
way/568247904-750,CHN_1067,CHN44p7N89p1E
way/568247904-750,CHN_1068,CHN44p7N89p1E
way/1284618409-750,CHN_1092,Yuanquan
way/1284618409-750,CHN_1093,Yuanquan
way/399708539-750,CHN_1094,Kuqa
way/399708539-750,CHN_1095,Kuqa
way/568247904-750,CHN_1096,CHN44p7N89p1E
way/568247904-750,CHN_1097,CHN44p7N89p1E
way/568247904-750,CHN_1098,CHN44p7N89p1E
way/568247904-750,CHN_1099,CHN44p7N89p1E
way/568247904-750,CHN_1100,CHN44p7N89p1E
way/568247904-750,CHN_1101,CHN44p7N89p1E
way/568247904-750,CHN_1102,CHN44p7N89p1E
way/568247904-750,CHN_1103,CHN44p7N89p1E
way/568247904-750,CHN_1104,CHN44p7N89p1E
way/568247904-750,CHN_1107,CHN44p7N89p1E
way/568247904-750,CHN_1108,CHN44p7N89p1E
way/568247904-750,CHN_1109,CHN44p7N89p1E
way/568247904-750,CHN_1110,CHN44p7N89p1E
way/568247904-750,CHN_1111,CHN44p7N89p1E
way/568247904-750,CHN_1112,CHN44p7N89p1E
way/568247904-750,CHN_1113,CHN44p7N89p1E
way/1284618409-750,CHN_1136,Yuanquan
way/1284618409-750,CHN_1137,Yuanquan
way/1284618409-750,CHN_1139,Yuanquan
way/568247904-750,CHN_1140,CHN44p7N89p1E
way/568247904-750,CHN_1141,CHN44p7N89p1E
way/568247904-750,CHN_1142,CHN44p7N89p1E
way/568247904-750,CHN_1143,CHN44p7N89p1E
way/568247904-750,CHN_1144,CHN44p7N89p1E
way/568247904-750,CHN_1145,CHN44p7N89p1E
way/568247904-750,CHN_1146,CHN44p7N89p1E
way/568247904-750,CHN_1147,CHN44p7N89p1E
way/568247904-750,CHN_1149,CHN44p7N89p1E
way/568247904-750,CHN_1151,CHN44p7N89p1E
way/568247904-750,CHN_1152,CHN44p7N89p1E
way/568247904-750,CHN_1153,CHN44p7N89p1E
way/568247904-750,CHN_1154,CHN44p7N89p1E
way/568247904-750,CHN_1155,CHN44p7N89p1E
way/568247904-750,CHN_1156,CHN44p7N89p1E
way/568247904-750,CHN_1157,CHN44p7N89p1E
way/568247904-750,CHN_1158,CHN44p7N89p1E
way/1284618409-750,CHN_1181,Yuanquan
way/1284618409-750,CHN_1182,Yuanquan
way/1284618409-750,CHN_1183,Yuanquan
way/1284618409-750,CHN_1184,Yuanquan
way/1284618409-750,CHN_1185,Yuanquan
way/1284618409-750,CHN_1186,Yuanquan
way/568247904-750,CHN_1187,CHN44p7N89p1E
way/568247904-750,CHN_1188,CHN44p7N89p1E
way/568247904-750,CHN_1189,CHN44p7N89p1E
way/568247904-750,CHN_1190,CHN44p7N89p1E
way/568247904-750,CHN_1191,CHN44p7N89p1E
way/568247904-750,CHN_1192,CHN44p7N89p1E
way/568247904-750,CHN_1193,CHN44p7N89p1E
way/568247904-750,CHN_1194,CHN44p7N89p1E
way/568247904-750,CHN_1196,CHN44p7N89p1E
way/568247904-750,CHN_1197,CHN44p7N89p1E
way/568247904-750,CHN_1198,CHN44p7N89p1E
way/568247904-750,CHN_1199,CHN44p7N89p1E
way/568247904-750,CHN_1200,CHN44p7N89p1E
way/1284618409-750,CHN_1222,Yuanquan
way/1284618409-750,CHN_1223,Yuanquan
way/1284618409-750,CHN_1224,Yuanquan
way/1284618409-750,CHN_1225,Yuanquan
way/1284618409-750,CHN_1226,Yuanquan
way/1284618409-750,CHN_1227,Yuanquan
way/1284618409-750,CHN_1228,Yuanquan
way/1284618409-750,CHN_1229,Yuanquan
way/1284618409-750,CHN_1230,Yuanquan
way/1284618409-750,CHN_1231,Yuanquan
way/568247904-750,CHN_1232,CHN44p7N89p1E
way/568247904-750,CHN_1233,CHN44p7N89p1E
way/568247904-750,CHN_1234,CHN44p7N89p1E
way/568247904-750,CHN_1235,CHN44p7N89p1E
way/568247904-750,CHN_1236,CHN44p7N89p1E
way/568247904-750,CHN_1237,CHN44p7N89p1E
way/568247904-750,CHN_1238,CHN44p7N89p1E
way/568247904-750,CHN_1239,CHN44p7N89p1E
way/1284618409-750,CHN_1262,Yuanquan
way/1284618409-750,CHN_1263,Yuanquan
way/1284618409-750,CHN_1264,Yuanquan
way/1284618409-750,CHN_1265,Yuanquan
way/1284618409-750,CHN_1266,Yuanquan
way/1284618409-750,CHN_1267,Yuanquan
way/1284618409-750,CHN_1268,Yuanquan
way/1284618409-750,CHN_1269,Yuanquan
way/1284618409-750,CHN_1270,Yuanquan
way/1284618409-750,CHN_1271,Yuanquan
way/1284618409-750,CHN_1272,Yuanquan
way/1284618409-750,CHN_1273,Yuanquan
way/1284618409-750,CHN_1274,Yuanquan
way/568247904-750,CHN_1275,CHN44p7N89p1E
way/568247904-750,CHN_1276,CHN44p7N89p1E
way/568247904-750,CHN_1277,CHN44p7N89p1E
way/568247904-750,CHN_1278,CHN44p7N89p1E
way/568247904-750,CHN_1279,CHN44p7N89p1E
way/1284618409-750,CHN_1300,Yuanquan
way/1284618409-750,CHN_1301,Yuanquan
way/1284618409-750,CHN_1302,Yuanquan
way/1284618409-750,CHN_1303,Yuanquan
way/1284618409-750,CHN_1304,Yuanquan
way/1284618409-750,CHN_1305,Yuanquan
way/1284618409-750,CHN_1306,Yuanquan
way/1284618409-750,CHN_1307,Yuanquan
way/1284618409-750,CHN_1308,Yuanquan
way/1284618409-750,CHN_1309,Yuanquan
way/1284618409-750,CHN_1310,Yuanquan
way/1284618409-750,CHN_1311,Yuanquan
way/1284618409-750,CHN_1312,Yuanquan
way/1284618409-750,CHN_1313,Yuanquan
way/1284618409-750,CHN_1314,Yuanquan
way/568247904-750,CHN_1315,CHN44p7N89p1E
way/568247904-750,CHN_1316,CHN44p7N89p1E
way/568247904-750,CHN_1317,CHN44p7N89p1E
way/568247904-750,CHN_1318,CHN44p7N89p1E
way/829750956-500,CHN_1319,Bayi
way/1284618409-750,CHN_1339,Yuanquan
way/1284618409-750,CHN_1340,Yuanquan
way/1284618409-750,CHN_1341,Yuanquan
way/1284618409-750,CHN_1342,Yuanquan
way/1284618409-750,CHN_1343,Yuanquan
way/1284618409-750,CHN_1344,Yuanquan
way/1284618409-750,CHN_1345,Yuanquan
way/1284618409-750,CHN_1346,Yuanquan
way/1284618409-750,CHN_1347,Yuanquan
way/1284618409-750,CHN_1348,Yuanquan
way/1284618409-750,CHN_1349,Yuanquan
way/1284618409-750,CHN_1350,Yuanquan
way/1284618409-750,CHN_1352,Yuanquan
way/1284618409-750,CHN_1353,Yuanquan
way/568247904-750,CHN_1354,CHN44p7N89p1E
way/568247904-750,CHN_1356,CHN44p7N89p1E
way/568247904-750,CHN_1357,CHN44p7N89p1E
way/829750956-500,CHN_1358,Bayi
way/829750956-500,CHN_1360,Bayi
way/1284618409-750,CHN_1376,Yuanquan
way/1284618409-750,CHN_1378,Yuanquan
way/1284618409-750,CHN_1379,Yuanquan
way/1284618409-750,CHN_1380,Yuanquan
way/1284618409-750,CHN_1381,Yuanquan
way/1284618409-750,CHN_1382,Yuanquan
way/1284618409-750,CHN_1383,Yuanquan
way/1284618409-750,CHN_1384,Yuanquan
way/1284618409-750,CHN_1385,Yuanquan
way/1284618409-750,CHN_1386,Yuanquan
way/1284618409-750,CHN_1387,Yuanquan
way/1284618409-750,CHN_1388,Yuanquan
way/1284618409-750,CHN_1391,Yuanquan
way/568247904-750,CHN_1392,CHN44p7N89p1E
way/568247904-750,CHN_1394,CHN44p7N89p1E
way/568247904-750,CHN_1395,CHN44p7N89p1E
way/829750956-500,CHN_1397,Bayi
way/1284618409-750,CHN_1413,Yuanquan
way/1284618409-750,CHN_1414,Yuanquan
way/1284618409-750,CHN_1415,Yuanquan
way/1284618409-750,CHN_1416,Yuanquan
way/1284618409-750,CHN_1417,Yuanquan
way/1284618409-750,CHN_1418,Yuanquan
way/1284618409-750,CHN_1419,Yuanquan
way/1284618409-750,CHN_1420,Yuanquan
way/1284618409-750,CHN_1421,Yuanquan
way/1284618409-750,CHN_1422,Yuanquan
way/1284618409-750,CHN_1423,Yuanquan
way/1284618409-750,CHN_1424,Yuanquan
way/1284618409-750,CHN_1425,Yuanquan
way/1284618409-750,CHN_1427,Yuanquan
way/1284618409-750,CHN_1428,Yuanquan
way/568247904-750,CHN_1429,CHN44p7N89p1E
way/568247904-750,CHN_1430,CHN44p7N89p1E
way/568247904-750,CHN_1431,CHN44p7N89p1E
way/568247904-750,CHN_1432,CHN44p7N89p1E
way/829750956-500,CHN_1436,Bayi
way/1284618409-750,CHN_1449,Yuanquan
way/1284618409-750,CHN_1450,Yuanquan
way/1284618409-750,CHN_1451,Yuanquan
way/1284618409-750,CHN_1452,Yuanquan
way/1284618409-750,CHN_1453,Yuanquan
way/1284618409-750,CHN_1454,Yuanquan
way/1284618409-750,CHN_1455,Yuanquan
way/1284618409-750,CHN_1456,Yuanquan
way/1284618409-750,CHN_1457,Yuanquan
way/1284618409-750,CHN_1459,Yuanquan
way/1284618409-750,CHN_1460,Yuanquan
way/1284618409-750,CHN_1461,Yuanquan
way/1284618409-750,CHN_1462,Yuanquan
way/1284618409-750,CHN_1463,Yuanquan
way/1284618409-750,CHN_1464,Yuanquan
way/1284618409-750,CHN_1465,Yuanquan
way/568247904-750,CHN_1466,CHN44p7N89p1E
way/568247904-750,CHN_1467,CHN44p7N89p1E
way/568247904-750,CHN_1468,CHN44p7N89p1E
way/829750956-500,CHN_1469,Bayi
way/1284618409-750,CHN_1484,Yuanquan
way/1284618409-750,CHN_1485,Yuanquan
way/1284618409-750,CHN_1486,Yuanquan
way/1284618409-750,CHN_1487,Yuanquan
way/1284618409-750,CHN_1488,Yuanquan
way/1284618409-750,CHN_1491,Yuanquan
way/1284618409-750,CHN_1492,Yuanquan
way/1284618409-750,CHN_1493,Yuanquan
way/1284618409-750,CHN_1494,Yuanquan
way/1284618409-750,CHN_1495,Yuanquan
way/1284618409-750,CHN_1496,Yuanquan
way/1284618409-750,CHN_1497,Yuanquan
way/1284618409-750,CHN_1498,Yuanquan
way/1284618409-750,CHN_1499,Yuanquan
way/1284618409-750,CHN_1500,Yuanquan
way/1284618409-750,CHN_1501,Yuanquan
way/568247904-750,CHN_1502,CHN44p7N89p1E
way/829750956-500,CHN_1503,Bayi
way/829750956-500,CHN_1504,Bayi
way/829750956-500,CHN_1505,Bayi
way/1284618409-750,CHN_1519,Yuanquan
way/1284618409-750,CHN_1521,Yuanquan
way/1284618409-750,CHN_1522,Yuanquan
way/1284618409-750,CHN_1526,Yuanquan
way/1284618409-750,CHN_1527,Yuanquan
way/1284618409-750,CHN_1528,Yuanquan
way/1284618409-750,CHN_1529,Yuanquan
way/1284618409-750,CHN_1530,Yuanquan
way/1284618409-750,CHN_1531,Yuanquan
way/1284618409-750,CHN_1532,Yuanquan
way/1284618409-750,CHN_1533,Yuanquan
way/1284618409-750,CHN_1534,Yuanquan
way/1284618409-750,CHN_1535,Yuanquan
way/1284618409-750,CHN_1536,Yuanquan
way/568247904-750,CHN_1537,CHN44p7N89p1E
way/829750956-500,CHN_1540,Bayi
way/1284618409-750,CHN_1553,Yuanquan
way/1284618409-750,CHN_1554,Yuanquan
way/1284618409-750,CHN_1555,Yuanquan
way/1284618409-750,CHN_1556,Yuanquan
way/1284618409-750,CHN_1561,Yuanquan
way/1284618409-750,CHN_1562,Yuanquan
way/1284618409-750,CHN_1564,Yuanquan
way/1284618409-750,CHN_1565,Yuanquan
way/1284618409-750,CHN_1566,Yuanquan
way/1284618409-750,CHN_1567,Yuanquan
way/1284618409-750,CHN_1568,Yuanquan
way/1284618409-750,CHN_1569,Yuanquan
way/1284618409-750,CHN_1570,Yuanquan
way/829750956-500,CHN_1571,Bayi
way/1284618409-750,CHN_1588,Yuanquan
way/1284618409-750,CHN_1589,Yuanquan
way/1284618409-750,CHN_1590,Yuanquan
way/1284618409-750,CHN_1596,Yuanquan
way/1284618409-750,CHN_1597,Yuanquan
way/1284618409-750,CHN_1599,Yuanquan
way/1284618409-750,CHN_1600,Yuanquan
way/1284618409-750,CHN_1601,Yuanquan
way/1284618409-750,CHN_1602,Yuanquan
way/1284618409-750,CHN_1603,Yuanquan
way/1284618409-750,CHN_1604,Yuanquan
way/829750956-500,CHN_1605,Bayi
way/1284618409-750,CHN_1622,Yuanquan
way/1284618409-750,CHN_1623,Yuanquan
way/1284618409-750,CHN_1624,Yuanquan
way/1284618409-750,CHN_1625,Yuanquan
way/1284618409-750,CHN_1629,Yuanquan
way/1284618409-750,CHN_1630,Yuanquan
way/1284618409-750,CHN_1631,Yuanquan
way/1284618409-750,CHN_1633,Yuanquan
way/1284618409-750,CHN_1634,Yuanquan
way/1284618409-750,CHN_1635,Yuanquan
way/1284618409-750,CHN_1636,Yuanquan
way/1284618409-750,CHN_1637,Yuanquan
way/829750956-500,CHN_1638,Bayi
way/829750956-500,CHN_1639,Bayi
way/829750956-500,CHN_1641,Bayi
way/1284618409-750,CHN_1655,Yuanquan
way/1284618409-750,CHN_1656,Yuanquan
way/1284618409-750,CHN_1657,Yuanquan
way/1284618409-750,CHN_1662,Yuanquan
way/1284618409-750,CHN_1663,Yuanquan
way/1284618409-750,CHN_1664,Yuanquan
way/1284618409-750,CHN_1665,Yuanquan
way/1284618409-750,CHN_1666,Yuanquan
way/1284618409-750,CHN_1667,Yuanquan
way/1284618409-750,CHN_1668,Yuanquan
way/1284618409-750,CHN_1669,Yuanquan
way/1284618409-750,CHN_1670,Yuanquan
way/342544899-500,CHN_1671,Dayan
way/342544899-500,CHN_1673,Dayan
way/342544899-500,CHN_1674,Dayan
way/342544899-500,CHN_1677,Dayan
way/829750956-500,CHN_1678,Bayi
way/829750956-500,CHN_1679,Bayi
way/899674815-750,CHN_1692,Qabqa
way/899674815-750,CHN_1693,Qabqa
way/899674815-750,CHN_1694,Qabqa
way/1284618409-750,CHN_1695,Yuanquan
way/1284618409-750,CHN_1699,Yuanquan
way/1284618409-750,CHN_1700,Yuanquan
way/1284618409-750,CHN_1701,Yuanquan
way/1284618409-750,CHN_1702,Yuanquan
way/1284618409-750,CHN_1703,Yuanquan
way/1284618409-750,CHN_1704,Yuanquan
way/1284618409-750,CHN_1705,Yuanquan
way/1284618409-750,CHN_1706,Yuanquan
way/1284618409-750,CHN_1707,Yuanquan
way/342544899-500,CHN_1708,Dayan
way/342544899-500,CHN_1709,Dayan
way/342544899-500,CHN_1711,Dayan
way/342544899-500,CHN_1712,Dayan
way/342544899-500,CHN_1713,Dayan
way/342544899-500,CHN_1714,Dayan
way/342544899-500,CHN_1715,Dayan
way/342544899-500,CHN_1716,Dayan
way/342544899-500,CHN_1717,Dayan
way/342544899-500,CHN_1718,Dayan
way/342544899-500,CHN_1719,Dayan
way/1284618409-750,CHN_1739,Yuanquan
way/1284618409-750,CHN_1741,Yuanquan
way/1284618409-750,CHN_1742,Yuanquan
way/1284618409-750,CHN_1743,Yuanquan
way/1284618409-750,CHN_1744,Yuanquan
way/1284618409-750,CHN_1745,Yuanquan
way/1284618409-750,CHN_1746,Yuanquan
way/1284618409-750,CHN_1747,Yuanquan
way/334186801-500,CHN_1748,Manlin
way/342544899-500,CHN_1749,Dayan
way/342544899-500,CHN_1750,Dayan
way/342544899-500,CHN_1751,Dayan
way/342544899-500,CHN_1752,Dayan
way/342544899-500,CHN_1753,Dayan
way/342544899-500,CHN_1754,Dayan
way/342544899-500,CHN_1755,Dayan
way/342544899-500,CHN_1756,Dayan
way/342544899-500,CHN_1757,Dayan
way/342544899-500,CHN_1758,Dayan
way/342544899-500,CHN_1759,Dayan
way/342544899-500,CHN_1760,Dayan
way/342544899-500,CHN_1761,Dayan
way/342544899-500,CHN_1762,Dayan
way/342544899-500,CHN_1764,Dayan
way/342544899-500,CHN_1765,Dayan
way/342544899-500,CHN_1766,Dayan
way/1284618409-750,CHN_1784,Yuanquan
way/1284618409-750,CHN_1786,Yuanquan
way/1284618409-750,CHN_1787,Yuanquan
way/1284618409-750,CHN_1788,Yuanquan
way/1284618409-750,CHN_1789,Yuanquan
way/1284618409-750,CHN_1790,Yuanquan
way/1284618409-750,CHN_1791,Yuanquan
way/1284618409-750,CHN_1792,Yuanquan
way/334186801-500,CHN_1793,Manlin
way/334186801-500,CHN_1794,Manlin
way/334186801-500,CHN_1795,Manlin
way/334186801-500,CHN_1796,Manlin
way/334186801-500,CHN_1797,Manlin
way/342544899-500,CHN_1798,Dayan
way/342544899-500,CHN_1800,Dayan
way/342544899-500,CHN_1804,Dayan
way/342544899-500,CHN_1805,Dayan
way/342544899-500,CHN_1806,Dayan
way/342544899-500,CHN_1807,Dayan
way/342544899-500,CHN_1808,Dayan
way/342544899-500,CHN_1811,Dayan
way/342544899-500,CHN_1812,Dayan
way/1284618409-750,CHN_1830,Yuanquan
way/1284618409-750,CHN_1831,Yuanquan
way/1284618409-750,CHN_1832,Yuanquan
way/1284618409-750,CHN_1833,Yuanquan
way/1284618409-750,CHN_1834,Yuanquan
way/1284618409-750,CHN_1835,Yuanquan
way/1284618409-750,CHN_1836,Yuanquan
way/1284618409-750,CHN_1837,Yuanquan
way/1284618409-750,CHN_1838,Yuanquan
way/334186801-500,CHN_1839,Manlin
way/334186801-500,CHN_1840,Manlin
way/334186801-500,CHN_1841,Manlin
way/334186801-500,CHN_1842,Manlin
way/334186801-500,CHN_1843,Manlin
way/342544899-500,CHN_1844,Dayan
way/342544899-500,CHN_1845,Dayan
way/342544899-500,CHN_1846,Dayan
way/342544899-500,CHN_1847,Dayan
way/342544899-500,CHN_1850,Dayan
way/342544899-500,CHN_1851,Dayan
way/342544899-500,CHN_1853,Dayan
way/899674815-750,CHN_1870,Qabqa
way/899674815-750,CHN_1871,Qabqa
way/899674815-750,CHN_1875,Qabqa
way/899674815-750,CHN_1876,Qabqa
way/899674815-750,CHN_1877,Qabqa
way/1284618409-750,CHN_1878,Yuanquan
way/1284618409-750,CHN_1879,Yuanquan
way/1284618409-750,CHN_1880,Yuanquan
way/1284618409-750,CHN_1881,Yuanquan
way/1284618409-750,CHN_1882,Yuanquan
way/1284618409-750,CHN_1883,Yuanquan
way/1284618409-750,CHN_1884,Yuanquan
way/1284618409-750,CHN_1885,Yuanquan
way/334186801-500,CHN_1886,Manlin
way/334186801-500,CHN_1887,Manlin
way/334186801-500,CHN_1888,Manlin
way/334186801-500,CHN_1889,Manlin
way/334186801-500,CHN_1890,Manlin
way/334186801-500,CHN_1892,Manlin
way/342544899-500,CHN_1893,Dayan
way/342544899-500,CHN_1896,Dayan
way/342544899-500,CHN_1899,Dayan
way/342544899-500,CHN_1901,Dayan
way/567304518-500,CHN_1907,Xichang
way/899674815-750,CHN_1916,Qabqa
way/899674815-750,CHN_1917,Qabqa
way/899674815-750,CHN_1919,Qabqa
way/899674815-750,CHN_1920,Qabqa
way/899674815-750,CHN_1923,Qabqa
way/899674815-750,CHN_1924,Qabqa
way/899674815-750,CHN_1926,Qabqa
way/899674815-750,CHN_1927,Qabqa
way/899674815-750,CHN_1928,Qabqa
way/899674815-750,CHN_1929,Qabqa
way/1284618409-750,CHN_1930,Yuanquan
way/1284618409-750,CHN_1931,Yuanquan
way/1284618409-750,CHN_1932,Yuanquan
way/1284618409-750,CHN_1933,Yuanquan
way/1284618409-750,CHN_1934,Yuanquan
way/334186801-500,CHN_1935,Manlin
way/334186801-500,CHN_1936,Manlin
way/334186801-500,CHN_1939,Manlin
way/334186801-500,CHN_1940,Manlin
way/334186801-500,CHN_1942,Manlin
way/342544899-500,CHN_1944,Dayan
way/342544899-500,CHN_1945,Dayan
way/342544899-500,CHN_1948,Dayan
way/342544899-500,CHN_1950,Dayan
way/567304518-500,CHN_1952,Xichang
way/567304518-500,CHN_1955,Xichang
way/899674815-750,CHN_1967,Qabqa
way/899674815-750,CHN_1969,Qabqa
way/899674815-750,CHN_1973,Qabqa
way/899674815-750,CHN_1975,Qabqa
way/899674815-750,CHN_1976,Qabqa
way/899674815-750,CHN_1977,Qabqa
way/899674815-750,CHN_1978,Qabqa
way/899674815-750,CHN_1979,Qabqa
way/899674815-750,CHN_1980,Qabqa
way/899674815-750,CHN_1981,Qabqa
way/1284618409-750,CHN_1982,Yuanquan
way/1284618409-750,CHN_1983,Yuanquan
way/334186801-500,CHN_1984,Manlin
way/334186801-500,CHN_1985,Manlin
way/334186801-500,CHN_1986,Manlin
way/334186801-500,CHN_1988,Manlin
way/334186801-500,CHN_1989,Manlin
way/334186801-500,CHN_1990,Manlin
way/334186801-500,CHN_1991,Manlin
way/477823691-500,CHN_1992,Jinbi
way/477823691-500,CHN_1993,Jinbi
way/477823691-500,CHN_1994,Jinbi
way/342544899-500,CHN_1995,Dayan
way/477823691-500,CHN_1996,Jinbi
way/342544899-500,CHN_1997,Dayan
way/567304518-500,CHN_2001,Xichang
way/567304518-500,CHN_2002,Xichang
way/567304518-500,CHN_2003,Xichang
way/567304518-500,CHN_2005,Xichang
way/813559297-500,CHN_2006,Mianyang
way/899674815-750,CHN_2016,Qabqa
way/899674815-750,CHN_2018,Qabqa
way/899674815-750,CHN_2019,Qabqa
way/899674815-750,CHN_2021,Qabqa
way/899674815-750,CHN_2022,Qabqa
way/899674815-750,CHN_2023,Qabqa
way/899674815-750,CHN_2024,Qabqa
way/899674815-750,CHN_2025,Qabqa
way/899674815-750,CHN_2026,Qabqa
way/899674815-750,CHN_2027,Qabqa
way/899674815-750,CHN_2028,Qabqa
way/899674815-750,CHN_2029,Qabqa
way/899674815-750,CHN_2030,Qabqa
way/899674815-750,CHN_2031,Qabqa
way/899674815-750,CHN_2032,Qabqa
way/334186801-500,CHN_2033,Manlin
way/334186801-500,CHN_2034,Manlin
way/334186801-500,CHN_2035,Manlin
way/334186801-500,CHN_2036,Manlin
way/334186801-500,CHN_2037,Manlin
way/334186801-500,CHN_2039,Manlin
way/334186801-500,CHN_2040,Manlin
way/477823691-500,CHN_2041,Jinbi
way/477823691-500,CHN_2046,Jinbi
way/567304518-500,CHN_2050,Xichang
way/813559297-500,CHN_2055,Mianyang
way/813559297-500,CHN_2056,Mianyang
way/813559297-500,CHN_2057,Mianyang
way/813559297-500,CHN_2058,Mianyang
way/899674815-750,CHN_2065,Qabqa
way/899674815-750,CHN_2066,Qabqa
way/899674815-750,CHN_2069,Qabqa
way/899674815-750,CHN_2070,Qabqa
way/899674815-750,CHN_2071,Qabqa
way/899674815-750,CHN_2072,Qabqa
way/899674815-750,CHN_2073,Qabqa
way/899674815-750,CHN_2074,Qabqa
way/899674815-750,CHN_2075,Qabqa
way/899674815-750,CHN_2076,Qabqa
way/899674815-750,CHN_2077,Qabqa
way/899674815-750,CHN_2078,Qabqa
way/899674815-750,CHN_2079,Qabqa
way/899674815-750,CHN_2080,Qabqa
way/334186801-500,CHN_2081,Manlin
way/334186801-500,CHN_2082,Manlin
way/334186801-500,CHN_2083,Manlin
way/334186801-500,CHN_2084,Manlin
way/334186801-500,CHN_2085,Manlin
way/334186801-500,CHN_2087,Manlin
way/477823691-500,CHN_2088,Jinbi
way/477823691-500,CHN_2091,Jinbi
way/567304518-500,CHN_2097,Xichang
way/813559297-500,CHN_2102,Mianyang
way/813559297-500,CHN_2103,Mianyang
way/434717259-750,CHN_2111,Wulan
way/434717259-750,CHN_2112,Wulan
way/899674815-750,CHN_2113,Qabqa
way/899674815-750,CHN_2116,Qabqa
way/434717259-750,CHN_2117,Wulan
way/899674815-750,CHN_2119,Qabqa
way/899674815-750,CHN_2120,Qabqa
way/899674815-750,CHN_2121,Qabqa
way/899674815-750,CHN_2122,Qabqa
way/899674815-750,CHN_2123,Qabqa
way/899674815-750,CHN_2124,Qabqa
way/899674815-750,CHN_2125,Qabqa
way/899674815-750,CHN_2126,Qabqa
way/899674815-750,CHN_2127,Qabqa
way/334186801-500,CHN_2128,Manlin
way/334186801-500,CHN_2129,Manlin
way/334186801-500,CHN_2130,Manlin
way/334186801-500,CHN_2131,Manlin
way/477823691-500,CHN_2137,Jinbi
way/567304518-500,CHN_2138,Xichang
way/567304518-500,CHN_2145,Xichang
way/813559297-500,CHN_2146,Mianyang
way/813559297-500,CHN_2147,Mianyang
way/434717259-750,CHN_2155,Wulan
way/434717259-750,CHN_2156,Wulan
way/434717259-750,CHN_2157,Wulan
way/434717259-750,CHN_2158,Wulan
way/899674815-750,CHN_2159,Qabqa
way/899674815-750,CHN_2160,Qabqa
way/434717259-750,CHN_2161,Wulan
way/899674815-750,CHN_2164,Qabqa
way/899674815-750,CHN_2165,Qabqa
way/899674815-750,CHN_2166,Qabqa
way/899674815-750,CHN_2167,Qabqa
way/899674815-750,CHN_2168,Qabqa
way/899674815-750,CHN_2169,Qabqa
way/899674815-750,CHN_2170,Qabqa
way/899674815-750,CHN_2171,Qabqa
way/899674815-750,CHN_2172,Qabqa
way/334186801-500,CHN_2173,Manlin
way/334186801-500,CHN_2174,Manlin
way/477823691-500,CHN_2180,Jinbi
way/477823691-500,CHN_2181,Jinbi
way/477823691-500,CHN_2182,Jinbi
way/567304518-500,CHN_2189,Xichang
way/813559297-500,CHN_2191,Mianyang
way/813559297-500,CHN_2193,Mianyang
way/813559297-500,CHN_2194,Mianyang
way/813559297-500,CHN_2198,Mianyang
way/434717259-750,CHN_2199,Wulan
way/434717259-750,CHN_2200,Wulan
way/434717259-750,CHN_2201,Wulan
way/434717259-750,CHN_2202,Wulan
way/434717259-750,CHN_2204,Wulan
way/434717259-750,CHN_2206,Wulan
way/434717259-750,CHN_2207,Wulan
way/434717259-750,CHN_2208,Wulan
way/434717259-750,CHN_2209,Wulan
way/899674815-750,CHN_2210,Qabqa
way/899674815-750,CHN_2211,Qabqa
way/899674815-750,CHN_2212,Qabqa
way/899674815-750,CHN_2213,Qabqa
way/899674815-750,CHN_2214,Qabqa
way/899674815-750,CHN_2215,Qabqa
way/899674815-750,CHN_2216,Qabqa
way/334186801-500,CHN_2217,Manlin
way/477823691-500,CHN_2221,Jinbi
way/567304518-500,CHN_2226,Xichang
way/567304518-500,CHN_2229,Xichang
way/567304518-500,CHN_2233,Xichang
way/813559297-500,CHN_2234,Mianyang
way/813559297-500,CHN_2237,Mianyang
way/813559297-500,CHN_2239,Mianyang
way/813559297-500,CHN_2240,Mianyang
way/813559297-500,CHN_2241,Mianyang
way/813559297-500,CHN_2242,Mianyang
way/434717259-750,CHN_2243,Wulan
way/434717259-750,CHN_2244,Wulan
way/434717259-750,CHN_2245,Wulan
way/434717259-750,CHN_2247,Wulan
way/434717259-750,CHN_2248,Wulan
way/434717259-750,CHN_2249,Wulan
way/434717259-750,CHN_2250,Wulan
way/434717259-750,CHN_2251,Wulan
way/434717259-750,CHN_2252,Wulan
way/434717259-750,CHN_2253,Wulan
way/434717259-750,CHN_2254,Wulan
way/899674815-750,CHN_2255,Qabqa
way/899674815-750,CHN_2256,Qabqa
way/899674815-750,CHN_2257,Qabqa
way/899674815-750,CHN_2258,Qabqa
way/821660572-500,CHN_2259,Sizhan
way/821660572-500,CHN_2260,Sizhan
way/334186801-500,CHN_2261,Manlin
way/334186801-500,CHN_2262,Manlin
way/334186801-500,CHN_2263,Manlin
way/334186801-500,CHN_2264,Manlin
way/477823691-500,CHN_2265,Jinbi
way/477823691-500,CHN_2266,Jinbi
way/178865921-500,CHN_2270,Anshun
way/567304518-500,CHN_2271,Xichang
way/813559297-500,CHN_2282,Mianyang
way/813559297-500,CHN_2283,Mianyang
way/813559297-500,CHN_2284,Mianyang
way/813559297-500,CHN_2285,Mianyang
way/434717259-750,CHN_2286,Wulan
way/434717259-750,CHN_2287,Wulan
way/434717259-750,CHN_2288,Wulan
way/434717259-750,CHN_2289,Wulan
way/434717259-750,CHN_2290,Wulan
way/434717259-750,CHN_2291,Wulan
way/434717259-750,CHN_2292,Wulan
way/434717259-750,CHN_2293,Wulan
way/434717259-750,CHN_2294,Wulan
way/434717259-750,CHN_2295,Wulan
way/434717259-750,CHN_2296,Wulan
way/434717259-750,CHN_2297,Wulan
way/821660572-500,CHN_2298,Sizhan
way/821660572-500,CHN_2299,Sizhan
way/821660572-500,CHN_2300,Sizhan
way/821660572-500,CHN_2301,Sizhan
way/821660572-500,CHN_2302,Sizhan
way/821660572-500,CHN_2303,Sizhan
way/821660572-500,CHN_2304,Sizhan
way/178865921-500,CHN_2305,Anshun
way/178865921-500,CHN_2306,Anshun
way/178865921-500,CHN_2308,Anshun
way/178865921-500,CHN_2309,Anshun
way/178865921-500,CHN_2312,Anshun
way/178865921-500,CHN_2313,Anshun
way/178865921-500,CHN_2316,Anshun
way/813559297-500,CHN_2320,Mianyang
way/813559297-500,CHN_2325,Mianyang
way/813559297-500,CHN_2326,Mianyang
way/813559297-500,CHN_2327,Mianyang
way/813559297-500,CHN_2328,Mianyang
way/813559297-500,CHN_2329,Mianyang
way/434717259-750,CHN_2330,Wulan
way/434717259-750,CHN_2331,Wulan
way/434717259-750,CHN_2332,Wulan
way/434717259-750,CHN_2333,Wulan
way/434717259-750,CHN_2335,Wulan
way/434717259-750,CHN_2336,Wulan
way/434717259-750,CHN_2337,Wulan
way/434717259-750,CHN_2339,Wulan
way/434717259-750,CHN_2340,Wulan
way/821660572-500,CHN_2341,Sizhan
way/821660572-500,CHN_2342,Sizhan
way/821660572-500,CHN_2343,Sizhan
way/821660572-500,CHN_2344,Sizhan
way/821660572-500,CHN_2345,Sizhan
way/821660572-500,CHN_2346,Sizhan
way/821660572-500,CHN_2347,Sizhan
way/821660572-500,CHN_2348,Sizhan
way/451849406-500,CHN_2349,ZhongdongShequ
way/451849406-500,CHN_2350,ZhongdongShequ
way/451849406-500,CHN_2352,ZhongdongShequ
way/178865921-500,CHN_2353,Anshun
way/178865921-500,CHN_2359,Anshun
way/567304518-500,CHN_2363,Xichang
way/813559297-500,CHN_2367,Mianyang
way/813559297-500,CHN_2371,Mianyang
way/813559297-500,CHN_2372,Mianyang
way/813559297-500,CHN_2373,Mianyang
way/434717259-750,CHN_2374,Wulan
way/434717259-750,CHN_2375,Wulan
way/434717259-750,CHN_2376,Wulan
way/434717259-750,CHN_2377,Wulan
way/434717259-750,CHN_2378,Wulan
way/434717259-750,CHN_2379,Wulan
way/434717259-750,CHN_2380,Wulan
way/434717259-750,CHN_2382,Wulan
way/434717259-750,CHN_2383,Wulan
way/434717259-750,CHN_2384,Wulan
way/821660572-500,CHN_2385,Sizhan
way/821660572-500,CHN_2386,Sizhan
way/821660572-500,CHN_2387,Sizhan
way/821660572-500,CHN_2388,Sizhan
way/821660572-500,CHN_2389,Sizhan
way/821660572-500,CHN_2390,Sizhan
way/821660572-500,CHN_2391,Sizhan
way/451849406-500,CHN_2392,ZhongdongShequ
way/451849406-500,CHN_2394,ZhongdongShequ
way/178865921-500,CHN_2395,Anshun
way/178865921-500,CHN_2402,Anshun
way/178865921-500,CHN_2403,Anshun
way/337055172-500,CHN_2404,Chongqing
way/813559297-500,CHN_2406,Mianyang
way/813559297-500,CHN_2409,Mianyang
way/813559297-500,CHN_2410,Mianyang
way/813559297-500,CHN_2411,Mianyang
way/813559297-500,CHN_2412,Mianyang
way/813559297-500,CHN_2413,Mianyang
way/813559297-500,CHN_2414,Mianyang
way/813559297-500,CHN_2415,Mianyang
way/434717259-750,CHN_2416,Wulan
way/434717259-750,CHN_2417,Wulan
way/434717259-750,CHN_2419,Wulan
way/434717259-750,CHN_2420,Wulan
way/434717259-750,CHN_2421,Wulan
way/434717259-750,CHN_2422,Wulan
way/434717259-750,CHN_2423,Wulan
way/434717259-750,CHN_2425,Wulan
way/821660572-500,CHN_2426,Sizhan
way/821660572-500,CHN_2427,Sizhan
way/821660572-500,CHN_2428,Sizhan
way/821660572-500,CHN_2429,Sizhan
way/821660572-500,CHN_2430,Sizhan
way/821660572-500,CHN_2431,Sizhan
way/821660572-500,CHN_2432,Sizhan
way/821660572-500,CHN_2433,Sizhan
way/821660572-500,CHN_2434,Sizhan
way/451849406-500,CHN_2435,ZhongdongShequ
way/451849406-500,CHN_2437,ZhongdongShequ
way/451849406-500,CHN_2438,ZhongdongShequ
way/178865921-500,CHN_2439,Anshun
way/178865921-500,CHN_2440,Anshun
way/178865921-500,CHN_2443,Anshun
way/178865921-500,CHN_2445,Anshun
way/337055172-500,CHN_2446,Chongqing
way/337055172-500,CHN_2447,Chongqing
way/337055172-500,CHN_2448,Chongqing
way/337055172-500,CHN_2452,Chongqing
way/813559297-500,CHN_2453,Mianyang
way/813559297-500,CHN_2454,Mianyang
way/813559297-500,CHN_2455,Mianyang
way/813559297-500,CHN_2457,Mianyang
way/813559297-500,CHN_2458,Mianyang
way/434717259-750,CHN_2459,Wulan
way/434717259-750,CHN_2460,Wulan
way/434717259-750,CHN_2461,Wulan
way/434717259-750,CHN_2462,Wulan
way/434717259-750,CHN_2463,Wulan
way/434717259-750,CHN_2465,Wulan
way/821660572-500,CHN_2471,Sizhan
way/821660572-500,CHN_2472,Sizhan
way/821660572-500,CHN_2473,Sizhan
way/821660572-500,CHN_2474,Sizhan
way/821660572-500,CHN_2475,Sizhan
way/821660572-500,CHN_2476,Sizhan
way/821660572-500,CHN_2477,Sizhan
way/451849406-500,CHN_2479,ZhongdongShequ
way/451849406-500,CHN_2481,ZhongdongShequ
way/451849406-500,CHN_2482,ZhongdongShequ
way/178865921-500,CHN_2483,Anshun
way/178865921-500,CHN_2484,Anshun
way/178865921-500,CHN_2485,Anshun
way/337055172-500,CHN_2491,Chongqing
way/337055172-500,CHN_2494,Chongqing
way/813559297-500,CHN_2497,Mianyang
way/813559297-500,CHN_2498,Mianyang
way/813559297-500,CHN_2499,Mianyang
way/813559297-500,CHN_2500,Mianyang
way/813559297-500,CHN_2501,Mianyang
way/434717259-750,CHN_2502,Wulan
way/434717259-750,CHN_2503,Wulan
way/434717259-750,CHN_2504,Wulan
way/434717259-750,CHN_2505,Wulan
way/434717259-750,CHN_2509,Wulan
way/434717259-750,CHN_2510,Wulan
way/821660572-500,CHN_2514,Sizhan
way/821660572-500,CHN_2515,Sizhan
way/821660572-500,CHN_2516,Sizhan
way/821660572-500,CHN_2517,Sizhan
way/821660572-500,CHN_2518,Sizhan
way/821660572-500,CHN_2519,Sizhan
way/821660572-500,CHN_2520,Sizhan
way/821660572-500,CHN_2521,Sizhan
way/451849406-500,CHN_2522,ZhongdongShequ
way/451849406-500,CHN_2523,ZhongdongShequ
way/451849406-500,CHN_2524,ZhongdongShequ
way/451849406-500,CHN_2525,ZhongdongShequ
way/451849406-500,CHN_2526,ZhongdongShequ
way/451849406-500,CHN_2528,ZhongdongShequ
way/178865921-500,CHN_2529,Anshun
way/178865921-500,CHN_2530,Anshun
way/337055172-500,CHN_2536,Chongqing
way/337055172-500,CHN_2541,Chongqing
way/337055172-500,CHN_2543,Chongqing
way/337055172-500,CHN_2544,Chongqing
way/337055172-500,CHN_2545,Chongqing
way/813559297-500,CHN_2546,Mianyang
way/813559297-500,CHN_2547,Mianyang
way/434717259-750,CHN_2548,Wulan
way/434717259-750,CHN_2549,Wulan
way/434717259-750,CHN_2550,Wulan
way/434717259-750,CHN_2554,Wulan
way/434717259-750,CHN_2555,Wulan
way/434717259-750,CHN_2556,Wulan
way/821660572-500,CHN_2557,Sizhan
way/821660572-500,CHN_2566,Sizhan
way/821660572-500,CHN_2567,Sizhan
way/821660572-500,CHN_2568,Sizhan
way/578735778-500,CHN_2569,Fangchenggang
way/451849406-500,CHN_2570,ZhongdongShequ
way/451849406-500,CHN_2571,ZhongdongShequ
way/451849406-500,CHN_2574,ZhongdongShequ
way/451849406-500,CHN_2575,ZhongdongShequ
way/178865921-500,CHN_2577,Anshun
way/178865921-500,CHN_2578,Anshun
way/178865921-500,CHN_2579,Anshun
way/178865921-500,CHN_2580,Anshun
way/178865921-500,CHN_2582,Anshun
way/337055172-500,CHN_2584,Chongqing
way/337055172-500,CHN_2585,Chongqing
way/337055172-500,CHN_2586,Chongqing
way/337055172-500,CHN_2588,Chongqing
way/337055172-500,CHN_2591,Chongqing
way/337055172-500,CHN_2592,Chongqing
way/337055172-500,CHN_2593,Chongqing
way/337055172-500,CHN_2594,Chongqing
way/434717259-750,CHN_2595,Wulan
way/434717259-750,CHN_2596,Wulan
way/434717259-750,CHN_2599,Wulan
way/434717259-750,CHN_2600,Wulan
way/434717259-750,CHN_2601,Wulan
way/434717259-750,CHN_2602,Wulan
way/821660572-500,CHN_2603,Sizhan
way/821660572-500,CHN_2604,Sizhan
way/821660572-500,CHN_2605,Sizhan
way/821660572-500,CHN_2606,Sizhan
way/821660572-500,CHN_2607,Sizhan
way/821660572-500,CHN_2609,Sizhan
way/821660572-500,CHN_2610,Sizhan
way/821660572-500,CHN_2612,Sizhan
way/821660572-500,CHN_2613,Sizhan
way/821660572-500,CHN_2614,Sizhan
way/821660572-500,CHN_2615,Sizhan
way/578735778-500,CHN_2616,Fangchenggang
way/578735778-500,CHN_2617,Fangchenggang
way/451849406-500,CHN_2618,ZhongdongShequ
way/451849406-500,CHN_2619,ZhongdongShequ
way/451849406-500,CHN_2622,ZhongdongShequ
way/451849406-500,CHN_2623,ZhongdongShequ
way/178865921-500,CHN_2624,Anshun
way/178865921-500,CHN_2626,Anshun
way/337055172-500,CHN_2630,Chongqing
way/337055172-500,CHN_2631,Chongqing
way/337055172-500,CHN_2632,Chongqing
way/337055172-500,CHN_2634,Chongqing
way/337055172-500,CHN_2635,Chongqing
way/337055172-500,CHN_2636,Chongqing
way/337055172-500,CHN_2637,Chongqing
way/337055172-500,CHN_2639,Chongqing
way/337055172-500,CHN_2640,Chongqing
CN4540-500,CHN_2641,Hejin
CN4540-500,CHN_2642,Hejin
CN4540-500,CHN_2643,Hejin
CN4540-500,CHN_2645,Hejin
way/434717259-750,CHN_2647,Wulan
way/434717259-750,CHN_2648,Wulan
way/821660572-500,CHN_2649,Sizhan
way/821660572-500,CHN_2650,Sizhan
way/821660572-500,CHN_2651,Sizhan
way/821660572-500,CHN_2652,Sizhan
way/821660572-500,CHN_2653,Sizhan
way/821660572-500,CHN_2654,Sizhan
way/821660572-500,CHN_2655,Sizhan
way/821660572-500,CHN_2656,Sizhan
way/821660572-500,CHN_2658,Sizhan
way/821660572-500,CHN_2659,Sizhan
way/821660572-500,CHN_2660,Sizhan
way/821660572-500,CHN_2661,Sizhan
way/821660572-500,CHN_2662,Sizhan
way/578735778-500,CHN_2664,Fangchenggang
way/451849406-500,CHN_2667,ZhongdongShequ
way/451849406-500,CHN_2668,ZhongdongShequ
way/542699342-500,CHN_2671,Liuzhou
way/178865921-500,CHN_2672,Anshun
way/178865921-500,CHN_2673,Anshun
way/178865921-500,CHN_2674,Anshun
way/337055172-500,CHN_2676,Chongqing
way/337055172-500,CHN_2677,Chongqing
way/337055172-500,CHN_2678,Chongqing
way/337055172-500,CHN_2679,Chongqing
way/337055172-500,CHN_2681,Chongqing
way/337055172-500,CHN_2682,Chongqing
way/337055172-500,CHN_2684,Chongqing
way/337055172-500,CHN_2685,Chongqing
way/337055172-500,CHN_2686,Chongqing
way/337055172-500,CHN_2687,Chongqing
CN4540-500,CHN_2688,Hejin
CN4540-500,CHN_2689,Hejin
CN4540-500,CHN_2690,Hejin
CN4540-500,CHN_2693,Hejin
CN4540-500,CHN_2694,Hejin
CN4540-500,CHN_2695,Hejin
way/821660572-500,CHN_2696,Sizhan
way/821660572-500,CHN_2697,Sizhan
way/821660572-500,CHN_2700,Sizhan
way/821660572-500,CHN_2701,Sizhan
way/821660572-500,CHN_2702,Sizhan
way/821660572-500,CHN_2703,Sizhan
way/821660572-500,CHN_2704,Sizhan
way/821660572-500,CHN_2705,Sizhan
way/858207240-500,CHN_2706,Hohhot
way/858207240-500,CHN_2707,Hohhot
way/821660572-500,CHN_2709,Sizhan
way/578735778-500,CHN_2710,Fangchenggang
way/578735778-500,CHN_2711,Fangchenggang
way/578735778-500,CHN_2712,Fangchenggang
way/451849406-500,CHN_2715,ZhongdongShequ
way/542699342-500,CHN_2717,Liuzhou
way/542699342-500,CHN_2719,Liuzhou
way/542699342-500,CHN_2720,Liuzhou
way/542699342-500,CHN_2721,Liuzhou
way/542699342-500,CHN_2722,Liuzhou
way/542699342-500,CHN_2723,Liuzhou
way/542699342-500,CHN_2724,Liuzhou
way/337055172-500,CHN_2726,Chongqing
way/337055172-500,CHN_2727,Chongqing
way/337055172-500,CHN_2728,Chongqing
way/337055172-500,CHN_2729,Chongqing
CN7501-500,CHN_2730,Xiaoxita
CN7501-500,CHN_2731,Xiaoxita
way/337055172-500,CHN_2732,Chongqing
way/337055172-500,CHN_2733,Chongqing
CN7501-500,CHN_2734,Xiaoxita
CN7501-500,CHN_2735,Xiaoxita
CN7501-500,CHN_2736,Xiaoxita
way/337055172-500,CHN_2737,Chongqing
CN4540-500,CHN_2738,Hejin
CN4540-500,CHN_2739,Hejin
CN4540-500,CHN_2740,Hejin
CN4540-500,CHN_2742,Hejin
CN4540-500,CHN_2743,Hejin
CN4540-500,CHN_2744,Hejin
CN4540-500,CHN_2745,Hejin
CN4540-500,CHN_2746,Hejin
way/821660572-500,CHN_2747,Sizhan
way/821660572-500,CHN_2748,Sizhan
way/821660572-500,CHN_2750,Sizhan
way/821660572-500,CHN_2752,Sizhan
way/858207240-500,CHN_2753,Hohhot
way/858207240-500,CHN_2754,Hohhot
way/858207240-500,CHN_2755,Hohhot
way/858207240-500,CHN_2756,Hohhot
way/821660572-500,CHN_2758,Sizhan
way/821660572-500,CHN_2759,Sizhan
way/578735778-500,CHN_2760,Fangchenggang
way/578735778-500,CHN_2761,Fangchenggang
way/578735778-500,CHN_2762,Fangchenggang
way/578735778-500,CHN_2763,Fangchenggang
way/578735778-500,CHN_2764,Fangchenggang
way/578735778-500,CHN_2765,Fangchenggang
way/578735778-500,CHN_2767,Fangchenggang
way/451849406-500,CHN_2768,ZhongdongShequ
way/542699342-500,CHN_2769,Liuzhou
way/542699342-500,CHN_2771,Liuzhou
way/542699342-500,CHN_2773,Liuzhou
way/542699342-500,CHN_2774,Liuzhou
way/542699342-500,CHN_2775,Liuzhou
way/542699342-500,CHN_2778,Liuzhou
way/337055172-500,CHN_2782,Chongqing
CN7501-500,CHN_2783,Xiaoxita
CN7501-500,CHN_2785,Xiaoxita
CN7501-500,CHN_2786,Xiaoxita
CN7501-500,CHN_2788,Xiaoxita
CN7501-500,CHN_2789,Xiaoxita
CN7501-500,CHN_2790,Xiaoxita
CN4540-500,CHN_2791,Hejin
CN4540-500,CHN_2792,Hejin
CN4540-500,CHN_2793,Hejin
CN4540-500,CHN_2799,Hejin
way/821660572-500,CHN_2800,Sizhan
way/821660572-500,CHN_2801,Sizhan
way/821660572-500,CHN_2803,Sizhan
way/821660572-500,CHN_2804,Sizhan
way/858207240-500,CHN_2805,Hohhot
way/858207240-500,CHN_2806,Hohhot
way/858207240-500,CHN_2809,Hohhot
way/858207240-500,CHN_2810,Hohhot
way/858207240-500,CHN_2811,Hohhot
way/821660572-500,CHN_2812,Sizhan
way/578735778-500,CHN_2813,Fangchenggang
way/578735778-500,CHN_2814,Fangchenggang
way/578735778-500,CHN_2815,Fangchenggang
way/578735778-500,CHN_2816,Fangchenggang
way/578735778-500,CHN_2818,Fangchenggang
way/578735778-500,CHN_2819,Fangchenggang
way/578735778-500,CHN_2821,Fangchenggang
way/542699342-500,CHN_2822,Liuzhou
way/542699342-500,CHN_2824,Liuzhou
way/542699342-500,CHN_2827,Liuzhou
way/542699342-500,CHN_2828,Liuzhou
way/542699342-500,CHN_2829,Liuzhou
way/542699342-500,CHN_2830,Liuzhou
way/542699342-500,CHN_2831,Liuzhou
way/205965369-500,CHN_2833,Yiyang
way/337055172-500,CHN_2834,Chongqing
way/337055172-500,CHN_2835,Chongqing
way/337055172-500,CHN_2836,Chongqing
CN7501-500,CHN_2837,Xiaoxita
CN7501-500,CHN_2838,Xiaoxita
CN7501-500,CHN_2839,Xiaoxita
CN7501-500,CHN_2840,Xiaoxita
CN7501-500,CHN_2842,Xiaoxita
CN7501-500,CHN_2843,Xiaoxita
CN7501-500,CHN_2844,Xiaoxita
CN7501-500,CHN_2845,Xiaoxita
CN4540-500,CHN_2846,Hejin
CN4540-500,CHN_2847,Hejin
CN4540-500,CHN_2850,Hejin
CN4540-500,CHN_2852,Hejin
CN4540-500,CHN_2853,Hejin
CN4540-500,CHN_2854,Hejin
way/858207240-500,CHN_2858,Hohhot
way/858207240-500,CHN_2861,Hohhot
way/858207240-500,CHN_2863,Hohhot
way/858207240-500,CHN_2864,Hohhot
way/858207240-500,CHN_2865,Hohhot
way/858207240-500,CHN_2866,Hohhot
way/858207240-500,CHN_2867,Hohhot
way/578735778-500,CHN_2868,Fangchenggang
way/578735778-500,CHN_2869,Fangchenggang
way/578735778-500,CHN_2870,Fangchenggang
way/462823764-500,CHN_2873,Yangjiang
way/462823764-500,CHN_2875,Yangjiang
way/462823764-500,CHN_2876,Yangjiang
way/542699342-500,CHN_2878,Liuzhou
way/542699342-500,CHN_2879,Liuzhou
way/542699342-500,CHN_2880,Liuzhou
way/542699342-500,CHN_2882,Liuzhou
way/542699342-500,CHN_2884,Liuzhou
way/542699342-500,CHN_2885,Liuzhou
way/542699342-500,CHN_2886,Liuzhou
way/205965369-500,CHN_2887,Yiyang
way/205965369-500,CHN_2889,Yiyang
way/205965369-500,CHN_2890,Yiyang
way/205965369-500,CHN_2891,Yiyang
CN7501-500,CHN_2892,Xiaoxita
CN7501-500,CHN_2893,Xiaoxita
CN7501-500,CHN_2896,Xiaoxita
CN7501-500,CHN_2897,Xiaoxita
CN7501-500,CHN_2898,Xiaoxita
CN7501-500,CHN_2899,Xiaoxita
CN7501-500,CHN_2900,Xiaoxita
CN7501-500,CHN_2901,Xiaoxita
CN4540-500,CHN_2902,Hejin
CN4540-500,CHN_2903,Hejin
CN4540-500,CHN_2905,Hejin
CN4540-500,CHN_2906,Hejin
CN4540-500,CHN_2907,Hejin
CN4540-500,CHN_2908,Hejin
CN4540-500,CHN_2909,Hejin
CN4540-500,CHN_2911,Hejin
way/858207240-500,CHN_2920,Hohhot
way/858207240-500,CHN_2921,Hohhot
way/858207240-500,CHN_2922,Hohhot
way/578735778-500,CHN_2923,Fangchenggang
way/578735778-500,CHN_2924,Fangchenggang
way/578735778-500,CHN_2925,Fangchenggang
way/578735778-500,CHN_2926,Fangchenggang
way/578735778-500,CHN_2927,Fangchenggang
way/462823764-500,CHN_2928,Yangjiang
way/462823764-500,CHN_2931,Yangjiang
way/462823764-500,CHN_2932,Yangjiang
way/542699342-500,CHN_2933,Liuzhou
way/462823764-500,CHN_2934,Yangjiang
way/542699342-500,CHN_2935,Liuzhou
way/542699342-500,CHN_2936,Liuzhou
way/542699342-500,CHN_2937,Liuzhou
way/542699342-500,CHN_2939,Liuzhou
way/542699342-500,CHN_2940,Liuzhou
way/205965369-500,CHN_2941,Yiyang
way/205965369-500,CHN_2942,Yiyang
way/205965369-500,CHN_2943,Yiyang
way/205965369-500,CHN_2944,Yiyang
way/205965369-500,CHN_2945,Yiyang
way/205965369-500,CHN_2946,Yiyang
CN7501-500,CHN_2947,Xiaoxita
CN7501-500,CHN_2950,Xiaoxita
CN7501-500,CHN_2951,Xiaoxita
CN7501-500,CHN_2952,Xiaoxita
CN7501-500,CHN_2953,Xiaoxita
CN7501-500,CHN_2955,Xiaoxita
CN7501-500,CHN_2956,Xiaoxita
CN4540-500,CHN_2957,Hejin
CN4540-500,CHN_2958,Hejin
CN4540-500,CHN_2959,Hejin
CN4540-500,CHN_2961,Hejin
CN4540-500,CHN_2963,Hejin
way/958041303-500,CHN_2964,Xiaoyi
way/858207240-500,CHN_2966,Hohhot
way/858207240-500,CHN_2970,Hohhot
way/858207240-500,CHN_2971,Hohhot
way/858207240-500,CHN_2973,Hohhot
way/858207240-500,CHN_2974,Hohhot
way/858207240-500,CHN_2975,Hohhot
way/858207240-500,CHN_2976,Hohhot
way/858207240-500,CHN_2977,Hohhot
way/858207240-500,CHN_2978,Hohhot
way/578735778-500,CHN_2979,Fangchenggang
way/578735778-500,CHN_2980,Fangchenggang
way/462823764-500,CHN_2982,Yangjiang
way/462823764-500,CHN_2983,Yangjiang
way/462823764-500,CHN_2984,Yangjiang
way/462823764-500,CHN_2985,Yangjiang
way/462823764-500,CHN_2987,Yangjiang
way/542699342-500,CHN_2988,Liuzhou
way/542699342-500,CHN_2989,Liuzhou
way/542699342-500,CHN_2991,Liuzhou
way/205965369-500,CHN_2992,Yiyang
way/205965369-500,CHN_2993,Yiyang
way/205965369-500,CHN_2994,Yiyang
way/205965369-500,CHN_2995,Yiyang
way/205965369-500,CHN_2996,Yiyang
way/205965369-500,CHN_2997,Yiyang
CN7501-500,CHN_2999,Xiaoxita
CN7501-500,CHN_3000,Xiaoxita
CN7501-500,CHN_3004,Xiaoxita
CN7501-500,CHN_3005,Xiaoxita
CN7501-500,CHN_3007,Xiaoxita
way/786190963-500,CHN_3008,Yingchuan
CN4540-500,CHN_3009,Hejin
CN4540-500,CHN_3010,Hejin
CN4540-500,CHN_3012,Hejin
CN4540-500,CHN_3014,Hejin
CN4540-500,CHN_3015,Hejin
way/958041303-500,CHN_3017,Xiaoyi
way/858207240-500,CHN_3024,Hohhot
way/858207240-500,CHN_3025,Hohhot
way/858207240-500,CHN_3026,Hohhot
way/858207240-500,CHN_3027,Hohhot
way/858207240-500,CHN_3028,Hohhot
way/858207240-500,CHN_3029,Hohhot
way/860490885-500,CHN_3030,Beichengqu
way/462823764-500,CHN_3031,Yangjiang
way/462823764-500,CHN_3035,Yangjiang
way/462823764-500,CHN_3036,Yangjiang
way/909794907-500,CHN_3037,Shaoguan
way/909794907-500,CHN_3040,Shaoguan
way/909794907-500,CHN_3041,Shaoguan
way/205965369-500,CHN_3046,Yiyang
way/205965369-500,CHN_3047,Yiyang
way/205965369-500,CHN_3049,Yiyang
CN7501-500,CHN_3053,Xiaoxita
CN7501-500,CHN_3054,Xiaoxita
CN7501-500,CHN_3055,Xiaoxita
CN7501-500,CHN_3056,Xiaoxita
way/786190963-500,CHN_3058,Yingchuan
way/786190963-500,CHN_3059,Yingchuan
CN4540-500,CHN_3060,Hejin
CN4540-500,CHN_3061,Hejin
way/958041303-500,CHN_3064,Xiaoyi
way/958041303-500,CHN_3066,Xiaoyi
way/958041303-500,CHN_3068,Xiaoyi
way/858207240-500,CHN_3069,Hohhot
way/858207240-500,CHN_3076,Hohhot
way/858207240-500,CHN_3077,Hohhot
way/858207240-500,CHN_3078,Hohhot
way/858207240-500,CHN_3079,Hohhot
way/860490885-500,CHN_3080,Beichengqu
way/860490885-500,CHN_3081,Beichengqu
way/860490885-500,CHN_3082,Beichengqu
way/706692422-500,CHN_3083,CHN44p2N116p5E
way/706692422-500,CHN_3084,CHN44p2N116p5E
way/462823764-500,CHN_3085,Yangjiang
way/462823764-500,CHN_3087,Yangjiang
way/462823764-500,CHN_3089,Yangjiang
way/909794907-500,CHN_3090,Shaoguan
way/909794907-500,CHN_3091,Shaoguan
way/909794907-500,CHN_3092,Shaoguan
way/909794907-500,CHN_3093,Shaoguan
way/205965369-500,CHN_3095,Yiyang
way/205965369-500,CHN_3096,Yiyang
way/205965369-500,CHN_3097,Yiyang
way/205965369-500,CHN_3098,Yiyang
way/205965369-500,CHN_3100,Yiyang
way/205965369-500,CHN_3101,Yiyang
CN7501-500,CHN_3107,Xiaoxita
way/786190963-500,CHN_3111,Yingchuan
way/786190963-500,CHN_3112,Yingchuan
way/786190963-500,CHN_3113,Yingchuan
way/958041303-500,CHN_3115,Xiaoyi
way/958041303-500,CHN_3117,Xiaoyi
way/958041303-500,CHN_3122,Xiaoyi
way/860490885-500,CHN_3123,Beichengqu
way/860490885-500,CHN_3124,Beichengqu
way/860490885-500,CHN_3129,Beichengqu
way/858207240-500,CHN_3131,Hohhot
way/860490885-500,CHN_3132,Beichengqu
way/860490885-500,CHN_3133,Beichengqu
way/860490885-500,CHN_3134,Beichengqu
way/706692422-500,CHN_3135,CHN44p2N116p5E
way/706692422-500,CHN_3136,CHN44p2N116p5E
way/706692422-500,CHN_3137,CHN44p2N116p5E
way/909794907-500,CHN_3143,Shaoguan
way/909794907-500,CHN_3145,Shaoguan
way/909794907-500,CHN_3146,Shaoguan
way/909794907-500,CHN_3147,Shaoguan
way/909794907-500,CHN_3148,Shaoguan
way/205965369-500,CHN_3151,Yiyang
way/205965369-500,CHN_3154,Yiyang
way/205965369-500,CHN_3155,Yiyang
way/784756905-500,CHN_3156,Jingling
way/784756905-500,CHN_3160,Jingling
way/786190963-500,CHN_3165,Yingchuan
CN3807-500,CHN_3170,Wuan
CN3807-500,CHN_3171,Wuan
way/858207240-500,CHN_3181,Hohhot
way/858207240-500,CHN_3183,Hohhot
way/858207240-500,CHN_3184,Hohhot
way/860490885-500,CHN_3186,Beichengqu
way/706692422-500,CHN_3187,CHN44p2N116p5E
way/706692422-500,CHN_3188,CHN44p2N116p5E
way/706692422-500,CHN_3189,CHN44p2N116p5E
way/706692422-500,CHN_3190,CHN44p2N116p5E
way/909794907-500,CHN_3197,Shaoguan
way/205965369-500,CHN_3202,Yiyang
way/784756905-500,CHN_3209,Jingling
way/784756905-500,CHN_3212,Jingling
way/784756905-500,CHN_3213,Jingling
way/784756905-500,CHN_3214,Jingling
way/786190963-500,CHN_3215,Yingchuan
CN3807-500,CHN_3226,Wuan
way/127871762-500,CHN_3229,Shijiazhuang
way/860490885-500,CHN_3234,Beichengqu
way/860490885-500,CHN_3236,Beichengqu
way/860490885-500,CHN_3237,Beichengqu
way/860490885-500,CHN_3238,Beichengqu
way/860490885-500,CHN_3239,Beichengqu
way/706692422-500,CHN_3240,CHN44p2N116p5E
way/706692422-500,CHN_3241,CHN44p2N116p5E
way/706692422-500,CHN_3242,CHN44p2N116p5E
way/706692422-500,CHN_3243,CHN44p2N116p5E
way/462823764-500,CHN_3244,Yangjiang
way/909794907-500,CHN_3252,Shaoguan
way/909794907-500,CHN_3254,Shaoguan
way/205965369-500,CHN_3255,Yiyang
way/205965369-500,CHN_3258,Yiyang
way/784756905-500,CHN_3264,Jingling
way/147989359-500,CHN_3265,Wuhan
way/784756905-500,CHN_3267,Jingling
way/784756905-500,CHN_3268,Jingling
way/786190963-500,CHN_3269,Yingchuan
CN3807-500,CHN_3276,Wuan
CN3807-500,CHN_3279,Wuan
way/860490885-500,CHN_3283,Beichengqu
way/860490885-500,CHN_3289,Beichengqu
way/860490885-500,CHN_3290,Beichengqu
way/860490885-500,CHN_3291,Beichengqu
way/706692422-500,CHN_3292,CHN44p2N116p5E
way/706692422-500,CHN_3293,CHN44p2N116p5E
way/706692422-500,CHN_3295,CHN44p2N116p5E
way/462823764-500,CHN_3296,Yangjiang
way/909794907-500,CHN_3302,Shaoguan
way/909794907-500,CHN_3303,Shaoguan
way/909794907-500,CHN_3304,Shaoguan
way/909794907-500,CHN_3305,Shaoguan
way/909794907-500,CHN_3306,Shaoguan
way/205965369-500,CHN_3307,Yiyang
way/205965369-500,CHN_3308,Yiyang
way/205965369-500,CHN_3312,Yiyang
way/147989359-500,CHN_3313,Wuhan
way/147989359-500,CHN_3318,Wuhan
way/1347514254-500,CHN_3320,Luohe
CN3807-500,CHN_3328,Wuan
CN3807-500,CHN_3330,Wuan
way/127871762-500,CHN_3334,Shijiazhuang
way/860490885-500,CHN_3335,Beichengqu
way/860490885-500,CHN_3336,Beichengqu
way/860490885-500,CHN_3339,Beichengqu
way/860490885-500,CHN_3341,Beichengqu
way/860490885-500,CHN_3342,Beichengqu
way/706692422-500,CHN_3343,CHN44p2N116p5E
way/706692422-500,CHN_3344,CHN44p2N116p5E
way/706692422-500,CHN_3345,CHN44p2N116p5E
way/706692422-500,CHN_3346,CHN44p2N116p5E
way/706692422-500,CHN_3347,CHN44p2N116p5E
way/706692422-500,CHN_3348,CHN44p2N116p5E
way/909794907-500,CHN_3353,Shaoguan
way/909794907-500,CHN_3354,Shaoguan
way/909794907-500,CHN_3355,Shaoguan
way/909794907-500,CHN_3356,Shaoguan
way/909794907-500,CHN_3357,Shaoguan
way/909794907-500,CHN_3358,Shaoguan
way/796851812-500,CHN_3359,Fuzhou
way/796851812-500,CHN_3360,Fuzhou
way/205965369-500,CHN_3361,Yiyang
way/796851812-500,CHN_3362,Fuzhou
way/796851812-500,CHN_3364,Fuzhou
way/147989359-500,CHN_3365,Wuhan
way/147989359-500,CHN_3370,Wuhan
way/1347514254-500,CHN_3372,Luohe
way/1347514254-500,CHN_3373,Luohe
way/786190963-500,CHN_3378,Yingchuan
way/127871762-500,CHN_3386,Shijiazhuang
way/127871762-500,CHN_3387,Shijiazhuang
way/860490885-500,CHN_3390,Beichengqu
way/706692422-500,CHN_3394,CHN44p2N116p5E
way/706692422-500,CHN_3395,CHN44p2N116p5E
way/706692422-500,CHN_3396,CHN44p2N116p5E
way/706692422-500,CHN_3398,CHN44p2N116p5E
way/706692422-500,CHN_3399,CHN44p2N116p5E
way/706692422-500,CHN_3400,CHN44p2N116p5E
way/706692422-500,CHN_3401,CHN44p2N116p5E
way/909794907-500,CHN_3404,Shaoguan
way/909794907-500,CHN_3406,Shaoguan
way/796851812-500,CHN_3411,Fuzhou
way/796851812-500,CHN_3413,Fuzhou
way/147989359-500,CHN_3416,Wuhan
way/147989359-500,CHN_3417,Wuhan
way/147989359-500,CHN_3418,Wuhan
way/147989359-500,CHN_3422,Wuhan
way/1347514254-500,CHN_3426,Luohe
way/1347514254-500,CHN_3428,Luohe
CN3807-500,CHN_3432,Wuan
way/127871762-500,CHN_3438,Shijiazhuang
way/860490885-500,CHN_3441,Beichengqu
way/706692422-500,CHN_3447,CHN44p2N116p5E
way/706692422-500,CHN_3448,CHN44p2N116p5E
way/706692422-500,CHN_3449,CHN44p2N116p5E
way/706692422-500,CHN_3450,CHN44p2N116p5E
way/706692422-500,CHN_3451,CHN44p2N116p5E
way/706692422-500,CHN_3452,CHN44p2N116p5E
way/706692422-500,CHN_3453,CHN44p2N116p5E
way/909794907-500,CHN_3457,Shaoguan
way/909794907-500,CHN_3458,Shaoguan
way/909794907-500,CHN_3459,Shaoguan
way/909794907-500,CHN_3460,Shaoguan
way/909794907-500,CHN_3461,Shaoguan
way/909794907-500,CHN_3462,Shaoguan
way/796851812-500,CHN_3463,Fuzhou
way/796851812-500,CHN_3464,Fuzhou
way/796851812-500,CHN_3465,Fuzhou
way/147989359-500,CHN_3469,Wuhan
way/147989359-500,CHN_3473,Wuhan
way/147989359-500,CHN_3474,Wuhan
way/1347514254-500,CHN_3475,Luohe
way/1347514254-500,CHN_3476,Luohe
way/1347514254-500,CHN_3478,Luohe
way/1347514254-500,CHN_3479,Luohe
way/1347514254-500,CHN_3481,Luohe
CN3807-500,CHN_3484,Wuan
way/610573755-1000,CHN_3485,Zouping
way/148727570-500,CHN_3494,Sanhe
way/148727570-500,CHN_3495,Sanhe
way/148727570-500,CHN_3496,Sanhe
way/148727570-500,CHN_3497,Sanhe
way/706692422-500,CHN_3498,CHN44p2N116p5E
way/706692422-500,CHN_3499,CHN44p2N116p5E
way/706692422-500,CHN_3500,CHN44p2N116p5E
way/706692422-500,CHN_3502,CHN44p2N116p5E
way/706692422-500,CHN_3503,CHN44p2N116p5E
way/706692422-500,CHN_3504,CHN44p2N116p5E
way/706692422-500,CHN_3505,CHN44p2N116p5E
way/304966072-500,CHN_3506,Yakeshi
way/304966072-500,CHN_3507,Yakeshi
way/909794907-500,CHN_3508,Shaoguan
way/909794907-500,CHN_3510,Shaoguan
way/909794907-500,CHN_3511,Shaoguan
way/909794907-500,CHN_3512,Shaoguan
way/909794907-500,CHN_3513,Shaoguan
way/796851812-500,CHN_3514,Fuzhou
way/796851812-500,CHN_3516,Fuzhou
way/796851812-500,CHN_3517,Fuzhou
way/796851812-500,CHN_3518,Fuzhou
way/796851812-500,CHN_3519,Fuzhou
way/147989359-500,CHN_3525,Wuhan
way/147989359-500,CHN_3526,Wuhan
CN7723-500,CHN_3527,Anqing
CN7723-500,CHN_3528,Anqing
way/1347514254-500,CHN_3529,Luohe
CN5526-500,CHN_3532,Tongshan
CN5526-500,CHN_3533,Tongshan
way/148727570-500,CHN_3548,Sanhe
way/148727570-500,CHN_3549,Sanhe
way/706692422-500,CHN_3553,CHN44p2N116p5E
way/706692422-500,CHN_3554,CHN44p2N116p5E
way/706692422-500,CHN_3555,CHN44p2N116p5E
way/706692422-500,CHN_3557,CHN44p2N116p5E
way/706692422-500,CHN_3558,CHN44p2N116p5E
way/706692422-500,CHN_3559,CHN44p2N116p5E
way/304966072-500,CHN_3560,Yakeshi
way/304966072-500,CHN_3561,Yakeshi
way/304966072-500,CHN_3562,Yakeshi
way/909794907-500,CHN_3563,Shaoguan
way/909794907-500,CHN_3566,Shaoguan
way/909794907-500,CHN_3568,Shaoguan
way/577720180-500,CHN_3569,Putian
way/796851812-500,CHN_3570,Fuzhou
way/796851812-500,CHN_3571,Fuzhou
way/796851812-500,CHN_3572,Fuzhou
way/796851812-500,CHN_3573,Fuzhou
way/796851812-500,CHN_3577,Fuzhou
CN7723-500,CHN_3578,Anqing
CN7723-500,CHN_3580,Anqing
CN7723-500,CHN_3581,Anqing
CN7723-500,CHN_3582,Anqing
CN7723-500,CHN_3584,Anqing
CN5526-500,CHN_3585,Tongshan
CN5526-500,CHN_3589,Tongshan
CN5526-500,CHN_3590,Tongshan
way/133523400-500,CHN_3599,Tianjin
way/148727570-500,CHN_3604,Sanhe
way/148727570-500,CHN_3606,Sanhe
way/706692422-500,CHN_3607,CHN44p2N116p5E
way/706692422-500,CHN_3608,CHN44p2N116p5E
way/706692422-500,CHN_3612,CHN44p2N116p5E
way/706692422-500,CHN_3613,CHN44p2N116p5E
way/706692422-500,CHN_3614,CHN44p2N116p5E
way/706692422-500,CHN_3615,CHN44p2N116p5E
way/706692422-500,CHN_3616,CHN44p2N116p5E
way/304966072-500,CHN_3617,Yakeshi
way/304966072-500,CHN_3618,Yakeshi
way/304966072-500,CHN_3619,Yakeshi
way/304966072-500,CHN_3620,Yakeshi
way/304966072-500,CHN_3621,Yakeshi
way/577720180-500,CHN_3624,Putian
way/909794907-500,CHN_3625,Shaoguan
way/577720180-500,CHN_3626,Putian
way/577720180-500,CHN_3628,Putian
way/796851812-500,CHN_3629,Fuzhou
way/577720180-500,CHN_3630,Putian
way/796851812-500,CHN_3631,Fuzhou
way/796851812-500,CHN_3632,Fuzhou
way/796851812-500,CHN_3635,Fuzhou
CN7723-500,CHN_3636,Anqing
CN7723-500,CHN_3637,Anqing
CN7723-500,CHN_3638,Anqing
CN7235-500,CHN_3642,Tongling
CN5526-500,CHN_3645,Tongshan
CN5526-500,CHN_3647,Tongshan
CN5526-500,CHN_3648,Tongshan
CN5526-500,CHN_3650,Tongshan
way/148727570-500,CHN_3661,Sanhe
way/148727570-500,CHN_3662,Sanhe
way/706692422-500,CHN_3666,CHN44p2N116p5E
way/706692422-500,CHN_3667,CHN44p2N116p5E
way/706692422-500,CHN_3668,CHN44p2N116p5E
way/706692422-500,CHN_3669,CHN44p2N116p5E
way/706692422-500,CHN_3671,CHN44p2N116p5E
way/706692422-500,CHN_3672,CHN44p2N116p5E
way/706692422-500,CHN_3673,CHN44p2N116p5E
way/706692422-500,CHN_3674,CHN44p2N116p5E
way/304966072-500,CHN_3675,Yakeshi
way/304966072-500,CHN_3676,Yakeshi
way/304966072-500,CHN_3677,Yakeshi
way/304966072-500,CHN_3678,Yakeshi
way/304966072-500,CHN_3679,Yakeshi
way/304966072-500,CHN_3680,Yakeshi
way/577720180-500,CHN_3681,Putian
way/577720180-500,CHN_3684,Putian
way/577720180-500,CHN_3686,Putian
way/577720180-500,CHN_3687,Putian
way/577720180-500,CHN_3688,Putian
way/577720180-500,CHN_3689,Putian
way/577720180-500,CHN_3690,Putian
way/796851812-500,CHN_3691,Fuzhou
way/796851812-500,CHN_3692,Fuzhou
way/796851812-500,CHN_3693,Fuzhou
CN7723-500,CHN_3696,Anqing
CN7723-500,CHN_3697,Anqing
CN5526-500,CHN_3704,Tongshan
CN5526-500,CHN_3707,Tongshan
way/133523400-500,CHN_3714,Tianjin
way/148727570-500,CHN_3720,Sanhe
way/706692422-500,CHN_3725,CHN44p2N116p5E
way/706692422-500,CHN_3726,CHN44p2N116p5E
way/706692422-500,CHN_3727,CHN44p2N116p5E
way/706692422-500,CHN_3728,CHN44p2N116p5E
way/706692422-500,CHN_3730,CHN44p2N116p5E
way/706692422-500,CHN_3731,CHN44p2N116p5E
way/706692422-500,CHN_3732,CHN44p2N116p5E
way/706692422-500,CHN_3733,CHN44p2N116p5E
way/304966072-500,CHN_3734,Yakeshi
way/304966072-500,CHN_3735,Yakeshi
way/304966072-500,CHN_3736,Yakeshi
way/304966072-500,CHN_3737,Yakeshi
way/304966072-500,CHN_3738,Yakeshi
way/577720180-500,CHN_3739,Putian
way/577720180-500,CHN_3743,Putian
way/577720180-500,CHN_3744,Putian
way/577720180-500,CHN_3746,Putian
way/966809494-500,CHN_3747,Ningde
way/796851812-500,CHN_3748,Fuzhou
way/796851812-500,CHN_3749,Fuzhou
CN7723-500,CHN_3752,Anqing
CN7723-500,CHN_3753,Anqing
CN7723-500,CHN_3754,Anqing
CN7235-500,CHN_3758,Tongling
CN5526-500,CHN_3761,Tongshan
CN5526-500,CHN_3762,Tongshan
way/610573755-1000,CHN_3770,Zouping
way/133523400-500,CHN_3771,Tianjin
way/148727570-500,CHN_3779,Sanhe
way/148727570-500,CHN_3780,Sanhe
way/706692422-500,CHN_3781,CHN44p2N116p5E
way/706692422-500,CHN_3782,CHN44p2N116p5E
way/706692422-500,CHN_3783,CHN44p2N116p5E
way/706692422-500,CHN_3784,CHN44p2N116p5E
way/706692422-500,CHN_3785,CHN44p2N116p5E
way/706692422-500,CHN_3786,CHN44p2N116p5E
way/706692422-500,CHN_3787,CHN44p2N116p5E
way/706692422-500,CHN_3788,CHN44p2N116p5E
way/706692422-500,CHN_3789,CHN44p2N116p5E
way/706692422-500,CHN_3790,CHN44p2N116p5E
way/304966072-500,CHN_3791,Yakeshi
way/304966072-500,CHN_3792,Yakeshi
way/304966072-500,CHN_3793,Yakeshi
way/304966072-500,CHN_3794,Yakeshi
way/577720180-500,CHN_3796,Putian
way/577720180-500,CHN_3799,Putian
way/577720180-500,CHN_3800,Putian
way/577720180-500,CHN_3801,Putian
way/577720180-500,CHN_3802,Putian
way/966809494-500,CHN_3804,Ningde
way/796851812-500,CHN_3805,Fuzhou
way/796851812-500,CHN_3806,Fuzhou
way/796851812-500,CHN_3807,Fuzhou
CN7723-500,CHN_3808,Anqing
CN7235-500,CHN_3811,Tongling
CN5526-500,CHN_3817,Tongshan
way/314288467-500,CHN_3823,Linyi
way/133523400-500,CHN_3828,Tianjin
CN1981-500,CHN_3831,Tangshan
CN1981-500,CHN_3832,Tangshan
way/148727570-500,CHN_3834,Sanhe
way/148727570-500,CHN_3835,Sanhe
way/706692422-500,CHN_3836,CHN44p2N116p5E
way/706692422-500,CHN_3837,CHN44p2N116p5E
way/706692422-500,CHN_3838,CHN44p2N116p5E
way/706692422-500,CHN_3839,CHN44p2N116p5E
way/706692422-500,CHN_3840,CHN44p2N116p5E
way/706692422-500,CHN_3842,CHN44p2N116p5E
way/706692422-500,CHN_3843,CHN44p2N116p5E
way/706692422-500,CHN_3844,CHN44p2N116p5E
way/706692422-500,CHN_3845,CHN44p2N116p5E
way/864815732-500,CHN_3846,CHN44p4N121p8E
way/304966072-500,CHN_3847,Yakeshi
way/304966072-500,CHN_3848,Yakeshi
way/304966072-500,CHN_3849,Yakeshi
way/304966072-500,CHN_3850,Yakeshi
way/304966072-500,CHN_3851,Yakeshi
way/304966072-500,CHN_3852,Yakeshi
way/577720180-500,CHN_3853,Putian
way/577720180-500,CHN_3858,Putian
way/966809494-500,CHN_3859,Ningde
way/966809494-500,CHN_3860,Ningde
way/796851812-500,CHN_3861,Fuzhou
way/323016549-500,CHN_3862,Hangzhou
way/323016549-500,CHN_3864,Hangzhou
CN7235-500,CHN_3866,Tongling
CN6419-500,CHN_3873,Yangzhou
way/314288467-500,CHN_3875,Linyi
way/314288467-500,CHN_3876,Linyi
CN1981-500,CHN_3890,Tangshan
CN1981-500,CHN_3891,Tangshan
way/362596150-500,CHN_3892,Shahezhai
way/706692422-500,CHN_3893,CHN44p2N116p5E
way/706692422-500,CHN_3895,CHN44p2N116p5E
way/706692422-500,CHN_3897,CHN44p2N116p5E
way/706692422-500,CHN_3898,CHN44p2N116p5E
way/706692422-500,CHN_3900,CHN44p2N116p5E
way/706692422-500,CHN_3901,CHN44p2N116p5E
way/864815732-500,CHN_3902,CHN44p4N121p8E
way/864815732-500,CHN_3903,CHN44p4N121p8E
way/304966072-500,CHN_3904,Yakeshi
way/304966072-500,CHN_3905,Yakeshi
way/304966072-500,CHN_3906,Yakeshi
way/304966072-500,CHN_3907,Yakeshi
way/304966072-500,CHN_3908,Yakeshi
way/304966072-500,CHN_3909,Yakeshi
way/577720180-500,CHN_3910,Putian
way/966809494-500,CHN_3914,Ningde
way/966809494-500,CHN_3915,Ningde
way/966809494-500,CHN_3916,Ningde
way/966809494-500,CHN_3917,Ningde
way/323016549-500,CHN_3918,Hangzhou
way/323016549-500,CHN_3921,Hangzhou
way/323016549-500,CHN_3922,Hangzhou
way/610573755-1000,CHN_3938,Zouping
way/1019608118-500,CHN_3939,Yanggezhuang
way/1019608118-500,CHN_3940,Yanggezhuang
CN1981-500,CHN_3944,Tangshan
way/362596150-500,CHN_3945,Shahezhai
way/362596150-500,CHN_3946,Shahezhai
way/706692422-500,CHN_3949,CHN44p2N116p5E
way/706692422-500,CHN_3952,CHN44p2N116p5E
way/706692422-500,CHN_3953,CHN44p2N116p5E
way/706692422-500,CHN_3954,CHN44p2N116p5E
way/864815732-500,CHN_3955,CHN44p4N121p8E
way/864815732-500,CHN_3956,CHN44p4N121p8E
way/864815732-500,CHN_3957,CHN44p4N121p8E
way/864815732-500,CHN_3958,CHN44p4N121p8E
way/304966072-500,CHN_3959,Yakeshi
way/304966072-500,CHN_3960,Yakeshi
way/304966072-500,CHN_3961,Yakeshi
way/304966072-500,CHN_3962,Yakeshi
way/304966072-500,CHN_3963,Yakeshi
way/304966072-500,CHN_3964,Yakeshi
way/304966072-500,CHN_3965,Yakeshi
way/304966072-500,CHN_3966,Yakeshi
way/577720180-500,CHN_3967,Putian
way/966809494-500,CHN_3973,Ningde
way/966809494-500,CHN_3974,Ningde
way/323016549-500,CHN_3978,Hangzhou
way/1014000730-500,CHN_3987,Rizhao
way/1014000730-500,CHN_3990,Rizhao
way/1014000730-500,CHN_3994,Rizhao
way/1019608118-500,CHN_3995,Yanggezhuang
way/362596150-500,CHN_3996,Shahezhai
way/362596150-500,CHN_3998,Shahezhai
way/362596150-500,CHN_4000,Shahezhai
way/362596150-500,CHN_4001,Shahezhai
way/362596150-500,CHN_4002,Shahezhai
way/362596150-500,CHN_4003,Shahezhai
way/706692422-500,CHN_4004,CHN44p2N116p5E
way/706692422-500,CHN_4005,CHN44p2N116p5E
way/706692422-500,CHN_4006,CHN44p2N116p5E
way/864815732-500,CHN_4007,CHN44p4N121p8E
way/864815732-500,CHN_4008,CHN44p4N121p8E
way/864815732-500,CHN_4010,CHN44p4N121p8E
way/864815732-500,CHN_4011,CHN44p4N121p8E
way/864815732-500,CHN_4012,CHN44p4N121p8E
way/864815732-500,CHN_4013,CHN44p4N121p8E
way/304966072-500,CHN_4014,Yakeshi
way/304966072-500,CHN_4015,Yakeshi
way/304966072-500,CHN_4018,Yakeshi
way/304966072-500,CHN_4019,Yakeshi
way/304966072-500,CHN_4020,Yakeshi
way/304966072-500,CHN_4021,Yakeshi
way/304966072-500,CHN_4022,Yakeshi
way/577720180-500,CHN_4023,Putian
way/577720180-500,CHN_4024,Putian
way/966809494-500,CHN_4025,Ningde
way/966809494-500,CHN_4026,Ningde
way/966809494-500,CHN_4028,Ningde
way/966809494-500,CHN_4029,Ningde
way/1014000730-500,CHN_4044,Rizhao
way/1014000730-500,CHN_4045,Rizhao
way/1019608118-500,CHN_4050,Yanggezhuang
way/362596150-500,CHN_4053,Shahezhai
way/362596150-500,CHN_4055,Shahezhai
way/864815732-500,CHN_4056,CHN44p4N121p8E
way/864815732-500,CHN_4057,CHN44p4N121p8E
way/864815732-500,CHN_4058,CHN44p4N121p8E
way/864815732-500,CHN_4059,CHN44p4N121p8E
way/864815732-500,CHN_4060,CHN44p4N121p8E
way/864815732-500,CHN_4061,CHN44p4N121p8E
way/864815732-500,CHN_4063,CHN44p4N121p8E
way/864815732-500,CHN_4064,CHN44p4N121p8E
way/864815732-500,CHN_4065,CHN44p4N121p8E
way/864815732-500,CHN_4066,CHN44p4N121p8E
way/864815732-500,CHN_4067,CHN44p4N121p8E
way/304966072-500,CHN_4068,Yakeshi
way/304966072-500,CHN_4071,Yakeshi
way/304966072-500,CHN_4072,Yakeshi
way/304966072-500,CHN_4073,Yakeshi
way/304966072-500,CHN_4074,Yakeshi
way/304966072-500,CHN_4075,Yakeshi
way/304966072-500,CHN_4076,Yakeshi
way/304966072-500,CHN_4077,Yakeshi
way/304966072-500,CHN_4078,Yakeshi
way/966809494-500,CHN_4079,Ningde
way/966809494-500,CHN_4080,Ningde
way/966809494-500,CHN_4083,Ningde
CN6623-500,CHN_4095,Nantong
way/1014000730-500,CHN_4097,Rizhao
way/1014000730-500,CHN_4099,Rizhao
way/1019608118-500,CHN_4101,Yanggezhuang
way/1019608118-500,CHN_4102,Yanggezhuang
way/362596150-500,CHN_4103,Shahezhai
way/362596150-500,CHN_4104,Shahezhai
way/362596150-500,CHN_4106,Shahezhai
way/362596150-500,CHN_4107,Shahezhai
way/864815732-500,CHN_4108,CHN44p4N121p8E
way/864815732-500,CHN_4110,CHN44p4N121p8E
way/864815732-500,CHN_4111,CHN44p4N121p8E
way/864815732-500,CHN_4112,CHN44p4N121p8E
way/864815732-500,CHN_4113,CHN44p4N121p8E
way/864815732-500,CHN_4114,CHN44p4N121p8E
way/864815732-500,CHN_4115,CHN44p4N121p8E
way/864815732-500,CHN_4117,CHN44p4N121p8E
way/864815732-500,CHN_4119,CHN44p4N121p8E
way/304966072-500,CHN_4120,Yakeshi
way/304966072-500,CHN_4121,Yakeshi
way/304966072-500,CHN_4122,Yakeshi
way/304966072-500,CHN_4124,Yakeshi
way/304966072-500,CHN_4125,Yakeshi
way/304966072-500,CHN_4126,Yakeshi
way/304966072-500,CHN_4127,Yakeshi
way/304966072-500,CHN_4128,Yakeshi
way/304966072-500,CHN_4129,Yakeshi
way/304966072-500,CHN_4130,Yakeshi
way/304966072-500,CHN_4131,Yakeshi
way/304966072-500,CHN_4132,Yakeshi
way/966809494-500,CHN_4134,Ningde
CN6623-500,CHN_4145,Nantong
way/1014000730-500,CHN_4148,Rizhao
way/1014000730-500,CHN_4149,Rizhao
way/1019608118-500,CHN_4152,Yanggezhuang
way/362596150-500,CHN_4153,Shahezhai
way/362596150-500,CHN_4154,Shahezhai
way/362596150-500,CHN_4155,Shahezhai
way/362596150-500,CHN_4156,Shahezhai
way/362596150-500,CHN_4157,Shahezhai
way/147708063-500,CHN_4159,Anshan
way/147708063-500,CHN_4161,Anshan
way/864815732-500,CHN_4162,CHN44p4N121p8E
way/864815732-500,CHN_4165,CHN44p4N121p8E
way/864815732-500,CHN_4166,CHN44p4N121p8E
way/864815732-500,CHN_4167,CHN44p4N121p8E
way/864815732-500,CHN_4168,CHN44p4N121p8E
way/864815732-500,CHN_4169,CHN44p4N121p8E
way/864815732-500,CHN_4170,CHN44p4N121p8E
way/864815732-500,CHN_4171,CHN44p4N121p8E
way/864815732-500,CHN_4172,CHN44p4N121p8E
way/304966072-500,CHN_4173,Yakeshi
way/304966072-500,CHN_4174,Yakeshi
way/304966072-500,CHN_4175,Yakeshi
way/304966072-500,CHN_4176,Yakeshi
way/304966072-500,CHN_4177,Yakeshi
way/304966072-500,CHN_4178,Yakeshi
way/304966072-500,CHN_4179,Yakeshi
way/304966072-500,CHN_4180,Yakeshi
way/304966072-500,CHN_4181,Yakeshi
way/304966072-500,CHN_4182,Yakeshi
way/304966072-500,CHN_4183,Yakeshi
way/304966072-500,CHN_4184,Yakeshi
way/304966072-500,CHN_4185,Yakeshi
way/966809494-500,CHN_4186,Ningde
way/95783495-500,CHN_4196,Shanghai
way/1014000730-500,CHN_4197,Rizhao
way/362596150-500,CHN_4204,Shahezhai
way/147708063-500,CHN_4205,Anshan
way/147708063-500,CHN_4207,Anshan
way/147708063-500,CHN_4208,Anshan
way/864815732-500,CHN_4209,CHN44p4N121p8E
way/864815732-500,CHN_4211,CHN44p4N121p8E
way/864815732-500,CHN_4212,CHN44p4N121p8E
way/864815732-500,CHN_4215,CHN44p4N121p8E
way/864815732-500,CHN_4216,CHN44p4N121p8E
way/864815732-500,CHN_4217,CHN44p4N121p8E
way/864815732-500,CHN_4218,CHN44p4N121p8E
way/304966072-500,CHN_4219,Yakeshi
way/304966072-500,CHN_4220,Yakeshi
way/304966072-500,CHN_4221,Yakeshi
way/304966072-500,CHN_4222,Yakeshi
way/304966072-500,CHN_4223,Yakeshi
way/304966072-500,CHN_4224,Yakeshi
way/304966072-500,CHN_4225,Yakeshi
way/304966072-500,CHN_4226,Yakeshi
way/304966072-500,CHN_4227,Yakeshi
way/304966072-500,CHN_4228,Yakeshi
way/304966072-500,CHN_4229,Yakeshi
way/304966072-500,CHN_4230,Yakeshi
way/304966072-500,CHN_4231,Yakeshi
way/304966072-500,CHN_4232,Yakeshi
way/323016549-500,CHN_4233,Hangzhou
way/323016549-500,CHN_4234,Hangzhou
way/95783495-500,CHN_4235,Shanghai
way/95783495-500,CHN_4240,Shanghai
way/95783495-500,CHN_4241,Shanghai
way/147708063-500,CHN_4244,Anshan
way/147708063-500,CHN_4248,Anshan
way/147708063-500,CHN_4252,Anshan
CN1211-500,CHN_4253,Liaoyang
way/864815732-500,CHN_4258,CHN44p4N121p8E
way/864815732-500,CHN_4259,CHN44p4N121p8E
way/864815732-500,CHN_4260,CHN44p4N121p8E
way/864815732-500,CHN_4261,CHN44p4N121p8E
way/864815732-500,CHN_4262,CHN44p4N121p8E
way/304966072-500,CHN_4263,Yakeshi
way/304966072-500,CHN_4264,Yakeshi
way/304966072-500,CHN_4265,Yakeshi
way/304966072-500,CHN_4266,Yakeshi
way/304966072-500,CHN_4267,Yakeshi
way/304966072-500,CHN_4268,Yakeshi
way/304966072-500,CHN_4269,Yakeshi
way/304966072-500,CHN_4270,Yakeshi
way/304966072-500,CHN_4271,Yakeshi
way/304966072-500,CHN_4272,Yakeshi
way/304966072-500,CHN_4273,Yakeshi
way/304966072-500,CHN_4274,Yakeshi
way/304966072-500,CHN_4275,Yakeshi
way/304966072-500,CHN_4276,Yakeshi
way/323016549-500,CHN_4277,Hangzhou
way/95783495-500,CHN_4278,Shanghai
way/95783495-500,CHN_4279,Shanghai
way/95783495-500,CHN_4280,Shanghai
way/95783495-500,CHN_4281,Shanghai
way/95783495-500,CHN_4282,Shanghai
way/1014000730-500,CHN_4283,Rizhao
way/1014000730-500,CHN_4285,Rizhao
way/147708063-500,CHN_4286,Anshan
way/147708063-500,CHN_4287,Anshan
way/147708063-500,CHN_4290,Anshan
CN1211-500,CHN_4292,Liaoyang
CN1211-500,CHN_4294,Liaoyang
way/864815732-500,CHN_4295,CHN44p4N121p8E
way/864815732-500,CHN_4296,CHN44p4N121p8E
way/864815732-500,CHN_4297,CHN44p4N121p8E
way/864815732-500,CHN_4299,CHN44p4N121p8E
way/864815732-500,CHN_4300,CHN44p4N121p8E
way/864815732-500,CHN_4302,CHN44p4N121p8E
way/864815732-500,CHN_4303,CHN44p4N121p8E
way/304966072-500,CHN_4304,Yakeshi
way/304966072-500,CHN_4306,Yakeshi
way/304966072-500,CHN_4307,Yakeshi
way/304966072-500,CHN_4308,Yakeshi
way/304966072-500,CHN_4309,Yakeshi
way/304966072-500,CHN_4310,Yakeshi
way/304966072-500,CHN_4311,Yakeshi
way/304966072-500,CHN_4312,Yakeshi
way/304966072-500,CHN_4313,Yakeshi
way/304966072-500,CHN_4314,Yakeshi
way/304966072-500,CHN_4315,Yakeshi
way/304966072-500,CHN_4316,Yakeshi
way/304966072-500,CHN_4317,Yakeshi
way/95783495-500,CHN_4318,Shanghai
way/95783495-500,CHN_4319,Shanghai
way/147708063-500,CHN_4320,Anshan
way/147708063-500,CHN_4322,Anshan
CN1211-500,CHN_4327,Liaoyang
CN1211-500,CHN_4328,Liaoyang
way/864815732-500,CHN_4329,CHN44p4N121p8E
way/864815732-500,CHN_4330,CHN44p4N121p8E
way/864815732-500,CHN_4331,CHN44p4N121p8E
way/864815732-500,CHN_4335,CHN44p4N121p8E
way/864815732-500,CHN_4336,CHN44p4N121p8E
way/864815732-500,CHN_4337,CHN44p4N121p8E
way/864815732-500,CHN_4338,CHN44p4N121p8E
way/304966072-500,CHN_4340,Yakeshi
way/304966072-500,CHN_4341,Yakeshi
way/304966072-500,CHN_4342,Yakeshi
way/304966072-500,CHN_4343,Yakeshi
way/304966072-500,CHN_4344,Yakeshi
way/304966072-500,CHN_4345,Yakeshi
way/304966072-500,CHN_4346,Yakeshi
way/304966072-500,CHN_4347,Yakeshi
way/304966072-500,CHN_4348,Yakeshi
way/304966072-500,CHN_4349,Yakeshi
way/304966072-500,CHN_4350,Yakeshi
way/304966072-500,CHN_4351,Yakeshi
way/147708063-500,CHN_4352,Anshan
way/147708063-500,CHN_4354,Anshan
way/147708063-500,CHN_4355,Anshan
CN1211-500,CHN_4356,Liaoyang
CN1211-500,CHN_4359,Liaoyang
way/864815732-500,CHN_4361,CHN44p4N121p8E
way/864815732-500,CHN_4363,CHN44p4N121p8E
way/864815732-500,CHN_4364,CHN44p4N121p8E
way/864815732-500,CHN_4365,CHN44p4N121p8E
way/864815732-500,CHN_4366,CHN44p4N121p8E
way/864815732-500,CHN_4367,CHN44p4N121p8E
way/864815732-500,CHN_4368,CHN44p4N121p8E
way/864815732-500,CHN_4369,CHN44p4N121p8E
way/304966072-500,CHN_4371,Yakeshi
way/304966072-500,CHN_4372,Yakeshi
way/304966072-500,CHN_4373,Yakeshi
way/304966072-500,CHN_4374,Yakeshi
way/304966072-500,CHN_4375,Yakeshi
way/304966072-500,CHN_4376,Yakeshi
way/304966072-500,CHN_4377,Yakeshi
way/304966072-500,CHN_4378,Yakeshi
way/304966072-500,CHN_4379,Yakeshi
way/304966072-500,CHN_4380,Yakeshi
way/304966072-500,CHN_4381,Yakeshi
way/304966072-500,CHN_4382,Yakeshi
way/304966072-500,CHN_4383,Yakeshi
way/147708063-500,CHN_4384,Anshan
CN1211-500,CHN_4386,Liaoyang
CN1211-500,CHN_4392,Liaoyang
way/864815732-500,CHN_4393,CHN44p4N121p8E
way/864815732-500,CHN_4396,CHN44p4N121p8E
way/158233113-500,CHN_4397,Harbin
way/158233113-500,CHN_4398,Harbin
way/864815732-500,CHN_4399,CHN44p4N121p8E
way/864815732-500,CHN_4400,CHN44p4N121p8E
way/158233113-500,CHN_4402,Harbin
way/158233113-500,CHN_4403,Harbin
way/158233113-500,CHN_4404,Harbin
way/158233113-500,CHN_4405,Harbin
way/304966072-500,CHN_4406,Yakeshi
way/304966072-500,CHN_4407,Yakeshi
way/304966072-500,CHN_4408,Yakeshi
way/304966072-500,CHN_4409,Yakeshi
way/680550135-500,CHN_4410,CHN45p9N129p3E
way/680550135-500,CHN_4411,CHN45p9N129p3E
way/680550135-500,CHN_4412,CHN45p9N129p3E
way/680550135-500,CHN_4413,CHN45p9N129p3E
way/680550135-500,CHN_4414,CHN45p9N129p3E
way/147708063-500,CHN_4415,Anshan
CN1211-500,CHN_4417,Liaoyang
CN1211-500,CHN_4418,Liaoyang
CN1211-500,CHN_4419,Liaoyang
CN1211-500,CHN_4420,Liaoyang
CN1211-500,CHN_4421,Liaoyang
CN1211-500,CHN_4422,Liaoyang
CN1211-500,CHN_4424,Liaoyang
way/864815732-500,CHN_4425,CHN44p4N121p8E
way/864815732-500,CHN_4426,CHN44p4N121p8E
way/158233113-500,CHN_4429,Harbin
way/158233113-500,CHN_4430,Harbin
way/158233113-500,CHN_4431,Harbin
way/158233113-500,CHN_4432,Harbin
way/158233113-500,CHN_4433,Harbin
way/158233113-500,CHN_4434,Harbin
way/158233113-500,CHN_4435,Harbin
way/158233113-500,CHN_4436,Harbin
way/158233113-500,CHN_4437,Harbin
way/158233113-500,CHN_4438,Harbin
way/158233113-500,CHN_4439,Harbin
way/680550135-500,CHN_4440,CHN45p9N129p3E
way/680550135-500,CHN_4441,CHN45p9N129p3E
way/680550135-500,CHN_4442,CHN45p9N129p3E
way/680550135-500,CHN_4443,CHN45p9N129p3E
way/680550135-500,CHN_4444,CHN45p9N129p3E
way/680550135-500,CHN_4445,CHN45p9N129p3E
CN1211-500,CHN_4446,Liaoyang
CN1211-500,CHN_4448,Liaoyang
CN1211-500,CHN_4449,Liaoyang
CN1211-500,CHN_4450,Liaoyang
CN1211-500,CHN_4451,Liaoyang
CN1211-500,CHN_4452,Liaoyang
way/158233113-500,CHN_4453,Harbin
way/158233113-500,CHN_4456,Harbin
way/158233113-500,CHN_4457,Harbin
way/158233113-500,CHN_4458,Harbin
way/158233113-500,CHN_4460,Harbin
way/158233113-500,CHN_4462,Harbin
way/158233113-500,CHN_4463,Harbin
way/158233113-500,CHN_4464,Harbin
way/158233113-500,CHN_4465,Harbin
way/158233113-500,CHN_4466,Harbin
way/158233113-500,CHN_4467,Harbin
way/158233113-500,CHN_4468,Harbin
way/680550135-500,CHN_4469,CHN45p9N129p3E
way/680550135-500,CHN_4470,CHN45p9N129p3E
way/680550135-500,CHN_4471,CHN45p9N129p3E
way/680550135-500,CHN_4472,CHN45p9N129p3E
way/680550135-500,CHN_4473,CHN45p9N129p3E
way/680550135-500,CHN_4474,CHN45p9N129p3E
way/680550135-500,CHN_4475,CHN45p9N129p3E
CN1211-500,CHN_4476,Liaoyang
CN1211-500,CHN_4477,Liaoyang
CN1211-500,CHN_4478,Liaoyang
CN1211-500,CHN_4479,Liaoyang
CN1211-500,CHN_4480,Liaoyang
CN1211-500,CHN_4481,Liaoyang
way/158233113-500,CHN_4482,Harbin
way/158233113-500,CHN_4483,Harbin
way/158233113-500,CHN_4485,Harbin
way/158233113-500,CHN_4486,Harbin
way/158233113-500,CHN_4487,Harbin
way/158233113-500,CHN_4488,Harbin
way/158233113-500,CHN_4489,Harbin
way/158233113-500,CHN_4490,Harbin
way/158233113-500,CHN_4491,Harbin
way/158233113-500,CHN_4492,Harbin
way/158233113-500,CHN_4493,Harbin
way/158233113-500,CHN_4494,Harbin
way/158233113-500,CHN_4495,Harbin
way/158233113-500,CHN_4496,Harbin
way/158233113-500,CHN_4497,Harbin
way/680550135-500,CHN_4498,CHN45p9N129p3E
way/680550135-500,CHN_4499,CHN45p9N129p3E
way/680550135-500,CHN_4500,CHN45p9N129p3E
way/680550135-500,CHN_4501,CHN45p9N129p3E
way/680550135-500,CHN_4502,CHN45p9N129p3E
way/680550135-500,CHN_4503,CHN45p9N129p3E
way/680550135-500,CHN_4504,CHN45p9N129p3E
CN1211-500,CHN_4505,Liaoyang
CN1211-500,CHN_4506,Liaoyang
CN1211-500,CHN_4507,Liaoyang
CN1211-500,CHN_4508,Liaoyang
CN1211-500,CHN_4509,Liaoyang
way/158233113-500,CHN_4511,Harbin
way/158233113-500,CHN_4512,Harbin
way/158233113-500,CHN_4514,Harbin
way/158233113-500,CHN_4515,Harbin
way/158233113-500,CHN_4517,Harbin
way/158233113-500,CHN_4518,Harbin
way/158233113-500,CHN_4519,Harbin
way/158233113-500,CHN_4520,Harbin
way/158233113-500,CHN_4521,Harbin
way/158233113-500,CHN_4522,Harbin
way/158233113-500,CHN_4523,Harbin
way/158233113-500,CHN_4524,Harbin
way/158233113-500,CHN_4525,Harbin
way/680550135-500,CHN_4526,CHN45p9N129p3E
way/680550135-500,CHN_4527,CHN45p9N129p3E
way/680550135-500,CHN_4528,CHN45p9N129p3E
way/680550135-500,CHN_4529,CHN45p9N129p3E
way/680550135-500,CHN_4530,CHN45p9N129p3E
way/680550135-500,CHN_4531,CHN45p9N129p3E
way/680550135-500,CHN_4532,CHN45p9N129p3E
way/680550135-500,CHN_4533,CHN45p9N129p3E
CN1211-500,CHN_4534,Liaoyang
CN1211-500,CHN_4535,Liaoyang
CN1211-500,CHN_4537,Liaoyang
way/158233113-500,CHN_4538,Harbin
way/158233113-500,CHN_4539,Harbin
way/158233113-500,CHN_4542,Harbin
way/158233113-500,CHN_4543,Harbin
way/158233113-500,CHN_4546,Harbin
way/158233113-500,CHN_4547,Harbin
way/158233113-500,CHN_4548,Harbin
way/158233113-500,CHN_4549,Harbin
way/158233113-500,CHN_4550,Harbin
way/158233113-500,CHN_4551,Harbin
way/158233113-500,CHN_4552,Harbin
way/158233113-500,CHN_4553,Harbin
way/680550135-500,CHN_4554,CHN45p9N129p3E
way/680550135-500,CHN_4555,CHN45p9N129p3E
way/680550135-500,CHN_4556,CHN45p9N129p3E
way/680550135-500,CHN_4557,CHN45p9N129p3E
way/680550135-500,CHN_4558,CHN45p9N129p3E
way/680550135-500,CHN_4559,CHN45p9N129p3E
way/680550135-500,CHN_4560,CHN45p9N129p3E
CN1211-500,CHN_4561,Liaoyang
CN1211-500,CHN_4562,Liaoyang
CN1211-500,CHN_4563,Liaoyang
way/158233113-500,CHN_4564,Harbin
way/158233113-500,CHN_4565,Harbin
way/158233113-500,CHN_4568,Harbin
way/158233113-500,CHN_4569,Harbin
way/158233113-500,CHN_4570,Harbin
way/158233113-500,CHN_4571,Harbin
way/158233113-500,CHN_4572,Harbin
way/158233113-500,CHN_4573,Harbin
way/158233113-500,CHN_4574,Harbin
way/158233113-500,CHN_4575,Harbin
way/158233113-500,CHN_4577,Harbin
way/158233113-500,CHN_4578,Harbin
way/680550135-500,CHN_4579,CHN45p9N129p3E
way/680550135-500,CHN_4580,CHN45p9N129p3E
way/680550135-500,CHN_4581,CHN45p9N129p3E
way/680550135-500,CHN_4582,CHN45p9N129p3E
way/680550135-500,CHN_4583,CHN45p9N129p3E
way/680550135-500,CHN_4584,CHN45p9N129p3E
way/680550135-500,CHN_4585,CHN45p9N129p3E
CN1211-500,CHN_4586,Liaoyang
CN1211-500,CHN_4587,Liaoyang
CN1211-500,CHN_4588,Liaoyang
way/158233113-500,CHN_4589,Harbin
way/158233113-500,CHN_4590,Harbin
way/158233113-500,CHN_4591,Harbin
way/158233113-500,CHN_4592,Harbin
way/158233113-500,CHN_4593,Harbin
way/158233113-500,CHN_4594,Harbin
way/158233113-500,CHN_4595,Harbin
way/158233113-500,CHN_4597,Harbin
way/158233113-500,CHN_4599,Harbin
way/158233113-500,CHN_4600,Harbin
way/158233113-500,CHN_4601,Harbin
way/158233113-500,CHN_4602,Harbin
way/158233113-500,CHN_4603,Harbin
way/680550135-500,CHN_4604,CHN45p9N129p3E
way/680550135-500,CHN_4605,CHN45p9N129p3E
way/680550135-500,CHN_4607,CHN45p9N129p3E
CN1211-500,CHN_4608,Liaoyang
CN1211-500,CHN_4609,Liaoyang
way/680550135-500,CHN_4610,CHN45p9N129p3E
way/680550135-500,CHN_4611,CHN45p9N129p3E
way/680550135-500,CHN_4612,CHN45p9N129p3E
way/158233113-500,CHN_4613,Harbin
way/158233113-500,CHN_4614,Harbin
way/158233113-500,CHN_4615,Harbin
way/158233113-500,CHN_4616,Harbin
way/158233113-500,CHN_4617,Harbin
way/158233113-500,CHN_4618,Harbin
way/158233113-500,CHN_4619,Harbin
way/158233113-500,CHN_4620,Harbin
way/158233113-500,CHN_4621,Harbin
way/158233113-500,CHN_4622,Harbin
way/158233113-500,CHN_4623,Harbin
way/158233113-500,CHN_4624,Harbin
way/680550135-500,CHN_4625,CHN45p9N129p3E
way/680550135-500,CHN_4626,CHN45p9N129p3E
way/680550135-500,CHN_4627,CHN45p9N129p3E
way/680550135-500,CHN_4628,CHN45p9N129p3E
way/680550135-500,CHN_4629,CHN45p9N129p3E
way/680550135-500,CHN_4630,CHN45p9N129p3E
way/680550135-500,CHN_4631,CHN45p9N129p3E
way/680550135-500,CHN_4632,CHN45p9N129p3E
way/680550135-500,CHN_4634,CHN45p9N129p3E
way/158233113-500,CHN_4636,Harbin
way/158233113-500,CHN_4637,Harbin
way/158233113-500,CHN_4638,Harbin
way/158233113-500,CHN_4639,Harbin
way/158233113-500,CHN_4640,Harbin
way/158233113-500,CHN_4641,Harbin
way/158233113-500,CHN_4642,Harbin
way/158233113-500,CHN_4643,Harbin
way/158233113-500,CHN_4644,Harbin
way/158233113-500,CHN_4645,Harbin
way/680550135-500,CHN_4646,CHN45p9N129p3E
way/680550135-500,CHN_4647,CHN45p9N129p3E
way/680550135-500,CHN_4648,CHN45p9N129p3E
way/680550135-500,CHN_4649,CHN45p9N129p3E
way/680550135-500,CHN_4650,CHN45p9N129p3E
way/680550135-500,CHN_4651,CHN45p9N129p3E
way/680550135-500,CHN_4652,CHN45p9N129p3E
way/158233113-500,CHN_4653,Harbin
way/158233113-500,CHN_4654,Harbin
way/680550135-500,CHN_4655,CHN45p9N129p3E
way/680550135-500,CHN_4656,CHN45p9N129p3E
way/680550135-500,CHN_4657,CHN45p9N129p3E
way/680550135-500,CHN_4658,CHN45p9N129p3E
way/680550135-500,CHN_4659,CHN45p9N129p3E
way/680550135-500,CHN_4660,CHN45p9N129p3E
way/680550135-500,CHN_4661,CHN45p9N129p3E
way/680550135-500,CHN_4662,CHN45p9N129p3E
way/680550135-500,CHN_4663,CHN45p9N129p3E
way/680550135-500,CHN_4664,CHN45p9N129p3E
way/680550135-500,CHN_4665,CHN45p9N129p3E
way/680550135-500,CHN_4666,CHN45p9N129p3E
way/680550135-500,CHN_4667,CHN45p9N129p3E
way/680550135-500,CHN_4668,CHN45p9N129p3E
way/680550135-500,CHN_4669,CHN45p9N129p3E
way/680550135-500,CHN_4670,CHN45p9N129p3E
way/680550135-500,CHN_4671,CHN45p9N129p3E
way/680550135-500,CHN_4672,CHN45p9N129p3E
way/680550135-500,CHN_4673,CHN45p9N129p3E
way/680550135-500,CHN_4674,CHN45p9N129p3E
way/680550135-500,CHN_4676,CHN45p9N129p3E
way/680550135-500,CHN_4677,CHN45p9N129p3E
way/680550135-500,CHN_4678,CHN45p9N129p3E
way/680550135-500,CHN_4679,CHN45p9N129p3E
way/680550135-500,CHN_4680,CHN45p9N129p3E
way/680550135-500,CHN_4681,CHN45p9N129p3E
way/680550135-500,CHN_4682,CHN45p9N129p3E
way/680550135-500,CHN_4683,CHN45p9N129p3E
way/680550135-500,CHN_4684,CHN45p9N129p3E
way/680550135-500,CHN_4686,CHN45p9N129p3E
way/680550135-500,CHN_4687,CHN45p9N129p3E
way/680550135-500,CHN_4688,CHN45p9N129p3E
way/680550135-500,CHN_4690,CHN45p9N129p3E
way/680550135-500,CHN_4692,CHN45p9N129p3E
way/680550135-500,CHN_4693,CHN45p9N129p3E
way/680550135-500,CHN_4694,CHN45p9N129p3E
way/680550135-500,CHN_4695,CHN45p9N129p3E
way/680550135-500,CHN_4696,CHN45p9N129p3E
way/680550135-500,CHN_4697,CHN45p9N129p3E
way/680550135-500,CHN_4698,CHN45p9N129p3E
way/680550135-500,CHN_4699,CHN45p9N129p3E
way/680550135-500,CHN_4700,CHN45p9N129p3E
way/680550135-500,CHN_4701,CHN45p9N129p3E
way/680550135-500,CHN_4702,CHN45p9N129p3E
way/680550135-500,CHN_4703,CHN45p9N129p3E
way/680550135-500,CHN_4704,CHN45p9N129p3E
way/680550135-500,CHN_4705,CHN45p9N129p3E
way/680550135-500,CHN_4706,CHN45p9N129p3E
way/680550135-500,CHN_4707,CHN45p9N129p3E
way/680550135-500,CHN_4708,CHN45p9N129p3E
way/680550135-500,CHN_4712,CHN45p9N129p3E
way/680550135-500,CHN_4713,CHN45p9N129p3E
way/680550135-500,CHN_4714,CHN45p9N129p3E
way/680550135-500,CHN_4715,CHN45p9N129p3E
way/680550135-500,CHN_4716,CHN45p9N129p3E
way/680550135-500,CHN_4717,CHN45p9N129p3E
way/680550135-500,CHN_4718,CHN45p9N129p3E
way/680550135-500,CHN_4719,CHN45p9N129p3E
way/680550135-500,CHN_4720,CHN45p9N129p3E
way/680550135-500,CHN_4721,CHN45p9N129p3E
way/680550135-500,CHN_4722,CHN45p9N129p3E
way/680550135-500,CHN_4723,CHN45p9N129p3E
way/680550135-500,CHN_4725,CHN45p9N129p3E
way/680550135-500,CHN_4726,CHN45p9N129p3E
way/680550135-500,CHN_4727,CHN45p9N129p3E
way/680550135-500,CHN_4728,CHN45p9N129p3E
way/680550135-500,CHN_4729,CHN45p9N129p3E
way/680550135-500,CHN_4730,CHN45p9N129p3E
way/680550135-500,CHN_4731,CHN45p9N129p3E
way/680550135-500,CHN_4732,CHN45p9N129p3E
way/680550135-500,CHN_4733,CHN45p9N129p3E
way/680550135-500,CHN_4734,CHN45p9N129p3E
way/680550135-500,CHN_4735,CHN45p9N129p3E
way/680550135-500,CHN_4736,CHN45p9N129p3E
way/680550135-500,CHN_4737,CHN45p9N129p3E
way/680550135-500,CHN_4740,CHN45p9N129p3E
way/680550135-500,CHN_4741,CHN45p9N129p3E
way/680550135-500,CHN_4742,CHN45p9N129p3E
way/680550135-500,CHN_4743,CHN45p9N129p3E
way/680550135-500,CHN_4744,CHN45p9N129p3E
way/680550135-500,CHN_4745,CHN45p9N129p3E
way/680550135-500,CHN_4746,CHN45p9N129p3E
way/680550135-500,CHN_4748,CHN45p9N129p3E
way/680550135-500,CHN_4749,CHN45p9N129p3E
way/680550135-500,CHN_4752,CHN45p9N129p3E
way/680550135-500,CHN_4753,CHN45p9N129p3E
way/680550135-500,CHN_4754,CHN45p9N129p3E
way/680550135-500,CHN_4755,CHN45p9N129p3E
way/680550135-500,CHN_4756,CHN45p9N129p3E
way/680550135-500,CHN_4757,CHN45p9N129p3E
way/680550135-500,CHN_4758,CHN45p9N129p3E
way/680550135-500,CHN_4759,CHN45p9N129p3E
way/680550135-500,CHN_4760,CHN45p9N129p3E
way/680550135-500,CHN_4761,CHN45p9N129p3E
way/680550135-500,CHN_4762,CHN45p9N129p3E
way/680550135-500,CHN_4763,CHN45p9N129p3E
way/680550135-500,CHN_4764,CHN45p9N129p3E
way/680550135-500,CHN_4765,CHN45p9N129p3E
way/680550135-500,CHN_4767,CHN45p9N129p3E
way/680550135-500,CHN_4768,CHN45p9N129p3E
way/680550135-500,CHN_4769,CHN45p9N129p3E
way/680550135-500,CHN_4770,CHN45p9N129p3E
way/680550135-500,CHN_4771,CHN45p9N129p3E
way/680550135-500,CHN_4772,CHN45p9N129p3E
way/680550135-500,CHN_4773,CHN45p9N129p3E
way/680550135-500,CHN_4774,CHN45p9N129p3E
way/680550135-500,CHN_4775,CHN45p9N129p3E
way/680550135-500,CHN_4776,CHN45p9N129p3E
way/680550135-500,CHN_4777,CHN45p9N129p3E
way/680550135-500,CHN_4778,CHN45p9N129p3E
way/680550135-500,CHN_4779,CHN45p9N129p3E
way/680550135-500,CHN_4780,CHN45p9N129p3E
way/680550135-500,CHN_4781,CHN45p9N129p3E
way/680550135-500,CHN_4782,CHN45p9N129p3E
way/680550135-500,CHN_4783,CHN45p9N129p3E
way/680550135-500,CHN_4785,CHN45p9N129p3E
way/680550135-500,CHN_4786,CHN45p9N129p3E
way/680550135-500,CHN_4787,CHN45p9N129p3E
way/680550135-500,CHN_4788,CHN45p9N129p3E
way/680550135-500,CHN_4789,CHN45p9N129p3E
way/680550135-500,CHN_4790,CHN45p9N129p3E
way/680550135-500,CHN_4791,CHN45p9N129p3E
way/680550135-500,CHN_4792,CHN45p9N129p3E
way/680550135-500,CHN_4793,CHN45p9N129p3E
way/680550135-500,CHN_4794,CHN45p9N129p3E
way/680550135-500,CHN_4795,CHN45p9N129p3E
way/578735778-500,wof-CHN_0,Fangchenggang
way/578735778-500,wof-CHN_1,Fangchenggang
way/578735778-500,wof-CHN_2,Fangchenggang
way/578735778-500,wof-CHN_3,Fangchenggang
way/578735778-500,wof-CHN_4,Fangchenggang
way/578735778-500,wof-CHN_5,Fangchenggang
way/578735778-500,wof-CHN_6,Fangchenggang
way/578735778-500,wof-CHN_7,Fangchenggang
way/578735778-500,wof-CHN_8,Fangchenggang
way/578735778-500,wof-CHN_9,Fangchenggang
way/578735778-500,wof-CHN_10,Fangchenggang
way/578735778-500,wof-CHN_11,Fangchenggang
way/578735778-500,wof-CHN_12,Fangchenggang
way/578735778-500,wof-CHN_13,Fangchenggang
way/578735778-500,wof-CHN_14,Fangchenggang
way/578735778-500,wof-CHN_15,Fangchenggang
way/578735778-500,wof-CHN_16,Fangchenggang
way/578735778-500,wof-CHN_17,Fangchenggang
way/578735778-500,wof-CHN_21,Fangchenggang
way/578735778-500,wof-CHN_22,Fangchenggang
way/578735778-500,wof-CHN_23,Fangchenggang
way/578735778-500,wof-CHN_26,Fangchenggang
way/578735778-500,wof-CHN_27,Fangchenggang
way/578735778-500,wof-CHN_28,Fangchenggang
way/578735778-500,wof-CHN_32,Fangchenggang
way/578735778-500,wof-CHN_33,Fangchenggang
way/578735778-500,wof-CHN_34,Fangchenggang
way/578735778-500,wof-CHN_35,Fangchenggang
way/578735778-500,wof-CHN_44,Fangchenggang
way/578735778-500,wof-CHN_45,Fangchenggang
way/578735778-500,wof-CHN_46,Fangchenggang
way/578735778-500,wof-CHN_56,Fangchenggang
way/578735778-500,wof-CHN_57,Fangchenggang
way/578735778-500,wof-CHN_58,Fangchenggang
way/578735778-500,wof-CHN_59,Fangchenggang
way/578735778-500,wof-CHN_60,Fangchenggang
way/578735778-500,wof-CHN_67,Fangchenggang
way/578735778-500,wof-CHN_68,Fangchenggang
way/578735778-500,wof-CHN_69,Fangchenggang
way/578735778-500,wof-CHN_70,Fangchenggang
way/578735778-500,wof-CHN_71,Fangchenggang
way/578735778-500,wof-CHN_72,Fangchenggang
way/578735778-500,wof-CHN_73,Fangchenggang
way/578735778-500,wof-CHN_82,Fangchenggang
way/578735778-500,wof-CHN_83,Fangchenggang
way/578735778-500,wof-CHN_85,Fangchenggang
way/578735778-500,wof-CHN_86,Fangchenggang
way/578735778-500,wof-CHN_87,Fangchenggang
way/578735778-500,wof-CHN_88,Fangchenggang
way/578735778-500,wof-CHN_89,Fangchenggang
way/578735778-500,wof-CHN_90,Fangchenggang
way/462823764-500,wof-CHN_91,Yangjiang
way/578735778-500,wof-CHN_97,Fangchenggang
way/578735778-500,wof-CHN_98,Fangchenggang
way/578735778-500,wof-CHN_99,Fangchenggang
way/578735778-500,wof-CHN_100,Fangchenggang
way/578735778-500,wof-CHN_101,Fangchenggang
way/578735778-500,wof-CHN_103,Fangchenggang
way/578735778-500,wof-CHN_104,Fangchenggang
way/578735778-500,wof-CHN_105,Fangchenggang
way/578735778-500,wof-CHN_106,Fangchenggang
way/578735778-500,wof-CHN_107,Fangchenggang
way/462823764-500,wof-CHN_108,Yangjiang
way/462823764-500,wof-CHN_109,Yangjiang
way/578735778-500,wof-CHN_112,Fangchenggang
way/578735778-500,wof-CHN_113,Fangchenggang
way/578735778-500,wof-CHN_114,Fangchenggang
way/578735778-500,wof-CHN_115,Fangchenggang
way/578735778-500,wof-CHN_116,Fangchenggang
way/578735778-500,wof-CHN_117,Fangchenggang
way/578735778-500,wof-CHN_118,Fangchenggang
way/578735778-500,wof-CHN_121,Fangchenggang
way/578735778-500,wof-CHN_122,Fangchenggang
way/578735778-500,wof-CHN_123,Fangchenggang
way/462823764-500,wof-CHN_124,Yangjiang
way/462823764-500,wof-CHN_125,Yangjiang
way/462823764-500,wof-CHN_126,Yangjiang
way/578735778-500,wof-CHN_129,Fangchenggang
way/578735778-500,wof-CHN_131,Fangchenggang
way/578735778-500,wof-CHN_132,Fangchenggang
way/578735778-500,wof-CHN_133,Fangchenggang
way/578735778-500,wof-CHN_134,Fangchenggang
way/578735778-500,wof-CHN_136,Fangchenggang
way/578735778-500,wof-CHN_137,Fangchenggang
way/578735778-500,wof-CHN_138,Fangchenggang
way/578735778-500,wof-CHN_139,Fangchenggang
way/578735778-500,wof-CHN_142,Fangchenggang
way/578735778-500,wof-CHN_143,Fangchenggang
way/462823764-500,wof-CHN_144,Yangjiang
way/462823764-500,wof-CHN_145,Yangjiang
way/462823764-500,wof-CHN_146,Yangjiang
way/462823764-500,wof-CHN_147,Yangjiang
way/462823764-500,wof-CHN_148,Yangjiang
way/578735778-500,wof-CHN_151,Fangchenggang
way/578735778-500,wof-CHN_152,Fangchenggang
way/578735778-500,wof-CHN_154,Fangchenggang
way/578735778-500,wof-CHN_155,Fangchenggang
way/578735778-500,wof-CHN_156,Fangchenggang
way/578735778-500,wof-CHN_170,Fangchenggang
way/578735778-500,wof-CHN_171,Fangchenggang
way/578735778-500,wof-CHN_172,Fangchenggang
way/578735778-500,wof-CHN_173,Fangchenggang
way/578735778-500,wof-CHN_174,Fangchenggang
way/578735778-500,wof-CHN_176,Fangchenggang
way/462823764-500,wof-CHN_177,Yangjiang
way/462823764-500,wof-CHN_178,Yangjiang
way/462823764-500,wof-CHN_179,Yangjiang
way/462823764-500,wof-CHN_180,Yangjiang
way/462823764-500,wof-CHN_181,Yangjiang
way/462823764-500,wof-CHN_182,Yangjiang
way/578735778-500,wof-CHN_187,Fangchenggang
way/578735778-500,wof-CHN_190,Fangchenggang
way/578735778-500,wof-CHN_191,Fangchenggang
way/578735778-500,wof-CHN_192,Fangchenggang
way/578735778-500,wof-CHN_205,Fangchenggang
way/578735778-500,wof-CHN_207,Fangchenggang
way/462823764-500,wof-CHN_211,Yangjiang
way/462823764-500,wof-CHN_212,Yangjiang
way/462823764-500,wof-CHN_213,Yangjiang
way/462823764-500,wof-CHN_214,Yangjiang
way/462823764-500,wof-CHN_215,Yangjiang
way/462823764-500,wof-CHN_216,Yangjiang
way/578735778-500,wof-CHN_221,Fangchenggang
way/578735778-500,wof-CHN_222,Fangchenggang
way/578735778-500,wof-CHN_223,Fangchenggang
way/578735778-500,wof-CHN_224,Fangchenggang
way/578735778-500,wof-CHN_225,Fangchenggang
way/578735778-500,wof-CHN_236,Fangchenggang
way/578735778-500,wof-CHN_237,Fangchenggang
way/462823764-500,wof-CHN_246,Yangjiang
way/462823764-500,wof-CHN_247,Yangjiang
way/462823764-500,wof-CHN_248,Yangjiang
way/462823764-500,wof-CHN_249,Yangjiang
way/462823764-500,wof-CHN_250,Yangjiang
way/578735778-500,wof-CHN_254,Fangchenggang
way/578735778-500,wof-CHN_255,Fangchenggang
way/578735778-500,wof-CHN_256,Fangchenggang
way/578735778-500,wof-CHN_257,Fangchenggang
way/578735778-500,wof-CHN_258,Fangchenggang
way/578735778-500,wof-CHN_267,Fangchenggang
way/578735778-500,wof-CHN_268,Fangchenggang
way/578735778-500,wof-CHN_269,Fangchenggang
way/462823764-500,wof-CHN_277,Yangjiang
way/462823764-500,wof-CHN_278,Yangjiang
way/462823764-500,wof-CHN_279,Yangjiang
way/462823764-500,wof-CHN_280,Yangjiang
way/462823764-500,wof-CHN_281,Yangjiang
way/578735778-500,wof-CHN_285,Fangchenggang
way/578735778-500,wof-CHN_286,Fangchenggang
way/578735778-500,wof-CHN_287,Fangchenggang
way/462823764-500,wof-CHN_305,Yangjiang
way/462823764-500,wof-CHN_306,Yangjiang
way/462823764-500,wof-CHN_307,Yangjiang
way/462823764-500,wof-CHN_308,Yangjiang
way/462823764-500,wof-CHN_309,Yangjiang
way/462823764-500,wof-CHN_310,Yangjiang
way/578735778-500,wof-CHN_314,Fangchenggang
way/578735778-500,wof-CHN_315,Fangchenggang
way/462823764-500,wof-CHN_330,Yangjiang
way/462823764-500,wof-CHN_331,Yangjiang
way/462823764-500,wof-CHN_332,Yangjiang
way/462823764-500,wof-CHN_333,Yangjiang
way/909794907-500,wof-CHN_334,Shaoguan
way/909794907-500,wof-CHN_335,Shaoguan
way/909794907-500,wof-CHN_352,Shaoguan
way/909794907-500,wof-CHN_353,Shaoguan
way/909794907-500,wof-CHN_354,Shaoguan
way/909794907-500,wof-CHN_355,Shaoguan
way/909794907-500,wof-CHN_371,Shaoguan
way/909794907-500,wof-CHN_372,Shaoguan
way/909794907-500,wof-CHN_373,Shaoguan
way/909794907-500,wof-CHN_387,Shaoguan
way/909794907-500,wof-CHN_388,Shaoguan
way/577720180-500,wof-CHN_389,Putian
way/577720180-500,wof-CHN_393,Putian
way/577720180-500,wof-CHN_394,Putian
way/577720180-500,wof-CHN_395,Putian
way/577720180-500,wof-CHN_398,Putian
way/577720180-500,wof-CHN_399,Putian
way/577720180-500,wof-CHN_400,Putian
way/577720180-500,wof-CHN_401,Putian
way/577720180-500,wof-CHN_404,Putian
way/577720180-500,wof-CHN_405,Putian
way/577720180-500,wof-CHN_406,Putian
way/577720180-500,wof-CHN_408,Putian
way/577720180-500,wof-CHN_409,Putian
way/577720180-500,wof-CHN_414,Putian
way/577720180-500,wof-CHN_415,Putian
way/577720180-500,wof-CHN_416,Putian
way/577720180-500,wof-CHN_417,Putian
way/577720180-500,wof-CHN_418,Putian
way/577720180-500,wof-CHN_419,Putian
way/577720180-500,wof-CHN_426,Putian
way/577720180-500,wof-CHN_427,Putian
way/577720180-500,wof-CHN_428,Putian
way/577720180-500,wof-CHN_429,Putian
way/577720180-500,wof-CHN_439,Putian
way/577720180-500,wof-CHN_440,Putian
way/577720180-500,wof-CHN_441,Putian
way/577720180-500,wof-CHN_457,Putian
way/577720180-500,wof-CHN_458,Putian
way/577720180-500,wof-CHN_479,Putian
way/577720180-500,wof-CHN_480,Putian
way/577720180-500,wof-CHN_481,Putian
way/577720180-500,wof-CHN_482,Putian
way/966809494-500,wof-CHN_485,Ningde
way/577720180-500,wof-CHN_503,Putian
way/577720180-500,wof-CHN_504,Putian
way/966809494-500,wof-CHN_505,Ningde
way/966809494-500,wof-CHN_506,Ningde
way/966809494-500,wof-CHN_507,Ningde
way/362596150-500,wof-CHN_527,Shahezhai
way/577720180-500,wof-CHN_529,Putian
way/966809494-500,wof-CHN_530,Ningde
way/966809494-500,wof-CHN_531,Ningde
way/966809494-500,wof-CHN_532,Ningde
way/966809494-500,wof-CHN_533,Ningde
way/1014000730-500,wof-CHN_550,Rizhao
way/362596150-500,wof-CHN_553,Shahezhai
way/362596150-500,wof-CHN_554,Shahezhai
way/966809494-500,wof-CHN_560,Ningde
way/966809494-500,wof-CHN_561,Ningde
way/966809494-500,wof-CHN_562,Ningde
way/966809494-500,wof-CHN_563,Ningde
way/966809494-500,wof-CHN_564,Ningde
way/1014000730-500,wof-CHN_579,Rizhao
way/1014000730-500,wof-CHN_580,Rizhao
way/362596150-500,wof-CHN_587,Shahezhai
way/966809494-500,wof-CHN_594,Ningde
way/966809494-500,wof-CHN_595,Ningde
way/966809494-500,wof-CHN_596,Ningde
way/966809494-500,wof-CHN_597,Ningde
way/323016549-500,wof-CHN_598,Hangzhou
CN6623-500,wof-CHN_612,Nantong
way/1014000730-500,wof-CHN_613,Rizhao
way/1014000730-500,wof-CHN_614,Rizhao
way/1014000730-500,wof-CHN_615,Rizhao
way/1014000730-500,wof-CHN_620,Rizhao
way/362596150-500,wof-CHN_621,Shahezhai
way/147708063-500,wof-CHN_625,Anshan
way/966809494-500,wof-CHN_628,Ningde
way/966809494-500,wof-CHN_629,Ningde
way/323016549-500,wof-CHN_630,Hangzhou
way/323016549-500,wof-CHN_631,Hangzhou
way/323016549-500,wof-CHN_632,Hangzhou
way/323016549-500,wof-CHN_633,Hangzhou
CN6623-500,wof-CHN_644,Nantong
CN6623-500,wof-CHN_645,Nantong
way/1014000730-500,wof-CHN_646,Rizhao
way/1014000730-500,wof-CHN_647,Rizhao
way/1014000730-500,wof-CHN_648,Rizhao
way/1014000730-500,wof-CHN_649,Rizhao
way/1014000730-500,wof-CHN_653,Rizhao
way/362596150-500,wof-CHN_654,Shahezhai
way/147708063-500,wof-CHN_655,Anshan
way/966809494-500,wof-CHN_659,Ningde
way/323016549-500,wof-CHN_660,Hangzhou
way/323016549-500,wof-CHN_661,Hangzhou
way/323016549-500,wof-CHN_662,Hangzhou
way/323016549-500,wof-CHN_663,Hangzhou
way/95783495-500,wof-CHN_664,Shanghai
way/95783495-500,wof-CHN_665,Shanghai
way/95783495-500,wof-CHN_666,Shanghai
way/95783495-500,wof-CHN_667,Shanghai
way/95783495-500,wof-CHN_668,Shanghai
way/95783495-500,wof-CHN_669,Shanghai
way/95783495-500,wof-CHN_674,Shanghai
CN6623-500,wof-CHN_675,Nantong
CN6623-500,wof-CHN_676,Nantong
way/1014000730-500,wof-CHN_677,Rizhao
way/1014000730-500,wof-CHN_678,Rizhao
way/1014000730-500,wof-CHN_679,Rizhao
way/1014000730-500,wof-CHN_680,Rizhao
way/1014000730-500,wof-CHN_681,Rizhao
way/1014000730-500,wof-CHN_683,Rizhao
way/1014000730-500,wof-CHN_684,Rizhao
way/147708063-500,wof-CHN_685,Anshan
way/147708063-500,wof-CHN_686,Anshan
way/323016549-500,wof-CHN_689,Hangzhou
way/323016549-500,wof-CHN_690,Hangzhou
way/323016549-500,wof-CHN_691,Hangzhou
way/323016549-500,wof-CHN_692,Hangzhou
way/95783495-500,wof-CHN_693,Shanghai
way/95783495-500,wof-CHN_694,Shanghai
way/95783495-500,wof-CHN_695,Shanghai
way/95783495-500,wof-CHN_696,Shanghai
way/95783495-500,wof-CHN_697,Shanghai
way/95783495-500,wof-CHN_698,Shanghai
way/95783495-500,wof-CHN_703,Shanghai
way/95783495-500,wof-CHN_704,Shanghai
CN6623-500,wof-CHN_705,Nantong
way/1014000730-500,wof-CHN_706,Rizhao
way/1014000730-500,wof-CHN_707,Rizhao
way/1014000730-500,wof-CHN_708,Rizhao
way/1014000730-500,wof-CHN_709,Rizhao
way/1014000730-500,wof-CHN_710,Rizhao
way/1014000730-500,wof-CHN_711,Rizhao
way/1014000730-500,wof-CHN_712,Rizhao
way/1014000730-500,wof-CHN_713,Rizhao
way/147708063-500,wof-CHN_714,Anshan
way/147708063-500,wof-CHN_715,Anshan
way/147708063-500,wof-CHN_716,Anshan
way/323016549-500,wof-CHN_718,Hangzhou
way/323016549-500,wof-CHN_719,Hangzhou
way/95783495-500,wof-CHN_720,Shanghai
way/95783495-500,wof-CHN_721,Shanghai
way/95783495-500,wof-CHN_722,Shanghai
way/95783495-500,wof-CHN_723,Shanghai
way/95783495-500,wof-CHN_724,Shanghai
way/95783495-500,wof-CHN_725,Shanghai
way/95783495-500,wof-CHN_726,Shanghai
way/95783495-500,wof-CHN_730,Shanghai
way/95783495-500,wof-CHN_731,Shanghai
way/1014000730-500,wof-CHN_732,Rizhao
way/1014000730-500,wof-CHN_733,Rizhao
way/1014000730-500,wof-CHN_734,Rizhao
way/1014000730-500,wof-CHN_735,Rizhao
way/1014000730-500,wof-CHN_736,Rizhao
way/1014000730-500,wof-CHN_737,Rizhao
way/1014000730-500,wof-CHN_738,Rizhao
way/147708063-500,wof-CHN_739,Anshan
way/147708063-500,wof-CHN_740,Anshan
way/147708063-500,wof-CHN_741,Anshan
way/147708063-500,wof-CHN_742,Anshan
way/323016549-500,wof-CHN_743,Hangzhou
way/323016549-500,wof-CHN_744,Hangzhou
way/95783495-500,wof-CHN_745,Shanghai
way/95783495-500,wof-CHN_746,Shanghai
way/95783495-500,wof-CHN_747,Shanghai
way/95783495-500,wof-CHN_748,Shanghai
way/95783495-500,wof-CHN_749,Shanghai
way/95783495-500,wof-CHN_750,Shanghai
way/95783495-500,wof-CHN_751,Shanghai
way/95783495-500,wof-CHN_752,Shanghai
way/95783495-500,wof-CHN_753,Shanghai
way/95783495-500,wof-CHN_754,Shanghai
way/1014000730-500,wof-CHN_755,Rizhao
way/1014000730-500,wof-CHN_756,Rizhao
way/1014000730-500,wof-CHN_757,Rizhao
way/1014000730-500,wof-CHN_758,Rizhao
way/147708063-500,wof-CHN_759,Anshan
way/147708063-500,wof-CHN_760,Anshan
way/95783495-500,wof-CHN_765,Shanghai
way/95783495-500,wof-CHN_766,Shanghai
way/95783495-500,wof-CHN_767,Shanghai
way/95783495-500,wof-CHN_768,Shanghai
way/95783495-500,wof-CHN_769,Shanghai
way/95783495-500,wof-CHN_770,Shanghai
way/95783495-500,wof-CHN_771,Shanghai
way/95783495-500,wof-CHN_772,Shanghai
way/95783495-500,wof-CHN_773,Shanghai
way/95783495-500,wof-CHN_777,Shanghai
way/95783495-500,wof-CHN_778,Shanghai
way/95783495-500,wof-CHN_779,Shanghai
way/95783495-500,wof-CHN_780,Shanghai
way/95783495-500,wof-CHN_781,Shanghai
way/95783495-500,wof-CHN_782,Shanghai
way/95783495-500,wof-CHN_783,Shanghai
way/95783495-500,wof-CHN_790,Shanghai
way/95783495-500,wof-CHN_791,Shanghai
way/95783495-500,wof-CHN_796,Shanghai
