bus_id,grid_cell,bus_name
way/170832455-275,AUS_2169,Blackwall
way/170832455-275,AUS_2169,Blackwall
way/64943050-500,AUS_1707,SouthMorang
way/64943050-500,AUS_1707,SouthMorang
way/174441055-220,AUS_1883,Palmerston
way/174441055-220,wof-AUS_1312,Palmerston
way/64943050-500,AUS_1707,SouthMorang
way/64943050-500,AUS_1707,SouthMorang
way/64943050-500,AUS_1707,SouthMorang
AU73-330,AUS_2109,CentralCoast
AU73-330,AUS_2110,CentralCoast
AU73-330,wof-AUS_1591,CentralCoast
AU73-330,AUS_2109,CentralCoast
AU73-330,AUS_2109,CentralCoast
way/570175005-220,AUS_1707,Rowville
way/170832455-275,AUS_2168,Blackwall
way/570175005-220,AUS_1707,Rowville
way/64943050-500,AUS_1707,SouthMorang
AU57-330,AUS_72,Perth
AU57-330,wof-AUS_282,Perth
way/64943050-500,AUS_1707,SouthMorang
AU57-330,AUS_71,Perth
AU57-330,wof-AUS_282,Perth
AU57-330,AUS_72,Perth
AU57-330,wof-AUS_283,Perth
way/170832455-275,AUS_2169,Blackwall
way/170832455-275,AUS_2183,Blackwall
way/170832455-275,wof-AUS_1705,Blackwall
way/925410265-330,AUS_2076,SydneyWest
way/925410265-330,wof-AUS_1538,SydneyWest
way/925410265-330,AUS_2076,SydneyWest
way/170832455-275,AUS_2168,Blackwall
way/170832455-275,AUS_2169,Blackwall
way/570175005-220,AUS_1770,Rowville
way/570175005-220,AUS_1770,Rowville
way/89180086-220,AUS_1640,Ballarat
way/89180086-220,AUS_1640,Ballarat
way/925410265-330,AUS_2075,SydneyWest
way/925410265-330,wof-AUS_1538,SydneyWest
way/64943050-500,AUS_1707,SouthMorang
way/432510474-275,AUS_2130,CalliopeRiver
way/432510474-275,wof-AUS_1542,CalliopeRiver
way/64943050-500,AUS_1772,SouthMorang
way/64943050-500,AUS_1707,SouthMorang
way/64943050-500,AUS_1707,SouthMorang
way/64943050-500,AUS_1707,SouthMorang
way/172362099-275,AUS_1302,Para
way/174441055-220,AUS_1826,Palmerston
way/87853100-330,AUS_69,Australind
way/174441055-220,AUS_1886,Palmerston
way/88191017-220,AUS_1828,Sheffield
way/88191017-220,wof-AUS_1278,Sheffield
way/89180086-220,AUS_1641,Ballarat
way/170832455-275,AUS_2184,Blackwall
way/170832455-275,wof-AUS_1705,Blackwall
way/160201298-330,AUS_2114,Armidale
way/88191017-220,AUS_1887,Sheffield
way/88191017-220,wof-AUS_1314,Sheffield
way/174875093-330,AUS_1894,Murray
way/119995150-275,AUS_2097,Calvale
way/164764363-275,AUS_1262,Davenport
way/164764363-275,wof-AUS_964,Davenport
way/121646942-275,AUS_2061,Broadsound
way/570175005-220,AUS_1707,Rowville
way/570175005-220,AUS_1706,Rowville
way/480009927-500,AUS_1833,Hazelwood
way/480009927-500,AUS_1833,Hazelwood
way/480009927-500,AUS_1833,Hazelwood
way/170832455-275,AUS_2169,Blackwall
way/312550977-500,AUS_1573,Tarrone
way/160201298-330,AUS_2140,Armidale
way/925410265-330,AUS_2074,SydneyWest
way/655511604-330,AUS_2034,Canberra
way/312550977-500,AUS_1394,Tarrone
way/164764363-275,AUS_1219,Davenport
way/164764363-275,wof-AUS_929,Davenport
way/164775125-275,AUS_1304,Robertstown
way/164764363-275,AUS_1218,Davenport
way/166113109-275,AUS_2022,Nebo
AU73-330,AUS_2111,CentralCoast
AU73-330,AUS_2111,CentralCoast
AU73-330,AUS_2111,CentralCoast
way/88191017-220,AUS_1767,Sheffield
way/925410265-330,AUS_2074,SydneyWest
way/925410265-330,AUS_2074,SydneyWest
way/480009927-500,AUS_1833,Hazelwood
way/169408193-330,AUS_2040,MountPiper
way/169408193-330,AUS_1998,MountPiper
way/169408193-330,AUS_2038,MountPiper
way/169408193-330,AUS_2038,MountPiper
way/169416665-220,AUS_1841,DarlingtonPoint
way/169416665-220,AUS_1841,DarlingtonPoint
way/312550977-500,AUS_1443,Tarrone
way/312550977-500,wof-AUS_1094,Tarrone
way/312550977-500,AUS_1443,Tarrone
way/312550977-500,wof-AUS_1094,Tarrone
way/169794711-220,AUS_1645,Balranald
way/169794711-220,AUS_1581,Balranald
way/164775125-275,AUS_1261,Robertstown
way/164775125-275,AUS_1262,Robertstown
way/169408193-330,AUS_2077,MountPiper
way/164764363-275,AUS_1167,Davenport
way/170709510-275,AUS_2148,Tarong
way/170832455-275,AUS_2169,Blackwall
way/172887193-330,AUS_2121,BulliCreek
way/170832455-275,AUS_2171,Blackwall
way/172887193-330,AUS_2123,BulliCreek
way/172887193-330,AUS_2123,BulliCreek
way/170709510-275,AUS_2172,Tarong
way/171728751-275,AUS_2151,GinGin
way/432510474-275,AUS_2130,CalliopeRiver
way/432510474-275,wof-AUS_1541,CalliopeRiver
way/171744075-275,AUS_1875,Strathmore
way/432510474-275,AUS_2130,CalliopeRiver
way/432510474-275,wof-AUS_1542,CalliopeRiver
way/171486427-275,AUS_2099,Bouldercombe
way/171486427-275,AUS_2099,Bouldercombe
way/170832455-275,AUS_2166,Blackwall
way/170832455-275,wof-AUS_1703,Blackwall
way/550221344-275,AUS_2092,WandoanSouth
way/171728751-275,AUS_2153,GinGin
way/171744075-275,AUS_1982,Strathmore
way/121646942-275,AUS_1977,Broadsound
way/160201298-330,AUS_2163,Armidale
way/160201298-330,wof-AUS_1648,Armidale
way/172231145-330,AUS_1898,Wagga
way/172362099-275,AUS_1259,Para
way/172362099-275,AUS_1258,Para
way/172362099-275,AUS_1258,Para
way/170832455-275,AUS_2168,Blackwall
way/925410265-330,AUS_2107,SydneyWest
way/925410265-330,wof-AUS_1538,SydneyWest
way/925410265-330,AUS_2074,SydneyWest
way/925410265-330,wof-AUS_1537,SydneyWest
way/172362099-275,AUS_1259,Para
way/172362099-275,AUS_1258,Para
way/925410265-330,AUS_2074,SydneyWest
way/925410265-330,wof-AUS_1537,SydneyWest
way/169794711-220,AUS_1516,Balranald
way/172362099-275,AUS_1258,Para
way/172362099-275,AUS_1258,Para
way/170709510-275,AUS_2147,Tarong
way/170709510-275,AUS_2147,Tarong
way/172887193-330,AUS_2121,BulliCreek
way/172887193-330,AUS_2118,BulliCreek
way/172231145-330,AUS_1896,Wagga
way/89180086-220,AUS_1643,Ballarat
way/170832455-275,AUS_2169,Blackwall
way/170832455-275,AUS_2169,Blackwall
way/89180086-220,AUS_1709,Ballarat
AU104-220,AUS_1510,Horsham
way/925410265-330,AUS_2076,SydneyWest
way/925410265-330,wof-AUS_1538,SydneyWest
way/925410265-330,AUS_2076,SydneyWest
way/925410265-330,wof-AUS_1538,SydneyWest
way/174441055-220,AUS_1885,Palmerston
way/174875093-330,AUS_1947,Murray
way/64943050-500,AUS_1774,SouthMorang
way/174441055-220,AUS_1825,Palmerston
way/172231145-330,AUS_1896,Wagga
way/925410265-330,AUS_2108,SydneyWest
way/925410265-330,wof-AUS_1539,SydneyWest
way/925410265-330,AUS_2108,SydneyWest
way/925410265-330,wof-AUS_1539,SydneyWest
way/164764363-275,AUS_1169,Davenport
way/89180086-220,AUS_1575,Ballarat
way/87853100-330,AUS_69,Australind
way/196583889-275,AUS_1817,Chalumbin
way/196583889-275,AUS_1815,Chalumbin
way/925410265-330,AUS_2107,SydneyWest
way/925410265-330,wof-AUS_1538,SydneyWest
AU73-330,AUS_2111,CentralCoast
way/64943050-500,AUS_1837,SouthMorang
way/64943050-500,AUS_1707,SouthMorang
way/208359871-330,AUS_1948,UpperTumut
way/208359871-330,AUS_1948,UpperTumut
way/208359871-330,AUS_1949,UpperTumut
way/229759860-220,AUS_1432,
way/223939702-220,AUS_174,Merredin
way/87853100-330,AUS_138,Australind
way/223939702-220,AUS_207,Merredin
way/172362099-275,AUS_1302,Para
AU57-330,AUS_73,Perth
AU57-330,wof-AUS_283,Perth
way/229759860-220,AUS_1383,
way/229759860-220,AUS_1334,
way/655511604-330,AUS_1992,Canberra
way/480009927-500,AUS_1833,Hazelwood
way/655511604-330,AUS_1991,Canberra
way/64943050-500,AUS_1707,SouthMorang
way/64943050-500,AUS_1707,SouthMorang
way/570175005-220,AUS_1707,Rowville
way/169794711-220,AUS_1515,Balranald
way/337655870-220,AUS_161,TomPriceMine
way/925410265-330,AUS_2074,SydneyWest
way/925410265-330,wof-AUS_1488,SydneyWest
way/64943050-500,AUS_1640,SouthMorang
way/174441055-220,AUS_1826,Palmerston
AU73-330,AUS_2109,CentralCoast
way/925410265-330,AUS_2108,SydneyWest
way/925410265-330,wof-AUS_1539,SydneyWest
way/172362099-275,AUS_1258,Para
way/174875093-330,AUS_1895,Murray
way/174875093-330,AUS_1895,Murray
way/170709510-275,AUS_2091,Tarong
way/88191017-220,AUS_1765,Sheffield
way/312550977-500,AUS_1507,Tarrone
way/337655870-220,AUS_160,TomPriceMine
way/89180086-220,AUS_1641,Ballarat
way/480009927-500,AUS_1833,Hazelwood
way/570175005-220,AUS_1770,Rowville
way/570175005-220,wof-AUS_1250,Rowville
AU73-330,AUS_2109,CentralCoast
AU73-330,wof-AUS_1591,CentralCoast
way/64943050-500,AUS_1707,SouthMorang
way/950049612-330,AUS_77,Yandin
way/432510474-275,AUS_2130,CalliopeRiver
way/432510474-275,wof-AUS_1542,CalliopeRiver
way/337655870-220,AUS_159,TomPriceMine
way/172887193-330,AUS_2122,BulliCreek
way/550221344-275,AUS_2091,WandoanSouth
way/480009927-500,AUS_1833,Hazelwood
way/312550977-500,AUS_1443,Tarrone
way/312550977-500,wof-AUS_1093,Tarrone
way/169794711-220,AUS_1516,Balranald
way/570175005-220,AUS_1706,Rowville
way/830928846-220,AUS_1457,BrokenHill
way/164775125-275,AUS_1262,Robertstown
way/174875093-330,AUS_1894,Murray
way/570175005-220,AUS_1769,Rowville
way/570175005-220,wof-AUS_1250,Rowville
way/570175005-220,AUS_1770,Rowville
way/174441055-220,AUS_1883,Palmerston
way/174441055-220,wof-AUS_1312,Palmerston
way/570175005-220,AUS_1707,Rowville
way/655511604-330,AUS_2035,Canberra
way/170709510-275,AUS_2148,Tarong
way/164764363-275,AUS_1262,Davenport
way/164764363-275,wof-AUS_964,Davenport
way/88191017-220,AUS_1886,Sheffield
way/88191017-220,wof-AUS_1314,Sheffield
way/174441055-220,AUS_1826,Palmerston
way/174441055-220,AUS_1826,Palmerston
way/174441055-220,AUS_1825,Palmerston
way/432510474-275,AUS_2130,CalliopeRiver
way/432510474-275,wof-AUS_1541,CalliopeRiver
way/174441055-220,,Palmerston
way/550221344-275,AUS_2054,WandoanSouth
way/550221344-275,AUS_2012,WandoanSouth
way/550221344-275,AUS_2054,WandoanSouth
way/88191017-220,AUS_1828,Sheffield
way/88191017-220,AUS_1828,Sheffield
way/88191017-220,AUS_1827,Sheffield
way/87853100-330,AUS_69,Australind
way/88191017-220,AUS_1701,Sheffield
way/88191017-220,AUS_1765,Sheffield
way/88191017-220,AUS_1764,Sheffield
way/88191017-220,wof-AUS_1242,Sheffield
way/570175005-220,AUS_1707,Rowville
way/583492111-220,AUS_131,Karratha
way/583492111-220,wof-AUS_309,Karratha
way/583506664-220,AUS_226,AUS22p9S118p7E
way/583506664-220,AUS_192,AUS22p9S118p7E
way/583506664-220,AUS_193,AUS22p9S118p7E
way/950049612-330,AUS_112,Yandin
way/172362099-275,AUS_1302,Para
way/172362099-275,AUS_1259,Para
way/208359871-330,AUS_1948,UpperTumut
way/164775125-275,AUS_1261,Robertstown
way/164775125-275,wof-AUS_962,Robertstown
way/164775125-275,AUS_1261,Robertstown
way/164775125-275,wof-AUS_962,Robertstown
way/172362099-275,AUS_1258,Para
way/583506664-220,AUS_261,AUS22p9S118p7E
way/583506664-220,AUS_226,AUS22p9S118p7E
way/87853100-330,AUS_69,Australind
way/87853100-330,AUS_70,Australind
way/87853100-330,wof-AUS_281,Australind
way/655511604-330,AUS_1992,Canberra
way/170709510-275,AUS_2123,Tarong
way/925410265-330,AUS_2107,SydneyWest
way/925410265-330,wof-AUS_1538,SydneyWest
way/223939702-220,AUS_174,Merredin
way/160201298-330,AUS_2117,Armidale
way/164764363-275,AUS_1218,Davenport
way/164764363-275,wof-AUS_929,Davenport
way/164764363-275,AUS_1219,Davenport
way/164764363-275,wof-AUS_929,Davenport
way/89180086-220,AUS_1575,Ballarat
way/89180086-220,AUS_1575,Ballarat
way/229759860-220,AUS_1336,
way/229759860-220,AUS_1294,
way/432510474-275,AUS_2130,CalliopeRiver
way/432510474-275,wof-AUS_1542,CalliopeRiver
way/337655870-220,AUS_194,TomPriceMine
way/583506664-220,AUS_226,AUS22p9S118p7E
way/89180086-220,AUS_1574,Ballarat
way/89180086-220,AUS_1574,Ballarat
way/196583889-275,AUS_1817,Chalumbin
way/830928846-220,AUS_1457,BrokenHill
way/830928846-220,AUS_1457,BrokenHill
way/655511604-330,AUS_1992,Canberra
way/174441055-220,AUS_1826,Palmerston
way/164775125-275,AUS_1262,Robertstown
way/655511604-330,AUS_2035,Canberra
way/171744075-275,AUS_1932,Strathmore
way/950049612-330,AUS_41,Yandin
way/950049612-330,AUS_75,Yandin
way/950049612-330,AUS_42,Yandin
way/950049612-330,AUS_42,Yandin
way/88191017-220,AUS_1701,Sheffield
way/88191017-220,wof-AUS_1209,Sheffield
way/172362099-275,AUS_1259,Para
way/172887193-330,AUS_2091,BulliCreek
way/160201298-330,AUS_2115,Armidale
way/172887193-330,AUS_2120,BulliCreek
way/172887193-330,AUS_2120,BulliCreek
way/172887193-330,AUS_2121,BulliCreek
way/172362099-275,AUS_1259,Para
way/170709510-275,AUS_2091,Tarong
way/164775125-275,AUS_1305,Robertstown
way/164775125-275,AUS_1305,Robertstown
way/174875093-330,AUS_1894,Murray
way/174875093-330,AUS_1895,Murray
way/312550977-500,AUS_1574,Tarrone
way/312550977-500,AUS_1507,Tarrone
way/89180086-220,AUS_1573,Ballarat
way/172887193-330,AUS_2120,BulliCreek
way/550221344-275,AUS_2054,WandoanSouth
way/229759860-220,AUS_1384,
way/164775125-275,AUS_1305,Robertstown
way/169794711-220,AUS_1514,Balranald
AU104-220,AUS_1511,Horsham
AU104-220,AUS_1576,Horsham
way/169794711-220,AUS_1581,Balranald
way/655511604-330,AUS_2035,Canberra
way/583506664-220,AUS_261,AUS22p9S118p7E
way/169408193-330,AUS_2040,MountPiper
AU73-330,AUS_2135,CentralCoast
AU73-330,wof-AUS_1592,CentralCoast
AU73-330,AUS_2135,CentralCoast
AU73-330,wof-AUS_1592,CentralCoast
way/925410265-330,AUS_2108,SydneyWest
way/925410265-330,wof-AUS_1538,SydneyWest
way/174441055-220,AUS_1883,Palmerston
way/174441055-220,wof-AUS_1312,Palmerston
AU73-330,AUS_2109,CentralCoast
way/170832455-275,AUS_2169,Blackwall
way/170832455-275,AUS_2168,Blackwall
way/170832455-275,AUS_2169,Blackwall
way/170832455-275,AUS_2169,Blackwall
AU57-330,AUS_70,Perth
AU57-330,wof-AUS_281,Perth
AU57-330,AUS_71,Perth
AU57-330,wof-AUS_282,Perth
AU57-330,AUS_71,Perth
AU57-330,wof-AUS_282,Perth
way/64943050-500,AUS_1707,SouthMorang
way/925410265-330,AUS_2076,SydneyWest
way/925410265-330,wof-AUS_1538,SydneyWest
way/925410265-330,AUS_2076,SydneyWest
way/925410265-330,wof-AUS_1538,SydneyWest
way/925410265-330,AUS_2107,SydneyWest
way/925410265-330,wof-AUS_1538,SydneyWest
way/64943050-500,AUS_1707,SouthMorang
way/925410265-330,AUS_2107,SydneyWest
way/925410265-330,wof-AUS_1538,SydneyWest
way/925410265-330,AUS_2109,SydneyWest
way/925410265-330,wof-AUS_1539,SydneyWest
way/172362099-275,AUS_1259,Para
way/172362099-275,AUS_1302,Para
way/64943050-500,AUS_1772,SouthMorang
way/64943050-500,AUS_1772,SouthMorang
AU73-330,AUS_2135,CentralCoast
AU73-330,wof-AUS_1592,CentralCoast
AU73-330,AUS_2109,CentralCoast
AU73-330,AUS_2110,CentralCoast
way/88191017-220,AUS_1828,Sheffield
way/119995150-275,AUS_2097,Calvale
way/312550977-500,AUS_1507,Tarrone
way/312550977-500,AUS_1507,Tarrone
way/160201298-330,AUS_2117,Armidale
way/172362099-275,AUS_1259,Para
way/172362099-275,AUS_1259,Para
way/172887193-330,AUS_2119,BulliCreek
way/170832455-275,AUS_2169,Blackwall
way/170832455-275,AUS_2171,Blackwall
way/170709510-275,AUS_2146,Tarong
way/432510474-275,AUS_2130,CalliopeRiver
way/432510474-275,wof-AUS_1541,CalliopeRiver
way/171744075-275,AUS_1875,Strathmore
way/160201298-330,AUS_2163,Armidale
way/160201298-330,wof-AUS_1648,Armidale
way/171744075-275,AUS_1982,Strathmore
way/171744075-275,AUS_1982,Strathmore
way/172362099-275,AUS_1259,Para
way/172362099-275,AUS_1258,Para
way/172362099-275,AUS_1259,Para
way/172362099-275,AUS_1258,Para
way/170832455-275,AUS_2147,Blackwall
way/170832455-275,AUS_2147,Blackwall
way/160201298-330,AUS_2117,Armidale
AU104-220,AUS_1510,Horsham
way/174441055-220,AUS_1885,Palmerston
way/174875093-330,AUS_1947,Murray
way/174875093-330,AUS_1947,Murray
way/174441055-220,AUS_1825,Palmerston
way/174441055-220,AUS_1883,Palmerston
way/174441055-220,wof-AUS_1312,Palmerston
way/171744075-275,AUS_1932,Strathmore
way/925410265-330,AUS_2109,SydneyWest
way/925410265-330,wof-AUS_1539,SydneyWest
way/121646942-275,AUS_2020,Broadsound
way/89180086-220,AUS_1573,Ballarat
way/89180086-220,AUS_1573,Ballarat
way/170709510-275,AUS_2148,Tarong
way/87853100-330,AUS_70,Australind
way/87853100-330,AUS_69,Australind
way/87853100-330,AUS_69,Australind
AU57-330,AUS_70,Perth
AU57-330,wof-AUS_281,Perth
AU57-330,AUS_72,Perth
AU57-330,wof-AUS_283,Perth
way/88191017-220,AUS_1827,Sheffield
way/312550977-500,AUS_1507,Tarrone
way/312550977-500,AUS_1507,Tarrone
way/337655870-220,AUS_161,TomPriceMine
way/337655870-220,AUS_161,TomPriceMine
way/570175005-220,AUS_1771,Rowville
way/64943050-500,AUS_1707,SouthMorang
way/312550977-500,AUS_1507,Tarrone
way/160201298-330,AUS_2140,Armidale
way/172887193-330,AUS_2120,BulliCreek
way/172887193-330,AUS_2120,BulliCreek
way/160201298-330,AUS_2114,Armidale
way/583492111-220,AUS_130,Karratha
way/583492111-220,AUS_199,Karratha
way/583492111-220,AUS_131,Karratha
way/64943050-500,AUS_1707,SouthMorang
way/64943050-500,AUS_1707,SouthMorang
way/480009927-500,AUS_1833,Hazelwood
way/480009927-500,AUS_1833,Hazelwood
way/171486427-275,AUS_2098,Bouldercombe
way/174441055-220,AUS_1825,Palmerston
way/170832455-275,AUS_2168,Blackwall
way/171486427-275,AUS_2099,Bouldercombe
way/174441055-220,AUS_1825,Palmerston
way/174441055-220,wof-AUS_1312,Palmerston
way/174441055-220,AUS_1825,Palmerston
way/174441055-220,AUS_1825,Palmerston
way/174441055-220,AUS_1825,Palmerston
way/174441055-220,AUS_1825,Palmerston
way/174441055-220,AUS_1825,Palmerston
way/174441055-220,AUS_1825,Palmerston
way/174441055-220,,Palmerston
way/174441055-220,AUS_1825,Palmerston
way/170709510-275,AUS_2146,Tarong
way/172887193-330,AUS_2121,BulliCreek
way/172887193-330,AUS_2121,BulliCreek
way/88191017-220,AUS_1827,Sheffield
way/88191017-220,AUS_1765,Sheffield
way/88191017-220,AUS_1765,Sheffield
way/88191017-220,AUS_1765,Sheffield
way/89180086-220,AUS_1641,Ballarat
way/583506664-220,AUS_226,AUS22p9S118p7E
way/164764363-275,AUS_1262,Davenport
way/164764363-275,wof-AUS_964,Davenport
way/172362099-275,AUS_1259,Para
way/337655870-220,AUS_161,TomPriceMine
way/172362099-275,AUS_1259,Para
way/583506664-220,AUS_261,AUS22p9S118p7E
way/171486427-275,AUS_2098,Bouldercombe
way/119995150-275,AUS_2097,Calvale
way/169408193-330,AUS_2038,MountPiper
AU57-330,AUS_73,Perth
AU57-330,wof-AUS_283,Perth
AU57-330,AUS_73,Perth
AU57-330,wof-AUS_283,Perth
AU73-330,AUS_2111,CentralCoast
way/164764363-275,AUS_1219,Davenport
way/164764363-275,wof-AUS_929,Davenport
AU73-330,AUS_2109,CentralCoast
AU73-330,AUS_2135,CentralCoast
AU73-330,wof-AUS_1592,CentralCoast
way/312550977-500,AUS_1507,Tarrone
way/312550977-500,AUS_1507,Tarrone
way/89180086-220,AUS_1573,Ballarat
way/312550977-500,AUS_1507,Tarrone
way/312550977-500,AUS_1507,Tarrone
way/312550977-500,AUS_1507,Tarrone
way/312550977-500,AUS_1507,Tarrone
AU73-330,AUS_2111,CentralCoast
AU73-330,AUS_2109,CentralCoast
AU57-330,AUS_71,Perth
AU57-330,wof-AUS_282,Perth
AU57-330,AUS_72,Perth
AU57-330,wof-AUS_282,Perth
AU73-330,AUS_2109,CentralCoast
way/64943050-500,AUS_1640,SouthMorang
way/89180086-220,AUS_1640,Ballarat
AU73-330,AUS_2110,CentralCoast
AU73-330,wof-AUS_1592,CentralCoast
way/89180086-220,AUS_1641,Ballarat
way/169408193-330,AUS_2038,MountPiper
way/172887193-330,AUS_2119,BulliCreek
way/172362099-275,AUS_1258,Para
way/170709510-275,AUS_2124,Tarong
way/166113109-275,AUS_1981,Nebo
way/223939702-220,AUS_172,Merredin
way/87853100-330,AUS_69,Australind
way/87853100-330,AUS_70,Australind
AU57-330,AUS_70,Perth
AU57-330,wof-AUS_281,Perth
AU51-220,AUS_310,Kalgoorlie
way/583492111-220,AUS_131,Karratha
way/64943050-500,AUS_1707,SouthMorang
way/925410265-330,AUS_2074,SydneyWest
way/925410265-330,wof-AUS_1488,SydneyWest
way/583492111-220,AUS_131,Karratha
way/583492111-220,AUS_131,Karratha
way/583492111-220,wof-AUS_309,Karratha
way/169408193-330,AUS_2038,MountPiper
way/88191017-220,AUS_1765,Sheffield
way/160201298-330,AUS_2117,Armidale
way/583506664-220,AUS_259,AUS22p9S118p7E
way/583506664-220,AUS_227,AUS22p9S118p7E
way/169794711-220,AUS_1516,Balranald
way/583506664-220,AUS_227,AUS22p9S118p7E
way/169408193-330,AUS_2040,MountPiper
way/172362099-275,AUS_1258,Para
way/950049612-330,AUS_2,Yandin
way/950049612-330,AUS_4,Yandin
way/950049612-330,AUS_5,Yandin
way/950049612-330,AUS_6,Yandin
way/950049612-330,AUS_7,Yandin
way/337655870-220,AUS_8,TomPriceMine
way/337655870-220,AUS_9,TomPriceMine
way/337655870-220,AUS_10,TomPriceMine
way/337655870-220,AUS_11,TomPriceMine
way/337655870-220,AUS_12,TomPriceMine
way/337655870-220,AUS_13,TomPriceMine
way/583492111-220,AUS_14,Karratha
way/583492111-220,AUS_15,Karratha
way/950049612-330,AUS_17,Yandin
way/950049612-330,AUS_18,Yandin
way/950049612-330,AUS_19,Yandin
way/950049612-330,AUS_20,Yandin
way/950049612-330,AUS_21,Yandin
way/950049612-330,AUS_22,Yandin
way/950049612-330,AUS_23,Yandin
way/337655870-220,AUS_24,TomPriceMine
way/337655870-220,AUS_25,TomPriceMine
way/337655870-220,AUS_26,TomPriceMine
way/337655870-220,AUS_27,TomPriceMine
way/337655870-220,AUS_28,TomPriceMine
way/337655870-220,AUS_29,TomPriceMine
way/337655870-220,AUS_30,TomPriceMine
way/583492111-220,AUS_31,Karratha
way/583492111-220,AUS_32,Karratha
way/583492111-220,AUS_33,Karratha
way/87853100-330,AUS_35,Australind
way/87853100-330,AUS_36,Australind
AU57-330,AUS_38,Perth
AU57-330,AUS_39,Perth
way/950049612-330,AUS_40,Yandin
way/950049612-330,AUS_43,Yandin
way/950049612-330,AUS_44,Yandin
way/950049612-330,AUS_45,Yandin
way/950049612-330,AUS_46,Yandin
way/950049612-330,AUS_47,Yandin
way/950049612-330,AUS_48,Yandin
way/950049612-330,AUS_49,Yandin
way/950049612-330,AUS_50,Yandin
way/950049612-330,AUS_51,Yandin
way/337655870-220,AUS_52,TomPriceMine
way/337655870-220,AUS_53,TomPriceMine
way/337655870-220,AUS_54,TomPriceMine
way/337655870-220,AUS_55,TomPriceMine
way/337655870-220,AUS_56,TomPriceMine
way/337655870-220,AUS_57,TomPriceMine
way/337655870-220,AUS_58,TomPriceMine
way/337655870-220,AUS_59,TomPriceMine
way/583492111-220,AUS_60,Karratha
way/583492111-220,AUS_61,Karratha
way/583492111-220,AUS_63,Karratha
way/583492111-220,AUS_64,Karratha
way/87853100-330,AUS_65,Australind
way/87853100-330,AUS_66,Australind
way/87853100-330,AUS_67,Australind
way/87853100-330,AUS_68,Australind
way/950049612-330,AUS_74,Yandin
way/950049612-330,AUS_76,Yandin
way/950049612-330,AUS_78,Yandin
way/950049612-330,AUS_79,Yandin
way/950049612-330,AUS_80,Yandin
way/950049612-330,AUS_81,Yandin
way/950049612-330,AUS_82,Yandin
way/950049612-330,AUS_83,Yandin
way/950049612-330,AUS_84,Yandin
way/950049612-330,AUS_85,Yandin
way/337655870-220,AUS_86,TomPriceMine
way/337655870-220,AUS_87,TomPriceMine
way/337655870-220,AUS_88,TomPriceMine
way/337655870-220,AUS_89,TomPriceMine
way/337655870-220,AUS_90,TomPriceMine
way/337655870-220,AUS_91,TomPriceMine
way/337655870-220,AUS_92,TomPriceMine
way/337655870-220,AUS_93,TomPriceMine
way/583492111-220,AUS_94,Karratha
way/583492111-220,AUS_95,Karratha
way/583492111-220,AUS_96,Karratha
way/583492111-220,AUS_97,Karratha
way/87853100-330,AUS_99,Australind
way/87853100-330,AUS_100,Australind
way/87853100-330,AUS_101,Australind
way/87853100-330,AUS_102,Australind
way/87853100-330,AUS_103,Australind
way/87853100-330,AUS_104,Australind
way/87853100-330,AUS_105,Australind
AU57-330,AUS_106,Perth
AU57-330,AUS_107,Perth
AU57-330,AUS_108,Perth
way/950049612-330,AUS_109,Yandin
way/950049612-330,AUS_110,Yandin
way/950049612-330,AUS_111,Yandin
way/950049612-330,AUS_113,Yandin
way/950049612-330,AUS_114,Yandin
way/950049612-330,AUS_115,Yandin
way/950049612-330,AUS_116,Yandin
way/950049612-330,AUS_117,Yandin
way/950049612-330,AUS_118,Yandin
way/337655870-220,AUS_119,TomPriceMine
way/337655870-220,AUS_120,TomPriceMine
way/337655870-220,AUS_121,TomPriceMine
way/337655870-220,AUS_122,TomPriceMine
way/337655870-220,AUS_123,TomPriceMine
way/337655870-220,AUS_124,TomPriceMine
way/337655870-220,AUS_125,TomPriceMine
way/337655870-220,AUS_126,TomPriceMine
way/337655870-220,AUS_127,TomPriceMine
way/337655870-220,AUS_128,TomPriceMine
way/583492111-220,AUS_129,Karratha
way/87853100-330,AUS_133,Australind
way/87853100-330,AUS_134,Australind
way/87853100-330,AUS_135,Australind
way/87853100-330,AUS_136,Australind
way/87853100-330,AUS_137,Australind
way/223939702-220,AUS_139,Merredin
way/223939702-220,AUS_140,Merredin
way/223939702-220,AUS_141,Merredin
way/223939702-220,AUS_142,Merredin
way/223939702-220,AUS_143,Merredin
way/950049612-330,AUS_144,Yandin
way/950049612-330,AUS_145,Yandin
way/950049612-330,AUS_146,Yandin
way/950049612-330,AUS_147,Yandin
way/950049612-330,AUS_148,Yandin
way/950049612-330,AUS_149,Yandin
way/950049612-330,AUS_150,Yandin
way/950049612-330,AUS_151,Yandin
way/950049612-330,AUS_152,Yandin
way/337655870-220,AUS_153,TomPriceMine
way/337655870-220,AUS_154,TomPriceMine
way/337655870-220,AUS_155,TomPriceMine
way/337655870-220,AUS_156,TomPriceMine
way/337655870-220,AUS_157,TomPriceMine
way/337655870-220,AUS_158,TomPriceMine
way/337655870-220,AUS_162,TomPriceMine
way/583492111-220,AUS_163,Karratha
way/583492111-220,AUS_164,Karratha
way/583492111-220,AUS_165,Karratha
way/87853100-330,AUS_166,Australind
way/87853100-330,AUS_167,Australind
way/87853100-330,AUS_168,Australind
way/223939702-220,AUS_169,Merredin
way/223939702-220,AUS_170,Merredin
way/223939702-220,AUS_171,Merredin
way/223939702-220,AUS_173,Merredin
way/223939702-220,AUS_175,Merredin
way/223939702-220,AUS_176,Merredin
way/223939702-220,AUS_177,Merredin
way/950049612-330,AUS_178,Yandin
way/950049612-330,AUS_179,Yandin
way/950049612-330,AUS_180,Yandin
way/950049612-330,AUS_181,Yandin
way/950049612-330,AUS_182,Yandin
way/950049612-330,AUS_183,Yandin
way/950049612-330,AUS_184,Yandin
way/950049612-330,AUS_185,Yandin
way/583506664-220,AUS_186,AUS22p9S118p7E
way/583506664-220,AUS_187,AUS22p9S118p7E
way/583506664-220,AUS_188,AUS22p9S118p7E
way/583506664-220,AUS_189,AUS22p9S118p7E
way/583506664-220,AUS_190,AUS22p9S118p7E
way/583506664-220,AUS_191,AUS22p9S118p7E
way/337655870-220,AUS_195,TomPriceMine
way/337655870-220,AUS_196,TomPriceMine
way/583492111-220,AUS_197,Karratha
way/583492111-220,AUS_198,Karratha
way/223939702-220,AUS_200,Merredin
way/223939702-220,AUS_201,Merredin
way/223939702-220,AUS_202,Merredin
way/223939702-220,AUS_203,Merredin
way/223939702-220,AUS_204,Merredin
way/223939702-220,AUS_205,Merredin
way/223939702-220,AUS_206,Merredin
way/223939702-220,AUS_208,Merredin
way/223939702-220,AUS_209,Merredin
way/223939702-220,AUS_210,Merredin
way/223939702-220,AUS_211,Merredin
way/223939702-220,AUS_212,Merredin
way/950049612-330,AUS_213,Yandin
way/950049612-330,AUS_214,Yandin
way/950049612-330,AUS_215,Yandin
way/950049612-330,AUS_216,Yandin
way/950049612-330,AUS_217,Yandin
way/583506664-220,AUS_218,AUS22p9S118p7E
way/583506664-220,AUS_219,AUS22p9S118p7E
way/583506664-220,AUS_220,AUS22p9S118p7E
way/583506664-220,AUS_221,AUS22p9S118p7E
way/583506664-220,AUS_222,AUS22p9S118p7E
way/583506664-220,AUS_223,AUS22p9S118p7E
way/583506664-220,AUS_224,AUS22p9S118p7E
way/583506664-220,AUS_225,AUS22p9S118p7E
way/583506664-220,AUS_228,AUS22p9S118p7E
way/583506664-220,AUS_229,AUS22p9S118p7E
way/583492111-220,AUS_230,Karratha
way/583492111-220,AUS_231,Karratha
way/583492111-220,AUS_232,Karratha
way/583492111-220,AUS_233,Karratha
way/223939702-220,AUS_235,Merredin
way/223939702-220,AUS_236,Merredin
way/223939702-220,AUS_237,Merredin
way/223939702-220,AUS_238,Merredin
way/223939702-220,AUS_239,Merredin
way/223939702-220,AUS_240,Merredin
way/223939702-220,AUS_241,Merredin
way/223939702-220,AUS_242,Merredin
way/223939702-220,AUS_243,Merredin
way/223939702-220,AUS_244,Merredin
way/223939702-220,AUS_245,Merredin
AU51-220,AUS_246,Kalgoorlie
AU51-220,AUS_247,Kalgoorlie
AU51-220,AUS_248,Kalgoorlie
AU51-220,AUS_249,Kalgoorlie
AU51-220,AUS_250,Kalgoorlie
way/583506664-220,AUS_251,AUS22p9S118p7E
way/583506664-220,AUS_252,AUS22p9S118p7E
way/583506664-220,AUS_253,AUS22p9S118p7E
way/583506664-220,AUS_254,AUS22p9S118p7E
way/583506664-220,AUS_255,AUS22p9S118p7E
way/583506664-220,AUS_256,AUS22p9S118p7E
way/583506664-220,AUS_257,AUS22p9S118p7E
way/583506664-220,AUS_258,AUS22p9S118p7E
way/583506664-220,AUS_260,AUS22p9S118p7E
way/583506664-220,AUS_262,AUS22p9S118p7E
way/583506664-220,AUS_263,AUS22p9S118p7E
way/583506664-220,AUS_264,AUS22p9S118p7E
way/583492111-220,AUS_265,Karratha
way/583492111-220,AUS_266,Karratha
way/583492111-220,AUS_267,Karratha
way/223939702-220,AUS_269,Merredin
way/223939702-220,AUS_270,Merredin
way/223939702-220,AUS_271,Merredin
AU51-220,AUS_272,Kalgoorlie
AU51-220,AUS_273,Kalgoorlie
AU51-220,AUS_274,Kalgoorlie
AU51-220,AUS_275,Kalgoorlie
AU51-220,AUS_276,Kalgoorlie
AU51-220,AUS_277,Kalgoorlie
AU51-220,AUS_278,Kalgoorlie
AU51-220,AUS_279,Kalgoorlie
AU51-220,AUS_280,Kalgoorlie
AU51-220,AUS_281,Kalgoorlie
AU51-220,AUS_282,Kalgoorlie
AU51-220,AUS_283,Kalgoorlie
way/583506664-220,AUS_284,AUS22p9S118p7E
way/583506664-220,AUS_285,AUS22p9S118p7E
way/583506664-220,AUS_286,AUS22p9S118p7E
way/583506664-220,AUS_287,AUS22p9S118p7E
way/583506664-220,AUS_288,AUS22p9S118p7E
way/583506664-220,AUS_289,AUS22p9S118p7E
way/583506664-220,AUS_290,AUS22p9S118p7E
way/583506664-220,AUS_291,AUS22p9S118p7E
way/583506664-220,AUS_292,AUS22p9S118p7E
way/583506664-220,AUS_293,AUS22p9S118p7E
way/583506664-220,AUS_294,AUS22p9S118p7E
way/583506664-220,AUS_295,AUS22p9S118p7E
way/583506664-220,AUS_296,AUS22p9S118p7E
way/583506664-220,AUS_297,AUS22p9S118p7E
way/583506664-220,AUS_298,AUS22p9S118p7E
way/583492111-220,AUS_299,Karratha
way/583492111-220,AUS_300,Karratha
way/583492111-220,AUS_301,Karratha
AU51-220,AUS_304,Kalgoorlie
AU51-220,AUS_305,Kalgoorlie
AU51-220,AUS_306,Kalgoorlie
AU51-220,AUS_307,Kalgoorlie
AU51-220,AUS_308,Kalgoorlie
AU51-220,AUS_309,Kalgoorlie
AU51-220,AUS_311,Kalgoorlie
AU51-220,AUS_312,Kalgoorlie
AU51-220,AUS_313,Kalgoorlie
AU51-220,AUS_314,Kalgoorlie
AU51-220,AUS_315,Kalgoorlie
AU51-220,AUS_316,Kalgoorlie
AU51-220,AUS_317,Kalgoorlie
AU51-220,AUS_318,Kalgoorlie
AU51-220,AUS_319,Kalgoorlie
way/583506664-220,AUS_320,AUS22p9S118p7E
way/583506664-220,AUS_321,AUS22p9S118p7E
way/583506664-220,AUS_322,AUS22p9S118p7E
way/583506664-220,AUS_323,AUS22p9S118p7E
way/583506664-220,AUS_324,AUS22p9S118p7E
way/583506664-220,AUS_325,AUS22p9S118p7E
way/583506664-220,AUS_326,AUS22p9S118p7E
way/583506664-220,AUS_327,AUS22p9S118p7E
way/583506664-220,AUS_328,AUS22p9S118p7E
way/583506664-220,AUS_329,AUS22p9S118p7E
way/583506664-220,AUS_330,AUS22p9S118p7E
way/583506664-220,AUS_331,AUS22p9S118p7E
way/583506664-220,AUS_332,AUS22p9S118p7E
way/583506664-220,AUS_333,AUS22p9S118p7E
way/583506664-220,AUS_334,AUS22p9S118p7E
way/583492111-220,AUS_335,Karratha
way/583492111-220,AUS_336,Karratha
way/583492111-220,AUS_337,Karratha
way/583492111-220,AUS_338,Karratha
AU51-220,AUS_343,Kalgoorlie
AU51-220,AUS_344,Kalgoorlie
AU51-220,AUS_345,Kalgoorlie
AU51-220,AUS_346,Kalgoorlie
AU51-220,AUS_347,Kalgoorlie
AU51-220,AUS_348,Kalgoorlie
AU51-220,AUS_349,Kalgoorlie
AU51-220,AUS_350,Kalgoorlie
AU51-220,AUS_351,Kalgoorlie
AU51-220,AUS_352,Kalgoorlie
AU51-220,AUS_353,Kalgoorlie
AU51-220,AUS_354,Kalgoorlie
AU51-220,AUS_355,Kalgoorlie
AU51-220,AUS_356,Kalgoorlie
AU51-220,AUS_357,Kalgoorlie
AU51-220,AUS_358,Kalgoorlie
AU51-220,AUS_359,Kalgoorlie
way/583506664-220,AUS_360,AUS22p9S118p7E
way/583506664-220,AUS_361,AUS22p9S118p7E
way/583506664-220,AUS_362,AUS22p9S118p7E
way/583506664-220,AUS_363,AUS22p9S118p7E
way/583506664-220,AUS_364,AUS22p9S118p7E
way/583506664-220,AUS_365,AUS22p9S118p7E
way/583506664-220,AUS_366,AUS22p9S118p7E
way/583506664-220,AUS_367,AUS22p9S118p7E
way/583506664-220,AUS_368,AUS22p9S118p7E
way/583506664-220,AUS_369,AUS22p9S118p7E
way/583506664-220,AUS_370,AUS22p9S118p7E
way/583506664-220,AUS_371,AUS22p9S118p7E
way/583506664-220,AUS_372,AUS22p9S118p7E
way/583506664-220,AUS_373,AUS22p9S118p7E
way/583506664-220,AUS_374,AUS22p9S118p7E
way/583506664-220,AUS_375,AUS22p9S118p7E
way/583506664-220,AUS_376,AUS22p9S118p7E
way/583492111-220,AUS_377,Karratha
way/583492111-220,AUS_378,Karratha
way/583492111-220,AUS_379,Karratha
way/583492111-220,AUS_380,Karratha
way/583492111-220,AUS_381,Karratha
way/583492111-220,AUS_382,Karratha
AU51-220,AUS_385,Kalgoorlie
AU51-220,AUS_386,Kalgoorlie
AU51-220,AUS_387,Kalgoorlie
AU51-220,AUS_388,Kalgoorlie
AU51-220,AUS_389,Kalgoorlie
AU51-220,AUS_390,Kalgoorlie
AU51-220,AUS_391,Kalgoorlie
AU51-220,AUS_392,Kalgoorlie
AU51-220,AUS_393,Kalgoorlie
AU51-220,AUS_394,Kalgoorlie
AU51-220,AUS_395,Kalgoorlie
AU51-220,AUS_396,Kalgoorlie
AU51-220,AUS_397,Kalgoorlie
AU51-220,AUS_398,Kalgoorlie
AU51-220,AUS_399,Kalgoorlie
AU51-220,AUS_400,Kalgoorlie
AU51-220,AUS_401,Kalgoorlie
AU51-220,AUS_402,Kalgoorlie
way/583506664-220,AUS_403,AUS22p9S118p7E
way/583506664-220,AUS_404,AUS22p9S118p7E
way/583506664-220,AUS_405,AUS22p9S118p7E
way/583506664-220,AUS_406,AUS22p9S118p7E
way/583506664-220,AUS_407,AUS22p9S118p7E
way/583506664-220,AUS_408,AUS22p9S118p7E
way/583506664-220,AUS_409,AUS22p9S118p7E
way/583506664-220,AUS_410,AUS22p9S118p7E
way/583506664-220,AUS_411,AUS22p9S118p7E
way/583506664-220,AUS_412,AUS22p9S118p7E
way/583506664-220,AUS_413,AUS22p9S118p7E
way/583506664-220,AUS_414,AUS22p9S118p7E
way/583506664-220,AUS_415,AUS22p9S118p7E
way/583506664-220,AUS_416,AUS22p9S118p7E
way/583506664-220,AUS_417,AUS22p9S118p7E
way/583506664-220,AUS_418,AUS22p9S118p7E
way/583506664-220,AUS_419,AUS22p9S118p7E
way/583492111-220,AUS_420,Karratha
way/583492111-220,AUS_421,Karratha
way/583492111-220,AUS_422,Karratha
way/583492111-220,AUS_423,Karratha
way/583492111-220,AUS_424,Karratha
way/583492111-220,AUS_425,Karratha
AU51-220,AUS_432,Kalgoorlie
AU51-220,AUS_433,Kalgoorlie
AU51-220,AUS_434,Kalgoorlie
AU51-220,AUS_435,Kalgoorlie
AU51-220,AUS_436,Kalgoorlie
AU51-220,AUS_437,Kalgoorlie
AU51-220,AUS_438,Kalgoorlie
AU51-220,AUS_439,Kalgoorlie
AU51-220,AUS_440,Kalgoorlie
AU51-220,AUS_441,Kalgoorlie
AU51-220,AUS_442,Kalgoorlie
AU51-220,AUS_443,Kalgoorlie
AU51-220,AUS_444,Kalgoorlie
AU51-220,AUS_445,Kalgoorlie
AU51-220,AUS_446,Kalgoorlie
AU51-220,AUS_447,Kalgoorlie
AU51-220,AUS_448,Kalgoorlie
way/583506664-220,AUS_449,AUS22p9S118p7E
way/583506664-220,AUS_450,AUS22p9S118p7E
way/583506664-220,AUS_451,AUS22p9S118p7E
way/583506664-220,AUS_452,AUS22p9S118p7E
way/583506664-220,AUS_453,AUS22p9S118p7E
way/583506664-220,AUS_454,AUS22p9S118p7E
way/583506664-220,AUS_455,AUS22p9S118p7E
way/583506664-220,AUS_456,AUS22p9S118p7E
way/583506664-220,AUS_457,AUS22p9S118p7E
way/583506664-220,AUS_458,AUS22p9S118p7E
way/583506664-220,AUS_459,AUS22p9S118p7E
way/583506664-220,AUS_460,AUS22p9S118p7E
way/583506664-220,AUS_461,AUS22p9S118p7E
way/583506664-220,AUS_462,AUS22p9S118p7E
way/583506664-220,AUS_463,AUS22p9S118p7E
way/583506664-220,AUS_464,AUS22p9S118p7E
way/583506664-220,AUS_465,AUS22p9S118p7E
way/583506664-220,AUS_466,AUS22p9S118p7E
way/583492111-220,AUS_467,Karratha
way/583492111-220,AUS_468,Karratha
way/583492111-220,AUS_469,Karratha
way/583492111-220,AUS_470,Karratha
way/583492111-220,AUS_471,Karratha
AU51-220,AUS_474,Kalgoorlie
AU51-220,AUS_475,Kalgoorlie
AU51-220,AUS_476,Kalgoorlie
AU51-220,AUS_477,Kalgoorlie
AU51-220,AUS_478,Kalgoorlie
AU51-220,AUS_479,Kalgoorlie
AU51-220,AUS_480,Kalgoorlie
AU51-220,AUS_481,Kalgoorlie
AU51-220,AUS_482,Kalgoorlie
AU51-220,AUS_483,Kalgoorlie
AU51-220,AUS_484,Kalgoorlie
AU51-220,AUS_485,Kalgoorlie
AU51-220,AUS_486,Kalgoorlie
AU51-220,AUS_487,Kalgoorlie
AU51-220,AUS_488,Kalgoorlie
way/583506664-220,AUS_489,AUS22p9S118p7E
way/583506664-220,AUS_490,AUS22p9S118p7E
way/583506664-220,AUS_491,AUS22p9S118p7E
way/583506664-220,AUS_492,AUS22p9S118p7E
way/583506664-220,AUS_493,AUS22p9S118p7E
way/583506664-220,AUS_494,AUS22p9S118p7E
way/583506664-220,AUS_495,AUS22p9S118p7E
way/583506664-220,AUS_496,AUS22p9S118p7E
way/583506664-220,AUS_497,AUS22p9S118p7E
way/583506664-220,AUS_498,AUS22p9S118p7E
way/583506664-220,AUS_499,AUS22p9S118p7E
way/583506664-220,AUS_500,AUS22p9S118p7E
way/583506664-220,AUS_501,AUS22p9S118p7E
way/583506664-220,AUS_502,AUS22p9S118p7E
way/583506664-220,AUS_503,AUS22p9S118p7E
way/583506664-220,AUS_504,AUS22p9S118p7E
way/583506664-220,AUS_505,AUS22p9S118p7E
way/583506664-220,AUS_506,AUS22p9S118p7E
way/583506664-220,AUS_507,AUS22p9S118p7E
way/583492111-220,AUS_508,Karratha
way/583492111-220,AUS_509,Karratha
way/583492111-220,AUS_510,Karratha
way/583492111-220,AUS_511,Karratha
way/583492111-220,AUS_512,Karratha
way/583492111-220,AUS_513,Karratha
way/583492111-220,AUS_514,Karratha
way/583492111-220,AUS_515,Karratha
AU51-220,AUS_517,Kalgoorlie
AU51-220,AUS_518,Kalgoorlie
AU51-220,AUS_519,Kalgoorlie
AU51-220,AUS_520,Kalgoorlie
AU51-220,AUS_521,Kalgoorlie
AU51-220,AUS_522,Kalgoorlie
AU51-220,AUS_523,Kalgoorlie
AU51-220,AUS_524,Kalgoorlie
AU51-220,AUS_525,Kalgoorlie
AU51-220,AUS_526,Kalgoorlie
AU51-220,AUS_527,Kalgoorlie
AU51-220,AUS_528,Kalgoorlie
AU51-220,AUS_529,Kalgoorlie
AU51-220,AUS_530,Kalgoorlie
AU51-220,AUS_531,Kalgoorlie
way/583506664-220,AUS_532,AUS22p9S118p7E
way/583506664-220,AUS_533,AUS22p9S118p7E
way/583506664-220,AUS_534,AUS22p9S118p7E
way/583506664-220,AUS_535,AUS22p9S118p7E
way/583506664-220,AUS_536,AUS22p9S118p7E
way/583506664-220,AUS_537,AUS22p9S118p7E
way/583506664-220,AUS_538,AUS22p9S118p7E
way/583506664-220,AUS_539,AUS22p9S118p7E
way/583506664-220,AUS_540,AUS22p9S118p7E
way/583506664-220,AUS_541,AUS22p9S118p7E
way/583506664-220,AUS_542,AUS22p9S118p7E
way/583506664-220,AUS_543,AUS22p9S118p7E
way/583506664-220,AUS_544,AUS22p9S118p7E
way/583506664-220,AUS_545,AUS22p9S118p7E
way/583506664-220,AUS_546,AUS22p9S118p7E
way/583506664-220,AUS_547,AUS22p9S118p7E
way/583506664-220,AUS_548,AUS22p9S118p7E
way/583506664-220,AUS_549,AUS22p9S118p7E
way/583506664-220,AUS_550,AUS22p9S118p7E
way/583492111-220,AUS_551,Karratha
way/583492111-220,AUS_552,Karratha
way/583492111-220,AUS_553,Karratha
way/583492111-220,AUS_554,Karratha
way/583492111-220,AUS_555,Karratha
way/583492111-220,AUS_556,Karratha
way/583492111-220,AUS_557,Karratha
AU51-220,AUS_559,Kalgoorlie
AU51-220,AUS_560,Kalgoorlie
AU51-220,AUS_561,Kalgoorlie
AU51-220,AUS_562,Kalgoorlie
AU51-220,AUS_563,Kalgoorlie
AU51-220,AUS_564,Kalgoorlie
AU51-220,AUS_565,Kalgoorlie
AU51-220,AUS_566,Kalgoorlie
AU51-220,AUS_567,Kalgoorlie
AU51-220,AUS_568,Kalgoorlie
AU51-220,AUS_569,Kalgoorlie
AU51-220,AUS_570,Kalgoorlie
AU51-220,AUS_571,Kalgoorlie
AU51-220,AUS_572,Kalgoorlie
AU51-220,AUS_573,Kalgoorlie
way/583506664-220,AUS_574,AUS22p9S118p7E
way/583506664-220,AUS_575,AUS22p9S118p7E
way/583506664-220,AUS_576,AUS22p9S118p7E
way/583506664-220,AUS_577,AUS22p9S118p7E
way/583506664-220,AUS_578,AUS22p9S118p7E
way/583506664-220,AUS_579,AUS22p9S118p7E
way/583506664-220,AUS_580,AUS22p9S118p7E
way/583506664-220,AUS_581,AUS22p9S118p7E
way/583506664-220,AUS_582,AUS22p9S118p7E
way/583506664-220,AUS_583,AUS22p9S118p7E
way/583506664-220,AUS_584,AUS22p9S118p7E
way/583506664-220,AUS_585,AUS22p9S118p7E
way/583506664-220,AUS_586,AUS22p9S118p7E
way/583506664-220,AUS_587,AUS22p9S118p7E
way/583506664-220,AUS_588,AUS22p9S118p7E
way/583506664-220,AUS_589,AUS22p9S118p7E
way/583506664-220,AUS_590,AUS22p9S118p7E
way/583506664-220,AUS_591,AUS22p9S118p7E
way/583506664-220,AUS_592,AUS22p9S118p7E
way/583506664-220,AUS_593,AUS22p9S118p7E
way/583506664-220,AUS_594,AUS22p9S118p7E
way/583492111-220,AUS_595,Karratha
way/583492111-220,AUS_596,Karratha
way/583492111-220,AUS_597,Karratha
way/583492111-220,AUS_598,Karratha
way/583492111-220,AUS_599,Karratha
way/583492111-220,AUS_600,Karratha
AU51-220,AUS_601,Kalgoorlie
AU51-220,AUS_602,Kalgoorlie
AU51-220,AUS_603,Kalgoorlie
AU51-220,AUS_604,Kalgoorlie
AU51-220,AUS_605,Kalgoorlie
AU51-220,AUS_606,Kalgoorlie
AU51-220,AUS_607,Kalgoorlie
AU51-220,AUS_608,Kalgoorlie
AU51-220,AUS_609,Kalgoorlie
AU51-220,AUS_610,Kalgoorlie
AU51-220,AUS_611,Kalgoorlie
AU51-220,AUS_612,Kalgoorlie
AU51-220,AUS_613,Kalgoorlie
AU51-220,AUS_614,Kalgoorlie
AU51-220,AUS_615,Kalgoorlie
AU51-220,AUS_616,Kalgoorlie
way/583506664-220,AUS_617,AUS22p9S118p7E
way/583506664-220,AUS_618,AUS22p9S118p7E
way/583506664-220,AUS_619,AUS22p9S118p7E
way/583506664-220,AUS_620,AUS22p9S118p7E
way/583506664-220,AUS_621,AUS22p9S118p7E
way/583506664-220,AUS_622,AUS22p9S118p7E
way/583506664-220,AUS_623,AUS22p9S118p7E
way/583506664-220,AUS_624,AUS22p9S118p7E
way/583506664-220,AUS_625,AUS22p9S118p7E
way/583506664-220,AUS_626,AUS22p9S118p7E
way/583506664-220,AUS_627,AUS22p9S118p7E
way/583506664-220,AUS_628,AUS22p9S118p7E
way/583506664-220,AUS_629,AUS22p9S118p7E
way/583506664-220,AUS_630,AUS22p9S118p7E
way/583506664-220,AUS_631,AUS22p9S118p7E
way/583506664-220,AUS_632,AUS22p9S118p7E
way/583506664-220,AUS_633,AUS22p9S118p7E
way/583506664-220,AUS_634,AUS22p9S118p7E
way/583506664-220,AUS_635,AUS22p9S118p7E
way/583506664-220,AUS_636,AUS22p9S118p7E
way/583506664-220,AUS_637,AUS22p9S118p7E
way/583492111-220,AUS_638,Karratha
way/583492111-220,AUS_639,Karratha
way/583492111-220,AUS_640,Karratha
way/583492111-220,AUS_641,Karratha
way/583492111-220,AUS_642,Karratha
AU51-220,AUS_645,Kalgoorlie
AU51-220,AUS_646,Kalgoorlie
AU51-220,AUS_647,Kalgoorlie
AU51-220,AUS_648,Kalgoorlie
AU51-220,AUS_649,Kalgoorlie
AU51-220,AUS_650,Kalgoorlie
AU51-220,AUS_651,Kalgoorlie
AU51-220,AUS_652,Kalgoorlie
AU51-220,AUS_653,Kalgoorlie
AU51-220,AUS_654,Kalgoorlie
AU51-220,AUS_655,Kalgoorlie
AU51-220,AUS_656,Kalgoorlie
AU51-220,AUS_657,Kalgoorlie
AU51-220,AUS_658,Kalgoorlie
AU51-220,AUS_659,Kalgoorlie
way/583506664-220,AUS_660,AUS22p9S118p7E
way/583506664-220,AUS_661,AUS22p9S118p7E
way/583506664-220,AUS_662,AUS22p9S118p7E
way/583506664-220,AUS_663,AUS22p9S118p7E
way/583506664-220,AUS_664,AUS22p9S118p7E
way/583506664-220,AUS_665,AUS22p9S118p7E
way/583506664-220,AUS_666,AUS22p9S118p7E
way/583506664-220,AUS_667,AUS22p9S118p7E
way/583506664-220,AUS_668,AUS22p9S118p7E
way/583506664-220,AUS_669,AUS22p9S118p7E
way/583506664-220,AUS_670,AUS22p9S118p7E
way/583506664-220,AUS_671,AUS22p9S118p7E
way/583506664-220,AUS_672,AUS22p9S118p7E
way/583506664-220,AUS_673,AUS22p9S118p7E
way/583506664-220,AUS_674,AUS22p9S118p7E
way/583506664-220,AUS_675,AUS22p9S118p7E
way/583506664-220,AUS_676,AUS22p9S118p7E
way/583506664-220,AUS_677,AUS22p9S118p7E
way/583506664-220,AUS_678,AUS22p9S118p7E
way/583506664-220,AUS_679,AUS22p9S118p7E
way/583506664-220,AUS_680,AUS22p9S118p7E
way/583506664-220,AUS_681,AUS22p9S118p7E
way/583492111-220,AUS_682,Karratha
way/583492111-220,AUS_683,Karratha
way/583492111-220,AUS_684,Karratha
AU51-220,AUS_685,Kalgoorlie
AU51-220,AUS_686,Kalgoorlie
AU51-220,AUS_687,Kalgoorlie
AU51-220,AUS_688,Kalgoorlie
AU51-220,AUS_689,Kalgoorlie
AU51-220,AUS_690,Kalgoorlie
AU51-220,AUS_691,Kalgoorlie
AU51-220,AUS_692,Kalgoorlie
AU51-220,AUS_693,Kalgoorlie
AU51-220,AUS_694,Kalgoorlie
AU51-220,AUS_695,Kalgoorlie
AU51-220,AUS_696,Kalgoorlie
AU51-220,AUS_697,Kalgoorlie
AU51-220,AUS_698,Kalgoorlie
AU51-220,AUS_699,Kalgoorlie
way/583506664-220,AUS_700,AUS22p9S118p7E
way/583506664-220,AUS_701,AUS22p9S118p7E
way/583506664-220,AUS_702,AUS22p9S118p7E
way/583506664-220,AUS_703,AUS22p9S118p7E
way/583506664-220,AUS_704,AUS22p9S118p7E
way/583506664-220,AUS_705,AUS22p9S118p7E
way/583506664-220,AUS_706,AUS22p9S118p7E
way/583506664-220,AUS_707,AUS22p9S118p7E
way/583506664-220,AUS_708,AUS22p9S118p7E
way/583506664-220,AUS_709,AUS22p9S118p7E
way/583506664-220,AUS_710,AUS22p9S118p7E
way/583506664-220,AUS_711,AUS22p9S118p7E
way/583506664-220,AUS_712,AUS22p9S118p7E
way/583506664-220,AUS_713,AUS22p9S118p7E
way/583506664-220,AUS_714,AUS22p9S118p7E
way/583506664-220,AUS_715,AUS22p9S118p7E
way/229759860-220,AUS_716,
way/229759860-220,AUS_717,
way/229759860-220,AUS_718,
way/229759860-220,AUS_719,
way/229759860-220,AUS_720,
way/229759860-220,AUS_721,
way/229759860-220,AUS_722,
way/229759860-220,AUS_723,
way/164764363-275,AUS_724,Davenport
way/164764363-275,AUS_725,Davenport
way/164764363-275,AUS_726,Davenport
way/164764363-275,AUS_727,Davenport
way/164764363-275,AUS_728,Davenport
way/164764363-275,AUS_729,Davenport
way/164764363-275,AUS_730,Davenport
way/164764363-275,AUS_731,Davenport
way/164764363-275,AUS_732,Davenport
way/164764363-275,AUS_733,Davenport
way/164764363-275,AUS_734,Davenport
way/164764363-275,AUS_735,Davenport
way/164764363-275,AUS_736,Davenport
way/164764363-275,AUS_737,Davenport
way/164764363-275,AUS_738,Davenport
way/164764363-275,AUS_739,Davenport
way/164764363-275,AUS_740,Davenport
way/583506664-220,AUS_741,AUS22p9S118p7E
way/583506664-220,AUS_742,AUS22p9S118p7E
way/583506664-220,AUS_743,AUS22p9S118p7E
way/583506664-220,AUS_744,AUS22p9S118p7E
way/229759860-220,AUS_745,
way/229759860-220,AUS_746,
way/229759860-220,AUS_747,
way/229759860-220,AUS_748,
way/229759860-220,AUS_749,
way/229759860-220,AUS_750,
way/229759860-220,AUS_751,
way/229759860-220,AUS_752,
way/229759860-220,AUS_753,
way/229759860-220,AUS_754,
way/229759860-220,AUS_755,
way/229759860-220,AUS_756,
way/229759860-220,AUS_757,
way/229759860-220,AUS_758,
way/229759860-220,AUS_759,
way/229759860-220,AUS_760,
way/229759860-220,AUS_761,
way/229759860-220,AUS_762,
way/229759860-220,AUS_763,
way/229759860-220,AUS_764,
way/164764363-275,AUS_765,Davenport
way/164764363-275,AUS_766,Davenport
way/164764363-275,AUS_767,Davenport
way/164764363-275,AUS_768,Davenport
way/164764363-275,AUS_769,Davenport
way/164764363-275,AUS_770,Davenport
way/164764363-275,AUS_771,Davenport
way/164764363-275,AUS_772,Davenport
way/164764363-275,AUS_773,Davenport
way/164764363-275,AUS_774,Davenport
way/164764363-275,AUS_775,Davenport
way/164764363-275,AUS_776,Davenport
way/164764363-275,AUS_777,Davenport
way/164764363-275,AUS_778,Davenport
way/164764363-275,AUS_779,Davenport
way/164764363-275,AUS_780,Davenport
way/164764363-275,AUS_781,Davenport
way/164764363-275,AUS_782,Davenport
way/229759860-220,AUS_783,
way/229759860-220,AUS_784,
way/229759860-220,AUS_785,
way/229759860-220,AUS_786,
way/229759860-220,AUS_787,
way/229759860-220,AUS_788,
way/229759860-220,AUS_789,
way/229759860-220,AUS_790,
way/229759860-220,AUS_791,
way/229759860-220,AUS_792,
way/229759860-220,AUS_793,
way/229759860-220,AUS_794,
way/229759860-220,AUS_795,
way/229759860-220,AUS_796,
way/229759860-220,AUS_797,
way/229759860-220,AUS_798,
way/229759860-220,AUS_799,
way/229759860-220,AUS_800,
way/229759860-220,AUS_801,
way/229759860-220,AUS_802,
way/229759860-220,AUS_803,
way/229759860-220,AUS_804,
way/229759860-220,AUS_805,
way/229759860-220,AUS_806,
way/229759860-220,AUS_807,
way/229759860-220,AUS_808,
way/229759860-220,AUS_809,
way/164764363-275,AUS_810,Davenport
way/164764363-275,AUS_811,Davenport
way/164764363-275,AUS_812,Davenport
way/164764363-275,AUS_813,Davenport
way/164764363-275,AUS_814,Davenport
way/164764363-275,AUS_815,Davenport
way/164764363-275,AUS_816,Davenport
way/164764363-275,AUS_817,Davenport
way/164764363-275,AUS_818,Davenport
way/164764363-275,AUS_819,Davenport
way/164764363-275,AUS_820,Davenport
way/164764363-275,AUS_821,Davenport
way/164764363-275,AUS_822,Davenport
way/164764363-275,AUS_823,Davenport
way/164764363-275,AUS_824,Davenport
way/164764363-275,AUS_825,Davenport
way/164764363-275,AUS_826,Davenport
way/164764363-275,AUS_827,Davenport
way/229759860-220,AUS_828,
way/229759860-220,AUS_829,
way/229759860-220,AUS_830,
way/229759860-220,AUS_831,
way/229759860-220,AUS_832,
way/229759860-220,AUS_833,
way/229759860-220,AUS_834,
way/229759860-220,AUS_835,
way/229759860-220,AUS_836,
way/229759860-220,AUS_837,
way/229759860-220,AUS_838,
way/229759860-220,AUS_839,
way/229759860-220,AUS_840,
way/229759860-220,AUS_841,
way/229759860-220,AUS_842,
way/229759860-220,AUS_843,
way/229759860-220,AUS_844,
way/229759860-220,AUS_845,
way/229759860-220,AUS_846,
way/229759860-220,AUS_847,
way/229759860-220,AUS_848,
way/229759860-220,AUS_849,
way/229759860-220,AUS_850,
way/229759860-220,AUS_851,
way/229759860-220,AUS_852,
way/229759860-220,AUS_853,
way/229759860-220,AUS_854,
way/229759860-220,AUS_855,
way/164764363-275,AUS_856,Davenport
way/164764363-275,AUS_857,Davenport
way/164764363-275,AUS_858,Davenport
way/164764363-275,AUS_859,Davenport
way/164764363-275,AUS_860,Davenport
way/164764363-275,AUS_861,Davenport
way/164764363-275,AUS_862,Davenport
way/164764363-275,AUS_863,Davenport
way/164764363-275,AUS_864,Davenport
way/164764363-275,AUS_865,Davenport
way/164764363-275,AUS_866,Davenport
way/164764363-275,AUS_867,Davenport
way/164764363-275,AUS_868,Davenport
way/164764363-275,AUS_869,Davenport
way/164764363-275,AUS_870,Davenport
way/164764363-275,AUS_871,Davenport
way/164764363-275,AUS_872,Davenport
way/164764363-275,AUS_873,Davenport
way/229759860-220,AUS_874,
way/229759860-220,AUS_875,
way/229759860-220,AUS_876,
way/229759860-220,AUS_877,
way/229759860-220,AUS_878,
way/229759860-220,AUS_879,
way/229759860-220,AUS_880,
way/229759860-220,AUS_881,
way/229759860-220,AUS_882,
way/229759860-220,AUS_883,
way/229759860-220,AUS_884,
way/229759860-220,AUS_885,
way/229759860-220,AUS_886,
way/229759860-220,AUS_887,
way/229759860-220,AUS_888,
way/229759860-220,AUS_889,
way/229759860-220,AUS_890,
way/229759860-220,AUS_891,
way/229759860-220,AUS_892,
way/229759860-220,AUS_893,
way/229759860-220,AUS_894,
way/229759860-220,AUS_895,
way/229759860-220,AUS_896,
way/229759860-220,AUS_897,
way/229759860-220,AUS_898,
way/229759860-220,AUS_899,
way/229759860-220,AUS_900,
way/229759860-220,AUS_902,
way/164764363-275,AUS_905,Davenport
way/164764363-275,AUS_906,Davenport
way/164764363-275,AUS_907,Davenport
way/164764363-275,AUS_908,Davenport
way/164764363-275,AUS_909,Davenport
way/164764363-275,AUS_910,Davenport
way/164764363-275,AUS_911,Davenport
way/164764363-275,AUS_912,Davenport
way/164764363-275,AUS_913,Davenport
way/164764363-275,AUS_914,Davenport
way/164764363-275,AUS_915,Davenport
way/164764363-275,AUS_916,Davenport
way/164764363-275,AUS_917,Davenport
way/164764363-275,AUS_918,Davenport
way/164764363-275,AUS_919,Davenport
way/164764363-275,AUS_920,Davenport
way/164764363-275,AUS_921,Davenport
way/164764363-275,AUS_922,Davenport
way/229759860-220,AUS_923,
way/229759860-220,AUS_924,
way/229759860-220,AUS_925,
way/229759860-220,AUS_926,
way/229759860-220,AUS_927,
way/229759860-220,AUS_928,
way/229759860-220,AUS_929,
way/229759860-220,AUS_930,
way/229759860-220,AUS_931,
way/229759860-220,AUS_932,
way/229759860-220,AUS_933,
way/229759860-220,AUS_934,
way/229759860-220,AUS_935,
way/229759860-220,AUS_936,
way/229759860-220,AUS_937,
way/229759860-220,AUS_938,
way/229759860-220,AUS_939,
way/229759860-220,AUS_940,
way/229759860-220,AUS_941,
way/229759860-220,AUS_942,
way/229759860-220,AUS_943,
way/229759860-220,AUS_944,
way/229759860-220,AUS_945,
way/229759860-220,AUS_946,
way/229759860-220,AUS_947,
way/229759860-220,AUS_948,
way/229759860-220,AUS_949,
way/229759860-220,AUS_950,
way/229759860-220,AUS_951,
way/164764363-275,AUS_954,Davenport
way/164764363-275,AUS_955,Davenport
way/164764363-275,AUS_956,Davenport
way/164764363-275,AUS_957,Davenport
way/164764363-275,AUS_958,Davenport
way/164764363-275,AUS_959,Davenport
way/164764363-275,AUS_960,Davenport
way/164764363-275,AUS_961,Davenport
way/164764363-275,AUS_962,Davenport
way/164764363-275,AUS_963,Davenport
way/164764363-275,AUS_964,Davenport
way/164764363-275,AUS_965,Davenport
way/164764363-275,AUS_966,Davenport
way/164764363-275,AUS_967,Davenport
way/164764363-275,AUS_968,Davenport
way/164764363-275,AUS_969,Davenport
way/164764363-275,AUS_970,Davenport
way/164764363-275,AUS_971,Davenport
way/229759860-220,AUS_972,
way/229759860-220,AUS_973,
way/229759860-220,AUS_974,
way/229759860-220,AUS_975,
way/229759860-220,AUS_976,
way/229759860-220,AUS_977,
way/229759860-220,AUS_978,
way/229759860-220,AUS_979,
way/229759860-220,AUS_980,
way/229759860-220,AUS_981,
way/229759860-220,AUS_982,
way/229759860-220,AUS_983,
way/229759860-220,AUS_984,
way/229759860-220,AUS_985,
way/229759860-220,AUS_986,
way/229759860-220,AUS_987,
way/229759860-220,AUS_988,
way/229759860-220,AUS_989,
way/229759860-220,AUS_990,
way/229759860-220,AUS_991,
way/229759860-220,AUS_992,
way/229759860-220,AUS_993,
way/229759860-220,AUS_994,
way/229759860-220,AUS_995,
way/229759860-220,AUS_996,
way/229759860-220,AUS_997,
way/229759860-220,AUS_998,
way/229759860-220,AUS_999,
way/229759860-220,AUS_1000,
way/164764363-275,AUS_1001,Davenport
way/164764363-275,AUS_1002,Davenport
way/164764363-275,AUS_1003,Davenport
way/164764363-275,AUS_1004,Davenport
way/164764363-275,AUS_1005,Davenport
way/164764363-275,AUS_1006,Davenport
way/164764363-275,AUS_1007,Davenport
way/164764363-275,AUS_1008,Davenport
way/164764363-275,AUS_1009,Davenport
way/164764363-275,AUS_1010,Davenport
way/164764363-275,AUS_1011,Davenport
way/164764363-275,AUS_1012,Davenport
way/164764363-275,AUS_1013,Davenport
way/164764363-275,AUS_1014,Davenport
way/164764363-275,AUS_1015,Davenport
way/164764363-275,AUS_1016,Davenport
way/164764363-275,AUS_1017,Davenport
way/164764363-275,AUS_1018,Davenport
way/164764363-275,AUS_1019,Davenport
way/164764363-275,AUS_1020,Davenport
way/164764363-275,AUS_1021,Davenport
way/229759860-220,AUS_1022,
way/229759860-220,AUS_1023,
way/229759860-220,AUS_1024,
way/229759860-220,AUS_1025,
way/229759860-220,AUS_1026,
way/229759860-220,AUS_1027,
way/229759860-220,AUS_1028,
way/229759860-220,AUS_1029,
way/229759860-220,AUS_1030,
way/229759860-220,AUS_1031,
way/229759860-220,AUS_1032,
way/229759860-220,AUS_1033,
way/229759860-220,AUS_1034,
way/229759860-220,AUS_1035,
way/229759860-220,AUS_1036,
way/229759860-220,AUS_1037,
way/229759860-220,AUS_1038,
way/229759860-220,AUS_1039,
way/229759860-220,AUS_1040,
way/229759860-220,AUS_1041,
way/229759860-220,AUS_1042,
way/229759860-220,AUS_1043,
way/229759860-220,AUS_1044,
way/229759860-220,AUS_1045,
way/229759860-220,AUS_1046,
way/229759860-220,AUS_1047,
way/229759860-220,AUS_1048,
way/229759860-220,AUS_1049,
way/229759860-220,AUS_1050,
way/164764363-275,AUS_1051,Davenport
way/164764363-275,AUS_1052,Davenport
way/164764363-275,AUS_1053,Davenport
way/164764363-275,AUS_1054,Davenport
way/164764363-275,AUS_1055,Davenport
way/164764363-275,AUS_1056,Davenport
way/164764363-275,AUS_1057,Davenport
way/164764363-275,AUS_1058,Davenport
way/164764363-275,AUS_1059,Davenport
way/164764363-275,AUS_1060,Davenport
way/164764363-275,AUS_1061,Davenport
way/164764363-275,AUS_1062,Davenport
way/164764363-275,AUS_1063,Davenport
way/164764363-275,AUS_1064,Davenport
way/164764363-275,AUS_1065,Davenport
way/164764363-275,AUS_1066,Davenport
way/164764363-275,AUS_1067,Davenport
way/164764363-275,AUS_1068,Davenport
way/164764363-275,AUS_1069,Davenport
way/164764363-275,AUS_1070,Davenport
way/164764363-275,AUS_1071,Davenport
way/164764363-275,AUS_1072,Davenport
way/164764363-275,AUS_1073,Davenport
way/229759860-220,AUS_1074,
way/229759860-220,AUS_1075,
way/229759860-220,AUS_1076,
way/229759860-220,AUS_1077,
way/229759860-220,AUS_1078,
way/229759860-220,AUS_1079,
way/229759860-220,AUS_1080,
way/229759860-220,AUS_1081,
way/229759860-220,AUS_1082,
way/229759860-220,AUS_1083,
way/229759860-220,AUS_1084,
way/229759860-220,AUS_1085,
way/229759860-220,AUS_1086,
way/229759860-220,AUS_1087,
way/229759860-220,AUS_1088,
way/229759860-220,AUS_1089,
way/229759860-220,AUS_1090,
way/229759860-220,AUS_1091,
way/229759860-220,AUS_1092,
way/229759860-220,AUS_1093,
way/229759860-220,AUS_1094,
way/229759860-220,AUS_1095,
way/229759860-220,AUS_1096,
way/229759860-220,AUS_1097,
way/229759860-220,AUS_1098,
way/229759860-220,AUS_1099,
way/229759860-220,AUS_1100,
way/229759860-220,AUS_1101,
way/229759860-220,AUS_1102,
way/164775125-275,AUS_1105,Robertstown
way/164775125-275,AUS_1106,Robertstown
way/164764363-275,AUS_1107,Davenport
way/164764363-275,AUS_1108,Davenport
way/164764363-275,AUS_1109,Davenport
way/164764363-275,AUS_1110,Davenport
way/164764363-275,AUS_1111,Davenport
way/164764363-275,AUS_1112,Davenport
way/164764363-275,AUS_1113,Davenport
way/164764363-275,AUS_1114,Davenport
way/164764363-275,AUS_1115,Davenport
way/164764363-275,AUS_1116,Davenport
way/164764363-275,AUS_1117,Davenport
way/164764363-275,AUS_1118,Davenport
way/164764363-275,AUS_1119,Davenport
way/164764363-275,AUS_1120,Davenport
way/164764363-275,AUS_1121,Davenport
way/164764363-275,AUS_1122,Davenport
way/164764363-275,AUS_1123,Davenport
way/164764363-275,AUS_1124,Davenport
way/164764363-275,AUS_1125,Davenport
way/164764363-275,AUS_1126,Davenport
way/164764363-275,AUS_1127,Davenport
way/229759860-220,AUS_1128,
way/229759860-220,AUS_1129,
way/229759860-220,AUS_1130,
way/229759860-220,AUS_1131,
way/229759860-220,AUS_1132,
way/229759860-220,AUS_1133,
way/229759860-220,AUS_1134,
way/229759860-220,AUS_1135,
way/229759860-220,AUS_1136,
way/229759860-220,AUS_1137,
way/229759860-220,AUS_1138,
way/229759860-220,AUS_1139,
way/229759860-220,AUS_1140,
way/229759860-220,AUS_1141,
way/229759860-220,AUS_1142,
way/229759860-220,AUS_1143,
way/229759860-220,AUS_1144,
way/229759860-220,AUS_1145,
way/229759860-220,AUS_1146,
way/229759860-220,AUS_1147,
way/229759860-220,AUS_1148,
way/229759860-220,AUS_1149,
way/229759860-220,AUS_1151,
way/229759860-220,AUS_1152,
way/229759860-220,AUS_1153,
way/229759860-220,AUS_1154,
way/229759860-220,AUS_1155,
way/229759860-220,AUS_1156,
way/229759860-220,AUS_1157,
way/172362099-275,AUS_1158,Para
way/172362099-275,AUS_1159,Para
way/172362099-275,AUS_1160,Para
way/164775125-275,AUS_1161,Robertstown
way/164764363-275,AUS_1162,Davenport
way/164764363-275,AUS_1163,Davenport
way/164764363-275,AUS_1164,Davenport
way/164764363-275,AUS_1165,Davenport
way/164764363-275,AUS_1166,Davenport
way/164764363-275,AUS_1168,Davenport
way/164764363-275,AUS_1170,Davenport
way/164764363-275,AUS_1171,Davenport
way/164764363-275,AUS_1172,Davenport
way/164764363-275,AUS_1173,Davenport
way/164764363-275,AUS_1174,Davenport
way/164764363-275,AUS_1175,Davenport
way/164764363-275,AUS_1176,Davenport
way/164764363-275,AUS_1177,Davenport
way/164764363-275,AUS_1178,Davenport
way/164764363-275,AUS_1179,Davenport
way/164764363-275,AUS_1180,Davenport
way/229759860-220,AUS_1181,
way/229759860-220,AUS_1182,
way/229759860-220,AUS_1183,
way/229759860-220,AUS_1184,
way/229759860-220,AUS_1185,
way/229759860-220,AUS_1186,
way/229759860-220,AUS_1187,
way/229759860-220,AUS_1188,
way/229759860-220,AUS_1189,
way/229759860-220,AUS_1190,
way/229759860-220,AUS_1191,
way/229759860-220,AUS_1192,
way/229759860-220,AUS_1193,
way/229759860-220,AUS_1194,
way/229759860-220,AUS_1195,
way/229759860-220,AUS_1196,
way/229759860-220,AUS_1197,
way/229759860-220,AUS_1198,
way/229759860-220,AUS_1199,
way/229759860-220,AUS_1200,
way/229759860-220,AUS_1201,
way/229759860-220,AUS_1202,
way/229759860-220,AUS_1203,
way/229759860-220,AUS_1204,
way/229759860-220,AUS_1205,
way/229759860-220,AUS_1206,
way/229759860-220,AUS_1207,
way/229759860-220,AUS_1208,
way/229759860-220,AUS_1209,
way/229759860-220,AUS_1210,
way/172362099-275,AUS_1211,Para
way/172362099-275,AUS_1212,Para
way/172362099-275,AUS_1213,Para
way/172362099-275,AUS_1214,Para
way/164775125-275,AUS_1215,Robertstown
way/164775125-275,AUS_1216,Robertstown
way/164764363-275,AUS_1217,Davenport
way/164764363-275,AUS_1220,Davenport
way/164764363-275,AUS_1221,Davenport
way/164764363-275,AUS_1222,Davenport
way/164764363-275,AUS_1223,Davenport
way/164764363-275,AUS_1224,Davenport
way/164764363-275,AUS_1225,Davenport
way/164764363-275,AUS_1226,Davenport
way/164764363-275,AUS_1227,Davenport
way/164764363-275,AUS_1228,Davenport
way/164764363-275,AUS_1229,Davenport
way/164764363-275,AUS_1230,Davenport
way/164764363-275,AUS_1231,Davenport
way/164764363-275,AUS_1232,Davenport
way/164764363-275,AUS_1233,Davenport
way/164764363-275,AUS_1234,Davenport
way/229759860-220,AUS_1235,
way/229759860-220,AUS_1236,
way/229759860-220,AUS_1237,
way/229759860-220,AUS_1238,
way/229759860-220,AUS_1239,
way/229759860-220,AUS_1240,
way/229759860-220,AUS_1241,
way/229759860-220,AUS_1242,
way/229759860-220,AUS_1243,
way/229759860-220,AUS_1244,
way/229759860-220,AUS_1245,
way/229759860-220,AUS_1246,
way/229759860-220,AUS_1247,
way/229759860-220,AUS_1248,
way/229759860-220,AUS_1249,
way/229759860-220,AUS_1250,
way/229759860-220,AUS_1251,
way/229759860-220,AUS_1252,
way/229759860-220,AUS_1253,
way/229759860-220,AUS_1254,
way/229759860-220,AUS_1255,
way/172362099-275,AUS_1256,Para
way/172362099-275,AUS_1257,Para
way/164775125-275,AUS_1260,Robertstown
way/164764363-275,AUS_1263,Davenport
way/164764363-275,AUS_1264,Davenport
way/164764363-275,AUS_1265,Davenport
way/164764363-275,AUS_1266,Davenport
way/164764363-275,AUS_1267,Davenport
way/164764363-275,AUS_1268,Davenport
way/164764363-275,AUS_1269,Davenport
way/164764363-275,AUS_1270,Davenport
way/164764363-275,AUS_1271,Davenport
way/164764363-275,AUS_1272,Davenport
way/164764363-275,AUS_1273,Davenport
way/164764363-275,AUS_1274,Davenport
way/164764363-275,AUS_1275,Davenport
way/164764363-275,AUS_1276,Davenport
way/164764363-275,AUS_1277,Davenport
way/164764363-275,AUS_1278,Davenport
way/229759860-220,AUS_1279,
way/229759860-220,AUS_1280,
way/229759860-220,AUS_1281,
way/229759860-220,AUS_1282,
way/229759860-220,AUS_1283,
way/229759860-220,AUS_1284,
way/229759860-220,AUS_1285,
way/229759860-220,AUS_1286,
way/229759860-220,AUS_1287,
way/229759860-220,AUS_1288,
way/229759860-220,AUS_1289,
way/229759860-220,AUS_1290,
way/229759860-220,AUS_1291,
way/229759860-220,AUS_1292,
way/229759860-220,AUS_1293,
way/229759860-220,AUS_1295,
way/229759860-220,AUS_1296,
way/229759860-220,AUS_1297,
way/229759860-220,AUS_1298,
way/229759860-220,AUS_1299,
way/172362099-275,AUS_1300,Para
way/172362099-275,AUS_1301,Para
way/172362099-275,AUS_1303,Para
way/164775125-275,AUS_1306,Robertstown
way/164775125-275,AUS_1307,Robertstown
way/164764363-275,AUS_1308,Davenport
way/164764363-275,AUS_1309,Davenport
way/164764363-275,AUS_1310,Davenport
way/164764363-275,AUS_1311,Davenport
way/164764363-275,AUS_1312,Davenport
way/164764363-275,AUS_1313,Davenport
way/164764363-275,AUS_1314,Davenport
way/164764363-275,AUS_1315,Davenport
way/164764363-275,AUS_1316,Davenport
way/164764363-275,AUS_1317,Davenport
way/164764363-275,AUS_1318,Davenport
way/164764363-275,AUS_1319,Davenport
way/164764363-275,AUS_1320,Davenport
way/164764363-275,AUS_1321,Davenport
way/164764363-275,AUS_1322,Davenport
way/229759860-220,AUS_1323,
way/229759860-220,AUS_1324,
way/229759860-220,AUS_1325,
way/229759860-220,AUS_1326,
way/229759860-220,AUS_1327,
way/229759860-220,AUS_1328,
way/229759860-220,AUS_1329,
way/229759860-220,AUS_1330,
way/229759860-220,AUS_1331,
way/229759860-220,AUS_1332,
way/229759860-220,AUS_1333,
way/229759860-220,AUS_1335,
way/229759860-220,AUS_1337,
way/229759860-220,AUS_1338,
way/229759860-220,AUS_1339,
way/229759860-220,AUS_1340,
way/229759860-220,AUS_1341,
way/229759860-220,AUS_1342,
way/229759860-220,AUS_1344,
way/312550977-500,AUS_1345,Tarrone
way/312550977-500,AUS_1346,Tarrone
way/312550977-500,AUS_1347,Tarrone
way/172362099-275,AUS_1348,Para
way/172362099-275,AUS_1349,Para
way/172362099-275,AUS_1350,Para
way/172362099-275,AUS_1351,Para
way/172362099-275,AUS_1352,Para
way/164775125-275,AUS_1353,Robertstown
way/164775125-275,AUS_1354,Robertstown
way/164775125-275,AUS_1355,Robertstown
way/164775125-275,AUS_1356,Robertstown
way/830928846-220,AUS_1357,BrokenHill
way/830928846-220,AUS_1358,BrokenHill
way/830928846-220,AUS_1359,BrokenHill
way/830928846-220,AUS_1360,BrokenHill
way/830928846-220,AUS_1361,BrokenHill
way/830928846-220,AUS_1362,BrokenHill
way/830928846-220,AUS_1363,BrokenHill
way/830928846-220,AUS_1364,BrokenHill
way/830928846-220,AUS_1365,BrokenHill
way/830928846-220,AUS_1366,BrokenHill
way/164764363-275,AUS_1367,Davenport
way/164764363-275,AUS_1368,Davenport
way/164764363-275,AUS_1369,Davenport
way/164764363-275,AUS_1370,Davenport
way/229759860-220,AUS_1371,
way/229759860-220,AUS_1372,
way/229759860-220,AUS_1373,
way/229759860-220,AUS_1374,
way/229759860-220,AUS_1375,
way/229759860-220,AUS_1376,
way/229759860-220,AUS_1377,
way/229759860-220,AUS_1378,
way/229759860-220,AUS_1379,
way/229759860-220,AUS_1380,
way/229759860-220,AUS_1381,
way/229759860-220,AUS_1382,
way/229759860-220,AUS_1385,
way/229759860-220,AUS_1386,
way/229759860-220,AUS_1387,
way/229759860-220,AUS_1388,
way/229759860-220,AUS_1389,
way/229759860-220,AUS_1390,
way/229759860-220,AUS_1392,
way/312550977-500,AUS_1393,Tarrone
way/312550977-500,AUS_1395,Tarrone
way/312550977-500,AUS_1396,Tarrone
way/312550977-500,AUS_1397,Tarrone
way/172362099-275,AUS_1398,Para
way/172362099-275,AUS_1399,Para
way/172362099-275,AUS_1400,Para
way/169794711-220,AUS_1401,Balranald
way/169794711-220,AUS_1402,Balranald
way/169794711-220,AUS_1403,Balranald
way/830928846-220,AUS_1404,BrokenHill
way/830928846-220,AUS_1405,BrokenHill
way/830928846-220,AUS_1406,BrokenHill
way/830928846-220,AUS_1407,BrokenHill
way/830928846-220,AUS_1408,BrokenHill
way/830928846-220,AUS_1409,BrokenHill
way/830928846-220,AUS_1410,BrokenHill
way/830928846-220,AUS_1411,BrokenHill
way/830928846-220,AUS_1412,BrokenHill
way/830928846-220,AUS_1413,BrokenHill
way/830928846-220,AUS_1414,BrokenHill
way/830928846-220,AUS_1415,BrokenHill
way/830928846-220,AUS_1416,BrokenHill
way/830928846-220,AUS_1417,BrokenHill
way/830928846-220,AUS_1418,BrokenHill
way/830928846-220,AUS_1419,BrokenHill
way/229759860-220,AUS_1420,
way/229759860-220,AUS_1421,
way/229759860-220,AUS_1422,
way/229759860-220,AUS_1423,
way/229759860-220,AUS_1424,
way/229759860-220,AUS_1425,
way/229759860-220,AUS_1426,
way/229759860-220,AUS_1427,
way/229759860-220,AUS_1428,
way/229759860-220,AUS_1429,
way/229759860-220,AUS_1430,
way/229759860-220,AUS_1431,
way/229759860-220,AUS_1433,
way/229759860-220,AUS_1434,
way/229759860-220,AUS_1435,
way/229759860-220,AUS_1436,
way/229759860-220,AUS_1437,
way/229759860-220,AUS_1438,
way/229759860-220,AUS_1439,
way/229759860-220,AUS_1440,
way/229759860-220,AUS_1441,
way/312550977-500,AUS_1444,Tarrone
AU104-220,AUS_1445,Horsham
AU104-220,AUS_1446,Horsham
AU104-220,AUS_1447,Horsham
AU104-220,AUS_1448,Horsham
way/169794711-220,AUS_1449,Balranald
way/169794711-220,AUS_1450,Balranald
way/169794711-220,AUS_1451,Balranald
way/169794711-220,AUS_1452,Balranald
way/169794711-220,AUS_1453,Balranald
way/169794711-220,AUS_1454,Balranald
way/830928846-220,AUS_1455,BrokenHill
way/830928846-220,AUS_1456,BrokenHill
way/830928846-220,AUS_1458,BrokenHill
way/830928846-220,AUS_1459,BrokenHill
way/830928846-220,AUS_1460,BrokenHill
way/830928846-220,AUS_1461,BrokenHill
way/830928846-220,AUS_1462,BrokenHill
way/830928846-220,AUS_1463,BrokenHill
way/830928846-220,AUS_1464,BrokenHill
way/830928846-220,AUS_1465,BrokenHill
way/830928846-220,AUS_1466,BrokenHill
way/830928846-220,AUS_1467,BrokenHill
way/830928846-220,AUS_1468,BrokenHill
way/830928846-220,AUS_1469,BrokenHill
way/229759860-220,AUS_1470,
way/229759860-220,AUS_1471,
way/229759860-220,AUS_1472,
way/229759860-220,AUS_1473,
way/229759860-220,AUS_1474,
way/229759860-220,AUS_1475,
way/229759860-220,AUS_1476,
way/229759860-220,AUS_1477,
way/229759860-220,AUS_1478,
way/229759860-220,AUS_1479,
way/229759860-220,AUS_1480,
way/229759860-220,AUS_1481,
way/229759860-220,AUS_1482,
way/229759860-220,AUS_1483,
way/229759860-220,AUS_1484,
way/229759860-220,AUS_1485,
way/229759860-220,AUS_1486,
way/229759860-220,AUS_1487,
way/229759860-220,AUS_1488,
way/229759860-220,AUS_1489,
way/229759860-220,AUS_1490,
way/229759860-220,AUS_1491,
way/196583889-275,AUS_1492,Chalumbin
way/196583889-275,AUS_1493,Chalumbin
way/196583889-275,AUS_1494,Chalumbin
way/196583889-275,AUS_1495,Chalumbin
way/196583889-275,AUS_1496,Chalumbin
way/196583889-275,AUS_1497,Chalumbin
way/196583889-275,AUS_1498,Chalumbin
way/196583889-275,AUS_1499,Chalumbin
way/196583889-275,AUS_1500,Chalumbin
way/196583889-275,AUS_1501,Chalumbin
way/196583889-275,AUS_1505,Chalumbin
way/312550977-500,AUS_1506,Tarrone
way/312550977-500,AUS_1508,Tarrone
AU104-220,AUS_1509,Horsham
AU104-220,AUS_1512,Horsham
way/169794711-220,AUS_1513,Balranald
way/169794711-220,AUS_1517,Balranald
way/169794711-220,AUS_1518,Balranald
way/830928846-220,AUS_1519,BrokenHill
way/830928846-220,AUS_1520,BrokenHill
way/830928846-220,AUS_1521,BrokenHill
way/830928846-220,AUS_1522,BrokenHill
way/830928846-220,AUS_1523,BrokenHill
way/830928846-220,AUS_1524,BrokenHill
way/830928846-220,AUS_1525,BrokenHill
way/830928846-220,AUS_1526,BrokenHill
way/830928846-220,AUS_1527,BrokenHill
way/830928846-220,AUS_1528,BrokenHill
way/830928846-220,AUS_1529,BrokenHill
way/830928846-220,AUS_1530,BrokenHill
way/830928846-220,AUS_1531,BrokenHill
way/830928846-220,AUS_1532,BrokenHill
way/830928846-220,AUS_1533,BrokenHill
way/229759860-220,AUS_1534,
way/229759860-220,AUS_1535,
way/229759860-220,AUS_1536,
way/229759860-220,AUS_1537,
way/229759860-220,AUS_1538,
way/229759860-220,AUS_1539,
way/229759860-220,AUS_1540,
way/229759860-220,AUS_1541,
way/229759860-220,AUS_1542,
way/229759860-220,AUS_1543,
way/229759860-220,AUS_1544,
way/229759860-220,AUS_1545,
way/229759860-220,AUS_1546,
way/229759860-220,AUS_1547,
way/229759860-220,AUS_1548,
way/229759860-220,AUS_1549,
way/229759860-220,AUS_1550,
way/229759860-220,AUS_1551,
way/229759860-220,AUS_1552,
way/196583889-275,AUS_1553,Chalumbin
way/196583889-275,AUS_1554,Chalumbin
way/196583889-275,AUS_1555,Chalumbin
way/196583889-275,AUS_1556,Chalumbin
way/196583889-275,AUS_1557,Chalumbin
way/196583889-275,AUS_1558,Chalumbin
way/196583889-275,AUS_1559,Chalumbin
way/196583889-275,AUS_1561,Chalumbin
way/196583889-275,AUS_1562,Chalumbin
way/196583889-275,AUS_1563,Chalumbin
way/196583889-275,AUS_1564,Chalumbin
way/196583889-275,AUS_1565,Chalumbin
way/196583889-275,AUS_1566,Chalumbin
way/196583889-275,AUS_1567,Chalumbin
way/196583889-275,AUS_1568,Chalumbin
way/196583889-275,AUS_1569,Chalumbin
way/196583889-275,AUS_1570,Chalumbin
way/196583889-275,AUS_1571,Chalumbin
way/312550977-500,AUS_1572,Tarrone
AU104-220,AUS_1577,Horsham
way/169794711-220,AUS_1578,Balranald
way/169794711-220,AUS_1579,Balranald
way/169794711-220,AUS_1580,Balranald
way/169794711-220,AUS_1582,Balranald
way/169794711-220,AUS_1583,Balranald
way/169794711-220,AUS_1584,Balranald
way/169794711-220,AUS_1585,Balranald
way/830928846-220,AUS_1586,BrokenHill
way/830928846-220,AUS_1587,BrokenHill
way/830928846-220,AUS_1588,BrokenHill
way/830928846-220,AUS_1589,BrokenHill
way/830928846-220,AUS_1590,BrokenHill
way/830928846-220,AUS_1591,BrokenHill
way/830928846-220,AUS_1592,BrokenHill
way/830928846-220,AUS_1593,BrokenHill
way/830928846-220,AUS_1594,BrokenHill
way/830928846-220,AUS_1595,BrokenHill
way/830928846-220,AUS_1596,BrokenHill
way/830928846-220,AUS_1597,BrokenHill
way/830928846-220,AUS_1598,BrokenHill
way/830928846-220,AUS_1599,BrokenHill
way/121646942-275,AUS_1600,Broadsound
way/229759860-220,AUS_1601,
way/229759860-220,AUS_1602,
way/229759860-220,AUS_1603,
way/229759860-220,AUS_1604,
way/229759860-220,AUS_1605,
way/229759860-220,AUS_1606,
way/229759860-220,AUS_1607,
way/229759860-220,AUS_1608,
way/229759860-220,AUS_1609,
way/229759860-220,AUS_1610,
way/229759860-220,AUS_1611,
way/229759860-220,AUS_1612,
way/229759860-220,AUS_1613,
way/229759860-220,AUS_1614,
way/229759860-220,AUS_1615,
way/196583889-275,AUS_1616,Chalumbin
way/196583889-275,AUS_1617,Chalumbin
way/196583889-275,AUS_1618,Chalumbin
way/196583889-275,AUS_1619,Chalumbin
way/196583889-275,AUS_1620,Chalumbin
way/196583889-275,AUS_1621,Chalumbin
way/196583889-275,AUS_1622,Chalumbin
way/196583889-275,AUS_1623,Chalumbin
way/196583889-275,AUS_1624,Chalumbin
way/196583889-275,AUS_1625,Chalumbin
way/196583889-275,AUS_1626,Chalumbin
way/196583889-275,AUS_1627,Chalumbin
way/196583889-275,AUS_1628,Chalumbin
way/196583889-275,AUS_1629,Chalumbin
way/196583889-275,AUS_1630,Chalumbin
way/196583889-275,AUS_1631,Chalumbin
way/196583889-275,AUS_1632,Chalumbin
way/196583889-275,AUS_1633,Chalumbin
way/64943050-500,AUS_1637,SouthMorang
way/64943050-500,AUS_1638,SouthMorang
way/64943050-500,AUS_1639,SouthMorang
way/89180086-220,AUS_1642,Ballarat
way/89180086-220,AUS_1644,Ballarat
way/169794711-220,AUS_1646,Balranald
way/169794711-220,AUS_1647,Balranald
way/169794711-220,AUS_1648,Balranald
way/169794711-220,AUS_1649,Balranald
way/169794711-220,AUS_1650,Balranald
way/169794711-220,AUS_1651,Balranald
way/169794711-220,AUS_1652,Balranald
way/169794711-220,AUS_1653,Balranald
way/830928846-220,AUS_1654,BrokenHill
way/830928846-220,AUS_1655,BrokenHill
way/830928846-220,AUS_1656,BrokenHill
way/830928846-220,AUS_1657,BrokenHill
way/830928846-220,AUS_1658,BrokenHill
way/830928846-220,AUS_1659,BrokenHill
way/830928846-220,AUS_1660,BrokenHill
way/830928846-220,AUS_1661,BrokenHill
way/830928846-220,AUS_1662,BrokenHill
way/830928846-220,AUS_1663,BrokenHill
way/830928846-220,AUS_1664,BrokenHill
way/550221344-275,AUS_1665,WandoanSouth
way/550221344-275,AUS_1666,WandoanSouth
way/550221344-275,AUS_1667,WandoanSouth
way/121646942-275,AUS_1668,Broadsound
way/121646942-275,AUS_1669,Broadsound
way/121646942-275,AUS_1670,Broadsound
way/121646942-275,AUS_1671,Broadsound
way/121646942-275,AUS_1672,Broadsound
way/121646942-275,AUS_1673,Broadsound
way/229759860-220,AUS_1674,
way/229759860-220,AUS_1675,
way/171744075-275,AUS_1676,Strathmore
way/171744075-275,AUS_1677,Strathmore
way/171744075-275,AUS_1678,Strathmore
way/171744075-275,AUS_1679,Strathmore
way/171744075-275,AUS_1680,Strathmore
way/196583889-275,AUS_1681,Chalumbin
way/196583889-275,AUS_1682,Chalumbin
way/196583889-275,AUS_1683,Chalumbin
way/196583889-275,AUS_1684,Chalumbin
way/196583889-275,AUS_1685,Chalumbin
way/196583889-275,AUS_1686,Chalumbin
way/196583889-275,AUS_1687,Chalumbin
way/196583889-275,AUS_1688,Chalumbin
way/196583889-275,AUS_1689,Chalumbin
way/196583889-275,AUS_1690,Chalumbin
way/196583889-275,AUS_1691,Chalumbin
way/196583889-275,AUS_1692,Chalumbin
way/196583889-275,AUS_1693,Chalumbin
way/196583889-275,AUS_1698,Chalumbin
way/196583889-275,AUS_1699,Chalumbin
way/88191017-220,AUS_1702,Sheffield
way/88191017-220,AUS_1703,Sheffield
way/88191017-220,AUS_1704,Sheffield
way/570175005-220,AUS_1705,Rowville
way/64943050-500,AUS_1708,SouthMorang
way/89180086-220,AUS_1710,Ballarat
way/64943050-500,AUS_1711,SouthMorang
way/169794711-220,AUS_1712,Balranald
way/169794711-220,AUS_1713,Balranald
way/169416665-220,AUS_1714,DarlingtonPoint
way/169416665-220,AUS_1715,DarlingtonPoint
way/169416665-220,AUS_1716,DarlingtonPoint
way/169416665-220,AUS_1717,DarlingtonPoint
way/169416665-220,AUS_1718,DarlingtonPoint
way/169416665-220,AUS_1719,DarlingtonPoint
way/169416665-220,AUS_1720,DarlingtonPoint
way/169416665-220,AUS_1721,DarlingtonPoint
way/830928846-220,AUS_1722,BrokenHill
way/830928846-220,AUS_1723,BrokenHill
way/830928846-220,AUS_1724,BrokenHill
way/830928846-220,AUS_1725,BrokenHill
way/830928846-220,AUS_1726,BrokenHill
way/830928846-220,AUS_1727,BrokenHill
way/550221344-275,AUS_1728,WandoanSouth
way/550221344-275,AUS_1729,WandoanSouth
way/550221344-275,AUS_1730,WandoanSouth
way/550221344-275,AUS_1731,WandoanSouth
way/550221344-275,AUS_1732,WandoanSouth
way/550221344-275,AUS_1733,WandoanSouth
way/121646942-275,AUS_1734,Broadsound
way/121646942-275,AUS_1735,Broadsound
way/121646942-275,AUS_1736,Broadsound
way/121646942-275,AUS_1737,Broadsound
way/121646942-275,AUS_1738,Broadsound
way/121646942-275,AUS_1739,Broadsound
way/121646942-275,AUS_1740,Broadsound
way/171744075-275,AUS_1741,Strathmore
way/171744075-275,AUS_1742,Strathmore
way/171744075-275,AUS_1743,Strathmore
way/171744075-275,AUS_1744,Strathmore
way/171744075-275,AUS_1745,Strathmore
way/171744075-275,AUS_1746,Strathmore
way/171744075-275,AUS_1747,Strathmore
way/196583889-275,AUS_1748,Chalumbin
way/196583889-275,AUS_1749,Chalumbin
way/196583889-275,AUS_1750,Chalumbin
way/196583889-275,AUS_1751,Chalumbin
way/196583889-275,AUS_1752,Chalumbin
way/196583889-275,AUS_1753,Chalumbin
way/196583889-275,AUS_1754,Chalumbin
way/196583889-275,AUS_1755,Chalumbin
way/196583889-275,AUS_1756,Chalumbin
way/196583889-275,AUS_1757,Chalumbin
way/196583889-275,AUS_1758,Chalumbin
way/196583889-275,AUS_1759,Chalumbin
way/88191017-220,AUS_1766,Sheffield
way/570175005-220,AUS_1768,Rowville
way/64943050-500,AUS_1773,SouthMorang
way/64943050-500,AUS_1775,SouthMorang
way/64943050-500,AUS_1776,SouthMorang
way/169416665-220,AUS_1777,DarlingtonPoint
way/169416665-220,AUS_1778,DarlingtonPoint
way/169416665-220,AUS_1779,DarlingtonPoint
way/169416665-220,AUS_1780,DarlingtonPoint
way/169416665-220,AUS_1781,DarlingtonPoint
way/169416665-220,AUS_1782,DarlingtonPoint
way/169416665-220,AUS_1783,DarlingtonPoint
way/169416665-220,AUS_1784,DarlingtonPoint
way/169416665-220,AUS_1785,DarlingtonPoint
way/169416665-220,AUS_1786,DarlingtonPoint
way/169408193-330,AUS_1787,MountPiper
way/169408193-330,AUS_1788,MountPiper
way/169408193-330,AUS_1789,MountPiper
way/169408193-330,AUS_1790,MountPiper
way/550221344-275,AUS_1791,WandoanSouth
way/550221344-275,AUS_1792,WandoanSouth
way/550221344-275,AUS_1793,WandoanSouth
way/550221344-275,AUS_1794,WandoanSouth
way/550221344-275,AUS_1795,WandoanSouth
way/550221344-275,AUS_1796,WandoanSouth
way/550221344-275,AUS_1797,WandoanSouth
way/550221344-275,AUS_1798,WandoanSouth
way/121646942-275,AUS_1799,Broadsound
way/121646942-275,AUS_1800,Broadsound
way/121646942-275,AUS_1801,Broadsound
way/121646942-275,AUS_1802,Broadsound
way/121646942-275,AUS_1803,Broadsound
way/121646942-275,AUS_1804,Broadsound
way/121646942-275,AUS_1805,Broadsound
way/171744075-275,AUS_1806,Strathmore
way/171744075-275,AUS_1807,Strathmore
way/171744075-275,AUS_1808,Strathmore
way/171744075-275,AUS_1809,Strathmore
way/171744075-275,AUS_1810,Strathmore
way/171744075-275,AUS_1811,Strathmore
way/171744075-275,AUS_1812,Strathmore
way/196583889-275,AUS_1813,Chalumbin
way/196583889-275,AUS_1814,Chalumbin
way/196583889-275,AUS_1816,Chalumbin
way/196583889-275,AUS_1818,Chalumbin
way/196583889-275,AUS_1819,Chalumbin
way/196583889-275,AUS_1820,Chalumbin
way/196583889-275,AUS_1821,Chalumbin
way/196583889-275,AUS_1822,Chalumbin
way/88191017-220,AUS_1829,Sheffield
way/480009927-500,AUS_1831,Hazelwood
way/480009927-500,AUS_1832,Hazelwood
way/480009927-500,AUS_1834,Hazelwood
way/64943050-500,AUS_1835,SouthMorang
way/64943050-500,AUS_1836,SouthMorang
way/172231145-330,AUS_1838,Wagga
way/172231145-330,AUS_1839,Wagga
way/169416665-220,AUS_1840,DarlingtonPoint
way/169416665-220,AUS_1842,DarlingtonPoint
way/169416665-220,AUS_1843,DarlingtonPoint
way/169416665-220,AUS_1844,DarlingtonPoint
way/169416665-220,AUS_1845,DarlingtonPoint
way/169416665-220,AUS_1846,DarlingtonPoint
way/169408193-330,AUS_1847,MountPiper
way/169408193-330,AUS_1848,MountPiper
way/169408193-330,AUS_1849,MountPiper
way/169408193-330,AUS_1850,MountPiper
way/169408193-330,AUS_1851,MountPiper
way/169408193-330,AUS_1852,MountPiper
way/169408193-330,AUS_1853,MountPiper
way/550221344-275,AUS_1854,WandoanSouth
way/550221344-275,AUS_1855,WandoanSouth
way/550221344-275,AUS_1856,WandoanSouth
way/550221344-275,AUS_1857,WandoanSouth
way/550221344-275,AUS_1858,WandoanSouth
way/550221344-275,AUS_1859,WandoanSouth
way/550221344-275,AUS_1860,WandoanSouth
way/550221344-275,AUS_1861,WandoanSouth
way/121646942-275,AUS_1862,Broadsound
way/121646942-275,AUS_1863,Broadsound
way/121646942-275,AUS_1864,Broadsound
way/121646942-275,AUS_1865,Broadsound
way/121646942-275,AUS_1866,Broadsound
way/121646942-275,AUS_1867,Broadsound
way/121646942-275,AUS_1868,Broadsound
way/166113109-275,AUS_1869,Nebo
way/171744075-275,AUS_1870,Strathmore
way/171744075-275,AUS_1871,Strathmore
way/171744075-275,AUS_1872,Strathmore
way/171744075-275,AUS_1873,Strathmore
way/171744075-275,AUS_1874,Strathmore
way/171744075-275,AUS_1876,Strathmore
way/171744075-275,AUS_1877,Strathmore
way/196583889-275,AUS_1878,Chalumbin
way/196583889-275,AUS_1879,Chalumbin
way/174441055-220,AUS_1882,Palmerston
way/174441055-220,AUS_1884,Palmerston
way/480009927-500,AUS_1888,Hazelwood
way/480009927-500,AUS_1889,Hazelwood
way/480009927-500,AUS_1890,Hazelwood
way/480009927-500,AUS_1891,Hazelwood
way/480009927-500,AUS_1892,Hazelwood
way/174875093-330,AUS_1893,Murray
way/172231145-330,AUS_1897,Wagga
way/172231145-330,AUS_1899,Wagga
way/172231145-330,AUS_1900,Wagga
way/172231145-330,AUS_1901,Wagga
way/169416665-220,AUS_1902,DarlingtonPoint
way/169408193-330,AUS_1903,MountPiper
way/169408193-330,AUS_1904,MountPiper
way/169408193-330,AUS_1905,MountPiper
way/169408193-330,AUS_1906,MountPiper
way/169408193-330,AUS_1907,MountPiper
way/169408193-330,AUS_1908,MountPiper
way/169408193-330,AUS_1909,MountPiper
way/169408193-330,AUS_1910,MountPiper
way/550221344-275,AUS_1911,WandoanSouth
way/550221344-275,AUS_1912,WandoanSouth
way/550221344-275,AUS_1913,WandoanSouth
way/550221344-275,AUS_1914,WandoanSouth
way/550221344-275,AUS_1915,WandoanSouth
way/550221344-275,AUS_1916,WandoanSouth
way/550221344-275,AUS_1917,WandoanSouth
way/550221344-275,AUS_1918,WandoanSouth
way/550221344-275,AUS_1919,WandoanSouth
way/550221344-275,AUS_1920,WandoanSouth
way/121646942-275,AUS_1921,Broadsound
way/121646942-275,AUS_1922,Broadsound
way/121646942-275,AUS_1923,Broadsound
way/121646942-275,AUS_1924,Broadsound
way/121646942-275,AUS_1925,Broadsound
way/121646942-275,AUS_1926,Broadsound
way/166113109-275,AUS_1927,Nebo
way/166113109-275,AUS_1928,Nebo
way/171744075-275,AUS_1929,Strathmore
way/171744075-275,AUS_1930,Strathmore
way/171744075-275,AUS_1931,Strathmore
way/171744075-275,AUS_1933,Strathmore
way/174441055-220,AUS_1934,Palmerston
way/174441055-220,AUS_1935,Palmerston
way/174441055-220,AUS_1936,Palmerston
way/174441055-220,AUS_1937,Palmerston
way/174441055-220,AUS_1938,Palmerston
way/174441055-220,AUS_1939,Palmerston
way/88191017-220,AUS_1940,Sheffield
way/88191017-220,AUS_1941,Sheffield
way/480009927-500,AUS_1943,Hazelwood
way/174875093-330,AUS_1944,Murray
way/174875093-330,AUS_1945,Murray
way/174875093-330,AUS_1946,Murray
way/208359871-330,AUS_1950,UpperTumut
way/172231145-330,AUS_1951,Wagga
way/655511604-330,AUS_1952,Canberra
way/655511604-330,AUS_1953,Canberra
way/169408193-330,AUS_1954,MountPiper
way/169408193-330,AUS_1955,MountPiper
way/169408193-330,AUS_1956,MountPiper
way/169408193-330,AUS_1957,MountPiper
way/169408193-330,AUS_1958,MountPiper
way/169408193-330,AUS_1959,MountPiper
way/169408193-330,AUS_1960,MountPiper
way/169408193-330,AUS_1961,MountPiper
way/169408193-330,AUS_1962,MountPiper
way/172887193-330,AUS_1963,BulliCreek
way/172887193-330,AUS_1964,BulliCreek
way/550221344-275,AUS_1965,WandoanSouth
way/550221344-275,AUS_1966,WandoanSouth
way/550221344-275,AUS_1967,WandoanSouth
way/550221344-275,AUS_1968,WandoanSouth
way/550221344-275,AUS_1969,WandoanSouth
way/550221344-275,AUS_1970,WandoanSouth
way/550221344-275,AUS_1971,WandoanSouth
way/550221344-275,AUS_1972,WandoanSouth
way/121646942-275,AUS_1973,Broadsound
way/121646942-275,AUS_1974,Broadsound
way/121646942-275,AUS_1975,Broadsound
way/121646942-275,AUS_1976,Broadsound
way/121646942-275,AUS_1978,Broadsound
way/166113109-275,AUS_1979,Nebo
way/166113109-275,AUS_1980,Nebo
way/171744075-275,AUS_1983,Strathmore
way/171744075-275,AUS_1984,Strathmore
way/174875093-330,AUS_1986,Murray
way/174875093-330,AUS_1987,Murray
way/174875093-330,AUS_1988,Murray
way/208359871-330,AUS_1989,UpperTumut
way/208359871-330,AUS_1990,UpperTumut
way/655511604-330,AUS_1993,Canberra
way/655511604-330,AUS_1994,Canberra
way/169408193-330,AUS_1995,MountPiper
way/169408193-330,AUS_1996,MountPiper
way/169408193-330,AUS_1997,MountPiper
way/169408193-330,AUS_1999,MountPiper
way/169408193-330,AUS_2000,MountPiper
way/169408193-330,AUS_2001,MountPiper
way/169408193-330,AUS_2002,MountPiper
way/160201298-330,AUS_2003,Armidale
way/172887193-330,AUS_2004,BulliCreek
way/172887193-330,AUS_2005,BulliCreek
way/172887193-330,AUS_2006,BulliCreek
way/172887193-330,AUS_2007,BulliCreek
way/550221344-275,AUS_2008,WandoanSouth
way/550221344-275,AUS_2009,WandoanSouth
way/550221344-275,AUS_2010,WandoanSouth
way/550221344-275,AUS_2011,WandoanSouth
way/550221344-275,AUS_2013,WandoanSouth
way/550221344-275,AUS_2014,WandoanSouth
way/550221344-275,AUS_2015,WandoanSouth
way/121646942-275,AUS_2016,Broadsound
way/121646942-275,AUS_2017,Broadsound
way/121646942-275,AUS_2018,Broadsound
way/121646942-275,AUS_2019,Broadsound
way/166113109-275,AUS_2021,Nebo
way/166113109-275,AUS_2023,Nebo
way/166113109-275,AUS_2024,Nebo
way/171744075-275,AUS_2025,Strathmore
way/174875093-330,AUS_2028,Murray
way/655511604-330,AUS_2029,Canberra
way/655511604-330,AUS_2030,Canberra
way/655511604-330,AUS_2031,Canberra
way/655511604-330,AUS_2032,Canberra
way/655511604-330,AUS_2033,Canberra
way/655511604-330,AUS_2036,Canberra
way/169408193-330,AUS_2037,MountPiper
way/169408193-330,AUS_2039,MountPiper
way/169408193-330,AUS_2041,MountPiper
way/169408193-330,AUS_2042,MountPiper
way/160201298-330,AUS_2043,Armidale
way/160201298-330,AUS_2044,Armidale
way/160201298-330,AUS_2045,Armidale
way/172887193-330,AUS_2046,BulliCreek
way/172887193-330,AUS_2047,BulliCreek
way/172887193-330,AUS_2048,BulliCreek
way/172887193-330,AUS_2049,BulliCreek
way/172887193-330,AUS_2050,BulliCreek
way/550221344-275,AUS_2051,WandoanSouth
way/550221344-275,AUS_2052,WandoanSouth
way/550221344-275,AUS_2053,WandoanSouth
way/550221344-275,AUS_2055,WandoanSouth
way/550221344-275,AUS_2056,WandoanSouth
way/119995150-275,AUS_2057,Calvale
way/119995150-275,AUS_2058,Calvale
way/171486427-275,AUS_2059,Bouldercombe
way/121646942-275,AUS_2060,Broadsound
way/121646942-275,AUS_2062,Broadsound
way/121646942-275,AUS_2063,Broadsound
way/166113109-275,AUS_2064,Nebo
way/166113109-275,AUS_2065,Nebo
way/655511604-330,AUS_2070,Canberra
way/655511604-330,AUS_2071,Canberra
way/925410265-330,AUS_2072,SydneyWest
way/925410265-330,AUS_2073,SydneyWest
way/169408193-330,AUS_2078,MountPiper
way/169408193-330,AUS_2079,MountPiper
AU73-330,AUS_2080,CentralCoast
way/160201298-330,AUS_2081,Armidale
way/160201298-330,AUS_2082,Armidale
way/160201298-330,AUS_2083,Armidale
way/160201298-330,AUS_2084,Armidale
way/160201298-330,AUS_2085,Armidale
way/172887193-330,AUS_2086,BulliCreek
way/172887193-330,AUS_2087,BulliCreek
way/172887193-330,AUS_2088,BulliCreek
way/172887193-330,AUS_2089,BulliCreek
way/172887193-330,AUS_2090,BulliCreek
way/550221344-275,AUS_2093,WandoanSouth
way/550221344-275,AUS_2094,WandoanSouth
way/119995150-275,AUS_2095,Calvale
way/119995150-275,AUS_2096,Calvale
way/171486427-275,AUS_2100,Bouldercombe
way/171486427-275,AUS_2101,Bouldercombe
way/925410265-330,AUS_2106,SydneyWest
AU73-330,AUS_2112,CentralCoast
way/160201298-330,AUS_2113,Armidale
way/160201298-330,AUS_2116,Armidale
way/170709510-275,AUS_2125,Tarong
way/171728751-275,AUS_2126,GinGin
way/171728751-275,AUS_2127,GinGin
way/171728751-275,AUS_2128,GinGin
way/432510474-275,AUS_2129,CalliopeRiver
way/432510474-275,AUS_2131,CalliopeRiver
AU73-330,AUS_2134,CentralCoast
AU73-330,AUS_2136,CentralCoast
AU73-330,AUS_2137,CentralCoast
way/160201298-330,AUS_2138,Armidale
way/160201298-330,AUS_2139,Armidale
way/160201298-330,AUS_2141,Armidale
way/160201298-330,AUS_2142,Armidale
way/172887193-330,AUS_2143,BulliCreek
way/172887193-330,AUS_2144,BulliCreek
way/172887193-330,AUS_2145,BulliCreek
way/170709510-275,AUS_2149,Tarong
way/170709510-275,AUS_2150,Tarong
way/171728751-275,AUS_2152,GinGin
way/171728751-275,AUS_2154,GinGin
AU73-330,AUS_2158,CentralCoast
AU73-330,AUS_2159,CentralCoast
way/160201298-330,AUS_2160,Armidale
way/160201298-330,AUS_2161,Armidale
way/160201298-330,AUS_2162,Armidale
way/160201298-330,AUS_2164,Armidale
way/170832455-275,AUS_2165,Blackwall
way/170832455-275,AUS_2167,Blackwall
way/170832455-275,AUS_2170,Blackwall
way/171728751-275,AUS_2173,GinGin
way/171728751-275,AUS_2174,GinGin
way/171728751-275,AUS_2175,GinGin
way/160201298-330,AUS_2180,Armidale
way/170832455-275,AUS_2181,Blackwall
way/170832455-275,AUS_2182,Blackwall
way/170832455-275,AUS_2185,Blackwall
way/170832455-275,AUS_2186,Blackwall
way/171728751-275,AUS_2187,GinGin
way/171728751-275,AUS_2188,GinGin
way/950049612-330,wof-AUS_78,Yandin
way/950049612-330,wof-AUS_79,Yandin
way/950049612-330,wof-AUS_80,Yandin
way/950049612-330,wof-AUS_81,Yandin
way/950049612-330,wof-AUS_82,Yandin
way/337655870-220,wof-AUS_83,TomPriceMine
way/337655870-220,wof-AUS_84,TomPriceMine
way/950049612-330,wof-AUS_116,Yandin
way/950049612-330,wof-AUS_117,Yandin
way/950049612-330,wof-AUS_118,Yandin
way/950049612-330,wof-AUS_119,Yandin
way/950049612-330,wof-AUS_120,Yandin
way/950049612-330,wof-AUS_121,Yandin
way/950049612-330,wof-AUS_122,Yandin
way/337655870-220,wof-AUS_123,TomPriceMine
way/337655870-220,wof-AUS_124,TomPriceMine
way/337655870-220,wof-AUS_125,TomPriceMine
way/337655870-220,wof-AUS_126,TomPriceMine
way/337655870-220,wof-AUS_127,TomPriceMine
way/583492111-220,wof-AUS_132,Karratha
way/583492111-220,wof-AUS_133,Karratha
way/950049612-330,wof-AUS_159,Yandin
way/950049612-330,wof-AUS_160,Yandin
way/950049612-330,wof-AUS_161,Yandin
way/950049612-330,wof-AUS_162,Yandin
way/950049612-330,wof-AUS_163,Yandin
way/950049612-330,wof-AUS_164,Yandin
way/950049612-330,wof-AUS_165,Yandin
way/950049612-330,wof-AUS_166,Yandin
way/950049612-330,wof-AUS_167,Yandin
way/337655870-220,wof-AUS_168,TomPriceMine
way/337655870-220,wof-AUS_169,TomPriceMine
way/337655870-220,wof-AUS_170,TomPriceMine
way/337655870-220,wof-AUS_171,TomPriceMine
way/337655870-220,wof-AUS_172,TomPriceMine
way/583492111-220,wof-AUS_173,Karratha
way/583492111-220,wof-AUS_174,Karratha
way/583492111-220,wof-AUS_175,Karratha
way/583492111-220,wof-AUS_177,Karratha
way/583492111-220,wof-AUS_178,Karratha
way/583492111-220,wof-AUS_179,Karratha
way/87853100-330,wof-AUS_193,Australind
way/87853100-330,wof-AUS_194,Australind
way/87853100-330,wof-AUS_195,Australind
way/87853100-330,wof-AUS_196,Australind
way/87853100-330,wof-AUS_197,Australind
way/87853100-330,wof-AUS_198,Australind
way/950049612-330,wof-AUS_203,Yandin
way/950049612-330,wof-AUS_204,Yandin
way/950049612-330,wof-AUS_205,Yandin
way/950049612-330,wof-AUS_206,Yandin
way/950049612-330,wof-AUS_207,Yandin
way/950049612-330,wof-AUS_208,Yandin
way/950049612-330,wof-AUS_209,Yandin
way/950049612-330,wof-AUS_210,Yandin
way/950049612-330,wof-AUS_211,Yandin
way/950049612-330,wof-AUS_212,Yandin
way/337655870-220,wof-AUS_217,TomPriceMine
way/337655870-220,wof-AUS_218,TomPriceMine
way/337655870-220,wof-AUS_219,TomPriceMine
way/583492111-220,wof-AUS_220,Karratha
way/583492111-220,wof-AUS_221,Karratha
way/583492111-220,wof-AUS_222,Karratha
way/583492111-220,wof-AUS_223,Karratha
way/583492111-220,wof-AUS_224,Karratha
way/583492111-220,wof-AUS_225,Karratha
way/87853100-330,wof-AUS_239,Australind
way/87853100-330,wof-AUS_240,Australind
way/87853100-330,wof-AUS_241,Australind
way/87853100-330,wof-AUS_242,Australind
way/87853100-330,wof-AUS_243,Australind
way/87853100-330,wof-AUS_244,Australind
way/87853100-330,wof-AUS_245,Australind
AU57-330,wof-AUS_246,Perth
AU57-330,wof-AUS_247,Perth
way/950049612-330,wof-AUS_248,Yandin
way/950049612-330,wof-AUS_249,Yandin
way/950049612-330,wof-AUS_250,Yandin
way/950049612-330,wof-AUS_251,Yandin
way/950049612-330,wof-AUS_252,Yandin
way/950049612-330,wof-AUS_253,Yandin
way/583492111-220,wof-AUS_257,Karratha
way/583492111-220,wof-AUS_258,Karratha
way/583492111-220,wof-AUS_259,Karratha
way/583492111-220,wof-AUS_260,Karratha
way/583492111-220,wof-AUS_261,Karratha
way/583492111-220,wof-AUS_262,Karratha
way/87853100-330,wof-AUS_276,Australind
way/87853100-330,wof-AUS_277,Australind
way/87853100-330,wof-AUS_278,Australind
AU57-330,wof-AUS_284,Perth
way/583492111-220,wof-AUS_287,Karratha
way/583492111-220,wof-AUS_288,Karratha
way/583492111-220,wof-AUS_289,Karratha
way/583492111-220,wof-AUS_290,Karratha
way/583492111-220,wof-AUS_291,Karratha
way/583492111-220,wof-AUS_292,Karratha
way/87853100-330,wof-AUS_307,Australind
way/87853100-330,wof-AUS_308,Australind
way/583492111-220,wof-AUS_311,Karratha
way/583492111-220,wof-AUS_312,Karratha
way/583492111-220,wof-AUS_313,Karratha
way/583492111-220,wof-AUS_314,Karratha
way/87853100-330,wof-AUS_331,Australind
way/87853100-330,wof-AUS_332,Australind
way/583492111-220,wof-AUS_334,Karratha
way/583492111-220,wof-AUS_335,Karratha
way/583492111-220,wof-AUS_336,Karratha
way/583492111-220,wof-AUS_337,Karratha
way/583492111-220,wof-AUS_338,Karratha
way/87853100-330,wof-AUS_355,Australind
way/87853100-330,wof-AUS_356,Australind
way/583492111-220,wof-AUS_358,Karratha
way/583492111-220,wof-AUS_359,Karratha
way/583492111-220,wof-AUS_360,Karratha
way/583492111-220,wof-AUS_361,Karratha
way/583492111-220,wof-AUS_362,Karratha
way/583492111-220,wof-AUS_363,Karratha
way/583492111-220,wof-AUS_364,Karratha
way/87853100-330,wof-AUS_381,Australind
way/223939702-220,wof-AUS_382,Merredin
way/223939702-220,wof-AUS_383,Merredin
way/583492111-220,wof-AUS_386,Karratha
way/583492111-220,wof-AUS_387,Karratha
way/583492111-220,wof-AUS_388,Karratha
way/583492111-220,wof-AUS_389,Karratha
way/583492111-220,wof-AUS_390,Karratha
way/583492111-220,wof-AUS_391,Karratha
way/583492111-220,wof-AUS_392,Karratha
way/583492111-220,wof-AUS_393,Karratha
way/223939702-220,wof-AUS_409,Merredin
way/223939702-220,wof-AUS_410,Merredin
way/223939702-220,wof-AUS_411,Merredin
way/583492111-220,wof-AUS_413,Karratha
way/583492111-220,wof-AUS_414,Karratha
way/583492111-220,wof-AUS_415,Karratha
way/583492111-220,wof-AUS_416,Karratha
way/583492111-220,wof-AUS_417,Karratha
way/583492111-220,wof-AUS_418,Karratha
way/583492111-220,wof-AUS_419,Karratha
way/583492111-220,wof-AUS_420,Karratha
way/583492111-220,wof-AUS_421,Karratha
way/223939702-220,wof-AUS_435,Merredin
way/223939702-220,wof-AUS_436,Merredin
way/583492111-220,wof-AUS_439,Karratha
way/583492111-220,wof-AUS_440,Karratha
way/583492111-220,wof-AUS_441,Karratha
way/583492111-220,wof-AUS_442,Karratha
way/583492111-220,wof-AUS_443,Karratha
way/583492111-220,wof-AUS_444,Karratha
way/583492111-220,wof-AUS_445,Karratha
way/583492111-220,wof-AUS_446,Karratha
way/583492111-220,wof-AUS_447,Karratha
way/583492111-220,wof-AUS_448,Karratha
way/583492111-220,wof-AUS_449,Karratha
way/223939702-220,wof-AUS_459,Merredin
AU51-220,wof-AUS_460,Kalgoorlie
way/583492111-220,wof-AUS_463,Karratha
way/583492111-220,wof-AUS_464,Karratha
way/583492111-220,wof-AUS_465,Karratha
way/583492111-220,wof-AUS_466,Karratha
way/583492111-220,wof-AUS_467,Karratha
way/583492111-220,wof-AUS_468,Karratha
way/583492111-220,wof-AUS_469,Karratha
way/583492111-220,wof-AUS_470,Karratha
way/583492111-220,wof-AUS_471,Karratha
way/583492111-220,wof-AUS_472,Karratha
way/583492111-220,wof-AUS_474,Karratha
way/583492111-220,wof-AUS_475,Karratha
AU51-220,wof-AUS_482,Kalgoorlie
AU51-220,wof-AUS_483,Kalgoorlie
AU51-220,wof-AUS_484,Kalgoorlie
way/583492111-220,wof-AUS_486,Karratha
way/583492111-220,wof-AUS_487,Karratha
way/583492111-220,wof-AUS_488,Karratha
way/583492111-220,wof-AUS_490,Karratha
way/583492111-220,wof-AUS_491,Karratha
way/583492111-220,wof-AUS_492,Karratha
way/583492111-220,wof-AUS_495,Karratha
way/583492111-220,wof-AUS_496,Karratha
way/583492111-220,wof-AUS_497,Karratha
way/583492111-220,wof-AUS_498,Karratha
AU51-220,wof-AUS_505,Kalgoorlie
AU51-220,wof-AUS_506,Kalgoorlie
AU51-220,wof-AUS_507,Kalgoorlie
way/583492111-220,wof-AUS_509,Karratha
way/583492111-220,wof-AUS_510,Karratha
way/583492111-220,wof-AUS_511,Karratha
way/583492111-220,wof-AUS_515,Karratha
way/583492111-220,wof-AUS_516,Karratha
way/583492111-220,wof-AUS_517,Karratha
way/583492111-220,wof-AUS_518,Karratha
way/583492111-220,wof-AUS_519,Karratha
AU51-220,wof-AUS_526,Kalgoorlie
AU51-220,wof-AUS_527,Kalgoorlie
AU51-220,wof-AUS_528,Kalgoorlie
AU51-220,wof-AUS_529,Kalgoorlie
way/583492111-220,wof-AUS_535,Karratha
way/583492111-220,wof-AUS_536,Karratha
way/583492111-220,wof-AUS_541,Karratha
way/583492111-220,wof-AUS_542,Karratha
way/583492111-220,wof-AUS_543,Karratha
way/583492111-220,wof-AUS_544,Karratha
AU51-220,wof-AUS_552,Kalgoorlie
AU51-220,wof-AUS_553,Kalgoorlie
AU51-220,wof-AUS_554,Kalgoorlie
AU51-220,wof-AUS_555,Kalgoorlie
way/583492111-220,wof-AUS_557,Karratha
way/583492111-220,wof-AUS_558,Karratha
way/583492111-220,wof-AUS_559,Karratha
way/583492111-220,wof-AUS_560,Karratha
way/583492111-220,wof-AUS_563,Karratha
way/583492111-220,wof-AUS_564,Karratha
way/583492111-220,wof-AUS_565,Karratha
way/583492111-220,wof-AUS_566,Karratha
way/583492111-220,wof-AUS_567,Karratha
AU51-220,wof-AUS_576,Kalgoorlie
AU51-220,wof-AUS_577,Kalgoorlie
AU51-220,wof-AUS_578,Kalgoorlie
AU51-220,wof-AUS_579,Kalgoorlie
way/583492111-220,wof-AUS_585,Karratha
way/583492111-220,wof-AUS_586,Karratha
way/583492111-220,wof-AUS_587,Karratha
way/583492111-220,wof-AUS_588,Karratha
way/583492111-220,wof-AUS_589,Karratha
way/583492111-220,wof-AUS_590,Karratha
way/583492111-220,wof-AUS_591,Karratha
AU51-220,wof-AUS_599,Kalgoorlie
AU51-220,wof-AUS_600,Kalgoorlie
AU51-220,wof-AUS_601,Kalgoorlie
AU51-220,wof-AUS_602,Kalgoorlie
way/583492111-220,wof-AUS_604,Karratha
way/583492111-220,wof-AUS_605,Karratha
way/583492111-220,wof-AUS_606,Karratha
way/583492111-220,wof-AUS_607,Karratha
way/583492111-220,wof-AUS_608,Karratha
way/583492111-220,wof-AUS_609,Karratha
way/583492111-220,wof-AUS_610,Karratha
AU51-220,wof-AUS_618,Kalgoorlie
AU51-220,wof-AUS_619,Kalgoorlie
AU51-220,wof-AUS_620,Kalgoorlie
AU51-220,wof-AUS_621,Kalgoorlie
way/583492111-220,wof-AUS_624,Karratha
way/583492111-220,wof-AUS_625,Karratha
way/583492111-220,wof-AUS_626,Karratha
way/583492111-220,wof-AUS_627,Karratha
way/583492111-220,wof-AUS_628,Karratha
AU51-220,wof-AUS_636,Kalgoorlie
AU51-220,wof-AUS_637,Kalgoorlie
AU51-220,wof-AUS_638,Kalgoorlie
way/583492111-220,wof-AUS_641,Karratha
way/583492111-220,wof-AUS_642,Karratha
way/583492111-220,wof-AUS_643,Karratha
way/583492111-220,wof-AUS_644,Karratha
way/583492111-220,wof-AUS_645,Karratha
way/583492111-220,wof-AUS_646,Karratha
way/583492111-220,wof-AUS_647,Karratha
AU51-220,wof-AUS_656,Kalgoorlie
AU51-220,wof-AUS_657,Kalgoorlie
AU51-220,wof-AUS_658,Kalgoorlie
way/229759860-220,wof-AUS_662,
way/229759860-220,wof-AUS_663,
way/229759860-220,wof-AUS_664,
way/229759860-220,wof-AUS_665,
way/229759860-220,wof-AUS_666,
way/229759860-220,wof-AUS_667,
way/229759860-220,wof-AUS_673,
way/164764363-275,wof-AUS_678,Davenport
way/164764363-275,wof-AUS_679,Davenport
way/164764363-275,wof-AUS_680,Davenport
way/164764363-275,wof-AUS_681,Davenport
way/164764363-275,wof-AUS_682,Davenport
way/229759860-220,wof-AUS_683,
way/229759860-220,wof-AUS_684,
way/229759860-220,wof-AUS_685,
way/229759860-220,wof-AUS_686,
way/229759860-220,wof-AUS_687,
way/229759860-220,wof-AUS_688,
way/229759860-220,wof-AUS_689,
way/229759860-220,wof-AUS_692,
way/229759860-220,wof-AUS_693,
way/229759860-220,wof-AUS_694,
way/229759860-220,wof-AUS_695,
way/164764363-275,wof-AUS_700,Davenport
way/164764363-275,wof-AUS_701,Davenport
way/164764363-275,wof-AUS_702,Davenport
way/164764363-275,wof-AUS_703,Davenport
way/164764363-275,wof-AUS_704,Davenport
way/229759860-220,wof-AUS_707,
way/229759860-220,wof-AUS_714,
way/229759860-220,wof-AUS_715,
way/229759860-220,wof-AUS_716,
way/229759860-220,wof-AUS_717,
way/164764363-275,wof-AUS_724,Davenport
way/164764363-275,wof-AUS_725,Davenport
way/164764363-275,wof-AUS_726,Davenport
way/164764363-275,wof-AUS_727,Davenport
way/164764363-275,wof-AUS_728,Davenport
way/164764363-275,wof-AUS_729,Davenport
way/229759860-220,wof-AUS_733,
way/229759860-220,wof-AUS_735,
way/229759860-220,wof-AUS_736,
way/229759860-220,wof-AUS_737,
way/229759860-220,wof-AUS_738,
way/164764363-275,wof-AUS_746,Davenport
way/164764363-275,wof-AUS_747,Davenport
way/164764363-275,wof-AUS_748,Davenport
way/164764363-275,wof-AUS_749,Davenport
way/164764363-275,wof-AUS_750,Davenport
way/164764363-275,wof-AUS_751,Davenport
way/164764363-275,wof-AUS_752,Davenport
way/229759860-220,wof-AUS_756,
way/229759860-220,wof-AUS_757,
way/229759860-220,wof-AUS_758,
way/229759860-220,wof-AUS_759,
way/229759860-220,wof-AUS_760,
way/229759860-220,wof-AUS_761,
way/164764363-275,wof-AUS_769,Davenport
way/164764363-275,wof-AUS_770,Davenport
way/164764363-275,wof-AUS_771,Davenport
way/164764363-275,wof-AUS_772,Davenport
way/164764363-275,wof-AUS_773,Davenport
way/164764363-275,wof-AUS_774,Davenport
way/164764363-275,wof-AUS_775,Davenport
way/229759860-220,wof-AUS_780,
way/229759860-220,wof-AUS_781,
way/229759860-220,wof-AUS_782,
way/229759860-220,wof-AUS_783,
way/229759860-220,wof-AUS_784,
way/164764363-275,wof-AUS_793,Davenport
way/164764363-275,wof-AUS_794,Davenport
way/164764363-275,wof-AUS_795,Davenport
way/164764363-275,wof-AUS_796,Davenport
way/164764363-275,wof-AUS_797,Davenport
way/164764363-275,wof-AUS_798,Davenport
way/164764363-275,wof-AUS_799,Davenport
way/229759860-220,wof-AUS_802,
way/229759860-220,wof-AUS_803,
way/229759860-220,wof-AUS_804,
way/229759860-220,wof-AUS_805,
way/229759860-220,wof-AUS_806,
way/164764363-275,wof-AUS_815,Davenport
way/164764363-275,wof-AUS_816,Davenport
way/164764363-275,wof-AUS_817,Davenport
way/164764363-275,wof-AUS_818,Davenport
way/164764363-275,wof-AUS_819,Davenport
way/164764363-275,wof-AUS_820,Davenport
way/164764363-275,wof-AUS_821,Davenport
way/229759860-220,wof-AUS_825,
way/229759860-220,wof-AUS_826,
way/229759860-220,wof-AUS_827,
way/229759860-220,wof-AUS_828,
way/229759860-220,wof-AUS_829,
way/172362099-275,wof-AUS_838,Para
way/164775125-275,wof-AUS_839,Robertstown
way/164764363-275,wof-AUS_840,Davenport
way/164764363-275,wof-AUS_841,Davenport
way/164764363-275,wof-AUS_842,Davenport
way/164764363-275,wof-AUS_843,Davenport
way/164764363-275,wof-AUS_844,Davenport
way/229759860-220,wof-AUS_849,
way/229759860-220,wof-AUS_850,
way/229759860-220,wof-AUS_851,
way/229759860-220,wof-AUS_852,
way/229759860-220,wof-AUS_853,
way/172362099-275,wof-AUS_860,Para
way/172362099-275,wof-AUS_861,Para
way/172362099-275,wof-AUS_862,Para
way/172362099-275,wof-AUS_863,Para
way/164775125-275,wof-AUS_864,Robertstown
way/229759860-220,wof-AUS_873,
way/229759860-220,wof-AUS_875,
way/229759860-220,wof-AUS_876,
way/229759860-220,wof-AUS_877,
way/229759860-220,wof-AUS_878,
way/229759860-220,wof-AUS_879,
way/172362099-275,wof-AUS_887,Para
way/172362099-275,wof-AUS_888,Para
way/172362099-275,wof-AUS_889,Para
way/172362099-275,wof-AUS_890,Para
way/164775125-275,wof-AUS_891,Robertstown
way/229759860-220,wof-AUS_900,
way/229759860-220,wof-AUS_903,
way/229759860-220,wof-AUS_904,
way/229759860-220,wof-AUS_905,
way/229759860-220,wof-AUS_906,
way/229759860-220,wof-AUS_907,
way/229759860-220,wof-AUS_908,
way/229759860-220,wof-AUS_909,
way/229759860-220,wof-AUS_910,
way/172362099-275,wof-AUS_919,Para
way/172362099-275,wof-AUS_920,Para
way/172362099-275,wof-AUS_921,Para
way/172362099-275,wof-AUS_922,Para
way/229759860-220,wof-AUS_933,
way/229759860-220,wof-AUS_934,
way/229759860-220,wof-AUS_935,
way/229759860-220,wof-AUS_936,
way/229759860-220,wof-AUS_937,
way/229759860-220,wof-AUS_938,
way/229759860-220,wof-AUS_939,
way/229759860-220,wof-AUS_940,
way/229759860-220,wof-AUS_941,
way/229759860-220,wof-AUS_942,
way/229759860-220,wof-AUS_943,
way/229759860-220,wof-AUS_944,
way/229759860-220,wof-AUS_945,
way/172362099-275,wof-AUS_955,Para
way/172362099-275,wof-AUS_956,Para
way/172362099-275,wof-AUS_957,Para
way/172362099-275,wof-AUS_958,Para
way/164764363-275,wof-AUS_965,Davenport
way/229759860-220,wof-AUS_969,
way/229759860-220,wof-AUS_970,
way/229759860-220,wof-AUS_971,
way/229759860-220,wof-AUS_972,
way/229759860-220,wof-AUS_973,
way/229759860-220,wof-AUS_974,
way/229759860-220,wof-AUS_975,
way/229759860-220,wof-AUS_976,
way/229759860-220,wof-AUS_977,
way/229759860-220,wof-AUS_978,
way/229759860-220,wof-AUS_979,
way/229759860-220,wof-AUS_980,
way/229759860-220,wof-AUS_981,
way/312550977-500,wof-AUS_990,Tarrone
way/312550977-500,wof-AUS_991,Tarrone
way/172362099-275,wof-AUS_992,Para
way/172362099-275,wof-AUS_993,Para
way/172362099-275,wof-AUS_994,Para
way/229759860-220,wof-AUS_1000,
way/229759860-220,wof-AUS_1001,
way/229759860-220,wof-AUS_1002,
way/229759860-220,wof-AUS_1003,
way/229759860-220,wof-AUS_1004,
way/229759860-220,wof-AUS_1005,
way/229759860-220,wof-AUS_1006,
way/229759860-220,wof-AUS_1007,
way/229759860-220,wof-AUS_1008,
way/229759860-220,wof-AUS_1009,
way/229759860-220,wof-AUS_1012,
way/312550977-500,wof-AUS_1022,Tarrone
way/312550977-500,wof-AUS_1023,Tarrone
way/312550977-500,wof-AUS_1024,Tarrone
way/312550977-500,wof-AUS_1025,Tarrone
way/172362099-275,wof-AUS_1027,Para
way/229759860-220,wof-AUS_1033,
way/229759860-220,wof-AUS_1034,
way/229759860-220,wof-AUS_1035,
way/229759860-220,wof-AUS_1036,
way/229759860-220,wof-AUS_1037,
way/229759860-220,wof-AUS_1038,
way/229759860-220,wof-AUS_1039,
way/229759860-220,wof-AUS_1040,
way/229759860-220,wof-AUS_1041,
way/229759860-220,wof-AUS_1042,
way/229759860-220,wof-AUS_1043,
way/229759860-220,wof-AUS_1044,
way/312550977-500,wof-AUS_1057,Tarrone
way/312550977-500,wof-AUS_1058,Tarrone
way/229759860-220,wof-AUS_1062,
way/229759860-220,wof-AUS_1066,
way/229759860-220,wof-AUS_1067,
way/229759860-220,wof-AUS_1068,
way/229759860-220,wof-AUS_1069,
way/229759860-220,wof-AUS_1070,
way/229759860-220,wof-AUS_1071,
way/229759860-220,wof-AUS_1072,
way/196583889-275,wof-AUS_1073,Chalumbin
way/196583889-275,wof-AUS_1074,Chalumbin
way/196583889-275,wof-AUS_1075,Chalumbin
way/196583889-275,wof-AUS_1076,Chalumbin
way/312550977-500,wof-AUS_1092,Tarrone
way/196583889-275,wof-AUS_1104,Chalumbin
way/196583889-275,wof-AUS_1105,Chalumbin
way/196583889-275,wof-AUS_1106,Chalumbin
way/196583889-275,wof-AUS_1107,Chalumbin
way/312550977-500,wof-AUS_1126,Tarrone
way/312550977-500,wof-AUS_1127,Tarrone
way/312550977-500,wof-AUS_1128,Tarrone
way/88191017-220,wof-AUS_1150,Sheffield
way/312550977-500,wof-AUS_1151,Tarrone
way/312550977-500,wof-AUS_1152,Tarrone
way/312550977-500,wof-AUS_1153,Tarrone
way/312550977-500,wof-AUS_1154,Tarrone
way/312550977-500,wof-AUS_1155,Tarrone
way/196583889-275,wof-AUS_1158,Chalumbin
way/196583889-275,wof-AUS_1159,Chalumbin
way/196583889-275,wof-AUS_1162,Chalumbin
way/196583889-275,wof-AUS_1163,Chalumbin
way/196583889-275,wof-AUS_1164,Chalumbin
way/88191017-220,wof-AUS_1177,Sheffield
way/88191017-220,wof-AUS_1178,Sheffield
way/88191017-220,wof-AUS_1179,Sheffield
way/64943050-500,wof-AUS_1180,SouthMorang
way/64943050-500,wof-AUS_1181,SouthMorang
way/64943050-500,wof-AUS_1182,SouthMorang
way/89180086-220,wof-AUS_1183,Ballarat
way/196583889-275,wof-AUS_1186,Chalumbin
way/196583889-275,wof-AUS_1187,Chalumbin
way/196583889-275,wof-AUS_1188,Chalumbin
way/196583889-275,wof-AUS_1189,Chalumbin
way/196583889-275,wof-AUS_1190,Chalumbin
way/196583889-275,wof-AUS_1191,Chalumbin
way/196583889-275,wof-AUS_1192,Chalumbin
way/196583889-275,wof-AUS_1193,Chalumbin
way/196583889-275,wof-AUS_1194,Chalumbin
way/196583889-275,wof-AUS_1195,Chalumbin
way/196583889-275,wof-AUS_1196,Chalumbin
way/88191017-220,wof-AUS_1206,Sheffield
way/88191017-220,wof-AUS_1207,Sheffield
way/88191017-220,wof-AUS_1208,Sheffield
way/88191017-220,wof-AUS_1210,Sheffield
way/88191017-220,wof-AUS_1211,Sheffield
way/88191017-220,wof-AUS_1212,Sheffield
way/570175005-220,wof-AUS_1213,Rowville
way/570175005-220,wof-AUS_1214,Rowville
way/570175005-220,wof-AUS_1215,Rowville
way/64943050-500,wof-AUS_1216,SouthMorang
way/196583889-275,wof-AUS_1220,Chalumbin
way/196583889-275,wof-AUS_1221,Chalumbin
way/196583889-275,wof-AUS_1228,Chalumbin
way/196583889-275,wof-AUS_1229,Chalumbin
way/196583889-275,wof-AUS_1230,Chalumbin
way/174441055-220,wof-AUS_1238,Palmerston
way/174441055-220,wof-AUS_1239,Palmerston
way/174441055-220,wof-AUS_1240,Palmerston
way/88191017-220,wof-AUS_1241,Sheffield
way/88191017-220,wof-AUS_1245,Sheffield
way/88191017-220,wof-AUS_1246,Sheffield
way/88191017-220,wof-AUS_1247,Sheffield
way/570175005-220,wof-AUS_1248,Rowville
way/570175005-220,wof-AUS_1249,Rowville
way/196583889-275,wof-AUS_1253,Chalumbin
way/196583889-275,wof-AUS_1254,Chalumbin
way/196583889-275,wof-AUS_1255,Chalumbin
way/196583889-275,wof-AUS_1256,Chalumbin
way/196583889-275,wof-AUS_1257,Chalumbin
way/196583889-275,wof-AUS_1258,Chalumbin
way/196583889-275,wof-AUS_1266,Chalumbin
way/196583889-275,wof-AUS_1267,Chalumbin
way/174441055-220,wof-AUS_1274,Palmerston
way/174441055-220,wof-AUS_1275,Palmerston
way/174441055-220,wof-AUS_1276,Palmerston
way/88191017-220,wof-AUS_1279,Sheffield
way/88191017-220,wof-AUS_1280,Sheffield
way/88191017-220,wof-AUS_1281,Sheffield
way/570175005-220,wof-AUS_1282,Rowville
way/480009927-500,wof-AUS_1283,Hazelwood
way/480009927-500,wof-AUS_1284,Hazelwood
way/196583889-275,wof-AUS_1287,Chalumbin
way/196583889-275,wof-AUS_1288,Chalumbin
way/196583889-275,wof-AUS_1289,Chalumbin
way/196583889-275,wof-AUS_1290,Chalumbin
way/196583889-275,wof-AUS_1291,Chalumbin
way/196583889-275,wof-AUS_1292,Chalumbin
way/196583889-275,wof-AUS_1296,Chalumbin
way/196583889-275,wof-AUS_1297,Chalumbin
way/174441055-220,wof-AUS_1309,Palmerston
way/174441055-220,wof-AUS_1310,Palmerston
way/174441055-220,wof-AUS_1311,Palmerston
way/88191017-220,wof-AUS_1315,Sheffield
way/88191017-220,wof-AUS_1316,Sheffield
way/88191017-220,wof-AUS_1317,Sheffield
way/480009927-500,wof-AUS_1318,Hazelwood
way/480009927-500,wof-AUS_1319,Hazelwood
way/480009927-500,wof-AUS_1320,Hazelwood
way/480009927-500,wof-AUS_1321,Hazelwood
way/171744075-275,wof-AUS_1324,Strathmore
way/171744075-275,wof-AUS_1325,Strathmore
way/196583889-275,wof-AUS_1326,Chalumbin
way/196583889-275,wof-AUS_1327,Chalumbin
way/196583889-275,wof-AUS_1328,Chalumbin
way/196583889-275,wof-AUS_1329,Chalumbin
way/196583889-275,wof-AUS_1331,Chalumbin
way/196583889-275,wof-AUS_1334,Chalumbin
way/196583889-275,wof-AUS_1335,Chalumbin
way/174441055-220,wof-AUS_1346,Palmerston
way/174441055-220,wof-AUS_1347,Palmerston
way/174441055-220,wof-AUS_1348,Palmerston
way/174441055-220,wof-AUS_1349,Palmerston
way/174441055-220,wof-AUS_1350,Palmerston
way/88191017-220,wof-AUS_1353,Sheffield
way/88191017-220,wof-AUS_1354,Sheffield
way/88191017-220,wof-AUS_1355,Sheffield
way/480009927-500,wof-AUS_1356,Hazelwood
way/480009927-500,wof-AUS_1357,Hazelwood
way/480009927-500,wof-AUS_1358,Hazelwood
way/480009927-500,wof-AUS_1359,Hazelwood
way/171744075-275,wof-AUS_1362,Strathmore
way/171744075-275,wof-AUS_1363,Strathmore
way/171744075-275,wof-AUS_1364,Strathmore
way/171744075-275,wof-AUS_1365,Strathmore
way/171744075-275,wof-AUS_1366,Strathmore
way/196583889-275,wof-AUS_1367,Chalumbin
way/196583889-275,wof-AUS_1368,Chalumbin
way/196583889-275,wof-AUS_1369,Chalumbin
way/196583889-275,wof-AUS_1370,Chalumbin
way/196583889-275,wof-AUS_1371,Chalumbin
way/174441055-220,wof-AUS_1387,Palmerston
way/174441055-220,wof-AUS_1388,Palmerston
way/174441055-220,wof-AUS_1389,Palmerston
way/174441055-220,wof-AUS_1390,Palmerston
way/174441055-220,wof-AUS_1391,Palmerston
way/174441055-220,wof-AUS_1392,Palmerston
way/88191017-220,wof-AUS_1393,Sheffield
way/88191017-220,wof-AUS_1394,Sheffield
way/480009927-500,wof-AUS_1395,Hazelwood
way/480009927-500,wof-AUS_1396,Hazelwood
way/480009927-500,wof-AUS_1397,Hazelwood
way/174875093-330,wof-AUS_1398,Murray
way/174875093-330,wof-AUS_1399,Murray
way/166113109-275,wof-AUS_1400,Nebo
way/166113109-275,wof-AUS_1401,Nebo
way/171744075-275,wof-AUS_1402,Strathmore
way/171744075-275,wof-AUS_1403,Strathmore
way/171744075-275,wof-AUS_1404,Strathmore
way/171744075-275,wof-AUS_1405,Strathmore
way/171744075-275,wof-AUS_1406,Strathmore
way/171744075-275,wof-AUS_1407,Strathmore
way/171744075-275,wof-AUS_1408,Strathmore
way/196583889-275,wof-AUS_1409,Chalumbin
way/196583889-275,wof-AUS_1410,Chalumbin
way/196583889-275,wof-AUS_1411,Chalumbin
way/196583889-275,wof-AUS_1412,Chalumbin
way/196583889-275,wof-AUS_1413,Chalumbin
way/174875093-330,wof-AUS_1436,Murray
way/174875093-330,wof-AUS_1437,Murray
way/174875093-330,wof-AUS_1438,Murray
way/166113109-275,wof-AUS_1444,Nebo
way/166113109-275,wof-AUS_1445,Nebo
way/166113109-275,wof-AUS_1446,Nebo
way/171744075-275,wof-AUS_1447,Strathmore
way/171744075-275,wof-AUS_1448,Strathmore
way/171744075-275,wof-AUS_1449,Strathmore
way/171744075-275,wof-AUS_1450,Strathmore
way/171744075-275,wof-AUS_1451,Strathmore
way/171744075-275,wof-AUS_1452,Strathmore
way/171744075-275,wof-AUS_1453,Strathmore
way/196583889-275,wof-AUS_1454,Chalumbin
way/196583889-275,wof-AUS_1455,Chalumbin
way/196583889-275,wof-AUS_1456,Chalumbin
way/655511604-330,wof-AUS_1481,Canberra
way/655511604-330,wof-AUS_1482,Canberra
way/655511604-330,wof-AUS_1483,Canberra
way/655511604-330,wof-AUS_1484,Canberra
way/655511604-330,wof-AUS_1485,Canberra
way/655511604-330,wof-AUS_1486,Canberra
way/925410265-330,wof-AUS_1487,SydneyWest
way/121646942-275,wof-AUS_1491,Broadsound
way/121646942-275,wof-AUS_1492,Broadsound
way/121646942-275,wof-AUS_1493,Broadsound
way/166113109-275,wof-AUS_1494,Nebo
way/166113109-275,wof-AUS_1495,Nebo
way/166113109-275,wof-AUS_1496,Nebo
way/166113109-275,wof-AUS_1497,Nebo
way/171744075-275,wof-AUS_1498,Strathmore
way/171744075-275,wof-AUS_1499,Strathmore
way/171744075-275,wof-AUS_1500,Strathmore
way/171744075-275,wof-AUS_1501,Strathmore
way/171744075-275,wof-AUS_1502,Strathmore
way/171744075-275,wof-AUS_1503,Strathmore
way/196583889-275,wof-AUS_1504,Chalumbin
way/196583889-275,wof-AUS_1505,Chalumbin
way/196583889-275,wof-AUS_1506,Chalumbin
way/925410265-330,wof-AUS_1534,SydneyWest
way/925410265-330,wof-AUS_1535,SydneyWest
way/925410265-330,wof-AUS_1536,SydneyWest
way/171486427-275,wof-AUS_1544,Bouldercombe
way/171486427-275,wof-AUS_1545,Bouldercombe
way/171486427-275,wof-AUS_1546,Bouldercombe
way/171486427-275,wof-AUS_1547,Bouldercombe
way/121646942-275,wof-AUS_1548,Broadsound
way/166113109-275,wof-AUS_1549,Nebo
way/166113109-275,wof-AUS_1550,Nebo
way/166113109-275,wof-AUS_1551,Nebo
way/166113109-275,wof-AUS_1552,Nebo
way/171744075-275,wof-AUS_1553,Strathmore
way/171744075-275,wof-AUS_1555,Strathmore
way/171744075-275,wof-AUS_1556,Strathmore
way/171744075-275,wof-AUS_1557,Strathmore
way/171744075-275,wof-AUS_1558,Strathmore
way/196583889-275,wof-AUS_1559,Chalumbin
way/925410265-330,wof-AUS_1588,SydneyWest
way/925410265-330,wof-AUS_1589,SydneyWest
AU73-330,wof-AUS_1590,CentralCoast
way/432510474-275,wof-AUS_1595,CalliopeRiver
way/432510474-275,wof-AUS_1596,CalliopeRiver
way/432510474-275,wof-AUS_1597,CalliopeRiver
way/432510474-275,wof-AUS_1598,CalliopeRiver
way/432510474-275,wof-AUS_1599,CalliopeRiver
way/432510474-275,wof-AUS_1600,CalliopeRiver
way/171486427-275,wof-AUS_1601,Bouldercombe
way/171486427-275,wof-AUS_1602,Bouldercombe
way/166113109-275,wof-AUS_1603,Nebo
way/166113109-275,wof-AUS_1604,Nebo
way/171744075-275,wof-AUS_1608,Strathmore
way/171744075-275,wof-AUS_1609,Strathmore
way/171744075-275,wof-AUS_1610,Strathmore
way/171744075-275,wof-AUS_1611,Strathmore
way/171744075-275,wof-AUS_1612,Strathmore
AU73-330,wof-AUS_1642,CentralCoast
AU73-330,wof-AUS_1643,CentralCoast
AU73-330,wof-AUS_1644,CentralCoast
AU73-330,wof-AUS_1645,CentralCoast
way/160201298-330,wof-AUS_1646,Armidale
way/160201298-330,wof-AUS_1647,Armidale
way/171728751-275,wof-AUS_1656,GinGin
way/171728751-275,wof-AUS_1657,GinGin
way/432510474-275,wof-AUS_1658,CalliopeRiver
way/432510474-275,wof-AUS_1659,CalliopeRiver
way/432510474-275,wof-AUS_1660,CalliopeRiver
way/432510474-275,wof-AUS_1661,CalliopeRiver
way/432510474-275,wof-AUS_1662,CalliopeRiver
way/432510474-275,wof-AUS_1663,CalliopeRiver
way/432510474-275,wof-AUS_1664,CalliopeRiver
way/432510474-275,wof-AUS_1665,CalliopeRiver
way/432510474-275,wof-AUS_1666,CalliopeRiver
way/432510474-275,wof-AUS_1667,CalliopeRiver
AU73-330,wof-AUS_1696,CentralCoast
way/160201298-330,wof-AUS_1697,Armidale
way/160201298-330,wof-AUS_1698,Armidale
way/160201298-330,wof-AUS_1699,Armidale
way/160201298-330,wof-AUS_1700,Armidale
way/160201298-330,wof-AUS_1701,Armidale
way/170832455-275,wof-AUS_1702,Blackwall
way/170832455-275,wof-AUS_1704,Blackwall
way/170832455-275,wof-AUS_1706,Blackwall
way/170832455-275,wof-AUS_1707,Blackwall
way/170832455-275,wof-AUS_1708,Blackwall
way/170832455-275,wof-AUS_1709,Blackwall
way/170832455-275,wof-AUS_1710,Blackwall
way/170709510-275,wof-AUS_1711,Tarong
way/171728751-275,wof-AUS_1712,GinGin
way/171728751-275,wof-AUS_1713,GinGin
way/171728751-275,wof-AUS_1714,GinGin
way/171728751-275,wof-AUS_1715,GinGin
way/432510474-275,wof-AUS_1716,CalliopeRiver
way/432510474-275,wof-AUS_1717,CalliopeRiver
way/432510474-275,wof-AUS_1718,CalliopeRiver
way/432510474-275,wof-AUS_1719,CalliopeRiver
way/432510474-275,wof-AUS_1720,CalliopeRiver
way/432510474-275,wof-AUS_1721,CalliopeRiver
way/432510474-275,wof-AUS_1722,CalliopeRiver
way/432510474-275,wof-AUS_1723,CalliopeRiver
way/170832455-275,wof-AUS_1758,Blackwall
way/170832455-275,wof-AUS_1759,Blackwall
way/170832455-275,wof-AUS_1760,Blackwall
way/170832455-275,wof-AUS_1761,Blackwall
way/170832455-275,wof-AUS_1763,Blackwall
way/170832455-275,wof-AUS_1764,Blackwall
way/171728751-275,wof-AUS_1769,GinGin
way/171728751-275,wof-AUS_1770,GinGin
way/432510474-275,wof-AUS_1771,CalliopeRiver
way/432510474-275,wof-AUS_1772,CalliopeRiver
way/432510474-275,wof-AUS_1773,CalliopeRiver
way/432510474-275,wof-AUS_1774,CalliopeRiver
way/432510474-275,wof-AUS_1775,CalliopeRiver
way/432510474-275,wof-AUS_1776,CalliopeRiver
way/170832455-275,wof-AUS_1806,Blackwall
way/170832455-275,wof-AUS_1807,Blackwall
way/170832455-275,wof-AUS_1808,Blackwall
way/170832455-275,wof-AUS_1809,Blackwall
way/170832455-275,wof-AUS_1812,Blackwall
way/170832455-275,wof-AUS_1813,Blackwall
way/170832455-275,wof-AUS_1814,Blackwall
way/170832455-275,wof-AUS_1815,Blackwall
way/171728751-275,wof-AUS_1818,GinGin
way/432510474-275,wof-AUS_1820,CalliopeRiver
way/432510474-275,wof-AUS_1828,CalliopeRiver
way/432510474-275,wof-AUS_1829,CalliopeRiver
way/432510474-275,wof-AUS_1830,CalliopeRiver
way/170832455-275,wof-AUS_1852,Blackwall
way/170832455-275,wof-AUS_1853,Blackwall
way/170832455-275,wof-AUS_1854,Blackwall
way/171728751-275,wof-AUS_1864,GinGin
way/171728751-275,wof-AUS_1866,GinGin
way/432510474-275,wof-AUS_1867,CalliopeRiver
way/432510474-275,wof-AUS_1868,CalliopeRiver
way/432510474-275,wof-AUS_1869,CalliopeRiver
way/432510474-275,wof-AUS_1877,CalliopeRiver
way/171728751-275,wof-AUS_1913,GinGin
way/432510474-275,wof-AUS_1914,CalliopeRiver
way/432510474-275,wof-AUS_1915,CalliopeRiver
way/432510474-275,wof-AUS_1961,CalliopeRiver
way/160201298-330,wof-AUS_2010,Armidale
way/160201298-330,wof-AUS_2011,Armidale
way/170832455-275,wof-AUS_2014,Blackwall
